x	y
0.961740731680226	1.6548237385051
0.359619180238174	0.403792604356078
0.769233035124921	1.03338157811389
0.390231135077601	0.483311235673391
0.626605617539691	0.81620284129337
0.693719367553583	0.944578663919311
0.219760277215736	0.214987549615338
0.14627855244485	0.113681819870374
-0.519042026104719	0.672051684397986
0.24393845554407	0.220143232423097
0.237443640084384	0.243553354792688
0.57670645923882	0.774036706749806
0.00441504990827365	0.00417421472634949
-0.813204120756446	1.16427254707944
-0.0895858078977116	0.0765508441275977
0.239695390939404	0.238068104753159
0.695063593562042	0.83744387370781
0.46758743845599	0.589254444211789
0.296806156498888	0.326099758857916
0.103092003733874	0.0886598524384285
0.0799458791336385	0.062863604403716
0.234505515440623	0.173170639512395
-0.0512703126047176	0.0445283153387667
0.442163550503694	0.476352628915504
0.242521908955242	0.23973148067863
-0.00902737304914101	0.00730230740116971
0.242610021761834	0.222098323879179
0.161486984948206	0.131325507215828
-0.0234675171469271	0.0132246937936385
0.275278010311297	0.148078631127087
1.17320408182783	0.987500735453421
0.224998655614218	0.152932850538722
0.114630652014027	0.0723821818253888
0.132962251159183	0.0913394811915912
0.509236600870162	0.399229567315156
0.328354778578638	0.402986329477472
-0.0343624189856112	0.0330071202111618
-0.219332487583198	0.279673808429486
0.326336477715801	0.41163222212943
0.179574296177634	0.25011704436445
0.0213413028043143	0.0233431380030224
-0.0613072650924139	0.0691266744973375
0.15859270217203	0.192022755116609
-0.0992045356799572	0.111246274924617
0.273583057438438	0.366536017130673
0.261906000672251	0.34572350758182
0.68456099401256	1.39259010086829
0.320564097194702	0.405444401076965
0.533587785445652	0.906455543636415
0.103261497238542	0.118527909522415
0.331768259296315	0.415007288702913
0.482912198300156	0.745005535977325
0.105580458547616	0.137862635004121
0.13139108984954	0.17128594662001
0.322259567352301	0.454016714496183
0.00830805655494738	0.00935119467722274
0.457997761203858	0.877350822773513
0.0527952261551003	0.0697167146324583
0.276528530589139	0.455386125058013
-0.346452532374912	0.612730910669074
0.0876492833683587	0.107337928004944
0.105811260874319	0.118187245479569
0.348884572822441	0.577781514848634
0.457482245307454	0.718645000317498
0.874363116050628	1.41881242258683
-0.0737800690152267	0.0708582056205574
0.512406962350391	0.725482042195835
0.341889619461205	0.371024403627508
-0.0602036365113099	0.0553089433034143
0.229557793705216	0.196197958669313
0.784422417149059	0.783073597092604
0.154331267642548	0.121049743899167
0.146464387928323	0.181618716216668
0.21940712899459	0.326761830069816
0.0348410557284859	0.0390669970614644
0.551041271147596	0.917931774917952
0.299340752714644	0.417990008379443
0.53237051628065	1.04061546823894
-0.0204787489091144	0.0217625370254329
0.220135106253867	0.325609025040485
0.0215236449968349	0.021380760152326
-0.35719778776542	0.590730722007858
-0.371744867763738	0.596857139126396
-0.382973060816511	0.616539430710249
0.0586698264426335	0.0688435070318958
0.111185532151296	0.139876127106113
0.248961278444986	0.334735870002709
0.500829631302705	0.866739324248654
0.176736521880484	0.216215882165845
0.60802072817982	0.983551018492811
0.245292582118292	0.25185288775919
0.380168377772087	0.491882208194107
0.62094492208568	1.01872979547596
-0.320927763931365	0.312610466430005
0.147387498664689	0.110710276222945
0.509236600870162	0.399229567315156
0.23243779562524	0.189376666835409
0.231617047873288	0.238933850130547
1.27317310901167	1.41789094999413
0.10875595905021	0.153386207116355
-0.459905628421766	0.973657400787893
-0.120153122758669	0.144787531394748
-0.139522989194504	0.194648254886511
-0.420428660721762	0.812028453492759
0.165989108256671	0.239957235732282
-0.703940144833349	1.51861058032423
-0.419714176989846	0.910831887291118
-0.325770667736934	0.58612764425801
-0.0755113927766843	0.0932512587357216
0.03038295530116	0.0422050532982169
-0.301467297648376	0.519636173286241
-0.0406363074014224	0.0467853332098741
0.0507659276772632	0.0662497736201967
0.271068962743969	0.439811411127373
0.247382039432813	0.30686178864447
0.116531659853105	0.144784797337881
-0.330665501933496	0.456714844601204
-0.312295759732411	0.337299040991016
0.0703327669398177	0.0656082726224299
-0.380639916025893	0.390742747531207
-0.626900538923135	0.612267766761718
0.175771486291784	0.175971360873713
0.0189659525411979	0.0142752835719455
0.0978676503070961	0.0541726544432716
0.677635191344549	1.18080871893278
0.898818676039645	0.60332633766511
1.18537904355484	1.68353849858996
0.365937916313543	0.677432703405004
-0.19682652770914	0.285527175675377
-0.16642627089132	0.199053866707078
0.114800510450026	0.140506800553156
-0.239163830281965	0.352816467491046
0.0740644844775305	0.102174723080467
0.285673872261071	0.467203609308664
0.01602589259492	0.0208508266780943
-0.0357770197191179	0.0476329205714511
-0.0863892251473378	0.10993144049761
0.128681228027666	0.176713869974931
0.421459368844622	0.922932474612395
0.293813035532252	0.409393299042121
0.399652684431484	0.691073170802086
0.320809359383969	0.568036574125423
0.406501272478655	0.547536971243726
0.159693514112416	0.191258570343401
1.06916721406931	2.33019069470114
-0.0679619308764747	0.070927734403687
-0.0443760235567002	0.0394846447891337
-0.754404216031955	0.835907232220863
0.246601451888232	0.167074772627052
-0.0495492647752426	0.037650465224439
0.317610267701305	0.366567633111432
-0.00329874531144231	0.00325720738994269
0.700039681357524	1.60326519862849
-0.0403543784799874	0.0225050414065143
0.236176743231694	0.195720394901545
0.237702499249606	0.215727816160149
0.125403238831988	0.179136426625378
0.239544165769665	0.401061388806574
-0.149033201010097	0.193593805911444
0.309081621971428	0.574104214243427
-0.117117174381076	0.161982589374359
0.336774531917358	0.635890602499254
-0.381402065926577	0.693633195633839
0.113293189143661	0.185657280528594
0.0549166261529935	0.0800032110792719
0.297406594190026	0.488559758073703
0.360889590487872	0.622569546966387
0.468001540467674	1.06106591798989
0.348288124036991	0.615557129843811
-0.247052998307393	0.412298876976496
0.449135038257191	0.860032841115326
-0.199502576961657	0.2555114512395
-0.241495164051236	0.360332200799756
-0.273310924136649	0.406558407964495
-0.248151695661042	0.31759982847284
-0.174455012694856	0.181686484316531
0.40043369417211	0.394939722083194
0.240641016586187	0.185256980797668
0.138604943948192	0.150434929400024
0.00650997333643254	0.00645092880677642
-0.216507506148933	0.152899125261103
0.0644857581473715	0.0578778947304727
0.0134662436335347	0.0139081050107936
0.140231294651146	0.190069742617015
0.18711001331983	0.244398091114995
0.0287936668900867	0.0353559354002908
0.131586822746716	0.196668980636933
0.614703619157042	1.40178868947099
-0.0573102696441916	0.0297548516030572
0.385797142129816	0.156132490652696
0.281191077763832	0.151967282621634
-0.0056563004185511	0.00415301882245138
-0.0114264419602812	0.00807050208794657
0.477643656821197	0.384109693854639
0.223874436455893	0.369255771369266
0.0389864159029185	0.0467888527477631
-0.00541000443020582	0.00682130423211771
-0.391672399725489	0.735393156878807
0.289834977177002	0.50249458175103
0.299821375025303	0.504272055741905
0.03248297691144	0.0445025644486508
0.121574195204434	0.181838885851178
-0.280862036834131	0.463789599610151
-0.482167036308092	0.92275103041951
-0.00269368575210984	0.00311268887257566
-0.250171134066601	0.358404019433126
0.248971529173529	0.389366573409262
0.152071443493048	0.215559998732503
0.469973330064017	0.646603049606197
0.253825898194249	0.325219416003062
-0.217430256829325	0.286138960387771
0.342844261369997	0.394021657281768
0.233198935563783	0.23995752541159
1.18069046687521	1.47837778296345
0.113464629571103	0.153931287251681
0.228382740927483	0.27358055067914
0.494914226543698	0.595428623486455
0.590579670587517	0.407790550633275
0.132952746553214	0.122541010752795
-0.269572865055805	0.372873929541812
-0.205507158473071	0.295059126200884
0.300276428219634	0.468137157972705
0.0350116645236021	0.0465170964789065
0.0413733116923825	0.0532642894277506
0.490477881853164	0.276182401081579
0.655008730233374	0.417835587189257
0.0763412556536679	0.0555869269087719
-0.15277140565474	0.107821330455293
0.0160083196642865	0.0183461177155894
-0.248565898981637	0.381160050996222
0.10646001180202	0.15634589632052
0.0520934155545742	0.0620222143546838
0.204846212008017	0.346129511519719
-0.12340150556734	0.164711990544005
-0.198749317720707	0.341013174980889
0.585068106782674	1.38868527784088
-0.153257841182961	0.235414294269586
0.181775723964073	0.304110601115093
0.00811128258800658	0.0101215708504304
0.0572878640840207	0.0725414559603548
0.27995562834168	0.504603940161785
-0.00656821212934012	0.00749846259320037
0.0241849364755323	0.0251392010693189
0.19173594527132	0.225200228757446
0.375877561141051	0.55732932699283
0.778266670678237	1.3106273836286
0.238927983941473	0.237960445027498
0.83138544567234	1.1008348225707
0.784109862099043	0.673013465787341
0.221638827111588	0.345138047040604
0.786986805460064	1.62002073517256
0.308787309531277	0.348227375348369
0.0940140651072331	0.043096236751708
0.042284782663106	0.0348769869210343
-0.187206439895686	0.234301840183178
-0.580902938732206	1.12320010305858
-0.0420960902026958	0.0468763526240904
-0.114717094993993	0.0969446908331891
0.02954417075563	0.0196017721864135
0.219509718425251	0.320153044628636
0.138034556406287	0.191148484853503
0.780899693007472	1.76227370923455
-0.192819496188978	0.255594606607073
-0.370306012793399	0.648445697706339
0.465587606194982	0.856920516601774
-0.128957806580104	0.185760019888331
-0.0541985904720487	0.0691024712908401
0.32956012046533	0.501549640062945
-0.0157581727896072	0.018799764300553
-0.000610376961070605	0.000801480578364783
0.260724420368178	0.369555136051257
0.229142023730189	0.320048311310427
0.215271411226893	0.328691095894537
0.45127144987191	0.740108762479031
0.310004552985258	0.391668538621302
-0.0831661335512776	0.0850445653872476
-0.918467571425266	1.62901465106458
0.228547349115673	0.244436952292494
0.884603119941049	1.36678661359289
0.396182623439525	0.378535888778225
0.171345506697006	0.163944608767191
0.0560413012805375	0.047305163251586
-0.0809833730916603	0.0815442611124842
-0.623484781261959	1.31709625661466
0.0800355606875193	0.0968413095188334
0.121958599808891	0.154785324690487
0.167223530482477	0.244133970137031
0.979715437947953	1.47407683253697
0.228071446571347	0.164072178565426
0.109958693047015	0.0645758537195205
-0.147444440187636	0.105479540872428
-0.154222452510119	0.140397639726283
-0.226245450224691	0.239195176827693
-0.957885882023966	1.38421697099184
-0.0395865800949791	0.0457544687315335
0.406888083667854	0.733428749052843
0.0332978834855347	0.0418162622109813
0.248726040555742	0.394224495384411
0.0957603239316473	0.14124647532166
-0.188562394418811	0.270296421937124
-0.153252457967486	0.228920246528904
-0.180190639423965	0.264992425437981
-0.213500867866713	0.371366585563623
0.444512254359576	0.934353957090705
-0.408395087739231	0.828888567424171
-0.370169357747927	0.691852533511612
-0.0318806113162751	0.0422801603546453
0.0679649522310232	0.0843195399820071
0.451947171275306	0.840354238950707
0.161131653568677	0.214334933063731
0.0870931310263866	0.0924462745844455
-0.0592037864280986	0.0604536184424382
0.458923016989419	0.73411748310478
0.806399138826059	1.36336819896916
0.234596580537543	0.249461879941857
0.275190637510843	0.290788361614087
0.632165709233983	1.13369550393983
0.270559174680691	0.380498183909121
0.125283475290512	0.159561023736215
-0.172749373407735	0.254868819345201
-0.0227808303626073	0.0286858134517954
0.588708375799355	0.669805504374198
0.541951349856406	0.380639953966118
0.097920385788477	0.0289855038096373
0.0968303902546975	0.0497595580062475
-0.205809614360557	0.0751994593736149
-0.113814625938539	0.0510646736981961
0.232295566017015	0.168231424007531
0.440729614491992	0.375467935772444
-0.564132907214152	0.448158120844404
0.0369708845618707	0.0359022946864695
-0.79016833107502	1.74701892385051
0.0809320221349636	0.0806753935938457
0.182788208841209	0.244408602516584
-0.260572991611907	0.3531307050947
0.432539404935444	0.823636801527103
0.470428590940847	1.01788386299669
0.197497845280248	0.304645726584621
0.099611951999569	0.126993118671769
0.271884026780479	0.514577376166334
0.190606201577881	0.301979933700257
-0.117581351774753	0.15045328668908
-0.237595185616312	0.37152658630557
-0.256116934841462	0.409379068558762
0.311893696611963	0.525616479689941
0.103787549194892	0.134154887350171
-0.172676108453781	0.219226294405493
0.402970186434224	0.630695757035606
0.405847675806676	0.575553918734658
0.392242620721604	0.561985487665055
0.0964200946218216	0.0966154360173812
0.5629169130652	0.502566237874883
0.29783244416366	0.305354606877722
-0.0344900177958865	0.0427719246243262
-0.128918436001689	0.165323028348217
0.157070187707592	0.209465087620768
0.249247412252978	0.396260465968347
0.0722634212485278	0.0955388372790538
0.0718011259842984	0.0772372894054676
0.109924135785912	0.0594686470493569
0.100299843278835	0.0417345583178341
0.281775857480031	0.1504959591773
-0.785562730354612	0.284898206481168
0.103185006930197	0.0305707752832542
-0.139670353420219	0.088546884110423
-0.182177252848464	0.134230615050435
0.726201059794403	0.533941224255317
-0.303743529827028	0.369753241728515
0.424664571449977	0.727418525109336
0.241205916772261	0.358050864810791
0.54473596309564	1.00195666657829
0.101128414715774	0.126361011604514
-0.455718093836184	0.925424001668743
0.615663812261617	1.1972381664164
-0.757259417838897	1.55676638160088
-0.241472645335206	0.343069065767409
0.0408537179382009	0.0548242554641225
0.64270528878844	1.5427252520365
0.226169997126607	0.352544077463865
-0.182449886249101	0.249945575531645
-0.482363032595208	0.918675048125089
-0.277116198004881	0.407120742779843
0.581089468545209	1.18761631525371
-0.0934061655423686	0.111360460779249
0.564698345097105	0.923982893299335
0.224756233192759	0.270332614975767
0.0873902106532799	0.122129675926061
0.249203659580624	0.389643145039746
0.462892066559448	0.491190234478441
0.523962958381467	1.0435374880693
-0.00200119771536162	0.00214242395685434
-0.155545256899525	0.213942850325486
-0.0381839273224595	0.0488931054709262
-0.148121852573336	0.22617414549171
-0.354140980566792	0.465459998153214
0.255154216725104	0.34601466845901
0.486746287004018	0.686703594506249
0.949641348184813	1.5839316341299
0.239553115434675	0.227267805051841
-0.746841451027289	1.2811866370803
0.479412553178253	0.748454603577766
-0.128141136280395	0.14303623993729
-0.204383574264099	0.25090687343752
-0.334248111658023	0.598017325966375
-0.126412979782536	0.182360002352263
0.107200371671282	0.137037614669673
0.0517884304317101	0.0711752747638188
0.184843488601532	0.244998484031485
0.190048225632297	0.25768086614243
-0.255880185406739	0.353991801285887
0.149128634715479	0.177501336887473
0.28585010137177	0.44919645013693
0.78399294406188	1.5834095395897
0.489757746765051	0.75108082707916
0.539088351353381	0.97419050365677
-0.77061132662512	1.62854311656147
-0.0380224412862575	0.0408528653783806
-0.138922352443501	0.18025570415467
0.0173989952643033	0.017606648934116
0.124417177163028	0.154744624424697
0.0283377459489299	0.0291557172504566
0.60097478316077	1.0740252592835
0.392685885739578	0.60523237555016
0.16327484452983	0.230744711317183
0.308537417914284	0.419360574080237
0.0451142645150215	0.0486016143154464
0.0508669291130286	0.0754897485385967
-0.297522119441262	0.55578544952285
0.017610255514124	0.0212086510674734
0.151468257274947	0.185007434675591
0.252366354294704	0.353842788063616
0.0786747020636135	0.07614661825538
0.454780986767877	0.83594720085046
0.395024950998193	0.608446408437906
-0.143650337725607	0.182052163761772
0.263838130228742	0.353193620383653
-0.340341631926124	0.498609328502432
-0.0527573644905773	0.0647304906496168
0.769085128662372	0.843819896474205
0.10492925976396	0.0860418438681405
0.657846464268562	0.796381939542378
0.327992022474403	0.421578857928806
0.631897468373118	0.976090835023116
-0.0527728602125558	0.0554279880438131
0.140745927825403	0.196533884281146
0.188215888324628	0.261727351140506
-0.078572114676326	0.0967988120171125
0.225391994371907	0.321546752610518
0.0688191637196089	0.0830506614435236
0.406203145012101	0.770143929874887
0.582211151430291	1.15531076495741
0.0653017895512293	0.0751466482914553
0.224691336669428	0.29611793986236
0.431407051735867	0.725238536322876
-0.447829568311753	0.848467533038936
0.113230527868099	0.163272419467215
-0.128489689172916	0.139104669480646
0.584552204745485	1.02179694618301
-0.350592667776255	0.569883019125415
0.150741882872307	0.209594513520723
0.15084731114499	0.189185211948574
0.25922469843389	0.370984187728135
0.414753367738146	0.692106543142093
-0.531692066524548	0.970430071238222
0.0364067060818401	0.0350812355161742
-0.22994995680192	0.293472843792799
0.987102845182534	2.15939554549656
0.231236803749213	0.296762350617782
0.0779648350055017	0.0847492398411091
0.353107115888451	0.527399821317664
0.185725608868181	0.247884151509843
0.164890895047103	0.229598045130345
0.3000091053401	0.431553405351146
0.188364253007566	0.283554963435034
0.13612732452283	0.135919215747731
0.39381422766706	0.53318164271656
0.100196401348482	0.10777531084295
0.576789650226214	1.27131041081801
0.0476816399133217	0.0518922896023665
-0.148848721350275	0.177291370175756
0.0475864133496751	0.0539758261262358
-0.160012075192063	0.0662717997001122
0.407502818067841	0.270035463528192
0.761391261254977	0.321094987246915
0.232297528100769	0.176554659494458
1.09881273336335	1.65645414719444
-0.07176093184426	0.0488270629395223
0.537265113123475	0.956645482872086
0.0189191384147171	0.0188443708372175
-0.151750032040897	0.20765380503398
0.176690382677353	0.26460999817364
0.218350778187589	0.346542473542014
0.152533002944963	0.235232532242173
-0.0220688599083209	0.0219267412619492
0.323825868806239	0.537926447900361
0.135152968126473	0.199121986629939
0.133220972232107	0.205001083367157
-0.289027121265943	0.463764314723861
0.165331619548619	0.231918923808004
-0.121395851604682	0.170995697289896
0.0196069556449578	0.0214801426164632
0.257804550426518	0.4157460423125
0.16696418699263	0.247292436052202
-0.0392423425654029	0.0525294417513584
-0.0644763597123665	0.0809265890587188
-0.0379854998061489	0.0459666527287213
-0.592574906850215	1.15503939919872
0.262562374844159	0.435495415240564
0.771372018327305	1.8276400251333
0.121991040643259	0.164206608324894
-0.137403210715088	0.196090431545139
0.189120444807767	0.221105849958743
0.00366444765202747	0.00423453434335194
0.582438165781628	1.09425984689503
0.271451770178058	0.449501691597894
0.128885105520131	0.128707013975618
-0.0974744035270095	0.042872175073071
-0.400000246217747	0.483046588091362
0.117190757690202	0.139325792376403
0.0548247968135106	0.0662035068420624
0.464357590268483	0.992350913661835
0.411453485002134	0.641854037721795
-0.0654930008024971	0.0536208059747
0.997976461523899	1.01814362372799
1.84545515845208	1.4927334868722
0.389572467920816	0.158366184621759
1.21671291441724	0.652784038902297
0.554536686328488	0.485780110626111
0.209122918807658	0.265100150574027
-0.0829793394060324	0.0790325729551382
-0.0918402861735293	0.121538927956174
0.109795510128885	0.15294172781795
0.0847712263190223	0.109279003499821
0.486778469702645	0.914874839857991
0.227506706435542	0.186904873953474
0.0401457924642151	0.0378457412769795
0.132929216999082	0.185626060950043
-0.092942590075753	0.126686635322209
0.0676029873801047	0.0805336515979163
-0.12151441511074	0.154676550887754
0.620224579340585	1.45578601378744
-0.0164248305084034	0.0177865134914199
-0.0177327914168219	0.0218822990679736
0.117254712106044	0.157139486265076
0.337215677221784	0.633581181920175
0.21361517199125	0.336737038597432
0.289353440678738	0.510673142967562
-0.073010713421543	0.0873045849186825
0.478205711260769	0.859384722328166
0.82921369064315	1.80494060065737
0.34779816083797	0.546814744729226
0.107152057950986	0.130564178804116
0.218537693965668	0.226970601881076
0.0168949772069936	0.0147248785682009
0.524384725831753	1.08286470693053
-0.297532840239367	0.528331513452132
-0.0246287615757501	0.0333539117350857
0.0675757736306134	0.0836718450455552
0.327615222727354	0.604646747087779
1.10212472344256	2.21775515022752
0.121441522475944	0.120701205047899
-0.404195255571728	0.296231970418196
-0.219115262791828	0.186357832323688
0.173192164600721	0.194463353197652
0.399432500694824	0.578194308855657
0.116085599869775	0.108417208122172
0.449032481765212	0.269207397318507
-0.0472259252179839	0.0260666648579929
-0.844300260374374	0.471239901115459
0.331929739232322	0.148479481257662
0.209660654749105	0.269698668561384
-0.167717165713075	0.16047927059493
0.160951684247743	0.243829381002101
-0.150147284326637	0.229168244647273
0.16420568382061	0.134034811647061
0.0281258941110555	0.025941226525322
0.0252491353594672	0.0319762356533791
0.109395609292007	0.161463913705131
-0.134207693896227	0.175775007603396
0.459547114872157	0.911016078639038
-0.369001125710891	0.625644665600105
0.72560416337736	1.80307917599845
-0.11333542691576	0.157842537004702
-0.116192835736493	0.140826749826062
0.00373709788847315	0.00457921466140685
0.129604537575499	0.182767327299048
-0.471077434364269	0.937365542295289
-0.0387450547001851	0.050484467331602
0.261962738023941	0.396062197123383
0.180406699502747	0.26452058487096
0.035395368863904	0.0457732883438252
0.3891301897849	0.613157626978871
0.0546436462158584	0.0528834375345744
0.00194048413032362	0.00214996771045983
0.897605708616928	1.71410680707757
0.759957298869926	1.06754482235331
0.167659459292767	0.214207036319349
0.253604164560783	0.347598323330035
0.0298178038433723	0.0362669009341953
0.123928619633595	0.169233286070613
-0.1104202133627	0.145840329494817
0.138057739198244	0.193642858320178
0.175106023889433	0.193138593114409
-0.363694510887887	0.175887559757721
0.0986796153264132	0.0823890637085189
0.398093074845517	0.552623383542319
0.635041198915036	1.26768565036771
0.151206501909626	0.177846093915493
-0.251768784659161	0.286561688593765
0.16186949432599	0.132004981681599
0.165862630838008	0.149841248028925
0.412692518810391	0.37054107097796
0.0944781157160419	0.0514187361481456
0.0894481958393896	0.0343787598115402
1.3055900688009	1.16547652137229
1.04325289310428	0.749345594057695
0.334290535268595	0.251964645964719
0.0278603090139762	0.0380127199683594
0.100504220135436	0.134735024895682
0.0939390986397145	0.096107663740753
0.360705326531432	0.695382653800779
0.180035340017005	0.275135522149263
-0.0126948809240875	0.0148598956920122
0.13044167334747	0.179815321277704
0.343620627920099	0.661951155140442
-0.23009745764703	0.350309580504486
0.0831367147930128	0.1071202487499
0.311299464187927	0.501234252531633
0.274361207811573	0.497715638764616
0.321633033941752	0.613611642036684
0.466943886277803	1.01506712951911
-0.477683735901854	0.933740902490119
0.322752938317608	0.652656104651835
0.130456053503355	0.162924888571083
0.204974514932665	0.315011470463402
-0.104697551278449	0.135992449270547
-0.311543151348602	0.452427887094226
0.708360808642975	1.35360439980699
0.193222445481355	0.240199513616567
0.539294807272414	0.772169770824572
0.169802722644884	0.162905249115893
0.237751222307676	0.155915078538214
0.0148351766363062	0.0186015458440774
-0.072981668763787	0.0989977815865218
0.32450766535138	0.642955622353252
0.0909278604166697	0.124721452974656
0.0116648180625845	0.0138628039464342
0.19162656477239	0.274277220936065
0.185994893003004	0.21808293011122
0.0934305796093359	0.0972693408881775
0.598632247426759	0.395943206998375
0.138183390739603	0.145276477866937
-0.460943750340307	0.487150107402697
0.18201450562347	0.181745958659367
0.238354339598477	0.17085454163058
0.074473090443228	0.0569133999629218
0.601599307332012	0.621919942675557
0.941953057730551	1.53321430139231
0.222241494347804	0.269888862601031
0.31099507292217	0.419471902559684
0.513433849047869	0.832656864438846
0.284916536032982	0.565640634033511
0.18568128943573	0.286844581080495
-0.0097295542032628	0.0111111231222057
0.00385362900316077	0.00426814834174633
0.190542825032888	0.284492454180488
0.152389203910129	0.201133502432747
0.114541022327963	0.139046561507384
0.184364066242595	0.222682102980664
0.376078982770107	0.633900875561815
0.259095809848524	0.448053585324313
0.0531935862315023	0.0638362190845971
-0.47617626552264	0.830220289793938
0.0721283504992271	0.0879970541397927
-0.189381611580517	0.29347386768696
-0.469644891090501	0.926406792480002
-0.101951074846964	0.125353226440517
-0.0611217465184073	0.0684895807361757
0.131700940482075	0.164174612897213
0.187011222885068	0.297886849318422
0.0246471085076113	0.0307486505666187
0.138238975863545	0.19546248727037
0.127737425414171	0.1659195672842
-0.244725718729199	0.373625134090777
-0.000259038201018214	0.000258058295699427
0.0572040575087732	0.0642097731527143
0.413100062337728	0.640337844929181
0.321368793140706	0.407675057886666
0.26183143936506	0.333570615926595
0.220629291984068	0.255678713240328
-0.218128085200742	0.248746744216509
0.219438144935488	0.252172381394093
-0.0866632122213277	0.0951067049897637
0.194589020611207	0.236070390990281
0.132047377670014	0.195258552602764
0.347467887323786	0.537357864304034
0.23124384332104	0.327261811852577
0.593409259318188	1.21490591578654
0.22137273630893	0.325009044404141
0.125897320738524	0.163252495080605
0.15272329323016	0.206642999689821
0.010716842214567	0.0123285576101258
-0.0184930012751095	0.0202906734732322
0.155569387583816	0.217990397752207
-0.00511297402442204	0.00603445522322356
0.0950679695927232	0.119551730416476
0.0347622674964505	0.0389633374263091
0.0333483883246127	0.029726879309599
0.428231523153679	0.492210831009301
0.550114871611444	0.849954652090563
0.183240707560876	0.165090262900837
0.183071414362134	0.18267136496535
-0.208317218475797	0.197917148868413
-0.0852092549324032	0.0911923750062588
0.496439305618376	0.849359104196306
0.156648085509397	0.214365931221191
0.149003565875853	0.189922473222517
0.477563120623237	0.830424955662146
0.144405146509984	0.188059634226679
0.307438674715102	0.464961536895843
0.102583713900489	0.124755163033807
-0.439029169675373	0.690761070804553
0.0309062633861643	0.0375758602060913
-0.369705694632241	0.635611268021233
0.424535827860357	0.617664324591712
0.637565898549407	1.16298529887637
0.250739895555158	0.331490048127944
0.0158081661493589	0.0181587122214426
-0.0879404905464799	0.111634840904735
-0.041109315596413	0.0485940390823183
-0.312289772788645	0.432767293711005
0.0275514729200179	0.0301628071184727
0.313208767497155	0.415771906077141
0.414587458779686	0.720373716098796
0.245002346961546	0.336832590235632
0.219899731278944	0.239705054150989
0.684486108974911	1.30171093114215
-0.311701735005109	0.395471885672762
0.446366800937275	0.566304691851511
0.13290905229802	0.141231676357012
0.17935043810959	0.239710003508224
-0.140664697425232	0.172531220468833
0.214563700871164	0.317190241473785
0.614062802350342	1.0221525920155
0.233594109617052	0.342295697826192
0.149867386869467	0.187768247702787
0.0207839112757397	0.0213484659077654
-0.441165959359121	0.721772896801477
-0.0304988433262907	0.0327355952333643
0.388261171859556	0.839723659369569
0.216659495062893	0.357414109563342
0.133230821601173	0.181770154420412
-0.0703441385687956	0.0773935022982656
0.225662618042741	0.27632929672528
0.120148409072273	0.1417268948901
0.0881459056198898	0.111494362898088
-0.116302700419505	0.140603748953345
-0.364899975442845	0.552565887901232
0.539215461007449	0.733824938411832
0.846177805641235	0.461006924813787
-0.0192492567001403	0.0108501936218042
0.295265072028575	0.140078614521671
-0.465611880148382	0.188333969438464
-0.759685364758981	0.687638353859318
0.917167376794658	1.09053750005146
0.371619083170963	0.607162384802608
0.475530080350977	0.870690627306057
-0.311726817592206	0.470415724326406
0.288154642786864	0.401387759559678
0.200170589758982	0.252819809785518
0.309508421036061	0.350944156791672
0.999393514488344	0.47646556364508
0.471517844791648	0.803660736823325
-0.280729258707581	0.479202266099044
0.402761731173995	0.65701762198965
0.426935319582615	0.700202240034557
-0.157271305167554	0.233319992273622
0.273754407941211	0.409879833805924
-0.303033367580401	0.482028398419041
0.155320805482155	0.193939239138993
0.0786950259930093	0.102444017623121
0.114089007844699	0.134299977512956
0.12221304292786	0.146145202944837
-0.432131537372946	0.725066107058024
-0.238674182050178	0.358293006142795
-0.331320106636871	0.427573188042752
0.0702275561534211	0.0778167333643825
-0.316608243851417	0.488731140421232
0.0683416696110112	0.0657682406616871
0.179433787803715	0.201215338772299
0.177893127932378	0.190191647566777
-0.399715188779615	0.457320204541081
0.514526515773587	0.661479277275718
0.239955398686728	0.176180363528198
0.00643684751420107	0.00457158316327673
-0.0925960329336566	0.109189935740998
0.0603687485335389	0.070277489869994
0.099544252868348	0.0856048659903538
0.172068671631512	0.167620925422961
0.101089813564837	0.117464567204324
0.524352312042595	0.742648166265782
-0.091392596464772	0.109953176528965
0.287762376536243	0.430997376540412
0.306768626574565	0.309078676281546
-0.164183081600171	0.146213150566757
0.65333591935221	0.41271896520773
1.40076394475094	0.847347763930183
0.337397496491896	0.151236437022192
0.994216863470229	0.453085127681248
0.158685762481242	0.120043492494868
-0.533239266493617	0.459157122111036
1.18938865792102	0.798413187030627
-0.456076204080609	0.334441768861103
2.30133298560387	1.17414678866318
0.1007404352627	0.0520093345354138
-0.025753824979137	0.0178631909428731
0.232404275449204	0.184904226189679
0.657012780971704	0.631493403765787
0.0168308610990733	0.0200184605677638
0.0272553675194108	0.0334100200982551
0.0102779658821848	0.011861901761578
0.266073123588971	0.504558452851351
-0.428895329035569	0.805834646615951
0.248130577199414	0.378579712238581
0.164358433885	0.204432539966616
0.0257434683996107	0.0236692655458716
0.565901139597402	0.502953355523984
0.188001139307965	0.293765213920535
0.128941948809017	0.187167383705896
0.165360718899327	0.23370156784956
-0.175151772915125	0.254190963995239
0.238644590487937	0.358981293648435
0.374856064282906	0.731300199846643
0.228966388126842	0.341806589386576
-0.0380722100871337	0.0475899869381919
0.152671937477608	0.227582740559699
0.0899791950858219	0.117976855229023
0.137797061056891	0.193070136415434
-0.00555111662504377	0.00690171236306625
0.0826836887505768	0.100522660549866
-0.418823433591433	0.773188104280674
0.180556218466199	0.235961744617315
0.742916284819613	1.37024177173158
-0.190364352418882	0.257352639240529
-0.00344742939635139	0.00335405093449146
0.68341391301594	1.08538274532587
0.125571816696638	0.125411489219021
-0.00409856270399632	0.0036182990392484
0.164939675072437	0.242141837648531
0.17118704198135	0.244441278985715
-0.165485849504086	0.179406679320038
0.191233035878829	0.19233132746854
0.249829002692985	0.360323415710902
0.848789849255905	1.75390109151164
0.0282169039912866	0.0316164107660161
0.0647597938328922	0.0897803408609324
0.107383861429677	0.0910270194298115
-0.136802235071274	0.139465947144237
0.0873453606952999	0.0295066823147338
0.490452795448528	0.50304422543562
-0.0226233344786724	0.012850433327551
0.854342906293735	0.713050608253085
1.70623980422072	1.23350909180232
-0.0840318325130879	0.0388015956015674
0.6272371749002	0.293097721202786
-0.108647245425325	0.0477044022184657
-0.369315598664395	0.348703044160499
-0.0952997912221698	0.0807826753696178
0.129817720756177	0.0885008163904571
0.126309327562209	0.114173039676842
-0.00434430337043318	0.00518188296767954
0.210893492666283	0.339722955207596
-0.0868560998438344	0.12360665698598
0.14555861862752	0.220639560562647
0.0172897884623928	0.0209662845498887
0.300283477595879	0.520942959175015
-0.183189330515456	0.262403246029096
-0.203143352880711	0.272269153122575
0.711992186144996	1.45302507152328
0.0200217103758061	0.0129881640449415
0.236739975625146	0.162019765776114
0.600700897291378	1.34249736812899
0.318593406522894	0.557510161669787
0.268812290961053	0.414143000370073
0.442165850407635	0.923951227327939
0.0921225507419822	0.125569419776717
-0.233442912162305	0.406194118730709
0.289856133206794	0.457202677509262
0.339207436322047	0.717802890350562
-0.167130743180851	0.2487183950192
-0.190589052352347	0.313753774064423
-0.107934043177186	0.149316880270036
-0.0273193205113804	0.0340334810091316
0.28882867028867	0.454592276618132
0.127143903629919	0.186229132120923
0.0645164354263196	0.0788288805850929
0.614269930974471	1.17797236214965
0.710442347981916	1.49582409752779
0.842241869962897	1.77417994497605
0.368584417343106	0.559183102015734
0.802632425421116	1.21448878586278
0.924315663590429	1.24875956801812
-0.0237218228449963	0.0163520684376285
0.0178335119079441	0.0159450633537976
0.0065948757498234	0.00800284642099828
-0.0276475998877377	0.0296776193353917
0.129838611228518	0.167188805620817
0.371232305538259	0.788293042192864
0.275737842558677	0.502439115907528
0.227968465820804	0.37432371133586
0.191054442444354	0.232428617144165
0.284199021097825	0.327244939301225
0.0320511277841214	0.0248549017825797
-0.0017233131032632	0.00174943499299056
-0.0253200889203729	0.0307706767698018
-0.00859518670125823	0.0105888469163681
-0.0433592325948757	0.0521538124730008
0.298425363871506	0.44826916766231
-0.0703166175467674	0.0704742709516341
0.0700795772107699	0.066569675474213
0.481572282357523	0.392077467537744
1.48350000337831	1.6649405936485
0.58419105784269	0.391505688797579
0.631216045956788	0.286931676780627
0.404130111194928	0.26116381763496
-1.00512307861776	0.63030199554192
-0.568003868145878	0.441606325308235
0.353515366109839	0.272909037035003
-0.648938909973457	0.777552708759305
1.46402394489358	2.11481196901564
0.102230192631042	0.139925822198441
-0.0453742889426742	0.056638625717461
-0.302699285734923	0.481860435912154
0.277279512952642	0.473067301371823
0.196026169292754	0.293245776774005
0.422193231737964	0.75749297934544
0.221174259799105	0.346895841633486
-0.246826162440097	0.354799394006346
0.669459623498877	1.14549178257769
-0.177188899556041	0.125130982017892
0.234077132750412	0.173537150784068
0.272673844027116	0.496332273377074
0.126734744405399	0.17669940586519
0.16403194313778	0.255663590040012
0.50118028416787	0.886251961940819
-0.027291047094106	0.0357098735857072
-0.241579438609016	0.391772883832092
0.50088895892519	1.15236275518893
-0.239025915986987	0.378407744042275
0.343206349193691	0.679504522898494
0.0553422752098615	0.0754302556338224
0.153607657087878	0.204061240532182
-0.114465261762087	0.135554759422934
0.270860578181677	0.48154355679878
0.328576650542429	0.513726992589452
0.407580944848435	0.772723476704606
0.225619755245861	0.340424194352955
0.508177689668842	0.668952360651554
0.0624656321654739	0.078405525497656
0.123662456156632	0.146022703940192
-0.165542021647778	0.172872248841689
-0.571315774636005	0.686074724941712
-0.275588960826606	0.248120529987759
-0.0714109135144473	0.04645685767853
0.376190846721762	0.380740185802308
0.284058208826669	0.479730078030659
-0.0523870345209584	0.0673173963937018
0.0104779164184168	0.0100938771616591
0.25400579517334	0.385377424982733
0.181078764291364	0.281942634187452
0.522632735940422	0.837847686459708
0.125098749413454	0.146555890364934
0.548944397336813	0.674617986551808
0.0737760447064707	0.0794987902805793
-0.248170345254053	0.355376714411526
0.194752818452274	0.264424690483831
0.130514575625318	0.169928524190806
0.157931100722828	0.218901372118664
0.107102837645312	0.147764513152633
0.0667778982880124	0.0765713789680445
0.789679886264276	1.5713700514348
0.192633279088373	0.246687312522838
0.439599714953789	0.659018495332885
-0.0479822652903592	0.0379730136834787
0.133065902150604	0.132554352959268
0.5872757444377	0.620355151842798
0.0650427235222577	0.0464659982705141
0.439937665196014	0.264446753054398
0.728929943597968	0.376474324626363
-0.24397206421103	0.12805518550027
0.389016575094545	0.153967810837708
1.3514728063838	1.50510968153653
-0.837747310828368	0.901730521502158
-0.212481118936832	0.169239923470162
0.308824109154829	0.29403030065344
0.313633880860054	0.469339622196232
0.158720879969681	0.223834662277091
0.384424439329848	0.626565008406773
0.290343918736374	0.399277817761782
0.185610023452549	0.19679047899163
0.228547678165837	0.217184516904518
0.0493019206449069	0.0604827384210702
0.281957471802093	0.44070967793254
-0.118253294172941	0.15006728402177
0.181659232241447	0.247081741133005
-0.413524159882502	0.629231440733111
-0.231450981808904	0.324242712807613
-0.108877013856703	0.143057073328708
0.0349728887907721	0.0435648236197643
-0.2940595625736	0.481646894390927
0.372388034057745	0.683712404932709
0.744340715331331	1.87655063395978
0.709337929300582	1.47610343207674
-0.168219111419265	0.225348980374071
0.0754487552119813	0.085100841021836
0.0134919226750185	0.0130238812960684
0.48007438400958	0.738829336772923
0.401667806718291	0.623728226399616
0.227937572119237	0.250501115970003
0.231612127905399	0.248707531551884
0.702990319392075	0.706770586287946
0.0237545209894143	0.0157376344100606
0.0290834446723444	0.0261274063292245
-0.0429118890013908	0.0444165108840699
0.245155445313388	0.314076859464512
0.543068747879223	0.99596523288412
0.494435744978445	0.864820799237482
0.495177107074019	0.729462567689691
0.258847690165034	0.315550036106539
0.529886101458867	0.610143574583886
0.0761283680098705	0.0878157711347322
-0.668670927373527	1.30109673713552
0.201229159948383	0.264658376768989
0.0356454962752968	0.0393003985725942
-0.253973399709685	0.361418761298143
0.229635870978737	0.279419350775089
-0.276485394376019	0.359275528064804
-0.968852167510908	2.28231058657575
-0.0495068568274765	0.052101140426999
-0.3739437925665	0.415388483884663
0.744987945159444	1.04497180969151
0.375656628132271	0.582544815552559
0.298563751367334	0.461114417394199
0.172855652758171	0.164820439394267
0.0944984950444629	0.0964043771275866
-0.263996886581323	0.248560073952183
-0.320105680676825	0.312554813870199
0.635604520089232	0.799174199690103
0.244257090401646	0.225925359083541
0.0762767375472072	0.0728702915344319
0.0172814469239226	0.0169840730335422
0.00727390889150781	0.00739389061398398
0.173239188164777	0.265498946648896
0.417561763488293	0.582422191699685
0.500997922828311	0.898917397190013
-0.0855138209579843	0.103884274584646
0.481061466095784	0.723070355235088
0.149768781550536	0.170369715896569
-0.69295234806564	1.26229347180108
0.117570808257751	0.125007619659455
0.0210460182372365	0.0221691510894452
-0.575808605860792	0.917970370369141
-0.252127701701161	0.308578999959635
0.0825515830611854	0.0825065530202952
-0.23367780380742	0.242280711323594
-0.458288248975535	0.622043217333621
0.137339889362799	0.157894578438673
0.742646120229763	1.18058927104666
0.0234875930236097	0.0223651472637639
0.527002722970916	0.870038616751229
0.16932789879203	0.165499899250014
0.018858983935416	0.0191838397029085
0.483478881613804	0.840923869886845
0.260297203564684	0.393469321114911
0.125415166177081	0.177196144921305
0.0456082176372079	0.0441768711447747
0.0947993367404916	0.0971890036511188
-0.111756591246822	0.112517332732508
0.468526971144507	0.693726373209303
0.304656853962837	0.434768758246869
0.187226317170864	0.227153001149716
0.199161074901341	0.249222023515172
0.493137468737202	0.669614761217845
0.0944324849734632	0.103139830638184
0.665739098199214	1.05537790251716
0.489353070458611	0.749517296627094
0.26928110871385	0.357935433303412
-0.0589599486564786	0.0688358000372639
-0.610357784531283	0.957286942457321
-0.409412362593134	0.70984338273167
0.241146315085906	0.378588840930475
0.174549064833147	0.26816903347622
-0.219625883525883	0.347233239929288
0.125169715940392	0.166337598880868
0.56467226317824	0.918591047255994
0.358523824733277	0.273954236957285
0.398986000980939	0.394481905180311
0.417037246696411	0.391827999204329
-0.756300388507022	0.609812724707249
0.586445830964228	0.5090371593384
1.18751830697802	0.788999190683487
-0.0647353035881505	0.0343880137343827
2.1909245424712	2.30977147947398
-0.0228002644387226	0.0177939600496029
0.389509736416482	0.39919468442864
0.158697424141606	0.185884159065098
0.237597468447571	0.36995588996916
0.173407283372971	0.236696435227435
0.336805145602193	0.536132033582908
0.177123080282521	0.242186378029111
0.995563117150683	2.69450897770505
0.282742651524312	0.421979513021404
0.123134202238477	0.155383769967608
0.852474881009573	2.09126871316496
-0.0995965811034942	0.142537061322573
-0.00705702435306864	0.00823761053048112
0.350622454232622	0.62196922439702
-0.145732873075226	0.204440477021981
0.0953173605697246	0.125829865831126
0.012441947839271	0.0122759413306347
0.497001904728421	0.866967235529405
0.0763820141710147	0.082443215400463
-0.492082282629572	0.715229358902805
0.277920395898396	0.331449580938432
-0.272741091919633	0.350809362096731
0.219459547627296	0.269301658597874
-0.142446534887419	0.153816911467218
0.244712756415339	0.207396043217754
-0.317998228907569	0.314926481630577
0.32387997320921	0.370218623861309
0.226053284382414	0.318809690140728
0.0788926918146931	0.0923593379640319
0.289241971676786	0.465280223737681
0.186571755437791	0.261598082752534
1.05220939479031	1.70874896032356
0.669473820500242	1.23177718559691
0.344501303310633	0.570786995263592
-0.184176286829813	0.23899621375376
0.000500918928235138	0.000596158954710145
-0.0431966214937739	0.050977513129251
-0.277368266870072	0.395763870206303
0.53174540022076	1.048754324873
0.154098901579824	0.194717584618183
0.0127060640329764	0.013572796720618
0.308891845862945	0.390125633675027
-0.211601583262295	0.248921588916518
0.79023558023958	0.976576168308769
0.679021895897191	0.535590989760497
1.84135429734018	1.50230651444911
-0.0831013310695525	0.0401552428084057
0.0938393317863641	0.0313770759042782
-0.00763906748176833	0.00452726460154431
-0.0603548511254975	0.0407703397019407
1.37744486682018	1.48046994509567
-0.0952200261300653	0.044933630872525
0.545565398239795	0.398636582770109
0.733985429653438	0.422627924995115
-0.036777038640007	0.0199195889198204
-0.240766441004194	0.16356538535947
0.227468317442168	0.218303711019461
1.02947852808935	1.20979328373976
0.299814857128232	0.491659421579604
0.238161025103177	0.372332566795876
0.0272175323426633	0.0282444048652065
-0.490824729179949	0.893027601385436
0.126147428104958	0.16471177218211
0.00569804430400133	0.0064811495243662
-0.11466175691839	0.148718519363233
0.648299586197676	1.58881451820676
0.426172682967944	0.779889218732834
-0.283560358807003	0.417417220280782
-0.599302561801462	1.14794249375311
0.411753709907987	0.778956801171498
0.0163456736849147	0.0175034831418824
0.171110871673703	0.204285051847704
0.0333589706075091	0.0371891930221582
0.223596661081082	0.278424503654339
0.223596986206346	0.259079790286515
0.228426771908525	0.304725140836793
0.710606006397353	1.1869669385928
-0.0174978425130826	0.0138512024567774
0.653212408342412	0.824471181453566
0.142876275018016	0.101993732634576
0.300836905496611	0.304548527609356
0.286982729827486	0.530242721853095
0.0159565882462829	0.0190581624460674
0.506667779285604	0.926292179879927
0.210508178322735	0.34647355566948
0.221168202619123	0.2631147885931
-0.0162381900641001	0.00936487121986422
0.2378093099983	0.219157780953055
0.265198385286677	0.345854334154906
-0.192388810898578	0.269752223494348
-0.0200204761703499	0.0232993976918226
0.272718451725129	0.437722412234299
-0.00924732657431295	0.0115573770408285
0.56949599086603	1.13555664599621
0.508280656583535	0.89324546270872
-0.563677770226434	0.89520592846403
-0.32258278480851	0.511406606756915
-0.388016151334729	0.52603550597015
0.109081308835811	0.100406384535734
0.723145886753039	0.558552900016457
0.606780616698625	0.710221735724615
-0.0875336311090733	0.0435646422781436
-0.585802186030424	0.235276241265227
0.335206469286154	0.149299883055563
0.512589794338964	0.391527990815463
0.340670324550731	0.286150565845927
-0.0628176940309572	0.0314791434039595
0.738498184477213	0.417201408625572
-0.134699110556927	0.0825891224755782
1.00358531344444	0.477042064594709
0.0964477560474349	0.0486453820333517
-0.6777570376851	0.616259236151616
0.330209635727012	0.299085378459061
0.0417547830374109	0.0442395130997371
0.129136770764689	0.193239849978709
0.419772701321479	0.827223302747076
0.206544605705412	0.346004412807424
-0.20519259048851	0.321733692867521
0.170796499809474	0.23116644514914
-0.00618203338923528	0.00717531030363312
0.223743447643297	0.359202824318982
-0.19043093918846	0.296204511755057
-0.48170954531981	1.00229458823021
-0.229143985065256	0.379943053831223
-0.218067295715836	0.35448725774879
0.120287447786345	0.152852507442011
0.271255828561913	0.434087014675191
0.315255410633171	0.509440058016031
0.316213621010862	0.428923124370677
0.327978068109812	0.49834240695893
0.180467109043444	0.238813062561574
0.582364299127813	0.822479329008589
0.843446154750469	1.28867608262355
0.531879764998134	0.593117950996276
-0.0812028211189823	0.0624363238573382
0.328132979365891	0.48488575953749
0.284032464032194	0.523812079306713
0.0432572669145063	0.0366155398202697
0.22154335412284	0.295068562464579
0.152106626583387	0.20647742600959
-0.259496879268791	0.396561381523606
-0.239842679645029	0.410042839261444
0.0919122219045345	0.122071928126276
0.231259729058638	0.391479393901664
0.0454531493417376	0.0487089804748575
-0.139647650898044	0.185082433550052
0.0348729809137558	0.034765187286275
-0.558244346374636	0.973279661246013
0.42484911435174	0.564318605351001
0.720814544275834	0.790280474956089
0.787543687021691	0.854784002869635
0.427251779904385	0.394301839124008
0.646759972918188	0.402299601518845
-0.393584814623737	0.114595669935955
-1.22073129896346	0.717130682013422
0.663517876187908	0.509011104011223
1.11279348703213	1.29764633742693
-0.200170891096293	0.0715495898673702
-0.0858208273186332	0.0421139945011827
-0.666626082768926	0.323668911147454
0.902089132582032	0.58022913422881
-0.241737553388724	0.129446042785231
-0.764960328839186	0.742923758001784
0.4724288655257	0.492934346587881
0.0908319477702355	0.117183148022708
0.773548442426104	1.89535486389303
0.421385487773337	0.767587953572457
-0.0176595919607185	0.0207052556523317
0.00357071143246794	0.00420991831302255
0.611433387145889	1.44138973796875
0.0116284434445925	0.0155058574736398
0.468414412847695	1.03091965648698
0.133282458234551	0.198155247243921
-0.383092176585428	0.737407532001424
0.316436766472224	0.59295406748563
0.11116707224132	0.136328862617341
0.221745828119939	0.32660607420492
0.207278508632441	0.291935933745529
-0.0959485822769854	0.104507879287263
0.0739079471353623	0.0879030361786705
-0.228513936477273	0.281219202919275
0.487420642566416	0.836955188117647
0.0697666717898032	0.0727763674852338
0.573147712485438	1.20194088545075
0.556083115676346	1.32534759621514
0.147960266156673	0.111607669870644
0.619785538010596	0.797218114580461
0.271757828487698	0.349937099534874
-0.352953075233202	0.607457818287433
0.0605529332894867	0.0682986018078276
0.0797948603393391	0.111647364098712
0.521953451131024	1.14629754424609
-0.0681083243368084	0.092051857089612
0.304332871154259	0.472777858631354
0.170552070394307	0.232276661431259
-0.281776376744337	0.482230889002693
-0.0521040822833247	0.0506028658489389
0.870254478381872	1.38889208930935
0.235476660130426	0.172443002646745
0.237121685861788	0.175447791872092
0.299026948956593	0.144380948524343
1.27247113122907	0.561845184114915
0.380269102921186	0.145575903773235
-0.212399681412945	0.121999894643027
0.336678045905736	0.269476349650753
-1.03999625645581	1.03213287744616
1.4130897131009	0.801406227489313
0.259112701956394	0.147205728629801
1.0341159568635	0.627604763093705
-1.21777786865506	1.06446255966298
-0.690711107276402	0.686633054187507
0.180939753041157	0.162145496257098
0.338398096756908	0.265359830745356
0.0907913030642793	0.109631712061228
0.0960751680807853	0.102679444712993
0.192511931546626	0.275804481867338
0.00767277878297153	0.0093971300942668
0.330518388321296	0.561334257335308
0.223409444020085	0.30886911166402
0.205679498901952	0.285989538439382
0.386357238634729	0.795191329615539
-0.148756853316481	0.200894390854293
0.196825955372837	0.278168526543146
0.0499266999351522	0.0605130877735953
0.0592729219464718	0.0779114589329899
0.122848828972671	0.174635115722982
0.294599185145119	0.453559810037063
0.316119162400126	0.538299317990984
-0.665317617248481	1.56851936162095
0.820198307812633	1.97277496610116
0.363276412425518	0.640930074931133
0.119574858736147	0.168053099272514
0.0489766402361441	0.0491315412605633
0.214937528698294	0.312019451096141
0.249048369831169	0.342794181650553
0.583965527372065	0.853031881022217
0.699092464150755	1.20979018463747
0.532985613748837	0.603397576103933
0.437905462599564	0.370241410535667
0.0563271309884887	0.0575187466268696
0.035388916146742	0.0443181489232116
0.234208873235668	0.338425774288185
0.437155280649872	0.780105221152996
0.182009494101896	0.211422429979914
0.0622343097396285	0.0572324125534006
0.532748506390291	0.491448498568951
-0.0166348431973548	0.0167602624808106
-0.240163741171052	0.315336917277096
-0.473947459659264	0.789524772479991
0.209069626760855	0.308094586426322
0.0464237262096389	0.0566852976431374
0.0425477861856662	0.0518128670050382
-0.196809051672712	0.299920821627807
-0.0120068378386778	0.0131505313042277
0.515572046426019	0.965902081610185
0.562683340009838	1.06217270136569
-0.311259079594537	0.374877734392731
0.298160885432418	0.321925142266757
0.230471661520987	0.175024628218495
0.0301787334787721	0.0196574881271516
0.789637109514679	0.530177089933706
-0.540493850375995	0.28008713684242
0.800012314541463	0.573381771643786
-0.253935558709313	0.168588604574942
-0.282788478020099	0.265752404247488
-0.964751232441712	0.846389185622084
1.18615584285624	0.787998286083361
0.0908885422417073	0.0427520216625622
0.331929739232322	0.148479481257662
1.52252130465833	1.55845324420371
-0.502132659860075	0.488336012166094
1.20098382499842	1.91779460558814
0.192826471478583	0.240240804800407
0.377480789043644	0.695974643783211
0.374133291216411	0.675293076618037
-0.231675903978991	0.331557961728316
0.234957525914903	0.375941387423794
0.418766586588874	0.735064484984451
-0.226415028132984	0.387092280155087
0.0451095815080565	0.0589228654952633
-0.0568618714224978	0.0720393419104002
-0.425594615601237	0.824079334128692
-0.385384373270975	0.711664147966392
0.409696233766076	0.715103374691599
0.11929095314292	0.158070647017132
0.456536017551773	0.852534149356693
0.371095057491915	0.612448160375692
0.262733474693408	0.330988588188075
-0.264701688305905	0.341383844139352
0.745522860859257	1.38387136605552
0.72417326245314	1.03427094315237
0.660059975534679	0.849360691984742
0.451799774486116	0.387389650060548
0.350707125298154	0.622334273599712
0.39668661706498	0.746258679792702
0.0106767018983776	0.0129722900019168
0.18189118026335	0.278460051033152
0.390475592725325	0.672992805485558
0.14456932296506	0.210613430346414
0.281265932529329	0.525709051728954
0.533977552258867	1.09446044623412
0.705402978899057	1.3086355757049
-0.339850603157361	0.449789023841461
0.363775502559722	0.277781766625346
-0.0866263189162459	0.0869190463933009
-0.192970391107271	0.229768013684889
-0.228164057330668	0.351552973382448
-0.258577174167694	0.387498540949219
0.206308776284655	0.303345952176591
-0.0763918152850217	0.100614946098821
0.0994398980868204	0.133833620730392
0.158089823773342	0.215256657139919
0.179735360959965	0.219550425766718
-0.016398236058422	0.0181926657208694
-0.669074533722496	1.08295338404255
0.0692074420778747	0.0634189708238179
0.362261794302987	0.468844833068433
1.26775911438248	0.555461559626313
0.544822612788454	0.272316332680211
-0.263491429442423	0.203176824387942
0.768569506638754	0.950902765221193
-0.207168039209579	0.0770121928970018
-0.462549676039452	0.183217389242901
-0.215331050510869	0.166157741963451
0.104989097882957	0.0279093728309046
0.0894959239584534	0.0307270486502312
-1.33353265432344	1.66514848559156
0.153331831368275	0.122858697875828
0.24996504270999	0.162105679739475
-0.134145389565249	0.155203589951642
-0.0990033925316868	0.115502627511693
0.326715124600622	0.421055513274306
0.0812845048470981	0.100879191388505
0.910413921086981	1.06118985552787
0.301054527102665	0.383421685674024
0.672539091506704	1.69639414098977
0.178814511028556	0.257631014226609
0.377143217160294	0.689540598525464
0.0372971459425364	0.0456362975907854
-0.124099245912333	0.18195709262533
0.451710538509049	0.842916179469782
0.116615045390787	0.153384648138565
-0.121115616650584	0.171799555621601
0.105234097476208	0.151390586617962
-0.20002644292032	0.271966455870964
0.498979904306254	0.989843666870918
-0.170081318861156	0.23997931506302
0.726413999371727	1.36777849680067
-0.280618784632303	0.36208029289423
1.01523700321397	2.21699873690104
0.702685532956986	1.02304964430725
-0.0547390563981797	0.0734399192495438
0.175531475358322	0.228243964570697
0.141107184385346	0.196952971958727
0.139793723540434	0.210671261178459
0.378548233885623	0.564814976364946
0.571862951537559	0.939901226616786
-0.707386929401496	0.766674443249875
0.013635686418553	0.00996352121634002
0.274570814139535	0.396832581073821
-0.0573119613141009	0.0684496597547746
0.0479217531946619	0.0613484280755919
0.283958591988949	0.447888755704712
-0.164869111167459	0.23473600722661
0.221186928814566	0.36678946222955
0.0743808636402855	0.0816576506902657
-0.0508007352619578	0.0555983542480472
0.0450644578293471	0.0567675197685248
0.252988881398819	0.337382346352895
-0.0813492737179648	0.0688815317046173
-0.164529964543296	0.180430360385786
0.548415072994848	0.282674452330828
0.846780605017742	0.448324830864628
0.0997071202967623	0.0415628001560228
0.0969421090271426	0.0459481743289975
-0.176606414576955	0.103940753547247
-0.207567207908786	0.167939595383745
1.18292286058506	0.955892611588827
-0.453567233052695	0.188566704079715
-0.0159935823978349	0.00907478069195834
-0.400174547814864	0.245464715563106
1.21795879364804	0.68978248087887
0.226505797285067	0.167231670331795
0.721766818200899	0.765072669445167
0.24446947327747	0.207273598569418
-0.522910988539341	0.720022299449974
0.253272377844398	0.386442283987599
-0.299919118154218	0.410480096855878
0.561745504109112	1.12793434978094
0.223964896760907	0.266975018261432
0.307666512284599	0.56355015588137
0.229842250214305	0.326213266065553
0.373365531334982	0.735544419510388
0.639338160035732	1.28023222394925
0.15788275261154	0.193925625327478
0.27730859367066	0.432248391103753
-0.0165548389530551	0.0211899693411042
0.0807485377622222	0.113965500836125
0.461279047684684	0.814030741229931
0.509504314419362	1.02593297693059
-0.280899734027006	0.425024622828716
-0.0697025390026995	0.0877722915770728
0.111545867589697	0.126751623034594
0.325357850823051	0.528522176730678
-0.359701371933108	0.496604021727789
0.538526716730195	0.983038656858286
0.444997002358293	0.634864137697379
0.870910286558467	0.892030052251456
0.273920664567007	0.453404751171729
0.235825818702799	0.359077578725492
0.217314841042879	0.269092104998737
0.269852016500561	0.317482997173646
-0.0597009855438357	0.0402998275956328
0.0580694580435784	0.0495035935936145
-0.0784714343767356	0.0979322320646286
-0.610747496059392	1.22515982533485
0.431802663070818	0.660879804109066
-0.236843831737945	0.357147665994985
-1.20950801000608	3.79394255960498
0.289993701734465	0.465817598984783
-0.335292453017605	0.530098814232052
-0.0910047117646694	0.093297089611938
0.231522630853437	0.337313480331807
0.23721540453646	0.265730008735
-0.0682978663574084	0.0582016206754299
0.121019353196806	0.0744420969931188
0.00824420540256649	0.0052419179578477
0.33433883414291	0.147058131771919
0.0879249628837328	0.0316624193899106
-1.33786567171479	0.627415990608733
-0.0445401550819254	0.0350704218823599
-0.830688701585368	0.904138009214644
1.06461785894169	0.908726748877557
0.302641398331312	0.14893493447525
0.0990010127468001	0.0548192603480951
0.614478989136667	0.194606563884473
-0.452509870613015	0.198370265595746
0.170096414347704	0.13353225891245
-0.156331165473353	0.130415912083339
-0.761998212219819	0.760576222200645
0.357282545194764	0.454801217736656
-0.164041126654378	0.209165873044538
0.41563074093023	0.535193890409484
0.00295638855331972	0.00308821575424861
0.138570841758073	0.186817338353415
0.0548006556123448	0.0723575538115061
0.320285210397403	0.575584807790813
0.220833447138076	0.339468873961537
0.358322137160771	0.628630936753879
0.00167820538888109	0.00116763983834631
0.0735498846837827	0.0711053121527733
0.135089581956828	0.176810601490159
0.311892181954829	0.565894849385263
0.238472685278347	0.360839891576857
0.266116468612943	0.371626684172426
-0.125437099376201	0.19525817683382
-0.230686217674079	0.3232326672645
0.169888703026741	0.255372304172646
0.676625289771888	1.48910260482787
-0.380070370527463	0.790657706973018
-0.00693123380704067	0.00870597770308953
0.0254018457942301	0.0313839658820481
0.527367537667932	1.03895746954551
0.359228551806226	0.691364232158077
0.0835856381898704	0.103857746416975
0.13894534925226	0.190662361647786
-0.0772805526027921	0.096381723796154
-0.0299055805307555	0.0268282650338279
0.241481525024609	0.358248779588024
-0.105497335256543	0.123506769822378
0.976696210524233	2.03708924698193
1.12015096728621	1.86080557957331
0.798834081324156	0.911032116963771
0.334297831206435	0.549107323099768
0.293510232951188	0.39014672878767
0.90781442079915	1.0785496133501
0.0462857018874962	0.0388959731783438
-0.601471157365139	1.05506696721799
0.268769324029705	0.382235063155716
0.403971229807467	0.750220210291356
0.0726952418621138	0.0976661141334883
-0.0614091239496111	0.0857952522030304
-0.273261458257032	0.481493978752014
-0.317943362514487	0.54306487697133
-0.249090153916706	0.384038110005161
0.0971222137949044	0.115956336446912
0.392720580957786	0.490789563084453
1.34053086400187	1.73194666932525
-0.712802732029027	0.422609690573545
-0.829925057414067	0.387233606315498
0.846177805641235	0.461006924813787
0.358081038463284	0.275730764056198
-0.525346203740341	0.458601194069888
-0.166438313130258	0.101870325794
-0.779440710635908	0.271138879366855
-0.249597785233867	0.176271821927128
0.383657816471067	0.149128632407299
-0.45968195613338	0.319592877318319
0.0738903401323721	0.0549070796411559
0.0431518760859428	0.0355108245615377
0.131860986621438	0.0912924564601455
-0.623246126427693	0.910907441672019
-0.413877925283635	0.676035678208286
0.218209965626649	0.267910282515081
-0.247554640770224	0.38952920733133
-0.459510867637031	0.965097740973738
0.0919477102440573	0.129163114888244
-0.0823191631122712	0.101915568189125
-0.461766791079896	0.928417193240581
0.327565843011329	0.596622696421797
-0.0183030569473228	0.0215989295797485
-0.0783292187553033	0.102517964107353
0.157696926806992	0.194898827626931
0.454443162651568	0.494391398939889
0.440318807233462	0.788635705921107
-0.34356281370474	0.590655392791323
0.228129657966109	0.332339384315107
0.0969127198174325	0.126803281430357
0.196350891728307	0.286325999202088
0.503842327390047	0.989647345201341
-0.0379751778515551	0.0481496872886423
0.395408370178394	0.62607733237688
-0.0267164581711005	0.0367538126831781
0.269271828862206	0.457920391971906
0.106523225913597	0.143695283355241
-0.281355756061325	0.448877348508699
-0.779477311024355	1.80672425977787
-0.0692537434200941	0.0817166220009034
0.000278640752357774	0.000275632226450319
0.21646081869273	0.34198144099802
0.0263829841920444	0.0256904460587104
0.496116069426181	0.783606347070671
0.181786559945025	0.236521898370939
0.112291444701675	0.105367419911202
0.336074222323027	0.404415871293844
0.823804861601455	1.20359350038942
0.572896501107342	0.613858441914125
-0.00728252956171755	0.00672917585032342
0.378802371458249	0.271168554644808
-0.29705576891187	0.330075969969634
0.354912803326847	0.56282662034922
-0.0338188302101163	0.0361377987724581
-0.856738955041254	1.91751971912751
0.354642828259235	0.634126027433296
0.364020068869943	0.750859363027544
-0.142158610799645	0.209098769253279
0.0244796390675268	0.0268746804098414
0.190496003339706	0.254643447429621
0.137245446391145	0.173250763019259
0.30002040238032	0.14771302368504
1.34020511969672	1.02563784730129
0.991053545103394	1.02274914750695
0.243404284833115	0.220202948496909
0.402976776645106	0.256770743257254
0.0880635441758291	0.0303830587493939
1.00513400351784	0.494798277703176
0.16042828416686	0.126443796811708
0.526836251006783	0.503865192698727
-0.364316512305341	0.172107699906021
0.467844705129382	0.171057763952974
-0.856975979637728	0.756329170766961
1.22116723588088	0.666474529444551
0.692852646040183	0.65804060548953
0.69303274832858	0.669495867461652
-0.520268203827399	0.524487169869911
0.240869201405051	0.169480469190226
-1.01770227965475	1.94425557784746
-0.31622440623295	0.46490454880899
-0.150668018065075	0.167311164347334
0.290235210294323	0.449989467941418
-0.659252346369219	1.4098099241578
0.0805581318998009	0.106447984704547
-0.240000232100825	0.338146966337718
0.0907384834505624	0.105870430132729
0.607695895133951	1.17170025578612
0.0482532326339304	0.0537433695947282
-0.00589579357952004	0.00598180527003878
1.96762459474511	1.72360620171883
0.127970240370208	0.18977125579598
-0.107293394056583	0.145997799198617
0.158025248486354	0.226374400928671
0.216343058917779	0.311411186449122
0.486943930186733	0.922076032443455
-0.20110712918746	0.263269150711458
0.274949521117946	0.411134460262289
0.14852671531185	0.193771089341164
-0.556336180362272	1.07717425447652
0.651241527112733	1.26542310293667
0.181250021943048	0.28917442415363
0.362562541219538	0.692245715559715
-0.20228047005737	0.303070120093815
-0.717850233918893	1.55877413275696
-0.0920845043708367	0.1196862716859
-0.294359464526391	0.415374459774631
0.406917052533387	0.708224386492628
0.309835418551885	0.523806164863993
0.112170593440003	0.124799446476024
0.10232887294492	0.113134599868461
0.488612355220833	0.645904633165332
0.0954400574875943	0.0969867440514521
0.701900100155078	0.946820368424943
0.0820785224743209	0.0649499952745481
0.336091009743482	0.266923033623406
0.224070153867262	0.265931748431227
0.229499509937884	0.271747323893243
0.368384659856883	0.267226057617362
0.373848049727985	0.400774070713482
-0.0897563445149159	0.100401672010928
-0.742829723678539	1.60646502372403
0.605686121218024	1.1652371855755
-0.24043097419396	0.386515652786973
-0.713773932500578	1.7840979910736
-0.387550190822324	0.672369765062631
-0.265497358512723	0.370871478001297
0.0556837693855503	0.0632806781099559
0.383472521975753	0.258723814820835
1.19067153773799	0.808075350141944
0.794303604258648	0.806617269719087
0.514869888131105	0.475180580697988
0.466929354583662	0.631818507676205
0.790230970632921	0.904546405169175
0.457536242701265	0.437030636833212
0.592925597066111	0.412759286175583
0.482859560749435	0.267272460253289
-0.0852950374435031	0.0653759236355821
-0.0358594074110841	0.0279998358903883
-0.116425515629706	0.0753391636886869
0.303196203286044	0.151352866076988
-0.346472191440021	0.256652584968102
0.331929739232322	0.148479481257662
0.705032123827802	1.03770629964029
0.108863759406265	0.0957055265514292
-0.459694087539911	0.820896648969568
-0.485531813685642	1.07046403535165
0.14317591175537	0.171157412248229
0.0463100405768461	0.0633495412300645
0.605954702358223	1.36472472235711
0.0717354017241672	0.101981037357637
0.300389096734	0.500581133468173
-0.052027291112822	0.0706906985967905
0.454323194483989	0.868332426236371
0.101821116136775	0.130636932053326
-0.104265105837089	0.121439238375809
0.0448620060252874	0.0545082135258414
0.324529101967659	0.288812372797845
0.788252212036593	0.676683536512684
-0.053989097761104	0.0482145770248064
0.140225399232063	0.208419697556942
-0.196833128151395	0.320552673351065
-0.280901311029923	0.482849445960806
-0.52954382923775	1.09707784114491
-0.126903021750486	0.179815240631866
0.0688953429921853	0.0889567729403906
-0.0632377139800079	0.0730634702602865
0.247099404559478	0.394603613700447
-0.0515245457421089	0.068010859534557
0.0584934966785694	0.0718818497311132
0.111448395323863	0.144243658495788
-0.075028446541334	0.0987818636905857
-0.0362210302405862	0.0465767859449379
0.0190513489103649	0.0239519478011328
-0.402362925276478	0.746995470702219
-0.294307650865704	0.478909069349887
-0.351413539353133	0.583949935317755
-0.0881601784489438	0.100038205781687
0.324230597039215	0.497092217055085
-0.252570582679206	0.375102175577912
-0.124691281545978	0.148781263990826
0.213952668567802	0.294062167139507
-0.163425503039851	0.197222535947481
0.225709002384265	0.268094754663135
0.0661614026572475	0.0673170370499843
0.936781331267668	1.63273779465527
0.25295897992186	0.437384627054834
0.430155415744985	0.380265943147536
0.0497312761538498	0.0496885882237509
-0.0806963785663648	0.102256624787947
0.0907000794942066	0.119767905579133
-0.138782813682148	0.170949353349063
-0.420760694182102	0.747823569776405
-0.0236939346776107	0.0297501033752892
-0.0908560342369898	0.118765315723549
-0.493561026437769	0.935209388030048
0.0425408654555777	0.0499584922583291
0.111431714580025	0.0677505628831658
0.736535800021405	0.435706061316806
1.41162832391571	1.35863900463107
1.20841819153562	1.97545419023987
0.106465201672519	0.14776297231086
0.152268554128779	0.196337109069193
0.253217829594745	0.391791759950731
-0.386175378228418	0.630579675857346
-0.38176288003736	0.722661888263007
0.135664133023605	0.196863801685665
0.115831447609373	0.157262269195518
0.472988465231503	0.740116533175433
0.242527170500842	0.460069770762827
-0.461264463493955	1.06242560537878
0.187930548058433	0.227741261466617
-0.226183971066092	0.427290141683057
0.34184031029791	0.485973461371065
0.722981585418818	1.1833815261703
-0.51741072130045	0.853471347234564
0.0251562315782212	0.0236017467775803
0.587413694315417	0.864503142944718
-0.373215141794546	0.444912122233758
-0.552389384986624	0.778352325659793
-0.138712822446189	0.162485873846336
-0.00205913164430147	0.00225593693666984
0.328479873399232	0.749297969654907
0.371500481742314	0.403146790245198
0.464077155037977	0.582163491193307
0.228341277565395	0.238170506507909
0.710206195135947	1.08981103559705
0.465534156845391	0.663760397589123
0.469693217098123	0.591114591440696
-0.350396727536323	0.417696638533835
-0.448308707684391	0.511457916004292
-0.103368183920842	0.0995718579814392
0.173672475090513	0.179994717433058
0.024231925375484	0.0220206599557437
0.652260683123662	0.982221803525253
0.136885656350293	0.144315420145961
0.053052625310024	0.046749599182324
0.224203726720341	0.245779012692523
0.440304875665032	0.576887944542642
-0.518511157330399	0.721653790952565
0.511411091564912	0.593729773722318
-0.35017777533149	0.324621414752992
-0.160525716296292	0.157832787622726
-0.48217485785036	0.564655158366344
-0.756801910817725	0.876507826536646
0.180833722664768	0.179860129200893
-0.144406332831707	0.131601493498429
0.553680511541641	0.816525882243426
0.0977936628820565	0.0997205655903606
0.288216256702232	0.543165635098809
0.75716364985423	1.15419427970557
0.358285184482404	0.391077749145926
0.0792347093402948	0.0944485258322788
-0.0877172080617889	0.110273442858351
0.310845051207878	0.802026848090356
-0.147903758425944	0.265109050194506
-0.180974928783243	0.269837801924086
0.843702300334952	1.36042881051797
0.0990854477312696	0.0833540200827632
-0.447467982067209	0.521603100990255
0.11923885291862	0.110834388502055
-0.373034221801396	0.38949162524635
-0.386692214821867	0.587765079091383
-0.0517506545872906	0.053535551892849
0.184803678574176	0.215130587718295
0.0878744423720751	0.124324555604374
0.1043097625125	0.157455029970218
0.0210767237909621	0.0262387869166014
-0.131805587413812	0.196698880656293
-0.155782798976835	0.229205849894542
0.157126355786597	0.191514231825055
0.125735703125231	0.176297544812339
0.145123826867978	0.16564505017965
0.111749322558415	0.0945802085283511
0.0265212159107206	0.0242707433970321
0.30055621674714	0.287806598454161
0.11468998055601	0.105439324985451
0.24247986520564	0.255514633664428
0.0670300950423206	0.0602121162481202
0.0527257612738761	0.062579381901025
-0.158968424063191	0.234485492396533
-0.0459971620403442	0.0591916739596363
-0.0641981673721296	0.0821436116980844
0.143758789553698	0.215608035691485
0.171648616889565	0.252435791356703
-0.158315921465984	0.255520257169993
0.669051233146702	1.1543250626566
-0.273057734726509	0.36641519693825
0.10391065001149	0.116806277139407
-0.399566148743776	0.5649464639347
0.728088614719541	1.17117117807756
0.791924295972815	1.39521526539863
-0.285829795759536	0.304810685158786
0.29248449557017	0.412409672275017
0.265889872820403	0.407570282369428
0.165424696933489	0.198521542495681
-0.00531172525004327	0.00495348342978449
-0.945562558772951	1.49316199933138
0.0364862278445479	0.0350901241190308
-0.121929230759199	0.128352621378302
0.111777166987881	0.104146841229549
-0.0900440137101513	0.10025821753431
0.128637958926459	0.130117086081228
-0.215457360248414	0.258836039532222
-0.00621406863305606	0.00571369161509473
0.510496999058329	0.904147012102278
-0.133440931617118	0.140300036976829
0.67729041579647	1.00925403858088
-0.495121483860231	0.639437506890421
0.171406340546804	0.176678220218619
-0.0458453252942923	0.0490019094378883
-0.00572965824228655	0.00523673365293137
0.226108490429273	0.233401630875713
-0.0420919725850554	0.04185241238753
-0.256454426443303	0.256305977712478
0.484913794209686	0.577468256686832
0.785367625488707	1.06147284687058
0.289372781406746	0.345882550842751
-0.261372278504982	0.278371924392243
0.285792025638264	0.327095372699641
0.377925240703451	0.468977410593627
0.287256517778063	0.326218521331341
0.259175819971747	0.314896204210514
-0.0349188353408437	0.0404816362069213
0.0723953265971684	0.0935209036063018
0.634104461691706	0.888434506148172
0.737847127142779	1.01813779440573
-0.0370160451239871	0.0388578564421931
0.343149238153614	0.550191880893665
-0.28734461528594	0.515374693659216
0.0701470435716901	0.100187248529743
0.327379955018263	0.543699048075296
0.496289739826089	0.723488194719511
0.229339587905051	0.266627932923031
0.0336417919246485	0.0313718441112591
0.235080423211219	0.222982677923284
-0.511962269255007	0.681535364329185
-0.0203765856964562	0.0239452233166515
0.183844322793202	0.211302579431451
0.149108324484988	0.198945935380695
0.060514521637524	0.062068743154505
-0.626141933986134	1.22238507561186
-0.055638134041644	0.0621999677445325
-0.0627470932841553	0.0697458257000757
0.278146033880793	0.438359414538156
-0.035147159521375	0.0382817490402121
0.434424082577222	0.641180957376671
0.092158250939963	0.126024459068616
0.0590893074591669	0.0887681510940314
0.453083272607916	0.941871407143955
-0.00927889280881852	0.0126921710644437
0.108154465876055	0.172824446274883
0.569746025325738	1.04715804742512
1.2095676020466	2.07741177887922
0.543687853748675	1.05649657409028
0.0426384849803551	0.0335486009452118
0.0396266082638298	0.0263614760112565
0.666634531788411	0.734558069713358
0.341228759594072	0.278920274543835
1.06247451660957	1.42307012146937
0.416934975195125	0.391242102037205
0.782702929749607	0.673741363096652
0.648714748656536	0.807999206246983
0.142095877997677	0.147934493618336
0.284906394545063	0.466727007740417
0.371905318840408	0.470297067941074
-0.0386489306704353	0.0216129950724631
0.516347086477845	0.500790951678637
0.1370807864221	0.099291040253138
0.88785828621743	0.850201746233843
1.47849776566876	1.69650288679114
0.406910624870875	0.383228066979634
1.40290972815715	1.98132702457053
-0.0889359352392629	0.0690976496002997
0.679160100419076	0.85031265905458
-0.265647823633577	0.290607763062092
-0.888778597376398	1.0722982567978
-0.216945772417948	0.154174935812177
0.387328063174326	0.267373350544064
0.894763279421616	1.19004107525181
-0.343550291541379	0.31560011279183
0.591222890095464	0.607156815563543
0.0552350140141508	0.0385042288466973
0.13725993587546	0.0998884036978216
-0.0459662583130601	0.0319981291576177
0.353994590731474	0.274335165505907
0.456326374156692	0.37529102416813
0.0147048879992476	0.00906990851207824
0.662257100595218	0.629330345161268
0.335444321365851	0.276290540592563
0.380765297649154	0.404780938643791
0.522545262383868	0.494812358905304
0.514969356678894	0.743585877756457
0.386088312691091	0.850342635172428
0.048683790963381	0.074111337396563
0.0638393590226216	0.0801958558706283
-0.00172483734560967	0.0016219894545697
0.231482149780493	0.177195977379331
0.731553828782828	0.659524528439318
0.229702257537598	0.189681554380702
0.0467896573332737	0.0319621148728862
0.797306127010471	0.53012853111601
0.356092700418392	0.268780801656986
0.427216040754499	0.383933262175829
0.508400458597404	0.397480718885539
0.0953532476555154	0.0514356372016082
-0.0197933089781628	0.0161512920574049
0.161087938913748	0.182104318958846
-0.292820664319876	0.773860379521163
0.206446044766861	0.347621962183753
0.626039706424128	1.32539671442272
0.432101712292822	0.470341319383878
-0.356590966399366	0.297497693832672
0.238678066326498	0.202468923626194
0.916133292100973	1.07439647820559
0.0661110707249037	0.0590585529023215
-0.215441517885614	0.207903799150183
0.459363218487166	0.627092595781247
0.106844603216325	0.122772979235563
0.0967076461614085	0.179391360223777
0.0260443804978922	0.0398866770899574
-0.0939182250014875	0.147592938502487
-0.0418450378918778	0.0577232840733364
0.398828836462163	0.483884377700464
0.931265567209	1.31677518570281
0.707271198980767	0.87231088409097
0.165711602383077	0.241598507957067
0.341063232998587	0.482806716284246
0.158374370886691	0.13100185740849
0.173770475305407	0.140877564073102
0.85821764354885	1.0045701083821
0.62180581754425	0.524406309118181
0.116414353647448	0.194706814132277
-0.130852009796006	0.183721508151101
0.0518204108544602	0.0784675877174557
0.58663425474481	0.751529763282634
-0.134311441696816	0.190403602327888
-0.00927794078861055	0.00667524306282852
0.00139408941451364	0.00102246742876588
0.583011613101471	0.499640685335774
0.241051860379109	0.220016827949059
0.866525728428092	1.16845494480746
0.534797683130489	0.499828984393818
0.424564845424187	0.386883495454956
0.311789161345647	0.310992316420564
0.741607197044193	1.73496704330448
-0.0233822948661847	0.0212589821674878
-0.0682037781395349	0.0532328168409338
0.0343939162746363	0.0235303359096878
0.414203552941802	0.269708158496927
0.172145963049966	0.150992403753587
0.434789133612066	0.391518340968978
-0.532728470918684	0.642153309570885
0.0447265477829408	0.0299447543371833
-0.567292326085105	0.574124361632535
0.60574659748612	0.615431941173062
0.233695464116411	0.209626782940196
0.418573565260155	0.3934182848764
0.469761770108865	0.490967626310752
0.128608900221039	0.0900806168384727
-0.161358688106193	0.117543582732252
0.17241402272928	0.153072051159231
-0.0482571048329582	0.0338987561765638
-0.00947292315349902	0.00667530514292218
-0.83169463972627	0.906875584262489
1.52056962594796	1.56774585794582
0.829666504914279	0.922665832049056
-0.345802726823897	0.338339174816132
-0.182864018074653	0.134414861490786
0.224945668241855	0.244613970338222
0.147656935527044	0.228266968462134
-0.108052006096959	0.183433873403793
-0.127399411224502	0.169291620146795
0.346954434158903	0.566745228654239
0.107347389259647	0.0646127541281041
0.0635611315991213	0.0474688385324922
-0.428275042812498	0.386676190972432
0.0928309943597644	0.0411737077815502
-0.393008925784684	0.314014876877139
0.0663618402184015	0.0489116909002109
-0.156599350060755	0.155553357735939
-0.130307717956605	0.148095879226911
-0.0194209046222564	0.0311042114967391
0.355385110170674	0.779679240343942
0.638673946606351	0.724077473099637
0.239274889216527	0.223581442994898
0.546359094489932	0.598896970211318
0.44725785607848	0.494580192873921
0.192110945353394	0.23741617449277
0.234201106589649	0.343317778277294
0.0424068791643862	0.0509256247637115
0.284111145378367	0.325423513005651
-0.249532409426203	0.210142593892339
0.947151491470541	1.22154326855983
0.185640134505112	0.249810007842694
-0.627409163470967	1.19002649166482
-0.0410906271459657	0.0322741526562097
0.316055141716077	0.297682890037433
0.115857009791718	0.0754362386343498
0.422368282540862	0.374668876740184
0.69289819766886	0.642928516156079
0.31858783177204	0.541133782089534
-0.193596860241621	0.227562935481985
-0.404480984296439	0.788695779003514
0.216093743335143	0.295356436016657
0.42309340063852	0.493128167514794
-0.00243894422352608	0.00203795148563558
-0.704537038586847	0.785076705266489
-0.482027306684191	0.500276174661142
-0.095455055933217	0.078834465625701
-0.321638993017504	0.334023104692253
0.313179900830568	0.400656859889414
0.0481914331474961	0.0566064495679579
0.228331093668691	0.255927669939091
0.293244518272006	0.294640560981696
0.566927291434488	0.687259719846938
0.107659464129544	0.0922305418862993
0.22478022800211	0.256566425142628
0.457973051336685	0.505657694808637
-0.0146198853321307	0.0119608770288586
1.49121205308354	2.11385390880895
-0.194001588996771	0.20010898911319
-0.321363097626016	0.31085003311054
-0.254873679187484	0.224293336017821
0.248714374350521	0.242828201607304
0.794303775575484	1.09154398779564
0.653963695960262	0.811206777705049
-0.301494530386934	0.22758331943493
0.405824554219227	0.400416380803559
-0.255555694970015	0.241556103577217
-0.571584289518524	0.440349280462429
-0.106321543525475	0.0807614966674429
-0.134170957800197	0.121087012158185
0.160987515178923	0.143815518143655
0.402202609601719	0.483982613883736
-0.671907233301915	1.40593926781859
-0.0529876618927002	0.0666672569066123
-0.0794541063594924	0.0892615479358752
-0.217083906698149	0.305715856685849
0.423862809285585	0.486908436592447
0.100322382053016	0.0872546618482565
-0.320123594332459	0.287380838785316
-0.374779158468093	0.444756692028667
0.220605684448435	0.216154058942236
0.325040510578945	0.369024510463441
0.514778201356372	0.979102260152234
0.422552968553046	0.77212629153418
0.378104131587656	0.63420647397756
-0.229398393037227	0.207200249657064
0.511084489610482	0.576099749657083
-0.125748201018394	0.129374026521539
0.450671651684946	0.643130374462095
1.1703156081026	2.26659975275341
-0.220333883919855	0.275121385253862
-0.531403301119726	0.695320022870796
0.284270835145957	0.323367881813664
-0.210085139197815	0.211519689013427
-0.600585013891349	0.936391737582816
-0.505696378120414	0.829372457977402
0.514266413320803	0.695415442786758
0.184681043636813	0.190660010518804
-0.0298380236892202	0.0269041843748035
0.0496780779784834	0.0386685419425637
-0.476771769356125	0.536306188311029
0.175849905853554	0.155690527539478
0.673714463410403	0.833673828532732
0.226919666849871	0.348877555535644
0.261544991745621	0.382586265101601
0.165431697034906	0.231512199041264
-0.113045390077011	0.122119428957363
0.237604135312291	0.253606614587627
1.02681829985829	1.6239971863608
-0.15235186475822	0.135220703458777
-0.0580452489594678	0.0449251997923286
0.290823115406021	0.329844897646895
0.714609833104499	1.18281626928648
0.79224413168921	1.72174647792141
0.0817008527443206	0.0928174937079162
0.0240763839979517	0.0217643239836216
0.540458679778004	0.771104386485541
0.0494160581100448	0.0427069241714146
-0.31622791272307	0.272781415162864
-0.198546664062313	0.188603934559069
-1.17062975289124	1.78044007132295
-0.263447802774659	0.262866547642769
0.814821943402675	1.42841502757951
-0.126789868185067	0.0953209491221951
-0.0348410825323191	0.0278194120778971
1.2099409235638	2.68349598271748
-0.0181744118940816	0.0103856840484478
0.377654796699201	0.379495863040533
-0.377434734854885	0.399465534865789
-0.128844371201468	0.0974491380782879
-0.538716976835622	0.65649096670867
-0.584328347046588	0.632125020356727
-0.437286527831731	0.447266774803055
-0.0592599429072708	0.0576397276892854
-0.385607650339982	0.574337354473498
-0.316474054849477	0.477239207373055
-0.107033014565959	0.141565262383102
-0.10878685694878	0.0815588609318916
0.12068571160484	0.11970561853646
0.155982165107446	0.128162909358139
-0.0554102216720997	0.0424479038679028
0.149788607703908	0.161214181463753
0.306752198156754	0.396228796707819
0.496345095730773	0.497413509227613
-0.144635790026013	0.116940049194656
0.0934908757045627	0.0788996354982767
0.181042144534621	0.189223425020275
0.0462700728478454	0.0455891611684306
0.214270947578207	0.270110103563851
0.18543160178938	0.227741358766196
0.43018193553619	0.578253766022432
-0.0719329373096906	0.0687381759678162
-0.299561608107458	0.361240405785666
-0.457396781187492	0.766222622138709
0.0279585226012492	0.0283428393466423
-0.970659467508052	1.58624632449925
-0.50196697558893	0.616989464272703
0.209288740976853	0.300353702932894
0.132256122931969	0.142443633424027
-0.0643903227376846	0.056752640862775
-0.609137978973814	0.852070587507509
-0.25900522829381	0.277469872749388
0.374209386746557	0.386163062071275
0.994674714752697	1.44934117116017
0.414725665244869	0.623233419217456
-0.00830759779887271	0.00605191303130956
0.118694431120207	0.0761058243076554
0.304001895351458	0.149098987780002
-0.851637720398649	0.444693755113077
-0.541855387468074	0.287785033054662
0.0933862250107659	0.0476841960581245
0.451294826666784	0.26622700772378
0.258229051443547	0.397002353865349
1.39320541516562	0.832754615882738
0.550743248668699	0.289007200605363
0.896859585272265	0.591983318878663
0.895684629443265	0.59744833958237
0.997242060916852	0.98558948235321
0.236600179038935	0.166795105801458
0.276545534138518	0.149706897674874
-0.648875468716614	0.485898171679994
-1.03846777039731	0.542562382304674
0.762801487163888	0.320585170638168
0.555778356717	0.275736103855128
-0.658552963896558	0.317521657552482
0.488913099162685	0.263193860378201
1.26406957989324	0.55227187092237
-0.519969549445346	0.356525330006657
-0.668174787764666	0.314135857072406
-0.0873262435498142	0.0434307277376756
0.0861696887796715	0.0671686547389037
-0.58495254391224	1.13561766273731
-0.279122917812227	0.537180070274728
0.158907063569815	0.190917229742054
0.405061011638658	0.654969089096705
0.0882183230375426	0.033843802868227
0.637766234911145	0.278034501989394
-0.251309422123385	0.140415251434735
-0.11195311628871	0.0855911501766073
0.450923793883199	0.56370154996749
0.733391329348562	0.424233338900129
-1.34221622851469	0.644182760698786
0.0981445190986191	0.053042341652867
0.107404450895125	0.0633644428233471
0.541339794376285	0.485840286775428
0.130276278632224	0.0901211843393676
0.238216266219665	0.258188650396001
0.220473598216157	0.262076602009703
-0.0860347699598588	0.094524071468386
-0.144176737633183	0.245216614318085
0.0251135389495145	0.034422389843086
0.192135390546204	0.35722624388806
-0.154746059785328	0.266843147847119
-0.251848658747942	0.451193428294289
-0.199383075741128	0.258360156865552
0.733494725035458	0.670022345010288
0.4941496337366	0.38882576332392
1.17949758845774	0.965554016728231
0.19353626049435	0.211636124450538
0.126959935278032	0.0825939446463866
0.258650358653278	0.148090724163929
0.898228043726584	0.60165747434106
0.0967462527850126	0.0452653870296896
1.47134570597127	1.21531265692137
0.18681187970581	0.233828407565152
-0.150652424574397	0.167519763825778
0.906302644859982	1.46860208471803
-0.0142027568390861	0.0114227469970318
-0.148793186666936	0.13632184075478
-0.41462390308561	0.402655120017982
0.23545917483985	0.248788802010383
0.00843472449927984	0.00718700711645373
0.0975399004777007	0.105010836212483
0.532366682485691	0.641801697099389
0.552036306315365	0.664512993322085
0.0372440314962562	0.0286525852473384
0.108142638434321	0.0959029483465868
-0.291716954698609	0.29212415938792
0.844911839384787	1.47702155186226
0.371336465374134	0.372208391620165
0.228931709615064	0.184122401869981
-0.369284269284667	0.448124411822697
0.441337537795462	0.496905657017776
0.707666817753238	1.14358608312337
-0.559874117172217	0.63940811398789
-0.408518275274712	0.458102539808685
0.655458767232641	0.782789458797444
0.0762245860623434	0.0734602968012578
-0.0951910892693616	0.0806355172912016
0.273548476730201	0.324257868682189
0.175935854001497	0.188039577274673
-0.0596654014836097	0.0617879158578405
0.220629428253736	0.25157721771156
0.277040288727788	0.334132731927796
0.0983300009108386	0.103590144796632
0.122808082843794	0.120384218176979
0.224347061075775	0.227935849461606
0.000283772196079202	0.000249001038063054
-0.089090972854267	0.0684153914847607
0.0319086447275951	0.0289751022085073
0.502440933083871	0.927129568810851
0.18201450562347	0.181745958659367
0.230859231496219	0.224998082381388
0.137449615407658	0.161274329645522
-0.197335075735565	0.192028661123075
0.124879350851991	0.131185265941732
-0.0518230085921291	0.0551663953494071
-0.121689261189728	0.161726724635002
-0.417421309245991	0.624037955994068
0.696050310088665	1.17315487363601
0.387257265722567	0.493449704001583
0.236102667945707	0.229573924317298
0.306156367797047	0.308068453840888
0.274613659175542	0.300356634571824
0.4099656980444	0.649891226082066
-0.375501601257505	0.395709108113687
0.380250424788314	0.454969268877132
0.415088347688629	0.613382704209106
0.273288414321734	0.342870549533985
0.123923322568771	0.118470417232163
-1.43996338505551	2.22524536661182
0.24082981893378	0.241403942012932
0.239162048436668	0.208912278260709
-0.125456648047916	0.0924995935753605
0.480624305648781	0.507198965273238
0.183816052685255	0.196129601949269
0.162601354524507	0.163142896555383
0.167067337230465	0.134307904917785
0.496531059637318	0.595842649625063
0.38030700351505	0.392343001492189
0.69464197525436	0.756449057038387
-0.320398383281157	0.269148881188707
0.0756018275644914	0.0580149562392525
0.30574829202456	0.400878472868572
0.115445731638669	0.13062244217936
0.23455151741944	0.176695647638704
0.525750491608862	0.593510771232927
-0.306831613675787	0.280601204601489
0.68850147287504	0.766529231225777
0.173420274644161	0.165230362528139
0.285876081862579	0.308924349694685
0.184813031337079	0.187231949253695
0.353311635242132	0.386359261428862
0.704474519634103	0.734738669107147
0.420885115712761	0.382047323498418
1.04771813826854	1.61746461091969
0.407942205512849	0.479356734588089
0.14207675568354	0.095596397375791
-0.176831518043192	0.159053739430851
0.622227869813862	0.717531697213443
0.00663492322872657	0.00505313935902834
0.301503731275009	0.295863013018258
-0.345460438075027	0.274746303055853
0.107718836516521	0.0628685154860441
-0.0428757679485402	0.0301790341841092
-0.0167466955043005	0.0117563908102495
0.588166634700214	0.627359258262954
0.0975959192906696	0.08243560612511
0.0990685351355269	0.103483241977281
0.244454409395074	0.357935661942788
0.0614924272207561	0.0643101860635494
0.0022953752264269	0.00125619441944106
0.951358317383483	1.42499168919029
-0.028073954733779	0.019485496838273
0.788902834966557	1.21558338982155
0.515558515826281	0.764129189933877
1.2576209195659	1.75408927190376
-0.764090206006975	1.00861995492594
1.26371707469616	1.91335932778406
0.451074665574823	0.560039052781182
0.0911155829353945	0.0912514413354939
0.83203935335578	1.06690359284467
-0.146513956831892	0.197568229766384
0.0412306955461654	0.0471391019650398
-0.427405186685478	0.641696445641685
0.495985424218381	0.709715418374678
-0.090058325035043	0.0897736082204907
-0.148808540584302	0.146151607704688
0.478553821042708	0.730965711209416
0.236288626510085	0.249689861022099
0.344925386376396	0.407548665420023
0.551330031136588	0.695151746213683
-0.506864438716383	0.557522992279051
0.236010994088878	0.191705236008975
0.0789851495263202	0.0595173472759386
-0.110404442699822	0.0822087470762888
0.161173508007241	0.113567868454991
0.0873689970678398	0.0702302886090502
0.00179278121829522	0.00130900303327249
0.0923035861445378	0.0743369407696613
-0.311658950432536	0.270300179816297
0.590119558333986	0.502605763403377
0.762811300198593	0.775928780288505
0.458112810705526	0.38593014929671
0.418735552055655	0.358463702300825
-1.18510055106463	1.27779161406409
0.244876022131275	0.219413233727431
-0.49806180934916	0.62239776359237
0.231710622253119	0.273974882294912
0.0253433930671876	0.0291025735768629
0.0469136442876491	0.0512808626745392
0.058099471112871	0.0494990634579467
1.16841188776338	1.17609954544967
0.113182183761994	0.0678730086263698
0.114518091064334	0.0686489672653347
0.132042277572743	0.091401571478822
0.842254551399941	0.923318133564173
0.387338574282687	0.267592330085506
-0.281078251567498	0.26089520113996
0.239551252165908	0.192658476398811
-0.346165405079958	0.218675795815132
0.06075906243416	0.0446471632199494
-0.256686817106968	0.17639841735468
-0.442339815396198	0.34305039192539
0.120096621046056	0.0782346703741975
-0.766127629186527	0.822355156931307
0.237660504522368	0.164842814946661
-0.443210893610793	0.36849391034251
0.132042277572743	0.091401571478822
0.688600160074226	0.76533425167476
0.296902012292205	0.312557743814889
0.258126660991399	0.34512089459022
0.0694738576378912	0.0509879918581301
-0.555379110458559	0.517328434107716
0.240822696684046	0.16213129442356
0.786736327858415	0.730653100858972
-1.15616849742231	1.36631372994348
-0.764538644143035	0.911484358067766
0.305102243059501	0.299279131943539
-0.0321660642889247	0.0309665542076573
-0.510821405683785	0.882134073218828
-0.318126035266285	0.535536183844222
0.177473802337892	0.279066567568008
0.079084274863055	0.104551159415316
0.166907654068122	0.259197018819819
0.252602511241154	0.40304475352459
0.787906656691952	0.782419667523286
0.318249712906974	0.286187913477111
0.164582658615438	0.145391110445566
0.238327461397451	0.167360877502892
-0.119225845090984	0.0772970571805213
0.687000420796103	0.646253177531466
0.451779196904722	0.395127015654095
0.868133632435829	0.921104713566265
-0.96252153610592	0.814372994791879
-0.182177252848464	0.134230615050435
0.10543952464498	0.063458144716912
0.12713886723251	0.164513953171709
0.0615692438968919	0.0864305505564189
0.966600249304029	1.84977511946566
0.333894757713247	0.279465741263223
0.668346623935659	0.533419313371739
0.7351755075365	0.439555632965869
0.236747054620793	0.186993886518803
0.243124635979963	0.207972637082518
0.390120315850391	0.603166605245807
0.0400842114538005	0.0482047745465455
0.762118341388421	0.329453468473609
1.37877478244556	1.52836140512046
0.513133214675628	0.402095676450382
0.114429651588802	0.127572496641175
0.729088702025359	0.53572304998691
0.378903886099431	0.255636958871735
0.367161138148679	0.273529454050942
0.408924155557286	0.260112003270796
-0.185900781545612	0.136172743880789
-0.119778625406932	0.0766889940243021
-1.03420308463367	1.04288378285098
-0.748666962781731	0.614086594706843
-0.210490143351656	0.12353118573374
-0.208430489348839	0.147681238049175
0.340568302678909	0.149030500651319
-1.1538212904163	0.817028706656386
0.100841618220157	0.0306037225182791
1.05317639447898	0.87300746907127
0.447444747188232	0.271852130685519
-0.00966516056220246	0.00553546256734786
0.0694191814529856	0.0507556494634578
1.06897204490737	1.03843329778155
0.0935570105220749	0.0392173832926779
0.550148283132671	0.288176659673767
0.296748982555185	0.298378057493251
0.417008065521392	0.27342121143291
0.893342644194655	0.556899849116281
0.794212295042052	0.994482046638274
-0.933002912549395	0.961308264163904
0.157533347984861	0.129134133016724
-0.12755665662256	0.117187744124127
0.12121477619145	0.136836419211138
-0.33359927682636	0.482749760686887
-0.173940870000981	0.326459387005793
0.00676253761031735	0.00848612320212911
-0.335764431089897	0.740373131549084
0.127871227046276	0.210356210820404
0.927779241389262	1.58365749604124
0.120087871591802	0.078051234109734
-1.03504016807441	1.0715683071475
0.346380537493213	0.260726376598694
-0.039822673806915	0.0216763647201714
1.17057641041978	0.923247000928032
0.856231916305577	0.718075135718251
-1.15323969795678	0.808269062360299
-0.704592008840624	0.407756881137539
0.0834819649139695	0.0317717691651489
-0.170399425991728	0.104942488165074
0.185902741535112	0.226957790705934
0.184812482471392	0.270328456485321
0.524176829744151	1.01303622505211
0.51020383632957	0.963090088171933
0.971062486316499	1.51980231781828
0.0874840000960461	0.0687865733260619
-0.0573499765000432	0.0494342870116971
0.0141717581150169	0.012079304060337
0.0392243986679805	0.0383092127427676
0.179497453353498	0.214294321841267
0.171663136178052	0.152827199956093
-0.147948346946861	0.0907150750284277
-0.176760589672797	0.126802785877596
-0.0415970321592297	0.0284722783651028
0.231860173439353	0.270829525808863
0.584686703766869	0.934335549453163
0.411895245149979	0.387215627841524
0.908556110830692	1.0589450313424
0.557905403562105	0.602398512391961
0.246035062943864	0.200795931107657
-0.85555734993215	0.746432895999835
-0.339716080670037	0.248591757958785
0.585125625753222	0.608803772548582
0.873805613644676	0.887433059602089
-0.0745106818595668	0.0504495722388309
0.371923213200356	0.275659886909798
0.43671792356309	0.360923355950727
0.620021786985846	0.736288850726837
0.56023971259464	0.50171073672204
-0.0683161134089607	0.0454689146249623
1.05539352393281	0.884761390760975
0.00733223506628163	0.00602367526307456
-0.145361932817182	0.162978635514465
0.232649474652868	0.373568893496181
0.265248143097999	0.361339420819976
0.291277655716031	0.413549481461282
0.561485885698147	0.70473745351153
-0.0177536016636284	0.012497788377264
0.162094771625612	0.132243620247676
-0.0681010944992602	0.0576311110118429
-0.220243107140042	0.228517494931552
-0.551801062653065	0.836800124808795
0.255809958200941	0.340335638551195
-0.410348716690065	0.730557408572093
0.596989806517166	1.2921127989532
0.326723082833581	0.504853437378853
0.482575952167467	0.924322721564745
0.570605104511082	0.852955292801038
-0.142856584200321	0.116960465624389
-0.75780591119109	1.00167062316611
-0.255002405710357	0.231123347900805
0.23394790901429	0.17136869693372
-0.0605248230702578	0.0415296044896255
-0.391555404995859	0.314133247956504
0.515619283663007	0.471348191548599
-0.527845141645978	0.450094915368732
0.238007411741947	0.195004542805065
-0.0254802835292668	0.0181442988362405
0.224626383208539	0.336628811616503
0.18445820668612	0.205005609789286
0.249366462295348	0.355336393995666
1.10020808243211	1.31385199119424
1.11324719918623	1.28677294859148
1.3915137037017	2.12603503608218
0.16347690801315	0.150745397399011
0.117264340359256	0.072218810948143
-1.02743069786979	0.994717220055098
0.0861389859713823	0.0416449911880078
0.248065403065192	0.15765318719525
0.0187921741812593	0.0214276485038571
-0.046631096697159	0.0488438878710042
0.223812909149743	0.1635112864388
0.332074179998452	0.28628960018203
-0.0409217431845367	0.0220173089285857
-0.0648695775388003	0.0330726601321284
-0.181423879641423	0.143083207479433
-0.844978385225497	0.469028078101134
0.248627491409197	0.157839907756009
0.463679171105253	0.378253974667361
0.589623545787374	0.394807166808102
0.562639941388302	0.513235296481891
0.234986681738304	0.176181880016765
0.795075125084666	1.06847132584614
0.132926834360242	0.212434384682912
0.446536528405653	0.877229284455504
-0.374436919412505	0.481716395322158
-0.168434303851457	0.102724008718258
0.367537559929308	0.264712963447489
-0.0319746005718802	0.0221879272643935
-0.847053522833786	1.45383000807728
-0.122404895572053	0.133108982528246
0.0757361137175617	0.0902078238770629
-0.0882971121575832	0.140149506549624
-0.0128025215201815	0.0171299742219137
-0.307786937047718	0.632527334278679
0.199931062422335	0.364212465607876
0.560675212032159	0.499356081623618
0.245026846494546	0.160237436032949
-0.186481029060354	0.136852173270224
-0.336344686473444	0.220134184864754
-0.108383201249673	0.0684402346112007
-0.289533872371495	0.199440093248052
-0.435962467820466	0.348391298725252
0.281948313628005	0.144663745375782
0.288689917080236	0.151387710875843
0.896465842898185	0.591351246763185
-0.0225291903330443	0.0296424217007669
0.213139863957048	0.315426216472037
0.00889139540239848	0.00537419166834322
0.25195044156409	0.379806728648919
0.260072849577035	0.351178965154864
0.55427692257325	0.670311573900296
0.45515688493149	0.5830763574484
0.0409949138483477	0.0329014660111508
0.631281963674791	0.797901245756153
1.12379485495259	1.52006469796874
0.590749286945713	0.611501768107168
0.394360271925048	0.374179426950926
-0.350881679939181	0.298787416431933
-0.807797558654616	1.01163878223745
-0.505602878611457	0.556068740646937
0.761218485641144	1.23341375450029
0.246851116075646	0.22225484790058
0.986637542662331	1.25507568547438
0.231554486544644	0.228137188962195
0.232712090591264	0.185143629658971
-0.111595865290546	0.0822466915577841
-0.0210682661669427	0.0146848232548666
-0.0929003261191277	0.0777448900783045
0.312919804503197	0.295138413908119
0.449199293935767	0.557334231420054
-0.285666875570021	0.327191659338089
-0.129545663628288	0.140318588768941
1.41829826827223	2.38217432764931
0.0168489347971644	0.0127297515200033
0.550034794893654	0.588594696298341
0.211865659687456	0.210716536730527
-0.0490150655329199	0.0437153306196398
0.463340656169071	0.716663007887222
0.166017009481695	0.18254949268208
0.230325204131931	0.320650137667874
0.0700695271928736	0.06593818276943
-0.0170426297031446	0.0117846424899866
0.396560035611402	0.36763932687778
-0.0227468419237104	0.0184289314525325
0.0997304772044549	0.0785173419075087
0.664032978139552	0.837427866722412
-0.149205288132035	0.145756403177629
-0.0364107020132193	0.0328062294789343
-1.20326450565074	1.89561505894156
0.734399156818286	0.961069692475913
-0.227780479685054	0.210426338997483
0.638049104458764	0.716744065849884
0.228945023388573	0.193692304086099
-0.0537824384866502	0.0361191772690977
1.86468582376007	2.92129894003454
0.384967867781624	0.380840530324623
-0.531992982521982	0.651417731528799
0.14244038260945	0.148888490594303
0.645267099430994	1.26310710903306
0.468222274634587	0.662931570312127
0.47828088310331	0.866381400400389
0.65122150695069	0.879019566080596
1.05133566457715	1.70902556912518
0.869110467407555	1.1576600172661
0.506671955276818	0.496187199215828
0.0707737569616014	0.0517668003918157
1.25268716648166	2.00444254621813
0.589687372164772	0.518856826222327
0.346038264494599	0.396455288850769
0.276687222880617	0.305632271990825
0.480334943918524	0.377765239738207
0.232757161667455	0.182868074713943
1.04063208379237	1.23047920161431
-0.933261712615282	0.978354331977648
0.289582510304415	0.379400590301608
-0.17809360828867	0.203894261372517
1.1703021048078	1.34523689575761
0.294774472124946	0.277628494421439
0.960436324510347	1.11561690307833
0.0179837692111471	0.0111362996578401
0.433034336828858	0.476250248119491
0.415112563358744	0.384295778634153
0.323640029160195	0.276030832032008
0.139604296016073	0.0918363320202063
0.586414359992161	1.24596337286638
0.272892332923192	0.344630018132844
-0.192640025106397	0.151773181652317
0.224814133998707	0.219061106652742
0.694027859008543	0.953307261162007
0.562849818547756	0.608797073202109
0.0447578572314313	0.0332353598383179
0.377196569426279	0.542742960213518
0.151649852040966	0.203680215249379
0.147281301435079	0.164842783346731
0.174316429251772	0.147443375678208
0.0677247246063902	0.0495120203682032
-0.00205625455186788	0.00188634865728733
0.11730208683983	0.114950664732084
0.00497153581931622	0.00411439807346127
-0.973956052744272	1.34676591833661
-0.648835595370855	0.746629806536638
-0.132935982088333	0.100785316759468
0.118937157306077	0.0802030080043008
0.0729499081335982	0.0545233265007305
0.450790802764408	0.394959618821113
0.988335724526293	1.17233571302021
0.555618010772431	0.491879309891767
0.23707802668743	0.209081507099163
-0.559312735412641	1.15624774834805
0.574053496174226	1.03504782314415
0.536302712626245	0.500053238387357
0.284348655724249	0.54094482483141
0.547291261186372	0.884830654268465
-0.00889690073662242	0.00639785042495602
0.710956610097484	1.48797023063329
0.578212605938472	0.615855530389993
0.357709585868105	0.275312067747186
-0.45185840114942	0.326497906637202
1.1882634434085	1.71119597362402
0.663012064181124	0.52072039104909
0.280806177207001	0.152872924530413
0.234306465998034	0.188993957540591
0.706816951442356	1.01420327933986
0.222147007880517	0.281316453267553
0.266635353534553	0.152795572401504
0.142950537851106	0.185798349078074
0.227954222295309	0.274610164892773
0.795982212516144	0.917772265486682
1.3590159276955	1.59496814414889
-0.995529674786069	1.0081416137118
-0.00711070943573482	0.00417727466554424
0.110491845721829	0.0663818437593782
0.367815481402738	0.258047654202221
0.117352917556975	0.0736172517891721
-0.861759731503649	0.672496263607073
1.56139122589575	1.06431772512581
0.34737578825747	0.646434373949465
0.0410502524476113	0.0370633493301421
0.462739877899888	0.387432774840926
0.848396181313953	0.806434355769173
0.342823564999488	0.398795011849431
1.07095486388776	1.03849726045513
0.60334546177313	0.668401452760959
0.367935079131983	0.546845841907411
1.1456406399289	1.78679995965354
0.786302355587096	0.707861446367511
0.107698785276799	0.064316624365787
-0.0518129548226411	0.0586866943623123
0.730794836635341	0.679262354297271
0.657813128464283	0.625628112176887
0.429454513334886	0.37672193293281
-0.475533526648118	0.430347571608473
0.237792533434831	0.152917192652547
0.342227629545598	0.275346669099873
0.800950785961764	0.551442473735756
0.714287815855069	0.778087931232088
0.198555293288463	0.330922104727908
0.126577238486759	0.173677784300885
-0.0460763175477295	0.025504639781173
0.419332549003588	0.565576333835628
0.473567986836963	0.940332800714865
0.684787712797404	0.913955577776765
1.26338625000239	1.88928356544585
0.678705594216613	0.748289983015274
-0.0686106953194449	0.0463907351466907
0.661390528275752	0.958257871599623
0.672910302217631	0.833491653419318
0.168616269257427	0.131852397777044
0.3320784520238	0.458687334304441
0.311136597266523	0.375838915213671
0.16772780840677	0.142669834950006
0.120963502643615	0.0805331854325117
0.668452661577089	0.81663535049009
0.358954643767743	0.268468939131457
0.0468610557217145	0.0366022061213892
0.509997257778599	0.895675387485778
0.085838210134348	0.0841508653422266
-0.0517311586414978	0.0485216301441701
0.424966509879881	0.582719333043767
0.165368545250492	0.151526539690704
0.23634800133757	0.27528889425127
0.212301589307147	0.277660891164657
0.558290275183355	0.916252983373849
0.271615815339596	0.343236935192107
0.52897734170144	0.783306329157415
0.435282245125956	0.657948795962518
0.0824197368171451	0.102340599606681
0.029737053776476	0.0307285987509242
0.826025814170736	1.46881966635712
0.212738971657823	0.279493645296401
0.303379708951651	0.449178859801694
0.630592584699279	1.25351336674818
0.0708405308135068	0.073956189726151
0.0607039278164259	0.0720204131390074
0.257084949290784	0.335185640286959
0.181879653503738	0.261690203107613
0.0456576266758406	0.0516212356470345
0.084952741706127	0.0965496868980518
0.390592016185344	0.594632963017901
0.159871573878781	0.129936368245387
0.175060397490048	0.158063121067982
0.248802211833163	0.225166668646108
0.297080976069429	0.281561499853012
0.104544310704987	0.0872194349730393
0.629977543331343	0.295071200113915
-0.397989979346878	0.117974320602497
0.349737697406228	0.448255747386696
0.381265255196715	0.151333107084063
0.337120871800632	0.141833332580204
0.192472244602704	0.267880528486845
0.648687792639939	0.408373994434147
0.133001746506622	0.0266815972730519
1.41468284128736	0.476047656296758
0.104172183965817	0.0308550491060492
-1.86923226907539	0.770863727873956
0.545966802583735	0.785977420315855
0.0914274134051659	0.0345769939164211
0.762801487163888	0.320585170638168
1.40570491741215	0.834363975236835
1.26816091680392	0.574381438846744
0.101649572542974	0.0309006320571505
0.553335038571283	0.791401093205445
0.37802241696139	0.735969541046119
0.328177514590533	0.35066780657963
-0.608781942615907	0.39823717144782
0.381997976371903	0.151376048698378
0.633007514384565	0.294661552287673
-0.675294486493991	0.304624912347185
0.0910222122296667	0.0295596481680705
-0.212260111849826	0.0786369658563018
0.459976221436086	0.470581837526945
1.04225100274965	1.25099958834722
1.03103836951995	0.637669048481874
-0.4589061952489	0.197413126078523
0.104900312130082	0.0315424460194993
-1.0894967551352	0.450611506994057
0.759151709455524	0.328075522385039
0.757590403436549	0.322541715501254
0.097111391524782	0.0292139208575234
-0.197673123491523	0.0681544027034153
0.0924489677311661	0.0317142458206075
0.0497129425887238	0.0409481338488918
0.125831437252571	0.152765394863254
0.917838568353289	1.46603578390906
0.485977589653964	0.278349707917687
-0.399585349034207	0.117760480470411
-0.657392185827201	0.165268089701776
-0.367559436629383	0.176589290216707
-0.394401683291924	0.117397243044943
0.39017620484233	0.365675861378292
-0.261961488000931	0.198482666524224
-0.586536604574653	0.225506044046811
0.081025501980274	0.0266440850237574
0.550910415568628	0.289164757680891
-2.58475812768928	0.723077298597346
-0.582072812397898	0.227235723617758
1.22329285100516	0.652342023619165
0.104979128228455	0.0304386465725484
0.087103995768906	0.0291952995169282
0.484036092339301	0.260002458485871
0.808514742186987	1.0245125570239
-0.375967264541993	0.605479778571872
-0.771035963895983	0.855822738377364
0.0840990847923158	0.0321852837786214
0.103911947333288	0.0300278758711205
0.379884028692276	0.152766065486777
-0.458758727431256	0.202110747549662
0.124793148559194	0.0316859887487473
-0.0320818972598677	0.0219057224759782
0.312867049819829	0.289888877426522
0.100841618220157	0.0306037225182791
0.087103995768906	0.0291952995169282
1.0089072464739	0.489153429774268
0.376254364420624	0.146650219858658
0.632868136850619	0.297070487699706
1.41125997169507	0.454083811744503
0.382848947002851	0.152056376793806
0.627855419181531	0.287069025105785
1.7761290776706	0.704380794080722
0.0894481958393896	0.0343787598115402
0.0891506942717827	0.031648345761088
0.233561562190488	0.185515264476521
0.442849118043589	0.691278875758565
-0.0908968706035001	0.0781156219527394
0.467143883066304	0.172207431346016
1.41302712954348	0.474622792105401
-0.155213151912879	0.064612279797391
0.127192694705326	0.0314595327684852
0.787817806715767	0.952226291496027
0.634506690845518	0.53196838866518
1.21324272215976	0.664934543234127
1.71133638112025	1.3073402791795
1.41871585749934	0.447904087300322
-0.150065878230747	0.0608333751456503
-1.55455346652315	0.786278585468162
-1.09601350000344	0.405994229114047
0.635784520261636	0.285200600868948
0.383101403131986	0.15484281839632
0.801757173139864	0.548340909194555
2.06630267466789	0.897561197895968
-1.87003347535541	0.792495066482564
0.621299130100455	0.19765529034279
0.0894793729975313	0.0308356082297688
0.89975019296111	0.555552960294263
0.113148462911192	0.0694588510699014
0.170617456042082	0.136408118689675
0.194036270783048	0.248387755765072
-0.317017571936856	0.288199424272691
0.109619343168471	0.061268907490643
1.41384623483254	0.477540905589309
0.636221045762256	0.301173135071298
1.26994849283154	0.533366971491823
-0.657392185827201	0.165268089701776
0.294946146554384	0.277864674744314
0.464980995688294	0.379280067476572
1.01065963476843	0.485092756845564
2.29511862787075	1.13150410858522
-1.09498920416149	0.426677981651915
0.849505592207103	0.45333876334529
0.467203797027238	0.167465311350541
-0.212760964716108	0.0764657891795757
-0.206985317524967	0.0766619196803267
0.0880635441758291	0.0303830587493939
0.0885441827660121	0.0326509888354013
0.33269365293906	0.149083407765384
0.0921878308663902	0.0355558451479542
0.096251852154538	0.0500295942540757
0.65616862813674	0.406873626372049
1.26465608024742	2.09740740233292
0.149580067298151	0.203998897097624
0.120849433354169	0.114447891626993
0.661899615214919	0.514076670362431
0.490634760150543	0.253864995773378
1.41300915646821	0.464933497345061
1.26406957989324	0.55227187092237
0.370327959280602	0.414195589076354
0.677460517905186	0.723275706434989
0.759852197565932	0.319713495002548
0.0953324886145103	0.0396781355043154
0.382848947002851	0.152056376793806
0.388253165719951	0.149161995811956
-0.366967557897962	0.174614366826506
0.106627812287884	0.0304988637763317
0.471393967768386	0.168487760111406
0.850710305513077	0.43956247930169
0.547487516147559	0.279156023853911
-0.289984311772413	0.0955561998393385
0.104900312130082	0.0315424460194993
0.260367641949647	0.138724617934581
-0.202565565132145	0.112651163004582
1.20735907417464	2.02318656052416
-0.0821772668124625	0.0746453230044468
0.335102631871802	0.150822439033477
0.308046390607977	0.149400384572543
0.61692723352674	0.190712979024442
0.886329937946163	0.543189452192422
0.0892388412973452	0.0914514525640745
0.083319899612186	0.0611567405943182
1.56199025024633	1.06775848663358
1.51615344664263	0.730240896260288
0.630898947065519	0.272695161808429
1.21809431141485	0.689496896686378
0.294312810884623	0.13714571755313
0.307594558327535	0.152369927736369
2.06365387700246	0.93730264429458
-1.17674783681612	0.370172278890225
-0.151263517677284	0.0632877474019867
1.03373823278399	0.598419238965201
0.275163034149006	0.349381130343529
0.0563049374356506	0.0571176094455051
0.632160919662591	0.526007166467395
0.124793148559194	0.0316859887487473
1.01276637043257	0.471798536854318
1.41053606639411	0.839858355426178
0.467203797027238	0.167465311350541
-0.197565788091766	0.193488036504369
0.281760901241106	0.297602339103399
2.07056313916252	1.42082843030809
0.893158764609415	0.581325503798537
0.341274215236607	0.154072446466247
0.138719287628381	0.0278738142929699
0.136920705038257	0.0276544244584546
1.95728726474171	0.516817053041281
1.95838308976339	0.512785793969077
1.96048854087427	0.506380448177604
1.95838308976339	0.512785793969077
0.123958640083443	0.030889091157911
1.0565374443727	0.844986939443476
0.736976510087482	0.672989490732079
-0.168930212759972	0.103273809470069
0.127507435795411	0.0887426672971246
-0.114833872815683	0.074997610337686
0.23533264251377	0.205451204315448
0.515829744045617	0.676816338392276
0.278927305604562	0.146283143012377
1.18748306525254	1.49506993537406
1.27965850152779	1.28894506766025
0.479618723540459	0.703405617805423
1.10957847811238	1.99608874716007
0.105836636399132	0.0934190800098432
0.293849871787511	0.337341169357829
0.440136150665447	0.577124104200881
0.914432825173679	1.33796246233302
-0.477512528434612	0.783255264915497
0.545589165944898	0.964235060312105
0.510739465309467	0.674459503828206
-0.0080811759312238	0.00657913240422645
0.0452198191183986	0.0412751137767341
0.220392008103299	0.262743478914934
0.0797604893712312	0.072568337083588
0.540583527588938	0.66808351639318
0.035448404812806	0.0324703968408887
0.555969685445601	0.764042381300576
0.221166114910892	0.25840943269327
-0.509276804287244	0.697080284929292
0.46820368507007	0.645969830330165
0.546755315766372	0.885494683876472
0.145498180751616	0.175330290101535
0.0529418776832989	0.0503146958349478
0.238086339651904	0.282592780639745
0.230261544959819	0.266299581547567
0.237446620094467	0.237129732019447
0.511521124762833	0.681003846327284
0.517820872221356	0.505204262458574
0.0498515344878778	0.0393198265828128
-0.0421475228136142	0.0327671637513817
-0.293293190711958	0.303898009511971
0.467308390667535	0.802814652503963
0.149609257438868	0.252238571318708
0.425492689385173	0.369239024255727
0.450260938285611	0.36838489129484
0.222435975732435	0.158649444909058
0.27993206879169	0.403652477539117
0.0284894699637507	0.0331865213116745
1.52406407375084	2.24044262843063
0.490672832571033	0.500830187576044
0.154647796943645	0.123651987992402
0.552782668249433	0.616277295695211
0.890239366963681	0.571002533299617
0.780866964115067	0.658604646730524
0.157337874109751	0.130641327947392
-0.185945659138609	0.27810197210636
0.123303206879635	0.205640398448226
0.29807235871913	0.14184406605875
1.03755767835784	0.730746893308487
0.0930254072256985	0.0426525764057745
0.652951372069103	1.20778375532644
1.17006526416804	1.18272527374417
0.458344361512281	0.380994233585269
0.385211274978999	0.155472224241984
-0.201257512567899	0.180103728901213
-0.169363041229264	0.230482551051074
-0.13398554514	0.248433734416913
0.134752241393083	0.185439012993268
0.239788560828383	0.165598344453569
0.385797142129816	0.156132490652696
-0.11263477317255	0.050012488942774
1.33806113625496	0.989959480931716
0.117942567499706	0.10581463158245
0.411250794831329	0.392328287172502
0.0936432027462196	0.0508268919842256
0.424940104823394	0.364464725461064
0.738617973685318	0.871634055297855
0.239826580682166	0.250725048268558
-0.448951472234743	0.774166007247701
0.240826955279838	0.406657074114663
-0.170547944824719	0.237547627792628
0.175368282122798	0.166895132002294
0.897454970518112	0.81740818019138
0.0676765377673146	0.0621614949847687
0.0873689970678398	0.0702302886090502
0.686713668704429	0.629592719434563
0.308901322046639	0.315271311242521
-0.159268396477122	0.118405109879114
-0.295630135954668	0.241950777905786
0.793209999912862	1.08387388423238
-0.297972321342977	0.490669214265572
0.0124495685070693	0.0170393130654717
-0.11757159361756	0.161869097212206
-0.200498310611932	0.219018909625964
0.2827263031389	0.320364281360423
-0.226766916510283	0.178977884371717
0.0273578992422296	0.0250855118354349
-0.547032750459847	0.836466460377213
0.114971964678335	0.111504537091779
-0.840926509122084	1.32958758074267
0.164132140022938	0.139499460711151
0.232933368425566	0.265353291002437
0.0516644335529964	0.0625621201210065
-0.226229359587613	0.381374041957109
-0.0207398567069823	0.0244067152511506
-0.151672297413391	0.168814988636205
-0.0781545752512122	0.0600462986681217
0.106807083755483	0.0978071189848082
0.764120669295536	1.01537512670757
-0.0555189737826301	0.0811012949450634
0.099039067177595	0.134938797453383
0.0355137487611535	0.0463486934795336
0.0929792941506615	0.12514982713962
-0.186739837188362	0.280725681767837
0.281057626397304	0.421199764080796
0.648599012841855	0.903566560984941
0.145206683064218	0.159865311756246
-0.107571043039307	0.147321977294467
-0.179874883112436	0.256666764491163
0.0143350782418775	0.0168008890331154
0.282108009861655	0.507739426381714
0.0317968327295726	0.0473315514874916
0.29994409451805	0.582742185980687
-0.135653600360099	0.200020967109285
0.0254289319333532	0.0316243175219334
-0.0261510802212489	0.0340029005233892
0.0776516635750427	0.0970299714991808
-0.13976188823986	0.110148810610002
-0.0153717788755004	0.0138564672957782
-0.118185503840109	0.176921483772912
-0.232508144855887	0.363187438387922
-0.0817929045043584	0.118333730558744
-0.101470135780383	0.149069249653398
-0.0381452862930681	0.0495565189394918
0.404406109977905	0.720147770770322
0.377998313282558	0.748469980748048
0.0973614770493719	0.130527009244127
0.0645382195027512	0.0878993537085903
0.224290585472359	0.240231927504637
-0.065585185466304	0.0509952781818619
0.114775936578398	0.105821680466
0.00533290393086619	0.00659337664796811
0.155308461679368	0.263904711663362
-0.0839630902949297	0.111765576737418
0.791085904068012	1.65903109924785
-0.137614378859824	0.186516792241032
0.175102745766863	0.24877426741776
-0.0232460142566619	0.022793668322254
