x	y	clickSelects
-0.108207192815192	1.10247791411782	621
-0.077069478902721	0.637865959669004	24
-0.09089581551385	0.391386905571803	535
-0.056015518023554	0.270186795100868	535
0.117362307733304	1.46741953984858	24
-0.098765574122264	0.382219843990312	24
0.067112193937298	1.25098317282001	938
-0.012336103715802	1.03039357629091	938
-0.062702174905012	0.489152529263744	141
-0.027616498107104	0.665864081606243	141
-0.010442539388066	0.506617300376227	317
0.0590384400483011	0.50798655128646	317
0.046265881596539	0.832955713886078	141
-0.09299314259911	0.489924113441916	141
0.0992526545353219	0.742289090401996	141
0.067782629334167	0.839689561158567	141
-0.086835575270435	0.583507686891364	95
0.0411406307817041	0.263253680835191	181
-0.018689100568478	0.25762651354476	181
0.087313081726404	0.605650181287008	282
0.11962621063934	0.201522244647387	282
0.102673003526146	1.11366034207972	162
0.067701544477264	1.00372116285504	162
-0.118190893660858	0.252375087171017	162
0.058275779662506	0.820447854955199	162
-0.033558405016549	0.171307702237758	17
0.11962621063934	0.201522244647387	17
0.062518129363664	0.701853373470103	17
-0.052555252811768	0.271852130685519	655
-0.09278207697608	0.663824720025324	655
-0.01930319458793	0.369393107286623	530
0.055301881948277	0.688391916644458	38
-0.031074853313915	0.489692561939747	609
-0.110427532079184	0.158366184621759	38
-0.102910515161134	0.384991290422236	38
0.054757720795842	0.283787561116198	38
0.04524598893486	0.38355799518128	295
0.00757550971536403	0.389772392723526	127
-0.084119698942108	0.270186507811677	127
-0.082414379200138	0.376760350242775	314
-0.06010208418218	0.267108510872824	314
-0.086057511178386	0.26944980551914	314
-0.013046938880446	0.2793226805995	273
-0.037764608719315	0.168297810515123	56
-0.030125206900971	0.172372103841324	56
-0.030853245144421	0.16865764734221	209
-0.112544903499217	0.158631103032102	384
-0.120763906098521	0.152283902967799	384
-0.11856158074139	0.15242864646868	297
-0.030878559284433	0.171666856078845	14
-0.018510872483034	0.264946411482091	14
0.0462976944101921	0.280280242490032	14
-0.117543487372211	0.151228488898172	214
-0.116974923159305	0.151696272117205	672
-0.046774881121752	1.73663614024999	621
0.085619137330112	1.76190837621537	621
-0.035051913612291	1.70747104067	621
0.074575842116692	2.418064167202	621
-0.124549299371396	0.811902829666862	621
-0.025569014283838	1.11661478712258	621
0.059292633503474	0.899701113336297	621
0.06342480660527	0.600095409831726	185
0.10469065655396	0.612638406500236	24
0.0754386779057979	1.1976864474698	24
0.0340936749469291	1.02419580084863	938
0.0800887398325451	1.64171842272434	938
-0.059241857770567	0.263832119906844	317
-0.018427717642477	0.392077467537744	141
-0.011810733739962	0.490076438336577	1007
0.00670023938665898	0.750889599287316	1007
0.005813360419752	0.495511224492003	181
0.062461614295512	0.499967412607655	181
0.045142912522559	0.698965656837648	181
0.043880742679925	0.404671023489172	282
-0.098971030188111	0.402456935373476	181
-0.010334365091483	0.949132121930211	162
0.018388728335467	1.02609010199909	162
-0.023909928163779	0.717732359354951	162
-0.11996164951205	0.263521734014679	162
-0.035586505102787	0.165033552824477	162
-0.072288159143708	0.386979813484273	162
-0.116898596868014	0.15484281839632	17
0.114478989136667	0.194606563884473	17
-0.110516187928753	0.155631806439836	655
-0.106168692813843	0.26823624576081	655
-0.00662464666721302	0.468938778174498	655
-0.07129695603522	0.387505341982684	38
-0.013792811890267	0.587737772910945	38
0.037815918814923	0.476113761262588	38
0.055576654352149	0.682316141405024	38
-0.121443066245357	0.403276547736462	38
-0.03482376209182	0.16502306968552	38
-0.114851094282345	0.154698509416655	38
-0.114290070662285	0.157070938330489	38
0.01269613833468	0.50156966743022	295
0.0441619876757851	0.385380028545791	56
-0.096097282786663	0.378947915406625	56
-0.071727543747896	0.386885614600935	56
0.058869580736636	0.490160990344829	127
-0.118478023927887	0.253561689114822	314
-0.114851094282345	0.154698509416655	56
-0.020508268362849	0.380353995495783	209
-0.015189541250569	0.265809179986133	209
0.122076172115503	0.201430407091027	209
-0.031394207996038	0.167251262805583	456
-0.030878559284433	0.171666856078845	384
0.05209998195322	0.287926108969597	297
0.118892862835363	0.192614416933485	14
-0.120115971307724	0.152766065486777	214
0.121221930205857	0.191977994150092	142
0.113656498860624	0.194210317184637	142
-0.060622665488412	1.7426476325944	621
0.070637018006559	1.21023064322229	621
-0.114893101828672	1.00369871289212	621
0.00504007458749001	0.546960896387581	24
0.080503966521972	0.704285586179816	24
0.049982005584459	0.285679589370213	535
0.011466623818133	0.388969323775929	535
0.00076212437705403	0.938130767859456	24
-0.062928042552632	0.819726043018391	24
0.089016488632031	1.1742428479386	938
-0.04003663043217	0.795458225874774	938
0.00620057076548997	0.908476759449377	938
-0.00964212072876702	1.29802539199371	158
0.050232639035699	1.25794684637189	158
0.034803643020742	0.362436966655591	141
-0.00584669860077602	0.272053470698829	141
-0.092651076968587	0.491045965540659	141
0.047224946790346	0.679649873521426	141
-0.086052367796858	0.377971413389732	1007
0.045149270128735	0.77726712334581	1007
-0.113481732692765	0.464001580718855	1007
0.118353041390747	0.720417580514351	181
-0.042930569385632	0.474172890553899	181
0.00348140519284201	0.254208372782691	282
0.107349346464628	0.616604482365337	181
0.040801523556282	1.03124518122299	162
0.041722378332946	0.719354295571344	162
-0.049092998136934	0.768876939727941	162
-0.073758881422219	0.570159094358687	162
0.068235521488951	0.589081120650216	162
-0.096622624883295	0.386476779241734	162
-0.030125206900971	0.172372103841324	17
0.117699607015864	0.194176298788628	17
0.122076172115503	0.201430407091027	17
-0.047850835992515	0.392058775986631	655
0.096320133825651	0.403225046560176	655
-0.090840663499578	0.261997355428873	655
-0.102500952216658	0.436281513586116	38
0.086748223692226	0.384775987997257	38
-0.032564290041672	0.162685569761941	38
-0.04051043635603	0.389668909082398	38
-0.063989045691716	0.385684467972827	295
0.062410987167946	0.592554591323446	56
0.088656471927981	0.411259888206281	314
0.118805831150545	0.195440497449165	56
-0.097253600821104	0.236141166977942	56
0.049542202472994	0.387924393422729	209
-0.011084005054999	0.276447697880442	209
0.047487516147559	0.279156023853911	297
-0.114851094282345	0.154698509416655	14
0.050315288243872	0.285510786453152	14
-0.033678242586139	0.165521982592106	1265
-0.090247687064837	0.264873650570326	1265
-0.114202857870184	0.156132490652696	142
0.121299130100455	0.19765529034279	142
-0.077621415213521	1.42490860066063	621
-0.053238989176886	1.52514737997143	621
-0.106259905820955	0.629437494864684	621
-0.111888091926978	0.824536023109013	621
-0.030596585823952	0.91770535807161	621
-0.089346412997403	0.904992085806949	621
0.0455432639440559	0.777037539800303	621
-0.053784367200735	0.545862391814554	185
0.069666557616235	0.49483457848123	24
-0.111622789266329	0.4033915070734	24
-0.034262152738267	0.167034861267776	535
0.013198314242678	1.04121424406797	24
-0.121809628818609	0.374430878630197	24
-0.015509393927023	0.790301311714115	938
0.115934648898921	1.27775498481391	938
-0.000532589443558995	0.497805603045032	938
0.104624683736017	0.809549685674508	1007
-0.124085573672071	0.387680429272587	1007
0.012296714825615	0.403295948532735	181
-0.122729254848667	0.544478665194582	162
-0.059183251528387	0.771814932870136	162
0.124298678264984	0.499325543561058	162
-0.00953939546235599	0.278217951691113	17
-0.037764608719315	0.168297810515123	17
-0.040849976491625	0.38831583876392	655
-0.021808317952959	0.497712901293584	655
0.085957586089777	0.615377256996016	655
0.0840718234508741	0.626735621537307	530
0.086419836520074	0.601010207505972	38
-0.088162057835429	0.384010896266605	38
-0.00347424356089099	0.561704352837553	38
0.00303278445869903	0.480420626579511	609
-0.115675549873541	0.157431951292729	38
0.0131419862422	0.390523248155581	38
-0.063812109420467	0.460186249736062	56
-0.054380422436859	0.389403189919244	56
0.0332737558944169	0.359099308823126	273
-0.061225310154057	0.260475310047909	209
-0.03361802040995	0.171492856136262	209
0.122076172115503	0.201430407091027	209
0.11962621063934	0.201522244647387	297
-0.028689980246204	0.15964175477456	14
-0.031150660061243	0.158829647155731	14
-0.088590593771632	0.269245039568389	142
-0.112455127725174	0.158055588629721	142
-0.033613229203834	2.12716873891941	621
0.051435798703798	1.8297540596379	621
-0.092787259082889	0.982428980874506	621
-0.052151610264029	1.14863943821696	621
-0.0767456517669	1.24553528566474	621
-0.01767821888239	0.662876349233107	621
-0.066805401110238	0.493990488989605	185
-0.103355946510384	0.581020015885645	185
-0.024785762736167	0.570529246286984	185
0.072916529228731	0.502544888481826	185
-0.03625178778805	0.502957263620093	24
-0.00237787088075903	0.787834451074806	24
0.022416925688613	0.563077819727868	24
-0.045124662438548	0.459415212005881	24
0.102534338605572	0.391732017351831	24
-0.099915497476116	0.678307463600208	24
0.018957832821076	0.394719608972752	24
-0.073125288972857	0.494755711947154	24
-0.05311462903507	0.487118893532215	938
-0.080619190640702	0.71101950991918	938
-0.084564613908406	0.719860824526657	938
-0.119302070518559	0.896592974610154	938
-0.075187558446985	0.898470605741297	158
-0.100358569406994	0.942227546300091	158
-0.116407221603546	0.574160161037049	158
-0.041352949226889	0.874968768545563	158
0.013154065155321	0.495299967925641	141
-0.112839877933388	0.379314463638461	141
-0.022914134635233	0.471092301207401	317
0.091261561913041	0.40205567411971	1273
0.05209998195322	0.287926108969597	1273
0.111146070175834	0.925550797763892	141
0.042463786572421	0.85729933718826	141
0.034938129455238	0.688876515677198	141
-0.088354388129111	0.401873222776106	141
-0.083960322418867	0.55408895864088	1007
-0.083730199636377	0.467385400556962	1007
0.121255761839474	0.19539411213957	91
-0.111162358829902	0.159147929071506	91
0.1184713881642	0.19066330145981	282
0.050330819090918	0.499009889489998	282
-0.060025713686445	0.351250846611174	282
-0.043977330212874	0.506114635818749	282
-0.011223925377475	0.501784807429023	181
-0.044973364069883	0.390500115069893	181
0.0102189082399901	0.483586695828541	162
-0.010507950887584	0.278930149033666	162
-0.079729691420925	0.566324089621635	162
0.0665679447580621	0.897219869585405	162
-0.037251928693027	0.795473490474832	162
0.100112922308335	0.492936690072495	162
0.0699167709985971	0.519129977580061	162
-0.065276747785533	0.46991233200764	655
-0.116325163543614	0.155957430958996	655
0.081467132366136	0.692709963202286	530
0.122852637035919	0.197576085447396	609
0.114478989136667	0.194606563884473	38
0.0937815616308369	0.381139784058532	38
-0.119863221751084	0.148635867981594	38
-0.094789025241945	0.254624704028407	38
0.013688185667597	0.39167742581832	56
0.119991359051099	0.513045511478192	56
0.049534347295363	0.403878168187077	56
-0.014022410346036	0.278349707917687	127
-0.084661192539473	0.264631712277052	127
0.118849939816202	0.201943652777816	314
-0.111162358829902	0.159147929071506	314
-0.041861971678206	0.354151743414841	56
-0.00933057038180601	0.280589890710774	209
0.118892862835363	0.192614416933485	18
-0.010507950887584	0.278930149033666	14
-0.059592316456257	0.258285156364087	14
-0.03361802040995	0.171492856136262	14
-0.119294974588462	0.153683990110454	214
-0.107938260225114	0.154958751568619	142
0.052862801687898	0.286874156005202	142
-0.104163260956748	1.69033710019958	621
-0.052291639838879	1.43317173165807	621
-0.025421958010051	1.12982379514564	621
0.01733831277584	1.3662422319584	621
-0.101208721179125	1.2811068817877	621
0.052088382424818	1.06085696031927	621
-0.062915587042505	1.07713280676607	621
-0.089224339076161	1.06981424171115	621
-0.068341668213083	0.468759214262466	621
-0.078511155540357	0.265712403503578	185
-0.00251669929158199	0.272540073235111	185
-0.005020844313958	0.580859286444042	24
0.0509487643959839	0.260245080681549	24
0.026334319772313	0.606958966026176	24
-0.101280487644028	0.748420804779376	24
-0.019686059428292	1.38635034863598	24
-0.059103396087902	0.754143247344025	938
-0.00525099018783298	0.599987576245552	938
0.078382147833442	1.15107251747975	938
-0.082380378398918	0.97153051702874	158
-0.077831014436572	1.01906968971516	158
-0.059586970828711	0.458596905312911	141
0.094694320399594	0.526967907206922	141
-0.050155232041693	0.270261708938926	141
-0.058980924637913	0.370427307826282	141
0.044654602172439	0.604665982255248	141
-0.080913005872238	0.545275407185635	141
-0.022715290915828	0.158654845925005	1273
0.089969164989542	0.393595142750011	1273
0.121221930205857	0.191977994150092	141
-0.074539168948642	0.576671795968695	141
0.087220727317371	0.75699412907264	141
0.012117577714189	0.707404023366552	141
-0.12238442029656	0.463959747836236	141
0.123320766471343	0.868718660303469	1007
-0.119151382811059	0.539629366918739	1007
-0.01516264280226	0.585094300154804	181
-0.101037759583246	0.398167434049136	1007
-0.03458744719087	0.554527471179953	1007
-0.112906817976959	0.152419850500768	91
0.0250090565484939	0.589052955732119	181
0.118892862835363	0.192614416933485	282
0.0418689628829601	0.589415208805311	181
-0.094465074164952	0.261566000849364	181
0.040137225662676	0.496665946922088	181
-0.110075456734471	0.270116479517515	181
-0.015393876057923	0.273647779524858	162
-0.106758520186268	0.635070508281755	162
0.0344259781184491	0.612776256426336	162
-0.033558405016549	0.171307702237758	17
-0.108407241191007	0.146124157880073	17
-0.103443830125271	0.46443527681917	655
-0.116122862206819	0.396921035932416	1310
0.068050400016332	0.738009140624686	655
-0.081670342923715	0.39002135570015	530
-0.015240585874396	0.385571973630421	609
0.118805831150545	0.195440497449165	38
-0.027729842686884	0.483211880729718	38
-0.056282796926042	0.361609354447373	38
-0.051761016277514	0.392002189779985	38
-0.05734577846551	0.37471969020493	295
0.058495713017772	0.590072914427288	56
0.0963559894892601	0.402380573770782	127
0.048415072994848	0.282674452330828	127
0.094976411905985	0.405134343288258	56
0.118849939816202	0.201943652777816	56
-0.116412951587723	0.156012044058552	297
0.118849939816202	0.201943652777816	297
0.119669786755726	0.197421523304085	297
-0.00484402395047301	0.2775941200248	14
-0.00738182682830701	0.272288357742999	175
0.114478989136667	0.194606563884473	142
0.121255761839474	0.19539411213957	142
0.0428677305137281	0.277736292769951	142
-0.026084089557113	2.48015412894568	621
0.023942503367792	1.06240900835502	621
-0.067686563720055	0.621342019405388	185
0.124166988092472	0.953250559414387	185
0.0402698009279811	0.591449124496723	185
-0.104512958871564	0.643322264083869	24
0.108734237415194	0.851601487385765	24
-0.122381768781149	0.867162273881167	24
-0.070940449723461	0.690391846276962	938
-0.02873347357901	0.996397859744981	938
-0.104665923483331	0.494057317359362	938
-0.069526004723024	0.923671694750045	158
0.106899168119449	0.633225352928132	141
0.088291223670394	0.394641894335418	1273
-0.094888635864061	0.386593999857816	1273
-0.027172642567764	0.166462099744829	141
0.088159543106885	0.519666373454783	141
0.00948718373596802	0.56342295005597	141
-0.033574181593675	0.636442960486216	141
-0.099299953087334	0.477824416377017	141
-0.110055749256701	0.393412825560186	1007
0.091365035318603	0.504061887971085	91
0.00618156817215598	0.387891492341894	282
-0.061495671097461	0.267260652160514	181
0.010859823022675	1.02465715122576	162
0.0150331949488129	0.819207244426469	162
0.036621435928142	0.76713472666169	162
-0.079094415964135	0.579356766335772	162
-0.058200776215141	0.262719880692359	162
-0.03758243601106	0.575557879759414	17
0.121299130100455	0.19765529034279	17
0.00135889595162397	0.729989613815477	655
0.038469888340915	0.505407053638147	1310
-0.090406883267628	0.380297992672118	1310
0.090956334510328	0.506432149872218	1478
-0.032856116933696	0.172207431346016	38
-0.058300705396666	0.370078591979113	38
0.118029646606178	0.195815538712146	38
-0.062133842220872	0.370768883447498	295
-0.055554788215311	0.38831664572414	295
-0.024494604149971	0.371175568639198	56
0.052862801687898	0.286874156005202	56
0.045280718308409	0.390032362027458	151
-0.114578254917652	0.25753191208649	56
0.117648689766584	0.190283063570255	56
-0.05840444478986	0.274605671745734	209
-0.112297411420876	0.151404356590699	81
-0.027841307702626	0.165171762298835	297
-0.114938850937462	0.157459754092218	14
-0.115112789123507	0.152270253467486	175
-0.116325163543614	0.155957430958996	14
0.121255761839474	0.19539411213957	142
-0.03482376209182	0.16502306968552	142
-0.019213329025061	0.715050512922732	185
-0.028941685597877	0.775835723500842	185
-0.100775776315124	0.558593355874323	24
0.072543074921303	1.11479615925911	24
-0.102046785814234	0.70401386620272	24
-0.104741628857855	0.532654013798727	24
-0.058673223923444	0.783572463041525	24
-0.03722111661107	0.978583442707195	158
-0.071802993583225	0.636047785039992	141
-0.10079814212172	0.392837691316109	141
-0.034333340813367	0.39510159614285	141
0.096357498215592	0.515864264963517	141
0.042091214337891	0.63149995963776	141
0.020388858324377	0.581852171490054	141
0.080146133975129	0.616719961135917	141
-0.040051429047658	0.376139760517239	181
0.050120018478057	0.567714970682785	1007
-0.049389004969063	0.465345141015786	1007
-0.10498470777025	0.385465855561193	1007
0.0482170287246519	0.505385160905371	1007
0.019769467331774	0.507923132931974	1007
0.020515239024257	0.57769990891191	91
0.022010678738466	0.389573503483961	91
0.122354489871682	0.793312104026003	181
-0.05840444478986	0.274605671745734	282
-0.078888050028455	0.480883345685885	181
-0.017651391689058	0.735402570610246	162
-0.065424277996062	0.792449476422453	162
-0.103456917273948	0.477902289807104	162
0.026633434324577	0.755642172227103	162
0.106212149616916	0.864015566584817	17
-0.110073908409318	0.46309908303491	362
0.077584342114789	0.63047602370779	1310
-0.023109476348403	0.589305837794091	1310
0.117788036160069	0.816176240014673	1310
-0.071361492397078	0.481474090657442	655
-0.053795171900857	0.497511353130875	655
-0.03310998919024	0.48826985124469	655
0.08410752102827	0.607041141473078	1478
0.064980031963164	0.620134649232523	38
0.00824818370386604	0.582530191365893	38
0.06426809923527	0.515459653900521	104
-0.094799860097704	0.382585215976635	104
0.120149696460203	0.487898361852481	104
-0.084119698942108	0.270186507811677	38
-0.031385372730878	0.380786404340123	38
-0.058708418747612	0.263437686106198	652
-0.00953939546235599	0.278217951691113	56
0.064605707948172	0.518452871073214	127
0.092991145479454	0.408872284963081	151
0.049177486128471	0.280938779123333	314
-0.01382409161087	0.379921811029077	56
0.010624142895309	0.399321824346766	56
0.0883537161493551	0.38401911988495	56
0.121255761839474	0.19539411213957	81
-0.110427532079184	0.158366184621759	102
-0.034085232258691	0.165928855360736	102
-0.112544903499217	0.158631103032102	81
-0.031632125554154	0.16677308256425	799
-0.112544903499217	0.158631103032102	81
-0.111808672083322	0.159552284481566	81
0.124537452032742	0.192015229802692	14
0.118849939816202	0.201943652777816	14
-0.044411588023046	1.30991351441781	621
0.0632919278623571	1.95469184276739	621
-0.064735557791821	0.819121167503501	185
0.047008496773353	0.894589290678693	185
0.018536425019006	0.724287581187034	185
0.023974393816448	0.964667677257516	185
0.073761784281793	0.843121603572969	185
-0.049912083857017	0.384845823417629	24
-0.045421057397797	0.662239429261498	24
0.062723473911168	0.519380824393668	24
-0.081673378009041	0.818964761137716	24
-0.113166643756077	0.754436091049262	24
0.111093077142822	1.11694325467436	24
0.0559407626365041	0.794585083009289	141
-0.035621358033001	0.572902893200792	141
-0.114880519179672	0.393780207282881	1007
-0.020216259675517	0.502885415002926	1007
-0.088123573117232	0.384411170780095	1007
-0.02200938390843	0.357262464349543	1007
-0.118648428204679	0.154170805239629	91
0.042695717244409	0.39124110688728	282
-0.044317506691722	0.37293964136453	181
-0.019491433489976	0.391959362926799	181
-0.07838880276232	0.477392266441722	162
0.011275914590107	0.750842804593716	162
-0.035801118355481	0.504391448942254	162
0.035922098396285	0.754180290699317	17
-0.017921143900866	0.263269776586554	17
0.030234660173146	0.601550163033407	17
0.039106258175606	0.611071108824579	17
-0.120744516975777	0.396821202369554	17
0.01915945577989	0.498621742589016	655
-0.070380850052275	0.470106294428977	1478
-0.089011817799883	0.370294039197258	1478
-0.058873219503979	0.38349239313185	1478
0.018629579588446	0.489419355998074	1478
-0.097893092975415	0.396466615825611	38
-0.109292734893694	0.270580829030792	38
-0.093392787716843	0.264012494545362	38
0.087824186647788	0.406702986939553	38
-0.092547481376123	0.252681761442616	38
-0.00991914856356302	0.280834980390778	652
-0.062076700676489	0.265450042006463	56
0.049915907250231	0.38355677459887	127
-0.057010567659368	0.27577556480208	314
0.0470585265982541	0.281926179496885	56
-0.062076700676489	0.265450042006463	56
0.119669786755726	0.197421523304085	209
-0.040049557123381	0.159980937649366	81
-0.034380182800948	0.16655992563091	81
-0.114938850937462	0.157459754092218	14
-0.031137197198137	0.163569473877672	14
-0.03361802040995	0.171492856136262	14
-0.030093257110939	0.165022192894233	14
-0.101441927442146	1.05161415965501	621
0.124141660256626	0.982107883130301	621
-0.00519748982139201	0.496988784355902	185
-0.019985906734718	0.862184264881289	24
0.122545166837271	1.35791617619682	24
0.114555539772988	1.12334545965295	24
0.00917655775924897	0.677768934683272	24
0.100927581362712	1.47360324195484	24
-0.007347516203418	1.14284139486626	938
0.074832112717518	0.975838109832557	938
-0.109674707000968	0.760567404002541	158
-0.017205743673132	0.825446823358242	141
-0.00752435070706797	0.728567029255868	317
-0.110879790979228	0.38600418835961	317
0.086388509401196	0.398528657737737	141
-0.119381843140074	0.154135697628218	2111
0.067053756545702	0.739190582780978	141
0.00619241838967299	0.746858753700848	141
0.065582935056285	0.845705117358947	141
-0.036957513945318	0.55722018103588	95
0.056114380247425	0.700124546553102	181
0.021342607260795	0.745433331986812	1007
0.037372512760539	0.673600750041699	1007
0.113706781524745	0.189916286385992	282
-0.115762797028114	0.155635275207725	282
-0.00468993832859399	0.476290137527086	1264
-0.060392484139261	0.386590566018616	181
0.016192820628621	0.39434624353565	181
0.037199336661787	0.694353901664822	162
0.053344097520973	0.774175905571275	162
0.052402828729171	0.695058086833672	162
-0.080123617350367	0.557615328534757	162
0.111364236916392	1.00139504187756	17
-0.085322667979691	0.36269602711928	17
-0.106988583326616	0.493125009292355	17
-0.095034843514061	0.386068683929266	17
0.119619124131222	0.810799973916357	17
0.039395296316632	0.509372146467147	1310
-0.122117766435322	0.400665592359824	1478
-0.064124102968732	0.358315260457706	38
-0.00933057038180601	0.280589890710774	38
0.08942223470135	0.519403803130067	38
-0.1094090370927	0.151898855273438	38
-0.015769247078693	0.265570562204336	38
-0.088022218033918	0.270884037634447	295
-0.013440603869939	0.270984121684764	56
-0.01032237311525	0.277187516422947	127
0.034410158406365	0.362562224002966	273
-0.12002908408002	0.153647288650886	56
-0.114938850937462	0.157459754092218	56
0.11962621063934	0.201522244647387	175
-0.032155294870618	0.171057763952974	14
-0.030878559284433	0.171666856078845	14
-0.073994406006203	1.13942776302812	621
0.073277553564432	1.91741030399016	621
-0.117789615213306	0.874957850256478	621
-0.100221549030534	0.569860388161479	185
-0.021548908141142	0.967364663060035	24
0.116459745653643	1.04857138367246	24
-0.04842367354249	0.915735599616134	24
-0.110105496649257	0.77751111028948	24
-0.070653185467314	0.983658233217871	24
-0.012805806030227	1.06033953634212	938
-0.035163737889083	0.964184320866786	158
-0.000626571382397023	0.950216751612892	158
0.050970905766893	1.14718256344761	158
0.031414020745034	1.03830524573332	141
0.049302553430508	1.23707255962373	141
-0.087945007879149	0.837157858695803	141
-0.00669984714362298	0.747191359142313	95
-0.079746755807345	0.490358435030927	141
0.043541889270046	0.690837293688206	95
-0.123957555503205	0.470281103901356	1007
-0.01321551068147	0.626123293633208	1007
0.0623570484460521	0.702975048385034	181
-0.098827711149839	0.483297360548892	181
-0.07500466246221	0.482789391117889	1007
-0.018831610354141	0.376143221738173	91
-0.037754668348153	0.163746981931197	91
-0.034380182800948	0.16655992563091	181
-0.017803297503297	0.391777934869358	1264
-0.073897013659479	0.38039933255898	1264
-0.050423293128598	0.648079138414566	162
-0.039966867056645	0.86127952519724	162
-0.097695803351492	0.474921038921327	162
-0.01306861061312	0.482650682256154	162
0.11238023474181	0.616261158887048	162
-0.086840037668275	0.480957217977094	17
-0.03537584924039	0.46223677147931	17
0.081981522122796	0.764354009485759	17
0.074570375714769	0.760689947801484	362
0.0833644822706729	0.57846106830449	362
-0.082948051304419	0.377739060189103	17
-0.08448663590652	0.385642415682149	655
0.088777904334624	0.917207721434881	38
0.043323898277203	0.579930199558536	38
-0.101707411497454	0.388744649900017	38
0.060959946588121	0.483139783805682	38
-0.112326206017706	0.268120290133929	38
-0.115952246928811	0.25711379678245	38
-0.031632125554154	0.16677308256425	56
-0.062889179602384	0.264107307821317	127
-0.029372068306671	0.168506458901295	127
-0.035586505102787	0.165033552824477	314
-0.11996164951205	0.263521734014679	314
0.00351357859499202	0.486333737139487	56
0.118029646606178	0.195815538712146	209
-0.112544903499217	0.158631103032102	209
-0.116325163543614	0.155957430958996	81
-0.027188976924162	0.16455136252856	81
0.118849939816202	0.201943652777816	14
-0.034262152738267	0.167034861267776	14
0.044822612788454	0.272316332680211	142
0.086969644517357	0.380739365097114	142
0.121299130100455	0.19765529034279	873
0.050743248668699	0.289007200605363	142
-0.106526324038819	0.907949271253281	621
0.053570288783192	1.04257927476955	24
-0.119344468694372	0.538591293665706	24
-0.090993677016606	0.856928635731112	24
0.0879147346928551	1.31729524585591	24
0.0845315172819771	1.32387824976521	24
0.00738904167524701	0.900707288142616	938
-0.096096667037439	0.649630322537835	938
0.044060593728153	1.27411660480066	158
-0.111310253914782	0.877325354435028	158
0.00660778988774602	1.08726276714417	158
-0.121526871172633	0.77484349941279	141
-0.00908848813878599	0.667082793973236	141
0.000561044111087039	0.835118561734513	141
0.11556718346998	0.878214866326795	141
0.034629723157277	0.757530174630042	141
-0.084953946587193	0.531272299724839	141
-0.063085582416424	0.553815208577903	1007
0.00500813306569303	0.60096871271235	1007
0.024242832578913	0.645979253072382	1007
0.122599710398029	0.62913514369433	1007
-0.113281845496589	0.154933036119063	91
-0.10431304103785	0.373491177100875	181
-0.109317262679222	0.153481859029311	181
-0.08595445621607	0.392702910052369	1264
0.010366017625051	0.376881846104514	267
-0.093168335520443	0.392013435015225	267
-0.011616909461373	0.389798606694809	181
0.117454805648131	0.501464959381068	181
-0.058830461180467	0.481945561885963	162
-0.098646923377418	0.472143339759417	162
-0.110883009971253	0.467854053695827	162
0.09968024336013	0.607891464649659	17
-0.062889179602384	0.264107307821317	17
-0.065362281943564	0.255202669006066	17
-0.015018764435292	0.260960222743141	17
-0.071983196492553	0.482549287515005	362
-0.018913672171908	0.484000128193422	17
-0.023608363715511	0.583074218483627	17
0.039858471749771	0.485568997790205	530
0.00564085609181098	0.389626664545788	38
-0.111688499241417	0.405078117113648	38
0.099899867768	0.616858152349768	38
-0.015550074846107	0.358144477693522	38
-0.091098735282811	0.272117235691861	38
0.051505313415077	0.289999457158964	38
0.043858066641223	0.383069169461427	56
-0.114115120507636	0.15111044784167	127
0.086622165561888	0.39693079035884	151
0.0470585265982541	0.281926179496885	273
-0.088330089182268	0.266081612509375	56
-0.037011107457509	0.165642997229716	56
-0.034085232258691	0.165928855360736	56
0.050743248668699	0.289007200605363	209
0.115250614627185	0.194235280357882	692
0.120500143351525	0.260498456507489	692
0.114428036976078	0.193840908662857	14
-0.111787609936597	0.984744413818472	621
-0.072054515788163	0.928596955456175	621
-0.123029929405675	0.842129986790261	621
-0.035550772942506	0.972434574033943	621
-0.115834725222066	0.823773695753741	621
0.06428000255501	0.944509433600431	621
-0.063878478075728	0.579031257231375	185
0.00477193514568297	0.672862465366503	24
0.0115544648657731	1.06054256021212	24
-0.00924725188464198	1.0975143447788	24
0.020865260627889	0.583028561037734	24
0.00250994314907105	0.980906271839037	24
-0.118174323590605	0.721421080107545	24
-0.008278730433671	0.957990289011469	24
-0.088100229267505	0.762230337176587	938
-0.115018064801712	0.66899469580897	158
0.010581367489514	0.837382558387407	158
-0.00143681187512601	0.923661764934324	158
0.067085020533324	0.990943891464678	141
-0.10248740800832	0.476477280647117	141
-0.064171095318243	0.39536513505062	141
0.121255761839474	0.19539411213957	2111
0.080794762612956	0.586739318931947	141
-0.009977800313198	0.613899545843249	95
0.026120863476932	0.659138287151863	95
-0.081344789942874	0.478595145926992	95
0.098109432511436	0.804066647019469	1007
0.03294634399853	0.613692716772699	1007
-0.118851631691251	0.375015185787003	1007
0.036624889554304	0.585716433930041	1007
-0.122787727070833	0.455035052446839	1007
0.047820182622953	0.281875096479508	181
-0.031632125554154	0.16677308256425	91
0.118849939816202	0.201943652777816	91
-0.046621415257732	0.266631415090797	181
0.000375513283717988	0.831527438225487	162
-0.111460090351434	0.392935927851197	162
0.0823859002460729	0.781454923107723	17
-0.077829245661169	0.458922702309705	17
0.118423362224209	0.813723803308936	17
-0.036298835398744	0.49651117492098	17
0.105391702398124	0.632310301594369	17
0.100496544604855	0.586956040056819	530
-0.073772944879624	0.38454232152133	530
0.0687094482388571	0.520024236385725	530
-0.088282438362098	0.26951174150829	530
-0.078604072907712	0.382585844949205	38
-0.088022218033918	0.270884037634447	38
-0.089110584414942	0.266550372010007	38
-0.016748381120242	0.25846505992211	38
-0.00933057038180601	0.280589890710774	38
-0.057620517419291	0.26518749286495	38
-0.050742879819916	0.273660270885974	38
0.049982005584459	0.285679589370213	38
-0.030093257110939	0.165022192894233	38
-0.113167462001376	0.266107572111526	56
-0.11706325284305	0.154565319237915	151
-0.033558405016549	0.171307702237758	81
0.116021654091365	0.189305335015527	81
-0.016166412757503	0.271983006757915	81
-0.030695416752865	0.163330245560145	81
-0.112388246830339	0.151750604637313	81
0.120446143828703	0.197036537066415	1385
0.122896136022272	0.196980514178802	1385
0.121299130100455	0.19765529034279	14
-0.109178063783433	0.14418294135378	14
-0.12002908408002	0.153647288650886	14
-0.032856116933696	0.172207431346016	142
-0.035083587945473	0.165721544483297	142
0.092396342814156	2.05351789167594	621
0.00329284121691797	1.49301470260849	621
-0.058705267433502	1.20697205034331	621
-0.118610401654594	0.971481846147885	621
0.03869167107225	1.36179688596463	621
-0.053736717921121	0.667017627367214	185
-0.087236115448108	0.498837259072958	24
-0.055136423340515	0.388404072950042	24
0.098575550810028	0.587522740924783	24
0.012995253621256	0.599303044559448	24
0.00349573363815203	1.18127901737875	24
-0.096935016939083	0.775143200588289	158
-0.014016149299161	1.09229294932679	158
-0.042076737286117	0.93224730520941	141
-0.11220623733834	0.81525949818149	141
0.048558924333973	0.396526712570531	317
0.0469939487729451	0.404343725026602	317
0.122076172115503	0.201430407091027	317
0.089352322014386	0.522868675978795	141
0.017371443617073	0.68236179938906	141
-0.068133916739871	0.487148669921055	95
0.024852797753169	0.665128840960808	141
-0.098819298696616	0.484191849766086	1007
-0.047254199393741	0.498901402365027	1007
-0.023940031645013	0.486259867036892	1007
-0.018058544582244	0.652756628174664	2830
-0.064815665906497	0.494784356919549	1007
-0.044245687634038	0.359123146556823	91
-0.03777447409692	0.164781776522234	181
-0.034835763963541	0.168567019261679	181
-0.120115971307724	0.152766065486777	181
-0.097286021473767	0.255932684800835	267
-0.039085278424865	0.361787555934917	267
-0.104313183802265	0.666500027157258	162
-0.104840826956705	0.445365677234575	162
0.111656110119072	0.792292302272312	162
-0.124827090381089	0.454452538222765	162
-0.059019019981774	0.49076333526565	162
-0.05400389226122	0.380347360004934	162
0.04836798934388	0.671897271897177	162
-0.012457179944674	0.280134832369106	17
-0.037764608719315	0.168297810515123	17
0.059024981920644	0.274038120573682	17
-0.085177335951495	0.47762296712811	17
0.040705640084643	0.598646157857155	17
-0.091503338348436	0.371203174385291	17
0.057759932134322	0.506647016957717	38
0.118849939816202	0.201943652777816	38
-0.113671480892699	0.147954662279433	38
0.043902368686843	0.381451971059325	38
0.046666905856442	0.392441009270539	38
-0.021042621960317	0.25551528688314	38
-0.00835696317162499	0.279024094513188	38
0.095165155170049	0.407940967163618	314
0.042221284502905	0.400876524033773	273
-0.031455945225664	0.166862110402496	56
-0.111808672083322	0.159552284481566	56
-0.056596157882035	0.270394151692928	81
-0.03482376209182	0.16502306968552	81
-0.116325163543614	0.155957430958996	81
-0.030853245144421	0.16865764734221	81
0.118849939816202	0.201943652777816	81
0.11962621063934	0.201522244647387	148
-0.034835763963541	0.168567019261679	148
-0.11706325284305	0.154565319237915	692
0.118892862835363	0.192614416933485	14
-0.03361802040995	0.171492856136262	14
-0.032796202972762	0.167465311350541	142
0.120446143828703	0.197036537066415	142
-0.029358376463472	0.172340564270388	142
-0.02626338879867	0.88292541381483	621
-0.122466889823401	0.811013551297861	621
-0.059403127032146	0.883119452119829	185
-0.015729699308108	1.49958488895693	24
0.032683397859815	0.872331272613398	24
-0.00718505005244802	0.960631920229554	938
0.123767317804323	1.41568008637253	938
-0.013369068333127	1.33763943558755	938
-0.062060781755288	0.978587515594997	938
-0.069418115583511	0.556194250968155	938
-0.091184479665726	0.567572050175265	158
-0.083034484851457	0.699284956517935	158
0.043181909168144	0.748155597410347	141
0.030435084628331	0.754155507804534	141
-0.00321313880966601	0.825372458608947	141
0.011592045366603	1.08460902384282	141
0.033558954456969	0.593897749617979	317
-0.113499552370357	0.48468093165146	141
0.092190832678162	0.529838411002179	1007
-0.112065929366848	0.274291477278467	181
0.070591851354667	0.519627574318872	1007
-0.092547481376123	0.252681761442616	1007
0.093222809435154	0.407472284390332	1007
0.043046243482804	0.403824887867042	91
0.051225429414457	0.648114121742379	91
-0.079816906113642	0.46497768924716	181
0.0182590077864631	0.488520939323484	162
0.082128009443063	0.764195961414528	162
-0.12022562675283	0.552892685816669	17
-0.050723694872399	0.391367255509086	162
0.117028695530615	0.712336647890071	17
-0.120475068182704	0.47379557581597	17
-0.076130478742511	0.498013318300241	17
0.002557797960972	0.487835580356039	17
0.018695546561583	0.581361501415669	17
-0.088613927428688	0.259977561608777	530
-0.075211590579057	0.54341126561506	38
-0.124946020663173	0.403174557060856	38
0.0840718234508741	0.626735621537307	38
0.122556176946591	0.618511850474784	38
0.049702677792302	0.620053587491125	38
-0.114938850937462	0.157459754092218	38
-0.058867623429278	0.273010320500707	58
-0.034262152738267	0.167034861267776	56
0.0428677305137281	0.277736292769951	56
-0.029372068306671	0.168506458901295	314
0.120401910540674	0.196118981932544	314
-0.112544903499217	0.158631103032102	273
-0.098135645652732	0.39483308802146	273
-0.030125206900971	0.172372103841324	56
-0.032856116933696	0.172207431346016	56
0.11962621063934	0.201522244647387	81
-0.115849519121826	0.148583852088905	81
0.048248213218461	0.28078085383022	102
0.00952665717091505	0.399166904192688	102
-0.01207116524332	0.272062150348806	102
-0.114851094282345	0.154698509416655	692
-0.013240156084869	0.280143344274786	14
0.120478806402945	0.191904998295314	142
-0.113315979770183	1.00261213424069	621
-0.062862608356661	0.983231005241056	621
-0.030662114024002	0.662007442647692	621
-0.070097090686003	0.488813209751499	621
-0.08762743665585	0.95839451847754	24
-0.117205526910035	0.646994476336218	938
-0.104079058562752	0.652546985564048	938
-0.020031987801192	0.891799856670345	938
-0.042856759329492	0.793639275084049	158
-0.099889525810127	0.751983089442374	158
-0.118341056157623	0.541319404164381	158
0.0913760643477211	1.23035181470853	158
-0.018270499670181	0.933406498191928	141
0.00673056587514298	1.12294374772232	141
-0.104262112919021	0.468079054798799	141
0.017795103914488	0.600889001842635	141
0.111723740270717	0.794789391901798	95
-0.054911082381294	0.487021174021974	1007
0.051162552427558	0.51151951318273	1007
-0.00872356396483298	0.502514205159436	1007
-0.092144724959508	0.476515331219107	1007
0.0128422645292809	0.40320934686501	1007
0.108967241635162	0.636138970983325	1007
0.050668656746943	0.392849383781639	1007
0.072896501107342	0.613858441914125	181
-0.058636245719641	0.275726601221191	181
0.118892862835363	0.192614416933485	181
0.095521069948848	0.517909410443015	181
-0.090011569619675	0.26151776997019	267
-0.034073825027202	0.168545023486603	267
-0.088271944806466	0.639524625078546	162
0.042074144786166	0.511422909022923	17
0.092716681686162	0.941113540619073	17
-0.017108790313767	0.566371498196931	17
-0.09657639816804	0.442871023463449	17
-0.08310043200931	0.489377720027443	162
-0.070489284380444	0.383595235018462	17
-0.114844276078453	0.260040164604564	17
-0.026423045002469	0.167111991186575	17
0.056711254896012	0.280265718703974	17
-0.00231169155281902	0.588871158347752	17
0.013453256006305	0.682984366347108	17
-0.077879736505891	0.38569340766789	17
-0.112260660543704	0.379006092756514	17
-0.086941572951551	0.39919033819644	17
-0.040187196263458	0.386489395616683	530
-0.00952211814683601	0.276182401081579	127
-0.032856116933696	0.172207431346016	273
-0.118734744803285	0.151333107084063	273
-0.057475085523119	0.272807062660285	56
0.06170148857567	0.383939552385139	56
0.054757720795842	0.283787561116198	56
-0.039294244265864	0.16328383273075	56
-0.114376760208679	0.153599125754677	81
-0.111073154367858	0.158761217583667	81
0.115250614627185	0.194235280357882	81
-0.031613489954442	0.167979253335486	592
0.119669786755726	0.197421523304085	592
0.11962621063934	0.201522244647387	148
0.122852637035919	0.197576085447396	148
-0.114938850937462	0.157459754092218	692
-0.034380182800948	0.16655992563091	14
0.122076172115503	0.201430407091027	2797
0.122076172115503	0.201430407091027	14
-0.034835763963541	0.168567019261679	142
-0.035864204933111	0.154785829812611	142
-0.032856116933696	0.172207431346016	142
0.00341706251759799	0.901764103594869	621
0.07476121062722	0.970357353697515	621
-0.010748429843163	0.858071812900816	621
-0.023845940710265	0.786095421673839	621
0.097410537891126	1.5628843919156	621
-0.010312580231814	1.0557014818943	621
0.0653123394383	1.60435650977435	24
-0.063532281082472	1.19235633985038	24
-0.115632346432784	0.763422315315746	938
-0.052912220014232	0.717520582212073	938
-0.106963385533551	0.462209241777698	938
-0.088813273850549	0.572168142191088	141
0.08444977196351	0.952519786674282	141
-0.096744498659192	0.389893829550795	141
0.013268201927532	0.496422507327628	141
-0.033868394881873	0.50294472418756	95
-0.097343308632408	0.394871583723109	1007
-0.019720694308709	0.346954141367504	1007
-0.057687617961457	0.386814768577945	1007
-0.109275250124826	0.271666256513381	1007
0.088353849594014	0.386439452593025	1007
0.098411179626855	1.07441544669225	1007
0.081149946012212	1.09134293177374	91
-0.079047371282382	0.383474431228773	181
-0.113192050197018	0.15715065480167	267
0.100099837685969	1.39821915724373	181
-0.056197039574433	0.273366070747625	162
-0.00359543143368701	0.866907404874378	162
-0.112094732092498	0.272718479175957	17
-0.124884970143065	0.268584041057848	162
0.092806955822241	0.5002647953784	162
-0.113780219641271	0.567959536996993	162
0.044570277892872	0.604321767837608	17
0.098549402652388	0.57107550364746	17
-0.051006134082867	0.480262255552056	17
-0.092911844965093	0.360018126465077	17
-0.091630036465702	0.486041293640285	17
-0.033638719728655	0.496362661214641	17
0.0884933476688911	0.523196804047983	38
-0.092607978998611	0.38868576427182	38
-0.068808024919071	0.38708230216353	38
0.018293029348939	0.572907222240325	38
-0.014271235890228	0.574573370397814	38
-0.016082914753744	0.384833188430708	38
-0.120850809596907	0.148962774883131	38
-0.034320866617167	0.170598864403623	127
0.118849939816202	0.201943652777816	56
0.118805831150545	0.195440497449165	127
0.00842247236867599	0.594939401764731	250
-0.115675549873541	0.157431951292729	273
-0.115112789123507	0.152270253467486	273
0.00482271230058295	0.594540713913595	273
-0.032856116933696	0.172207431346016	1258
-0.03361802040995	0.171492856136262	81
-0.035586505102787	0.165033552824477	102
0.047186513486421	0.398697755493054	102
-0.114202857870184	0.156132490652696	81
-0.062308062956871	0.265901618208402	148
-0.030853245144421	0.16865764734221	148
0.120401910540674	0.196118981932544	148
0.118892862835363	0.192614416933485	14
0.119669786755726	0.197421523304085	14
0.11962621063934	0.201522244647387	14
0.102663627116518	0.386288963742885	14
-0.117545562389156	1.00914470276217	621
0.024143344016841	0.790422528921634	621
-0.00611235299000601	0.594978565304619	621
0.110708902173124	2.01281602149905	621
-0.071932350855941	0.645893675496017	621
0.015630313216746	0.839009019619173	621
-0.011732987939594	0.751288587230104	621
-0.106012795290277	0.441448927678646	621
-0.018652310270774	0.985058894629381	24
-0.013391379352898	0.583495381228441	24
-0.105516695995232	1.0327649278069	24
-0.074352300076893	0.468298063578902	24
-0.01773947881718	1.20720803948597	24
-0.083546532984933	0.938784466670684	938
-0.00017858973205398	1.05308951266562	158
-0.033908884016002	0.469354812803979	141
-0.109317262679222	0.153481859029311	141
0.10920505022677	0.857072512118988	141
0.054108141737119	0.678005325373872	141
0.105488734994127	0.892558694585727	1007
-0.058467860417971	0.556154025848794	1007
-0.072166560318241	0.479587031934009	1007
-0.069642059409381	0.530830541072866	1007
-0.113048765491141	0.400899258930923	1007
0.082448281722188	0.705984766084793	1007
-0.047295552479266	0.496760430716439	1007
0.029477869038832	0.600052202765546	1007
0.079442029228354	0.473911158742964	91
0.122896136022272	0.196980514178802	91
-0.093332310551618	0.401881876366353	181
-0.006802787187834	0.276949928201772	1237
-0.066176209238497	0.252635686512309	267
-0.06184491139562	0.26151942861536	267
-0.040404284377038	0.363276139485338	580
-0.090036853074825	0.57050435057199	181
-0.035510682258915	0.735960766883244	162
0.051446134318566	0.771416124015496	17
0.043643514069116	0.769650378136833	17
0.07963821965847	0.903727916973187	162
-0.084290536353691	0.630144219176974	162
-0.043579041193966	0.500317807878671	162
-0.119207572908514	0.148935763868596	17
-0.048364883555028	0.355457276708139	17
0.016642097307454	0.617842606088698	17
-0.00955663048911398	0.651247561616673	17
0.07654764251768	0.673237988513476	2303
-0.115685954084424	0.259910707897951	38
-0.088833569620099	0.387952012564643	38
0.01142607042386	0.385212553384052	38
0.00701127904527499	0.38286854374746	38
-0.117734378268497	0.251199607964785	38
-0.109522862875339	0.269576051129924	38
-0.035788451640569	0.16178842853178	38
-0.014022410346036	0.278349707917687	56
-0.010522287251523	0.386992008461625	56
-0.00835696317162499	0.279024094513188	127
0.052512185525684	0.274417808907699	56
-0.115520923498325	0.156222393433486	56
-0.03559902595628	0.164989565094824	56
-0.114938850937462	0.157459754092218	102
-0.032796202972762	0.167465311350541	148
-0.112544903499217	0.158631103032102	148
0.119669786755726	0.197421523304085	142
-0.119946873344204	0.266026755347917	621
-0.0682562787181	0.567728951424295	24
-0.01960234102491	0.386332862743351	24
-0.053498846199092	0.575051357833222	24
-0.050953738707981	0.77270171103469	24
0.023092054022233	1.32256930826801	24
-0.087304279130651	0.637207938616344	938
-0.121667563554233	0.455112347996999	938
0.00854685117947396	1.05336513760718	938
-0.014572318900296	1.1230142874028	158
0.013898833219373	0.808971462287494	141
-0.10291173718447	0.555664337831403	141
-0.115675549873541	0.157431951292729	141
0.067487374607673	0.784649427418928	141
0.0680159441482861	0.710243786980723	1007
-0.102739432384726	0.388196678512884	1007
-0.098558239330587	0.377828753219472	1007
-0.017731300552666	0.660109688213274	1007
-0.051802904117065	0.573735722523352	1007
0.089482195048326	0.627918075324547	1007
-0.049048562723399	0.482328334233436	91
-0.014612285198749	0.277544071275689	91
-0.039568826270302	0.156123661691494	91
-0.119730897078814	0.145575903773235	1237
-0.059293828305236	0.364104411518532	1237
0.092630594112844	0.507886213156589	267
-0.00658332006817203	0.388620603572688	267
-0.107536525595905	0.267523264873547	580
-0.047965041385141	0.750853143721636	181
-0.124049292165814	0.505564949249013	181
-0.08442719401201	0.56098422586851	17
0.024751260045509	0.732627603682493	817
-0.114318684930912	0.481536444242914	17
0.053005406149814	0.393743133631042	17
0.111183481637024	0.620821137074013	17
-0.116164976737783	0.155730893895936	17
-0.109383611300995	0.396540020769996	362
-0.108961507099679	0.371675640608185	17
-0.054102774408871	0.265619423947133	17
-0.056860091549765	0.489902157505055	17
-0.020038504605346	0.575820432053915	17
-0.091921432870614	0.355787625711136	17
-0.094392066608037	0.397258170334749	17
-0.01280983690856	0.482323152386822	17
-0.062699231095166	0.351881981100838	2303
0.087166776412605	0.514738938207422	2303
-0.111162358829902	0.159147929071506	38
0.048842712400368	0.273846825922926	38
-0.037011107457509	0.165642997229716	38
-0.020631425649998	0.374514875947869	38
-0.04865016754584	0.36830641086365	38
-0.012459965075275	0.389875299205739	38
-0.086671169366171	0.262176789036577	38
-0.115609235503138	0.152505550441702	38
0.054359551533477	0.48810685549821	56
-0.115132020311404	0.259434380568076	56
-0.021078536961176	0.367911867231484	56
-0.013077593845732	0.397198051393585	56
0.0944016292438939	0.403982031759655	250
-0.111897899981872	0.158234870560768	250
-0.065362281943564	0.255202669006066	273
-0.090543513376836	0.245490388890916	314
-0.114202857870184	0.156132490652696	417
0.118805831150545	0.195440497449165	56
-0.111897899981872	0.158234870560768	81
0.121221930205857	0.191977994150092	81
-0.029358376463472	0.172340564270388	81
-0.116987490147518	0.151775234168517	148
0.122076172115503	0.201430407091027	148
0.120478806402945	0.191904998295314	14
-0.030853245144421	0.16865764734221	14
0.122896136022272	0.196980514178802	739
0.117699607015864	0.194176298788628	14
0.122896136022272	0.196980514178802	14
-0.081415270394161	0.822378802979252	621
0.0667864367951641	1.56457200571257	621
-0.088389018421253	0.861130804474428	621
-0.030798184343623	0.797192652840665	621
0.090917014724639	0.880923528102502	621
-0.00351995493389101	0.673907362922642	24
-0.097140341018246	0.626855902980563	24
0.035111351225091	0.993236377999623	938
-0.00663135946425603	0.672135806347444	938
-0.075609525759733	0.843648061708318	938
-0.077930975159314	1.00325899276507	938
0.048350155386761	1.5691310195729	938
-0.052393611422589	0.976484489840822	158
0.051955758625008	0.492379119717568	141
-0.075971711888572	0.478150584219748	95
-0.025974172802505	0.480650543211416	1007
0.014168670828358	0.575950531882607	1007
0.067065520264325	0.616441519037469	1007
0.095992609414334	0.793382003792778	1007
0.082389063807082	0.613755618195217	91
-0.091992957348687	0.263118147808208	181
-0.045669309573111	0.387534534970142	267
-0.110903008006806	0.680143627508683	181
0.089467788865167	1.01673725701229	17
-0.095271846109684	0.647865895244382	17
0.11984556689074	0.924847713639257	17
-0.054295132437561	0.263924656589535	162
0.079062575372282	0.619608138103061	17
0.056140149533259	0.556543672987	17
-0.045556837348432	0.494391398939889	17
0.065126036468203	0.510772429941266	17
-0.00602755522478099	0.494044800261803	2303
-0.101830701765539	0.386692038475608	38
0.053994322387253	0.283780005783548	38
0.049386972475939	0.284866832420477	38
-0.055881003628319	0.262181832709212	38
0.119263766806978	0.514746474817361	56
0.090639483319187	0.408250910405562	56
0.018122968576447	0.394831550436287	56
-0.060029379205238	0.271341283440026	250
-0.012457179944674	0.280134832369106	273
-0.034320866617167	0.170598864403623	56
-0.030125206900971	0.172372103841324	56
-0.03361802040995	0.171492856136262	81
-0.114202857870184	0.156132490652696	81
0.122076172115503	0.201430407091027	81
-0.030878559284433	0.171666856078845	81
0.118849939816202	0.201943652777816	148
0.117252894763946	0.19109165365643	148
0.118805831150545	0.195440497449165	148
0.121255761839474	0.19539411213957	14
-0.030853245144421	0.16865764734221	14
-0.116325163543614	0.155957430958996	142
0.119669786755726	0.197421523304085	142
-0.096926415743315	1.01964673081535	621
-0.071244591540943	1.11970171960507	621
-0.076789714595459	0.828043730625878	621
-0.03849822916737	1.15153534279974	621
-0.07558118723027	0.793780690423279	621
0.057591282801573	0.984474821757813	621
-0.017842266362569	0.56886526045169	621
0.0570058425271091	0.566657160269443	621
-0.00600823484598101	0.92878035011282	938
-0.067002096461013	1.10374371682593	938
-0.085541371719142	0.897028593037118	158
-0.036081643874898	0.572957085062756	141
-0.08603740069071	0.26918222634548	141
-0.033558405016549	0.171307702237758	141
-0.109522862875339	0.269576051129924	141
-0.013918646024633	0.637688031278574	95
0.089236036918251	0.7153432683329	1007
0.022114892117063	0.683443035606138	1007
-0.10207254342278	0.393355468547312	1007
-0.057101403771863	0.498398635183107	1007
-0.105411858118964	0.481539038685711	1007
-0.044683669870245	0.486661064366283	1007
0.072145036119641	0.689632508691672	1007
-0.041731360163367	0.157789724864716	91
-0.116809169071659	0.152073626892936	181
0.048374363033994	0.50905997059478	181
-0.015461291996838	0.382444794071693	267
-0.090837192027845	0.274667366269493	267
0.067423532059158	0.513873912556061	580
-0.054827831469192	0.392650039999668	580
-0.101023191757473	0.63259359334565	181
0.020557961795905	0.888757599457691	17
-0.087181540231905	0.696468902013233	17
0.090840395622747	1.22564717574644	17
-0.112133014519642	0.404557013202851	17
-0.064208860441353	0.477215348247472	17
-0.106786398164128	0.403626570412951	162
0.042675838105399	0.392014378364101	362
-0.02468271271152	0.482841466511619	362
0.011466623818133	0.388969323775929	362
0.097961640566077	0.673372308673691	17
0.088780804217633	0.688048836901864	17
-0.076968208150904	0.479348870224822	17
-0.073066557598297	0.48505237645455	17
0.064177435446207	0.497540840498694	2303
0.118163554602871	0.733340906684799	2303
0.097786366305757	0.402830470828502	38
0.121299130100455	0.19765529034279	530
-0.030853245144421	0.16865764734221	38
0.122119007457639	0.193431074679263	38
-0.056577422670951	0.25906040965261	38
-0.032155294870618	0.171057763952974	38
-0.084641365624221	0.271753235930896	38
0.036787529833221	0.497175244840119	38
0.048573367292896	0.397515892548481	56
-0.013043202183753	0.271861361901778	56
-0.04402746165807	0.259474943348386	273
-0.057849824153911	0.25685151938787	56
-0.03361802040995	0.171492856136262	81
-0.11706325284305	0.154565319237915	81
0.118849939816202	0.201943652777816	81
-0.027188976924162	0.16455136252856	148
-0.032856116933696	0.172207431346016	148
-0.032856116933696	0.172207431346016	148
-0.027172642567764	0.166462099744829	148
-0.037764608719315	0.168297810515123	443
0.114428036976078	0.193840908662857	14
0.120478806402945	0.191904998295314	14
-0.030110933399118	0.171638071817207	14
-0.098851763579894	0.898299475947163	621
0.062897794779848	1.46298874202632	621
-0.014865040973467	1.11762664366167	621
0.014718613858191	1.04407765927277	621
-0.011146496371417	0.889429562496489	621
-0.062063189848499	0.942034953082443	621
-0.027095010167087	0.904263521872684	621
0.048281220007156	0.760745476856959	621
-0.053679003725702	0.580877309845416	621
0.026445551074645	0.84029961851268	24
-0.052024383695573	0.91856453208358	24
0.022205019392132	0.612802119042995	24
0.014405487610807	0.843481919370405	938
-0.075391837016221	0.768600043210161	938
-0.102230463705722	0.39359274718848	938
0.00165139586031504	0.742227381576817	938
0.029978546056209	0.95971612546178	938
-0.112634880794594	0.47942649615928	158
0.11520867284125	1.03949574265366	141
-0.062606460160309	0.562546485661561	141
0.075399357558917	0.890345246543611	141
0.065003743918423	0.498754314679447	141
-0.043405556057584	0.564615519741775	141
0.090639483319187	0.408250910405562	1007
-0.094223613218268	0.264520021420756	1007
0.010001985947878	0.377440015972193	1007
-0.03278322202775	0.392532450441113	1459
0.047820182622953	0.281875096479508	267
-0.070661639003323	0.365149351223454	17
-0.056312269571358	0.387287098749887	17
-0.016114189116713	0.384721988125965	17
0.124440546256051	0.524716967316888	17
-0.097697548697675	0.552828384388447	17
0.090798317976569	0.401391568339057	17
-0.052529664866249	0.582424779908787	17
0.04939715601481	0.394425544368723	162
-0.078450585727112	0.46241436699025	162
-0.052329621946413	0.393040559479685	17
0.097047079141642	0.605311899706324	17
0.123991187869617	0.82342570515304	17
0.010858175905847	0.375432135231541	17
0.063152585777476	0.511620782732495	17
0.118286086209991	0.495438144592509	17
-0.012851841819808	0.272777920415663	17
-0.022182919379799	0.491003879938557	2303
0.11962621063934	0.201522244647387	17
-0.036444804506054	0.381124936781805	38
-0.021196976306813	0.379087544741282	38
-0.106984475168725	0.26974991673151	38
-0.111897899981872	0.158234870560768	58
-0.119294974588462	0.153683990110454	38
-0.111897899981872	0.158234870560768	38
-0.112455127725174	0.158055588629721	38
0.118849939816202	0.201943652777816	56
-0.028606032231614	0.168487760111406	56
-0.09332678440006	0.264979066328356	273
0.122119007457639	0.193431074679263	273
-0.045385759139283	0.369816724716775	56
0.122076172115503	0.201430407091027	56
0.118892862835363	0.192614416933485	56
-0.03482376209182	0.16502306968552	1767
-0.038055083396802	0.159248347374126	56
-0.036350570316804	0.161641938858001	488
0.120401910540674	0.196118981932544	488
0.11962621063934	0.201522244647387	2131
0.092304831284984	0.405704827580971	148
0.120401910540674	0.196118981932544	14
-0.031455945225664	0.166862110402496	14
0.122076172115503	0.201430407091027	14
0.121299130100455	0.19765529034279	142
-0.079842603417317	1.78785140180056	621
-0.037007977798084	1.85701406127243	621
-0.054374930285158	0.997499019900176	621
-0.110331739565608	0.639035974889926	621
-0.088175448014958	0.785673127950297	621
0.045533857789774	1.32213357937183	24
-0.102230146033661	0.898439740438205	24
0.012456829810258	1.57987925548467	24
-0.075013973064791	0.539169576010267	24
-0.066978069521326	0.462913821379301	24
0.113715363903211	0.679956660706686	24
-0.100568601440538	1.02454382406393	938
-0.098279506295784	0.452680210040357	938
-0.100746265045277	0.52426690282681	158
-0.094285925490319	0.784309408195659	938
-0.113203542414902	0.474716429573909	158
0.056981431937453	0.675832673112653	158
0.00203493877324901	1.18272176787661	141
-0.062885887381229	1.10028716375114	141
-0.115767324839885	0.861847593840724	141
-0.045514191459589	0.905287165557358	141
-0.056365046729746	0.272532214878948	1007
-0.120530907040081	0.247440104056875	1007
-0.013248800882227	0.266354554969164	1007
0.124628103618727	0.279069050894781	1007
-0.111808672083322	0.159552284481566	1007
0.101717537908618	0.622026184617625	1007
0.057428913668089	1.05327909151068	181
-0.01282318253565	0.493186318319464	181
0.032513192568091	0.911243029420527	1459
-0.091131748660334	0.265507380915712	17
-0.091974653907848	0.270992973846469	17
0.09222534812107	0.950055585856104	17
-0.098719538085363	0.365657696465003	17
-0.084557319376368	0.713813303611721	162
-0.073115553610755	0.77140805908955	162
-0.030238229891135	0.490967626310752	17
-0.067683754514495	0.649267281396491	17
-0.049947140839385	0.738748172619281	17
0.111450484409208	0.948618329036701	17
0.075815774053018	0.70719326638282	17
0.011200077711439	0.393213018520508	17
-0.072165312239628	0.38369201128748	38
-0.02227531745652	0.378641913408215	38
-0.027939373493995	0.163919960387744	38
-0.116898596868014	0.15484281839632	56
0.050768500519374	0.400769594315359	56
0.118073101920439	0.196825091913243	56
-0.117270019509868	0.150188552627338	56
0.119669786755726	0.197421523304085	56
0.050743248668699	0.289007200605363	56
-0.055203731633629	0.274193688950752	56
-0.046007136813231	0.39112026387055	56
0.04637291249051	0.381159202675821	56
-0.030125206900971	0.172372103841324	488
-0.112478550515057	0.146451445863949	81
-0.040670477734973	0.379155530078241	81
-0.084373079825259	0.379394835283305	623
0.11962621063934	0.201522244647387	81
0.124303374869541	0.505258496180051	148
0.118073101920439	0.196825091913243	14
-0.085209178026606	0.271672819694746	14
0.118029646606178	0.195815538712146	14
0.113656498860624	0.194210317184637	14
-0.122894816659519	0.722648233603682	24
0.01465210099717	0.682905594325896	621
0.039917486197859	1.08618127581131	621
-0.033140196355632	1.06818171997976	621
-0.058183128134698	0.891419825589778	24
0.018551091321842	1.18377629446097	24
0.035817969440204	0.771014591026081	24
-0.022592348317531	0.974623833872738	24
0.015939363305158	0.74533155267905	24
0.050817804818458	0.784275693618856	24
-0.124388426901063	0.883884011101183	938
0.05747464339197	0.825247848188129	938
0.074988272762883	0.794802989741093	158
0.061389863896308	0.782129262314882	158
-0.110090116807183	0.476382048996732	141
0.08579407273336	1.00094943549636	141
-0.044513715670605	0.858847467188231	141
-0.07470416525093	0.492751615183369	141
-0.069302011821113	0.5737058118018	141
0.054590410210971	0.495733992211127	141
-0.038815498954663	0.382577448388664	1007
0.00961345686187598	0.467863031319763	1007
-0.058610734633968	0.264314357238046	1007
0.095179048197778	0.520006282269184	1007
0.012358584769383	0.509161784026448	1007
-0.055417456896618	0.2622048753487	1007
-0.110907022998471	0.266204463753841	1007
0.070947826494174	0.691085128599732	181
-0.038970867207056	0.666518625800574	1459
0.07752858198249	0.688808339687953	1459
0.027131965568065	0.691474451303969	1459
-0.085777180949085	0.270042088900162	267
-0.1094090370927	0.151898855273438	181
-0.029500169866028	0.883162921142375	17
0.05989489531671	0.682909533274738	17
0.083848264653702	0.614470289551239	17
-0.046131504368124	0.87185496524829	162
-0.061017111026613	0.846919415403533	162
-0.052837982738576	0.603366467861421	162
0.00118178511243106	0.674782413154203	17
0.0941020724146609	1.15507041648928	17
-0.054427865908044	0.486925592864714	17
-0.019158854441816	0.643321759980311	17
0.000619467435444054	0.659646229090107	17
-0.00150240233265803	0.500246629190149	17
0.042482201734207	0.399632921973809	17
-0.016742284638154	0.569479515174168	17
-0.098711971894633	0.488156509037215	17
-0.042226152806517	0.384959895723775	17
0.121100574273018	0.521812932587514	38
-0.030920590120056	0.50454500345495	38
-0.012270949404112	0.582632690916741	530
0.002667620654905	0.503905863583498	38
-0.086231919591584	0.538786840459808	38
0.044990583997375	0.278444082584215	56
-0.115675549873541	0.157431951292729	58
-0.092338231574647	0.389145567343417	273
-0.059756007381045	0.385394569801317	56
-0.121260266553214	0.145365522490478	56
-0.014086576593798	0.382056911207163	56
-0.032155294870618	0.171057763952974	56
-0.0391570217008	0.385419233615943	56
0.087567907888976	0.398612696580652	81
-0.063701195017366	0.261362445319509	81
0.122076172115503	0.201430407091027	148
-0.032155294870618	0.171057763952974	14
-0.117802041143272	0.15069443952305	14
-0.005617715920052	0.884548840790002	621
0.048106738870952	1.10362232983984	621
-0.120477555120076	0.516375581607704	621
0.043850701127376	0.902443509497018	621
0.110172717344355	0.862454748046634	24
-0.08239339804654	1.0258893727283	24
0.070385740303595	1.0853715677567	24
0.071614707483871	1.07489806902102	24
-0.11367114417004	0.693789620915562	24
0.071394869294396	1.14779792968434	938
0.079849914230647	1.25276924030357	938
-0.024282734344559	0.792018925402598	938
-0.016990257700972	0.813374498717493	938
-0.061504029410576	0.645523418693949	938
-0.047113425141094	0.940632923697877	938
-0.013702196774937	0.806722206224249	938
-0.051920218330909	0.647517373222672	141
-0.110769711854576	0.635236372441515	141
-0.086889335138264	0.271141669375849	141
0.05133130078524	0.400715348466133	141
0.105410862334917	0.628123790222812	1007
0.124178469370378	0.535014819164584	1007
0.00780294984922503	0.51182663475676	1007
-0.077739296098839	0.392582090042041	1007
-0.057542527435627	0.386621982033351	1007
-0.053784988524464	0.484362714499528	1007
-0.07501426905273	0.393929743097032	1007
-0.111196104304154	0.268860528871469	1007
-0.062797252386435	0.394436155866018	1459
-0.057243038375555	0.276304953676113	1459
0.046252000272362	0.488771011300993	1459
-0.070914750823923	0.485184757029332	181
-0.034744621635139	0.472742185626689	181
0.100171297296114	0.943042874828908	17
-0.031917699316398	0.50659272882393	17
-0.066806341574085	0.388634814225309	17
0.108872294597663	0.907267965365338	162
0.00517762272095701	0.594396260949005	162
0.052328253365644	0.748737882923283	17
-0.00658332006817203	0.388620603572688	17
-0.121096113900569	0.255636958871735	17
0.020885201363922	0.390868666370851	17
0.057408495115012	0.69866591237741	17
-0.00541361298010401	0.564353401180385	17
-0.092641293115386	0.493919791779057	17
-0.017853138687028	0.49220552531087	17
0.082955937295766	0.627479601335729	17
-0.023766538976542	0.37347237839934	17
-0.0677726311917	0.35799339647087	38
-0.095884467156324	0.261926753010021	58
-0.016956498069286	0.366983676018233	58
-0.118814088854811	0.263651707919868	58
0.0128422645292809	0.40320934686501	38
0.04883911312047	0.284622968810994	38
0.050910415568628	0.289164757680891	58
-0.013043202183753	0.271861361901778	56
-0.123351893361496	0.249692798020033	56
0.047487516147559	0.279156023853911	488
-0.026423045002469	0.167111991186575	148
-0.031884142505325	0.160352818920001	14
-0.111718918252717	0.157288275267166	264
0.036651350233943	0.773283121668547	621
-0.07923174484002	0.492761358047359	621
-0.063164723860019	0.679270535680623	621
0.045950262037525	0.282345741394933	24
0.034499532007934	0.81490715704283	938
-0.063238296667568	1.041408440098	158
0.00956135689920501	1.09683520618028	938
0.0902784926568651	0.69382644650426	141
-0.099957012702171	0.396288193107397	141
-0.071432206870624	0.486915472874708	141
0.119669786755726	0.197421523304085	141
-0.012851841819808	0.272777920415663	141
-0.116412951587723	0.156012044058552	141
0.00279398147354804	0.47373134880281	1007
-0.07965320687691	0.492820417416354	1007
-0.021926843726663	0.588484027704545	1007
0.050892962533707	0.602704343961688	1007
0.074410605355736	0.708349177386401	1007
-0.034729846626568	0.37672585620899	1459
-0.010889768954101	0.274961175297291	1459
0.0381384948285241	0.379759846706679	17
-0.00737352174471501	0.270549319021785	162
0.083240393253215	0.369162454406258	429
0.071974891839573	0.500652035319922	429
0.096381493498038	0.407007572786269	429
-0.113358844014513	0.374953298075143	429
0.063912259699631	0.507617772182255	429
0.090995017161981	0.523938116808652	429
-0.000290451695807992	0.494259911426741	17
-0.02227531745652	0.378641913408215	17
-0.08603740069071	0.26918222634548	17
-0.088442373290753	0.478288687735566	17
-0.073911068343179	0.39800612393995	17
-0.090233766530458	0.393344368661915	58
-0.04102894008742	0.387457590731156	38
-0.017129792795948	0.388935063932445	38
-0.074947271880261	0.377442684601036	58
0.039439608988597	0.263855387143233	56
-0.028606032231614	0.168487760111406	56
-0.015461291996838	0.382444794071693	56
0.044388593363284	0.261812538917107	56
-0.114290070662285	0.157070938330489	56
-0.089750689503306	0.258382006916909	56
0.045702438988819	0.276857433713621	56
-0.039294244265864	0.16328383273075	2131
-0.00933057038180601	0.280589890710774	14
-0.03361802040995	0.171492856136262	14
-0.034320866617167	0.170598864403623	14
-0.00984451290463501	1.49157051047292	24
-0.076562305869514	0.492609369470216	24
-0.011661816216105	0.548531197210936	621
-0.00481217229213399	0.704110889187517	621
0.062323756450885	0.692123805870943	24
0.102726776776912	0.667161241799126	24
-0.082604977267721	0.72905064700814	24
-0.032375923256467	0.976217558287008	24
0.034820426752352	1.00550390030163	24
-0.011289558183116	0.482297709091966	24
0.112891013146972	1.03474899611946	938
-0.105527562922673	0.467646774390065	938
0.081483099417738	0.481339894206749	938
0.118892862835363	0.192614416933485	141
0.00942623167044399	0.742661828314285	141
0.061448580800293	0.775957161189274	1007
-0.066501107615272	0.496977447910747	1007
-0.078131156268411	0.567147895409981	181
-0.055189235322809	0.261357325651865	1072
0.121299130100455	0.19765529034279	1423
-0.033558405016549	0.171307702237758	1423
-0.059368087115069	0.490080166319747	181
-0.029372068306671	0.168506458901295	1459
0.12161057470954	0.512198225195014	17
0.122337649525803	1.39119036587247	181
0.092611599348999	1.35991532202159	817
0.116802827132136	1.29028051501696	17
-0.093219642743659	0.570831107480955	17
0.040460704814033	0.879203397374829	17
-0.074386185863892	0.771641764352476	17
-0.00487101690401798	0.589288305880001	17
-0.120118818146434	0.135924561957386	17
-0.11701314376431	0.483763996408405	17
-0.082156541013433	0.268879507976923	673
-0.042728274419225	0.484008781605403	17
-0.116861891640584	0.264435504512824	17
-0.09730890715277	0.487493498526187	2731
0.052862801687898	0.286874156005202	58
-0.041762841108392	0.36515878074378	58
-0.034320866617167	0.170598864403623	58
-0.022871390112842	0.495515480453485	38
0.09028234208781	0.52268722271277	313
-0.016098261274879	0.489594906043588	58
-0.055337834358241	0.271437316962563	56
-0.010507950887584	0.278930149033666	56
-0.035025171919381	0.166360775637245	56
0.05416265213602	0.280349276853359	56
0.047186513486421	0.398697755493054	81
0.122032139953474	0.191854981562394	1353
0.090057923518297	0.394249048006403	2317
-0.051322463811254	0.274632620538535	14
-0.015769247078693	0.265570562204336	14
-0.118648428204679	0.154170805239629	14
-0.113370904195769	0.688919301711047	24
0.012061703791716	0.652238192417925	24
0.110193900853467	0.79071797264424	621
-0.013240156084869	0.280143344274786	621
-0.09042119231047	0.387489253622066	24
-0.066617686812743	0.557022715937968	24
-0.054582926164949	0.56526487143855	24
-0.099242085724838	0.783092059254015	587
0.059937478740582	0.796607613188232	938
0.050976821348686	0.981238215333643	938
0.000741670275347994	1.17072555149386	938
-0.00251669929158199	0.272540073235111	141
-0.060062334803986	0.264446753054398	141
-0.114290070662285	0.157070938330489	141
0.116313624446328	0.886442632610702	1007
-0.00596612743708502	0.573736218822661	1007
-0.032373991708099	0.163345963881305	1423
-0.044232047117692	0.375051863006818	125
-0.035885066907634	0.388397634739407	125
-0.032916639677762	0.170355386811782	125
0.046463338819577	0.278459909653972	1459
-0.109274966736691	0.492244906321547	17
-0.071926878385975	0.737333545619376	17
-0.041337220186302	0.888741596629411	17
-0.024886035381862	0.798567587500004	17
-0.101934825019995	0.671953895484851	17
0.045142912522559	0.698965656837648	17
-0.11198660326809	0.151322019603525	162
0.021969087939825	0.661717778461113	162
-0.057475085523119	0.272807062660285	162
-0.03559902595628	0.164989565094824	17
-0.00133981963140301	0.269954386125174	17
-0.029358376463472	0.172340564270388	17
-0.087500758681646	0.264834914900914	17
0.059896610122845	0.509856947671675	17
0.014810438680635	0.39484591012564	17
-0.068940033059059	0.389171885106217	17
0.04028187482837	0.390728974700128	2731
-0.076681973683154	0.470090076319568	2731
-0.040821344153637	0.584879436432475	17
0.052268200899937	0.288918539812938	51
0.117252894763946	0.19109165365643	51
-0.011647765424892	0.483414062956119	58
0.111495775578808	0.680243087151157	261
-0.032155294870618	0.171057763952974	58
-0.065837978988654	0.480592473932386	38
-0.091121284924454	0.376070556467925	58
-0.044306129354143	0.36803997891868	58
0.018804124808834	0.501847614893706	313
-0.013223543211013	0.494530532184899	56
0.063746301746946	0.517562587669516	56
-0.115452394832781	0.272920807436866	81
0.00647061487135603	0.391382015948249	2136
-0.114290070662285	0.157070938330489	81
0.11962621063934	0.201522244647387	81
0.119669786755726	0.197421523304085	81
-0.016166412757503	0.271983006757915	148
0.11962621063934	0.201522244647387	14
-0.026407233688701	0.164210545020923	14
-0.11542346082518	1.03292441147856	24
-0.026661774620893	0.914213872775185	24
0.027048768134329	0.834251579034675	621
-0.04948287892332	0.617930742967323	621
-0.111546154329256	0.537224740539033	24
0.025033337927068	0.74105058378602	24
-0.00503709493569798	0.27597583148111	24
-0.01954213200035	0.559433992759259	24
0.057080788459357	0.896166203014364	938
-0.042542122410458	0.852520244300442	938
0.029331284732086	1.37922595739464	938
-0.083532236475364	1.00056874014302	141
-0.110255703445067	0.387837224010051	141
0.047230120229223	0.386746479738399	334
0.047820182622953	0.281875096479508	141
0.00230682721019504	0.664538821891962	141
-0.108379470509378	0.449761599855163	1007
0.091128584918721	0.515528913793623	1007
-0.03058236368718	0.703545534912548	460
0.081402636341224	0.874982842812606	460
-0.039289406442473	0.590104844160811	181
-0.030125206900971	0.172372103841324	181
-0.030878559284433	0.171666856078845	1459
-0.099707838745837	0.474118215510001	1539
0.00142830086660295	0.4893062305078	17
0.00288394852603802	0.651278842258598	17
-0.055191698170405	0.392260946540575	429
0.115998700968044	0.734547463734654	49
-0.06948866195029	0.55850733538249	17
-0.04312319008842	0.529565325032823	17
-0.040426488357887	0.478743884443865	17
-0.045230243510429	0.486846133269765	17
0.050576809271755	0.283687162588281	17
-0.052278064026578	0.485143277201847	2731
-0.104580701514218	0.380475730182606	38
-0.084617602295068	0.359712238932378	58
0.049816082121903	0.61881135625967	313
-0.056165428377092	0.369386530852084	313
0.050180628662277	0.258947039359115	56
-0.045385759139283	0.369816724716775	56
-0.032856116933696	0.172207431346016	56
0.11962621063934	0.201522244647387	56
-0.054408567293396	0.273164621094583	81
-0.110064762698037	0.26303871421049	81
0.118029646606178	0.195815538712146	796
-0.011288021635068	0.277183686839958	14
0.0494347931727091	0.278174310156855	14
0.045950262037525	0.282345741394933	14
-0.086604753413729	0.91690058860224	621
-0.00296164655290698	0.582793366271093	621
-0.105527156684323	0.463948505713686	24
0.04154098650356	0.388059433751009	587
-0.030484123367828	1.00460009872233	24
0.113159591119631	0.876761500688583	24
0.106489426389491	1.28610440129768	938
0.02362890097352	0.714268501416464	938
-0.085648402520331	0.735068230815489	938
0.0840900760810041	1.80883542900743	938
-0.075850902162571	0.480999112267291	158
-0.0933930426418	0.559299339629177	263
0.013971054897292	0.38866937776786	141
0.118892862835363	0.192614416933485	141
-0.00854989372541098	0.280570675605193	141
-0.085666455095243	0.555165205533892	1007
0.013785165712884	0.488611307983682	1007
-0.096721579140371	0.470729724432765	649
-0.022786034097418	0.726735381094377	460
-0.019172539095042	0.587072898236702	460
-0.039377516974298	0.708888946506174	649
-0.108890710748167	0.486350336971229	649
-0.038041999349193	0.500502560894601	1072
-0.001476834842293	0.480717081806257	1539
-0.046038056820459	0.48630465231404	1539
-0.100770921817111	0.374039389319834	181
-0.090216061588963	0.395153029381465	17
0.059847393296348	1.0123283177648	17
-0.114892390778329	0.703094007362291	17
0.07590257744898	1.06795422089352	817
-0.089228481290554	0.701849883942436	17
-0.061903810573266	0.793714774804601	17
-0.100436071701633	0.707651229838903	17
0.058006881051502	0.484936953123563	162
0.114478989136667	0.194606563884473	17
0.100877479416702	0.857676439221618	17
-0.06184491139562	0.26151942861536	17
-0.014411029090974	0.269858058413679	17
-0.114851094282345	0.154698509416655	17
0.118849939816202	0.201943652777816	51
0.088228104494539	0.61437790098557	261
-0.115095227197092	0.39117932764844	261
-0.036719851762015	0.475878089545472	261
0.102304856736245	0.514689468048967	261
-0.077094506665403	0.472728930044135	58
-0.029861093214683	0.488507415872808	58
-0.011444045517357	0.491197267814112	313
-0.11595742525431	0.257145161599146	313
-0.090678759021824	0.394631932624466	313
0.088027513267637	0.512339826661478	56
0.00869016529594102	0.399308268174377	56
0.074265278279672	0.589192214153782	56
-0.117691248529589	0.267083391162872	56
0.049386972475939	0.284866832420477	56
0.050401376445403	0.405290854251747	56
-0.043835194776902	0.390415155470346	56
0.092759892065702	0.405165961073426	81
0.046117471999637	0.283159408267007	14
-0.11198660326809	0.151322019603525	14
0.045537684964484	0.2766231628293	78
-0.011278335949147	0.271282960154323	78
0.04028187482837	0.390728974700128	78
-0.095238938106231	0.472859979578595	621
-0.018340950539897	0.488172420286742	621
0.049740639440274	0.849764433296082	621
-0.043995470638439	0.365200152876997	621
0.023311181997081	0.705469716884783	24
-0.00836047424640801	0.269630322454783	587
0.019269799768631	0.790118799161412	587
-0.088151613976218	0.395156139072924	24
-0.070006661080674	0.925820279957117	938
0.022851145927718	1.17979952030605	938
-0.111251039607997	0.154765629006571	141
0.120401910540674	0.196118981932544	141
-0.057434704428291	0.566994357685863	1007
-0.072959122992399	0.546850888659162	649
0.012936490129052	0.721068486760251	460
-0.117971801401183	0.462420927668683	460
-0.06699891576996	0.483322379405315	460
0.031207054729909	0.679481255607673	649
-0.064100273600767	0.535629685968165	649
-0.06512958972274	0.255739029139263	181
-0.011886174972016	0.266339411919597	125
-0.032510004900575	0.500336651731602	181
0.00340828719532404	0.37843923721497	17
-0.029660452047938	0.998409748849873	17
-0.118434049213241	0.686106071797098	17
-0.001660858143472	0.809370190152852	17
-0.081225817259766	0.729550807722846	17
-0.051547640556469	0.271709958211508	49
0.042766578118723	0.822614333981633	17
0.0168429449745749	0.502642875266361	171
-0.00757479079752899	0.275191519737911	17
-0.045354077050456	0.375547581499136	17
-0.09850879173703	0.567775818697293	17
0.097212248165832	0.408032853223052	17
0.083429854915279	0.902459598841733	530
0.113706781524745	0.189916286385992	17
0.050555016249909	0.281419909857836	17
0.114478989136667	0.194606563884473	424
0.122896136022272	0.196980514178802	51
-0.060029379205238	0.271341283440026	261
0.113389085178523	0.63648859140942	261
0.122852637035919	0.197576085447396	58
-0.090636270071339	0.39015383109365	58
0.042510734477893	0.511509865099608	58
-0.086364900245337	0.275614983412716	56
0.0482432031379419	0.285569125299453	56
0.00730701751096696	0.39507016440066	56
0.114478989136667	0.194606563884473	56
-0.028606032231614	0.168487760111406	56
-0.016814788570544	0.391619063219432	56
0.016192820628621	0.39434624353565	81
-0.029344617379453	0.168118197302128	81
0.116876996529404	0.193783775309866	78
-0.054757703341175	0.274086457303122	78
-0.017538462176392	0.270488871711001	78
0.04862314183318	0.598564952706686	621
-0.037137291561654	0.467772672924127	24
-0.00874221618040899	0.277904278410884	587
0.032134399837395	0.88267323507592	587
-0.06521849180073	0.914091303106179	587
0.044631588112759	0.510732995232278	24
0.033906887040677	0.9175335942025	938
0.074176387300597	1.22607106501539	938
-0.090296160484775	0.80379812620546	938
0.0748004256010501	1.25873339928951	938
-0.011353911234428	1.25906725638136	938
-0.017483082026923	1.18031223120827	938
-0.020424783659285	0.375629608587703	263
-0.0572713616665	0.265050819458215	263
0.026477673495653	0.891808862367279	263
-0.027188976924162	0.16455136252856	141
0.118849939816202	0.201943652777816	141
0.118029646606178	0.195815538712146	141
0.090474132571677	0.873365001653029	1007
-0.00131483148625999	0.50916386710604	95
-0.108428166430754	0.392263178310349	649
-0.068580935997839	0.573979170441762	649
0.107753807713458	0.944203918563274	649
0.043697349095056	0.657867731635726	460
-0.103461731604245	0.48723877228974	460
-0.018490336562779	0.582566090077734	460
-0.068406148499071	0.500368434186421	698
-0.00562543520165998	0.278566269394892	1459
-0.084840018433553	0.385375164011778	1539
-0.034416962240776	0.892554804921667	17
0.101339287188942	1.06877305501779	17
0.03836546519425	0.96178518618792	17
-0.061142879156003	0.719845377004698	17
0.089442205168994	0.86097156383172	17
0.121299130100455	0.19765529034279	17
-0.017378166257364	0.495447849563354	673
-0.109752361779175	0.389448599041902	17
0.081366757218998	0.477957400998837	17
-0.056430057235801	0.275542851366981	530
-0.02077089240942	0.657363421276185	17
0.119581444547106	0.1904746302505	17
0.118805831150545	0.195440497449165	51
-0.034320866617167	0.170598864403623	283
-0.119381843140074	0.154135697628218	283
-0.116996632043984	0.393636208533755	261
0.064322222169355	0.59429401734535	261
-0.038423883636748	0.364763928646426	58
-0.017238584812754	0.391917422986098	313
-0.083813024422514	0.272598301852418	58
-0.015254600895112	0.482209578769381	313
-0.085209178026606	0.271672819694746	56
-0.119381843140074	0.154135697628218	708
-0.081051189393417	0.264360763378338	56
0.009826009979089	0.385542276461165	56
-0.012851841819808	0.272777920415663	56
0.118849939816202	0.201943652777816	56
-0.073772944879624	0.38454232152133	56
-0.011288021635068	0.277183686839958	81
-0.058431417824084	0.265143011242095	81
0.040373650405364	0.264696046166091	81
-0.114938850937462	0.157459754092218	78
-0.030125206900971	0.172372103841324	78
0.052862801687898	0.286874156005202	14
-0.11578631740787	0.681375663727599	621
0.020451782855092	1.12650641306332	2653
-0.060742030481479	0.752841795366848	621
0.076185742303346	0.987663642908678	621
0.035787145966111	0.916771060742967	24
-0.109080264944417	0.720493705496348	587
-0.098839059816714	0.701437952889343	24
0.060745403768633	0.98781464061715	938
-0.107850720383461	0.832822108483645	938
-0.044006973742645	0.9155333188331	938
0.037893221486912	0.78816238684238	158
-0.105322611193539	0.686557724215701	263
-0.012155456277609	0.837988317969408	141
-0.049004015945563	0.628759907405421	141
0.022966708877031	0.506543005308524	141
-0.040705027219289	0.387562868876115	141
-0.103380153209067	0.48802158693626	95
0.047283526189263	0.605560686777587	95
-0.011753120310666	0.580622781494792	95
-0.00909758516964099	0.506784526856164	1007
-0.042000203961459	0.479401200375248	1007
-0.027110654518832	0.492558368277208	181
0.065263188161121	0.609158210536856	698
0.021512076858101	0.51005489656195	1459
-0.120815012772461	0.256751698569665	1459
0.0510586707577641	0.383321585678597	1539
0.044671606925631	0.382813629592805	181
0.111045098221213	0.800525609315099	17
0.10652497553284	0.787262920511276	17
0.00059350126278801	0.496459995001748	17
-0.110492653845319	0.575920045516061	17
-0.096435603663797	0.48653980905504	49
-0.085786865764056	0.271550809892378	17
-0.090840663499578	0.261997355428873	17
-0.00526622966094997	0.479995251278043	17
0.028475553710832	0.758023215821374	17
0.04467977544628	0.831869808545607	17
0.041787881749226	0.757513826046676	673
-0.02166170166149	0.731146122233183	17
-0.091409411155704	0.260462584607609	261
0.097537116026943	0.522047455953477	261
-0.068508142019671	0.39149283666944	261
0.0639974958463621	0.484546717345549	261
-0.019279831047586	0.258320969536253	261
0.045106953638352	0.268900439871754	261
-0.109512137678393	0.263868919250637	313
-0.057768719451212	0.26405632666298	313
-0.116075573629537	0.151388397127822	313
-0.062308062956871	0.265901618208402	313
-0.056596157882035	0.270394151692928	56
-0.046505721018883	0.267479219203023	356
0.11962621063934	0.201522244647387	81
0.048818784165923	0.393624723133541	81
-0.112544903499217	0.158631103032102	81
-0.041731360163367	0.157789724864716	81
0.091722031710749	0.388873133296552	78
-0.056378579014922	0.27090210212395	78
0.118849939816202	0.201943652777816	14
-0.119294974588462	0.153683990110454	14
-0.033558405016549	0.171307702237758	78
0.113656498860624	0.194210317184637	78
-0.047999135492782	0.800775930738601	621
0.037885167700705	1.05494488036191	2653
0.091855711731322	1.2863737835474	2653
-0.04570293262147	0.717434104051645	621
-0.062928042552632	0.819726043018391	24
-0.101786801340337	0.35083310243412	24
-0.099618049192073	0.489346654761107	24
-0.040627813902879	0.906460728857761	587
-0.056782247180811	0.868990499127003	24
-0.078392107080603	0.941149141545434	24
0.049542023781507	1.3357807311618	24
0.010615850247422	1.10984461693455	24
-0.112321419586045	0.691165085686083	938
-0.06498081377821	0.936818238603149	938
-0.068557450288867	0.853659772615294	158
-0.010837593408101	0.957597155168173	938
0.069690828965874	1.25999251570823	158
-0.117402928076445	0.485783190304518	95
0.089119004481946	0.722568265992746	1007
-0.118052391412985	0.403995825004298	649
0.00220095028862	0.489027683151481	649
-0.076259670767199	0.398133687180386	125
-0.039311161758231	0.385843466516046	125
0.04373920784247	0.496451999312792	1459
0.093500351582366	0.408278471143665	1459
0.057826015955767	0.845406674407274	17
-0.040121603028076	0.582600273503976	17
-0.032211910277924	0.661464797114706	17
-0.014196911105086	0.670778374866817	17
0.094506813352318	0.716298011628668	17
-0.068148212006213	0.568942734574019	17
-0.121194247092874	0.379053228799948	17
-0.052267263263808	0.384977112639668	17
0.065949750502065	0.759673689537748	17
-0.05178530607177	0.571150539126522	17
0.0183689788146451	0.568813306274626	17
-0.017988110012046	0.476205258261422	17
-0.104272025637691	0.387515098812194	17
-0.06343732173151	0.252848599824053	17
-0.033102349490345	0.384002731974401	261
-0.11210790953246	0.268625558749503	261
0.095238563895614	0.51546961848057	313
-0.049041196116809	0.385675749191867	313
0.00923660087016198	0.399229567315156	313
-0.00739179923171501	0.272853218937785	313
-0.111469792088098	0.266184758251728	313
0.04765348467444	0.282727462429351	56
-0.088282438362098	0.26951174150829	78
0.051505313415077	0.289999457158964	81
-0.013631796191739	0.272072282599384	81
0.05919492116703	0.274487260848951	78
-0.020088158903847	0.251939194366626	78
-0.030110933399118	0.171638071817207	78
0.044990583997375	0.278444082584215	14
-0.034262152738267	0.167034861267776	166
0.119669786755726	0.197421523304085	78
-0.035025171919381	0.166360775637245	78
0.118849939816202	0.201943652777816	78
-0.119376588175143	0.459258267723545	621
0.018787355250093	0.896365238222483	24
-0.025658435974798	0.164839889982924	24
-0.016437621341065	1.16604510535117	24
-0.00406385381651497	0.510082301388417	24
-0.112441871766764	0.623691689385419	938
-0.121585609826352	0.668629233246229	938
-0.10093920220745	0.851435555327875	938
-0.119170572721686	0.797402614060342	938
-0.045580567366527	1.16390846578921	158
-0.054745300096356	1.15173618023136	158
-0.085006626551063	0.398044259493869	5
-0.012362615354789	0.49081852411206	5
0.027058229866943	0.666625681448697	5
-0.053714962416689	0.268465597424702	141
-0.113720928232701	0.266631399520848	141
-0.031394207996038	0.167251262805583	141
-0.09165798279145	0.263847971803378	141
-0.00933057038180601	0.280589890710774	95
-0.00258499888676	0.733041410057974	1007
-0.104063869112457	0.385529947563802	649
0.061475264596226	0.61105431091171	649
-0.016464351112452	0.384424961334821	649
-0.106511519413096	0.45913783596541	649
0.123584716073021	0.622569685267161	698
-0.032796202972762	0.167465311350541	125
-0.017145328094067	0.266296574371382	125
-0.058661639557585	0.264632514877464	1539
-0.057243038375555	0.276304953676113	17
-0.013240156084869	0.280143344274786	17
-0.083029496931527	0.63812520942095	17
-0.00675273434780699	0.712202895742011	17
0.108488419473812	0.635403140554246	17
0.096979693276687	0.701953678726246	49
-0.01322604175978	0.263479214936736	49
-0.059743361105543	0.384192431324667	49
0.124488867316534	0.276195548983374	17
-0.088066161562736	0.260342849480463	17
-0.110893237658397	0.482699141123997	17
0.088897663833291	0.511409441657018	17
0.01471214080595	0.733289472501351	17
0.065747900226978	0.605106723129269	17
-0.029358376463472	0.172340564270388	17
0.089903244026861	0.508882881965065	261
0.00927190142193202	0.376693958032088	261
0.02900730899324	0.512805743955468	261
-0.072363916537933	0.388219567635451	261
-0.030136228464547	0.471497158652898	261
0.087455379060276	0.398706966495353	261
0.051334461556595	0.392203740724315	313
0.087198922300276	0.399289707457083	313
0.123115063725592	0.279208579677968	56
-0.022888424535753	0.379158255701605	81
0.118073101920439	0.196825091913243	78
0.049982005584459	0.285679589370213	78
-0.057040469152695	0.265991590165309	78
-0.034380182800948	0.16655992563091	1424
-0.114290070662285	0.157070938330489	14
-0.035083587945473	0.165721544483297	1462
-0.031394207996038	0.167251262805583	78
-0.031613489954442	0.167979253335486	78
0.118849939816202	0.201943652777816	78
0.057884833506024	1.06163305000561	2653
-0.000394926617626024	0.889875985501933	2653
-0.06487344301254	0.497954170721993	24
0.090158121077933	0.508372376907503	24
-0.053842552214359	0.572818191027725	938
-0.121723870853995	0.842464668325142	938
-0.103023064988992	0.912339348438806	938
0.05904634957432	1.36552925555514	938
-0.051733804064457	0.830491731494081	158
-0.09183315095271	0.896167170149367	938
-0.062400744033138	0.903565910890224	938
0.118123605512295	1.62358142685847	938
0.075803930081801	1.52056826831717	938
0.124486191529375	0.530085156462898	5
0.011754782851767	0.391638346128279	141
-0.033678242586139	0.165521982592106	141
-0.032856116933696	0.172207431346016	95
-0.060732853262259	0.474051140447643	95
-0.055539252151886	0.658856436133462	95
0.123390793901124	0.950386405848692	95
-0.053059154697608	0.544582211341148	95
0.033913800699896	0.738343800350827	95
0.082023836685034	0.753599561941762	1007
0.054670231037694	0.68294148503028	649
-0.015088022763109	0.644412836669156	649
0.098229134172294	0.702769600906045	649
0.025800000531077	0.611357688278769	649
0.000548599460119981	0.655622881618485	649
-0.00837777047799698	0.594823410017527	181
0.0533253949589479	0.4856338038998	125
-0.097893092975415	0.396466615825611	125
-0.114290070662285	0.157070938330489	125
-0.034010956707995	0.489526356761843	17
-0.049488914094006	0.656682508724475	17
0.0151704927938801	0.76497435228734	17
0.082773135902838	1.07610836021633	17
0.067306689673606	1.09084164356236	17
0.116084807971341	0.629674308502016	49
-0.00465034750367199	0.274655904181266	49
-0.052457716858253	0.733769768876711	17
0.032192656230512	0.936720479342443	17
-0.012647492913898	0.490929274220094	17
0.0311025209003301	0.690492445194419	17
0.067706328347518	0.927337415854762	17
-0.071387856661724	0.536008781978953	17
-0.033678242586139	0.165521982592106	17
0.113706781524745	0.189916286385992	17
-0.116325163543614	0.155957430958996	51
-0.032856116933696	0.172207431346016	51
0.048573367292896	0.397515892548481	261
0.031298338797547	0.482555962083799	261
-0.00578388375709499	0.482253336882042	261
0.09333650761288	0.399994092987809	261
-0.051902257586828	0.273793376168428	261
-0.107261111894852	0.39878184809595	58
-0.019100826132051	0.264204879624918	313
0.00505861124419205	0.38381419276729	313
-0.04095622164394	0.383774366953057	313
-0.112591093919349	0.268514847380301	56
-0.077377384776022	0.267324945405301	56
-0.032094472202418	0.168316179247348	56
0.047820182622953	0.281875096479508	78
-0.033558405016549	0.171307702237758	78
-0.120202325853982	0.146413280971148	78
0.120446143828703	0.197036537066415	81
-0.109317262679222	0.153481859029311	14
0.043798405155378	0.276984201759073	14
0.050743248668699	0.289007200605363	14
-0.012851841819808	0.272777920415663	14
-0.030695416752865	0.163330245560145	78
-0.051902257586828	0.273793376168428	14
-0.067370692842367	0.622549013193085	2653
0.031196606568799	0.933741103027462	2653
0.097926185688787	0.610080768075528	2653
-0.10797643459885	0.548985383651708	573
-0.112059589318511	0.786173349019528	587
-0.07795628805707	0.650959521843373	938
-0.102457303795524	0.812338439767338	938
-0.060615765832918	0.79859843212009	938
-0.035952588885176	0.945759039990158	938
-0.07838608715703	0.460509026608513	5
-0.056529601542402	0.379235493333213	5
-0.068193949695388	0.387135953503775	5
-0.019384924301164	0.378637321653449	141
-0.061656080272461	0.250312341502069	141
-0.038793014158362	0.388018681490408	141
0.107311109755485	0.805288339024394	95
0.064996517505476	0.617046863161262	95
-0.063966446230488	0.495905131733672	95
-0.00361189241990001	0.57843439026984	649
0.076918661446727	0.691739374204784	649
-0.102940562956967	0.459292946237493	649
0.043908069912507	0.695664022854587	649
-0.11198660326809	0.151322019603525	181
0.0751112573096711	0.820151394639404	125
0.0470585265982541	0.281926179496885	125
-0.012263182007681	0.277545369651332	125
0.123155464993696	0.722227208159499	125
-0.014461936843011	0.497825626881553	17
0.065729947425903	0.509276151901311	17
-0.123074496598202	0.624994637435723	17
-0.093982764041914	0.587271820245389	17
0.033707444872115	0.827383240792551	17
0.097794191859497	0.7826597238306	17
-0.076174927844595	0.709577370122928	17
-0.110607351294089	0.562061549061323	17
-0.032611515966833	0.396894547028403	17
0.096039289811684	0.409870086976595	17
0.00924664758078098	0.383472445174911	49
-0.034073825027202	0.168545023486603	17
-0.11475330433486	0.478067408148144	17
0.000811247051253017	0.737418241012735	17
-0.095382727260064	0.489247168041352	17
0.021284140170456	0.684005443200047	17
-0.042651859365529	0.480045132221925	17
-0.00942737512355501	0.506177040472975	17
0.094308864941542	0.617344644469035	17
-0.085271199937496	0.267838899700629	17
-0.112591093919349	0.268514847380301	17
0.016683970977166	0.573362640081281	17
0.093799664604021	0.408651534043389	17
-0.116253846256186	0.1553309012695	17
0.0688175461388	0.596048685057202	261
-0.08140234885153	0.388531770732951	313
0.123025310622829	0.53067911835561	313
0.044186838765514	0.379092247737885	56
-0.05840444478986	0.274605671745734	56
-0.116310358771384	0.258799478629822	56
0.052268200899937	0.288918539812938	56
0.058430360140237	0.275775616086971	78
0.118849939816202	0.201943652777816	78
0.122076172115503	0.201430407091027	81
-0.03361802040995	0.171492856136262	14
0.046132778096313	0.277397177359403	78
-0.037764608719315	0.168297810515123	78
-0.070292674672449	1.35811932197205	2653
-0.057010049771321	1.06387436250656	2653
0.113638122079875	1.31137437958783	2653
-0.019237760644171	0.659656885665886	2653
0.0623976084979701	1.09398168960574	2653
-0.093183261192306	0.445957869094783	2653
0.024087402218833	1.1492470001314	24
-0.00840945112371499	0.503747836619176	24
0.111803931171624	1.64487675086196	587
0.12074945527339	1.74640383099256	24
-0.100238584676967	0.943302241462157	24
-0.075944595408208	0.703523591847908	938
-0.050251322804681	0.91386778668135	938
0.045323082735417	1.32887667703824	938
-0.077917200345316	0.7924555328436	158
-0.01493238434763	1.18603141852655	938
0.03598738009642	1.261914302723	158
0.061404356307322	1.47773983505709	158
-0.107661296418892	0.751004757873661	5
0.123065948718125	0.784993378382564	5
-0.086736055435324	0.647953922814291	5
-0.061119790416374	0.381280605215259	5
-0.098664406527654	0.465526789748037	5
-0.1166164935506	0.465037141730937	5
0.023638775397943	0.675796642976655	95
-0.012403851322749	0.5029839936069	649
-0.058808889941394	0.560811607315781	649
-0.094634639434799	0.518622781351419	649
0.122864261202179	0.896818745490044	649
-0.124047325570559	0.408130763647512	649
0.09125115066348	0.693653867402002	2533
0.028141312866952	0.515231660965754	125
0.0978835816143691	0.579525464824809	125
0.047820182622953	0.281875096479508	125
-0.063859952934426	0.375769466206698	17
-0.033962236363488	0.463382966708421	17
0.048875898479041	0.390187799842276	17
-0.00135411935207402	0.730227986172991	17
-0.02133362467223	0.764862093297434	17
-0.004161607296784	0.757520956014828	17
-0.022911918901923	0.669339156724295	17
-0.020519251183533	0.733038427607174	17
0.00704776152171804	0.736443607552731	17
-0.115537916351034	0.477132600350199	17
-0.050589733156847	0.583135012400092	17
-0.012880690839421	0.712500859831029	49
-0.060601365347436	0.659561451337299	17
-0.054230676188626	0.725590227304473	17
-0.013829973042106	0.279329286172205	17
-0.014535947218265	0.623325252085003	17
0.040097251616011	0.80947801734668	17
-0.035571349985555	0.578194979762361	17
0.0552642438658431	0.763986731741358	17
0.0153740193265171	0.664589494943791	17
-0.039629473532845	0.477931665039344	17
0.05209998195322	0.287926108969597	17
-0.054931147333129	0.372084768844802	261
-0.094687288734533	0.399137711998845	261
-0.111808672083322	0.159552284481566	261
-0.00796159585269102	0.277894105112136	313
-0.027677111929035	0.362698363395823	313
-0.065899792833012	0.247327924195854	313
-0.028606032231614	0.168487760111406	56
-0.058194377595711	0.383795058074066	56
-0.016175870831863	0.396639543904423	56
-0.115675549873541	0.157431951292729	78
0.04765348467444	0.282727462429351	78
0.118029646606178	0.195815538712146	78
-0.008945652500081	0.277158744933642	78
0.121221930205857	0.191977994150092	14
0.044776926553859	0.268933622186926	78
-0.013672310960827	1.12914783671535	24
-0.124266607885246	0.391726906750157	24
0.048622720030623	0.482645917761446	24
-0.090802877308196	0.549626632012432	24
0.078222697324544	1.69807068581066	587
0.013698819530493	1.01178851125019	938
-0.082380182105789	0.723970980004351	938
0.036998143849247	1.0759118909808	938
-0.058209107259635	0.858612185638814	158
0.072709148743804	1.05951475660066	5
-0.080133532492098	0.62831448561138	5
-0.084953141392628	0.383615007829797	5
0.092630594112844	0.507886213156589	95
-0.054646023163333	0.479592514237883	141
-0.029394353796632	0.544517630786591	95
-0.011949154666347	0.585595498727732	95
0.086890548167418	0.772706101985556	649
0.0656907235955	0.596484905421995	649
0.09755490161856	0.514993632702148	649
0.021670110422503	0.585626876107451	2533
-0.055146648735272	0.496268140906038	2533
-0.098273173645498	0.399054147555869	125
0.08562370823036	0.689435120146301	125
0.0520960871444081	0.399852230844877	17
-0.044907726163195	0.665094249908953	17
-0.058899815721588	0.566999926284515	17
0.090471573985498	0.837486166372963	17
-0.091466307641418	0.462312173125914	17
0.115514523538333	0.802725760233254	17
-0.058915971485213	0.791509386495697	17
-0.047895251994415	0.269414437802859	17
0.119669786755726	0.197421523304085	17
-0.015011066908666	0.47466645352214	17
-0.074269114022348	0.383353791778056	17
-0.074388180551434	0.367844706405795	17
-0.010120407613283	0.638872712522669	171
-0.009674946128652	0.655750747938801	17
0.046880601236759	0.803750058292057	17
-0.069499046923384	0.496391744342233	17
0.114063448828568	0.73488224286665	17
0.015438509742393	0.712916972111779	17
0.06143605268422	0.514334609989059	17
0.089542312215686	0.516409325582282	17
-0.112544903499217	0.158631103032102	17
-0.013043202183753	0.271861361901778	283
-0.091825287146388	0.358771003360518	261
0.091022810856864	0.508120084927391	261
0.012627192998318	0.394350913633559	261
-0.05109140889923	0.273831537549111	261
-0.052299957100891	0.366795747002025	261
0.091259969803419	0.513713547587526	58
0.04580226380234	0.393688646680635	313
-0.090313065261799	0.269712049318856	313
-0.060217459453628	0.257871026322816	56
-0.010701340873234	0.269673422668671	56
0.043034482871971	0.277015458410403	56
-0.117151052997149	0.152056376793806	56
-0.038811283748678	0.159244078861585	56
-0.027841307702626	0.165171762298835	56
-0.116412951587723	0.156012044058552	78
-0.036249052551778	0.16463764089159	78
-0.029372068306671	0.168506458901295	78
-0.011674990465595	0.270072679727193	14
0.11962621063934	0.201522244647387	78
0.046892720072978	0.281073619667328	78
-0.032155294870618	0.171057763952974	14
-0.105636406995698	2.00163151741781	24
-0.099130841833248	0.874391595045026	2653
0.057092476197408	1.32914462492179	2653
-0.023024538281677	1.06926361202001	24
-0.089523525952024	0.927034158143555	24
0.04509493434292	1.46580249533937	587
-0.00114468627935399	0.777791666417288	24
-0.001493412783173	0.659123997212681	24
0.100118710668824	1.48001702571454	24
-0.059656001575876	1.03219052209305	938
0.065525620441627	1.15015155476392	938
0.037683347624181	0.658380517849465	938
-0.008197963983965	0.598324966730745	158
-0.049492377251243	1.03526317305851	5
-0.036084796198002	0.783589209244147	5
-0.087911303967528	0.8167658845509	5
-0.023919086658026	0.859540462249768	5
0.011251717037212	0.739445773996437	95
0.037202677599248	0.484068497880333	5
-0.08717386959195	0.264419627008966	649
0.085049885457568	0.495368097991977	649
-0.110364033171056	0.266520452300102	649
0.064441079955764	0.510904465315817	649
-0.091405827446736	0.273777473122391	649
0.0675934373903651	0.811652452562424	2533
-0.047011090611614	0.653846948551741	125
0.048687397165796	0.406320722218626	125
0.047876070598499	0.757220645695115	125
-0.063323053731762	0.633045660050722	125
-0.00953939546235599	0.278217951691113	23
-0.035787315178385	0.393494208041998	17
-0.00174873402763298	0.492940770144138	17
-0.059448395971183	0.273235232370105	17
0.089119837459804	1.01170854097062	17
-0.032474271419421	0.73423192876633	49
-0.084597283960114	0.493112033195376	17
0.039085713154718	0.513379498527693	171
-0.055203731633629	0.274193688950752	17
-0.11430527193149	0.269174271864717	17
-0.033049273774636	0.385668744674516	17
0.047225062604791	0.278418888034879	17
0.00930079330464095	0.665653695180317	17
-0.116412951587723	0.156012044058552	261
-0.051671326857711	0.271226673519972	261
-0.116325163543614	0.155957430958996	261
-0.124675178927172	0.272962254671738	261
0.123307921904327	0.741803202923254	261
0.123672687720165	0.193374580198933	261
-0.012851841819808	0.272777920415663	261
0.118805831150545	0.195440497449165	58
-0.029358376463472	0.172340564270388	313
0.118849939816202	0.201943652777816	313
-0.03361802040995	0.171492856136262	313
-0.114290070662285	0.157070938330489	313
-0.114938850937462	0.157459754092218	56
-0.048705173333216	0.26622700772378	56
-0.114938850937462	0.157459754092218	56
-0.113432903695799	0.267786993684472	56
0.122076172115503	0.201430407091027	78
-0.031394207996038	0.167251262805583	78
-0.00621399923185201	0.278796988101928	78
-0.12002908408002	0.153647288650886	78
0.11983946456277	1.30702719081223	2653
-0.058228175583586	0.829978271847884	2653
0.049695962502442	1.63631142663478	2653
-0.101632524637939	0.849359152779165	24
-0.083207527114709	0.798845271446001	24
-0.091397205603147	0.656539536475767	587
-0.068886047642145	0.495616405595086	24
-0.027265128476933	0.617985894997801	24
-0.032203336175208	1.19951878753366	938
-0.0972272849397	0.466915474210734	938
0.12203835974643	1.0294503733609	938
-0.016578351575513	0.663925397425059	938
-0.076987288400269	0.842116085741879	5
0.048156527482971	0.930073290050541	5
-0.095326082923069	0.469096205434937	95
-0.035101600152731	0.391668145389306	95
0.065197160322244	0.510786718236099	95
0.048573367292896	0.397515892548481	95
0.098300489252697	0.404452352709009	649
-0.012372454227223	0.377708997882843	649
-0.031657030275305	0.644725080159727	2533
0.035540964648675	0.678013308451564	2533
-0.112838491060615	0.380992457770433	125
-0.00447603181723999	0.266926173274464	125
0.121852154105945	0.606378838952325	17
-0.095618302765493	0.661929156091961	17
0.060065238278751	0.51408178987655	17
0.00650279367277096	0.36888393436163	17
0.030940084477214	0.48160659801569	17
0.089168063724026	1.09663688909057	17
-0.087266533249189	0.551503037075093	17
0.00601584466719995	0.667325139675879	17
-0.114680168665655	0.589094357983619	17
0.124685210320201	0.718351971339326	17
-0.068681024195615	0.466158117168599	17
0.00349772864737297	0.747051378389745	17
0.098902563171927	0.957197329765754	17
0.055935506060944	0.819872975745264	17
-0.033902069210681	0.626861174331393	17
0.069776751318007	0.670544071325009	17
-0.117391394108056	0.256012572842553	17
-0.010306393250093	0.262578651993745	17
-0.071715812721516	0.486396821404168	17
-0.118235223173823	0.258035761517726	261
-0.032916639677762	0.170355386811782	261
-0.114290070662285	0.157070938330489	313
-0.115026082108518	0.157042157240657	313
0.10256288279445	0.50309785762313	313
-0.00875228023303398	0.269409621353881	56
0.052387309326597	0.3972849600593	56
0.015976507599737	0.501207597453704	56
0.118805831150545	0.195440497449165	356
0.0145229228053541	0.394581721976385	78
-0.030863703134254	0.166760626514399	78
0.049685261533219	0.398850386927456	78
0.122852637035919	0.197576085447396	78
-0.115026082108518	0.157042157240657	78
0.122896136022272	0.196980514178802	78
-0.032645960354071	0.158009651853122	78
0.089489022955238	0.413339910429818	78
0.057305568520172	0.273558353889705	78
0.071037896798236	0.839571004551433	24
-0.087540533571213	0.773345542567321	587
0.00819307389113999	1.0045397791462	24
-0.070431320343157	0.563642021400376	938
-0.09194176082726	0.563154812346496	938
-0.047835258768029	0.831321408830516	938
0.034846590627849	1.13653145738609	938
-0.078152275060786	0.704522805678953	938
0.060690413610573	1.28317162209472	938
-0.058366054593692	0.8011660885909	938
-0.035481956849739	0.950917877317389	938
0.100762890770555	1.31342270501803	938
-0.021164586640102	0.997402506832936	5
0.090742862505946	1.21501899922596	5
-0.02436525909539	0.831447767876774	5
-0.101186886165685	0.474629913799962	5
0.000618306927520962	0.595404062480732	5
-0.093814830547092	0.38702213554284	95
-0.06740156332408	0.478417724713211	95
-0.00383220419444702	0.59761881398148	95
0.074004453826654	0.621797370349096	95
-0.070718027953793	0.380213880554722	95
-0.079225776870444	0.382488716772417	95
-0.00835696317162499	0.279024094513188	125
-0.087500758681646	0.264834914900914	125
0.092487608543236	0.504308615510381	125
0.0624793461595891	0.492177653293315	17
-0.108296462887478	0.463356189676056	17
-0.023214624932965	0.65916278194409	17
-0.119617343705922	0.639382447264138	17
-0.063239284088253	0.570578774140903	49
-0.09178847127232	0.555996007007866	17
-0.027841307702626	0.165171762298835	17
0.049604165480617	0.27382138119345	17
0.057263560629142	0.394051382676637	171
-0.098047118390725	0.550567066061049	17
-0.010367207866943	0.499357084437107	17
-0.065654952348459	0.394381879818009	17
0.088540039478742	0.706243566209856	17
0.11431698759559	0.478491563060507	36
-0.059168375863334	0.372503137752852	36
-0.089975262982184	0.252246237358247	36
-0.089443148725006	0.261614309730494	261
0.123608642518381	0.508890331761369	261
0.036308052318237	0.475164738280018	313
-0.00913841552460099	0.280814338380485	56
0.091726144623306	0.394055688817164	56
-0.111718918252717	0.157288275267166	56
0.124488867316534	0.276195548983374	356
0.0826038732747429	0.37871365404214	356
-0.116253846256186	0.1553309012695	78
0.118805831150545	0.195440497449165	78
-0.111542173143108	0.148917877214449	78
-0.033558405016549	0.171307702237758	78
0.118849939816202	0.201943652777816	78
0.122076172115503	0.201430407091027	78
0.118029646606178	0.195815538712146	78
-0.030125206900971	0.172372103841324	81
0.120446143828703	0.197036537066415	81
0.118073101920439	0.196825091913243	81
-0.032916639677762	0.170355386811782	78
-0.118734744803285	0.151333107084063	78
0.11962621063934	0.201522244647387	78
0.122076172115503	0.201430407091027	46
-0.012257038887081	0.267100760008172	78
-0.109224959669541	0.149645355234619	78
-0.077081313202451	1.05184917328717	2653
-0.040074086701941	0.805857247628387	2653
-0.08654852114931	0.56782915123017	2653
-0.050774857992922	0.827768488504209	2653
-0.024749095242169	0.646980977382766	24
-0.115289546730518	0.3916438168587	24
-0.107274003850739	0.26806293624217	24
-0.00646785096636499	0.977415414437932	24
-0.096880512599404	0.933500015292356	587
-0.103375138858101	0.483029651213146	938
0.090237893463575	1.19812204981401	938
-0.106171139037762	0.667967098898146	938
-0.117382371763654	0.643801746402873	938
0.104002923398862	1.34649048853329	938
-0.10391739128655	0.804200053563935	938
0.12343197677914	1.4238544394955	5
-0.103449980568344	0.570983668740053	5
0.074347453844797	0.903172093894913	5
-0.019182935030462	0.654591706949419	5
-0.085534328869491	0.273153659630163	5
-0.012240679975293	0.382340430446832	5
-0.043101006848521	0.252408359516408	5
-0.033558405016549	0.171307702237758	1702
-0.058986247003029	0.484705806059903	95
0.014812005267957	0.394279106485608	95
0.070766093872767	0.691966775236744	95
-0.102905724008154	0.457080795886807	95
-0.116917376092912	0.388992422412822	649
-0.005546021227399	0.629087610577101	649
0.03760554923519	0.662015206089555	649
-0.124675227206625	0.366672527449732	181
-0.018128525551072	0.267215360286394	125
-0.085345449556158	0.381687026677155	125
-0.00630343263570199	0.381561306093949	1955
-0.095911702549018	0.472663765635611	17
-0.07176573621254	0.491883985001078	17
-0.018822142641281	0.473691119965602	17
-0.034675523621661	0.705202561112868	17
-0.00890352612352302	0.653272614441043	17
0.105606441619319	0.876336843433939	17
0.12108791630137	0.777863232398468	17
-0.023065265724418	0.595289576656359	17
0.05160160210764	0.835884880710888	17
0.120449014424375	0.695697345590029	17
0.124662884485071	0.898997947148809	17
0.019244592417284	0.484306322662536	17
-0.118398375321585	0.389297705769556	17
0.062492997529304	0.606474988716988	17
0.085545598060527	0.800178158990303	36
-0.12002908408002	0.153647288650886	283
-0.03716422062674	0.394656689738559	261
-0.063494084218586	0.386832401982421	58
-0.109220018653729	0.260597747374014	58
0.117995274832852	0.50443691458234	313
-0.037754668348153	0.163746981931197	313
0.048413265067496	0.404479787635655	313
0.055947170528581	0.28264902676327	93
-0.029358376463472	0.172340564270388	93
-0.051553105792191	0.271867180799685	93
-0.089731119700668	0.266705923384542	93
0.0926081828658189	0.411475832119743	56
-0.018647487127659	0.392719033370566	356
0.117699607015864	0.194176298788628	78
-0.03361802040995	0.171492856136262	78
-0.035083587945473	0.165721544483297	78
0.122032139953474	0.191854981562394	78
-0.115675549873541	0.157431951292729	78
-0.03361802040995	0.171492856136262	81
-0.116412951587723	0.156012044058552	81
-0.030863703134254	0.166760626514399	78
0.121221930205857	0.191977994150092	78
0.120446143828703	0.197036537066415	78
-0.103762068065499	0.795448396599675	2653
0.0000238806122899726	1.07570194791383	2653
-0.01545760363534	0.73009488146459	24
-0.075379021517022	0.628500017893734	24
-0.010281735069402	1.23538539680474	587
0.071136036570046	1.62117105802486	587
0.116634099957614	1.68641391446349	587
-0.091265948408678	1.0261166668354	587
0.124315199082864	1.05180475273567	24
-0.015788633447877	1.05573943919509	24
0.029332938719598	1.33111438028594	24
-0.00855716892057001	1.24985862209933	24
-0.084008697558579	0.707431566498776	938
0.021815850274654	0.842320949510192	938
0.118134489210186	1.54983128494111	938
-0.064876142629326	0.897796115739353	938
-0.121882339655978	0.633133074242211	938
-0.091975985243013	0.700260946079405	938
0.0808899044629881	1.12567780307243	5
-0.039344883618582	1.115598518668	5
0.054314968587843	0.600188559987372	5
-0.082159164831061	0.374539423641628	5
0.039286870329558	0.681650831516782	5
0.049982005584459	0.285679589370213	1702
0.00800302004845699	0.642217686636308	5
0.074478326928646	0.68929513953189	95
-0.017095197979625	0.49337343386506	189
0.051518134557732	0.670032701805649	189
0.113956649398969	0.892924559627379	649
-0.117000956048264	0.393724590076447	649
-0.00401963295624702	0.57336223131058	649
-0.094175445780773	0.400416380803559	2533
0.022084493132148	0.481340163482475	2533
0.098095389781906	0.777926872690532	125
-0.122930680397541	0.271398233917416	125
-0.038451632136347	0.382701413086893	1955
-0.078329020655338	0.386329103792243	17
-0.117636252959939	0.255809275867288	17
0.107848460669053	1.0961677408515	17
-0.119371387099621	0.484464817527961	17
0.113082056787057	0.883905065177361	17
0.04234447546293	0.834292990974355	17
-0.00612236068548699	0.596146922572446	17
-0.032335796118185	0.607582373262726	17
-0.060561787524197	0.650817289055782	17
0.109073472979297	0.970869934236833	17
-0.093933813638604	0.572797789846963	17
0.043615397963963	0.770758436318284	616
-0.006994751438406	0.277785358192214	616
-0.033558405016549	0.171307702237758	17
0.0409991868274699	0.379682583602922	17
0.111057209764052	1.07515268930998	17
0.029742341452042	0.839512624865976	17
-0.111670132111068	0.484096458251904	17
-0.092793266050959	0.482525410996448	1060
0.024893067582949	0.575048646947322	1060
0.054992406461744	0.397807594762589	1060
-0.111808672083322	0.159552284481566	17
-0.086627289496778	0.275328901953621	58
0.093222809435154	0.407472284390332	313
0.043034482871971	0.277015458410403	313
-0.112065929366848	0.274291477278467	313
0.122852637035919	0.197576085447396	313
-0.055269667057154	0.26556593351723	313
-0.116600813598233	0.264887023077194	56
-0.115675549873541	0.157431951292729	56
0.122896136022272	0.196980514178802	78
-0.028592856732047	0.168788076833278	78
0.119669786755726	0.197421523304085	78
-0.09925710147328	0.252561164127907	78
-0.016748381120242	0.25846505992211	78
-0.032645960354071	0.158009651853122	1372
-0.111718918252717	0.157288275267166	78
0.043034482871971	0.277015458410403	78
0.118892862835363	0.192614416933485	78
-0.032856116933696	0.172207431346016	78
-0.034320866617167	0.170598864403623	81
-0.114290070662285	0.157070938330489	78
0.122358589539931	0.276351692831863	78
0.118029646606178	0.195815538712146	78
-0.037754668348153	0.163746981931197	78
-0.037764608719315	0.168297810515123	323
0.116021654091365	0.189305335015527	78
-0.035109511885376	0.152912689501665	78
0.029319056174589	1.20183668548452	2653
0.00467223659240201	0.870563142317794	24
-0.049032682222276	0.659962846717789	24
-0.00932193161441502	0.596746656697876	587
-0.072029446988111	0.947384747712358	587
0.098119929783268	1.30943418104795	587
-0.075301391446974	0.945443879324881	24
-0.061607301300388	0.926153367706084	24
-0.090724670012145	0.881496384137918	24
-0.048159684990483	1.05921440273995	938
-0.031222663865002	1.0395781383501	938
-0.090790334453014	0.650763979291085	938
-0.105780927009935	0.62699497935804	938
-0.026285183248499	0.734304484210743	938
-0.077719799735066	0.733253598241126	938
-0.00785739502188798	0.893302418928704	938
0.016003941167092	0.950789527855672	938
-0.096836987956448	0.671235322876634	5
-0.079972002281998	0.763836576269188	5
-0.100155724435446	0.894773407294571	5
-0.066026596941123	0.729087084047398	5
0.046892720072978	0.281073619667328	1702
-0.013815422975176	0.265125941585465	1702
-0.072754461191324	0.475961098123609	5
-0.058880002616961	0.553504172892087	5
0.057587325234061	0.685266715734483	5
-0.094101915817403	0.379874360724673	189
-0.070368391026464	0.381387369468274	181
-0.056704596032204	0.496606612220469	181
-0.013046938880446	0.2793226805995	125
-0.122994315850266	0.394305294369575	125
-0.002487734774129	0.494956630952778	1955
-0.012263304072406	0.272565086859585	17
0.0353071216491671	0.686113789206546	17
-0.100665320857377	0.461695277194283	17
-0.027653829923497	0.572709254679042	17
-0.073776337265658	0.49915612073012	17
-0.110292974484007	0.44903100848901	17
0.077369969832069	0.777010900546007	734
-0.039749785459117	0.495985048072499	17
0.040657487587493	0.59079637728642	17
-0.064699832077335	0.581414194006033	17
-0.06031476813795	0.390209252970918	17
-0.070422195097425	0.562088021995694	17
0.094280149846787	1.03235658918475	17
0.033528754576759	0.501943547187385	17
-0.035727501318494	0.739088528693628	17
-0.093186281686896	0.688329796934879	49
0.0462976944101921	0.280280242490032	616
0.122963232990711	0.517653259321451	17
0.015827660148618	0.586216240961443	17
0.115309441984112	0.851305280034681	17
-0.03130975445742	0.56782929065002	17
0.050508157996228	0.400882098307308	1060
0.01915945577989	0.498621742589016	1060
0.123097357560619	0.629152232985036	1060
-0.036710455051258	0.379624804024339	36
0.0412451464267321	0.371144452241932	261
-0.114290070662285	0.157070938330489	261
-0.00954822179122999	0.366303729876682	261
0.089352322014386	0.522868675978795	261
-0.060610573276299	0.267150214201024	261
-0.011917248875126	0.393517801498969	261
-0.086886039429441	0.269382876598861	93
-0.058475156988788	0.26323641026395	93
-0.118548983555805	0.260976617405806	56
-0.01148268387905	0.271853701063117	78
0.046892720072978	0.281073619667328	78
-0.034320866617167	0.170598864403623	1372
-0.031394207996038	0.167251262805583	78
0.11962621063934	0.201522244647387	78
-0.097243828683666	1.07245410514739	2653
-0.082205240088949	0.932413486783959	2653
0.015161192613542	1.3225748219501	24
-0.070950409588681	0.982700209820343	24
-0.049789644638311	1.08829258317196	24
0.000150508156415041	1.13248733334863	24
0.103157517077351	1.74049599492365	24
-0.077104543408272	0.919500223792399	24
-0.105723577895668	0.572071014487251	24
-0.077056311735049	0.650191806007958	587
-0.031544195016075	0.816683910056318	587
0.033737815094642	1.01055827621148	587
-0.000909546071984013	1.1645982625963	587
-0.107155668214736	0.828560786625025	24
-0.0000881134751529733	0.946393063451628	24
-0.102691738956088	0.753850951445686	24
-0.062251079469634	0.586459352633925	938
-0.091289410822194	0.871530654863523	938
-0.00479537853348999	0.746327477585389	938
-0.01396628266444	0.849235527078154	5
-0.023515510974949	0.656815214305362	5
-0.034016980785689	0.956738091998971	5
-0.088884762804998	0.790288369645939	5
0.024159687433898	1.07399555789463	5
-0.019495756666165	0.589627510164605	5
-0.00331399697212398	0.733079430957571	5
-0.068460042081007	0.493738900326337	95
0.040267816569864	0.588379075788189	5
-0.063109039248902	0.368019089086162	189
-0.0782856380432	0.397302435190863	189
-0.114002444416759	0.259119741827273	181
0.00313110823187301	0.507517272408856	125
-0.012990837116483	0.569717167195826	125
0.080937024689697	0.782531896725434	125
-0.053135002589528	0.271025418392845	1955
0.041737844437604	0.263876321859446	17
0.04585088136636	0.402885058819999	17
-0.061071588614729	0.769848119642903	17
0.000235211623524023	0.589586919295076	17
0.0674084671510991	0.614291452759332	17
-0.120224148878442	0.258099275490755	17
-0.081252847313857	0.554108327962375	49
-0.096193053980321	0.256687417203645	616
-0.095693655285518	0.388737150583043	17
-0.014733623525012	0.571977799866509	17
-0.046628768013295	0.471890904326447	17
0.00562807199236504	0.38473525276883	1060
-0.028146881873249	0.384544640423168	36
0.00866706851583399	0.389214664321367	36
-0.00953939546235599	0.278217951691113	261
-0.048705173333216	0.26622700772378	58
-0.032856116933696	0.172207431346016	313
0.049982005584459	0.285679589370213	93
0.048415072994848	0.282674452330828	56
-0.033558405016549	0.171307702237758	78
-0.114115120507636	0.15111044784167	78
0.118805831150545	0.195440497449165	78
-0.034073825027202	0.168545023486603	486
0.120478806402945	0.191904998295314	46
-0.079674528376984	1.00926221868139	2653
-0.011930804992903	1.13018616954282	2653
-0.11082002510528	0.936150279469751	24
-0.121385360226428	0.814450009225384	24
-0.064009326224813	0.653857659644334	24
-0.124650083173836	0.400570861254793	24
0.032482124449301	0.603995930301404	24
-0.037228596708822	0.378503499502976	24
0.079460585019549	0.775455288160337	938
-0.055969016081685	0.701937273457078	938
0.104646249877549	0.613317174096918	5
-0.099237100919779	0.627259028047619	5
-0.065854952170843	0.786346029458841	5
-0.075553322136796	0.628960096455118	5
0.089470175127129	1.12860757349108	5
0.093222809435154	0.407472284390332	5
-0.114202857870184	0.156132490652696	189
-0.051902257586828	0.273793376168428	189
-0.015398925002581	0.258345834366083	95
-0.050723694872399	0.391367255509086	181
-0.00776849787739598	0.278790023720058	125
0.11962621063934	0.201522244647387	754
0.046892720072978	0.281073619667328	1955
-0.038603499946856	1.1031526646583	17
0.090064351820436	0.412773459414806	17
-0.079770634060254	0.485287689280498	17
-0.102336110543836	0.753342282455464	17
0.033887982445044	0.76291899274019	17
-0.119861894420902	0.541962553350477	17
-0.119279688802683	0.444228073376185	616
0.023675930105021	0.811245955873826	17
-0.113415954271349	0.393647714815911	17
-0.080178962433061	0.47810802917915	17
-0.116325163543614	0.155957430958996	17
0.064186947974658	0.694952841346465	1060
0.118892862835363	0.192614416933485	1060
0.044059724481149	0.27077856804751	261
-0.032856116933696	0.172207431346016	261
-0.030110933399118	0.171638071817207	261
0.0946434996744619	0.497276856414061	58
-0.032856116933696	0.172207431346016	22
0.118805831150545	0.195440497449165	93
-0.00468403330122602	0.486877109931031	78
-0.055136423340515	0.388404072950042	78
-0.115675549873541	0.157431951292729	78
-0.028606032231614	0.168487760111406	78
0.122896136022272	0.196980514178802	78
-0.058055560393777	0.275491132733838	78
0.120478806402945	0.191904998295314	78
0.040417658934091	0.392705431562733	82
-0.10291658638933	0.376783914962727	1093
0.117699607015864	0.194176298788628	78
-0.088022218033918	0.270884037634447	78
-0.017153318289741	0.259677474471552	78
0.094638673682799	0.503344796993912	78
-0.088682556516084	1.94057416255175	24
-0.025946095217566	0.794306409214908	24
-0.064141094470438	1.0818519621484	24
-0.011034284325477	0.486679888310068	33
-0.027173677907142	0.562375330917462	24
-0.091950795668211	0.375425602617935	24
-0.082714462844192	0.54029616100119	938
0.074270566760519	0.6987554628965	938
0.041324042867053	0.758717440192569	938
-0.00854989372541098	0.280570675605193	938
-0.087837995514264	0.638159809521907	938
-0.06519156309984	0.44785864354968	938
0.100068915136792	0.403678081950858	158
-0.017339038140537	0.263914152040376	5
-0.067478448428817	0.860213743936022	5
-0.089997969743794	0.388457440298404	5
0.118029646606178	0.195815538712146	940
0.11692723352674	0.190712979024442	189
-0.031455945225664	0.166862110402496	95
-0.033678242586139	0.165521982592106	649
0.11962621063934	0.201522244647387	181
0.11962621063934	0.201522244647387	181
-0.10763638249739	0.144604042917075	181
0.038217964311675	0.510550180686173	23
0.113656498860624	0.194210317184637	754
-0.111718918252717	0.157288275267166	17
-0.054115416541833	1.13067729118054	616
-0.038029956513327	0.924530048975235	616
0.040262259576462	1.05027630708692	616
-0.08827903730087	0.494687657136004	616
0.017666539717436	0.584234283087702	17
0.11962621063934	0.201522244647387	17
-0.022802135724914	0.722611526069065	17
0.105650895488863	1.11154796414972	17
0.045779040113731	0.606481786684028	17
-0.03361802040995	0.171492856136262	1060
-0.014176316126134	0.667846203011744	36
0.0131703906357979	0.392615347775684	261
-0.029358376463472	0.172340564270388	261
0.114933406525314	0.176869620713719	261
0.117252894763946	0.19109165365643	261
0.121255761839474	0.19539411213957	261
-0.049390357578286	0.392520507453964	58
0.122119007457639	0.193431074679263	22
-0.032782957535931	0.381620401616684	93
0.054840641018841	0.774370050016881	78
-0.027365394104725	0.660226834702462	78
0.117699607015864	0.194176298788628	78
0.116104710720957	0.190331442459283	78
0.118849939816202	0.201943652777816	78
0.05133130078524	0.400715348466133	82
0.067944633745047	0.515653726674368	82
0.117448994652906	0.724874175980318	1527
0.11962621063934	0.201522244647387	78
-0.056729012474769	0.265979345022253	78
0.118805831150545	0.195440497449165	78
0.094144409161921	0.401890467144469	78
-0.074193672622073	0.877440443412656	24
0.108207092775491	0.724407524623906	24
0.098851913193318	0.804361775821971	24
-0.019114309713315	0.472143711601602	24
-0.092070575336704	0.396264628195214	24
0.022527073112579	0.97490383989102	938
-0.077019769545634	0.76753190911242	938
0.113620879420241	0.610930754109753	938
-0.084163033055504	0.400370671589334	938
-0.068632879740589	1.42320514059906	158
-0.071560388732208	0.800324148843185	5
-0.112749885087331	0.821535271862111	5
-0.00673804688809698	0.750543049855104	5
0.08829911685318	1.18856932124984	5
-0.122213959179352	0.254239468175095	5
-0.00854989372541098	0.280570675605193	1391
-0.048243837095262	0.270556156857297	1391
-0.033558405016549	0.171307702237758	189
0.041692565545174	0.375479909454967	95
0.05919492116703	0.274487260848951	95
0.096063421798268	0.408604614844812	181
0.114428036976078	0.193840908662857	181
-0.094607819989223	0.67097522676106	125
-0.02523349010885	0.67036769389986	754
-0.032155294870618	0.171057763952974	1955
0.122119007457639	0.193431074679263	17
-0.066200409462035	0.621216745533822	17
-0.12343927018389	0.677596167303445	616
0.092882307681506	0.393948287512719	17
-0.115483997560042	0.398989814701914	17
-0.087454033293836	0.270965151767997	36
-0.116164976737783	0.155730893895936	1060
-0.014793978521365	0.269495539921017	261
-0.10978205135137	0.154912009636077	261
0.051760541358312	0.697979655116831	261
-0.031632125554154	0.16677308256425	58
0.120958220021941	0.523593481274146	22
0.046881854383097	0.284132693707904	22
0.119669786755726	0.197421523304085	22
0.11962621063934	0.201522244647387	22
0.118849939816202	0.201943652777816	93
0.118029646606178	0.195815538712146	93
0.11962621063934	0.201522244647387	78
0.0470585265982541	0.281926179496885	78
-0.085797113385609	0.274583576732982	78
0.122119007457639	0.193431074679263	78
-0.07189942587741	0.367540285138205	78
-0.08603740069071	0.26918222634548	78
-0.033678242586139	0.165521982592106	78
0.123672687720165	0.193374580198933	78
0.118849939816202	0.201943652777816	78
0.11962621063934	0.201522244647387	78
0.118029646606178	0.195815538712146	78
-0.035788451640569	0.16178842853178	78
0.116876996529404	0.193783775309866	78
0.111062619583146	0.761028900374574	78
0.118029646606178	0.195815538712146	78
-0.054906570757222	1.28259199261627	165
-0.093949721451923	1.04712265000002	165
0.019537384018337	1.38933474904225	165
-0.108693902819639	0.718220135415189	165
-0.020865673917924	0.982703106898009	165
0.050373240840091	1.24116640820718	24
-0.07729925505815	0.564125047603906	33
-0.111099088726109	0.860475152901746	24
-0.072933190458154	0.832270548187061	938
-0.091463624915776	0.657544738508161	938
-0.021479935139174	0.939048039371528	5
-0.049342743354212	0.845656757321337	5
-0.016569231197665	1.02812290158555	5
-0.047085510791289	0.924192200199936	5
-0.035890219518526	0.467574931567365	5
-0.109522862875339	0.269576051129924	5
0.00757481470428301	0.36804612024734	5
-0.100387271193961	0.556193279168766	5
0.120472014107912	0.739750938566453	5
-0.076228459767834	0.557530277753204	5
-0.11589251948456	0.482074525264594	5
0.071637747216085	0.510761892644485	1391
-0.085056373617592	0.386107964586869	1391
-0.065779419834631	0.390933082754476	189
-0.042328717890078	0.574092678788772	95
0.032911515012484	0.601565416609525	181
0.065807339545356	0.655747177062419	125
0.00335370716042105	0.677327359039362	23
-0.023103132784865	0.488300186245653	625
-0.121317994979546	0.379231313776526	625
-0.114227437005037	0.398573672650967	754
0.098300423789074	0.597307663392491	17
0.116449015577863	0.708588466450413	17
0.005703275466027	0.676008293958807	17
-0.124079199641868	0.462857830744602	17
-0.111979032121699	0.615197019569164	17
0.063064358955197	0.92314096036794	49
0.0509615232335	0.406483324307397	616
-0.041160503213494	0.367538480288654	616
-0.080403528159482	0.494591623425882	17
-0.084530281948522	0.476902981581228	17
0.022313796081854	0.584390639825956	17
-0.12144436871861	0.398103923462739	36
0.039085713154718	0.513379498527693	36
0.074366230391175	0.581172932229553	36
-0.056818695125141	0.386099481396333	36
-0.114773656589251	0.262617661570608	36
0.056183444035568	0.474391731729819	261
-0.122617186629107	0.271166433328321	261
0.092093448813791	0.409014784179403	22
-0.095575831729456	0.25859522862093	22
-0.00640613103126397	0.277557960625621	22
-0.12002908408002	0.153647288650886	78
-0.01577936639986	0.265150424844925	78
0.036096633866342	0.495601173430923	78
0.118849939816202	0.201943652777816	78
0.087776718656003	0.387954294235264	78
0.0117510031342301	0.400765715058987	78
-0.037011107457509	0.165642997229716	784
-0.059440033206245	0.248553504017199	78
0.118849939816202	0.201943652777816	605
0.113656498860624	0.194210317184637	82
0.122076172115503	0.201430407091027	78
0.120478806402945	0.191904998295314	78
-0.114938850937462	0.157459754092218	78
-0.03361802040995	0.171492856136262	55
-0.034073825027202	0.168545023486603	55
-0.032155294870618	0.171057763952974	78
-0.032592885630853	1.46007656044198	165
0.055499606457475	1.53160046691231	165
-0.120690202245867	0.804179583625868	165
-0.108257632822126	0.996141233174226	165
0.0797594451495191	1.24099878994235	165
-0.00154176024132802	1.02361871316113	165
-0.090345012858205	0.882185244070564	275
0.032723113573341	0.612373898297867	33
-0.069129113988896	0.382460584840815	33
0.122963232990711	0.517653259321451	33
-0.119635096817464	0.495006041536218	33
0.00810820212917396	1.17500786167183	33
0.0296844991826271	1.47922644555417	33
-0.023985174344808	1.09308267591082	33
0.030817539170568	1.25759621394034	33
-0.059012181454798	0.861004817237507	24
0.073359617264935	1.27555487174161	938
0.081162744160182	1.45124010606522	938
-0.077844351363661	0.775955621676089	5
-0.062911579521467	0.573030558088466	5
0.00644940396159699	0.500513206387658	5
0.033133717616086	0.736729771749097	5
-0.073965201604287	0.493473070248039	5
-0.025930904520862	0.553110496984283	5
0.02684377200882	0.557462900050448	5
-0.06879280835376	0.487689307307545	1391
-0.035705736449282	0.497955889202178	189
-0.017673682101318	0.589328635235035	95
0.026404805671811	0.596712731908913	125
0.0441619876757851	0.385380028545791	125
-0.110462912490355	0.498078062650177	125
0.086446050482173	0.506205857651791	625
-0.09821497084791	0.393495881810602	754
-0.068318523952027	0.379241640375014	977
-0.12113447020197	0.635509979604488	17
-0.059420923847641	0.474190091440711	17
-0.050500791656005	0.571721889093895	17
0.043456282060505	0.680415329771373	17
0.107919292954508	0.69525611086571	17
0.049603329728551	0.822460032290075	17
0.062489666774359	0.844699286223872	17
-0.088870552410798	0.490261350583336	616
-0.00836047424640801	0.269630322454783	17
0.117614690530656	0.504791753641157	17
-0.10049531885105	0.393955473968048	2173
0.122016807516823	1.02727922253492	2173
-0.012799786770996	0.580829324836053	17
-0.113756968311271	0.384951279982715	36
-0.064855145334338	0.379020037990817	36
-0.100364188815184	0.368307402669619	261
-0.019670491604746	0.488554216263293	261
-0.106735672656459	0.385227551571117	261
0.00978287369617503	0.396403504404234	261
-0.115398177308393	0.259215158152058	22
0.00731410710361802	0.37569050213618	93
-0.059241857770567	0.263832119906844	93
0.050743248668699	0.289007200605363	78
0.048459390864541	0.491115412778137	78
-0.00466776573872502	0.268372170229921	78
-0.037764608719315	0.168297810515123	78
-0.110064762698037	0.26303871421049	78
-0.013240156084869	0.280143344274786	78
-0.029358376463472	0.172340564270388	78
-0.03361802040995	0.171492856136262	78
-0.115587776326825	0.155989874143806	78
-0.032094472202418	0.168316179247348	78
0.121221930205857	0.191977994150092	35
-0.114938850937462	0.157459754092218	78
0.00931508251781199	1.68072835667006	165
0.000806317877488971	1.54568311739335	165
0.032952741922333	1.73470899058327	165
-0.062915854098452	1.09506742898638	165
0.02179193051462	1.41497647094587	275
-0.09229539967533	0.797577557632672	33
-0.00602694313711999	1.316912579453	24
-0.013988458750221	1.04524128407252	938
-0.075184875265451	0.697257321273148	938
-0.110753916815388	0.73409664231449	938
-0.086823870667834	0.770640077150856	938
0.060171379333631	1.04321252812653	938
-0.090658725872227	0.7369607668	938
0.0162767277261771	1.02659105358017	5
-0.040710511362921	0.811975795681915	5
-0.053761164012802	0.921090885487872	5
0.0985454235690259	0.854430198736068	5
-0.050827858737361	0.380602436876857	5
-0.011296428658629	0.264681384387335	5
-0.085524949578717	0.270780004531743	5
-0.117346744962532	0.385745686831539	1391
-0.068881100775315	0.392811582273165	189
0.080029897564268	0.938978507500744	189
0.048671171226149	0.542955143743381	189
0.064548397301247	0.704539058554784	189
-0.119389838150724	0.560907708600479	95
-0.056710467877699	0.383003222636395	189
0.054244007459371	0.601405913498084	649
-0.016008217128446	0.506515943273304	125
-0.100247211674421	0.472368514730992	125
0.096404543822507	0.713057291563536	125
-0.120252265101689	0.260896783571486	125
-0.082038870735592	0.557638847033349	125
-0.045631833101223	0.4901849949738	625
-0.012147820053823	0.389608351856224	754
-0.076061126533792	0.370310953330532	977
-0.088590593771632	0.269245039568389	17
-0.095113019273863	0.76837389083402	17
-0.004345864092197	0.64218385192614	17
0.01135427391415	0.656804894564692	17
-0.121295762925263	0.563927011724478	17
0.066739280048132	0.714910609160899	17
-0.065259859001654	0.496670117507395	17
0.088659622827493	0.8576403780044	17
0.015017738234874	0.769670538270149	17
0.026906221000254	0.670648622711804	17
-0.095052690337646	0.253897581495432	616
-0.033655304648679	0.386804671100201	616
0.018524385390719	0.582607036944114	17
-0.00179284116249401	0.734571560022564	17
-0.052643088233968	0.727492069739195	17
-0.021895828813516	0.48844998880137	17
-0.0972272849397	0.466915474210734	36
-0.088614058670064	0.481218055752702	36
-0.103129258056411	0.395937388412152	36
0.09115118689002	0.396976443332776	261
-0.032419437939272	0.383784492925479	261
0.089741508809317	0.397157959111592	22
0.121334246781941	0.516040320252627	22
-0.115162587933901	0.273602632782224	93
-0.0572713616665	0.265050819458215	78
-0.010773613437199	0.387941480376584	78
-0.08355196881267	0.27180814366807	78
-0.00562543520165998	0.278566269394892	390
0.05209998195322	0.287926108969597	78
-0.033558405016549	0.171307702237758	78
0.0462976944101921	0.280280242490032	82
-0.000951671994027015	0.263907663426197	82
0.050148283132671	0.288176659673767	156
0.04765348467444	0.282727462429351	78
0.048875898479041	0.390187799842276	78
-0.0144200148973	0.275822808528465	78
0.114478989136667	0.194606563884473	78
0.113706781524745	0.189916286385992	78
-0.090726229613736	0.74822914554983	165
0.106460170750867	1.16484169817311	165
-0.072043104347784	0.474269211286924	165
-0.108939639804668	0.395755560535274	165
0.0856123420079971	1.05895545813038	275
-0.00932254598718502	0.884553447556698	275
-0.010110166137838	0.56919889073932	275
-0.09007364707855	0.577378185281568	275
0.070257636786158	1.19087109199192	275
0.100677848150498	1.45762132186205	33
-0.099598823962017	0.885995805041534	24
-0.081038810243611	0.570720166335526	24
-0.091930242285452	0.962670031767636	24
-0.043383227390907	1.22924352106106	24
0.039627385374218	1.06115347256104	938
-0.07734932036407	0.995983673578103	938
-0.065404482547679	0.922983862424954	938
-0.104902776037647	0.788493136141931	938
-0.050967518234788	0.269207397318507	5
0.023777194722145	0.825257389193608	5
-0.0520862158353	0.564496559364536	5
-0.023159125209915	0.493660184066574	5
0.082418135379866	0.494238321255709	5
0.118029646606178	0.195815538712146	5
0.052086972431638	0.279055703403103	5
-0.030973114269474	0.579208106892367	189
-0.062478927414166	0.496608676387017	189
0.000513032924185031	0.743306222425473	649
-0.071228747271128	0.474101200282443	125
0.032499535838263	0.491815424953944	125
-0.10207254342278	0.393355468547312	125
-0.110053705774996	0.150589670792874	125
-0.059828099007568	0.261561275395252	625
0.094144409161921	0.401890467144469	625
0.074988175921939	0.700632483376423	625
0.118029646606178	0.195815538712146	754
0.046157473285522	0.402889496668481	754
-0.094223613218268	0.264520021420756	754
-0.059208560574481	0.468464231662683	754
0.038011111479598	0.675055162845816	227
-0.075849985940457	0.660340922871273	17
0.041167861916701	0.826859046937608	17
-0.024788155630592	0.740581459052267	17
-0.025092492939206	0.76892272561258	17
-0.120328994182449	0.459706281172685	17
0.077822019215385	0.698975692278534	17
-0.02919541013388	0.567253119481723	49
-0.114290070662285	0.157070938330489	17
-0.034262152738267	0.167034861267776	616
0.027627096941406	0.591981827287284	616
-0.027944178132609	0.821035456432532	17
-0.019271045022049	0.389586165691262	17
0.061867569145319	0.515156986696663	17
-0.060542834588671	0.372563168804383	17
-0.116191174917345	0.516182584434157	17
-0.054049615618042	0.479974201132412	36
-0.027763815899985	0.658824979428257	36
-0.05806308145684	0.497620019738972	36
-0.014411029090974	0.269858058413679	261
0.118840355526733	0.510555681876829	22
0.045514311689127	0.395445664373067	22
0.00399175171973698	0.359310417023036	22
-0.124990524211493	0.275415509565838	22
-0.01038582823224	0.503228054748768	22
0.00786168392629805	0.374798110887126	22
-0.057040469152695	0.265991590165309	93
0.06538810265712	0.506470409217095	78
-0.032796202972762	0.167465311350541	390
-0.115762797028114	0.155635275207725	78
0.114428036976078	0.193840908662857	82
0.113656498860624	0.194210317184637	82
-0.116325163543614	0.155957430958996	78
0.109259369471494	0.184694705504727	78
0.118892862835363	0.192614416933485	78
-0.059679543033582	2.05776132792266	165
0.093220950457469	2.04210737406403	165
-0.115741808999647	0.269131166728694	24
-0.019099173040689	0.887262960225275	33
-0.055274902117535	1.04581924105476	24
-0.050214720906828	0.905732180721606	938
0.116379646856696	0.987950166536181	938
-0.025068690420712	0.893835126288348	938
-0.015491828188541	1.16809856258713	938
-0.085729390583118	0.263340385385831	5
-0.00777478878683802	0.274540641157636	5
-0.119346580703984	0.493700468646771	189
-0.115888147394763	0.468732336111888	189
-0.021427632116942	0.566004999245835	649
-0.080612001642075	0.477513592055536	125
-0.090247687064837	0.264873650570326	625
-0.055418020827307	0.560617039125618	754
0.007037825287181	0.50672695846309	227
-0.086406389022527	0.380106906947362	227
0.121329693458586	1.26609724235557	17
-0.068498713109829	0.641111603976879	17
0.0815396633629381	0.930856915530562	17
0.046588009656396	0.965929855191834	17
-0.041922557752	0.544242076177528	17
0.056732163501667	0.506762399096603	17
0.0199180043850949	0.505618048556926	17
-0.116809169071659	0.152073626892936	17
0.122852637035919	0.197576085447396	17
-0.109693422857567	0.154997990609222	17
0.112037875169603	0.716226480063563	616
0.093590799847901	0.495594291042537	17
0.045575441863744	0.400239621334729	17
-0.041223007872145	0.386372392934179	17
0.014938950695407	0.579777231155374	36
-0.112455127725174	0.158055588629721	261
-0.066961017145785	0.377694966708111	22
-0.096453957215929	0.256609003203631	93
0.015896350299532	0.390458401181747	93
-0.090313065261799	0.269712049318856	93
0.052268200899937	0.288918539812938	78
0.044226799758739	0.2784786388354	78
0.051893914521518	0.398056664125002	78
-0.116325163543614	0.155957430958996	78
0.090897030781892	0.412571112195111	78
-0.113554765781125	0.155758177675018	605
-0.028592856732047	0.168788076833278	605
-0.006802787187834	0.276949928201772	156
-0.114202857870184	0.156132490652696	1023
0.048582663578669	0.280150973097987	156
0.086303648824538	0.389813233108581	156
0.118892862835363	0.192614416933485	78
-0.115587776326825	0.155989874143806	78
-0.114851094282345	0.154698509416655	78
-0.034873820192819	0.914892619505098	165
-0.024503657411122	1.07461085524847	24
-0.056791761617651	0.986733861093816	275
-0.105165552143883	0.702510786121252	275
0.092514090484347	0.516579307605811	33
-0.05328200786446	1.04229247491151	24
0.026191952701469	1.1169469777035	24
-0.103059119031006	0.816895550073621	24
-0.09407599896453	0.844074855856576	24
-0.086224455786197	0.892414081129356	24
-0.060113900734401	0.855613241306045	938
-0.116747586951924	0.599247615343268	938
-0.076999411677895	0.879748432841527	158
-0.086290481871359	0.834785640194463	5
-0.120209429548429	0.76170134159172	5
-0.107157078523064	0.371132190054212	5
-0.053644574504526	0.390473845495324	5
0.0882524156325481	0.620389350496295	5
-0.11706325284305	0.154565319237915	5
0.094027870878747	0.894090908528112	5
-0.082953969919902	0.5717158176023	5
-0.00660929661190302	0.666552288520302	5
0.062998683496745	0.75510150338772	1391
-0.028569465912258	0.58605937585048	189
-0.108055294854802	0.388421998325602	189
0.00912561651413102	0.57107346622467	189
0.103874954488797	0.812151738580289	189
0.017533002376697	0.634889876405436	189
-0.072358698346503	0.499398063185913	189
-0.040849976491625	0.38831583876392	125
-0.01148268387905	0.271853701063117	125
-0.010002799219975	0.650411937797869	125
-0.030125206900971	0.172372103841324	125
0.121299130100455	0.19765529034279	125
0.088815043124614	0.394077689991542	625
-0.090515996343237	0.381209152956996	754
-0.089186141335684	0.708333046876504	17
-0.023300947045363	0.69904792074772	17
-0.120095271948484	0.49024651613246	17
0.072934746993284	0.580830606394181	17
0.09235064567443	0.413319751497668	17
0.105877480429724	0.626313238518175	17
-0.102735790595635	0.548561095550241	17
0.048306165191892	0.74607215965694	17
0.101156932083424	0.402321373172121	36
-0.083918408447917	0.491138709354793	36
-0.00972716141211499	0.278914913903265	36
-0.030125206900971	0.172372103841324	261
-0.032796202972762	0.167465311350541	261
-0.033558405016549	0.171307702237758	22
-0.011288021635068	0.277183686839958	22
-0.00933057038180601	0.280589890710774	22
0.017577847897906	0.393676245551567	22
0.050743248668699	0.289007200605363	93
-0.032796202972762	0.167465311350541	93
-0.060542834588671	0.372563168804383	78
-0.119294974588462	0.153683990110454	78
0.0400209295717811	0.390277930351514	78
-0.030878559284433	0.171666856078845	78
0.048415072994848	0.282674452330828	78
-0.030110933399118	0.171638071817207	78
-0.111162358829902	0.159147929071506	605
-0.1094090370927	0.151898855273438	78
-0.034380182800948	0.16655992563091	78
-0.029358376463472	0.172340564270388	78
-0.037764608719315	0.168297810515123	78
-0.032856116933696	0.172207431346016	55
0.118073101920439	0.196825091913243	78
0.120446143828703	0.197036537066415	35
0.00301597757098704	1.98011290508373	165
-0.01737388623858	1.31544428114791	275
0.059050928447613	1.37774404657853	24
-0.00083888443605501	1.05385247245564	24
-0.068049019195568	0.846845729616824	938
-0.040888674465313	0.928562332664974	938
0.059049211211651	1.19283281723695	938
-0.102005080722212	0.569160521746586	938
-0.124232991920032	0.572600074830072	938
-0.096790448373019	0.762908035270992	5
-0.036887056738668	0.490463430690874	5
-0.013240156084869	0.280143344274786	5
0.045173726389486	0.512335369044387	191
0.109057214925804	0.760726633125428	191
-0.00302724942287103	0.386470923367435	1391
-0.043923143082133	0.385778972130409	1391
-0.045663689321481	0.359020716142403	189
-0.048345740961033	0.344697414586492	189
-0.058058070631099	0.382181421474966	189
0.121709334408285	0.716997952389677	189
0.058914694470482	0.686726377650249	189
-0.046291278126902	0.371529638845942	125
-0.103608008643864	0.489854173276595	125
0.049029149318667	0.821176904496708	125
-0.036355059884132	0.574896158825666	125
0.00847821365704604	0.360839954371254	125
-0.00974525722514502	0.594232266118715	754
-0.019179391165614	0.389247038457142	754
-0.01265987085685	0.270284422183705	227
0.050910415568628	0.289164757680891	227
0.044166320643368	0.39933101189602	227
-0.118570769038057	0.49314719464137	17
0.0839476869608981	0.918080090477882	17
0.118308066859096	0.718576725179552	17
-0.004497141499052	0.588873606518572	17
0.123577445207332	0.600789417486376	17
-0.040069718434172	0.583910042089395	17
0.062639941388302	0.513235296481891	17
-0.059219495517327	0.49165708497531	17
0.109839379535869	0.721166439114529	17
-0.118548983555805	0.260976617405806	17
0.01194199718434	0.570768184082702	17
0.08726070718273	0.943022139787864	17
0.004889606895773	0.57904563100363	17
0.084947030842625	0.674602058964972	17
0.039259309435698	0.592495361612291	36
0.086966099510446	0.394387512339904	261
-0.08603740069071	0.26918222634548	108
-0.091929235488568	0.259597062454335	58
-0.01011052855483	0.278826498460718	22
-0.037757168984267	0.386324405558653	22
-0.090011569619675	0.26151776997019	22
-0.107295118815114	0.154606386701731	93
0.05860013834791	0.273758154499356	78
-0.096716806740321	0.253637969858655	78
-0.107295118815114	0.154606386701731	78
-0.030853245144421	0.16865764734221	78
0.047820182622953	0.281875096479508	605
0.118892862835363	0.192614416933485	82
-0.060051837417276	0.26114443183573	1023
-0.034380182800948	0.16655992563091	156
-0.032856116933696	0.172207431346016	78
-0.039283287969828	0.16388396249932	78
0.110026211549731	0.184388974826328	78
-0.061589760065925	2.04358186740917	165
-0.067594757389434	1.6013620762832	165
-0.045347159866822	1.49037319605178	165
-0.104398883009735	0.933667825865636	275
0.071677048541014	1.85491136514089	275
0.092473785732032	0.77396267168277	33
-0.014300911912726	0.758087429964854	24
-0.113769079100685	0.624614646438901	24
-0.123622981110549	0.638574176280137	938
-0.00154301092993397	0.889982298470386	938
-0.12224848767121	0.551439634901146	158
-0.12247152341458	0.478056369565003	469
0.095519499154431	0.90548352811658	469
0.083973148567709	1.21265728986126	5
-0.120494157143872	0.486441157984635	5
0.10849322504418	0.711421406628045	5
-0.047401943158171	0.366744061739818	1391
0.012310821605379	0.487856669542088	189
0.013776118469719	0.590030375267092	189
0.120503215719346	0.711207471483554	189
0.037351705767073	0.500788861712178	181
-0.085062614362416	0.371919346777709	181
-0.059134710010806	0.561884346811987	23
0.0926081828658189	0.411475832119743	625
0.025407274467422	0.48439605195857	754
0.093520417813957	0.516054317329441	754
0.107033649763602	0.88933256693576	23
-0.045489136754942	0.551844146710065	17
-0.097042221661795	0.467959559913898	17
0.00166629971391996	0.502460611319794	17
0.119686158931852	0.729196958411366	17
0.0488341149000811	0.394466151615983	17
0.010798296981081	0.469581066488643	17
-0.111019633170062	0.388894176963663	17
-0.040977819904592	0.36742299969274	17
-0.017457119675471	0.382264168616771	36
-0.074269114022348	0.383353791778056	36
-0.075751505252946	0.370034377246001	36
0.03808242857983	0.502683438194232	261
-0.051398158263429	0.384994151582353	58
-0.01032237311525	0.277187516422947	22
0.052268200899937	0.288918539812938	22
-0.056148585627182	0.270662535195078	22
0.045871626911452	0.404956907834775	93
0.114478989136667	0.194606563884473	1879
-0.011096977516266	0.274700415229074	93
-0.115026082108518	0.157042157240657	78
0.0462976944101921	0.280280242490032	78
-0.018320006268022	0.268262710193445	78
-0.114145508129226	0.152658664540802	78
-0.111808672083322	0.159552284481566	78
-0.032916639677762	0.170355386811782	1267
0.115250614627185	0.194235280357882	1267
0.11962621063934	0.201522244647387	78
0.118849939816202	0.201943652777816	1139
0.013782424500964	1.47095538831014	275
-0.107972290552682	0.754030206952282	33
-0.059926800698767	0.965113580342068	33
-0.00236151556730602	1.36919792356997	33
-0.022975185007186	1.01835622888337	938
-0.068768361686321	0.853286035850846	938
-0.023493559683652	0.927789499282568	5
-0.122690781803261	0.696942644304309	5
-0.020102972904564	0.779185428129771	5
-0.118243543257375	0.456404715542011	5
-0.00690330013940099	0.546904180511469	2781
-0.052176570790182	0.488520989534082	2781
-0.092300922026063	0.492844279455375	1391
0.029488348306244	0.584439633749746	1498
-0.01079785088627	0.664698569738458	189
-0.044610535895673	0.472677585263998	189
0.096212974108024	0.596507283176841	181
0.049019928783638	0.743522994670848	125
0.090547387454637	0.514175922633041	125
0.049291067933998	0.675953269409576	125
-0.053528237794714	0.479933756621454	754
-0.069716382886208	0.639593261473687	17
-0.108366513656774	0.395061303959684	23
-0.106959463081833	0.491758550346861	17
0.02605174924094	0.594685588407391	17
0.10158286789335	0.794671962461493	17
0.082912199751096	0.851022726008927	17
-0.099032841675442	0.379323076615943	49
-0.010036597339436	0.782156822635862	17
0.00144730322289	0.369149086361826	17
-0.086625369446553	0.271026556616832	17
0.074073927200244	0.708933183310467	17
-0.066570156554748	0.488121899247735	17
-0.053965845634311	0.481059796094031	36
-0.059062967455173	0.38306711981186	36
0.00879288650541199	0.581804303317404	36
0.099984414572769	0.512517327647603	261
-0.119945525865343	0.260102714908553	261
-0.064657865217786	0.382601815133013	261
-0.058304599754513	0.375764636575624	224
0.00621292396536299	0.381765308406431	22
-0.058636245719641	0.275726601221191	22
-0.110643242502736	0.268326986125988	22
0.0470585265982541	0.281926179496885	22
0.097786366305757	0.402830470828502	22
-0.00739179923171501	0.272853218937785	1879
0.041657103348075	0.396748887611242	1879
-0.013829973042106	0.279329286172205	93
-0.012662859092997	0.26405141245014	121
-0.036992329330894	0.159993057820114	605
-0.112544903499217	0.158631103032102	82
-0.119941662815101	0.15010153120291	82
0.0565415519406181	0.275764148693578	82
-0.114851094282345	0.154698509416655	78
-0.116809169071659	0.152073626892936	78
-0.115609235503138	0.152505550441702	78
-0.030125206900971	0.172372103841324	78
-0.033558405016549	0.171307702237758	78
0.070286147421491	1.89489556520785	165
0.063279567591413	1.13850305238979	165
-0.078117151864115	0.391873125297834	33
0.110985922525931	1.18516422195221	469
-0.018261874305293	1.01064215749258	469
-0.036492557673252	0.389551853659832	5
0.00923660087016198	0.399229567315156	2781
-0.062625139684206	0.564668199619009	189
-0.005673215794334	0.601223036978574	189
0.108976115674999	0.78099260365425	189
-0.034084647628564	0.583902204174549	189
0.014358220080639	0.569912775406872	189
-0.091661359730558	0.378983462122456	181
0.018422578077974	0.500751957682374	181
0.093443733930882	0.632514522601879	125
-0.095234619842071	0.399212937826988	125
-0.110983424905455	0.153967810837708	125
0.051673370860306	0.288091869950193	754
0.122718178592266	0.615800143897519	227
-0.110228759837027	0.380783726823269	17
0.04176000274397	0.770836963261362	17
-0.107690132666053	0.478450699205539	17
0.104070049570247	0.626401607158239	17
-0.062797252386435	0.394436155866018	17
0.042504882429356	0.503085463422335	17
0.055146384789143	0.567522490469242	36
0.049604165480617	0.27382138119345	261
0.050910415568628	0.289164757680891	261
-0.013822378944763	0.269655687511049	261
0.124537452032742	0.192015229802692	261
0.01375192177698	0.483863383123885	108
0.08547031635285	0.390812192510541	22
-0.013822378944763	0.269655687511049	22
0.10126021984183	0.379853796346541	93
-0.014220614555788	0.270284864293797	78
-0.116412951587723	0.156012044058552	78
-0.036249052551778	0.16463764089159	78
-0.116987490147518	0.151775234168517	605
-0.123014830508654	0.146703210527532	605
-0.032856116933696	0.172207431346016	605
-0.026407233688701	0.164210545020923	82
0.119669786755726	0.197421523304085	1023
-0.116412951587723	0.156012044058552	78
-0.03361802040995	0.171492856136262	78
0.122119007457639	0.193431074679263	78
-0.038528773908626	0.167402222187446	78
0.044990583997375	0.278444082584215	78
0.102411922300624	1.39537826608257	275
-0.027690751261811	0.94463040177683	275
-0.116326650859356	0.62891458785247	33
-0.005174536161415	0.90646616008101	33
-0.06539220577176	0.726157567504944	33
0.07247011129314	0.620131494629695	938
0.102125730617328	0.851951123162173	938
0.021967630284858	1.08741566225502	938
-0.062362850857257	0.636961974519057	469
0.0571577877719071	0.895333623330805	469
-0.121664306607109	0.552641740591953	469
0.09686044438256	0.995707176946988	469
-0.105812881391885	0.574171380436659	469
0.053247243633323	0.924381305255272	5
0.069539566143073	0.99217684233109	469
-0.046774886128869	0.805809638542094	5
0.046520638191945	0.273219219872094	327
0.100296068726481	0.402300747045421	2781
0.047244469178805	0.599484245259171	189
0.012802451807628	0.490573050350576	189
-0.053243025134449	0.377859465102853	23
-0.091098735282811	0.272117235691861	227
-0.013111848699398	0.39522346099706	227
-0.038465959860189	0.38984857475326	23
-0.08325413314195	0.470056137671571	23
0.108991957614488	0.810756399682977	17
-0.084896039805901	0.469948013279817	17
0.049788509923156	0.508798736407374	17
0.014530230206112	0.672165163885515	17
0.09636601958081	0.609846058334665	17
-0.058479466866221	0.386922036047015	17
-0.112879470952593	0.26865793228502	17
-0.067517392501807	0.393915420822108	49
0.11962621063934	0.201522244647387	17
0.122896136022272	0.196980514178802	17
-0.030863703134254	0.166760626514399	17
0.118073101920439	0.196825091913243	17
0.042105530659977	0.274115003997134	17
0.07654764251768	0.673237988513476	17
-0.00600811662694201	0.482175491372641	17
0.042469938106908	0.378627211483892	17
0.0451244166075651	0.609331036371813	17
-0.057243038375555	0.276304953676113	36
0.046363088799617	0.39789306057211	1507
-0.088069244335181	0.259805874738376	251
-0.035025171919381	0.166360775637245	261
0.096637933373064	0.40977875611173	261
0.11544612724544	0.462609282281118	22
-0.049390357578286	0.392520507453964	22
-0.051553105792191	0.271867180799685	22
-0.00913841552460099	0.280814338380485	22
-0.114290070662285	0.157070938330489	22
0.124488867316534	0.276195548983374	1879
-0.029358376463472	0.172340564270388	78
-0.114938850937462	0.157459754092218	605
-0.031394207996038	0.167251262805583	605
0.112884378395976	0.189535203169824	82
0.116876996529404	0.193783775309866	82
0.120401910540674	0.196118981932544	82
0.118849939816202	0.201943652777816	1023
0.118805831150545	0.195440497449165	35
-0.039283287969828	0.16388396249932	2846
-0.055785741171124	1.21627483027297	275
-0.032081353689292	1.17479023262475	275
-0.109235966769559	0.849683359891602	275
-0.00806455292158398	1.15982470636955	275
0.038296629435953	1.11873271111023	275
0.117717140638391	1.02646867083499	275
-0.095958823468816	0.61978382543533	275
0.070708257730746	1.13606424600184	275
-0.118190076682737	0.554167280688717	33
-0.094373204179904	0.62466469897816	33
0.058076809677187	0.919383036584962	33
-0.032959466231934	0.638120499445721	24
-0.041845911173957	0.729941849352755	938
0.0511360132918211	0.901673331661218	938
-0.072849513319084	0.62684718879908	938
-0.063948623288738	0.648479965169284	938
-0.107839251765092	0.633730664382057	938
-0.077314693735913	0.650939445014445	938
0.116764811090225	0.968784870236923	938
0.086164892724837	0.712891588068271	469
-0.052098129733074	0.620078630642012	469
-0.033369131874202	0.722124542750779	469
0.104042991690497	0.785317925030652	469
-0.120074962509642	0.497283300866561	469
-0.122217984093722	0.407932112929572	469
0.042103114632379	0.892272329433626	469
-0.019870127889428	0.552802222870337	469
-0.124735854267088	0.459366637781869	5
-0.112478550515057	0.146451445863949	5
0.050148283132671	0.288176659673767	327
-0.036914441495995	0.366586466635581	189
0.056560980446882	0.495273248823424	189
-0.052132775194719	0.272821435229762	189
0.100583064085121	0.401205137725861	189
0.016494478798651	0.498293670718687	189
-0.087193418455361	0.270945179784896	189
0.122375993650442	0.521081089360849	189
-0.09166731773082	0.273145659338013	125
0.121663596390731	0.596487755329429	125
-0.050444432395619	0.263894765264463	125
-0.110118438611187	0.274685220537769	125
0.010919915952869	0.38997192467901	125
-0.05512324172554	0.379402222324428	23
-0.110075456734471	0.270116479517515	23
0.124948885748077	0.52113452650147	375
0.052437150084411	0.284762913217548	375
-0.013741485571775	0.37730341945457	23
-0.115162587933901	0.273602632782224	227
-0.057010567659368	0.27577556480208	23
0.04518759780802	0.274668164415004	23
-0.103540651994622	0.359000495252403	23
-0.082286708695358	0.491302074093539	23
0.064112468350934	0.496994685674887	17
0.096894706367858	0.407213982802003	17
-0.112273584877526	0.3985014052895	17
0.054992406461744	0.397807594762589	17
-0.011304337263789	0.387749873077266	17
-0.124990524211493	0.275415509565838	17
0.092304831284984	0.405704827580971	17
-0.052380453151117	0.378752930028738	17
0.056977245025423	0.394111754724988	49
-0.060249981616527	0.382011382879486	49
-0.10945348672897	0.393003845785922	17
-0.112424245687917	0.400426005415356	17
-0.093916058879596	0.26374203865043	17
-0.060830117641832	0.358903785406999	17
-0.08859489627052	0.264016913546442	17
-0.113476053910433	0.271095536126498	1507
0.052862801687898	0.286874156005202	251
0.015317673901879	0.397531754029051	261
0.050535250415953	0.275441322939427	108
-0.034847692123928	0.162507941490068	22
-0.019474336443303	0.258201773295739	22
0.04765348467444	0.282727462429351	22
-0.114877009320537	0.153358586100034	22
-0.029358376463472	0.172340564270388	93
0.118849939816202	0.201943652777816	1879
-0.116325163543614	0.155957430958996	78
-0.115026082108518	0.157042157240657	78
-0.039283287969828	0.16388396249932	78
0.118849939816202	0.201943652777816	78
0.121255761839474	0.19539411213957	121
0.120401910540674	0.196118981932544	605
-0.111073154367858	0.158761217583667	82
-0.031613489954442	0.167979253335486	1023
-0.034320866617167	0.170598864403623	570
0.122852637035919	0.197576085447396	78
-0.113281845496589	0.154933036119063	78
0.11692723352674	0.190712979024442	28
-0.033678242586139	0.165521982592106	78
0.114478989136667	0.194606563884473	1139
0.122852637035919	0.197576085447396	35
-0.120969460135171	0.614407882135381	275
0.034578198236305	0.657430492269446	275
-0.058331276227038	0.65891826702711	275
-0.083173303484838	0.571811370689728	275
0.113025574150033	0.955118452394539	275
0.08424740628127	1.08051869811015	275
-0.093332120272579	0.648776704524144	33
0.118566757177681	0.886227857464058	938
0.08799527284757	0.874635739081962	938
0.100815257423873	0.964328555616887	938
-0.026664129292098	0.561372447873312	469
0.023614386480347	0.761018877109413	469
-0.11651046346091	0.397516283169902	469
0.04679600284231	0.61405912666637	469
-0.09432864192234	0.569731180275385	469
-0.035192746851898	0.758636794254782	469
0.081379930813434	0.707562629185693	469
0.00647034525388601	0.605148462416866	469
0.045450436235017	0.838558306219351	5
0.03193489465418	0.726270362008666	5
0.049793472556262	0.897512162889388	5
0.10020678580945	0.767201913067966	5
0.028386320030788	0.82852432508728	5
0.100399932515861	0.872247016009199	5
-0.032936694809578	0.38265622973615	327
-0.00816618439523897	0.27539155459121	2781
-0.054757703341175	0.274086457303122	189
0.102587330594085	0.624656298094092	189
-0.01148268387905	0.271853701063117	189
-0.105067070517052	0.273172294609153	189
0.044452291379967	0.388828534677984	189
-0.045385759139283	0.369816724716775	189
-0.054222592239252	0.266349813054876	125
0.018122968576447	0.394831550436287	125
-0.043504249314332	0.489256560705843	125
0.088032045242938	0.393857882696769	125
-0.056091760613713	0.372825419737781	23
-0.117112594649182	0.267673514413519	23
0.091726144623306	0.394055688817164	375
0.0134245543178	0.396318993856319	23
-0.0144200148973	0.275822808528465	23
-0.016359010624301	0.269469668771349	23
-0.085480487685102	0.396108639476037	23
0.044552826975639	0.514453110031888	17
-0.104223933923827	0.271417825483476	17
-0.008952814377026	0.268791074932667	17
0.012486511136079	0.473482230077117	17
-0.071525382370358	0.3655840444475	17
-0.00603701296174602	0.258312552345509	17
-0.089963994703405	0.256690325056744	17
0.052348629983805	0.615090535921667	17
-0.115730991206677	0.260742682946142	17
0.090064351820436	0.412773459414806	17
0.031078986994704	0.489992310090045	287
-0.058431417824084	0.265143011242095	1507
-0.089443148725006	0.261614309730494	1507
0.094976411905985	0.405134343288258	1507
0.01117010097645	0.399244212105485	1507
0.00451201678270796	0.385481794544465	1507
-0.0144200148973	0.275822808528465	1507
0.047279729854356	0.408329911098445	251
-0.111628637170152	0.14995091363549	22
-0.031394207996038	0.167251262805583	78
-0.030853245144421	0.16865764734221	78
-0.03482376209182	0.16502306968552	78
0.122032139953474	0.191854981562394	121
0.121299130100455	0.19765529034279	82
-0.033678242586139	0.165521982592106	82
-0.033558405016549	0.171307702237758	1023
0.118849939816202	0.201943652777816	78
0.117252894763946	0.19109165365643	28
-0.035586505102787	0.165033552824477	78
-0.02101535924843	1.50107537218289	275
0.039592341437381	1.30663788907322	275
0.006895802519026	1.23509356293277	275
-0.078409309608971	0.836154577911698	275
0.030943909583553	0.951871709503951	275
0.055815175921993	1.00338532016857	275
0.104738816707701	0.890536614650347	275
-0.097235011572226	0.493846061752105	275
-0.067695935221401	0.846794827929787	33
-0.118882478291533	0.473992168105468	33
0.043831450774908	0.615342047795398	937
0.00980996761772002	0.805415127264685	469
-0.018813648836125	0.653425813026284	469
0.027255229468324	0.816459799422183	469
-0.050538436390182	0.485830168046075	469
-0.088515858100903	0.370855048682024	469
0.024290010803434	0.581033570995609	469
-0.09112212112817	0.572694722159208	469
0.074846099274354	0.750865893201316	469
0.0619765610637451	0.505783854373075	469
0.028498759529464	0.583886094312813	469
-0.01469624962001	0.575676820660338	469
-0.015661081888419	0.596064772709006	5
0.0750951397355361	0.997062660092153	5
-0.044187395846206	0.713241394413956	5
0.057131896353256	0.969619103946053	5
0.038841313512197	0.898404297558059	5
-0.083597928180307	0.644808496073792	5
0.09020062333959	0.395923109353632	5
-0.067692845159896	0.392904835943547	2781
-0.00860067527403302	0.395832846870223	189
-0.016761488565507	0.248598325188615	189
-0.091929235488568	0.259597062454335	189
0.049332324591075	0.561451407189723	189
-0.028973919536351	0.57863876467359	189
-0.013829973042106	0.279329286172205	189
-0.049284716734308	0.267101688466611	181
-0.108029452674721	0.154497954953268	125
-0.099415220503614	0.39555823791451	125
-0.033989555965598	0.396783470995797	23
0.015357801265982	0.395449185805341	17
0.0436307565102459	0.279373153766967	17
-0.063733027637613	0.256571481026939	17
-0.013631796191739	0.272072282599384	17
-0.012851841819808	0.272777920415663	17
-0.088151613976218	0.395156139072924	17
0.102458793236816	0.624781244470129	17
0.020512181317996	0.49451660156526	17
-0.113587068112096	0.484744536739618	17
-0.03265174094018	0.476530624034377	287
-0.066769409201695	0.388562351732621	17
-0.06040292646503	0.257038056630611	1507
0.046463338819577	0.278459909653972	1507
0.0667446975031431	0.52361083027986	251
-0.11604828259909	0.263930070491159	251
0.090646058271496	0.497139858518108	261
-0.00739179923171501	0.272853218937785	261
-0.018866884976698	0.382538346421832	224
0.046713750285846	0.28562682840498	1010
-0.032216730818074	0.16619752731661	22
-0.037764608719315	0.168297810515123	93
-0.060450351651792	0.264275052285992	93
-0.115026082108518	0.157042157240657	34
-0.090575302214215	0.273833302641939	78
0.118892862835363	0.192614416933485	78
0.121221930205857	0.191977994150092	289
-0.012650563862878	0.278194765663916	82
0.093826649394138	0.400041872435524	82
0.122896136022272	0.196980514178802	1023
-0.034380182800948	0.16655992563091	156
0.118849939816202	0.201943652777816	156
0.049009733890738	0.280734413670193	78
0.118805831150545	0.195440497449165	35
0.120109729012114	0.185496672968039	35
-0.11860238276806	1.35615965453016	275
0.109462320531968	2.00116198143372	275
-0.108875958167061	0.949485113365829	275
-0.0771622622111	1.05442629905666	275
0.048690035739018	1.19240181024755	275
0.081433234752025	1.24709005371113	275
0.055693659752026	0.704748978553265	275
0.00980226545168705	0.95341734806536	275
0.117038224912531	1.05415789534945	275
-0.080985703205888	0.648766745012085	275
-0.04530662138794	0.718711359377145	33
0.104711517378378	0.958936639186464	33
-0.053985638334228	0.636718221976073	937
0.074957020861313	0.904016602131528	937
-0.029259834350318	0.763145337549005	938
0.0408093073636679	0.842628312078578	938
0.060599479732071	0.842943900278805	469
0.095085690905705	0.892861364687602	469
-0.122820796050387	0.474423116339859	469
0.121588424893458	1.28408945706197	469
-0.047077093616539	0.474123896624974	469
-0.015627198538311	0.637160838447132	5
-0.067251238828179	0.681727906302042	5
0.071449158488389	1.04215397100728	5
-0.063940085159897	0.539015449198563	5
-0.020383205738888	0.65898303699496	5
-0.086048440857058	0.268289809293385	146
-0.047480082730683	0.385339577914472	327
-0.124634560041771	0.388548649955383	2781
-0.045451452156985	0.502127436700633	2781
-0.00636628512276399	0.464524880539337	2781
-0.096459326472613	0.346729808007385	2781
-0.053507818052008	0.392029019055786	189
-0.111005228478894	0.264492180784518	189
0.099096983506242	0.379688097602747	189
-0.088330089182268	0.266081612509375	189
0.052455774177499	0.394452638125001	189
0.090008643022122	0.521582038823887	189
0.010107942465399	0.385904309487675	125
0.018508678162711	0.481547772787595	125
0.081444357126146	0.604994529895349	125
0.09047091127921	0.525614004711219	125
0.087443761943912	0.517014550190939	125
-0.050022992289156	0.383852683019239	23
-0.069183742464725	0.390482721376276	23
0.097031607688123	0.509554733786757	23
0.014772765203824	0.400321021835438	23
0.014772765203824	0.400321021835438	23
0.0663990626869671	0.522823756844586	23
-0.056110177565079	0.552202298856383	23
0.030695966843363	0.611561817117298	17
0.124361098870605	0.596967438718318	17
-0.066836930561652	0.383686747778184	17
-0.056903926345563	0.488150977972707	17
0.078541858981357	0.611394129087659	17
-0.048256041202845	0.375355323064832	17
-0.1236270998533	0.247974572168403	17
0.056069342878902	0.598633387603743	17
-0.100226994143215	0.382043178727972	17
-0.03123355516996	0.392991357129247	17
0.054429973474186	0.490645910869066	17
0.083604769383777	0.596433798272001	287
0.088975195994585	0.401825021383823	287
0.100840634723197	0.391564153774535	1507
-0.087177383439352	0.248874417702454	36
0.101442921394269	0.516311956629655	251
-0.118509829809335	0.260265717519866	261
0.050743248668699	0.289007200605363	22
0.091259694325272	0.396301120283522	93
-0.108029452674721	0.154497954953268	93
0.045310205013397	0.400777988654162	1104
-0.115587776326825	0.155989874143806	1104
0.047820182622953	0.281875096479508	93
0.042485205250685	0.247760330397469	78
0.120401910540674	0.196118981932544	78
-0.032916639677762	0.170355386811782	82
-0.111897899981872	0.158234870560768	82
-0.111162358829902	0.159147929071506	82
0.124494156741629	0.187014240575457	156
-0.032916639677762	0.170355386811782	78
0.118849939816202	0.201943652777816	78
0.118073101920439	0.196825091913243	78
0.113656498860624	0.194210317184637	78
0.122076172115503	0.201430407091027	78
-0.025673656439824	0.163627204364407	78
-0.112634152415116	0.154572288198928	78
-0.00913841552460099	0.280814338380485	35
-0.054034288409931	1.44699017598739	275
0.040363176672968	1.64748750358921	275
-0.011059503429429	1.1110638580904	275
-0.021945048638562	0.846800341320714	275
0.056914030567109	1.18277509380545	275
-0.058348191760505	0.544440416298048	33
-0.013706531092425	0.573438243420216	937
0.121060368371574	0.94027240289485	937
0.021857137901547	0.831873390853507	937
-0.032790394243638	0.766530011876895	938
-0.047152464234004	0.634453695518059	469
-0.076953387901875	0.562063185057121	469
-0.055461786132008	0.484742656386879	469
0.103094316467212	0.967316480303872	469
-0.00739174788180802	0.744445072973635	469
-0.078482656994146	0.49444295866344	469
-0.036422611093005	0.577796540203264	469
-0.00633946666756902	0.665024090401522	469
0.031011794463145	0.691077622185732	5
0.043290849215232	1.00557087724815	5
0.017361637118421	0.633304393967141	5
0.0561822064008261	0.607740155393158	327
-0.030642942209621	0.573873794959382	2781
0.04412324726154	0.500505974395176	1498
-0.018680335550273	0.374388743733749	189
-0.034539157766952	0.502996746172565	189
-0.059241857770567	0.263832119906844	189
-0.018959497506148	0.39316776544251	125
0.07053103304525	0.607069349661563	125
-0.08443089740347	0.256357541081886	125
0.0837564853759441	0.384427575785703	375
-0.088590593771632	0.269245039568389	375
0.044166320643368	0.39933101189602	170
0.01375192177698	0.483863383123885	17
0.051342322729851	0.708070015212545	17
0.010419910047645	0.385519133912702	17
-0.029415362649324	0.385476854949339	17
-0.00953456602503	0.27302136814778	17
-0.09806235532967	0.385386990364078	17
-0.050847810962032	0.487142936791562	17
-0.01223312075113	0.484646143835519	17
-0.102662177474783	0.401873174401355	17
-0.055554788215311	0.38831664572414	117
-0.000810058677568004	0.411869526265033	17
-0.098952015940521	0.396799578464933	17
0.056417764719167	0.394150915036115	17
-0.091686729046536	0.260899285932808	17
-0.092517141547601	0.261372376251543	17
-0.010460614091672	0.384059620799556	1507
0.044563155887719	0.275336062722399	108
0.124567297470037	0.513890777336252	22
0.048582663578669	0.280150973097987	22
-0.030093257110939	0.165022192894233	93
0.043281059464328	0.270974345640059	1104
0.050743248668699	0.289007200605363	1104
0.119669786755726	0.197421523304085	93
0.113656498860624	0.194210317184637	93
-0.032916639677762	0.170355386811782	78
0.120401910540674	0.196118981932544	78
-0.034073825027202	0.168545023486603	78
-0.114851094282345	0.154698509416655	82
-0.037001754417234	0.167235364284125	82
0.044822612788454	0.272316332680211	82
-0.03361802040995	0.171492856136262	929
0.118029646606178	0.195815538712146	78
-0.113929682550336	0.153532269414547	78
0.117648689766584	0.190283063570255	78
0.120401910540674	0.196118981932544	35
-0.032155294870618	0.171057763952974	35
0.0668853552066691	2.41796781855872	275
0.113266086330496	1.76607865745592	275
-0.024141760198529	1.17312512351009	275
-0.083031052843094	1.04097930353389	275
-0.070466796175944	0.993611827666245	275
-0.095173582862271	0.904704898800016	275
0.012109999496697	1.24276655352799	275
-0.096340176327294	0.770325084080013	275
-0.097548528150356	0.632800680773698	275
-0.016469791292307	0.873611349678723	275
-0.00856965403529902	0.739777213554085	275
-0.107167800232362	0.38115256130239	33
-0.057416276552249	0.706570150662897	33
-0.109286322205981	0.485050316882645	33
-0.088725668435827	0.38696748743012	937
-0.122217984093722	0.407932112929572	937
-0.065538071268985	0.475178026633917	938
-0.088256226820349	0.397737346660984	146
-0.029673974268161	0.647483524529258	469
0.117232186467925	0.697037984658331	469
-0.084260021653107	0.491987428826139	469
-0.03027956852557	0.66770528523114	469
0.10942217585813	0.621602538222614	469
0.053141109299214	0.621223449454536	469
0.111913558763503	0.711064901643576	5
-0.049334009960733	0.761134320958034	5
-0.119696265273141	0.541181522080529	5
-0.055683218399463	0.561989927432436	5
-0.050276883826274	0.384283404076344	327
0.041440855867404	0.511183745909229	327
-0.09779154965099	0.377045102065743	2781
-0.091945072996465	0.25132925560224	2781
-0.061146462514818	0.263258005814188	189
0.091071560984545	0.515644554637971	189
0.044442468913285	0.405885598521458	189
0.00447244264834701	0.363478971667553	1498
-0.021510931618595	0.384871253442782	189
-0.091992957348687	0.263118147808208	189
0.043853849481625	0.251512327391355	125
-0.114912525826028	0.269558278983969	125
-0.005403749148362	0.575107232235732	375
0.051505313415077	0.289999457158964	23
-0.108673287848384	0.154850400054201	23
0.093193723073938	0.522725930698197	170
-0.091929235488568	0.259597062454335	17
-0.004549951130282	0.573555735846947	17
0.09333650761288	0.399994092987809	17
0.049136358643581	0.394894192684319	17
-0.114851094282345	0.154698509416655	17
0.105474444329914	0.807721350310929	17
0.073080815755428	0.510326974744069	17
0.092182308941565	0.588458020973215	17
-0.112061033127501	0.260157832140174	17
-0.102517552707479	0.365733443252847	17
-0.035284732147025	0.392429694733257	17
-0.119969021850566	0.256338036217992	17
0.050315288243872	0.285510786453152	287
0.047820182622953	0.281875096479508	287
-0.0572713616665	0.265050819458215	1507
-0.12002908408002	0.153647288650886	251
-0.049352913472883	0.27058660134581	251
0.118849939816202	0.201943652777816	108
-0.035788451640569	0.16178842853178	22
0.120690258415578	0.494801212730158	22
0.054757720795842	0.283787561116198	22
-0.028606032231614	0.168487760111406	22
-0.030878559284433	0.171666856078845	1104
-0.017736376451448	0.26411233477095	1104
-0.11165656348475	0.151862214471532	1104
-0.112938394898215	0.148072064167997	93
0.050576809271755	0.283687162588281	93
-0.034320866617167	0.170598864403623	93
-0.114332158882453	0.265948053670741	34
-0.00934543822414302	0.276458609752467	34
-0.034320866617167	0.170598864403623	78
-0.037764608719315	0.168297810515123	78
-0.035788451640569	0.16178842853178	121
-0.120115971307724	0.152766065486777	156
-0.029344617379453	0.168118197302128	156
0.122852637035919	0.197576085447396	929
0.120446143828703	0.197036537066415	35
-0.113277390451466	1.1913621599485	275
0.0381013404364861	1.27840966382777	275
0.038195595845017	1.39804980423614	275
-0.025948066218217	1.14863824304598	275
0.100400987701784	1.31588200941854	275
0.035819668251737	1.27606851835823	275
0.099240913859835	1.25443962289588	275
0.03950066134048	0.610154261565065	275
-0.040051429047658	0.376139760517239	937
-0.022571174396444	0.504761484819256	937
-0.116835603863082	0.406501742400933	937
-0.033993378445775	0.381583231188517	937
-0.00723856325515199	0.954186756346076	937
-0.090674320197244	0.584268033407403	938
0.095737059758243	0.688327681312406	469
0.047452153473788	0.840213987220117	469
-0.095099171825041	0.792516210931119	469
-0.108907960766141	0.379324705780749	469
0.106341394517626	1.23193879455162	146
0.037641507033753	0.961646337286055	5
-0.121391512356332	0.651086258102212	5
-0.041707443987111	0.385149908620812	327
0.046263184382619	0.77573151375314	2781
0.117759632584239	0.501116338666843	189
-0.116412951587723	0.156012044058552	1498
0.043798405155378	0.276984201759073	189
-0.029358376463472	0.172340564270388	189
-0.012092613420862	0.265158075577244	189
-0.114290070662285	0.157070938330489	337
-0.028592856732047	0.168788076833278	125
0.124486191529375	0.530085156462898	125
-0.090575302214215	0.273833302641939	23
-0.106984475168725	0.26974991673151	23
0.048415072994848	0.282674452330828	375
0.050148283132671	0.288176659673767	23
-0.05862677581595	0.555351622576641	170
-0.066758089065089	0.251911481285036	23
0.049534347295363	0.403878168187077	17
-0.0105255905195	0.265274155288708	17
-0.094746078156783	0.261841093757035	17
-0.012851841819808	0.272777920415663	17
0.0148093215685851	0.490391883931231	9
-0.115406614551344	0.483553262850105	17
0.079862691632686	0.612271437646836	17
-0.078572502540906	0.38650817567086	17
0.10696595580406	0.802623100603967	17
-0.114672777920788	0.400824694502065	17
-0.036147366173366	0.392477872641394	17
0.013678559923828	0.402012950698226	17
-0.013631796191739	0.272072282599384	17
0.018158203996567	0.382651188257453	17
0.090064351820436	0.412773459414806	287
-0.022144907191251	0.362353034579683	287
-0.095053285008472	0.379840736934475	287
-0.00701297009603902	0.39240972325959	287
-0.111897899981872	0.158234870560768	1507
0.10382627425836	0.632931300793765	251
-0.118814088854811	0.263651707919868	108
-0.030110933399118	0.171638071817207	108
0.0145229228053541	0.394581721976385	22
-0.060877400391182	0.265087098628465	22
-0.026407233688701	0.164210545020923	22
-0.11706325284305	0.154565319237915	22
-0.037300231052285	0.156331125226755	22
-0.037001754417234	0.167235364284125	93
-0.118455348020323	0.146263586537976	78
0.124537452032742	0.192015229802692	78
-0.031394207996038	0.167251262805583	121
0.0428677305137281	0.277736292769951	695
0.118849939816202	0.201943652777816	156
-0.033558405016549	0.171307702237758	929
-0.029358376463472	0.172340564270388	78
-0.052902841473472	0.264365030677822	35
-0.111073154367858	0.158761217583667	35
-0.029372068306671	0.168506458901295	1499
0.122896136022272	0.196980514178802	1499
-0.109703264154649	1.56709388619741	275
-0.087774103070349	1.3999220557864	275
0.022003533631521	2.00416241818898	275
0.03040797628086	2.17499491922881	275
0.048094799665755	1.92703156503001	275
-0.113709426766707	0.909794716487255	275
-0.086284157409446	1.02445896240988	275
-0.079435909870513	0.943741670203538	275
-0.067997489665109	0.921639762365897	275
-0.102846948664884	0.720190008088326	275
-0.011891201813385	0.801418419347527	275
-0.042493501772066	0.563749764152647	275
-0.064309590552129	0.483497187794795	275
-0.029119421372007	0.658655216683623	275
-0.039289406442473	0.590104844160811	33
0.109892199712266	1.16684776325724	33
0.102299723410928	0.725589936323962	937
-0.08166439968534	0.489562844368554	938
0.041621122642313	0.993256845025859	938
0.018118278301112	0.386947512328743	469
0.033757507831327	0.616214835023038	469
0.085623902097519	0.663879382899701	469
-0.00990568166022698	0.716068744589091	469
0.016838470502526	0.504780498465342	146
0.091154276419384	0.372204644562815	469
-0.122930680397541	0.271398233917416	469
0.039313989046986	0.575650123223864	469
0.038976855480557	0.603455904695619	5
-0.107994346775264	0.748652117564331	5
-0.00390029602101699	0.583228615653342	5
0.117135076131363	0.808839029524927	5
0.117643645359614	0.938048918298775	5
-0.07989889003994	0.55967798862264	5
0.115031543569092	0.628888231030082	146
-0.081573566504851	0.270583808878175	2781
0.0510783113990519	0.284481454747466	2781
-0.012650563862878	0.278194765663916	189
0.083801777759558	0.384864468599969	189
-0.022224665697257	0.254179671686154	45
-0.014392784775445	0.258645951712003	45
-0.036249052551778	0.16463764089159	189
-0.00718025645561898	0.276171985609374	125
-0.019897002115458	0.366460915836678	125
-0.014908180136718	0.381117679355717	23
0.027652201800795	0.514912648371145	23
0.057950130072854	0.495462852397887	23
0.120015394806479	0.503880339511505	170
0.088316896406258	0.706998769647298	170
-0.01011052855483	0.278826498460718	17
0.070771605225676	0.509304567101771	17
-0.032216730818074	0.16619752731661	17
0.048413099088694	0.279915304231662	17
-0.014600835088289	0.265623086122899	17
-0.091764241656291	0.391354269780026	17
0.085779688275113	0.487738807470045	17
-0.004217574966424	0.481584935123151	117
-0.09794236935204	0.388245617598724	17
0.0699167709985971	0.519129977580061	2529
0.020189703089105	0.380293326079614	17
-0.087250591573891	0.256032121251678	17
0.00898026257358098	0.396672558513765	17
-0.03559902595628	0.164989565094824	287
-0.031613489954442	0.167979253335486	287
-0.0144200148973	0.275822808528465	287
-0.123690175885465	0.266762500108873	251
-0.117417270438373	0.263860581348646	251
0.035118038519475	0.484523241614438	22
0.096582043381366	0.608947677238504	22
-0.030853245144421	0.16865764734221	22
-0.03777447409692	0.164781776522234	22
-0.111162358829902	0.159147929071506	93
-0.029358376463472	0.172340564270388	891
-0.119294974588462	0.153683990110454	78
-0.034320866617167	0.170598864403623	78
-0.00663035376495702	0.271980367181238	78
0.122032139953474	0.191854981562394	78
-0.113192050197018	0.15715065480167	121
0.122896136022272	0.196980514178802	156
-0.121411984325556	0.148763441513196	929
0.118805831150545	0.195440497449165	194
0.120401910540674	0.196118981932544	194
-0.016948623921812	0.2712616366163	35
-0.063846342365287	1.38253221070401	275
-0.119467933577082	1.36420128966454	275
0.0118299797136	1.85470601456526	275
-0.121100538218327	0.741499637796455	275
0.047500913353465	1.35268540101945	275
-0.102341193420275	0.908870520329355	275
-0.096663615226385	0.394001812961187	275
-0.093298839567353	0.38437796457246	275
-0.095528089338189	0.398438711910644	275
0.014227695098492	0.400399102704761	937
0.122995388574813	0.512446869918613	937
-0.076617968158342	0.370522933371666	937
0.028091327683454	0.716953870703991	937
0.00257492365304102	0.376769725397521	469
0.00904656278097904	0.500452146207961	146
0.00593257515857704	0.385539011417938	469
-0.078049742031369	0.37315416193953	5
-0.04939236648263	0.800983203771486	5
-0.021277192850498	0.728461579667958	5
-0.079929213281834	0.831750072564359	5
0.067044052240656	0.875860069099407	5
0.00724088260489897	0.809157245112751	5
-0.028606032231614	0.168487760111406	189
-0.108029452674721	0.154497954953268	189
0.049009733890738	0.280734413670193	189
-0.056493723024178	0.38921517170365	189
-0.119294974588462	0.153683990110454	189
0.11962621063934	0.201522244647387	45
-0.030125206900971	0.172372103841324	45
-0.10978205135137	0.154912009636077	125
0.094849070745366	0.40885411852274	23
0.081097482479381	0.612113014481009	23
-0.079677065416522	0.384699600787454	23
-0.118648428204679	0.154170805239629	375
-0.11165656348475	0.151862214471532	23
-0.037764608719315	0.168297810515123	170
0.085348153303226	0.773410507393526	170
-0.109497149324653	0.268599273292508	17
0.0428677305137281	0.277736292769951	17
0.0339997257643651	0.497199735504977	17
-0.107938260225114	0.154958751568619	17
-0.107938260225114	0.154958751568619	17
-0.073810357650672	0.397146227953322	9
0.090337821284779	0.680682207894588	9
0.0403043554500671	0.565949003320549	17
-0.089099408462283	0.397726982374007	17
-0.115587776326825	0.155989874143806	17
-0.063795291820986	0.396806925219618	117
0.041737844437604	0.263876321859446	17
0.050248149874175	0.396212455648814	17
0.0510783113990519	0.284481454747466	287
-0.118002023628097	0.151376048698378	287
-0.033558405016549	0.171307702237758	287
0.119669786755726	0.197421523304085	36
-0.112302330325949	0.265753945940362	251
0.062723473911168	0.519380824393668	251
0.00871139676857102	0.389569990945412	22
0.010328983866029	0.390261097947143	22
-0.037764608719315	0.168297810515123	22
0.11962621063934	0.201522244647387	22
0.118849939816202	0.201943652777816	1104
0.00740213680093704	0.379795692843313	1104
0.115250614627185	0.194235280357882	78
-0.035586505102787	0.165033552824477	78
0.11962621063934	0.201522244647387	78
-0.032373991708099	0.163345963881305	695
0.100899632676826	0.403533505889711	695
0.088815043124614	0.394077689991542	156
0.029421107978772	1.886687021362	275
-0.07849813009593	1.57670759138657	275
0.058281395954121	2.46976354555825	275
0.074189711523977	1.42822978669028	275
-0.00692460383514998	1.21103275983469	275
-0.033362541001102	1.09056321061915	275
-0.01107546988238	0.669019303322029	275
0.117397643858206	0.735955341996615	275
-0.094687288734533	0.399137711998845	275
-0.023642714238541	0.485527304759644	33
-0.029775246209066	0.396276510433872	33
-0.047664255728369	0.271365286702259	937
-0.014582966181052	0.385142147960552	937
-0.122499521110691	0.273430042472282	937
-0.016865749601841	0.655719689278883	938
-0.076687186540538	0.489002472954211	938
-0.085877617594085	0.527776024011458	938
-0.120423734913812	0.386495560798206	146
0.022870468153163	0.566482301299572	469
-0.112544903499217	0.158631103032102	469
0.00286400713767498	0.374193837916971	469
0.046432874796834	0.406165098500369	469
0.117893009713071	0.460092210639462	5
0.01477378544194	0.761506328637274	5
0.061602759833756	0.616763054079211	146
-0.065738822064271	0.547657805278323	146
0.064571709656796	0.76891043019491	327
-0.00859330974371098	0.265691079913568	327
-0.020258843331317	0.257523589649031	191
-0.032216730818074	0.16619752731661	189
0.118805831150545	0.195440497449165	189
-0.030125206900971	0.172372103841324	189
0.120478806402945	0.191904998295314	337
-0.119294974588462	0.153683990110454	125
-0.095829317923979	0.384880138557385	125
0.067278160099825	0.786418511305668	125
-0.068652185572155	0.486921869302344	23
0.110984318481881	0.831584557364348	23
-0.034073825027202	0.168545023486603	23
0.033085116197617	0.611051281740576	170
0.117252894763946	0.19109165365643	17
-0.036249052551778	0.16463764089159	17
0.118029646606178	0.195815538712146	17
-0.063002871492958	0.356636029020527	17
-0.015383476030466	0.271275891842171	17
-0.097143633897398	0.389217278064602	117
-0.123778770291653	0.383761909995171	17
-0.119294974588462	0.153683990110454	17
0.120478806402945	0.191904998295314	287
-0.119468179915834	0.150027275057161	287
-0.035488315115721	0.1608454976651	251
0.085387175387345	0.621362419775667	22
-0.051963464354433	0.394480394485399	22
0.121221930205857	0.191977994150092	22
-0.029372068306671	0.168506458901295	246
0.047225062604791	0.278418888034879	93
-0.062347804668237	0.387953371628586	78
0.11962621063934	0.201522244647387	78
0.123672687720165	0.193374580198933	156
-0.00836368948354799	0.272751364365429	78
0.118849939816202	0.201943652777816	78
-0.045999137903257	1.33558688452685	275
-0.067609717198632	1.68335700712517	275
-0.034312007615021	1.03064539925536	275
-0.084432067550449	0.264473644951185	275
-0.061854550718583	0.387313736374889	275
0.046929163328039	0.842640720954946	33
-0.054408567293396	0.273164621094583	937
-0.014453284202162	0.390674141770318	938
-0.099298186165325	0.480767793585257	938
-0.00621399923185201	0.278796988101928	146
0.091797483163237	1.00108688416228	146
-0.096120880583584	0.39034868068422	146
-0.03960479521387	0.486461925457849	5
0.081912044192611	0.855181014460674	5
-0.118229051096915	0.941010157069573	146
0.00500380199461303	0.827660349080912	146
0.071974891839573	0.500652035319922	146
-0.034320866617167	0.170598864403623	2781
0.118805831150545	0.195440497449165	189
0.118892862835363	0.192614416933485	189
0.118892862835363	0.192614416933485	45
-0.038528773908626	0.167402222187446	45
0.121255761839474	0.19539411213957	45
0.059908328555624	0.513514288376865	125
-0.00796159585269102	0.277894105112136	125
0.11962621063934	0.201522244647387	23
0.118849939816202	0.201943652777816	23
0.0801173243123941	1.07937797938611	23
0.022344607973374	0.504241053175226	170
-0.029358376463472	0.172340564270388	170
-0.108673287848384	0.154850400054201	17
-0.018564635645285	0.377736779544713	17
-0.032155294870618	0.171057763952974	17
-0.0861021668153	0.27229068938635	17
-0.033313214931201	0.16515339254902	17
0.118073101920439	0.196825091913243	17
-0.088063899675779	0.470942880073875	117
-0.112544903499217	0.158631103032102	17
0.121299130100455	0.19765529034279	17
0.119669786755726	0.197421523304085	17
0.122032139953474	0.191854981562394	287
0.06743745646233	0.759903046450738	22
-0.098315618441667	0.405470580109418	22
0.112711637437715	0.726034517919693	22
0.083011613101471	0.499640685335774	78
-0.080167170622663	0.261442187535871	78
0.000276555620094987	0.495876979573583	35
-0.059636879503545	0.364655522151632	35
0.0926140420182699	1.23025876396566	275
0.00559883260763505	1.07172442702557	275
-0.097314667381055	0.881886253280396	275
-0.017863637768693	0.386750434913799	275
0.042074144786166	0.511422909022923	275
0.0435311737479041	0.385055107045932	33
-0.016554505218235	0.265529538413223	33
-0.067215649778224	0.653028264032558	938
-0.050742879819916	0.273660270885974	938
-0.053497586812379	0.380693847654355	938
0.00224495396657998	0.477410062690422	146
0.118849939816202	0.201943652777816	146
0.045353914829528	0.27994295974536	146
0.123762473336095	0.527505502157384	469
-0.06948779900041	0.709528620078778	327
-0.015240585874396	0.385571973630421	327
-0.031137197198137	0.163569473877672	191
0.115250614627185	0.194235280357882	189
0.120159935012421	0.185585955596192	189
0.117699607015864	0.194176298788628	189
0.118892862835363	0.192614416933485	45
0.000527441157266995	0.47444921460637	125
-0.071180475062922	0.702533539152952	23
0.118849939816202	0.201943652777816	23
0.116021654091365	0.189305335015527	1107
0.113656498860624	0.194210317184637	9
-0.032094472202418	0.168316179247348	17
-0.015426406305637	0.381585951440911	17
0.118073101920439	0.196825091913243	17
-0.03482376209182	0.16502306968552	17
0.118849939816202	0.201943652777816	9
-0.072165312239628	0.38369201128748	17
-0.010169555649745	1.00907106297414	117
-0.034320866617167	0.170598864403623	17
-0.096454691848572	0.400345609091536	17
0.114478989136667	0.194606563884473	36
0.00545026540753102	0.747711932605494	36
-0.00819552060950901	0.262856145704691	251
0.11962621063934	0.201522244647387	87
0.121221930205857	0.191977994150092	1303
-0.043256728272533	0.154534636998398	93
-0.111073154367858	0.158761217583667	1304
-0.00973274236386401	0.275323310189087	78
0.120159935012421	0.185585955596192	78
-0.029358376463472	0.172340564270388	35
-0.00310547460107902	0.27081419572398	35
0.099846487834258	2.33066397003978	275
0.105228404828896	1.86595088295042	275
-0.023010287640165	1.27123118480895	275
0.099612296703851	1.38717975028925	275
-0.02910108170362	0.660756147850898	653
0.060795976431221	1.25612208311973	33
-0.073712841776557	0.371388279735538	33
-0.059888446896189	0.862564032966686	146
-0.018856640727147	0.586217206855427	469
-0.0822038002004	0.389984099063967	146
-0.053115711652286	0.375359129219744	146
0.102887568690433	0.727876262252997	469
0.065467614454176	1.1017647003421	5
-0.114290070662285	0.157070938330489	189
-0.107771597837702	0.386155571181831	189
-0.111162358829902	0.159147929071506	189
0.09020062333959	0.395923109353632	45
-0.119381843140074	0.154135697628218	432
0.093136315252308	0.782402581890753	125
-0.04103492736016	0.488755887878629	125
-0.076685171747012	0.376024530014888	23
-0.103946837834883	0.386382136186391	23
-0.115587776326825	0.155989874143806	359
-0.108535121001647	0.473722083533732	170
-0.012705062556547	0.483303070209191	170
0.051320581876897	0.281439770567415	17
0.0330173006522601	0.690137204412477	17
-0.022877662283212	0.500936344448	17
-0.052550227965057	0.582709378616936	17
-0.091034417751166	0.468421845152959	17
0.08764884202011	0.50429972473676	117
-0.021437260259752	0.488101244633301	117
0.113721376951257	0.697223079634152	17
-0.064314639871189	0.255831805042151	17
0.053625261019329	0.271483179404261	17
-0.119134327247878	0.391549410973606	17
0.120864739435263	0.508483195503294	17
0.0482432031379419	0.285569125299453	287
0.11962621063934	0.201522244647387	129
-0.111897899981872	0.158234870560768	22
-0.114788725021001	0.155472224241984	1227
-0.03361802040995	0.171492856136262	246
-0.013522315234904	0.387561333186357	93
-0.08270874143803	0.265850581348566	93
0.119669786755726	0.197421523304085	93
-0.01265987085685	0.270284422183705	133
0.066141832498371	0.502423697012744	133
-0.112544903499217	0.158631103032102	93
0.013133214675628	0.402095676450382	78
-0.029344617379453	0.168118197302128	695
-0.112455127725174	0.158055588629721	695
0.118849939816202	0.201943652777816	357
-0.091395041453289	0.266502149927846	35
-0.062689497280273	2.04600126131049	275
-0.082754151487595	1.92044267550662	275
-0.050894686961358	1.71566843039177	275
-0.02931711386279	1.25448894890192	275
0.07156441010479	1.60477707908764	275
-0.042524038116724	1.16694609590931	275
-0.100896268348754	0.394546638701086	33
-0.061631444152044	0.661970251777733	146
0.015865785828898	0.596516822245762	146
0.000160171188700042	0.582532092992008	146
0.122129335874695	0.586298899631839	469
0.0431986710538	0.610592921555655	146
-0.123755426135694	0.773416424894407	5
0.091818796259874	0.391972586833928	189
-0.059217141645652	0.27379705806469	189
-0.109693422857567	0.154997990609222	45
-0.048291127354723	0.577039841951043	125
-0.014529717434416	0.65838315315868	125
0.014009470542756	0.376045098475043	170
0.0106612790489919	0.38717763908892	9
0.08917086473354	0.403501214472405	9
-0.052099029504711	0.661235480149684	9
-0.051706170257275	0.557902517041602	17
-0.068513382820096	0.567765607056109	17
0.033703524802737	0.598218811395507	117
-0.053674185506505	0.384013823557908	17
-0.093130627544712	0.259779455529485	17
-0.091928461709087	0.26904263511401	17
0.089969164989542	0.393595142750011	17
-0.070800021373089	0.464771558550249	17
-0.025209234462461	0.370333220893983	36
0.11929843648749	0.733965743933657	36
0.104102864025915	0.618645992792218	36
0.119581444547106	0.1904746302505	87
0.118849939816202	0.201943652777816	87
-0.032856116933696	0.172207431346016	93
-0.032856116933696	0.172207431346016	93
-0.037764608719315	0.168297810515123	133
-0.118002023628097	0.151376048698378	93
0.122852637035919	0.197576085447396	93
0.012589794338964	0.391527990815463	78
-0.037001754417234	0.167235364284125	78
0.120446143828703	0.197036537066415	132
-0.032856116933696	0.172207431346016	78
-0.030863703134254	0.166760626514399	84
0.124537452032742	0.192015229802692	78
-0.030863703134254	0.166760626514399	143
-0.113986504343977	0.26553356637694	35
-0.077237490642483	1.46910447710751	275
-0.00524961041733602	1.75980242665317	275
0.00162636533067695	0.991437066292516	275
0.088041704265702	1.24011711088388	275
-0.043142961275877	0.909604781892202	275
-0.044211609714454	0.864984672612973	653
-0.072263407899249	0.883650005589608	33
0.121893938938695	1.02447951311131	33
-0.027414667382786	0.62234861553153	33
0.017629740351376	0.946520850074985	938
-0.11520811120397	0.471897735993615	146
-0.00248125015369899	0.590776279211563	146
0.0000392179558189598	0.504475951130674	146
-0.058405464996085	0.546016791872363	146
0.036493085504982	0.707666741319016	5
0.035971443126261	0.731249106792229	191
0.0826102199845	0.496322829601809	191
-0.00894982268015299	0.276338486211823	189
-0.106998469483122	0.269884127799782	189
-0.036549140032095	0.377598002986111	189
-0.084334126953532	0.264221888419663	189
-0.03735177315975	0.586011161397206	45
-0.089110584414942	0.266550372010007	45
-0.091161739431892	0.260067516142629	45
0.042442474531728	0.516737294701351	125
-0.108117214185661	0.395759006752878	23
-0.057243038375555	0.276304953676113	23
0.050150476522143	0.766319374653619	170
0.045266213988034	0.756387709031144	170
-0.043017212754728	0.382777071821218	9
-0.105557347397226	0.55793237688457	9
0.0699175885547521	0.910194493832033	9
0.108558782059702	0.895337010990742	17
0.058362762542016	0.595933512449109	17
-0.010541406069636	0.39373071729489	17
0.088756180908923	0.499006779162193	17
-0.088256226820349	0.397737346660984	17
-0.00913021818888798	0.392425917002986	17
-0.11856158074139	0.15242864646868	251
-0.085729390583118	0.263340385385831	251
-0.095829317923979	0.384880138557385	22
-0.057243038375555	0.276304953676113	22
-0.00854989372541098	0.280570675605193	246
-0.03777447409692	0.164781776522234	87
0.055947170528581	0.28264902676327	1303
0.049772079258538	0.279040076853962	1303
-0.032856116933696	0.172207431346016	93
-0.111897899981872	0.158234870560768	133
-0.114290070662285	0.157070938330489	78
-0.034380182800948	0.16655992563091	78
-0.032216730818074	0.16619752731661	84
-0.030110933399118	0.171638071817207	84
-0.032916639677762	0.170355386811782	84
0.118849939816202	0.201943652777816	78
0.116104710720957	0.190331442459283	143
0.120401910540674	0.196118981932544	61
-0.00531571827652799	1.85309653530428	275
0.085659380812113	1.17092056364526	275
0.093381576023118	0.80358881134724	275
-0.088706312343066	0.484441564006136	146
0.065893957460427	1.02857496015379	938
0.110970613281439	1.15809068342847	146
0.0468831603555659	0.887260794615492	146
-0.116480722504788	0.370570677268889	5
0.00585617886449497	0.643305942331921	191
-0.10842932763758	0.397566522858692	191
-0.093383277056743	0.395333086249437	189
0.092271959216534	0.616617924237028	189
0.039153518806992	0.492906771253836	189
0.031218629588762	0.485339458467341	45
0.015673890982746	0.471435404467053	125
-0.00155702161773302	0.67063545791553	125
-0.038541205512911	0.391872999420477	23
0.06637392058741	0.962307121828936	2075
-0.074765688329852	0.559872354098075	9
-0.121965933042617	0.474158068790359	9
-0.059521563311311	0.264639655122987	17
0.070618215857912	0.762598715815036	17
0.023012883664127	0.605212830136678	17
-0.090602936252999	0.362755968852212	17
0.00728823904831999	0.579934775078406	251
0.048582663578669	0.280150973097987	251
0.04097940980198	0.392209535384503	22
-0.031137197198137	0.163569473877672	87
-0.047895251994415	0.269414437802859	93
0.050148283132671	0.288176659673767	133
0.11962621063934	0.201522244647387	78
-0.035083587945473	0.165721544483297	78
0.122896136022272	0.196980514178802	78
0.123672687720165	0.193374580198933	84
-0.110427532079184	0.158366184621759	78
-0.115520923498325	0.156222393433486	143
-0.119381843140074	0.154135697628218	143
-0.03777447409692	0.164781776522234	143
0.11962621063934	0.201522244647387	477
-0.074591990589839	1.43152273371379	275
-0.09131497538261	1.56594639018425	275
-0.073529216208108	0.478938866022074	33
-0.00464144390245402	1.28567804564407	33
-0.11206863683691	0.572882808737248	146
-0.035027683340661	0.7704412916285	146
-0.071416659522206	0.667180809212467	146
-0.072720312842155	0.381158626562279	189
0.0633998613039291	0.512621235879709	189
0.030969259144786	0.484575473755302	189
0.066992193999082	0.506867035014634	189
0.111397836230425	0.778609169082925	45
-0.121296136279575	0.272349570552461	45
-0.05584009517892	0.384552980534675	125
-0.060875505937199	0.582775551580261	125
0.116774740178384	0.713414516809512	2075
-0.087501044559889	0.271979394815089	23
0.106248593110802	0.595389730175731	23
-0.036783534682642	0.378705752829856	23
-0.01868056608961	0.492694778120147	17
0.122390333488728	0.892526468991391	17
0.118615592358646	0.726492871394496	251
0.06306671500642	0.521199275721884	251
-0.033542995426262	0.505327965160579	22
0.00509434852806701	0.385613273170002	22
-0.014929575441183	0.384519134377489	22
-0.116240056333955	0.259083664309528	22
-0.01499485977597	0.261339719197249	246
0.035310141506209	0.487850845236267	87
0.095528987005524	0.389629255005339	87
-0.090575302214215	0.273833302641939	87
-0.057243038375555	0.276304953676113	87
0.043798405155378	0.276984201759073	87
0.0470585265982541	0.281926179496885	87
-0.119657044120698	0.262414617767415	93
-0.016756193125835	0.271207999491627	133
0.049604165480617	0.27382138119345	133
0.047820182622953	0.281875096479508	93
-0.047987192410813	0.145630807234931	78
-0.115026082108518	0.157042157240657	132
-0.039559154429251	0.159006765579778	156
0.115250614627185	0.194235280357882	78
0.11962621063934	0.201522244647387	143
0.120401910540674	0.196118981932544	61
-0.032796202972762	0.167465311350541	61
-0.023725857236236	2.38867910162293	275
0.071830595845518	1.06770257573077	33
0.059179717471931	1.21353094988358	146
-0.109609395570849	0.485227271504668	146
0.026896110315201	0.765472954362128	146
-0.107668986440243	0.61343699350782	154
0.061623379664586	0.914582051595318	146
-0.051645259848449	0.388469287570247	327
-0.08207441580301	0.354398894688209	189
-0.087714309071858	0.267949907771769	189
0.070709815586091	0.619695639082017	45
0.036727827773868	0.378637076397387	45
-0.08355196881267	0.27180814366807	23
0.061209602688849	0.499250220023125	803
-0.029507937673971	0.480038675761688	803
-0.019253761440122	0.384269863681482	23
-0.069707302943665	0.562723780879371	170
0.027781513036331	0.502035998740005	9
-0.0000109404554520243	0.488417254977447	170
-0.089161973049985	0.271837897277247	9
0.015404730493951	0.6730624348877	9
0.047713212621064	0.915544220842396	9
-0.041816468266687	0.385332063414061	17
-0.036103543673359	0.493636728647901	17
0.063153454958469	0.620828607089282	17
-0.112728506421337	0.441299558510314	17
-0.100694120981194	0.486975375040541	17
-0.012654434081287	0.507075611517325	17
-0.061294128835735	0.384728323557464	17
0.042774626765468	0.383881332096297	251
0.00731410710361802	0.37569050213618	251
-0.108405122403739	0.375840361932079	22
-0.00174873402763298	0.492940770144138	22
0.059789475131424	0.272779294992358	22
-0.092236091236332	0.272262582237247	22
-0.035788451640569	0.16178842853178	22
-0.05840444478986	0.274605671745734	87
-0.059700792558051	0.256706064211628	87
0.0455491432105401	0.382848496528924	93
-0.021440768267771	0.256171250189662	93
0.060311436278303	0.261050793110794	93
-0.109001802233177	0.274890690285582	93
0.08604641785867	0.397054047863204	93
-0.033558405016549	0.171307702237758	132
-0.033558405016549	0.171307702237758	695
-0.115587776326825	0.155989874143806	695
0.051505313415077	0.289999457158964	156
0.11962621063934	0.201522244647387	78
-0.118322784468123	0.145154721549184	143
0.122076172115503	0.201430407091027	143
0.122076172115503	0.201430407091027	143
-0.020065126553971	0.258904618526905	35
0.114478989136667	0.194606563884473	35
0.019427632619016	1.92093890992607	275
0.0424476051313331	0.916005307528471	33
-0.00710864036135001	0.55342113259527	33
-0.010715213106115	0.727411090129953	146
0.0973523742355	1.33941537330363	146
0.038145725969679	0.579928745478025	146
0.00948696518841396	0.470115545552337	146
0.08764884202011	0.50429972473676	606
0.087044547223318	0.8655039755834	606
0.023816129507374	0.576479066416788	606
0.00228457600841703	0.372980129735834	146
-0.07274299141049	0.373987045699089	154
-0.102700683058102	1.09124125098472	146
0.087585023881492	1.07708933423085	146
-0.088567535149271	0.643727378889156	327
0.096871796420378	0.409713834505089	191
0.050508157996228	0.400882098307308	191
-0.117802041143272	0.15069443952305	189
0.044990583997375	0.278444082584215	189
-0.019292503661503	0.503347253892763	45
-0.00741329421502401	0.269541913273783	45
-0.120882922715798	0.269064964702574	45
-0.115026082108518	0.157042157240657	45
-0.046288404163711	0.384699893118033	23
0.030850526181798	0.721573866312723	803
0.047383239072217	0.753246315419773	803
0.05133130078524	0.400715348466133	9
0.039850441825168	0.251245367886794	9
-0.106223148683378	0.264711375747215	9
0.10664148420262	0.814703372102297	170
0.123784160749557	0.629570736389273	9
0.100467374750966	0.522351680553796	9
-0.014599813012119	0.269086060303562	9
-0.086857334651726	0.397092335805333	17
-0.014220614555788	0.270284864293797	36
0.04389307971837	0.672615137560389	17
0.049940725169538	0.277260113845642	17
-0.091644454105651	0.40052007806039	17
0.095207039901718	0.407158446395034	17
-0.103555005712622	0.482219613545195	17
-0.00973274236386401	0.275323310189087	17
0.047225062604791	0.278418888034879	287
-0.111808672083322	0.159552284481566	251
0.122849020981862	0.728100804725036	251
-0.052879266030276	0.50409136413478	251
-0.085231597244773	0.563787831587387	251
-0.085044660956126	0.487464669072328	36
0.0490091698908131	0.282293968146442	22
0.118073101920439	0.196825091913243	22
-0.115026082108518	0.157042157240657	93
0.118849939816202	0.201943652777816	93
0.059207845045823	0.509913141541667	93
0.117252894763946	0.19109165365643	78
-0.112544903499217	0.158631103032102	695
0.123901585008818	0.521518167891983	695
0.049621305790236	0.468672055695957	695
-0.085209178026606	0.271672819694746	156
0.118805831150545	0.195440497449165	376
0.026991767921779	0.96257930920373	33
-0.079017561574932	0.781897509582056	33
-0.124190916438989	0.404328862256153	33
-0.00440537289305998	0.500144894818193	33
-0.103720633789222	0.637127628619007	33
-0.000981351258006025	0.477409250154805	146
-0.073190544394654	0.384130470233352	606
-0.059440628301551	0.769601714713675	606
0.00724626249682103	0.577959700103629	146
0.083036318395255	0.587872301490551	146
0.092166444586071	0.993362732155103	154
-0.073810357650672	0.397146227953322	154
0.009739179736721	0.650331915695879	146
-0.011877104631756	0.27301031447128	191
0.046432874796834	0.406165098500369	191
-0.050155232041693	0.270261708938926	191
-0.093110540414969	0.262565913614237	189
-0.00854989372541098	0.280570675605193	189
0.092991145479454	0.408872284963081	45
-0.079972352176337	0.48367879836604	45
0.00978287369617503	0.396403504404234	45
0.090064351820436	0.412773459414806	125
0.120478806402945	0.191904998295314	170
0.099448379443457	0.397796222507189	9
-0.00526521725361001	0.551842695327127	9
0.03729589622126	0.602215542574768	9
-0.025005433767241	0.649634603805046	9
-0.107707693610554	0.567160831826119	17
0.021901659721753	0.802717230241043	17
-0.05145824154287	0.395696689926104	17
-0.063309611375048	0.501007005274754	17
0.09077749321393	0.394321839647317	17
0.046881854383097	0.284132693707904	287
-0.031613489954442	0.167979253335486	87
-0.032155294870618	0.171057763952974	87
-0.123014830508654	0.146703210527532	133
-0.104749334771754	0.270821546871082	93
-0.107898973949383	0.269408940389585	695
-0.016948623921812	0.2712616366163	156
-0.032216730818074	0.16619752731661	78
0.00545903947091497	0.376737807599698	477
0.118849939816202	0.201943652777816	477
0.0877817877980101	0.962464709950282	33
-0.010573469241664	0.817720926698157	146
0.081824630526669	1.09520197571024	146
0.071561799250151	0.765403540275974	606
-0.045098336071852	0.574878721523922	606
-0.014971862283431	0.661912135785601	606
0.04709878693804	0.771729209326309	154
0.119495925195139	1.10272621226005	154
0.020925076493026	0.497223882471919	146
-0.072761153976038	0.623843307447346	146
0.045310205013397	0.400777988654162	327
-0.058566305613321	0.561305916416061	327
-0.046553237640904	0.493179313928046	327
0.00508871751749895	0.374394448442235	189
0.0419607120307211	0.396780839550754	45
0.09157824197076	0.510345613695113	45
-0.089497312454332	0.372745300861472	23
0.080460607843511	0.712838446845826	23
0.00840045859740402	0.397480718885539	170
0.00370939323465502	0.376740422712339	170
-0.045213451346455	0.38989365705921	170
0.094656348609317	0.516830519419794	9
0.065816207583691	0.922210857696306	9
0.023400010408767	0.79085644050938	9
-0.10489135185291	0.146634103148834	17
-0.112797908451357	0.483850027787858	17
-0.025779013971535	0.566166320678165	17
-0.017600363149512	0.480753868133477	17
-0.112650000450818	0.399603079482327	17
-0.074582667202647	0.262116073765789	251
0.048415072994848	0.282674452330828	251
0.059592434391235	0.48356478868591	22
0.017863280370148	0.385989160483496	22
-0.014392784775445	0.258645951712003	87
0.0145229228053541	0.394581721976385	87
0.043798405155378	0.276984201759073	904
-0.095315176818229	0.262757390443394	93
0.112884378395976	0.189535203169824	93
-0.107938260225114	0.154958751568619	93
-0.00465034750367199	0.274655904181266	78
-0.038528773908626	0.167402222187446	695
0.118073101920439	0.196825091913243	695
-0.119381843140074	0.154135697628218	379
-0.090221269256593	1.07837945374579	33
0.0885060306497381	1.72514370819379	33
0.115908623552316	1.56781383309582	33
0.028878105199258	1.27912019307707	33
0.00289725991614398	1.31583987553599	33
-0.093114988511403	0.46651369538352	33
-0.053722503567253	0.698495406860782	33
-0.066573943036284	0.73256932069895	33
-0.023048493932948	0.81840889812044	146
-0.103921697883025	0.622825372782831	146
-0.066191666657508	0.477335775160279	146
0.000564855197878966	0.480622241131897	606
0.024373702403473	0.612192040703019	146
0.00290467522787796	0.863168499218413	154
0.045561315115375	0.816663215195818	154
-0.043219313424048	0.571405124658186	154
-0.061391491476555	0.563883896374442	154
0.00876772092979206	1.16708114021026	146
-0.016948623921812	0.2712616366163	327
-0.059314700189388	0.366275267361867	327
0.027369392698024	0.50197024721881	327
-0.010753500926697	0.498170958410235	327
-0.01902650553564	0.370280199496453	327
-0.080130951456119	0.470625256126788	45
-0.109738115053739	0.395701775794608	23
-0.113589720890898	0.466671214953149	23
0.065352385955504	0.70957160538141	2075
-0.032796202972762	0.167465311350541	23
-0.086318236318894	0.265776650013242	170
-0.050489888656023	0.473898247256078	170
-0.017975123407554	0.387182897998997	170
0.084654490426883	0.390065394863019	9
-0.113476053910433	0.271095536126498	9
0.067603206831567	0.52208132449861	17
0.099984414572769	0.512517327647603	17
-0.015213442678265	0.580472106505101	17
-0.08873655501795	0.558721170250741	36
-0.100504468828385	0.442847831752173	36
0.034395314189009	0.500683064090001	17
-0.111089729809786	0.534887463336762	17
-0.016166412757503	0.271983006757915	251
0.122310964780262	0.498849208176204	246
-0.011288021635068	0.277183686839958	2010
0.089283018122803	0.496562114140104	87
0.0470585265982541	0.281926179496885	87
-0.035083587945473	0.165721544483297	93
-0.115675549873541	0.157431951292729	93
-0.111162358829902	0.159147929071506	93
0.08974645085939	0.410206797706882	93
-0.11879903254335	0.26213310136569	93
0.092759892065702	0.405165961073426	78
-0.032645960354071	0.158009651853122	78
-0.032155294870618	0.171057763952974	376
0.0470585265982541	0.281926179496885	376
-0.115026082108518	0.157042157240657	156
0.122896136022272	0.196980514178802	1811
0.119669786755726	0.197421523304085	143
0.0518018059748609	1.57851212936272	33
-0.123190138922529	0.935323571958225	33
0.094408471319385	2.22150716097261	33
-0.000115215257532997	0.810394335007528	33
-0.113704078964472	0.460711954291579	33
-0.114676193639293	0.554530118636474	33
-0.100385884331967	0.579625962333418	146
-0.029378254557081	0.799988244040434	146
-0.094645844651837	0.461298588214905	146
-0.053572701383674	0.533898267887885	606
-0.015273490937294	0.636625902581602	154
-0.115692650775855	0.745288672799494	154
-0.037152909931934	0.647997389455406	146
0.107996326386643	1.1295861811198	146
-0.079138200152629	0.779502878139174	146
-0.012558531715717	0.656339710066326	146
0.123762473336095	0.527505502157384	327
-0.054988363181066	0.274148262575866	191
-0.045072223852463	0.259037044585561	189
-0.012851841819808	0.272777920415663	1185
0.090293007352085	0.803707218413189	23
0.043880742679925	0.404671023489172	170
0.020041567224461	0.505614472987738	170
0.020752159419248	0.510901493646585	9
-0.071567303476281	0.37363477924272	9
-0.079740284168127	0.551578733446217	9
-0.050141853630823	0.674629886791652	9
-0.054861262441399	0.710134183224468	9
0.076637209379017	0.773511671555114	9
-0.088845902892511	0.565158040624817	9
-0.082849202743455	0.373586472465985	17
0.043610097824757	0.405039368669863	17
0.124518194853934	0.943013712968099	36
-0.10766186653276	0.463821293242968	17
0.100068915136792	0.403678081950858	17
0.0595519126378981	0.512579132505183	17
-0.041770886215638	0.479488639131072	17
-0.114828364767825	0.263549029204761	36
-0.104031968204314	0.388614695383303	36
-0.063856123151917	0.484020242598599	22
0.099899867768	0.616858152349768	22
0.051673370860306	0.288091869950193	246
0.090806576891907	0.52742788646578	246
-0.00406189659379302	0.274446140398484	87
-0.113192050197018	0.15715065480167	87
0.051505313415077	0.289999457158964	93
-0.105343507160792	0.255959072397921	93
-0.088022218033918	0.270884037634447	93
0.118073101920439	0.196825091913243	93
0.047820182622953	0.281875096479508	93
0.123672687720165	0.193374580198933	78
-0.031394207996038	0.167251262805583	2833
0.118849939816202	0.201943652777816	143
0.114428036976078	0.193840908662857	143
-0.113199668444149	0.274351389373126	477
0.053994322387253	0.283780005783548	35
0.0431125619363329	0.263372453522833	35
0.061792341632656	2.44065989484669	33
0.0294591717998171	1.93544183327535	33
-0.094350764063093	1.1916331824561	33
0.09696240848955	2.11462864422612	33
-0.076808135991884	0.468556615712481	33
-0.022272253461574	0.75121110391647	33
0.062132445854327	0.510208535337237	146
-0.040329969383566	0.580707589233723	606
0.065757172337349	0.612850967563422	154
0.111670181056647	0.724428981642327	327
0.093171706510863	0.394411737923459	327
-0.082161868703273	0.271677371173369	189
0.103177213796275	0.398462755019803	189
0.051505313415077	0.289999457158964	45
-0.08827873748357	0.352930291481609	45
0.121157798685693	0.726812734631816	23
-0.027030667802773	0.502587511065409	23
-0.049830337267235	0.562072620459917	2075
-0.091412064512301	0.555536008104197	23
-0.00543253148162998	0.277819116337573	170
-0.057584943230898	0.570724005726052	170
-0.06040960205924	0.258438725164542	170
-0.089581667339874	0.395640974242286	678
-0.016930700876592	0.489022040484035	17
0.0323560342257681	0.599128725752515	17
-0.046335323135466	0.494523919858326	17
-0.085299363262797	0.567292535005557	17
-0.089123923741756	0.482718602522612	36
-0.099698211316439	0.38572279746404	36
0.085887445133062	0.497855340303177	251
-0.054177782554029	0.274936078132297	22
-0.089987972784663	0.264597456385874	2010
-0.032856116933696	0.172207431346016	87
-0.040049557123381	0.159980937649366	93
0.046881854383097	0.284132693707904	93
-0.028606032231614	0.168487760111406	78
0.118849939816202	0.201943652777816	265
0.118805831150545	0.195440497449165	143
0.117252894763946	0.19109165365643	376
-0.03482376209182	0.16502306968552	477
-0.039401567215465	0.878241360187482	33
0.015199593230147	0.983619481373331	33
0.076829746243677	0.60838347204269	33
-0.07692879057849	0.361844776787907	33
-0.092540300044543	0.375246973704998	33
0.072737196816725	0.658867148957963	606
0.00425063566372896	0.376694334272176	154
-0.057851284508426	0.26594899826984	154
0.047046574417658	1.42028227507466	146
-0.058254289941506	0.494980971334337	146
-0.111897899981872	0.158234870560768	189
0.119669786755726	0.197421523304085	45
0.119581444547106	0.1904746302505	45
-0.032564290041672	0.162685569761941	45
-0.029621288379113	0.50378274481211	23
-0.078506166312922	0.655710671919123	23
-0.114948591583268	0.592703705866051	23
-0.119294974588462	0.153683990110454	170
0.050148283132671	0.288176659673767	9
-0.124390604686552	0.144218294344232	9
0.0135200794417401	0.931977554806236	17
-0.015144005322785	0.922754897905694	17
-0.046580711729105	0.821820895820697	17
-0.059448395971183	0.273235232370105	36
-0.039080224045078	0.501616876680663	36
-0.108029452674721	0.154497954953268	36
0.034888596462884	0.578122292324163	36
-0.032796202972762	0.167465311350541	134
0.122076172115503	0.201430407091027	532
0.118849939816202	0.201943652777816	156
-0.032216730818074	0.16619752731661	143
0.043610097824757	0.405039368669863	993
-0.084967266368456	0.266918775252966	477
0.015016704418961	1.71378721367002	33
-0.106367936584354	1.45017619939314	33
-0.00557961047490002	1.20830400348218	33
-0.01027626000693	1.43630026396591	33
0.056728643575525	0.687763719579314	33
-0.01083394581447	0.594004492925544	33
-0.00629696486704401	0.495154731432059	33
-0.071834580534695	0.374747077841755	33
0.114218999239571	1.14517209210735	33
-0.062384398594986	0.641631869726767	33
-0.052728706186405	0.771845309720981	146
0.074037396229421	0.994507706451834	146
0.082057011757553	0.579570376650588	606
-0.040575153236079	0.479972961287794	606
-0.110628217731362	0.269246729324929	154
-0.089213182808724	0.38889009378396	154
-0.090193538262005	0.542440735845358	154
-0.08468054970458	0.377325632265196	154
-0.021510381569736	0.990835091563407	154
-0.039584638438887	0.496912139884143	327
-0.00659223874464299	0.268974486031483	45
-0.108812959059553	0.381383539537137	45
-0.03361802040995	0.171492856136262	45
0.091259694325272	0.396301120283522	45
0.04883911312047	0.284622968810994	45
0.0431125619363329	0.263372453522833	767
-0.01692500150706	0.382461177546143	2075
0.122076172115503	0.201430407091027	170
0.122076172115503	0.201430407091027	170
0.00843657485798999	0.377483451197613	170
-0.020849692943571	0.258222407552016	678
-0.00663035376495702	0.271980367181238	9
-0.017730110253276	0.269024840832112	9
-0.122898060655506	0.66610019794809	9
-0.093016715716587	0.375937667022949	17
-0.037221188673815	0.729780781624345	17
-0.10396238793823	0.390154399884549	17
0.085476667432093	0.765246520210901	36
-0.090394715910226	0.57178141992805	17
0.053826719488222	0.282089543803239	2010
-0.112544903499217	0.158631103032102	87
0.122076172115503	0.201430407091027	87
-0.115675549873541	0.157431951292729	93
0.081226317605994	0.493978944121652	93
0.122852637035919	0.197576085447396	93
0.00508075428008303	0.38478020648789	265
-0.030110933399118	0.171638071817207	265
-0.03361802040995	0.171492856136262	265
-0.035025171919381	0.166360775637245	265
-0.111628637170152	0.14995091363549	376
-0.112326206017706	0.268120290133929	143
0.051337984839909	0.286949474818724	477
-0.094285762476125	1.36897977503403	33
-0.088907153868375	1.28263100361978	33
-0.037637967787982	1.44030469796841	33
-0.109065274951317	0.637313115021245	33
-0.067282824094597	0.64202690219638	33
0.059612440787272	0.723377283149629	33
-0.096056591911976	0.618619391955716	33
-0.079360133792408	0.64214392743262	146
0.079255980811745	0.604994726527159	606
0.019529168115345	0.491723545964356	606
-0.122650938865188	0.451606459563291	606
-0.079343959769687	0.364162161443804	154
0.102378094442366	0.805250393981633	154
-0.041401764472563	0.658457883926539	154
-0.041986141996135	0.932337153977688	154
0.068974438657809	1.11977903872254	146
-0.017457119675471	0.382264168616771	191
-0.00776849787739598	0.278790023720058	189
0.059619374958003	0.267785437940059	45
-0.032155294870618	0.171057763952974	45
0.103167222872388	0.510359689432034	45
-0.107784101359417	0.370672672193592	2383
-0.105788335989042	0.479045892641756	23
-0.115026082108518	0.157042157240657	170
-0.086057511178386	0.26944980551914	170
-0.107803577306108	0.49114707399499	17
0.065512892848747	0.611391240207009	17
0.09026673278539	0.507540584915084	17
-0.018115739141082	0.393928547328154	17
-0.05414092400256	0.260845620962429	17
-0.067279630408345	0.387835532188216	17
-0.033619661102334	0.386491065857201	36
0.00315681537705803	0.371911521568348	36
0.060065238278751	0.51408178987655	36
-0.098329614374957	0.36889833608232	36
-0.00197102303031799	0.498872909524334	36
-0.054768939470465	0.551054078216648	36
-0.059241857770567	0.263832119906844	22
-0.00933057038180601	0.280589890710774	2010
0.047225062604791	0.278418888034879	87
-0.00484402395047301	0.2775941200248	87
0.050910415568628	0.289164757680891	93
0.044814932376641	0.270994025485154	265
-0.119131785720219	0.255960628795643	265
-0.032155294870618	0.171057763952974	265
-0.030110933399118	0.171638071817207	3
-0.116500212337184	0.151716882084161	80
0.11962621063934	0.201522244647387	80
0.118029646606178	0.195815538712146	143
0.00183356626732101	1.92357803660815	33
0.003354335984882	2.196048153778	33
-0.093556193096511	0.880752853101834	33
-0.00150240233265803	0.500246629190149	33
0.01361783039283	0.593778154402838	33
0.054963615636519	0.752999155050757	33
-0.076596124596871	0.392878663709484	606
0.03025926267749	0.644689616975378	606
0.091460228184543	0.597806246888069	154
-0.123436244323881	0.400935793780862	154
0.060840549859522	0.512164238402171	154
0.033954710541197	0.829497121455427	154
-0.025007367109497	1.02270846906852	146
-0.105439295274864	0.348237945658741	327
-0.01960234102491	0.386332862743351	327
-0.116253846256186	0.1553309012695	191
-0.00274902641222302	0.508398206775	45
-0.029358376463472	0.172340564270388	45
0.101228480800063	0.872499444044334	23
0.113908061100918	0.873197768272618	23
-0.029337595439462	0.588688972324713	23
-0.013866080607037	0.244319148171634	170
-0.11686373072418	0.262319944620564	678
0.000923482145764987	0.363492570665516	9
-0.09337418273872	0.265641384166413	9
0.115000592535702	0.72662481199748	17
-0.049532502578115	0.572859084748978	17
-0.072484385829956	0.534857472061765	17
0.017340692880716	0.686718284515755	331
-0.044913302146602	0.465500229548227	36
-0.054071292915101	0.467940069771377	17
0.105142884071134	0.718066526101461	17
0.120178539048985	0.824557951733037	17
-0.108392270040921	0.271742769810711	36
-0.052555252811768	0.271852130685519	22
-0.049700485979544	0.272946755193234	2010
0.010880233215782	0.391104096566215	234
-0.114938850937462	0.157459754092218	234
0.122119007457639	0.193431074679263	234
0.0451592913030891	0.277646244717583	87
-0.013248800882227	0.266354554969164	87
-0.032796202972762	0.167465311350541	93
-0.03361802040995	0.171492856136262	93
-0.107203957378342	0.152336375953019	93
0.120446143828703	0.197036537066415	134
-0.03777447409692	0.164781776522234	134
0.122852637035919	0.197576085447396	392
0.06127704674114	0.511461826643818	265
-0.032094472202418	0.168316179247348	265
-0.110427532079184	0.158366184621759	265
0.119669786755726	0.197421523304085	265
0.118849939816202	0.201943652777816	156
0.121299130100455	0.19765529034279	376
-0.114877009320537	0.153358586100034	1525
-0.011478459534481	0.27518286139168	143
-0.034073825027202	0.168545023486603	35
0.025320062995625	2.4968302257821	33
-0.120472254708481	0.701135522606648	33
0.050009149679654	2.29624204563043	33
0.089758851164117	0.86933377564994	33
0.048066345542766	0.694806255733835	33
-0.112727219423694	0.851759000665628	33
-0.090575302214215	0.273833302641939	33
-0.100439606278984	0.650805566597669	33
-0.093774005474283	0.392963449398901	33
-0.025658435974798	0.164839889982924	146
-0.057010567659368	0.27577556480208	606
-0.108120121045079	0.14855912517647	154
-0.017730110253276	0.269024840832112	154
-0.100936543755236	0.392781079044401	154
-0.011278335949147	0.271282960154323	154
0.0532005119642171	0.832556731390348	154
-0.076736563139149	0.78053041563069	146
-0.00881397667741801	0.973802711305718	146
-0.044092289596044	0.626616358693498	538
0.118849939816202	0.201943652777816	191
0.122032139953474	0.191854981562394	525
-0.035875404152155	0.152846577789431	525
-0.030096589739173	0.16351678049135	45
0.120446143828703	0.197036537066415	23
-0.00715375687235897	0.503478970785166	23
0.063410582187899	0.517947521092105	23
-0.078335679430334	0.576859989073866	23
-0.031394207996038	0.167251262805583	170
-0.037764608719315	0.168297810515123	170
0.116876996529404	0.193783775309866	170
0.118892862835363	0.192614416933485	170
0.121299130100455	0.19765529034279	170
-0.113029795691268	0.151291698851134	170
-0.061275285574848	0.495571439367312	170
0.050221194844492	0.389217229102238	170
0.117252894763946	0.19109165365643	167
0.118849939816202	0.201943652777816	167
-0.03361802040995	0.171492856136262	9
-0.088382959512997	0.546961137356584	9
-0.015993164782179	0.378477938953953	17
-0.080449635722312	0.765022954174718	17
0.042515366206031	0.26806609979231	331
-0.110427532079184	0.158366184621759	331
-0.011674990465595	0.270072679727193	17
0.047885309302299	0.267574725554051	17
0.042774626765468	0.383881332096297	17
0.118849939816202	0.201943652777816	720
-0.03777447409692	0.164781776522234	36
-0.045385759139283	0.369816724716775	36
0.05724042967337	0.271897687122618	22
-0.112455127725174	0.158055588629721	22
-0.119945525865343	0.260102714908553	87
0.120159935012421	0.185585955596192	93
0.122896136022272	0.196980514178802	93
0.118849939816202	0.201943652777816	93
0.08477039967351	0.608023807744699	134
-0.028592856732047	0.168788076833278	134
0.118029646606178	0.195815538712146	265
0.109259369471494	0.184694705504727	265
-0.086625369446553	0.271026556616832	265
0.11692723352674	0.190712979024442	100
0.00841324969880997	0.392729226853715	143
-0.11684851428072	0.270719234795481	993
0.124888640252794	0.725509980755262	35
0.101651049961916	1.70140793338877	33
-0.109345077219778	0.877453416824374	33
-0.030853245144421	0.16865764734221	33
0.047186513486421	0.398697755493054	146
0.039009916143688	0.259042818081434	606
0.022066335672254	0.710528274468133	606
0.123717011550866	0.18673769096436	154
-0.123437157658723	0.265039839281107	154
-0.016949774177299	0.714844154353992	146
-0.094731761748671	0.258572635444441	327
0.119669786755726	0.197421523304085	191
0.122119007457639	0.193431074679263	45
-0.024975338305937	0.799013988486904	23
-0.110516187928753	0.155631806439836	2383
0.120446143828703	0.197036537066415	2383
-0.117270019509868	0.150188552627338	170
-0.116598223693016	0.144821921563038	170
-0.113967873070479	0.133277139315839	170
-0.109693422857567	0.154997990609222	170
0.122119007457639	0.193431074679263	170
-0.018128525551072	0.267215360286394	9
-0.058366934086502	0.383677847017395	9
0.034511213278585	0.601357214975081	167
-0.090268747529222	0.27362373207241	167
-0.028606032231614	0.168487760111406	167
0.00134385348455601	0.638139670478206	9
0.118849939816202	0.201943652777816	331
0.091990131647098	0.705885845297669	36
0.100003983594838	0.61673641935675	2010
0.122119007457639	0.193431074679263	2241
-0.032155294870618	0.171057763952974	93
0.0866223212487079	0.399788735477512	134
0.118029646606178	0.195815538712146	134
0.11962621063934	0.201522244647387	134
0.114478989136667	0.194606563884473	265
0.116876996529404	0.193783775309866	513
-0.062308062956871	0.265901618208402	3
-0.038528773908626	0.167402222187446	143
-0.00155392272377203	1.60482808518686	33
-0.014676824468295	0.384356369398898	33
0.00591721267197598	0.385487196076703	33
-0.123124321978151	0.467077566202255	33
-0.034939525018584	0.474155934666552	146
0.061105526638958	0.512838196530266	1365
0.122076172115503	0.201430407091027	1365
-0.118455348020323	0.146263586537976	1365
-0.015416575176103	0.25531180073223	1365
-0.093881360618892	0.240405441250421	606
0.00242736815698497	1.19841850325826	146
0.118892862835363	0.192614416933485	327
-0.111251039607997	0.154765629006571	327
-0.117915729620113	0.152906320776562	327
0.114478989136667	0.194606563884473	533
-0.030125206900971	0.172372103841324	45
0.119669786755726	0.197421523304085	45
-0.031394207996038	0.167251262805583	45
-0.052362880385001	0.268012744681525	45
-0.031394207996038	0.167251262805583	45
-0.012851841819808	0.272777920415663	45
-0.035788451640569	0.16178842853178	2383
-0.029358376463472	0.172340564270388	99
-0.115026082108518	0.157042157240657	9
-0.037011107457509	0.165642997229716	9
0.050315288243872	0.285510786453152	9
-0.04176299652184	0.834815557527806	17
0.118029646606178	0.195815538712146	17
0.117252894763946	0.19109165365643	36
-0.066695615500428	0.500565620335866	36
-0.075066505339515	0.370904208527455	36
0.118029646606178	0.195815538712146	134
-0.113570640155359	0.397639354638119	265
0.114428036976078	0.193840908662857	265
0.119669786755726	0.197421523304085	143
0.046463338819577	0.278459909653972	143
0.118892862835363	0.192614416933485	333
-0.016093908218502	1.44851003849426	33
-0.050680244590008	2.1289789786515	33
0.113888626180028	1.38992767820874	33
-0.085327526858938	0.747121467647755	33
0.078529867935485	1.21496384883253	33
0.054588762640776	0.9136324574815	33
-0.033893569597659	0.38104832886803	33
-0.05782363632873	0.276542896331464	33
-0.038528773908626	0.167402222187446	606
-0.00933057038180601	0.280589890710774	606
0.012316570018271	0.390491678754106	606
-0.018098595523713	0.25251093408337	606
-0.00933113007606401	0.26345074447428	154
0.01733534083432	0.721174406659922	146
-0.007764982799084	0.813962242160725	146
-0.014856779586071	0.78867443646517	327
0.122119007457639	0.193431074679263	327
-0.030853245144421	0.16865764734221	327
-0.03361802040995	0.171492856136262	327
0.118029646606178	0.195815538712146	533
-0.032094472202418	0.168316179247348	45
0.118073101920439	0.196825091913243	45
-0.12310080576516	0.144913436524706	45
0.119669786755726	0.197421523304085	1325
-0.05782363632873	0.276542896331464	23
-0.057325260678273	0.383103983082445	23
-0.014612285198749	0.277544071275689	170
-0.111897899981872	0.158234870560768	170
0.051673370860306	0.288091869950193	970
-0.055834055014969	0.39309091192735	970
0.123115063725592	0.279208579677968	170
-0.111808672083322	0.159552284481566	167
-0.03361802040995	0.171492856136262	167
-0.06671469282639	0.794517433882883	9
0.011253645720767	0.879163621176396	17
0.076497934011192	0.601751103703458	17
-0.051302055897502	0.562748710469078	331
-0.00972716141211499	0.278914913903265	36
-0.030878559284433	0.171666856078845	36
-0.111162358829902	0.159147929071506	87
0.119669786755726	0.197421523304085	87
0.118849939816202	0.201943652777816	87
0.120932459976113	0.185859537927564	93
-0.058763993181302	0.381924572154855	93
-0.034085232258691	0.165928855360736	1027
0.048415072994848	0.282674452330828	265
-0.038518323138799	0.164739851096166	265
0.116021654091365	0.189305335015527	265
-0.035025171919381	0.166360775637245	265
0.123332132085506	0.534209914916703	3
0.013976925005971	0.39341357511238	3
-0.058262501424338	0.261671422269135	993
-0.044564499939789	1.14839253738592	33
-0.033827314661317	2.15684652537446	33
-0.022156551177837	0.797003663940761	33
-0.083771407379907	0.495802309011638	33
-0.046733889173425	1.12322615267907	33
-0.009264862775959	1.40146761829077	33
0.000070457381246003	0.496786445700659	33
-0.056365046729746	0.272532214878948	33
-0.038232761788911	0.497888908510271	146
0.104505770822543	0.755469904034627	606
-0.111758053222962	0.262063625145492	606
-0.00952211814683601	0.276182401081579	154
-0.050511700778177	0.274668675305383	154
-0.051553105792191	0.271867180799685	154
0.124357380230951	1.05181832365458	146
0.120401910540674	0.196118981932544	327
0.118849939816202	0.201943652777816	327
-0.03361802040995	0.171492856136262	533
-0.036249052551778	0.16463764089159	533
-0.031743994011408	0.483282708299643	533
0.119669786755726	0.197421523304085	45
-0.086840385950332	0.379742315926574	170
-0.033324096302802	0.165915368940833	170
0.048842712400368	0.273846825922926	170
-0.111808672083322	0.159552284481566	170
0.00786297600649999	0.388822575944943	970
0.051505313415077	0.289999457158964	970
-0.099578455479019	0.39638563541695	9
-0.032856116933696	0.172207431346016	167
0.046762902093933	0.607728149518738	9
-0.055881003628319	0.262181832709212	331
0.11692723352674	0.190712979024442	36
-0.0172717376537	0.392978091865114	36
-0.118648428204679	0.154170805239629	36
-0.038518323138799	0.164739851096166	1415
0.01590812786869	0.387167836560269	1415
0.086622165561888	0.39693079035884	87
-0.044292350430418	0.387885006900562	93
0.117648689766584	0.190283063570255	93
-0.035586505102787	0.165033552824477	265
0.115250614627185	0.194235280357882	265
0.041396579322407	0.395610134992947	3
0.118849939816202	0.201943652777816	143
0.066572505620317	0.514992244057314	952
-0.096589270662831	0.470496933843196	35
0.114733185117135	1.53222466415188	33
-0.019022204705255	1.67861836466323	33
-0.029866407194828	0.958880399290747	33
0.014767287078018	0.496856589721804	154
-0.089420666734233	0.259959533097961	154
-0.017288844489985	0.664974195617362	327
-0.079889383912676	0.392210492623923	327
-0.101477742884921	0.392542438526982	45
0.121299130100455	0.19765529034279	45
0.047820182622953	0.281875096479508	45
0.0998123357321959	0.396178064567541	45
-0.115026082108518	0.157042157240657	840
-0.11198660326809	0.151322019603525	45
-0.096121218717392	0.239484746064467	45
-0.020745773015818	0.359056083623826	45
-0.023546555288447	0.370988544655403	23
0.058817912801338	0.26140774802766	23
0.121255761839474	0.19539411213957	99
-0.035083587945473	0.165721544483297	99
-0.088748916014858	0.478384342810253	170
0.0212739842866	0.387076492725654	9
-0.111718918252717	0.157288275267166	9
-0.027939373493995	0.163919960387744	167
-0.092513914819998	0.254505499853639	9
-0.097347746245083	0.39838397498447	9
-0.024586256769819	0.725504208185932	9
-0.049972115590287	0.505250725294108	9
-0.013828757034519	0.791963978635071	9
-0.066899901354587	0.38299308476526	248
0.061356474234023	0.841841724155776	17
-0.038107366132008	0.734451712944923	36
-0.094705455205519	0.575616766473512	331
0.040771889301023	0.675452080359849	331
0.08346801778159	0.500040094133101	17
0.04773599994913	0.392159977149891	17
-0.03361802040995	0.171492856136262	36
-0.037001754417234	0.167235364284125	36
0.097458784473768	0.792837178008128	36
-0.00934543822414302	0.276458609752467	1415
0.118805831150545	0.195440497449165	87
-0.014612285198749	0.277544071275689	87
0.120401910540674	0.196118981932544	87
0.122852637035919	0.197576085447396	87
-0.032155294870618	0.171057763952974	134
-0.032856116933696	0.172207431346016	231
0.115198988836633	0.188927999974127	265
0.052086972431638	0.279055703403103	265
-0.031613489954442	0.167979253335486	3
0.049604165480617	0.27382138119345	3
-0.017921143900866	0.263269776586554	3
-0.057040469152695	0.265991590165309	3
-0.11856158074139	0.15242864646868	143
0.118849939816202	0.201943652777816	143
0.095488713312148	0.40457160647788	952
-0.029323872034829	0.647424732394871	33
-0.004842935533728	0.593780590889	33
-0.042576457196581	0.588889234299643	33
0.00231910001008295	0.805163899167598	33
-0.063753830080365	0.481638697757239	33
0.0288455169917941	0.612963070239734	146
-0.09370971338501	0.387736163783633	606
0.087155163021523	0.817327610896027	606
-0.102175520704363	0.460211117161413	606
0.067248221073792	0.771756294660183	606
-0.054949515760285	0.574464347880417	154
-0.122255205455587	0.395811688925434	154
-0.067063152810688	0.479906422946001	154
-0.030076771942546	0.484835936420847	154
-0.011446168096462	0.579989777329038	154
-0.087692744862128	0.393623561393572	327
0.103238344215401	0.612734754733675	327
-0.04934555719402	0.391782613672704	327
-0.11660779743804	0.259090275234472	327
0.086622165561888	0.39693079035884	45
0.083769473120802	0.373617606054432	45
-0.014173119697351	0.395112629853101	45
-0.00914870368352	0.388111286819548	45
-0.013043202183753	0.271861361901778	23
-0.119078897115338	0.258963112716431	170
-0.012263304072406	0.272565086859585	170
0.065641052014416	0.671902058221428	170
0.0849217535293511	0.513416147845191	170
0.00730073233003603	0.384575544897711	9
0.04635087148192	0.270750086943026	9
0.094590676640806	0.412386000697097	9
0.0895170416511471	0.611449994121498	17
0.091472024838147	0.408067206497288	17
-0.114912525826028	0.269558278983969	17
-0.070740757329057	0.384722793296293	36
-0.091929235488568	0.259597062454335	36
-0.015189477228927	0.268330521246301	36
-0.119294974588462	0.153683990110454	234
0.040204856438413	0.265325749834967	87
-0.029358376463472	0.172340564270388	87
-0.119381843140074	0.154135697628218	87
-0.104064385491012	0.147292889346314	87
-0.108673287848384	0.154850400054201	265
-0.029358376463472	0.172340564270388	265
-0.034320866617167	0.170598864403623	143
0.114478989136667	0.194606563884473	143
0.114428036976078	0.193840908662857	143
0.119669786755726	0.197421523304085	333
0.118805831150545	0.195440497449165	333
0.114428036976078	0.193840908662857	21
0.113656498860624	0.194210317184637	35
-0.088963689041124	2.0428755359834	33
-0.101929497568465	0.560283609045823	146
-0.022417677274136	1.08315260990333	154
-0.089573466663461	0.396511841493403	327
-0.010902744228207	0.4973156401631	327
-0.071479971435489	0.388342145809918	327
0.074404519194524	0.591184748748494	45
0.015719449614818	0.499356909615898	45
-0.01425894936926	0.494750361258268	45
-0.106637059068146	0.38220632140716	45
0.0889982590670621	0.596347166685197	45
-0.015650064423818	0.489221904331097	45
-0.070017678648311	0.391021746245097	170
0.105792724220062	0.705466212141441	9
0.084469330934533	0.699715708320834	9
0.124475127017942	1.24025765873149	9
0.113401796732282	0.948649674360263	9
0.015484891675519	0.497273154775913	36
-0.122111712950908	0.463164312141926	331
0.044389056177957	0.76457769660876	36
0.014812005267957	0.394279106485608	36
-0.07129695603522	0.387505341982684	36
-0.109574707449699	0.266557521555014	36
-0.058661639557585	0.264632514877464	234
-0.056691649153578	0.262126915401379	87
0.048248213218461	0.28078085383022	87
0.050910415568628	0.289164757680891	265
-0.029372068306671	0.168506458901295	143
-0.016563145751678	0.26725100537042	143
0.05919492116703	0.274487260848951	101
-0.030125206900971	0.172372103841324	952
0.00764452687270401	1.56850134592147	33
-0.080643950528698	0.852044336465588	33
-0.062716412485945	0.695996761596603	33
-0.097939879836748	0.825889486759743	33
-0.034083736542102	0.660937895400917	33
-0.067839027224242	0.533224033015456	33
-0.095528692720275	0.465159353822127	154
-0.025814488860636	0.490249315038179	154
0.0655813252959599	0.910019255483283	154
-0.086941572951551	0.39919033819644	1859
-0.03791792255395	0.640680207796861	327
-0.099662042489651	0.379717782320063	327
0.081226317605994	0.493978944121652	327
0.093156541170448	0.502305801972744	327
-0.112065929366848	0.274291477278467	45
-0.085273299653352	0.260743560284438	45
-0.090006805056637	0.274720807539609	45
-0.114056698540039	0.271967948232336	45
-0.059869496675233	0.266055117965736	45
-0.08229106369896	0.451781159876537	23
0.093799664604021	0.408651534043389	23
-0.011702196537578	0.399347470195869	23
0.088337772605727	0.403670519159875	170
-0.042344629118888	0.375092139234326	170
0.00644214989651903	0.382278238079535	99
0.0145229228053541	0.394581721976385	99
0.113515832192553	0.72598640893962	170
-0.103323386302557	0.403756171739198	9
-0.053565809764424	0.498338657206919	9
-0.104992397943434	0.48126733340026	9
-0.091867417890004	0.483882778293056	9
0.036858087056687	0.66462373026557	9
-0.042282108150404	0.362548892093045	9
-0.015858513749466	0.579586889908411	9
0.00704569866085902	0.805805546544508	17
0.121299130100455	0.19765529034279	36
0.044092092698337	0.37427396315512	36
-0.000968539843631988	0.625387842534593	331
0.026861963575708	0.591874024474101	331
-0.088931311685714	0.384938505379743	36
-0.015122533443513	0.385890362560211	36
0.048415072994848	0.282674452330828	87
0.052086972431638	0.279055703403103	318
-0.11856158074139	0.15242864646868	318
-0.088330089182268	0.266081612509375	265
0.049553088061737	0.28454590688762	3
-0.115520923498325	0.156222393433486	3
0.118073101920439	0.196825091913243	143
0.116876996529404	0.193783775309866	143
0.114428036976078	0.193840908662857	288
-0.111162358829902	0.159147929071506	143
0.122896136022272	0.196980514178802	143
-0.034262152738267	0.167034861267776	143
-0.033558405016549	0.171307702237758	143
0.122076172115503	0.201430407091027	143
0.118805831150545	0.195440497449165	101
-0.030110933399118	0.171638071817207	952
0.118849939816202	0.201943652777816	952
0.122076172115503	0.201430407091027	35
-0.00169229743907601	1.07332788246075	33
-0.077567656845429	0.710031040213395	33
-0.081881865976693	0.544505028354939	33
0.023852720818653	1.05851740285671	33
0.040964214280772	1.09423281047696	1859
-0.013991769949887	0.501393910871052	538
-0.112726167266867	0.387405999909992	538
-0.097726664062069	0.394953374692441	327
0.121588131599944	0.736774592453514	327
0.032950405727962	0.498250475475919	45
-0.087453445514167	0.261252099426217	45
-0.064343385590663	0.390639778505395	45
-0.021964025165056	0.477130242349015	45
0.106465051896694	0.727408836599219	45
-0.056565358867693	0.38285323417944	45
-0.081746265219598	0.479444695111214	23
0.00840045859740402	0.397480718885539	170
0.0682045469206341	1.05846913741912	170
0.00305058413237602	0.504907250378005	970
0.019030361362365	0.505629733063359	9
0.066908240767614	0.60644809962017	9
0.084174749877308	0.610231793759254	9
-0.055702247835649	0.858679126703721	9
-0.059289528782185	0.637502690948816	9
0.016993755956162	0.82662481559864	17
-0.113545826866683	0.490972747058278	17
0.096357498215592	0.515864264963517	17
0.01164841445692	0.731070135669435	331
0.000395956251513008	0.594053206377433	331
0.094952510024994	0.484005504459146	36
-0.109028245148558	0.3947945861361	36
-0.084398713227651	0.391349834364541	36
0.019485877740992	0.389675130173054	1415
-0.032094930146563	0.394928919702831	87
-0.091100802977899	0.261433274643261	87
0.106414730476358	0.631464207007219	318
0.041967892223101	0.502960742396401	265
-0.111162358829902	0.159147929071506	265
0.045702438988819	0.276857433713621	265
-0.029358376463472	0.172340564270388	265
-0.050967518234788	0.269207397318507	3
0.114428036976078	0.193840908662857	143
0.118073101920439	0.196825091913243	143
-0.030125206900971	0.172372103841324	101
-0.113808458909899	0.265320102492974	35
-0.010113140048476	0.26727477466628	35
0.118029646606178	0.195815538712146	201
-0.091864710324951	0.81878794751319	33
0.00533222209137196	0.795599202805977	146
-0.074307286811243	0.666003892089412	606
-0.052315231259226	0.880418570382208	606
0.0407212112133259	0.919665015703112	1859
0.013499602278921	0.636916540569088	1859
0.102844063299151	0.941527008278391	327
-0.074765415933878	0.38034981191946	327
-0.01423637473373	0.3898443065777	327
-0.096991653122574	0.253118931756399	327
-0.081446341681865	0.497237449826632	327
-0.106182372779731	0.4819795107723	327
-0.098551322794907	0.47956214123096	327
-0.086797568319026	0.481483975529661	45
-0.018017079294476	0.491697733471839	45
-0.047389772808543	0.571484217536995	45
-0.072274253294258	0.370130925649676	45
0.120531260157572	0.516159020763968	45
-0.107846542388417	0.151031690854922	45
0.060078018061702	0.504361259927348	170
-0.088360300644443	0.388807706511157	170
-0.021511547617942	0.592090915913319	170
-0.097736421714319	0.480539032885477	170
-0.066956709907994	0.377717684647439	170
-0.121286631299159	0.49552334306833	9
-0.019619968069497	0.576539391351898	9
0.095969492604516	0.668720861748456	9
-0.084574083975459	0.385690827340342	9
0.083915421852738	0.9658534418727	17
-0.030878559284433	0.171666856078845	17
0.009050738573119	0.803584083514161	331
-0.047631049586767	0.579047979835824	36
-0.113322480305113	0.389821993752757	36
0.041534372766559	0.690475401158469	36
-0.030110933399118	0.171638071817207	1787
0.097801791765032	0.520836021528821	1415
-0.046088362738058	0.367133790704248	1415
-0.056312269571358	0.387287098749887	234
0.00594947173423399	0.367833576026723	234
0.047097160850172	0.503566130739608	87
0.00869016529594102	0.399308268174377	87
-0.05512324172554	0.379402222324428	318
0.039607501912617	0.264694093851365	93
-0.016957007162178	0.252798297825273	265
-0.114938850937462	0.157459754092218	265
-0.116974923159305	0.151696272117205	3
0.1184713881642	0.19066330145981	3
-0.111162358829902	0.159147929071506	288
-0.077546233220085	0.866912621765477	33
-0.011420907319942	1.15184358045034	33
-0.063428523789994	0.909984535350969	1859
0.053811419360152	0.873776313144619	1859
0.024830951185177	0.917685392982159	327
-0.031123664977842	0.158302136404877	146
-0.054955902757137	0.261637602675134	94
0.049429023054527	0.693704240683696	45
-0.089503473822949	0.494256799610123	45
-0.00848685449564202	0.662415445128017	45
0.034671029002038	0.566148829398768	29
0.021724643622238	0.607787270580626	45
-0.087965129436494	0.38056464160285	45
-0.00952211814683601	0.276182401081579	170
0.0915862686198951	0.39327591395224	170
0.020085170674717	0.677119641251069	170
-0.050748322024887	0.57884518660761	170
-0.10359414533651	0.38897760388382	170
-0.043645480834868	0.622171629840183	9
0.032831105868536	0.847864475554861	9
0.114367311940777	1.16448071694726	9
0.015909298760505	0.577589964143321	9
-0.092541753122111	0.264389724351781	2599
-0.049266183966124	0.383341319465833	2599
-0.00710106556555001	0.731104943566323	36
-0.108112124246545	0.56074575059678	331
-0.00875569908256102	0.277244738562424	36
0.043858066641223	0.383069169461427	36
0.00771470490610104	0.463399349749671	36
-0.104209716338916	0.392203693870282	36
-0.091093855868267	0.392639787367726	1415
-0.078629456138434	0.38111061351555	234
0.020476781689564	0.490882848073257	234
0.0358606465654689	0.501099653774207	87
-0.100658978432798	0.245883922509599	318
-0.111162358829902	0.159147929071506	265
-0.116500212337184	0.151716882084161	265
-0.047664255728369	0.271365286702259	265
-0.051671326857711	0.271226673519972	265
-0.013822378944763	0.269655687511049	3
-0.039294244265864	0.16328383273075	3
0.11962621063934	0.201522244647387	143
-0.031137197198137	0.163569473877672	101
-0.035586505102787	0.165033552824477	101
-0.039283287969828	0.16388396249932	201
0.080934300157942	1.3370837331648	33
-0.117774984480255	1.30965052618916	33
-0.060371704196313	0.910723155047178	33
0.12458460259217	1.18094340266108	33
-0.074566349798884	0.696946126099241	606
-0.020985666776281	0.996836220807526	606
-0.005041472929111	0.671775544042455	1859
-0.106669072144479	0.485534843471944	327
0.118892862835363	0.192614416933485	94
-0.038528773908626	0.167402222187446	94
0.063952823772103	0.605396538080037	538
-0.079905295992969	0.48273190827766	327
0.0225707923334541	0.684885587864026	327
0.123139153592771	0.888586486675943	327
-0.119668939601786	0.489122135370534	45
-0.10289062274949	0.459507933119514	45
0.00830353470983103	0.624064389585076	45
-0.115952714385902	0.471609672755662	45
0.035984211152478	0.48046072278287	45
-0.112139147348336	0.505474501993004	45
0.019677338922558	0.730290624755483	29
0.033065375812494	0.481710027660426	45
-0.039294244265864	0.16328383273075	170
-0.120025563459701	0.390611258582858	170
-0.113683190420824	0.387130462770341	170
0.000122602007058048	0.355367483365273	170
-0.064497260531684	0.712141969548396	970
0.048300993095218	0.958990506988887	9
-0.00781965541419399	0.733925490897136	9
-0.050029945660036	0.656245070667016	9
0.013368434258838	0.879104024569883	9
0.109574995967586	0.853998215807035	9
-0.051830887619257	0.487835089248256	9
0.07755496451299	0.855493458815889	17
-0.00270953609809599	0.272278744400306	17
0.044370658358013	0.85313999601104	331
-0.055350497758806	0.502216406493314	36
-0.00151226517304098	0.468039083188393	36
-0.091529979361657	0.478161008608915	610
0.013279292177369	0.491623933640704	36
-0.011052919986005	0.386800090466031	36
0.0868382567659181	0.610021820675879	36
-0.107473656266128	0.378098691559137	36
-0.00210981266009103	0.496072345251489	36
-0.098949345450466	0.251037479263558	1415
0.103560179065584	0.634145636776944	1415
-0.035224231360335	0.497696679800721	234
-0.05343500616358	0.381577124570671	265
-0.101211475923485	0.243737809915055	265
0.055858111839611	0.391899114555058	265
-0.091100802977899	0.261433274643261	343
0.050910415568628	0.289164757680891	3
-0.116164976737783	0.155730893895936	1222
0.093799664604021	0.408651534043389	143
0.093799664604021	0.408651534043389	143
0.054589229580168	0.284575320247645	1670
0.0510783113990519	0.284481454747466	2015
-0.013829973042106	0.279329286172205	143
-0.112053965892507	0.254851690194514	101
-0.115026082108518	0.157042157240657	101
-0.017730110253276	0.269024840832112	101
0.122119007457639	0.193431074679263	35
-0.022618915904761	0.244457559777411	201
-0.11346757377019	0.152456971923728	201
-0.088573431327292	0.705851459788502	33
-0.09460936947741	0.581287241118832	33
-0.063251164221389	0.813165411969005	33
-0.024233615736257	0.829337111280204	33
0.049073894742018	0.751065310236386	1859
-0.00838560531525301	0.595053524065186	327
-0.111746834280049	0.149161995811956	94
0.121299130100455	0.19765529034279	94
-0.03777447409692	0.164781776522234	94
0.054757720795842	0.283787561116198	94
0.123535808704833	0.897862639022316	327
-0.00722124615243003	0.591611312195889	1078
-0.092101894904032	0.563366142834298	45
0.058880409888818	0.510522129544408	45
-0.059340363974937	0.560630750066515	45
0.07018899549374	0.620324598366685	45
0.069753395213736	0.790344141356644	29
0.11883864004049	0.785102544009508	29
-0.040432291992963	0.501073147783597	29
-0.026521317807042	0.748905296380639	45
0.0443946097424121	0.279335406635154	45
-0.119863221751084	0.148635867981594	45
0.091241893696246	0.390883635287404	170
0.023457288677195	0.502033199289798	170
-0.033683935583415	0.498905743729501	170
-0.108909866749236	0.389618883746709	9
-0.057847252921936	0.651164781735957	9
-0.043751687380586	0.381318813400549	9
-0.017538462176392	0.270488871711001	17
-0.0820113673778	0.481859869769486	331
0.00782867794023501	0.551935518460207	610
0.035552834685515	0.47713834811797	610
0.00953109196456003	0.37766879676285	610
-0.00250095034492298	0.576240088562758	36
-0.0749507911071	0.385922155109691	36
-0.10235579772085	0.367054078356924	36
0.039630865955916	0.478929702676705	36
-0.089684618178166	0.268190776292084	234
-0.076312493847631	0.377196656889127	87
0.099720342069788	0.511446307100744	87
0.016739381754811	0.399995572028671	265
-0.00682362312717599	0.267851761404296	265
-0.115477693742716	0.25411174643964	265
-0.115609235503138	0.152505550441702	265
-0.091359932558501	0.265850813111608	265
-0.116569872415886	0.261121985908975	265
-0.066770668247004	0.241899353323478	265
-0.031394207996038	0.167251262805583	265
-0.032373991708099	0.163345963881305	1222
-0.111897899981872	0.158234870560768	143
-0.113641435462254	0.153637832506503	143
-0.117270019509868	0.150188552627338	143
-0.039559154429251	0.159006765579778	35
0.049386972475939	0.284866832420477	201
-0.114938850937462	0.157459754092218	201
-0.03361802040995	0.171492856136262	201
-0.098180681632702	1.76621833951353	33
-0.093442533436818	1.81497534803247	33
-0.030370895147975	1.98607978208135	33
0.014032677570149	1.83968601791459	33
-0.110766218988439	1.09006223367485	33
-0.052616252911742	1.01214775551065	33
-0.012620714257016	0.865559113665442	33
0.034073391982787	0.997836476402324	33
-0.069991088176632	1.02460293221538	33
-0.066937116932401	0.8798470272029	33
0.124441667094545	1.29534859770199	33
-0.051164117441987	0.843388561263179	146
-0.12284304187219	0.646131697972088	1859
-0.026501681979758	0.85485177210447	1859
-0.114609559646304	0.273673915089961	94
0.0324455764563359	0.805679156154015	538
0.054028891407981	0.70740891594048	327
0.11109848618635	0.72321018797119	1078
-0.051445359588997	0.578699726873958	1078
-0.016561253705393	0.494038368457842	45
-0.022635853017637	0.506005312114501	29
-0.112682159031064	0.353854841907515	29
-0.017918574964236	0.594176564407404	45
-0.096646754697658	0.377459597162993	45
-0.068094855348584	0.472379184668129	170
-0.025369993951339	0.60832130772011	170
-0.054177782554029	0.274936078132297	170
0.049838876909486	0.599047804367068	170
0.017563291459906	0.500094311142337	170
-0.021284796560853	0.710161361704893	228
-0.041383001631328	0.566662738760303	9
-0.001322683495039	0.653245164431989	9
-0.058436741309134	0.481171972095753	9
0.073580222946676	1.2456283807637	9
-0.00508287714205602	0.740909470091239	9
-0.090448419971059	0.635566653491256	17
-0.020424783659285	0.375629608587703	17
0.020380790433281	0.49848990094605	2599
0.016263737059384	0.5903968076339	2599
-0.017481253289364	0.73899816287322	36
-0.026406099481451	0.655815829550342	610
0.029185892676967	0.667272936530251	610
-0.096789760603948	0.480967233563206	610
0.100439961571746	0.805033090585844	610
-0.064946400453131	0.385817142998335	1787
-0.05566198008991	0.379953602455281	1787
-0.10685435365497	0.379709421672977	36
-0.013694692203013	0.492185892683592	36
0.09826373149451	0.515521976232162	36
0.111799118224928	0.638809463482417	234
-0.052132775194719	0.272821435229762	87
0.124538201021557	0.49965061559062	87
-0.088331637359589	0.272703185857099	318
-0.054757703341175	0.274086457303122	265
0.042482201734207	0.399632921973809	265
0.111419315421408	0.640909778644698	265
-0.112591093919349	0.268514847380301	265
-0.017457119675471	0.382264168616771	265
-0.113281845496589	0.154933036119063	265
-0.113192050197018	0.15715065480167	265
0.086776687955582	0.517157083227604	3
-0.034320866617167	0.170598864403623	143
-0.013822378944763	0.269655687511049	143
-0.112455127725174	0.158055588629721	143
-0.031394207996038	0.167251262805583	2015
-0.029358376463472	0.172340564270388	35
0.116876996529404	0.193783775309866	201
-0.044679646924947	1.03036260740327	33
-0.094329124224425	0.756198703689108	33
0.093130350079346	1.33871803105768	33
0.058101867096792	1.16662585479431	146
0.061287719508078	0.831259988338207	327
-0.063931456773253	0.258575745150925	327
-0.049922442282189	0.271859194170631	94
-0.012966888656943	0.663625792690597	1078
-0.093916632203437	0.52152466449559	45
-0.080333117077003	0.499415964538546	45
-0.086748522416201	0.492305741156483	45
-0.076708515362963	0.537978138718898	29
0.100831314731648	0.9432900063319	45
0.00349608088327602	0.890603785914029	45
0.076109634181258	1.02012254835471	228
0.099232005336514	0.928209156697199	9
0.00229559835916104	0.822132737120989	9
-0.105790286222699	0.627481985622803	9
-0.118277542326402	0.552929344209934	9
0.00792420097706803	0.672851124338503	9
-0.00494584436717799	0.50057634588925	9
0.023391934755102	0.950382013103707	17
0.035388181406952	1.01095876123881	17
0.081188414019279	0.784974478025825	36
0.0581302741431809	0.790290822639414	331
0.027947356624474	0.674037245487728	331
-0.026196225933757	0.494158593495585	610
0.090681236168109	0.50594328428966	689
-0.013555202376783	0.382253548656462	87
-0.021048302747638	0.358295092240307	87
-0.021510931618595	0.384871253442782	87
-0.123034316809263	0.275638197228622	265
0.043349084301163	0.400289375513614	265
0.120531260157572	0.516159020763968	265
-0.030026083671727	0.3785934161733	265
0.00701762038820897	0.393820006450717	265
0.0500651570513671	0.387250401190579	265
0.04500402073197	0.404055167034668	265
0.012013168392672	0.385613773951398	265
-0.092823910267196	0.264848126801571	3
-0.05718833279293	0.266551447745509	3
0.114478989136667	0.194606563884473	3
0.048248213218461	0.28078085383022	2015
-0.034320866617167	0.170598864403623	143
-0.034320866617167	0.170598864403623	101
0.060337037942785	2.06628319374349	33
-0.0726600456788	0.811821578649301	33
-0.108775740239699	0.830975594257431	33
-0.031082651501256	1.11718813218196	33
0.091403138901091	1.12138149272682	33
0.048970328080831	1.09300136828618	33
-0.104512958871564	0.643322264083869	33
-0.097575821409254	0.915258448324184	33
0.00326064555174099	0.982678730852225	33
-0.00930680479477097	0.665718053609981	33
0.030312725217902	0.973176704777909	33
-0.032565771729557	0.819839844252771	327
-0.011052919986005	0.386800090466031	94
-0.114540272993835	0.261821475620772	94
0.109639420397422	0.708598972737665	94
-0.033102349490345	0.384002731974401	94
-0.002002559447355	0.505397680426436	1078
-0.116375662039605	0.382339218434671	1078
-0.116370490654527	0.370232163841411	45
0.111337901657407	0.804796879145303	45
0.00433540742265803	0.599960892818658	45
0.089795893942497	0.79693329168222	29
-0.019351351350019	0.386194366095089	29
-0.036425454198701	0.660915775751203	45
0.099164454312891	0.79671325530827	45
0.040046510619864	0.960572072917664	45
-0.075477918213606	0.641497048962249	45
0.038039317508946	0.50768747447802	2327
-0.123639441274437	0.380855752416415	2327
-0.108529711643606	0.472706954466419	45
-0.059168375863334	0.372503137752852	170
-0.032512777409257	0.46534781431899	170
-0.03236040841242	0.53555305467659	170
0.033369358368616	0.489924907348799	170
-0.011621864514309	0.504724953408624	170
-0.06407759123352	0.572989783438728	9
-0.015878669498191	0.498681912931459	9
0.056771973372867	0.778769782050949	9
-0.090573209452955	0.631156310676123	9
-0.036081643874898	0.572957085062756	2599
-0.104802014290169	0.43749838653958	610
-0.055938677908913	0.48924935836303	36
-0.048260072576018	0.364769930245953	1787
-0.000717756651301027	0.496702508937407	1787
-0.014241951826325	0.489395921909807	1787
-0.051322463811254	0.274632620538535	36
-0.033377182822192	0.373280595705556	36
-0.087412508583608	0.396327730374157	36
0.042210473855729	0.381666451737079	87
0.012042038672752	0.394429665129248	87
0.00519760725924101	0.4847462821956	316
0.095185186845873	0.404551704216997	265
-0.056809156399271	0.263977433727426	265
-0.032155294870618	0.171057763952974	265
-0.011084005054999	0.276447697880442	265
-0.094531116905994	0.256901189621597	265
-0.120115971307724	0.152766065486777	3
-0.112455127725174	0.158055588629721	143
0.113706781524745	0.189916286385992	143
-0.009930668167489	1.05860322287571	146
0.017534104541162	1.00164858111985	33
0.00910867143809602	0.946142443478068	146
-0.053878210832374	0.645048709874159	1859
-0.090529259481493	0.392862986301725	327
-0.11165656348475	0.151862214471532	94
-0.060773040152618	0.488848504751769	1078
0.0214600469908141	0.607831362182556	45
-0.107422141923481	0.460722849795593	45
-0.034227816667654	0.504643538645349	45
0.048963849379269	0.584223825925338	29
-0.089353037961739	0.399300796955178	45
-0.025616013604598	0.730734369601194	23
-0.051628499129384	0.262641047833527	170
-0.026073603389308	0.498670286938636	170
0.033817072207494	0.501738072900809	170
-0.018191466878963	0.391773582159771	228
-0.088605245373728	0.742640815729088	228
-0.116617959294247	0.473501055157478	9
-0.054897035665103	0.575237843964867	9
-0.055628730442343	0.582041281236154	9
-0.023636299365123	0.647376152178597	9
-0.114964628996606	0.529807099905575	9
0.122896136022272	0.196980514178802	492
-0.058200776215141	0.262719880692359	492
0.00277708029717805	0.626063464847717	36
0.00121131454540202	0.746599246511811	36
-0.060914852425209	0.267060269760699	1787
-0.089744515773473	0.272443333324185	689
-0.120538025062855	0.365071690658981	1415
0.083251160887704	0.490944745500552	234
-0.124420045232184	0.275267477905685	318
-0.058055560393777	0.275491132733838	265
-0.123326548735756	0.253073453132957	265
-0.111808672083322	0.159552284481566	265
0.043281059464328	0.270974345640059	265
-0.038528773908626	0.167402222187446	3
0.049982005584459	0.285679589370213	143
-0.112455127725174	0.158055588629721	143
0.118849939816202	0.201943652777816	2015
-0.030853245144421	0.16865764734221	2015
-0.114938850937462	0.157459754092218	143
0.118849939816202	0.201943652777816	201
-0.013440603869939	0.270984121684764	201
-0.034320866617167	0.170598864403623	201
0.04765348467444	0.282727462429351	201
0.037862675937316	1.45629065401003	33
-0.11542464192794	0.383047473900364	146
-0.053835971862206	0.535833105020554	538
-0.033128250720712	0.396716162386918	1078
0.055687666877121	0.770801784096895	45
-0.00881343079518998	0.384473692729004	29
-0.123717413971544	0.391995990550498	45
0.016303260517753	0.658859986421527	170
-0.105126742157121	0.477299588059722	170
0.092714577026964	0.528129960113574	170
-0.104799411848952	0.39465335049299	228
-0.12204759815729	0.371795519738032	9
-0.107458757182241	0.397427073496153	9
-0.088190889522759	0.395242935596603	9
-0.046274305233767	0.264791981322679	9
-0.064327047524922	0.476303630304159	9
0.015657106400391	0.591960703218213	9
-0.041297804374162	0.70846795143998	9
0.086996768298761	0.927076501404791	9
-0.057044434913924	0.661051577960992	248
0.058118863332012	0.591466100785891	36
0.08084575160809	0.716189814816818	36
-0.016247737299272	0.661602328890435	36
-0.028606032231614	0.168487760111406	1415
0.093855324357147	0.514106018668088	87
0.045586328091176	0.272299987506706	87
-0.030110933399118	0.171638071817207	265
-0.00913841552460099	0.280814338380485	265
0.118849939816202	0.201943652777816	265
0.119669786755726	0.197421523304085	3
-0.034262152738267	0.167034861267776	3
-0.012072121154792	0.263321994992171	3
-0.00953939546235599	0.278217951691113	3
-0.056837319204924	0.258160351878035	3
0.047995475239648	0.391660298800248	418
-0.113192050197018	0.15715065480167	3
0.118849939816202	0.201943652777816	143
0.118805831150545	0.195440497449165	2015
-0.034835763963541	0.168567019261679	2015
-0.08278371550881	1.01230048923217	33
-0.082051078019395	0.979904346955677	33
-0.087151037738111	0.260993213059688	33
-0.100869348294161	0.392593082694516	146
-0.044789857897701	0.505508565174671	146
-0.093068783118771	0.262832675741816	146
-0.115329873601425	0.668081134290754	146
-0.0572713616665	0.265050819458215	538
0.05535256020346	0.284581315960281	1078
-0.115675549873541	0.157431951292729	45
-0.084965231081891	0.792380367963037	45
-0.037011107457509	0.165642997229716	45
-0.036249052551778	0.16463764089159	45
0.123102042433326	0.509541137764129	45
0.122976685993906	0.272639237984897	29
0.05860013834791	0.273758154499356	45
-0.036240216736907	0.163255845101318	228
0.051320581876897	0.281439770567415	9
-0.050698045133249	0.685045039415325	248
0.00673568497043497	0.989223721300235	492
-0.105406892539154	0.719657905979195	492
-0.016979551643506	0.488576217661258	36
0.081828901031655	0.796044425555825	610
-0.115675549873541	0.157431951292729	610
-0.031394207996038	0.167251262805583	36
-0.037861636113973	0.655224848764781	36
0.114428036976078	0.193840908662857	36
-0.03361802040995	0.171492856136262	36
-0.062657941307429	0.261456465302071	36
-0.073173499763709	0.568691687490413	1415
0.047647063054536	0.283114808870483	234
-0.03361802040995	0.171492856136262	234
-0.112315122872443	0.40259907469004	87
0.11962621063934	0.201522244647387	265
-0.041839085096132	0.384046316437222	265
0.00479730146859203	0.375143410529472	265
-0.111162358829902	0.159147929071506	265
-0.105486129851035	0.570380171236453	354
0.026947163571112	0.671453865410561	354
-0.010316131550283	0.274697646418863	3
-0.10260548836144	0.389973774548721	3
-0.024909846175796	0.161501004774645	3
-0.069932869887694	0.387079189223165	136
0.07265043436367	0.612258155078781	143
-0.111318800533954	0.404584250634425	201
0.118849939816202	0.201943652777816	201
-0.046272687484072	1.92974286943123	33
-0.074862888539639	0.781156721818351	146
-0.094221472661321	0.401562366239007	146
0.082211039679309	0.788169674678647	29
-0.119209343737701	0.682440186319063	146
-0.01405404557866	0.59032832673332	146
-0.100550900253821	0.464881682086695	146
0.096916912123381	0.776600855319784	146
0.088159543106885	0.519666373454783	538
-0.00817266435554998	0.271879618312782	45
-0.095787801098371	0.550222935470238	29
0.050910415568628	0.289164757680891	45
-0.052835039718315	0.39183644143553	29
0.117386942982558	0.815657917959156	29
0.01120811259845	0.390476587623407	29
-0.114938850937462	0.157459754092218	29
-0.115929980437764	0.388210193448048	170
-0.112364823769742	0.153020979605261	170
0.043034482871971	0.277015458410403	170
-0.069253295200721	0.390877579303647	9
-0.05937964464174	0.38132817443503	9
0.04500402073197	0.404055167034668	9
-0.059869496675233	0.266055117965736	248
0.000551253951736053	0.494000449621893	248
-0.096645763055408	0.647852592122256	248
-0.058431417824084	0.265143011242095	36
0.043995964695895	0.532162008173552	1100
0.110451030372766	0.637364300596458	1100
0.078378609899125	0.714436436453433	610
-0.089481879100036	0.266865366869215	36
0.076110728785301	0.785694224284493	36
-0.122553407884324	0.38507004409404	36
-0.03777447409692	0.164781776522234	1415
-0.012851841819808	0.272777920415663	234
-0.12418070009111	0.246312103922317	234
-0.112544903499217	0.158631103032102	234
0.100325824405933	0.405198978196069	87
-0.116809169071659	0.152073626892936	87
-0.108581540498894	0.153592660816926	265
-0.038528773908626	0.167402222187446	3
-0.119225139867927	0.146857891791337	3
0.0462976944101921	0.280280242490032	3
-0.029358376463472	0.172340564270388	3
0.11962621063934	0.201522244647387	365
-0.034380182800948	0.16655992563091	52
0.089017907546278	0.521533888068877	201
0.00156794545229	0.504889482903875	201
0.0857140249132961	1.98224857390461	33
-0.00870048231881299	0.757471342780389	33
-0.106617914182502	0.488702411261794	33
0.029439117837655	0.60617694641601	146
0.115406609873265	0.682643440029023	146
-0.107408150171802	0.490146250620691	29
-0.019767599604234	0.485883332332413	29
0.107053961543247	1.47136251701158	146
-0.049980712788639	0.736707023038978	538
-0.051835428206818	0.452696782289198	538
0.074374008802452	0.700061911534081	538
-0.025722776893414	0.390666295039935	45
0.085232705001688	0.396294141007571	45
0.046157473285522	0.402889496668481	45
-0.038283829111255	0.662807289248147	696
-0.085516624379116	0.26764481995318	45
0.069071653383496	0.788461714331658	170
0.08814345064968	0.394483520160746	228
-0.084957025932946	0.273480260114346	228
-0.113736978401573	0.257668535549642	228
0.010914441274086	0.399870400628865	9
0.026211547424992	0.916838333594129	36
-0.112544903499217	0.158631103032102	1100
0.089231938197449	0.410702961758749	610
-0.012797435603833	0.392338481382698	610
-0.109337049858398	0.476324312568236	36
-0.073495003092603	0.485909472927678	36
-0.010507950887584	0.278930149033666	1415
0.090897030781892	0.412571112195111	234
-0.014793978521365	0.269495539921017	87
0.121266911988297	0.522917152284461	87
-0.092072948676517	0.643681011914039	87
-0.052132775194719	0.272821435229762	87
0.120401910540674	0.196118981932544	265
0.00395957552936799	0.37591677877812	265
-0.01636001030464	0.266335120617893	265
-0.112388246830339	0.151750604637313	265
0.111814439460427	0.80065184857461	354
0.118615592358646	0.726492871394496	3
-0.050386844751779	0.384038491538781	3
0.108698390320649	0.631017836115111	3
-0.022137435415296	0.384004079793644	3
0.11962621063934	0.201522244647387	543
0.040233342344275	0.603683102334794	201
-0.03482736276107	0.964883241711586	824
-0.105298033054608	0.648550951184938	146
-0.111535290335272	0.690094073126641	29
-0.101910102247934	0.498031169706838	29
-0.058931036602078	0.382159503452356	29
0.112729564613297	0.799827821575241	538
0.023189834101837	0.68927357424296	29
-0.052698898714932	0.497087779110541	29
0.075543503712734	0.702545106091027	696
0.08955823763852	0.800115641648414	29
0.061465386390786	0.50267943313135	29
-0.00914870368352	0.388111286819548	690
-0.082265475895837	0.382939952672088	228
-0.091484533832947	0.496986251020821	9
0.061966097803418	0.986265168588392	9
-0.083324955274649	0.568244415438328	9
0.055680959712273	0.772287255663725	9
0.045831971879148	0.911393046506123	248
0.057970850311822	0.668283755626361	248
0.027033015501907	0.771289995824172	2006
-0.087017881985084	0.547194971545654	248
-0.034262152738267	0.167034861267776	492
-0.041738445145595	0.158921086446243	492
-0.056857981496706	0.37299109124357	36
-0.048160304402056	0.51628896290641	1100
-0.023059389060813	0.610213579707063	1100
0.105211741172808	0.730971478694012	610
0.01807301572378	0.502229304516369	1105
-0.011867645688394	0.278192844912444	278
-0.053115711652286	0.375359129219744	87
0.052268200899937	0.288918539812938	354
-0.017331640222527	0.25720998321605	316
-0.00543253148162998	0.277819116337573	265
0.116876996529404	0.193783775309866	53
-0.028606032231614	0.168487760111406	52
-0.045891912937746	0.980871141461192	824
-0.075744336199652	0.743755623594545	824
-0.031541119751629	1.24874261057127	33
0.119476776604378	0.500407804262397	29
0.029753453596213	0.810447229888507	29
-0.094184619814513	0.488241255008635	29
0.065484170496253	0.595989209295058	29
-0.049761655189694	0.392710349782555	29
0.07501490695484	0.600279862319198	45
0.10740061462296	0.78907697359233	45
0.0804640329231	0.7836998829344	29
-0.046435965449742	0.579390374186568	29
0.091943828246395	0.767629248685977	45
-0.096641091351241	0.485948548569362	29
0.065140939065508	0.839442488239109	45
-0.071643628625102	0.570715189682547	29
0.093243036411355	0.392960115502214	45
0.113064432684442	0.8064655815507	170
0.048375762148149	0.917998624902156	9
-0.106712137903035	0.62319203907222	9
-0.113289846789891	0.480368743100807	9
-0.117453481400012	0.25893242732411	248
0.057291149183986	1.01796028622863	248
0.021836190891088	0.494422272230132	2006
0.123342083732927	1.25678669010572	248
-0.092498061740319	0.2594980975703	36
-0.046536140254176	0.477933667712257	1100
-0.017491127528478	0.643873368907087	36
0.090435799479652	0.759772346777669	36
0.046727641584012	0.275549775256962	1105
-0.014532388106106	0.493063924921307	36
-0.055454842774408	0.480895529040307	36
-0.070120471400578	0.387021335459056	87
-0.060975189867623	0.381458733199817	87
-0.019474336443303	0.258201773295739	87
0.00815535818081803	0.383981840324584	87
-0.010243044936418	0.386160040468315	87
-0.112002750719031	0.380443280029829	87
0.056242571966221	0.494150980622911	87
-0.11079568381343	0.393091571336123	87
0.0190009001606291	0.486778930116231	87
0.00853093463267396	0.497581000294444	87
0.055552169475258	0.487611768861622	87
-0.068193949695388	0.387135953503775	265
0.0176782543830371	0.49968860423192	36
-0.114828364767825	0.263549029204761	3
-0.011289765731643	0.269871137631154	3
-0.096453957215929	0.256609003203631	2724
0.053626445120429	0.283600533868341	543
-0.050444432395619	0.263894765264463	52
-0.034320866617167	0.170598864403623	52
0.118849939816202	0.201943652777816	201
-0.068296410835904	0.715002243315485	408
-0.058623877445714	1.41745666929957	33
-0.121700570029997	1.04358166024606	33
-0.029380505514769	1.04258697412729	146
0.044822612788454	0.272316332680211	29
-0.106121486075223	0.39242018436555	29
-0.08272913400128	0.272652300443601	29
-0.114056698540039	0.271967948232336	29
0.00923021427300397	0.374178133362709	29
-0.095853636481703	0.245815463174721	29
0.09826373149451	0.515521976232162	45
-0.092894611909196	0.548059697637943	45
0.027597374561924	0.913369382606062	29
-0.039951560142183	0.686323240598194	29
-0.104293725816972	0.492168512651718	45
-0.044641094042382	0.711833239201756	45
-0.067952859322735	0.364704452363788	29
-0.11124407480213	0.404223674325323	29
-0.086209642088203	0.566051131565176	228
-0.065243043711019	0.489758080894002	228
-0.107519983544117	0.617584924397204	9
-0.099537569499546	0.37360097522821	248
0.023857279615344	0.510571479827322	2006
-0.07491215357502	0.396973760764282	2006
-0.051395753759607	0.659612085065686	248
-0.085064886480791	0.65163238586381	248
0.121255761839474	0.19539411213957	36
0.031906671652965	0.715299907740496	36
-0.035037750759995	0.502493266140436	610
0.0897586789228501	0.802333976843039	610
0.118605339955872	0.504829002546067	610
-0.115112789123507	0.152270253467486	1105
-0.110643242502736	0.268326986125988	87
0.101440968984174	0.802331871179668	87
0.051930434859966	0.612454029890768	87
0.00170935943188	0.496431980173509	87
0.0849217535293511	0.513416147845191	87
0.009826009979089	0.385542276461165	265
-0.088590593771632	0.269245039568389	265
-0.051824343311321	0.392364301882185	265
-0.052310216624844	0.335739054082472	778
0.119669786755726	0.197421523304085	53
-0.034320866617167	0.170598864403623	53
-0.06031476813795	0.390209252970918	53
-0.010699162996916	0.279064658335025	2724
-0.092497181932159	0.270035463528192	543
0.118805831150545	0.195440497449165	201
-0.118002023628097	0.151376048698378	201
0.114478989136667	0.194606563884473	201
-0.00777478878683802	0.274540641157636	52
-0.007007067197491	0.986250786133457	824
-0.05117254759298	0.800720737965631	29
0.0054668337339	1.37400960612098	29
-0.097023223354894	0.256770743257254	29
-0.035984426119613	0.645492576376141	45
-0.077690783722906	0.60586222464983	29
-0.03296641547851	0.505792001787717	29
0.045897195648992	0.694898879804352	29
-0.029639659932	0.488159724671666	29
-0.011288021635068	0.277183686839958	690
-0.02181594121658	0.588447713159205	23
0.077770145555258	0.685925604767214	228
0.119554417932778	0.9547591818562	228
0.085826781816908	0.702812955206273	228
0.104161346125006	0.609489600880857	228
0.0763172258157661	1.13711485699374	9
0.12376650142492	1.2619352943548	9
-0.032151447738507	0.568185517494129	1150
0.051505313415077	0.289999457158964	2006
-0.029048013819265	0.65998065474356	248
-0.111808672083322	0.159552284481566	36
-0.011242566988519	0.375665394732627	36
-0.048250817431933	0.641215612555567	36
0.0148066400410209	0.393152355300238	610
-0.078236190552871	0.373316543559393	610
0.044215109997395	0.83928039153201	36
-0.051374150435839	0.560466015729172	36
-0.039294244265864	0.16328383273075	278
0.036740230560533	0.668785939303888	36
-0.113839340112917	0.152864229987707	87
-0.080775968746612	0.390390312754323	87
-0.056046291204166	0.480152775928826	87
-0.08167381645632	0.459205227019109	87
0.038080695905188	0.785122771026097	87
0.077945678791028	0.702674613581488	87
-0.009136116810393	0.588304125239378	87
-0.021510931618595	0.384871253442782	36
0.122076172115503	0.201430407091027	354
0.087708910928934	0.494185073138667	778
-0.093635196084242	0.266480342008772	53
-0.110516187928753	0.155631806439836	53
-0.032564290041672	0.162685569761941	3
-0.116253846256186	0.1553309012695	3
0.094274337441601	0.406038293924192	543
0.0517467580125081	0.274380916326419	543
-0.052998628225847	0.273451612525101	52
-0.112906817976959	0.152419850500768	1411
-0.09661259392226	0.779506326152005	824
-0.1216515010465	0.610068494467402	824
0.0822807548143381	0.626317430784062	29
0.106142927549411	0.630149063338791	29
0.121745005373644	0.876251883081851	45
-0.07660567346193	0.575921362422217	45
0.076462145140664	0.856219031963583	45
-0.051185317123449	0.637013278899789	45
-0.11794169757909	0.568477763827253	29
-0.026489796901508	0.659694314120091	29
0.00701762038820897	0.393820006450717	29
-0.030016959501896	0.631086737147845	29
0.076019932619521	0.859608091709679	29
-0.010938451258758	0.588585782013824	29
-0.077173324062161	0.390626214432228	29
-0.031455945225664	0.166862110402496	690
0.092759892065702	0.405165961073426	690
0.0443946097424121	0.279335406635154	690
-0.120115971307724	0.152766065486777	23
0.074957044816882	0.601831993853513	170
0.085393830693292	0.7640266061479	23
-0.026936126641447	0.586257717605136	23
-0.05217004811204	0.481144729513613	228
-0.084186760569251	0.521322166359912	228
-0.010311559673494	1.06883829584833	9
-0.114942857501152	0.797886334275951	9
-0.060899584923973	0.918885460364656	9
0.108348235303396	0.773904698474066	1150
0.053625261019329	0.271483179404261	1150
0.113706781524745	0.189916286385992	36
-0.112297411420876	0.151404356590699	36
0.047478063627825	0.286615594200139	36
0.00272181815427697	0.655354417232061	1100
-0.115050640125589	0.473795628283261	1100
-0.010504005007719	0.496059729544829	1100
-0.074394098361612	0.395202762289323	1100
0.000183129829613993	0.494670820917259	610
0.061961697422134	0.509561454026299	610
0.113656498860624	0.194210317184637	36
0.028523635228314	0.757555203514029	36
0.068949016607439	0.775472152273774	87
-0.073839099885192	0.363472880553176	87
-0.108174015805774	0.443858310644164	87
0.093971960301674	0.691326752924875	87
-0.101424739375094	0.387447323397042	87
0.070327668212534	0.624498951684322	87
-0.058431417824084	0.265143011242095	354
0.121255761839474	0.19539411213957	316
-0.04253544498267	0.364229116278015	778
-0.01960492859049	0.482474859677665	265
0.087455379060276	0.398706966495353	265
0.098078041270784	0.51776175250928	3
0.120946883093145	0.608415123467703	53
-0.021440768267771	0.256171250189662	53
0.11962621063934	0.201522244647387	543
0.045867921168014	0.270401024009172	543
-0.116412951587723	0.156012044058552	52
0.050743248668699	0.289007200605363	360
0.02021718321445	1.44273168270455	824
0.025664108847536	1.22861781512083	146
-0.00800318969980801	0.268802014301913	29
-0.030093257110939	0.165022192894233	29
0.01112274585331	0.8956373489939	45
-0.049109116637674	0.559799641148164	45
-0.071586930848436	0.575196587543928	29
-0.028606032231614	0.168487760111406	23
0.11962621063934	0.201522244647387	690
-0.070076563444656	0.479661132374945	228
-0.007233017691755	1.1657909331129	9
-0.102753147705943	0.389038027352742	1150
-0.030878559284433	0.171666856078845	140
0.0507047912123481	0.269744782109147	36
-0.00552426629228697	0.387050878735549	36
-0.098555762224327	0.55916155705154	36
0.00636660325623195	0.501000698122909	36
0.066812043327307	0.962316215048466	36
0.0939315594373929	0.842337407475444	610
0.067642318155936	0.606192754694805	610
-0.028485284628271	0.586142349461745	36
0.123717011550866	0.18673769096436	1105
-0.058081631907421	0.263746123122649	36
-0.033324096302802	0.165915368940833	36
0.059768551777065	0.484203285160497	87
-0.091776628692512	0.495740402601007	234
0.019962512287967	0.603304499284143	87
-0.017566377092409	0.491951617900164	36
-0.057751627266054	0.388410199692423	36
0.0464120532311481	0.39752652054215	354
0.102123090175834	0.507597396754825	354
0.0971302064562219	0.403962105035582	709
-0.080696939170917	0.379309641602492	53
-0.033558405016549	0.171307702237758	53
0.016742918793142	0.391602103797481	543
-0.050155232041693	0.270261708938926	543
-0.030125206900971	0.172372103841324	25
-0.038528773908626	0.167402222187446	1370
-0.066721952766304	1.0072213619568	824
0.041295866959895	1.5836625843648	33
0.011052274500631	1.0251227880431	33
0.001161851118897	1.12049352333351	33
-0.032626132992933	1.51699213074557	33
-0.01058373443624	1.54378786308061	33
0.087851681900357	1.78631119056586	33
-0.050542750313076	1.05558375649327	33
-0.057788699829137	0.553974812439623	29
-0.121482011243988	0.398010705381784	29
-0.084519485787823	0.476479407843999	29
-0.080215168722727	0.383819860219619	29
0.055809098584335	0.483384875224124	29
-0.121660848705975	0.256015602972074	29
-0.064735155333445	0.248687401883833	29
-0.032916639677762	0.170355386811782	29
0.021734675491426	0.508285730296084	45
-0.076669880214821	0.565076206118516	45
-0.064876776674477	0.558813740047421	29
-0.120864390961812	0.40096742759802	29
-0.093021236896009	0.56223034779005	29
-0.044796320556577	0.626694963882168	29
-0.115388095146331	0.482940231593863	29
-0.020555774164439	0.382649818705994	23
-0.054025521613105	0.647228570029309	690
-0.082372454715106	0.400506393576721	690
0.122344561608413	0.521829281990618	690
0.017050093183188	0.587951006524329	766
0.03342135080572	0.640526885667476	23
-0.110447652327024	0.646934120289381	9
-0.114314368033401	0.614589247136085	9
-0.020887855317925	0.881480114101985	9
-0.078652695806844	0.779208907630296	9
-0.11124407480213	0.404223674325323	1150
0.046718688479931	0.407111861598994	1150
-0.033558405016549	0.171307702237758	140
0.118849939816202	0.201943652777816	140
0.122032139953474	0.191854981562394	36
0.042310891114519	0.513113210656974	36
-0.041381595544298	0.568266790106035	1100
-0.057932547407194	0.567277075613955	610
0.042114504266469	0.392505433579966	610
0.077547730129069	0.607335316345288	36
-0.100085719127139	0.47571546796589	87
-0.079812747970673	0.486858767327934	87
-0.040977819904592	0.36742299969274	87
-0.032394199972415	0.487951483293612	36
-0.091992957348687	0.263118147808208	354
-0.059241857770567	0.263832119906844	709
-0.111808672083322	0.159552284481566	53
0.087143966667775	0.492695471977556	543
-0.015551138729499	0.383056430201174	543
-0.017538462176392	0.270488871711001	109
0.050743248668699	0.289007200605363	52
-0.119381843140074	0.154135697628218	360
0.020757298346351	1.47454163285162	824
-0.065077651359143	1.00585684222143	33
-0.00679415410385398	1.41598751201381	33
0.085112020757076	0.505341656585453	29
-0.013082882034811	0.378875145006061	29
0.118849939816202	0.201943652777816	29
0.045950152419578	0.606138519821333	45
0.03711570539426	0.778988405462879	45
-0.097993203176085	0.477621992299824	45
0.062471649135635	0.861671958143806	29
-0.067330858782741	0.618285878723199	29
-0.044479401593035	0.570864072608875	29
-0.028723526524613	0.672013974237676	29
-0.108352376809251	0.57617572868009	29
0.016122930124406	0.664881620500096	29
0.103217618603374	0.916818913668813	29
-0.072641173701778	0.53716721868359	29
-0.115026082108518	0.157042157240657	29
-0.111484799378135	0.268846554788858	23
-0.073311497243829	0.640590993926812	23
0.039765872581921	0.50558282322535	690
-0.075593786993286	0.606974164679532	9
-0.034375319867749	0.887471004143114	9
0.109797096108776	1.53282739866775	9
-0.110991917985432	0.381767707843729	1150
-0.119381843140074	0.154135697628218	140
0.120446143828703	0.197036537066415	140
0.04349841063834	0.597812152257547	610
0.011491223472109	0.384879895801392	610
-0.00760801949342399	0.475918495420916	610
-0.115675549873541	0.157431951292729	36
0.044682245810314	0.38136493825761	87
-0.074027810404186	0.54463797710076	87
0.107141695461042	0.77356646791701	87
0.039355074869958	0.590745424519558	87
-0.011032045139407	0.483101249722465	36
0.0952323960068751	0.407574088117949	265
0.122658101515204	0.610925305181489	36
-0.095763275601097	0.373933716059283	2203
-0.124787079089217	0.138097481059786	354
-0.029358376463472	0.172340564270388	354
0.097662738186746	0.720972780910351	265
-0.034262152738267	0.167034861267776	3
-0.091974653907848	0.270992973846469	109
0.089126154014897	0.39029006199625	543
-0.011577691643226	1.26381015836668	824
0.00236096854363299	1.11637742861456	33
0.05846431592458	0.492957077404222	29
-0.089700493829091	0.270295406039577	29
0.062530931959952	0.776410401202056	45
0.024348807792933	0.687236392585841	45
0.107048204649286	0.940906232373264	29
-0.003347065290847	0.490133435674746	29
-0.050426653467796	0.575263114763132	29
-0.024605699978089	0.585726792466874	29
0.00861911869070198	0.745154824731721	29
-0.00629469518770798	0.612181221463141	29
-0.026058216878325	0.495520280750409	29
-0.029381811748178	0.718919079478246	29
0.087968632497036	0.521672279546353	29
0.027918511978641	0.493562875872334	23
-0.00192814768880401	0.272341199659649	690
0.046892720072978	0.281073619667328	690
0.123254088627512	0.275223176469497	690
0.122076172115503	0.201430407091027	690
0.109408505829199	0.811466435648947	228
0.048491690055512	0.725995160165453	228
-0.011762634212298	0.499090165953901	228
-0.017425572025552	0.928000733767512	9
-0.100543451947221	0.719905994932691	9
0.046940157607686	0.999774098392311	9
0.080338073141024	0.610861282471783	1150
0.112112601923184	0.613018870293035	1150
0.115250614627185	0.194235280357882	140
-0.092226613066347	0.264035373197873	36
0.0455491432105401	0.382848496528924	36
-0.04318805516649	0.666608691085755	36
0.090435088485818	0.941560218654226	1100
-0.018971605496085	0.731999787778911	610
0.112737999099361	0.882414468470732	528
0.044173764878482	0.403216993690453	1105
0.11962621063934	0.201522244647387	107
-0.020335136429366	0.389460096274785	87
-0.00894982268015299	0.276338486211823	87
-0.079771939628788	0.391690990105776	87
0.062324746942267	0.690590812041789	87
-0.073813636743053	0.354643448600044	87
0.069398080995472	0.627389989548686	265
-0.11682369213526	0.380723097800539	2203
-0.075108535987118	0.359523935576566	2203
-0.054507142541322	0.268543070439689	354
-0.118648428204679	0.154170805239629	354
0.05966678040705	0.488081672443144	265
-0.04527473020606	0.481902972734072	265
0.034831141664004	0.476074973479085	265
-0.077944175516801	0.267235375573886	53
-0.014809657438602	0.266332709570029	53
0.048430001851704	0.26993753685132	53
0.118849939816202	0.201943652777816	53
-0.111162358829902	0.159147929071506	3
-0.085777180949085	0.270042088900162	557
-0.032094472202418	0.168316179247348	109
-0.113766572723295	0.27309790699588	109
-0.091669494280404	0.261337038514492	109
-0.055568369244163	0.273301150283359	109
-0.014220614555788	0.270284864293797	52
-0.039720885532934	0.902135294332487	824
0.012786888009097	1.02065424023851	33
0.016852006193629	1.25627823616266	33
0.00887345293941799	1.37044977804602	146
0.0222537848244641	1.23661610080386	146
-0.082424719333357	0.270212366549726	29
-0.00437501484005798	0.645644112702313	45
-0.07465027729837	0.563509438674346	29
-0.068611509949371	0.476478693484361	29
0.0520431155169711	0.763309229840481	29
0.083571640675857	0.891766236963415	29
-0.00660145416674402	0.652580719579375	29
0.058869402153243	0.751384295078352	29
0.060146320004327	0.470596211795242	29
0.092242068343803	0.708804274317221	785
0.113706781524745	0.189916286385992	690
-0.107262733684826	0.47858113575691	228
0.081740973031513	0.361882834091999	9
0.12174439589974	1.30178219475326	9
-0.084349783143079	0.715058170199542	9
-0.059377362124422	0.709474899556764	9
-0.062882038330914	0.785713013281135	9
0.07089027016172	1.08697565008398	9
0.016599031599926	0.701157127885584	140
0.122852637035919	0.197576085447396	36
0.045506679861675	0.378011999304282	36
-0.069955773815092	0.686213330170507	36
-0.115008806473885	0.405505187274012	610
-0.108170916367097	0.393794692002011	610
-0.089162912959775	0.266510333084203	528
-0.079361319951382	0.542938992528609	528
-0.027939373493995	0.163919960387744	1105
-0.032856116933696	0.172207431346016	36
0.04492331962574	0.597182553321885	87
0.00780294984922503	0.51182663475676	87
0.098947730426365	0.795195524935221	87
0.0279577809010489	0.595989285574146	87
-0.020676175667908	0.593482954778948	234
-0.099979067688615	0.480799624596646	87
-0.055612701922755	0.572115818824043	87
-0.064009125772675	0.488386993153241	87
-0.058029402408919	0.265086062195529	87
-0.11121003338218	0.484868121734434	36
0.054076389138266	0.492698086850598	2203
-0.05782363632873	0.276542896331464	36
0.037602860290423	0.507473226676448	265
0.103935071924696	0.62878822204312	265
0.00204729917036495	0.505202246927709	265
-0.034380182800948	0.16655992563091	3
0.040585119576754	0.388633701136764	543
-0.00875569908256102	0.277244738562424	109
-0.057271082289504	1.43129584637141	824
-0.041559475078437	1.41137557398247	824
0.0691733423668171	1.85883836019215	824
0.072993268676312	1.82786062926289	824
0.079621864096311	1.07262708333544	824
-0.018352348207758	1.16342320239627	33
-0.080905570802852	0.975138780265592	146
0.049685261533219	0.398850386927456	29
0.110380583264959	0.865900493275568	29
0.075383533709385	0.697780777057405	29
-0.085209178026606	0.271672819694746	29
-0.037001754417234	0.167235364284125	29
-0.01960234102491	0.386332862743351	29
-0.093798537453288	0.49290720940729	45
0.041033781632926	0.696407295151603	45
-0.058257740457509	0.386191851052758	29
0.032977591827011	0.830112325264002	29
0.001073448045396	0.659796240938953	29
0.052895033767588	0.623371772359097	29
0.064461347254722	0.771573812340602	29
0.029528404954059	0.68440955293879	29
0.101711951788394	0.876048403909926	29
-0.109225318151314	0.403510052322783	29
-0.029358376463472	0.172340564270388	29
0.014812005267957	0.394279106485608	690
-0.032856116933696	0.172207431346016	23
0.076314566082771	0.702818306427521	228
-0.02602850486561	0.790476022983879	9
-0.089036621234934	0.730984570331999	9
0.081988102468078	1.1662687993621	9
0.0685116292449	1.21624761318298	9
-0.038818304892428	0.801171567852471	9
0.041350189729386	1.05108073066674	9
-0.078909660263554	0.560204412172606	248
-0.018152520948937	0.644531494653872	9
-0.11165656348475	0.151862214471532	140
-0.111251039607997	0.154765629006571	140
0.096294542088339	0.786602281970311	1379
0.097786366305757	0.402830470828502	36
0.039638703432602	0.717278217932662	1100
0.00398541681241604	0.731162305202058	610
-0.020367218298975	0.378766893679422	528
-0.054968674744219	0.377783793574224	528
-0.031884142505325	0.160352818920001	87
0.09344112966993	0.410049081006651	87
-0.103548266647165	0.382960591329537	87
-0.081268303617982	0.385485075594404	87
0.020191554049282	0.680997105562759	36
-0.110938359416383	0.374998484146567	87
0.050913074000832	0.501476893558204	36
-0.107458757182241	0.397427073496153	2203
-0.08587543838926	0.39844372957612	2203
0.049009733890738	0.280734413670193	3
-0.112618403998761	0.270822670588593	53
-0.011096234926885	0.264244455274865	53
-0.117376374818295	0.253434362265967	53
0.121299130100455	0.19765529034279	53
0.118029646606178	0.195815538712146	53
0.046463338819577	0.278459909653972	3
-0.115587776326825	0.155989874143806	109
-0.115520923498325	0.156222393433486	109
0.121143949089502	0.504012724647952	109
-0.057620517419291	0.26518749286495	52
-0.107812564477712	0.264566601970401	360
-0.105344867091738	1.28555243643583	824
0.020063502043316	1.85750098294508	824
0.029949155887478	1.52976898921756	33
-0.00373363965072998	1.4461143521271	33
-0.069879762076694	1.10494986009361	33
0.008026394461215	1.29440663228222	146
-0.091712869364979	0.266129059895803	29
-0.115432080177131	0.154986897586648	29
0.0952323960068751	0.407574088117949	29
-0.022251210250024	0.637406075419627	45
-0.05855747280186	0.639383647926442	45
0.099554675127627	0.965172897565681	29
-0.065338334541675	0.485976159662081	29
-0.05038263474831	0.620290885789731	29
0.067393794517732	0.770667495553371	29
-0.094730456269968	0.475743173453788	29
0.079157813474084	0.763828211942476	29
-0.041726143329039	0.367748600788631	29
-0.069552590799979	0.377521433791463	29
0.015062776525384	0.379167120298229	690
0.093222809435154	0.407472284390332	690
0.093230452382719	0.783516526675433	228
-0.050946739818066	0.566261118335346	228
-0.031176213252708	0.619518739392681	228
-0.111798406072433	0.706329331791958	9
-0.112612208488014	0.642813092509413	9
-0.114056698540039	0.271967948232336	1150
0.035368262362327	0.697660883227459	140
-0.085942750360348	0.36889827566294	36
-0.045874582586664	0.579844828667246	1100
0.071587379247389	0.70633102062237	610
0.0899382566363101	0.735703754967643	610
0.0271752475079891	0.665589979949952	610
0.092925597066111	0.412759286175583	528
0.047967178671021	0.499221268864916	528
-0.110427532079184	0.158366184621759	36
0.114478989136667	0.194606563884473	87
0.061569959878316	0.59947843759207	87
0.043961636978698	0.695876711615445	87
-0.042811339629764	0.577482628695533	87
-0.026584433608994	0.660179069727246	87
-0.079333347171579	0.38992514482684	36
0.050817812698006	0.616305270562848	1144
0.054774099991069	0.776333444673713	1144
0.075839928011277	0.57780604401875	265
0.045266589436821	0.592254291219875	2203
0.020260874563531	0.510575097797574	2203
-0.032796202972762	0.167465311350541	36
-0.081267004892067	0.267317147235623	3
0.049554242072271	0.404171102352066	53
0.047478063627825	0.286615594200139	3
-0.01207116524332	0.272062150348806	850
-0.088069402256722	0.267086730883158	52
-0.113029795691268	0.151291698851134	360
-0.034580975771904	2.36463598311493	824
0.01036335498019	1.88661268899506	824
-0.044396277087443	1.12833930147212	824
-0.104616613077308	1.151508358878	824
0.00326148113934799	1.40933677016766	33
-0.057520864784864	1.43261713231135	33
-0.104616836837662	0.822647057811043	146
-0.073127117213941	0.651961302539876	146
-0.047071165077816	0.498060463150053	29
0.017577847897906	0.393676245551567	29
0.070882867660685	0.613808900048937	29
0.093855324357147	0.514106018668088	29
-0.087184654871302	0.264882145012292	29
0.086363802601274	0.392052612067481	29
-0.042375358668047	0.577679532267979	45
-0.092563924001922	0.553071871163704	29
-0.095313323268015	0.491811661501231	29
0.054029691518875	0.722013268704519	29
-0.000232938404200023	0.578857521882572	29
-0.116541827860753	0.481292558002174	428
-0.019750632436373	0.582211519722775	29
0.028279704428263	0.721738369917878	29
-0.108029452674721	0.154497954953268	690
0.059732658192278	0.692233171708978	228
-0.00321109368113898	0.480802171421365	228
0.042349386391913	1.18032698602701	9
-0.116988613851551	0.572227223312119	9
0.065854152028717	1.2647126129937	9
0.018627029640037	0.523974598349591	248
-0.039014051873647	0.376685935167026	248
0.080103008951206	0.500897523572681	248
-0.096905787561934	0.386703944984971	1150
-0.10175927771656	0.404151001892805	1150
-0.031737991198456	0.467772868193144	9
0.013664657455929	0.489603911418729	2655
0.015021376812725	0.588674944700588	36
0.123717011550866	0.18673769096436	1105
-0.038528773908626	0.167402222187446	87
0.069568705973618	0.522335231725768	36
0.046235114615481	0.695064378708036	36
0.010867024661961	0.580523153111837	1144
0.030473804751405	0.604264001790453	1144
-0.114274562455912	0.26577004559554	265
0.061965411761144	0.570498974043981	36
0.011754782851767	0.391638346128279	265
0.086198478607372	0.503189711735776	3
-0.030878559284433	0.171666856078845	25
0.04236867302082	1.99771132899912	824
0.0656919129832541	1.70491599211397	824
-0.040439798493273	1.69433882647146	824
0.0756707873974411	0.972734362177279	824
-0.037751644603008	1.30830734102714	33
0.051978736059661	1.50068603925221	33
-0.082494474464028	0.922299211444358	33
0.00976425077649101	1.11636607703881	29
0.061025669707425	0.696567230767717	29
0.043318841927946	0.400470921534776	29
-0.066989670179	0.248472437502171	29
0.049386972475939	0.284866832420477	29
-0.042591699566346	0.364917127419032	29
-0.058102007451798	0.569975140631381	29
-0.00318432442237399	0.668299181581331	29
-0.059811902533025	0.570022288956439	29
-0.043317127762694	0.49875854549695	29
0.042216149907642	0.856258242110999	29
-0.102848440091658	0.478323401889109	428
0.089031480978681	0.86218679006366	29
-0.038287033038544	0.631715873348437	29
-0.060675377174592	0.377478332551322	29
-0.052804978728681	0.385553895703093	29
0.061789413327525	0.614981861473211	29
0.117252894763946	0.19109165365643	29
0.098346492959847	0.400320537861468	690
0.043306023029725	0.605763034696723	228
0.030332017550059	0.925260220760938	9
-0.031356483348158	0.837845704779175	9
-0.059818118998528	0.732835063257212	9
0.044072503571612	0.602670584928837	1150
-0.026299970930152	0.36923627579421	1150
0.04758349680466	0.747958059150752	1150
-0.111897899981872	0.158234870560768	9
0.121255761839474	0.19539411213957	9
-0.090855591186478	0.384489834733357	2655
-0.042777848821165	0.368632363658285	2655
-0.054347544673772	0.706981104210763	36
-0.00441655753022702	0.710483701002762	610
-0.081796532749876	0.385237057999096	528
-0.112894483041545	0.482908846867417	36
0.047820182622953	0.281875096479508	1105
0.118849939816202	0.201943652777816	1105
-0.029358376463472	0.172340564270388	1105
0.111313457418076	0.716065278103945	87
0.028171192173285	0.605289874371785	87
0.083072482450603	0.716799063238472	87
-0.095382727260064	0.489247168041352	87
0.110446044266488	0.694577418426979	87
-0.04567121672684	0.502675651704907	87
0.100373310611061	0.623072960364167	36
0.071003971392806	0.693946417374019	1144
0.04026986472379	0.497171959383867	1144
-0.059128102822788	0.36500353837914	265
0.089946650487822	0.524084401897316	265
0.063233789363037	0.516056890368739	36
-0.03777447409692	0.164781776522234	2691
0.053399185885078	0.280333638687752	265
-0.058636245719641	0.275726601221191	265
-0.02188635869487	0.377518913822495	265
0.0178583566263379	0.398361068061166	265
-0.025658435974798	0.164839889982924	53
0.046926541140489	0.397842586832904	136
-0.011088642758863	0.254789985607715	52
0.08366522947429	2.27523870455963	824
-0.014761142165521	1.13486104076763	824
-0.04074839134316	1.59673450775265	33
-0.082048664659802	0.899037240482052	146
0.088039025940007	1.45555151628508	33
-0.04017026432539	0.38742359058779	29
-0.055924252032172	0.377033773696548	29
-0.117802041143272	0.15069443952305	29
0.026948681801272	0.750700236771145	45
0.084083474273389	0.863374018156971	45
0.104177443916342	0.799067759186771	29
-0.088088111806248	0.575577174155957	29
0.102021357176087	0.789554342831135	29
-0.027458165018321	0.646802842028811	29
-0.035126803244474	0.601960030182809	428
-0.099400427383464	0.575660209330706	29
-0.060870722648949	0.558084280260744	29
0.03861854388622	0.770915927255933	29
0.055625502918396	0.605645890564446	29
0.091775497277947	0.410407531029763	29
0.122792890346909	0.530861531546391	29
0.036129986315782	0.491557356745722	690
-0.106162670924953	0.38614315671538	228
0.094775329091869	1.01439689343756	9
-0.100829402589425	0.638174283311311	9
0.043365548200344	0.996318882255697	9
-0.110197840961721	0.468648467768837	1150
-0.032796202972762	0.167465311350541	9
0.123672687720165	0.193374580198933	9
0.09028234208781	0.52268722271277	9
0.042524228115668	0.885601838590526	610
-0.052435945847619	0.70983186531938	610
-0.064452438642055	0.390784570794469	610
-0.086605539752608	0.267580549375265	528
-0.00718025645561898	0.276171985609374	36
-0.015316001698316	0.490521041791735	87
-0.058016238746656	0.494295580755391	36
-0.021493108488353	0.465246974027284	87
-0.115342704198696	0.148359445731601	36
0.0916669336982619	0.528291530149956	87
-0.116322727855549	0.265694086409599	87
-0.10140029122638	0.268608876723901	2476
0.100398065460403	0.513469901194485	36
0.0857263810082181	0.51110757953292	265
0.123584716073021	0.622569685267161	36
-0.039283287969828	0.16388396249932	2691
-0.014999903646437	0.268100758509958	265
-0.00874221618040899	0.277904278410884	265
-0.110427532079184	0.158366184621759	3
0.058005126504679	0.270662530785355	3
-0.022715290915828	0.158654845925005	3
0.113656498860624	0.194210317184637	3
-0.01960234102491	0.386332862743351	335
0.089489022955238	0.413339910429818	215
0.043281059464328	0.270974345640059	215
0.118849939816202	0.201943652777816	850
-0.054988363181066	0.274148262575866	850
-0.034320866617167	0.170598864403623	109
-0.00991914856356302	0.280834980390778	52
-0.072979051288853	1.89864621938583	33
-0.091924655959001	1.1489754017626	824
0.034917062685754	1.00996031653273	146
0.00995450977370804	0.488666154512757	29
-0.100885603251281	0.577722834054018	29
-0.00566547766761799	0.578561104979379	29
-0.074618516947425	0.54191087865952	29
-0.120202325853982	0.146413280971148	29
-0.05840444478986	0.274605671745734	29
-0.053086278788552	0.391015996136723	29
-0.099856774784505	0.393363916397035	428
0.095526476700182	0.725431431995064	29
0.051320581876897	0.281439770567415	690
0.038066064875804	0.489173910353802	228
-0.120059897004291	0.383902291700867	228
-0.095254216801512	0.533466016681304	228
-0.108760602019998	0.629968854632566	9
-0.079032769655218	0.643110182024605	248
-0.070667381103184	0.500874579219164	248
-0.045035186432109	0.575280942978257	9
-0.046621415257732	0.266631415090797	2655
-0.078436700625208	0.480053366144638	36
0.00702066136898505	0.714874426603193	610
-0.010024849409221	0.656719046129706	36
0.063993333600154	0.622482296638466	36
-0.013240156084869	0.280143344274786	36
0.123564418259163	0.526642279717548	110
-0.018509632495175	0.570923135376684	36
0.010373044704123	0.388816849772683	36
-0.105494322095433	0.405881169113758	36
0.039974303888072	0.494279145005927	2476
0.046117471999637	0.283159408267007	2476
-0.059011761758353	0.262668566375259	111
0.000447071906506946	0.498861262110022	111
-0.058636245719641	0.275726601221191	36
-0.087454033293836	0.270965151767997	3
-0.074582667202647	0.262116073765789	3
-0.111808672083322	0.159552284481566	3
0.047816798073872	0.27254328316297	3
0.093222809435154	0.407472284390332	3
0.088584239755149	0.392599977950413	850
-0.114290070662285	0.157070938330489	850
-0.11706325284305	0.154565319237915	850
0.118892862835363	0.192614416933485	52
0.050229619254755	2.11135038054693	33
-0.033087527230156	1.03545197624601	33
0.093700480490245	0.714977524047969	146
0.016092768109358	0.678465850344292	146
0.116572495204361	0.806852386923018	146
-0.065199789454989	0.705050781294123	29
-0.080813684538955	0.486943552737193	29
0.047917582652068	0.517309785768174	1904
-0.085262691739842	0.266084526172236	29
-0.124576963639648	0.664970337154301	428
-0.104124132037135	0.387533956799059	29
0.04032158424886	0.508854644897145	29
0.05535256020346	0.284581315960281	428
0.036653342835347	0.901642528474714	29
-0.006338895695228	0.504531766476831	23
-0.088282438362098	0.26951174150829	23
-0.058075007279946	0.396332715321887	690
0.050743248668699	0.289007200605363	228
-0.013440603869939	0.270984121684764	228
-0.013240156084869	0.280143344274786	228
-0.041368507674555	0.388128688259215	9
0.0667446975031431	0.52361083027986	228
0.093799664604021	0.408651534043389	9
-0.011674990465595	0.270072679727193	9
-0.02145138052639	0.951599425897303	9
-0.105300812382163	0.26996637897481	9
-0.05903192700972	0.478964032000286	9
-0.094750109672464	0.253447192916469	36
-0.028304941384376	0.574557244127204	610
-0.036575985056619	0.915696329953354	36
0.047309798354921	0.284674180526666	36
-0.014732033956473	0.581496424189616	110
0.094608626673933	0.406260549462493	87
0.089231938197449	0.410702961758749	87
0.033303036562207	0.836600565090732	111
-0.071934365923532	0.554191239633492	111
-0.01577936639986	0.265150424844925	36
-0.06739500273362	0.38841444787681	36
-0.033678242586139	0.165521982592106	265
-0.113929682550336	0.153532269414547	265
-0.034477687449439	0.385700485715916	265
-0.017542213191448	0.257461510039062	265
-0.027188976924162	0.16455136252856	265
0.047225062604791	0.278418888034879	265
-0.119941662815101	0.15010153120291	3
-0.044044798780937	0.50235551252647	3
0.118805831150545	0.195440497449165	3
-0.077677714170784	0.373724054191284	335
0.119669786755726	0.197421523304085	850
-0.030125206900971	0.172372103841324	850
-0.112455127725174	0.158055588629721	850
0.122032139953474	0.191854981562394	52
-0.099917511898362	1.80470167291898	33
-0.080371350931719	0.844114584543961	33
-0.117378758560949	0.75559021437303	146
-0.107264005177283	0.743737737674927	146
-0.00319248842719599	0.800126354230047	146
-0.050355079754162	0.823755150543941	146
-0.052151442338689	0.571268800038561	29
-0.123126212333055	0.491276500635661	29
0.094837673277655	0.515805982853141	29
0.0425725958991699	0.647055152442964	1904
-0.080680424155372	0.381681871995442	1904
-0.107969135801436	0.389785226381408	1904
0.0151667118971101	0.599729076253752	1075
-0.01983202316761	0.491191029714634	29
0.098806488745442	0.728194865108817	29
-0.023822381850867	0.752828033728907	29
-0.118629474400624	0.404757980481147	29
-0.105982613378799	0.398026789409281	29
0.107462727873862	0.618843009571589	428
0.00316100053389001	0.502637867084592	428
-0.037157330711487	0.633202889179398	71
-0.00443361623496802	0.553644403413248	23
-0.117955929027964	0.396626791203656	690
-0.00146515197402702	0.492068437385791	228
0.0504996889495331	0.760448377882283	228
-0.090881725736531	0.380446445727983	228
-0.105956412701305	0.623068893756896	9
-0.081481758899912	0.569032495654391	9
-0.09919165039357	0.396437268542533	248
0.087461876989926	0.845333770996351	9
0.094935256464051	0.775326632519229	9
0.013936905429797	0.395608469520618	2655
-0.054035036042618	0.5836103460894	9
-0.016018492586006	0.578807201089147	610
0.024374354909912	0.684137017560844	610
0.003824240746095	0.658286052092944	610
-0.101138738862607	0.381358524554503	36
-0.11988400677817	0.40177016143358	36
-0.020975192532749	0.468272352125172	36
-0.039195085913668	0.379121370283956	36
0.010114282110673	0.381625312441865	2476
0.047831657075325	0.387648696165632	111
-0.055333893486724	0.389556477020763	265
0.05358655596104	0.399181386484943	265
0.118805831150545	0.195440497449165	3
-0.033324096302802	0.165915368940833	850
-0.037001754417234	0.167235364284125	850
-0.111073154367858	0.158761217583667	83
-0.089804981747025	2.2493450117739	824
-0.06671169400909	2.47392462220466	824
0.033979117328662	0.614379175144562	146
0.014501292740428	0.481664258576431	45
-0.00466642380722498	0.574177990415283	45
-0.06054536588087	0.487800025359112	45
0.029207917212008	0.668330949504505	45
-0.080667454376016	0.521104754757295	29
-0.109410084506255	0.45878330193301	29
-0.06205315206056	0.391899829493738	29
-0.052377225844818	0.635651799101967	71
-0.055649440563278	0.263895324555076	23
-0.087066252177188	0.383613725059916	23
0.028143153346288	0.595323645826138	228
0.103397474113942	0.681685103171287	228
0.092228214433665	0.605266723644292	228
-0.00753938643831498	0.629406596051021	228
-0.07357447877021	0.596705619047726	9
-0.076635512829833	0.639059759202834	9
-0.112464692010808	0.387548664547622	9
0.087980878361975	0.493346587227284	248
0.0826102199845	0.496322829601809	9
0.00702501500463904	0.390701878979791	9
-0.121717328641215	0.378815464739124	610
-0.09690164904444	0.488827307157218	36
-0.050500791656005	0.571721889093895	610
0.083544814167994	0.785623285581711	36
-0.012851841819808	0.272777920415663	11
0.086376482359136	0.508713024880586	11
-0.019212207098743	0.37531569604536	111
0.08369914270644	0.607432805848435	111
0.0240692311269221	0.512022656890803	36
-0.112546353294262	0.390770617486692	601
-0.112879470952593	0.26865793228502	265
0.0470585265982541	0.281926179496885	3
-0.006802787187834	0.276949928201772	3
0.047225062604791	0.278418888034879	3
0.046463338819577	0.278459909653972	215
-0.116412951587723	0.156012044058552	215
-0.111162358829902	0.159147929071506	850
-0.108581540498894	0.153592660816926	83
0.121255761839474	0.19539411213957	878
-0.119207572908514	0.148935763868596	83
-0.11042708889189	0.715397430591863	146
0.115118398006707	0.95552241387432	146
-0.077739296098839	0.392582090042041	146
-0.097165159559477	0.469114728528653	146
-0.106798273899344	0.472157332521452	29
-0.116325163543614	0.155957430958996	29
-0.110013256543912	0.493393127116822	29
-0.089222448278585	0.387391781084394	1075
-0.02195112266718	0.665653602748747	29
0.103019976194668	0.794119388982526	2397
-0.014828554523495	0.586588602150949	2397
-0.078129347335996	0.470567915834492	2397
-0.011732471002606	0.65330998274579	71
-0.065716436408439	0.480183890215428	71
0.01802551532092	0.820328815421408	71
0.00426036339868197	0.501683499081625	71
0.095761539972641	0.399442438065857	71
-0.035512827861466	0.575952262917747	690
-0.020719429006505	0.4660770997945	690
0.054872371858657	1.04985843613462	228
0.014254009250684	0.862619397815256	9
-0.06307138818111	0.363761127733397	9
0.109538213554679	0.708270003946593	36
-0.032581453777506	0.66292564727701	610
0.122795968245577	0.825184141565975	550
-0.064728917824603	0.379166962715874	550
-0.079529429553071	0.388089903427928	36
0.039221085655761	0.51098759801805	11
0.124638284139588	0.509010690664518	11
-0.036033388701676	0.485291923494879	36
0.063166115271258	0.497206731779409	111
0.09755490161856	0.514993632702148	111
-0.086348497966169	0.398874825563268	601
0.11101152624984	0.59883136416728	601
-0.111808672083322	0.159552284481566	601
0.0952323960068751	0.407574088117949	3
-0.054526626666747	0.270724001027054	3
-0.113641435462254	0.153637832506503	83
-0.013631796191739	0.272072282599384	850
-0.113281845496589	0.154933036119063	850
-0.116325163543614	0.155957430958996	850
0.087824186647788	0.406702986939553	83
-0.055348531417997	1.44292439947793	1203
-0.064284671153688	1.00764703067205	1203
-0.00524389296946198	0.83493077366548	1203
-0.060213466310419	0.846747728172914	146
0.02392515395676	0.885881672683692	1203
0.036418784667639	0.660743238641908	29
0.111627642049845	0.619446483647717	45
0.067423532059158	0.513873912556061	45
0.10958742290405	0.636569867885875	45
0.048044214345878	0.513923049254946	29
-0.00985595368619602	0.502010205018375	29
-0.105636781503201	0.387755912444335	29
-0.078207392417769	0.567044695684275	29
0.058409727493851	0.576168467495803	29
-0.077018243966108	0.392552774281665	29
0.012995253621256	0.599303044559448	23
0.0468701059032281	0.609017018350507	23
-0.033331993487972	0.577548024138606	23
-0.060468459184395	0.379596962766477	690
-0.116600813598233	0.264887023077194	228
0.038921130830166	0.357146292028776	228
-0.109051584411516	0.714386564806392	228
-0.034621396522256	0.472046724839261	9
-0.090623825386715	0.401489017458019	9
-0.11246265480222	0.478141050783108	9
-0.029049153999366	0.866543361965403	372
-0.028205524969868	0.489559359682946	9
-0.00713128396257001	0.592831755757338	610
-0.00855174692324001	0.58536792535457	610
0.013646414476336	0.496748201258329	190
-0.115342988779239	0.398275278162186	190
-0.093067079733241	0.257986621691061	190
-0.103559998305867	0.37863951916348	190
0.00474654914336103	0.586903472086533	190
-0.118814088854811	0.263651707919868	550
-0.065160201534537	0.39646755904022	11
0.082551663482761	0.494168815814597	11
0.010343505358277	0.393046148913461	11
0.043046243482804	0.403824887867042	11
-0.020899464799412	0.379740965786412	11
0.010632102558596	0.38546900866636	111
0.014689085572709	0.595444035855704	111
0.036189432330424	0.770718397115527	111
-0.075552682777901	0.475649847701144	111
-0.016948623921812	0.2712616366163	111
0.087715682255154	0.393577717108831	111
0.043293998895876	0.37853716414998	601
-0.082424719333357	0.270212366549726	601
-0.058084853634467	0.254660038064413	265
-0.091100802977899	0.261433274643261	265
0.037472144233633	0.58241196563045	265
0.043034482871971	0.277015458410403	1006
0.090064351820436	0.412773459414806	3
0.099282286927856	0.597023416497499	3
0.038584139381679	0.509326690675832	83
0.117252894763946	0.19109165365643	83
-0.014022410346036	0.278349707917687	83
-0.051255563715111	0.384016781083501	83
0.052531216558122	1.81592467133325	1203
-0.0513234018187	1.4067907320669	1203
-0.098586797884337	1.04903902647602	1203
-0.085433083185133	0.857115973483474	1203
-0.087979898434005	0.734816649722646	1203
-0.091780796201212	0.772315367345525	1203
-0.034406095663054	0.845956568104721	1203
-0.00523761250753402	1.00747088169295	1203
0.00871859603243197	0.962437759808886	1203
-0.00480919655647299	0.741718834757415	1203
-0.044192101380417	0.764243026153491	1203
-0.031535712645612	0.70528881088459	1203
0.042785229710489	0.975380997503865	1203
0.018907851458161	0.506266742123517	29
0.112524809033725	0.631314426640401	29
-0.045338312071436	0.49960746193687	29
0.00433094258647504	0.729731349691305	29
0.053141589468924	0.597548543286098	45
-0.00133564569140199	0.482201231894215	45
-0.099033326898445	0.393379203054371	45
0.00209190628613098	0.49935033889491	29
-0.024820585565394	0.477752088541551	2397
-0.051549715781147	0.562280132742772	71
-0.050723694872399	0.391367255509086	71
0.026786490031511	0.515157229182819	71
-0.013820762420089	0.497330699257328	690
0.047852463853567	0.400348447966449	690
-0.058097189905235	0.359923492347455	690
0.085810711279033	0.399024568038875	228
-0.111774746988716	0.269484607141012	228
-0.053047032907128	0.881624870012268	228
-0.115050084091677	0.405566591158258	228
-0.108144512395716	0.375622080800055	228
0.084222717700587	0.695924802376241	9
-0.040973138415828	0.495559009422852	9
-0.00513772143789498	0.553903112430389	9
0.0538627964206671	0.462565987974955	9
0.013078414993974	0.661492948570372	9
-0.042171609547528	0.5581801037746	610
0.082251018632672	0.716314400654364	610
0.000747640936709981	0.591097914499325	610
-0.09124071336656	0.387238865676903	610
-0.089744515773473	0.272443333324185	190
-0.094985240957853	0.396239595922446	190
-0.080106333072354	0.472594936902986	36
-0.063800317901609	0.563948798735745	550
0.122762514150174	0.51328560442821	550
-0.084616744785734	0.367562898874255	550
-0.046012252475154	0.370975909169213	11
-0.07215209340543	0.361993643031887	11
-0.021093822735331	0.593666515417863	11
-0.00794421834026199	0.476491190296406	36
-0.083812352417694	0.396615395878244	111
-0.086625369446553	0.271026556616832	601
-0.066648665131865	0.393171694596346	137
0.10369399340946	0.628761726171075	265
-0.012851841819808	0.272777920415663	3
-0.016948623921812	0.2712616366163	3
-0.010991306271089	0.382024843291643	3
-0.124390604686552	0.144218294344232	850
0.118029646606178	0.195815538712146	850
-0.114274562455912	0.26577004559554	83
-0.013350589204677	1.25616829446149	1203
-0.022261455110886	1.1004916204348	1203
0.054679636557994	1.73341890683357	1203
-0.043750886940921	1.03319622297304	1203
0.00819605798649603	0.790214695660473	1203
-0.082166109784828	0.609505069915266	1203
-0.086368670772261	0.560396657319137	1203
-0.040908896241125	0.713194103515756	1203
0.041035116158591	0.831333092154505	1203
-0.102610642509391	0.536525075508871	1203
-0.010513434347102	0.679630059302786	1203
-0.080416844722671	0.543181144905966	1203
0.0762188420243	1.00903075522051	1203
0.084587512529351	1.11951068053093	146
0.03873863405916	0.868315333197145	146
-0.112940771305025	0.638782734313275	29
-0.00711704848550498	0.472881892726556	45
-0.084548369130105	0.383654337108208	45
-0.087040031979012	0.582377913294358	29
0.018686565026362	0.496281855905739	29
-0.016537696456009	0.662276696928271	71
-0.00913841552460099	0.280814338380485	71
-0.00306959986621502	0.451207668625008	71
0.00870334484484603	0.37974294921396	690
0.121403001955955	0.507703467825102	690
-0.01108615434892	0.387983663644956	690
0.09601456536534	0.585090182037034	228
0.00785191313697498	0.828230575441738	228
-0.049912083857017	0.384845823417629	228
0.102679608373592	1.00720131250163	228
0.0510223049782	0.924526979254451	228
0.087833000468333	0.62583201268251	9
-0.040898636273936	0.487923315471741	9
0.043507243146271	0.50151005419944	9
-0.014173119697351	0.395112629853101	9
0.055623425562532	0.949975757419132	372
0.091748496896469	0.717869309881437	372
0.04233187962218	0.611153204618718	372
-0.038333216182054	0.494166604561371	372
-0.068511601297059	0.631478241956144	36
0.092662809512074	0.512893584699854	190
-0.020447616715132	0.387218363183519	190
-0.0874572090254	0.274455489434643	36
-0.077616625798159	0.477364325657725	11
-0.060682815723071	0.267307631297192	11
0.123458967738319	0.505530535873406	36
-0.091405827446736	0.273777473122391	111
0.09153205647658	0.704383333899025	111
-0.019711451341392	0.383394582758719	111
0.097096413980283	0.520396182790943	111
-0.118814088854811	0.263651707919868	601
0.01702798047126	0.391245785640306	601
-0.116898596868014	0.15484281839632	265
-0.059297648706772	0.379566759321602	265
-0.109306051900373	0.262206634995577	3
0.012083831338868	0.393188789641065	3
-0.108673287848384	0.154850400054201	850
-0.010129192755226	0.277424616374121	83
-0.034262152738267	0.167034861267776	83
-0.054971955549552	0.276291528874226	83
-0.05174330342701	0.26761917134104	83
-0.030863703134254	0.166760626514399	83
-0.082893050682609	1.55150121223203	1203
-0.083920791175882	1.40730268910137	1203
-0.114751363633814	0.847379425875716	1203
0.042858677545957	1.2141305837542	1203
-0.086377898977272	0.862263535562303	1203
0.118281671574339	1.33675859541167	1203
-0.080021635518383	0.52441366309619	146
0.07385607117583	0.752758642301028	146
0.025397140325176	0.672548221322992	146
0.115421056837911	0.605004169384891	45
-0.00737433952500499	0.505802386956005	29
-0.041117187660603	0.482391769942903	29
0.103586242413642	0.621446405715137	29
0.033209674702685	0.609927706399024	29
-0.055302584465199	0.491572178340175	2397
-0.04865393166215	0.500723665700221	2397
0.113552994558016	0.483354943007168	2397
0.116188716703921	0.712513893517385	71
0.072941707495235	0.566252343278497	71
-0.054012890952777	0.391852370822034	71
0.085296633703576	0.63063070845161	23
0.015357801265982	0.395449185805341	23
0.070259570039612	0.510280550608282	690
-0.062097769878845	0.393504647538482	23
-0.053200473073532	0.38848849457157	228
-0.075399068497293	0.537156928196004	228
0.042650343798372	0.690192059930765	228
-0.074277709155759	0.568777934459897	228
0.119983115938011	0.962063448540892	228
0.015079853820659	0.737892397917376	228
-0.080156106475293	0.484084878444567	228
-0.111221237939747	0.330226780005836	228
-0.0436480598506	0.650197826120616	228
0.026894456234992	0.82261052505453	9
-0.067254793890099	0.490514954707318	9
-0.028450484677239	0.569416981961054	9
0.103431463375581	0.615894559882276	9
-0.000766892893626026	0.467977284864535	372
-0.054111203337823	0.556911053638621	372
0.114038287239107	1.02807765887511	372
-0.030878559284433	0.171666856078845	372
-0.056958880611592	0.268312609283998	9
-0.069785455348934	0.567061907094972	36
0.00220085226371702	0.658038422443715	610
0.015903918807082	0.594647912458629	190
0.046931885858801	0.6073680162208	190
-0.081185166914103	0.389631060998861	190
-0.122998802554046	0.266169858754045	190
0.085141537382683	0.70282849173992	111
-0.063240522336202	0.380531244541873	111
0.0944016292438939	0.403982031759655	111
-0.071848832201647	0.388693733781091	111
0.08789425367404	0.49814697650099	601
-0.084957025932946	0.273480260114346	265
-0.054858145330572	0.376704623514213	265
0.090064351820436	0.412773459414806	265
-0.064500627964094	0.250055755393167	265
-0.016958864778696	0.389132270341074	265
-0.11469991033997	0.151749372244271	265
-0.114376760208679	0.153599125754677	3
-0.116412951587723	0.156012044058552	3
-0.114290070662285	0.157070938330489	3
-0.01011052855483	0.278826498460718	363
0.117648689766584	0.190283063570255	83
-0.107938260225114	0.154958751568619	54
-0.03361802040995	0.171492856136262	83
0.121255761839474	0.19539411213957	83
-0.034262152738267	0.167034861267776	83
0.050910415568628	0.289164757680891	83
-0.030853245144421	0.16865764734221	83
-0.077208917047646	1.92683950728982	1203
0.010441926512549	2.30121395748617	1203
-0.013860087151958	2.05671303635632	1203
-0.064979539721447	0.82007604907296	1203
0.098434737409566	1.46357936603777	1203
-0.124628043282565	0.607836423427318	1203
0.077579709751529	0.927424392237128	146
0.092526075022807	0.82602796538814	29
0.124580948288088	0.699062535878093	29
0.045186915488	0.586516274284544	29
-0.031579272202416	0.495223400479811	45
0.083890191391009	0.713466821350132	45
-0.0424425173876	0.55307993238224	29
0.104688585163173	0.634868958208229	29
-0.044412447460535	0.582772407554738	29
-0.060761050024358	0.488540090696012	71
-0.081780996948381	0.396359472257487	71
0.01734065175795	0.576807128121459	71
0.00366081293457099	0.500434373335324	71
0.0441320338547631	0.513508294252972	71
-0.05983426856697	0.472534650677104	32
-0.120841874701164	0.391298562079393	697
-0.094381366063963	0.382621878036429	697
0.044005867042577	0.511471057480366	690
0.037958935170052	0.576725693803908	23
-0.065468826353786	0.580752862602174	228
-0.025048622062392	0.657538774339955	228
-0.073189474201865	0.569009892061014	228
-0.021160126911388	0.88023985369846	228
-0.031215561894622	0.854217186102195	228
-0.099142812651416	0.494629438271949	228
-0.027339617735305	0.64591613636364	9
0.124791218556774	0.874531715678468	9
0.051672204205732	0.820858468343645	9
-0.077184739190032	0.497113615894196	372
-0.123494061929182	0.366166180077538	372
0.06961672004112	0.938881379025571	372
-0.080183564877078	0.549156126460367	372
0.020372501741212	0.385078172815363	9
-0.024280427707746	0.508362431066257	9
0.015647226607361	0.393185868177897	9
0.057182068960302	0.67133841066836	36
-0.097810409719041	0.399497663811617	610
-0.097594762432616	0.392651723037463	610
-0.05914020878097	0.578246720709092	610
0.112350532117841	0.72714146619351	190
-0.030074493056148	0.591172877241487	190
-0.058730539591453	0.382486195079669	190
-0.11160609768362	0.483562630865095	190
0.060818139401553	0.605392405924874	550
0.049359554869775	0.614809859804425	11
-0.048355241814314	0.387130386122875	111
0.020797772769274	0.494001385877221	111
-0.069129113988896	0.382460584840815	1140
0.00673338392693801	0.389064856375888	111
0.050743248668699	0.289007200605363	265
0.05323174462662	0.281306713828379	265
0.017283522220861	0.38992938880405	265
-0.087454033293836	0.270965151767997	265
0.049553088061737	0.28454590688762	265
-0.03777447409692	0.164781776522234	3
-0.032856116933696	0.172207431346016	3
-0.111808672083322	0.159552284481566	83
-0.082991934478608	0.27342121143291	83
-0.00640613103126397	0.277557960625621	83
-0.031632125554154	0.16677308256425	54
-0.115675549873541	0.157431951292729	83
-0.048191635855057	2.02206323204912	1203
0.085740876342369	1.19897502861973	1203
-0.041121887106633	1.2377557066496	1203
-0.0759788969859	1.11297993963025	1203
-0.009661713494164	0.73664356297236	146
0.025306061884416	0.5136221040095	146
-0.063218651646601	0.372287355169716	29
-0.014803943435518	0.274433128481296	29
-0.089641239698971	0.535198987970459	29
-0.02083931549132	0.747423603701956	29
-0.057749310074135	0.50234924154866	29
-0.009863476907367	0.595586686283241	29
0.048843153958599	0.599143253979873	29
0.035260907525075	0.743238793169836	71
-0.068990087761022	0.486546425731555	71
-0.081804115531649	0.469685313483538	2397
-0.018517363615548	0.50188118061608	71
0.00882513527787798	0.672246291156952	23
0.068874466817187	0.5123630433752	23
-0.110336304924395	0.395268953933288	697
-0.02750904240153	0.49983451381358	697
0.097801791765032	0.520836021528821	23
0.074892755666412	0.866666649169152	228
0.00916798706297905	0.605973789466656	228
-0.050436681209105	0.665436429038866	9
0.043598600441122	0.768975273957761	9
0.073254402263116	0.870154274528183	9
0.111810856618592	1.18816305842861	9
-0.119779688196574	0.610999900538797	372
-0.00310547460107902	0.27081419572398	372
-0.054818631337948	0.527786688152008	36
0.100858875481567	0.90127143526061	36
0.090285462032338	0.79829554176873	36
0.110593732919919	0.771636233565756	610
0.10160154061924	0.792348977792658	610
-0.074463150837381	0.489368075714315	610
0.056023019393479	0.704663976760531	610
-0.049039413288155	0.634954543373095	610
0.084805064788038	0.703335982358754	190
-0.087244948674459	0.391549588443878	190
0.121298086066373	0.823502636564185	190
-0.030006790785574	0.463552269537029	190
-0.058081631907421	0.263746123122649	190
-0.043017212754728	0.382777071821218	190
-0.018992349070449	0.508244463541197	36
0.016382411237684	0.604995682897881	11
-0.035200622461898	0.457651393862314	11
0.024201907971465	0.498714261582951	111
-0.010773613437199	0.387941480376584	111
-0.054739759427318	0.274425325537243	111
-0.03553615567035	0.383311435244171	601
0.091209488146575	0.516483165342159	601
-0.032155294870618	0.171057763952974	265
-0.078988559270176	0.368683861680974	265
0.020047184501079	0.390336133228568	265
0.083612873072545	0.388885040246666	265
-0.083296588828234	0.271801786789637	83
-0.030853245144421	0.16865764734221	83
0.121221930205857	0.191977994150092	2081
0.122076172115503	0.201430407091027	83
-0.119294974588462	0.153683990110454	83
-0.109317262679222	0.153481859029311	83
-0.016756193125835	0.271207999491627	83
-0.00423654308342902	1.85560925828903	1203
-0.123398999235009	1.04109446056395	1203
-0.058656976567271	0.711151617025154	1203
-0.027773355915127	0.597151726301356	1203
0.086944284499011	1.61095577465706	29
-0.068216687154394	0.799730871139379	29
0.102924312813696	1.61883544345658	29
-0.088542319869029	0.26503660423332	71
-0.080178023815479	0.270750447654208	2397
-0.040014691995518	0.557565730110882	71
-0.118456581744314	0.390652004288572	23
-0.00640613103126397	0.277557960625621	697
-0.085492008665819	0.264142188562152	697
-0.120115971307724	0.152766065486777	23
0.047309798354921	0.284674180526666	23
0.120225611886297	0.514210661828647	228
-0.030548681381695	0.386296447438295	228
0.039107851190163	0.496180007933892	228
0.029834232559095	0.89354883492765	228
0.08632587434053	1.1300888276941	9
0.042475338739049	0.649826434513405	372
0.122931799694705	1.02158046377604	372
-0.050229944536925	0.609337723537599	9
-0.090695355084134	0.610640761239808	223
0.0356945828858321	0.483120871014773	36
-0.058200776215141	0.262719880692359	36
0.081068500047737	0.860166084700714	36
0.00702557146967897	0.82736298917486	610
-0.088586755819891	0.721806261851047	610
0.0464120532311481	0.39752652054215	190
-0.073316577307401	0.488636178077879	190
-0.100478482467366	0.493878728279136	190
-0.117284247263521	0.396251771128088	190
-0.066032260107248	0.383733518559517	550
0.090639483319187	0.408250910405562	36
-0.090313065261799	0.269712049318856	36
-0.061495671097461	0.267260652160514	111
-0.014411029090974	0.269858058413679	265
-0.115675549873541	0.157431951292729	3
-0.0125471629597	0.398410841269561	3
0.049772079258538	0.279040076853962	497
0.118892862835363	0.192614416933485	497
0.01816925076214	0.397099325574078	497
-0.105997558122369	0.357601693880211	83
-0.035083587945473	0.165721544483297	83
0.031951230781094	0.545731716095912	83
0.1184713881642	0.19066330145981	83
0.11692723352674	0.190712979024442	83
0.114114031747269	0.626159280230675	83
-0.016780179326414	0.386433276177127	83
0.048285367630409	1.01308305539116	1203
-0.093284939025594	0.789064809704648	1203
-0.105636781503201	0.387755912444335	1203
-0.100270816675872	0.484385961437402	1203
0.02273122261738	0.946722481717316	1203
-0.044659842263596	0.46159439624081	1203
-0.113714558038973	0.448620867996828	1203
0.061145091140371	1.59781520427234	146
-0.076449157698245	0.69156798411945	146
0.121759011949207	1.23733328241088	29
0.0686066594713281	1.02258834415238	29
-0.051278157151682	0.786303279391706	45
0.05091367251671	0.477483903619517	29
0.05358655596104	0.399181386484943	45
-0.113641435462254	0.153637832506503	29
-0.056691649153578	0.262126915401379	71
-0.01342579814922	0.393560885936475	71
-0.063966397719143	0.254901321097604	71
-0.085797113385609	0.274583576732982	71
-0.037961581611987	0.665304082213029	71
0.014266046816797	0.390944634229872	71
-0.09026035434849	0.381185084751564	71
0.082967907564098	0.3781481059165	23
0.0829315505560519	0.708797457638485	23
-0.107385757124941	0.151320653972602	23
-0.021301917313994	0.913232109090374	228
-0.092837129756382	0.393276265941484	9
-0.044127729891709	0.370124158831832	9
-0.101469977246797	0.58015396506275	9
-0.120422394409707	0.744347795124528	372
-0.052329621946413	0.393040559479685	372
-0.066527730941776	0.619826750801347	223
0.062414466434136	0.838684049275997	223
0.12219161218075	1.02379499659841	9
0.041182225798437	0.893849413953861	9
-0.117248275615279	0.613849558837449	36
0.084076877324927	1.00093652666753	610
-0.024078830558906	0.373448628137797	610
0.124501199624667	0.79031576887831	610
0.0856528238568039	0.72861637420337	610
-0.00698638213085701	0.274975982647036	610
0.013551813386504	0.507094473241527	610
-0.093804912495089	0.650968791021647	190
0.095821614273216	0.951050248597764	190
0.091375435656333	0.402542329819275	550
-0.089157743643383	0.262049777343077	36
-0.085782126143457	0.488496579818786	11
-0.061628229276753	0.582246704092856	11
-0.108029452674721	0.154497954953268	11
-0.124171030979954	0.250810091195575	11
-0.041784795619164	0.807692378301539	111
0.010567829243601	0.593657583521549	111
-0.110338353479638	0.155358233403068	36
-0.089122222716747	0.376542111205919	601
-0.032856116933696	0.172207431346016	265
-0.037754668348153	0.163746981931197	265
0.098300489252697	0.404452352709009	3
0.045052988612139	0.515941748390119	3
-0.116236846870096	0.151740973027868	3
-0.048186935080638	0.362515683763544	1826
0.118805831150545	0.195440497449165	497
-0.033558405016549	0.171307702237758	83
-0.033558405016549	0.171307702237758	83
0.118805831150545	0.195440497449165	83
-0.030125206900971	0.172372103841324	83
-0.029344617379453	0.168118197302128	83
-0.034085232258691	0.165928855360736	83
0.122119007457639	0.193431074679263	83
-0.105887766224974	1.55915329636619	146
-0.10997799862532	0.644238583711738	146
-0.065493755206649	0.777680045501037	29
0.0200281966614581	0.644007139033701	29
-0.071909162591433	0.493438214116682	29
-0.04001882234385	0.386276644745142	45
0.00840874629143895	0.387132144100143	29
-0.050886817959222	0.389383666728899	71
0.03879027321993	0.495520312360036	2397
-0.072620399762713	0.550662247743908	71
-0.007754571678256	0.393465546177242	71
0.078668739593404	0.820656188559264	71
0.045024717076232	0.400290638624325	23
-0.00408980446309798	0.706697039065687	23
-0.06676446720426	0.492834669754089	23
-0.124838152192864	0.382946231051376	23
-0.086886039429441	0.269382876598861	697
0.043812535400913	0.51761059783913	228
-0.074821859613294	0.376548434716829	9
-0.077707222039317	0.391630943617345	9
-0.061767003065292	0.709692749506934	9
0.028640149848615	0.577049548626145	9
-0.00505977573472299	0.480773578161848	9
0.110071854365745	0.639832841806523	9
-0.085070050702959	0.704255039449129	9
-0.022356814087945	0.590483807001008	372
0.099599507378703	0.805524154505341	372
-0.121107904860982	0.255851456585974	223
-0.024843344101106	0.498745572450567	223
-0.06709736324834	0.493994129174326	9
-0.09911535670402	0.398350556655982	190
-0.0000337312664189793	0.497422050278679	190
0.011178847594093	0.382190315751494	419
-0.0849344110019	0.382489069776047	11
-0.043017212754728	0.382777071821218	11
0.080219558261853	0.785629980584834	111
-0.061495671097461	0.267260652160514	111
-0.010701340873234	0.269673422668671	36
-0.095606712881158	0.395709590570317	137
-0.00777478878683802	0.274540641157636	265
-0.08603740069071	0.26918222634548	3
-0.006994751438406	0.277785358192214	54
0.093714606798581	0.510401825850846	83
-0.084830241737849	2.08452929114256	146
-0.060588493962858	1.10051728056054	1203
-0.081649313302802	0.690236477242914	146
0.057816352348418	1.0686455012821	1203
0.045637832365526	0.772347088658989	146
0.114444012935651	0.802215131813664	29
-0.105195289945893	0.400865884613705	29
-0.086891039005491	0.375256214076726	45
-0.074207667245191	0.469935165572332	71
-0.018822142641281	0.473691119965602	29
-0.027450353389774	0.4796861343955	71
0.039221085655761	0.51098759801805	2397
-0.00698638213085701	0.274975982647036	23
-0.079490400012377	0.715237809542077	9
-0.056812051733437	0.70965220487002	9
0.032264353253322	0.688298858554273	9
-0.070443764153955	0.571075981931069	9
-0.082991934478608	0.27342121143291	223
0.012964195380559	0.65289352455935	36
0.0468701059032281	0.609017018350507	36
-0.007494301650529	0.585563306167429	610
0.104523153148849	0.839423618376131	610
0.028184492224489	0.58055145715532	610
0.082161107393409	0.769724466986827	190
0.065629936950911	0.51170963801492	190
-0.084258568207506	0.365984642072224	419
-0.018959497506148	0.39316776544251	11
-0.060798567871427	0.377235979914217	11
0.05690388739509	0.503943649654983	11
0.047332689171671	0.594866475514023	11
0.041307407180041	0.488717050725774	11
0.039153518806992	0.492906771253836	111
-0.055585443798103	0.377453298961532	111
-0.017584147119437	0.392835185204243	111
-0.052804978728681	0.385553895703093	394
0.087840297688761	0.504955729635504	137
0.0427567665533189	0.392874613169006	265
0.046690639788569	0.261312860265522	3
0.049719931270714	0.277010851253348	3
0.045950262037525	0.282345741394933	497
-0.054526626666747	0.270724001027054	83
-0.032094472202418	0.168316179247348	83
-0.116325163543614	0.155957430958996	54
0.0502055136062291	0.398380952750302	83
0.0547743832511181	0.250818927487912	83
0.052862801687898	0.286874156005202	83
-0.055259072578616	1.02621358458054	1203
-0.054569700230804	0.907427395245477	146
-0.120265292902357	0.656938167364858	1203
-0.091019929108773	0.723702543536623	1203
-0.096002885820864	0.538385059850557	146
-0.003185116273558	0.503491066286345	29
0.103577347810211	0.956970569578309	29
-0.090789108215925	0.493895214178081	29
-0.120566739839289	0.392407864020133	71
-0.038644677019282	0.480050497908409	71
-0.034102920323223	0.57326742195283	32
0.012307189396043	0.385410787822697	32
-0.079167000794543	0.474726442395813	32
0.073839473947972	0.495027906808115	32
-0.067022216183614	0.3924826197887	228
-0.101868366511545	0.44377032997655	9
0.014945361060393	0.650009824029465	9
0.010765624680247	0.686632734845975	9
0.051524235181033	0.919819838790671	9
0.049000810912069	0.814967479317368	9
0.032577017462554	0.840646398604034	9
-0.00633097503999502	0.829799973034842	9
0.040858024730651	0.773182068636109	372
0.010739465309467	0.674459503828206	372
0.0443946097424121	0.279335406635154	223
0.00508075428008303	0.38478020648789	223
-0.094775417870742	0.263689242092711	223
-0.060564465589213	0.566115741072816	9
0.083605717751189	0.903100255213205	9
-0.101198862810799	0.482157538276382	9
-0.041481132007088	0.621819903784713	610
0.030466335382755	0.588744531168191	610
-0.018529162901867	0.55705782713339	190
-0.102241654412952	0.268489131851133	190
-0.002839794110436	0.491090220112079	190
-0.060579037188018	0.476732517816838	190
-0.013210108022899	0.383437358977867	190
-0.064960322368403	0.391828214526788	190
0.079465043985871	0.601084445715747	190
0.025704339689575	0.601595682852833	11
-0.058636245719641	0.275726601221191	11
0.025795909477438	0.511559288716571	11
-0.016175870831863	0.396639543904423	111
0.085600894553058	0.604431353908348	111
0.018412914752972	0.393568101043818	111
0.060818139401553	0.605392405924874	111
0.01120811259845	0.390476587623407	111
-0.00425574012902802	0.275038650070014	265
0.092414202653646	0.407689266409905	265
-0.034262152738267	0.167034861267776	3
-0.108944626250329	0.270868908897089	2537
0.045702438988819	0.276857433713621	83
-0.038802142349268	0.159011612344775	286
-0.114938850937462	0.157459754092218	83
-0.030110933399118	0.171638071817207	83
-0.013432760284165	0.276432871231841	236
-0.112455127725174	0.158055588629721	83
0.051337984839909	0.286949474818724	83
-0.105755800439677	0.993645586978932	1203
0.023912379890691	0.654293901994024	29
-0.053135002589528	0.271025418392845	29
-0.059760811259676	0.641374718323649	29
-0.05136030587217	0.566992955234603	29
-0.121341700286713	0.460174274953255	71
0.015169702337785	0.672786494336213	29
-0.013570820675076	0.640864179249617	71
-0.065468826353786	0.580752862602174	590
-0.119652773285751	0.464255017907532	32
-0.083821748303402	0.273341091386169	32
-0.124285054167323	0.388309458263113	697
0.028180466245189	0.979785217932713	228
0.0909077962457649	1.13777253953583	9
-0.00546787887044498	0.821076897878179	9
-0.095825577660888	0.617669394435008	600
0.109065185848161	1.19369121862762	9
0.053826719488222	0.282089543803239	9
0.035882611394906	0.662509024371906	9
-0.060430850337372	0.493303947950588	9
-0.028563431094008	0.489331814894644	610
0.08775894151426	0.858978021831199	190
0.064003236912913	0.510737229166059	190
-0.093961856555744	0.261446283396724	190
0.06377119515138	0.501403801002	190
-0.088789508083596	0.483487907405315	190
0.058439899929406	0.497450703064964	419
-0.121499781775339	0.384819946014711	419
0.072833182385101	0.492107905855805	11
0.106540941702234	0.809613503004684	11
-0.048589985220821	0.394437006646268	111
-0.068318523952027	0.379241640375014	714
0.00339965886340698	0.496128474376525	111
0.114861500275602	0.695685163861569	111
-0.105089402285176	0.369231767805269	11
-0.01166829229027	0.266913216733101	3
0.04637291249051	0.381159202675821	3
-0.015576857291125	0.270182253038118	3
-0.014612285198749	0.277544071275689	3
-0.015202385005097	0.274084896876462	286
-0.124851110719475	0.272102387224681	54
-0.016178326635885	0.256376078846893	54
-0.111073154367858	0.158761217583667	83
-0.117524437269742	0.452385151194501	146
-0.020849692943571	0.258222407552016	29
-0.123947280732849	0.483523640742807	29
-0.025627996605231	0.711935811565576	29
-0.102585971591292	0.526320866929337	29
0.038278773441169	0.85067787267109	71
0.108591580306342	0.966976258563227	71
-0.014029590385445	0.267016730293596	590
-0.067198255093937	0.394120410032658	32
-0.098394683347186	0.25101325824618	32
0.0436307565102459	0.279373153766967	32
-0.068629854345874	0.383269143128861	32
-0.01751451885953	0.482660501399989	32
0.109081728241326	0.791032179068735	23
-0.037948637832871	0.386251298095448	228
-0.045009651557787	0.503537606954926	372
-0.119863221751084	0.148635867981594	9
-0.108673287848384	0.154850400054201	9
0.0470585265982541	0.281926179496885	9
-0.045868650316737	0.663398086540807	9
0.038325030044446	0.830262550295201	610
-0.078736889610673	0.495582849071816	610
0.05741772798458	0.499063921296412	610
0.099691918988407	0.721388729697795	610
0.046966145327675	0.833686229648826	190
-0.018712181450929	0.644963090331837	419
0.057668049078095	0.751333501736817	11
0.014340856631598	0.746637468643038	111
0.104286069807986	0.610473627554752	11
-0.00733800317476102	0.488565146788025	11
0.067496919075583	0.625140329228923	11
-0.050837465134005	0.384008265210324	265
-0.103018539028151	0.399634903462506	265
0.05966678040705	0.488081672443144	265
-0.068569831705656	0.377900197907408	265
0.041138304246492	0.511058015256973	199
-0.029358376463472	0.172340564270388	828
0.11962621063934	0.201522244647387	3
0.092662809512074	0.512893584699854	1268
0.11431670339635	0.58834052341713	286
0.0128422645292809	0.40320934686501	83
0.046727641584012	0.275549775256962	542
-0.038494281918768	1.22526441301149	29
-0.01796786401867	1.21928786387258	146
0.00385980034379496	0.670797963050095	29
-0.095065588179469	0.401536317051486	29
-0.113839340112917	0.152864229987707	29
0.00277514013346902	0.805400435858798	29
-0.034312857754009	0.638343608573577	29
-0.042455717778967	0.638398423251883	29
-0.053316410497001	0.546673765482012	71
0.017275496929548	0.837088457171579	71
-0.106106072757035	0.485089148743518	71
-0.112046899030322	0.469652880404441	71
0.09050088627029	0.867326384734697	71
0.1026992956517	0.597237967926045	590
-0.037800258739331	0.442941395394555	590
-0.102230463705722	0.39359274718848	590
0.06175206878326	0.772051870121243	32
-0.07049416151016	0.528357505586551	697
-0.059072429491449	0.792755461822435	9
-0.091928461709087	0.26904263511401	372
-0.043725976633865	0.361694102649245	372
-0.031898207356406	0.161108405311014	9
-0.016948623921812	0.2712616366163	9
-0.048943183036386	0.255638684900473	190
0.037426346846647	0.758889783544148	419
0.011754782851767	0.391638346128279	36
0.122611619288798	0.92873745297252	11
0.118680916218126	0.679219651895628	111
0.022909035315114	0.678153604544614	111
-0.092663455717104	0.38164671884249	111
-0.087193418455361	0.270945179784896	714
-0.058264923349137	0.565731671305615	111
0.0833187319458381	0.606641255485899	137
-0.060029379205238	0.271341283440026	265
0.024662915458796	0.495766199632964	265
-0.013890775563364	0.500712866957912	199
0.083596511997378	0.629516671822716	828
0.124748115290575	0.500088746183418	828
0.00479196600842902	0.382421379363192	828
0.118805831150545	0.195440497449165	828
-0.014022410346036	0.278349707917687	3
0.093758006424291	0.413834742889111	3
-0.015576857291125	0.270182253038118	286
0.042759389960316	0.385191017486666	286
-0.113752386748087	0.272616871322209	542
0.120446143828703	0.197036537066415	54
0.054987145508212	0.272118282101631	83
-0.084637972385863	1.39636943621982	29
-0.04990824826939	1.53396050421891	29
-0.072070954373849	0.571559668464841	146
0.0926081828658189	0.411475832119743	29
-0.062467301844692	0.227436544646096	29
-0.111808672083322	0.159552284481566	29
-0.059521408064327	0.646553317663751	29
-0.035257124783424	0.727243117606455	29
-0.123406737189901	0.467727778474517	29
0.089848763511492	0.633675839052637	29
0.0258899544493461	0.741968179993744	29
0.091944125659126	1.01009405756546	29
0.070092507255978	0.968917186057774	71
0.027473625891333	0.79505353950292	71
-0.079729691420925	0.566324089621635	71
-0.116391421690328	0.398077074354786	71
-0.030125206900971	0.172372103841324	71
-0.097023223354894	0.256770743257254	32
-0.115762797028114	0.155635275207725	32
0.021712926143011	0.488000450665192	32
0.073627597174746	0.779448102725316	32
0.044768160218956	0.824494773702691	32
0.092554183435736	0.846900474396733	697
0.054859795960482	0.571746768090046	23
-0.031416534063093	0.665657291586824	23
0.104924831266716	1.28470339510697	9
-0.103586263234154	0.899104386660796	9
-0.123657820505817	0.698400481469676	345
0.087776423113766	0.395137238745676	9
0.00869631393119597	0.37698564689738	9
0.0159034349027311	0.394415841432257	2835
0.018436534203232	0.807959617825191	2835
-0.119008757386522	0.398330696031803	610
0.097187962523706	0.405010612914812	610
0.074741526095821	0.853993270421929	190
0.122119007457639	0.193431074679263	442
0.042883407708677	0.504099388802274	36
-0.107017237089974	0.56160058160446	11
-0.016197048192705	0.80422318786825	11
-0.026406428551836	0.734941570529127	11
0.114597302672135	0.616813991110736	111
-0.07207984421103	0.398808860266093	111
-0.030246664592798	0.564192815460805	111
0.052694421352795	0.280585801409302	1731
-0.00676452884713802	0.479771138511155	11
-0.00453215427145298	0.51165355343414	11
-0.115026082108518	0.157042157240657	2374
-0.054321909055447	0.393868515961794	828
0.08155910229041	0.493544649317878	828
0.089439370705495	0.391244716620677	286
-0.066648665131865	0.393171694596346	83
0.013387652336443	0.400339136468038	83
-0.090792157717649	0.254935038082784	542
-0.053366745809421	0.274189930337063	83
-0.117681383652505	0.261183325307049	83
-0.019977543779686	0.378710957737282	29
-0.018320006268022	0.268262710193445	485
0.020196089486735	0.812280179386543	29
-0.094411189472695	0.569635073781924	29
-0.03210632407061	0.579369652606725	29
0.04612425277842	0.847583752753617	71
-0.041266249786495	0.666363341483802	71
-0.098023426077299	0.585691947530335	71
0.072632090541298	0.665136576019186	71
0.081726840688013	0.843985926595968	71
-0.115762797028114	0.155635275207725	32
0.012103644157388	0.566157120307294	32
0.012554862897607	0.650393053324373	697
0.013412058126494	0.648887752402274	23
-0.03386994319972	0.494223731847261	23
-0.09034520188849	0.830842849993558	9
-0.00705737202596402	1.134648033745	9
-0.115624338782728	0.693157149588903	9
-0.063967182107322	0.751232450608293	9
0.00419845094649296	1.10002626907917	600
-0.06336517159268	0.371402702645536	600
-0.108465092364352	0.468858150204008	600
-0.017140439250565	0.267272460253289	9
0.062010430508874	0.982776894286433	9
-0.111251039607997	0.154765629006571	9
0.122076172115503	0.201430407091027	9
-0.030878559284433	0.171666856078845	9
0.120778716673705	0.859941543808097	9
-0.107380787358255	0.557922802148091	610
-0.106688415337054	0.395207050140293	610
-0.079934253766904	0.468905183646092	610
-0.066570209427866	0.624003213103956	190
-0.119379969728411	0.481185843076968	190
-0.082878255194283	0.383153903437561	190
-0.063319823343376	0.25787522905962	190
0.071782732438836	0.83436021280864	11
-0.08680019983284	0.631660473585051	11
0.0927557939279881	0.940300447253073	11
-0.105900158334942	0.486900391741846	11
0.037465514196292	0.746763998208362	111
0.00651693875702097	0.580915887107202	111
-0.028329088064431	0.496291748629503	11
0.088584239755149	0.392599977950413	111
0.068696432609906	0.680341405162215	111
-0.056817871211241	0.563923836212227	111
-0.105025622363434	0.379353661022488	1731
-0.072295052477844	0.487951786023595	11
-0.008337966621842	0.499338343389054	137
-0.030093257110939	0.165022192894233	2374
-0.034720462245659	0.483887801750445	265
-0.010699162996916	0.279064658335025	828
-0.116253846256186	0.1553309012695	828
0.124628103618727	0.279069050894781	828
0.049177486128471	0.280938779123333	3
0.017396796029912	0.484587577516179	3
0.039587149967844	0.514888952701168	3
-0.114202857870184	0.156132490652696	1268
0.032172945511153	0.474391355123525	286
0.063848108519526	0.502206020470307	83
0.045871626911452	0.404956907834775	542
-0.05718833279293	0.266551447745509	542
0.010909322906506	0.397079759549123	83
-0.110427532079184	0.158366184621759	83
-0.116614344889214	0.263002591021272	83
-0.100684359925769	1.31676356288259	29
-0.065424946761861	1.49418924799755	29
-0.094918444207776	0.375821861807983	29
0.0109349582381419	0.652639273252575	29
-0.046042006110602	0.267413806491832	29
0.050674777390983	0.40357376224115	29
-0.116215937497795	0.484446711014079	29
0.01942266208849	0.652875721110774	29
-0.041591030270791	0.786470010050127	29
0.085776848235314	0.939186728353277	71
-0.084444367883419	0.554199380091554	71
0.120932459976113	0.185859537927564	590
-0.116253846256186	0.1553309012695	71
0.024167984523659	0.580997677698963	32
-0.063119991461508	0.263117770284513	23
0.0367658450464941	0.591804699235226	23
-0.099291500974777	0.844906726080214	9
0.00697433557576699	0.99457025221224	9
-0.024255804088065	0.952739705715692	600
-0.123436244323881	0.400935793780862	600
-0.040082874222	0.490553215553694	9
-0.112455127725174	0.158055588629721	9
-0.010856401492425	0.739009351336711	9
-0.065557500822769	0.639982422607877	610
0.073339282968183	0.782957407844846	610
-0.080806923435401	0.566995272531041	610
-0.115537958625064	0.555623797655807	190
0.118849939816202	0.201943652777816	190
-0.064201874917312	0.544089152331591	36
-0.094288180567467	0.54454857322981	36
0.0642846497152481	0.500463753074479	11
0.086687102922817	0.842863726739762	11
0.052903387877705	0.744075876573926	11
0.02334161952822	0.823583516061628	11
-0.071608138231071	0.477904327497994	11
0.087197790058273	0.393967027504378	111
0.081204637631924	0.924784364368294	111
-0.113554765781125	0.155758177675018	11
0.031349473293502	0.664947617847226	11
-0.086750014681475	0.374358945499775	137
0.121299130100455	0.19765529034279	2374
0.060249775250223	0.514122200057906	265
0.095972893910681	0.592506167965093	265
-0.02746791598724	0.361861344179416	265
0.064445665041679	0.601106957043462	828
-0.006994751438406	0.277785358192214	828
0.0145229228053541	0.394581721976385	828
0.050148283132671	0.288176659673767	1268
-0.034380182800948	0.16655992563091	286
-0.033558405016549	0.171307702237758	286
0.050366443138791	0.2722600398806	83
-0.010699162996916	0.279064658335025	83
0.087474261590254	1.65704791062696	29
-0.117948442263491	0.942137916114722	146
-0.015253887433373	0.594414754545746	29
-0.014793978521365	0.269495539921017	29
0.028046532612891	0.743046649769961	29
0.093494699878642	0.71344767991272	29
-0.03361802040995	0.171492856136262	29
-0.01246728819791	0.26429360089633	485
0.00395957552936799	0.37591677877812	29
-0.107583368611321	0.485151701246141	29
-0.00549430490441999	0.752529923653271	29
-0.098536683644155	0.567560357825453	71
0.030929568869714	0.892116515423619	29
-0.105305451492539	0.573811098464574	71
0.018400136810789	0.862140784024335	29
0.013976925005971	0.39341357511238	332
0.09943976267795	0.859391842587315	23
-0.00451307712055299	0.597518179192958	23
-0.048580128649617	0.818419416953619	9
0.044700254189457	0.768796996682427	9
-0.00773719802332201	0.979865036316239	9
-0.118516421221948	0.627559934640928	600
-0.032509508100569	0.382579075968212	9
0.077411681237829	0.602408383448034	9
-0.056665210158325	0.499035029748374	9
-0.033558405016549	0.171307702237758	9
-0.110427532079184	0.158366184621759	9
0.0517467580125081	0.274380916326419	9
-0.055568369244163	0.273301150283359	2835
0.0604099044338921	0.514477753196809	2835
-0.028571708145591	0.655531637959022	2835
-0.092711762247088	0.385540821656144	9
0.055215524759049	0.701176814681961	610
-0.09791556594825	0.525087173225357	610
-0.02323198123247	0.657634346475532	610
-0.057587859346828	0.774349650013873	610
0.019305473454859	0.484611181641635	36
0.11911074257651	0.737945112637978	11
-0.028057572008179	0.49353080714736	11
-0.093555039648542	0.391177721960112	11
-0.124826990535457	0.401064989269508	11
-0.039489495365503	0.641889691406769	11
0.071204247048141	0.500163124579071	111
-0.114056698540039	0.271967948232336	111
-0.020805801365283	0.652239298179523	1731
0.0500588935876	0.621237883612057	11
-0.07104213463027	0.374170508189515	11
-0.104383981039297	0.402150075129003	11
-0.059069345712533	0.377669341991088	265
-0.048823627994908	0.268056725243651	265
-0.102563586218243	0.395956649535653	199
-0.119408261734639	0.264381921173688	828
-0.017129792795948	0.388935063932445	828
-0.087763331028265	0.275486712016111	828
0.04028187482837	0.390728974700128	83
-0.051902257586828	0.273793376168428	83
0.118029646606178	0.195815538712146	128
-0.031394207996038	0.167251262805583	746
0.015966135738918	2.358401996044	29
0.121541383813622	2.45617037208026	29
-0.101824314861714	1.56516135616291	29
0.054957642780243	0.700981888901772	29
0.044644636398404	0.26701492009109	29
-0.111542173143108	0.148917877214449	864
-0.089992051382388	0.26929524684828	864
-0.018883771824072	0.253037805042528	29
0.059164450958758	0.387688844029176	29
-0.093465377340002	0.554118067683381	29
-0.099486309699502	0.564385054980948	29
0.122804041025175	0.714187854213333	29
-0.080063359340498	0.490695239557387	29
0.055183275109608	0.880206510715733	29
-0.035011216846361	0.492732370612841	29
0.057905076797953	0.897827699493865	71
-0.034380182800948	0.16655992563091	590
-0.020023525680543	0.388492615084259	32
0.057096141842934	0.495666753795798	32
-0.031632125554154	0.16677308256425	332
0.109259369471494	0.184694705504727	332
0.086363802601274	0.392052612067481	332
-0.010699550840409	0.584714681023549	23
0.027842421597695	0.681547698366959	23
-0.096511176883317	0.369578221100238	23
-0.116109072005718	0.396060394812254	23
-0.112515350129503	0.477363224686215	1431
-0.012863141962873	0.939385467569675	9
0.00681202693053795	1.01816875133621	9
-0.039858959628765	0.897764684876978	9
-0.097277162969841	0.809290764920407	9
0.00184479152705197	0.914734591664713	345
-0.108776098725605	0.807789909168699	600
-0.120589459408962	0.463483644121624	600
-0.095989452013911	0.399132618237007	600
0.050982154133757	0.272079308436891	600
0.073777044575075	0.782850524366776	9
0.122119007457639	0.193431074679263	1198
0.118892862835363	0.192614416933485	1198
-0.030110933399118	0.171638071817207	9
-0.069569146006728	0.239304824249265	9
-0.040940327611726	0.492686863850395	9
-0.002193405284868	0.560502281583611	610
-0.018870590755382	0.590572673327962	610
-0.110415080637037	0.480602897692241	610
-0.043053736970339	0.503019282722932	610
0.012296714825615	0.403295948532735	190
-0.083581363811399	0.478892825240508	11
0.00366891369708999	0.37050492177043	11
0.112678190260234	0.872177557799768	11
0.096290396046895	0.914798892780607	11
0.09149058122092	0.824301708830139	11
-0.082262544409993	0.569582255867221	11
-0.082786454876991	0.575781651834498	11
0.059016171997955	0.773222419788422	11
0.00647061487135603	0.391382015948249	11
-0.078894077522886	0.449695623936579	11
-0.047880245512147	0.493794731617488	11
0.061135176238405	0.480912088246856	265
-0.100459193548711	0.392534190248629	265
-0.038085700086359	0.37234447500012	828
-0.030125206900971	0.172372103841324	828
0.118849939816202	0.201943652777816	199
0.092162843722732	0.388501972174698	3
0.088818027332336	0.492257132343968	286
-0.019711451341392	0.383394582758719	286
0.121377083788739	0.515841361076258	83
-0.00913841552460099	0.280814338380485	921
0.121299130100455	0.19765529034279	83
-0.115675549873541	0.157431951292729	746
-0.120138198928214	1.43335345372566	29
-0.097334703786538	1.4627522184747	29
-0.10674472314825	1.36957649704944	29
-0.065476701420675	1.09631870335823	29
-0.047083242423549	1.26092507125234	29
-0.123688507653034	0.269446550016167	864
0.086776687955582	0.517157083227604	864
-0.013643326910204	0.263178893605802	29
0.04336273089127	0.373651008891138	29
0.072809816557047	0.607070488821045	29
-0.095859228206599	0.612347560682438	29
0.017423624711405	0.912538273059918	29
-0.011817342541054	0.593299476900288	29
-0.095651820553791	0.471576067490863	29
-0.031826061608869	0.578462948726388	29
0.111315874504322	1.03390321856214	29
0.050830974356131	0.760406552370241	71
0.06306671500642	0.521199275721884	590
-0.087501044559889	0.271979394815089	590
-0.049497846807982	0.490509298722288	590
-0.037764608719315	0.168297810515123	71
0.042056675864108	0.709264930840179	23
-0.0277730169011	0.648655047387281	23
0.122229873487093	0.964622891539326	23
0.033519813420275	0.666110346220483	23
-0.015633424962659	0.577328621165069	23
-0.112766034312419	0.633353869584386	9
0.056848021772093	1.14287234383577	9
-0.049907993618018	0.929455524807925	9
-0.017975123407554	0.387182897998997	600
0.105279903499064	0.63316204758759	600
-0.071418903388509	0.389243140207252	600
-0.107898973949383	0.269408940389585	600
-0.027887780277371	0.498128401536808	600
-0.105164781279758	0.55842135419762	9
-0.037011107457509	0.165642997229716	1198
0.041908444132813	0.2601349944801	431
-0.119381843140074	0.154135697628218	9
0.013971054897292	0.38866937776786	2835
0.065374007760165	0.519783624716233	2835
0.032128289228329	0.476795203366727	610
-0.032167735318302	0.386828667738261	610
-0.073537909170807	0.368117939259496	190
-0.116253846256186	0.1553309012695	190
-0.11408874075266	0.454912685866436	36
0.066337018915864	0.809418623081894	36
0.076415652791713	0.847650572551109	36
-0.01811105162162	0.658873128140188	11
-0.091408641379529	0.493819479645626	11
0.012465998626321	0.762546841989929	11
-0.058589596367814	0.502308168273892	11
-0.035820749754152	0.475345177728535	11
0.01911181604905	0.598922491105602	11
0.11962621063934	0.201522244647387	265
-0.00967899430146402	0.389913334620517	265
-0.050268672534836	0.354834798682434	265
0.061184394218369	0.670181768243798	265
-0.095528419779629	0.380807130073987	265
0.0128422645292809	0.40320934686501	828
0.045506679861675	0.378011999304282	286
-0.058636245719641	0.275726601221191	921
0.044985638679627	0.385267799613918	237
-0.033499393925271	0.163455590078674	128
-0.122747472992737	1.5521078241181	29
-0.082239325297053	1.67144945571416	29
-0.119668215913044	1.45018202794451	29
-0.064145301323219	1.94148959657685	29
-0.08532168303703	1.38121990357915	29
0.030773758881909	1.41829691159144	29
-0.03771015873337	1.48328026683107	29
-0.027103838617709	1.01333321783731	146
-0.108710479387671	0.275745772709872	29
-0.032856116933696	0.172207431346016	29
-0.022494690566913	0.365869436644104	805
-0.051695582120983	0.564734943334652	29
-0.079086835596144	0.565968838166192	29
0.059136151294954	0.784335163939886	29
-0.081776530596528	0.560442071821475	29
0.037713212026696	0.694092556636774	29
0.027507385714848	0.670249704076504	29
0.00468866274999302	0.661953218366601	29
-0.060891764156194	0.551272033581592	29
-0.10039248435401	0.489499011242141	71
0.041107455750545	0.390600635361242	32
-0.123745635579376	0.146650219858658	23
-0.088276513431087	0.472058506752712	23
-0.101230330031853	0.486525015347249	23
-0.045010366089273	0.500049502770677	23
0.0217661203234401	0.612232889879509	23
-0.090931634923007	0.375684750610761	32
-0.040787822035365	0.731654128753345	1431
-0.00428117613232398	1.0252876079238	9
-0.00248997558333403	0.946052618195626	345
-0.083080281942705	0.826911432393079	345
0.0892668073501	0.610629514796638	600
-0.038961220473666	0.482541203786826	600
0.089352322014386	0.522868675978795	600
0.079718970423641	0.77785159788759	9
-0.017615235474032	0.795112854364365	9
0.120478806402945	0.191904998295314	1198
-0.029372068306671	0.168506458901295	431
-0.108159022214391	0.2758146764239	2835
0.047789884787225	0.614005760301996	9
0.088172575097335	0.851388742976052	610
0.096417143585644	0.528919291418376	36
0.115250614627185	0.194235280357882	442
-0.023951276966725	0.643412844401574	36
0.00980437130001199	0.584159703231208	36
0.046226817762007	0.684014990561304	36
-0.049374206752991	0.568529877906475	11
0.0238633313414	0.5919432144479	11
-0.078255017315711	0.384769490340085	11
0.012878682265165	0.388514735898957	828
-0.111162358829902	0.159147929071506	828
0.118029646606178	0.195815538712146	199
-0.011478459534481	0.27518286139168	3
-0.014145354410326	0.384551073724523	286
0.092378352511951	0.522034761305206	83
0.119920426847661	0.506703956594568	921
0.049982005584459	0.285679589370213	921
0.114478989136667	0.194606563884473	241
-0.072359638263179	1.93221693374015	29
-0.05120024945286	1.90996355934662	29
-0.101908735975346	1.65617189086574	29
-0.05882011706041	1.67392767014224	29
-0.056466995700963	1.72575709155972	29
0.0620962692572971	1.71312683868455	29
0.098181253055425	0.619749299860646	29
0.048638899930378	0.393338787082968	29
-0.018957830825631	0.569111994673279	29
0.118849939816202	0.201943652777816	29
-0.028606032231614	0.168487760111406	29
0.09235064567443	0.413319751497668	29
-0.06296582015442	0.57563253260289	29
-0.078804974801727	0.56450340879704	29
0.093485718392625	0.78510374387318	29
-0.114173320793453	0.397968150136538	29
-0.097731603976774	0.564648707434732	29
0.124201669350181	0.77321735257551	29
-0.055064805982671	0.572042980797903	71
-0.075003194360144	0.383296022439617	23
-0.00126748130200399	0.494362918896153	23
-0.041717432439386	0.627323842657374	1431
-0.030213576230453	0.965531581357247	9
-0.106502838986365	0.653060728922014	9
0.017468277949052	0.961771609839403	9
-0.112110558792516	0.723107531324255	345
-0.105849219340605	0.5905027161045	9
0.010914441274086	0.399870400628865	600
0.012587707622382	0.399590553948145	600
-0.11988400677817	0.40177016143358	9
-0.104250142796814	0.143949831117558	1198
0.118849939816202	0.201943652777816	431
-0.01207116524332	0.272062150348806	2835
-0.035602163644484	0.801992317547101	9
0.00952665717091505	0.399166904192688	610
-0.094336309529814	0.43766149054986	610
0.031932997409029	0.497089223379862	610
-0.059560970809875	0.49266260407737	190
-0.03361802040995	0.171492856136262	190
0.024039682710964	0.594082582817514	36
-0.114014759244257	0.265214137834356	36
-0.033754346846796	0.466526989461075	11
-0.101638745444554	0.387949413999764	36
-0.124444500627512	0.473645311037606	36
0.058295958711833	0.653359887352949	11
0.047846131389517	0.612959002477212	11
-0.111392513736764	0.398343464160951	11
0.02092135446094	0.689639844678641	111
0.034027341734379	0.689110083188865	111
-0.084010620551571	0.390272035645072	828
-0.030863703134254	0.166760626514399	3
-0.014039905729837	0.262743557874522	3
-0.116559027183139	0.271113713243831	3
-0.016614847142058	0.384638111104957	286
0.086981909136267	0.374885452746464	921
-0.030878559284433	0.171666856078845	128
-0.117171040326151	2.33325421654544	29
0.013081585992166	1.64937718655253	29
-0.109669778359392	0.547861935512392	29
-0.123953054224332	0.470386629374485	29
0.098916327741016	1.08816876417789	29
0.0710928092619399	0.757180871811175	864
0.0915862686198951	0.39327591395224	864
-0.037001754417234	0.167235364284125	29
-0.112906817976959	0.152419850500768	805
-0.062767575403658	0.638873147422182	29
-0.039899731636745	0.66913925463406	1138
-0.036226706157268	0.667440128162373	1138
0.039180053122572	0.667229522904744	29
-0.096870443748712	0.549124225924661	29
-0.108953756408244	0.541047053309673	29
0.037837734458993	0.75554513389651	29
-0.092299133186205	0.256829474292159	71
-0.056716170300207	0.578620949283915	32
-0.067441982215192	0.384548081284344	32
-0.084617602295068	0.359712238932378	32
0.0238980595171801	1.0898679440338	9
-0.073984059995557	0.565618092743722	600
0.060763484691899	0.51423255931779	600
-0.079916562792775	0.268994531784387	1277
-0.040297952897511	0.793050567397274	9
-0.098356573791415	0.354904309451211	9
-0.02574788577093	0.593710971998335	9
-0.112603846880315	0.398666651548632	9
0.049009733890738	0.280734413670193	190
0.047279729854356	0.408329911098445	36
0.00298539640911899	0.671031977974218	36
-0.108910539573133	0.489234470727477	36
0.019889530742791	0.491336138892367	11
-0.105427281674478	0.386457113682785	111
0.10700157155408	0.684202403922444	111
0.0532494359313001	0.684270213043047	11
-0.038676498173212	0.380254469903068	265
-0.055820293932694	0.480610418241598	265
-0.091974653907848	0.270992973846469	828
-0.021440768267771	0.256171250189662	3
-0.00989613413036899	0.388520508914041	3
-0.058431417824084	0.265143011242095	286
0.044725628534041	0.382951148351063	286
0.094274337441601	0.406038293924192	921
0.089934681129509	0.491311386006757	921
-0.087193418455361	0.270945179784896	921
-0.058029402408919	0.265086062195529	1674
-0.031394207996038	0.167251262805583	241
-0.03361802040995	0.171492856136262	128
-0.01032237311525	0.277187516422947	128
-0.106560956428638	2.35905013118895	29
-0.103300188770651	0.906841478474955	29
-0.09232604215265	1.01158384333084	29
-0.114947992958826	0.718184953655876	29
0.071861960397647	1.14536430545489	29
-0.113869185210987	0.527167291045979	864
0.065974379920665	0.501973065927957	864
0.04263255831007	0.504907961584315	29
-0.0292024176498	0.569016750176406	29
-0.026487024535643	0.575675008566905	29
-0.071210539347298	0.485752385099945	1138
0.0631978104649	0.653482476091958	1138
0.004593405350516	0.670133900785525	29
-0.10311711067858	0.402694904965774	29
-0.122160275722978	0.363892529572831	29
-0.077711313901235	0.389669643186069	29
0.042939696463234	0.587680072631367	71
-0.032420461160985	0.503457213415955	71
-0.024077543583154	0.491162304052242	71
-0.112207679347578	0.399532009452067	29
0.071313375608007	0.787114829278841	32
0.084030791595315	1.0179200055174	23
0.066516109017102	0.6149296369191	32
-0.00784360091617398	0.501416371048713	32
-0.120982106234959	0.571882305159076	1431
-0.098228357509236	0.645443395209373	345
-0.102839421592029	0.568233142141324	345
0.009200549371573	0.828428345437869	9
-0.051320959382092	0.633192454167212	600
-0.010449054304057	0.367440471117306	1198
-0.033128250720712	0.396716162386918	1198
-0.109865713758017	0.517642467551659	9
-0.035986049244929	0.489372915758203	9
0.071823242722433	0.858321528724266	9
0.016256194025056	0.681822551975263	9
0.121198366894978	0.812960212593327	610
0.025750491608862	0.593510771232927	190
0.107391482962869	0.816075796056094	190
-0.056197039574433	0.273366070747625	190
0.00598328337197895	0.506937750559194	190
-0.060361746973589	0.539042337976722	36
-0.10132628144701	0.573743458052262	36
-0.11083751381456	0.384507048216668	36
0.072314201283773	0.764810054661444	36
-0.039620371386832	0.486059945407025	11
0.114967513288223	0.726324882895637	11
0.068573498143838	0.785168455544575	111
0.093276435089094	0.772892364218274	111
-0.042853132358883	0.380766687297803	111
0.0182986874786371	0.501361413922424	11
-0.090259125456601	0.399829315490443	137
-0.117428095529061	0.265809699439388	265
0.107798445188952	0.609214230416951	265
-0.011278335949147	0.271282960154323	199
-0.090272107315968	0.262092798231668	691
-0.011478459534481	0.27518286139168	691
-0.085215249486948	0.383309311826243	3
-0.082401693314492	0.268731309001953	286
0.0482432031379419	0.285569125299453	83
0.0443946097424121	0.279335406635154	83
0.0530650288688011	0.275130942882742	921
-0.053873043227677	0.264839009770561	241
-0.030878559284433	0.171666856078845	1055
-0.118583508027373	1.96649887043255	29
0.00242896411723703	1.57998633199124	29
0.041707123508587	0.594507346648736	864
-0.098046450035451	0.368020826124315	29
0.028561100298816	0.892137561515571	29
-0.028823966793598	0.620279295831279	29
0.122576910580364	0.968826828116158	1138
-0.098894321458377	0.496791343148827	29
-0.124987585101271	0.408589451948081	71
-0.020535282847594	0.561703298807324	29
-0.069385036861919	0.472894774180997	71
-0.066164148718278	0.552540259357028	71
-0.00663975877887002	0.588644165327995	71
-0.091831745841944	0.376965482365934	29
-0.02499835034684	0.578033188506359	29
-0.066736447101145	0.37524637755702	1243
-0.094038042393528	0.387920963762633	32
0.004138577613648	0.496760543793343	32
-0.033843627760156	0.931654843513842	1431
-0.08039196460219	0.636388116622989	1431
0.052331948903117	1.18300685859975	1431
0.021644015883126	1.09748349369919	9
0.073346560027566	0.915101496314513	9
-0.036985630192196	0.690937280061093	600
0.00607373492965702	0.59384665318917	600
-0.08640467972011	0.494230363676464	600
-0.104385209504913	0.457185035748044	600
0.054987145508212	0.272118282101631	9
-0.111143861140407	0.528472986017144	9
0.047309798354921	0.284674180526666	190
-0.081278547292918	0.461167293825045	36
-0.115110012684894	0.256227567260744	36
-0.112762557539033	0.36006462027103	11
0.011895284110822	0.682496153392622	11
-0.038179966120835	0.458136755764398	11
-0.058648101662771	0.495787941898214	111
0.0416386395835841	0.513945873047638	11
-0.096954494538865	0.375316758929324	11
0.047177799332233	0.611995919327053	11
-0.081069755578288	0.379086880934473	137
-0.050197411170831	0.482076421264852	137
0.052195851843054	0.380065156993727	828
-0.113448912496357	0.258654822442937	199
-0.01207116524332	0.272062150348806	1190
0.049982005584459	0.285679589370213	199
-0.090011569619675	0.26151776997019	3
-0.084970040199933	0.356947535222812	3
-0.011877104631756	0.27301031447128	286
0.084605498490604	0.373597389703283	921
0.052012168132104	1.36555354124435	29
0.041457179680318	1.27027744354866	29
0.0980089702118559	1.42767282497449	864
-0.096258517037183	0.370768216833937	29
0.01809383068182	0.680879819571883	29
-0.123633524487516	0.392979222565758	29
0.00378955635224398	0.674463080786349	29
-0.083390679063925	0.379705308081013	29
-0.035626814999742	0.889165866457663	71
-0.07269284340925	0.54967824152624	29
0.095738432263107	0.722706151808093	29
-0.034153353876699	0.489236858190357	29
-0.114419351799722	0.649825327034982	29
0.018910002541776	0.725607447991024	29
-0.065286734243152	0.49580491350324	32
-0.076554376797367	0.710968858001604	32
0.079273458047367	0.772843852245435	32
-0.021808317952959	0.497712901293584	1243
-0.013078163187165	0.67082916956764	1243
0.022344607973374	0.504241053175226	32
0.124210588555705	0.626203204559224	32
-0.033293485498762	0.65808632580011	9
0.058781970076063	0.701544617962728	345
-0.02284456991893	0.626565463824009	345
-0.064049746994606	0.647342911992906	345
-0.05880099716	0.630794198275051	345
-0.058765544772733	0.563830781366134	345
0.018607500335493	0.669978996940901	345
0.110516596491762	1.26156044952601	600
0.080581768197464	0.919769067384403	345
-0.069020291568756	0.450691125137337	1198
-0.00246752718704402	0.486956379752791	9
-0.088819480236504	0.711706920254715	9
-0.1248207198844	0.611057288282051	9
-0.034329070844104	0.575669288168557	36
-0.016770308543883	0.708277656335648	36
-0.00625647261774698	0.506084951459512	11
0.00681011807752197	0.492558632828963	11
0.097803676226946	0.573324984892816	1731
0.06778397506255	0.515508294161976	11
0.00460021397594101	0.507015602504143	11
-0.05082359183857	0.493555100404685	11
-0.033795927360713	0.385121281643	265
-0.084073743620529	0.270178283501241	265
-0.013829973042106	0.279329286172205	265
0.122076172115503	0.201430407091027	286
-0.087548334734615	0.369836425508104	83
-0.00251669929158199	0.272540073235111	921
0.11392481255372	0.966395839627029	29
-0.039511620488584	0.63755879163392	29
0.014048755558503	0.484766227018691	864
-0.089199084637305	0.391314988629774	864
0.105581368037502	1.07562945686776	29
-0.03870870910692	0.661560768518683	1138
0.054314703006511	0.619867120251882	29
0.00243801342857997	0.731637338145739	29
-0.070052883912771	0.626195194779156	29
0.010367624146926	0.669747846072012	71
-0.018506073302866	0.389918291822903	29
0.02720428792858	0.652018371734542	29
-0.014234184304675	0.263912411899844	1243
-0.103894664616634	0.266001495190701	1243
0.00993714184074701	0.586988717505481	32
-0.115879994203366	0.381902758614465	32
-0.053664568827728	0.843355144843664	1431
-0.00404891324564299	0.901344548894814	1431
-0.093372295598504	0.662240459709348	345
-0.096100257686099	0.767535762239924	345
-0.099188612547064	0.789103083178091	345
0.00364732612237195	1.06636283971393	345
-0.123422171574375	0.649952464333478	345
-0.088579888049464	0.65504563503574	345
0.096039289811684	0.409870086976595	600
0.061713124477383	0.930438622165593	600
0.089168051892788	0.370379895483863	9
0.000676694536749012	0.588582131860363	9
0.046078273493261	0.884558860071204	9
-0.117974779400035	0.445408437461038	9
-0.110545161264744	0.532849889463012	610
0.00161863855085498	0.652311428507717	36
-0.034320866617167	0.170598864403623	190
0.0221072618470221	0.506127768635132	190
-0.107067345397269	0.266327634135811	190
-0.048526737553079	0.567796556032343	36
-0.011401042156305	0.592410880564185	11
-0.091427863553463	0.399452371200239	11
0.065255155187542	0.586747242119978	111
-0.00855174692324001	0.58536792535457	11
0.093599500766912	0.704727552712231	11
-0.049943406815352	0.387374483130009	265
0.033177882571609	0.494872746155868	265
0.092555212444657	0.719197965366088	265
0.00412059102047002	0.5076957086414	199
-0.1094090370927	0.151898855273438	1190
0.101772915020452	0.395986221811929	3
0.020627972306953	0.387835729563874	3
0.091009486072033	0.394859012688809	237
-0.016948623921812	0.2712616366163	1674
-0.028606032231614	0.168487760111406	237
0.096637933373064	0.40977875611173	381
-0.078360893821031	1.27149996356777	29
0.00321916988965798	1.5887880435031	213
-0.077330258378803	0.399190844070389	29
-0.036394441143009	0.666747328847728	29
0.069782782194761	0.610807509836558	29
-0.055881003628319	0.262181832709212	29
-0.050997467496407	0.654651737151625	29
-0.024458611516016	0.664778358830083	29
-0.091062758839972	0.491367030867955	29
-0.063918081334184	0.480882084655718	29
-0.111200555237784	0.554681592002736	29
0.061562191679214	0.698921217076851	29
0.007882233997203	0.799151056064205	29
-0.121439651175798	0.408554166585859	29
0.047490870828327	0.731555964663206	29
-0.08468959016775	0.494360128389785	32
-0.095613877967618	0.477614938002285	32
0.033944931323919	0.684619015065295	32
0.035598353768327	0.611729734761151	32
0.122891376911271	0.818840204201564	32
-0.093930595694538	0.382553327669623	1431
-0.03197282177864	0.914056350732356	9
-0.098464809895383	0.721589835309586	9
-0.058593914342125	0.363590123623326	600
-0.060612974655207	0.383459817090786	345
-0.120115971307724	0.152766065486777	9
-0.113836429350951	0.398193046347108	9
-0.045893342672822	0.49911693073216	9
0.00465075227656397	0.672568081672742	610
0.049132544267734	0.651801411806301	36
0.102836848512843	0.93583196956042	36
0.0597212017180631	0.508311094888196	890
-0.047039653038029	0.361615565410998	36
-0.108205604850634	0.546241477201537	11
0.078715927290886	0.715867798421325	11
-0.096779432985552	0.471694537761624	11
-0.11430527193149	0.269174271864717	1731
-0.056524354419119	0.484148783215043	111
-0.121069954446694	0.395185063186157	1731
-0.0550562114931	0.386000316389159	11
-0.109364353860248	0.393665776455345	11
-0.01032237311525	0.277187516422947	11
0.077482491224147	0.607707780823326	265
0.088159543106885	0.519666373454783	265
-0.012846009787134	0.265399100457522	1190
0.048248213218461	0.28078085383022	199
-0.034262152738267	0.167034861267776	691
-0.092236091236332	0.272262582237247	3
-0.042298091302705	0.37423529239344	286
-0.097023623353184	0.254880714810112	83
-0.051082963751257	0.270254629066801	237
0.124537452032742	0.192015229802692	128
-0.105358468494939	1.01284392314406	213
-0.043789566164023	0.553451246668677	29
-0.114154822511271	0.517908369794821	29
0.073417531574876	0.51511883920437	29
-0.100550356243775	0.394926342265498	29
-0.101205850419568	0.545869038832678	29
-0.062081294924786	0.579847301958219	29
-0.045993407322367	0.633619078018999	29
0.018167596557342	0.606506633327813	29
-0.093899262208724	0.461260705040814	29
-0.011335158362297	0.655880994120182	29
-0.100370480488241	0.492115089052036	29
-0.093713727439259	0.450152656871476	29
-0.112797279025154	0.408053833519911	29
-0.085095584729043	0.372813620911156	29
0.0445054970866841	0.514335550706684	29
0.0741443554035131	0.583663497208231	29
-0.108392270040921	0.271742769810711	71
-0.080432810867498	0.393120729535736	32
0.02583751228084	0.667790755852972	32
0.00241269866563099	0.495286980808224	32
0.117699607015864	0.194176298788628	32
-0.098816107679343	0.395288400395081	32
0.113585310272073	0.623827851366278	23
0.0755053460799761	1.2185956914766	1431
-0.068397737560825	0.841861241784199	1431
0.076319625423628	1.1630152675009	1431
0.065690871862011	0.996662332680866	9
-0.078325510495508	0.826201691867633	9
-0.092139871133251	0.629293617640469	345
-0.10247352738241	0.803202567386917	345
0.042308249484236	0.59923368100054	600
-0.112135008863004	0.381531260907901	9
-0.00675588488002699	0.655822426583268	9
-0.091127047173107	0.473994083512548	610
0.014634949639832	0.679472551010082	610
-0.120793188026326	0.367944824387207	610
0.068597795499876	0.786294469664268	610
0.101240936945324	0.612609110724727	190
0.023367973053707	0.509095708388155	190
0.003626340016333	0.589770533755525	190
-0.097649853079442	0.487280374245065	890
-0.020015435103782	0.463414639500042	890
-0.045265435662921	0.58614823982793	11
-0.050359050155013	0.569015129164379	11
-0.095959092560266	0.457828253127268	11
-0.105195289945893	0.400865884613705	11
0.0254896241491031	0.607732057612426	11
-0.00431200379824098	0.495774933109421	1731
-0.032906126142959	0.505903955758493	11
0.106940948253177	0.680355926478789	11
-0.00853671916222598	0.571179127756841	11
-0.118803473306631	0.382695335951932	11
-0.058873219503979	0.38349239313185	137
-0.05512324172554	0.379402222324428	265
-0.061136667502959	0.384871152803064	199
-0.090575302214215	0.273833302641939	199
-0.091359932558501	0.265850813111608	1190
-0.055069897943338	0.261029948639045	691
-0.00894982268015299	0.276338486211823	3
-0.112342352598453	0.253177490378201	3
-0.038518323138799	0.164739851096166	128
-0.032796202972762	0.167465311350541	128
0.0957105092419001	0.52145619468215	27
-0.035045331906977	0.541295894775281	29
-0.037645011001121	0.49595408697772	29
-0.091100802977899	0.261433274643261	1458
0.057651058714807	0.15183193349493	1458
0.117821172431812	0.979831882585651	29
-0.095663684531939	0.653236974426694	29
-0.114377299477866	0.493293309393183	29
-0.0343700303721	0.568130410302296	29
-0.047584608108505	0.577678274176804	29
-0.093323016173939	0.474766634436124	29
0.021663091877395	0.492912721101529	29
-0.053172203717713	0.260069493624343	29
0.003432494707446	0.594099491276266	32
0.0193471861304571	0.607554070672465	32
0.00184135909581395	0.594376772234342	32
-0.08955295605203	0.458117051216425	32
-0.105674157014029	0.706937314881181	1431
0.019407233145071	0.9395574687588	1431
0.0315906838797611	1.03429467242616	9
-0.09286664880613	0.628809997286347	345
0.00854168778456899	0.812159478292505	345
-0.024314646736707	0.917837569843062	345
-0.084091645549487	0.473029362900144	600
-0.010464151808679	0.477764129814631	345
-0.051761016277514	0.392002189779985	9
-0.085996304568263	0.398551377324885	9
-0.067070763497055	0.499206587102426	9
0.056428389697968	0.773200251002013	9
-0.110951597559015	0.382853856890113	610
0.0415733472461231	0.512473416851301	610
-0.112343755177118	0.564614970293259	610
-0.120238532554015	0.256018222640384	190
0.053995483514642	0.695545107001821	11
-0.047652138046593	0.481379693036285	11
-0.082987096449036	0.389650185361357	11
-0.117081781113587	0.257901112593244	1191
0.084650244210433	0.610706052387996	137
0.05535256020346	0.284581315960281	1015
0.04765348467444	0.282727462429351	199
-0.058262501424338	0.261671422269135	691
-0.047664255728369	0.271365286702259	3
0.0891285463193871	0.486933913073478	686
-0.0144200148973	0.275822808528465	286
-0.11686373072418	0.262319944620564	83
-0.056136884253287	0.374025454061318	83
0.120446143828703	0.197036537066415	128
-0.084374196410268	1.2323380832444	29
-0.096775268578508	0.663000626464692	29
-0.010507950887584	0.278930149033666	29
-0.050797187186978	0.373965180756879	29
-0.119294974588462	0.153683990110454	1458
-0.07278100464216	0.381282711810745	29
-0.116295077863952	0.270795635490614	29
-0.094002839088153	0.601721065332157	29
-0.051506045624831	0.660902682142202	29
0.00671447714437101	0.762336852188337	29
-0.051544358260618	0.568308581539114	29
-0.058843544800011	0.612463739741864	29
0.034454248511107	0.962278676611023	29
0.089790161013935	0.706982921791407	29
-0.059372434120266	0.637102239474373	29
0.036761336490705	0.852629593216554	29
0.044326399478411	0.873684254995835	29
-0.00753811401445298	0.748792173847935	29
-0.063834886385384	0.581155084992746	29
-0.12090476086477	0.418931977300766	29
-0.076549283683177	0.26646574183022	32
-0.024955269478533	0.994295801112784	1431
-0.04794179867467	0.952258088019468	345
0.0279064358712881	0.833300911255598	345
0.032097933704996	0.967593204494257	345
0.016540609565203	0.688825159707487	600
-0.107288057834395	0.269092740352528	600
0.041410165262653	0.390214175742231	345
-0.045165955578545	0.479160252917917	345
-0.101208435459838	0.399609104325054	345
-0.052740951477977	0.64046943960482	9
-0.030853245144421	0.16865764734221	9
-0.112544903499217	0.158631103032102	9
-0.056492652856119	0.376782520473531	9
-0.091544975401376	0.399131296538316	9
-0.054960044385636	0.489730505833345	9
0.057467492863455	0.922476513573456	610
-0.116836456294259	0.465247378848506	610
0.119757461779404	0.495729688713145	190
0.046103504190286	0.39503789720918	36
0.048779737668024	0.740248072936745	36
-0.119805141983298	0.391920617298986	36
-0.067987252071768	0.520893639441385	11
-0.093137925334832	0.376955722485145	11
-0.070293879027642	0.363897473767698	11
-0.010487432045554	0.504115159692329	11
-0.028606032231614	0.168487760111406	11
0.037357991444374	0.675893067303556	265
0.06354995444904	0.619543593790786	265
-0.053451591661953	0.393848249742185	879
0.050315288243872	0.285510786453152	879
-0.032916639677762	0.170355386811782	199
0.091837052316141	0.403631753733009	691
-0.087454033293836	0.270965151767997	83
-0.027099534235552	0.387479577229343	83
-0.014220614555788	0.270284864293797	83
-0.029358376463472	0.172340564270388	128
0.0423145714776631	0.249519379554854	27
0.062517720957683	1.9279226204948	29
-0.091493744608511	1.39275889285315	29
-0.080280110819746	0.492984748073347	29
-0.00822652012794101	0.574125482759302	29
-0.066149835051481	0.390563539905562	29
-0.033324096302802	0.165915368940833	1458
0.013812384449175	0.697691812190711	29
-0.110366334959995	0.585712715905799	29
-0.103450032544526	0.577337134557303	29
-0.078031493105143	0.450051917402181	1138
-0.097242498097103	0.487348369180835	29
-0.00320531076568198	0.730832309829047	29
0.023037421762243	0.502905523883636	29
-0.123164162494828	0.481735388286623	29
-0.056306765755917	0.560765269652899	29
0.017001874696093	0.720767270776227	29
0.030608344136891	0.727783450142323	29
-0.074816787052244	0.483692459338534	29
-0.00913841552460099	0.280814338380485	29
0.118849939816202	0.201943652777816	29
-0.100397152689635	0.241300782609189	32
-0.032796202972762	0.167465311350541	32
0.050743248668699	0.289007200605363	32
0.074549700115528	0.699575660118644	32
-0.015159746365085	0.572094868805201	32
-0.084942208373434	0.481338010101387	32
-0.036880175658007	0.740918722335365	1431
-0.018145123501676	1.09618818581627	1431
0.051538589446419	0.966069000649974	345
0.078860812713049	1.2373901534115	345
0.014336799941329	1.07519761496965	345
0.042048363382292	0.698359680571986	345
0.018055410166035	0.495655200998092	600
-0.0385888196078	0.583495262457837	345
0.050792928567939	0.740905058542731	345
-0.106983256601169	0.47938252295209	345
0.091413155544331	0.403014496242949	9
-0.012900709337632	0.74727170573398	9
-0.069621220727129	0.380963061138933	9
-0.039454371112759	0.654426695256996	9
0.029659439220322	0.750161086653879	610
-0.116248195226511	0.489264349101956	11
0.00838227873024999	0.680699950585566	11
-0.00984292873787801	0.503537485581	11
-0.052175991541122	0.489230693993546	11
0.106520622475286	0.634642064583027	11
-0.014592345877211	0.383276195814771	11
0.015014069686129	0.675391965823125	11
-0.089793435815995	0.386927148320068	11
0.053399185885078	0.280333638687752	879
0.06377119515138	0.501403801002	879
-0.114290070662285	0.157070938330489	691
0.012884441413519	0.384485073838287	3
-0.013043202183753	0.271861361901778	286
-0.110354195777239	0.267056756068576	83
-0.113432903695799	0.267786993684472	83
-0.042083343795634	0.381983860730075	83
-0.114938850937462	0.157459754092218	83
-0.00484402395047301	0.2775941200248	27
-0.05530683098507	1.71609780081595	29
-0.092393994241737	0.568466147749808	213
-0.120850809596907	0.148962774883131	1458
-0.038306778823073	0.789457102793591	29
-0.09486030144982	0.577112795860861	29
0.075616670088384	0.882210664638393	1166
-0.034333340813367	0.39510159614285	29
-0.059734392714657	0.628273988665887	29
-0.077063480160791	0.544001642986267	29
0.085753537213459	0.955365123475459	29
-0.07992122650982	0.500089691173379	29
-0.071542402917376	0.497870227289359	32
0.106414730476358	0.631464207007219	32
-0.022585744529643	0.378364464382667	32
-0.048557686639394	0.476180501430475	32
0.0755584936077111	0.693704915019925	32
0.10467102786329	1.67325490068205	1431
0.054614342721145	1.46529324935876	1431
0.013587512042387	0.953799216898872	345
0.083018218019661	1.10046262263331	345
-0.101475271783117	0.242775351911297	345
0.116190986921452	0.861054467808663	345
0.052268200899937	0.288918539812938	345
-0.037764608719315	0.168297810515123	9
0.050381447461205	0.399016896755133	9
-0.073634621409718	0.562963816271257	9
-0.078582250647397	0.539849662818536	9
-0.063226995001161	0.642287121574422	9
-0.115216177610335	0.532706161504402	610
0.04883911312047	0.284622968810994	190
0.030596555197281	0.601587412740026	36
0.035964879930877	0.756787955519331	826
-0.123519216245971	0.378241132253608	890
0.078597449557331	0.8749164866204	11
0.0701044545642831	0.862139252172773	11
-0.100725758902155	0.478825517360117	11
-0.108296576471	0.395592825421101	11
-0.07228430450377	0.48479100580926	11
-0.033816397292948	0.393148404910094	137
-0.021633530944386	0.256196979356778	11
-0.063231379561303	0.480559608699484	11
0.026791184671499	0.572844770285422	265
0.097712694361763	0.605134685647826	265
0.00261314317540595	0.594753867016149	265
-0.080439151185758	0.269139704937978	879
-0.00875569908256102	0.277244738562424	103
0.00759057715498201	0.382169350250191	199
0.119669786755726	0.197421523304085	691
-0.052765645088308	0.274334631850815	3
-0.064314639871189	0.255831805042151	286
0.0605918460600831	0.509980591042544	286
-0.00026181527757202	1.90277836787922	29
-0.020974298144267	1.96618331961508	29
0.017011474555753	0.750666617909975	29
0.048415072994848	0.282674452330828	1458
-0.03361802040995	0.171492856136262	1458
-0.099283026469232	0.562369303028112	29
0.029779302156774	0.91124339264533	29
-0.10893517623851	0.449799599180104	29
0.0984225760031821	0.909857877156366	29
0.0608510470838129	0.866285600458586	29
-0.01056056914828	0.48443494745452	29
0.123732761453934	0.275393670520504	32
-0.033027047140236	0.529020832194502	32
-0.086425595538402	0.771740065379918	1431
0.00474233831954596	0.495254003410033	345
0.097123913150048	0.4960612128667	2399
0.00584997287062206	0.756637124769759	345
-0.053295434306221	0.654663967577844	345
-0.026438790444309	0.161210987572906	345
-0.120763906098521	0.152283902967799	9
-0.042745012196689	0.382795300584088	1171
-0.037828188402737	0.496747992602778	9
-0.103612447990677	0.405855579640501	9
-0.015018038221456	0.397118981983113	610
0.078658129189039	0.767385675927961	610
-0.11057337780718	0.485487093863315	610
-0.030555174061664	0.720699049924416	826
-0.073373117627672	0.391785786880364	890
-0.026150792654158	0.491035294561583	890
0.109265428816249	0.868770566264433	1074
-0.023041263601267	0.636198805620555	11
-0.095383332030482	0.486816240637242	11
0.087096972834265	0.77305273302875	11
-0.06893504912209	0.377325370332249	11
-0.049295922973984	0.562703742201732	11
-0.072545201890445	0.472648872687674	11
-0.110293564243496	0.367392142837564	137
0.093666782777329	0.498993970714008	137
-0.007365756570268	0.457881705197404	265
-0.016836294261283	0.379284694013081	199
0.038427788954939	0.494297548298312	3
-0.087514078891428	0.265545364660339	286
0.096039289811684	0.409870086976595	286
0.124842885500683	0.503851785332418	83
0.091606038868834	0.405724335459476	83
0.115250614627185	0.194235280357882	128
0.120446143828703	0.197036537066415	128
-0.00268478902052799	2.11837337818152	29
0.054949968245772	0.964861120775666	29
0.103481016974985	0.624603546268067	213
-0.096422549443387	0.251555968614627	29
-0.03361802040995	0.171492856136262	29
-0.014319412835152	0.746383619597101	29
-0.021279709470709	0.821687789093807	29
0.00618498380797705	0.758805104755359	29
0.032708732131389	0.678297346382902	29
-0.045236716426986	0.664094102475972	29
0.0989479857540601	0.774459767428529	29
-0.00707589557321198	0.742648739955484	29
0.065818472500631	0.623938101997521	29
-0.115110012684894	0.256227567260744	79
0.051505313415077	0.289999457158964	32
0.094495793915444	0.788440489986909	32
-0.106214091138045	0.269631543662747	9
0.032220430583057	1.05720363355105	345
-0.075820993828844	0.493242191170529	345
0.039526278104142	0.508140062604738	345
0.123345138673478	0.616438623627519	2399
0.05209998195322	0.287926108969597	9
0.06935354501222	0.611177386744287	9
0.047931539184612	0.929275275592498	9
-0.030638769860414	0.503438185934396	9
-0.064909656175041	0.387178937902823	610
0.046040414235019	0.681726637824088	610
0.00990408885798799	0.65509508637518	610
-0.111773108794579	0.266043384650725	564
-0.032856116933696	0.172207431346016	564
-0.114877009320537	0.153358586100034	190
-0.078472195258096	0.52497561870404	826
-0.083813024422514	0.272598301852418	890
-0.104684913832142	0.46524773044942	1074
-0.014755241637754	0.661527179429521	11
-0.00310014535596798	0.676003192486161	11
0.0573043859121381	0.595387773375695	11
-0.039392292758338	0.483826949836092	11
-0.036485528052167	0.497040951696789	137
-0.115520923498325	0.156222393433486	11
0.018412914752972	0.393568101043818	265
-0.044567940845551	0.50332178427662	103
0.038197545906184	0.593078696365185	103
-0.100838742339263	0.385469041722782	103
-0.059246806682629	0.262321460347785	103
0.055858111839611	0.391899114555058	686
0.091606038868834	0.405724335459476	286
0.00789592346484902	0.368654161144818	286
-0.112614163665194	0.264069635674443	686
-0.017975123407554	0.387182897998997	83
0.009799633833252	0.39480775249215	83
-0.073660446546248	2.4108242514949	29
-0.106590921334444	0.682333393877517	29
0.031839069034593	1.14783915129325	29
0.03602514723539	0.73299770359935	29
0.065046878732407	0.499065587061137	29
0.122422425884691	0.619543197562382	29
-0.019308207484305	0.368750056058578	29
-0.079746755807345	0.490358435030927	29
-0.088393464751692	0.605770377244846	29
-0.067074658525399	0.643805097003629	29
-0.068579555399138	0.619434627350189	29
-0.122327317195138	0.490997964681468	29
0.067905221528767	0.840046474855399	29
-0.108858045836255	0.495087369679861	29
0.046881854383097	0.284132693707904	29
0.095464658966166	0.407048496416528	32
-0.019079050465196	0.589902009377235	32
-0.101183547721568	0.383476446394969	32
-0.078221076855097	0.875681355225142	345
0.037489609496843	1.1487029856515	345
-0.032496472367474	0.937031364758892	345
-0.109861247283289	0.388247684061144	345
0.069827759874962	0.501279305512101	2399
-0.063393370656239	0.56818149697788	2399
-0.029372068306671	0.168506458901295	345
-0.043550275346669	0.149808340249511	9
0.019069525767243	0.997509370474675	9
0.05648400831858	1.08378018647259	9
-0.112234411034703	0.408746287949526	610
-0.078865613070435	0.709876412388764	9
-0.093757979341834	0.622395922598159	610
-0.04156518339465	0.383151244530023	2122
-0.00176625741182701	0.735039226501588	826
-0.00359965240017301	0.751267225802707	826
-0.054641762065539	0.482521718517145	890
0.044153079350741	0.387780750794879	890
0.089337435388263	0.918571267716132	11
-0.120074962509642	0.497283300866561	11
-0.117958446612762	0.374711753777554	11
-0.059317139652931	0.647964515222084	11
-0.026407233688701	0.164210545020923	11
0.041728334873081	0.683802172405332	137
0.118036589576673	0.726479132071063	103
-0.114938850937462	0.157459754092218	103
-0.087777218648726	0.269395486535595	3
0.038217964311675	0.510550180686173	286
-0.066404607856881	0.391844780603353	286
-0.08834524825103	0.270370182540286	83
-0.11996164951205	0.263521734014679	83
0.04028187482837	0.390728974700128	83
-0.112879470952593	0.26865793228502	83
-0.090985124054719	0.543173817757339	29
0.096613724287975	0.409335621805521	29
0.043798405155378	0.276984201759073	213
-0.031455945225664	0.166862110402496	213
-0.114223043495884	0.558154017135284	29
-0.120796375700557	0.567090775470172	29
-0.06137829082112	0.654750661657276	29
-0.011177428937855	0.750792517213443	29
0.00297700089622799	0.790506186705309	29
0.011201886133141	0.762488721145719	29
0.104505183070754	1.03287900144699	29
0.013854465559077	0.685565998472482	29
-0.082191964175999	0.602337484076628	846
0.010072889109994	0.399089280898198	29
-0.00913841552460099	0.280814338380485	32
-0.072857330315592	0.479394014850469	32
-0.073663540891267	0.856691119702419	9
-0.067864820828327	0.851254887510758	9
-0.00770403305856199	0.983906533342169	9
-0.01148268387905	0.271853701063117	2399
-0.103818283572738	0.38978148191877	2399
0.01727437602909	0.812131517126534	2399
0.00705785744564103	0.356129123132226	9
-0.05855601386287	0.386083971459064	610
0.09077749321393	0.394321839647317	610
-0.058758820318409	0.633030578765201	9
0.040032877589336	0.67945339181936	610
-0.119804553944877	0.38524341243414	890
-0.010907550103126	0.678872931360527	36
-0.00176088144287501	0.655836773521541	36
-0.111588367646241	0.480589254549741	11
-0.074462976661146	0.553787318121561	11
0.028087683748884	0.654652574053804	11
0.030959299955349	0.597607618659941	11
-0.05782363632873	0.276542896331464	11
-0.045035861724236	0.490575440532714	11
0.029302462487574	0.509660736455154	11
0.085031262249161	0.611824036582805	137
-0.025658435974798	0.164839889982924	11
-0.070244803977892	0.38847552840062	103
0.119337292269728	0.185223449602876	103
-0.01828843120404	0.990096624858456	29
-0.089467864374033	0.395854517975307	29
0.018090634088225	0.391835027424033	29
-0.060886746133916	0.386937188996117	213
0.048074042713484	0.285654783019562	213
-0.067947401862811	0.61840975690168	29
-0.052339341293525	0.665734134933181	29
0.088256844715377	1.02773690693849	29
-0.102687602564716	0.547241593094526	29
0.104614626687732	0.946750066282128	846
0.029422913355471	0.668017240745386	846
-0.025646335858122	0.507263649413922	29
0.081201307201511	0.844171428295369	29
-0.114202857870184	0.156132490652696	79
0.06354995444904	0.619543593790786	32
-0.034506618910629	0.39453569759266	32
-0.124784389417826	0.917712410586696	863
0.07093985214123	0.522118999210853	2399
-0.029649340251031	0.879907835300805	345
-0.069191648921847	0.528794909602678	9
-0.123853332610322	0.393836742191909	610
0.0510783113990519	0.284481454747466	190
0.063617882256173	0.622557154603112	11
-0.09922275989691	0.400474869709997	11
-0.103968588347388	0.477952539879297	11
0.077476777875251	0.841623703475909	11
-0.084398713227651	0.391349834364541	11
-0.051396382827825	0.267861410099062	137
-0.113185141511611	0.26607004114751	103
-0.063494084218586	0.386832401982421	103
0.00898026257358098	0.396672558513765	103
-0.098425025435868	0.25436332932573	103
-0.014234184304675	0.263912411899844	199
0.118805831150545	0.195440497449165	1329
0.098090094623245	0.401622395857249	1329
0.010072889109994	0.399089280898198	221
-0.010699162996916	0.279064658335025	83
-0.018062131196534	0.648392856459329	29
-0.000853871713430987	0.821858111113938	29
0.00480298374382504	0.387921851186646	213
-0.013512938662378	0.812137665631694	213
-0.00793417779087402	0.726211063985212	29
0.076316965911249	0.702738503003277	29
-0.117009648136433	0.496102890264646	29
-0.072170834391923	0.478620373758847	29
0.114703783985968	0.710257628808726	29
-0.113501644044066	0.435900381654787	29
0.048319164575699	0.550671285996585	79
0.071881250045843	0.692651836964147	32
-0.066468971557941	0.465985809964188	32
0.106319744182047	0.725723391753816	32
-0.00557762212179003	0.809432652742423	863
-0.123978508279706	0.615861510487667	863
0.048420970734457	0.978810226066179	9
-0.116397967014285	0.569053854870797	9
-0.076051269306786	0.662766413874569	2399
0.077637600788831	1.01616248487716	345
0.09118759722458	0.386050024857243	9
-0.064978925139954	0.38522764182004	9
-0.011221837056895	0.839546327073648	9
0.097851158858054	0.734444992829392	9
-0.100980492493355	0.569209445394767	610
-0.090220078036203	0.554323123963744	610
0.061607923136782	0.763604466161915	564
-0.071105145510794	0.381283685894411	36
-0.075387303909417	0.490591079511012	190
0.043637506643776	0.752396460850198	826
0.073930778634598	0.691782386641503	826
-0.065219326642989	0.486740354605131	890
-0.106607064985732	0.403505801324743	11
0.094171032225008	0.528652797491543	11
-0.107502244277938	0.36008633721378	11
0.029684235177042	0.504538426060543	11
-0.108572680999079	0.395980117697438	11
0.061987944864263	0.479214768900334	11
0.041410840048867	0.489343546693624	137
-0.107577262206545	0.264950515315673	137
-0.110409504128776	0.274384123105242	103
-0.01686843794371	0.36791824772184	103
0.120601443843551	0.608433783500729	103
0.0015431743348	0.500275824068542	103
-0.018739233644877	0.386049421929022	103
-0.043357503211981	0.376271421131719	103
-0.014427847506882	0.260253193770287	103
-0.01565287557285	0.385948483626725	221
-0.015576857291125	0.270182253038118	221
-0.068986483423288	0.241161163797846	83
-0.016166412757503	0.271983006757915	324
-0.012851841819808	0.272777920415663	324
-0.055320556800894	0.270201731849014	27
-0.06979954615442	0.932715105390262	341
-0.033247581558532	0.570926211230081	29
-0.016708768681745	0.580565478041732	29
-0.033241760087716	0.621048533532734	29
-0.069495230605664	0.500610414046245	29
-0.051531873999318	0.502525012074579	29
0.056780976678703	0.598151429997613	29
-0.123192185749144	0.451614843491213	79
0.00625525486552703	0.574457529050493	32
-0.022714083565588	0.387334525925605	32
-0.107977392668621	0.382505464149577	32
-0.096494199462259	0.381085633830105	32
-0.054616631005453	0.379749560913226	9
0.123330273505187	1.08845117238997	863
0.104536297196121	1.13946248220351	863
0.063002641795497	0.782633745145695	9
0.098040400909525	1.04306902500586	9
0.092312952249739	0.847930976521731	9
-0.120898492586229	0.478411667660655	345
-0.071093259548657	0.464426444618663	2399
-0.023014436296497	0.36559314920235	345
-0.079032490067497	0.487029299943016	9
0.014941182780802	0.601788135003029	9
-0.014588224287234	0.65105324667327	9
-0.115466640007528	0.49348893563381	610
-0.109903915166136	0.486353030039209	610
0.00738325313615695	0.577972792697438	610
-0.075615602907935	0.548644986498327	610
-0.00392490336261397	0.484948679070943	564
-0.00440537289305998	0.500144894818193	36
0.051087126707275	0.470964207835493	36
0.0258714848848161	0.595716037390581	36
0.025411659913935	0.371276766599268	36
0.0558707622890861	0.719701246500461	826
-0.010367207866943	0.499357084437107	11
-0.000180682550645017	0.599649722230291	11
0.024411197325369	0.598310928729991	11
-0.021914444244214	0.477872631225902	11
0.023680277579989	0.64063263807616	11
-0.051723501940081	0.349728429364427	137
-0.070965977565307	0.471226937125447	137
-0.107938260225114	0.154958751568619	103
0.0240692311269221	0.512022656890803	103
0.092414202653646	0.407689266409905	3
0.022595569162866	0.504038273457504	1329
0.042482201734207	0.399632921973809	1329
0.095725460606628	0.600923771277836	1329
-0.018739233644877	0.386049421929022	221
-0.020646284226567	0.386300443901344	221
0.046892720072978	0.281073619667328	221
0.046718688479931	0.407111861598994	221
0.0436307565102459	0.279373153766967	221
-0.010507950887584	0.278930149033666	221
-0.111263654888442	0.269539796720744	324
-0.056365046729746	0.272532214878948	27
-0.018903658548168	1.17865505925125	341
0.08452321230959	1.20266728022417	341
0.091714528130721	1.45320218648498	213
0.0470585265982541	0.281926179496885	213
-0.00972716141211499	0.278914913903265	213
0.016234963373679	0.739063431369489	213
0.05483775591495	0.587248847613311	29
0.109591633151697	0.786785527544599	32
0.016838470502526	0.504780498465342	32
-0.095058141829251	0.249144949996346	32
-0.09162500319616	0.387341155441032	32
-0.021644327593906	0.498706774712838	32
-0.030477577071197	0.484565945634408	32
-0.121799395549755	0.546883111523556	9
0.027285685486324	0.969163133157469	9
-0.019144744122904	0.867080450388075	345
-0.06066112333993	0.554177637069171	345
0.098851082986445	0.590442792124166	2399
-0.119195347822352	0.629580149653547	345
0.0436307565102459	0.279373153766967	9
-0.041093072528707	0.696365898002745	9
-0.056730390651735	0.644145247438085	610
0.089565696283909	1.03648011917077	610
-0.027990554183491	0.649827341504076	610
0.104752269026541	0.929122039264981	610
-0.050454364518133	0.566839836108223	564
-0.059448395971183	0.273235232370105	36
-0.081300911612071	0.54511334246635	826
-0.091338160300614	0.486886099302348	826
-0.117503530797495	0.390402344632998	826
-0.084109068434268	0.491341603546309	826
-0.055793080515395	0.495700056103188	11
-0.036833349444178	0.574603048458791	11
-0.00937945617761199	0.595502038541964	11
-0.068568564998914	0.491705651340325	11
-0.028563431094008	0.489331814894644	11
-0.017490392092141	0.385758973915361	137
0.122253486528063	0.523810412873902	2560
-0.013642406662797	0.396317664689241	103
-0.089963994703405	0.256690325056744	103
-0.055337834358241	0.271437316962563	103
0.053796448391144	0.277954120510936	1329
-0.0572713616665	0.265050819458215	221
-0.01032237311525	0.277187516422947	221
-0.092236091236332	0.272262582237247	221
0.092414202653646	0.407689266409905	221
0.115250614627185	0.194235280357882	324
0.085835916851896	1.27292545011051	341
-0.067839083102615	0.574601092691407	341
-0.054872705611989	0.570263931295052	213
-0.053803484184304	0.386178386569127	213
-0.088644899821148	0.647510243475294	29
-0.109173451780504	0.532070244877842	29
-0.107380805852881	0.549634108417691	29
-0.047854065987026	0.638171937200407	29
-0.025086891094009	0.742268274930242	29
0.00976454290652295	0.710142105583908	29
-0.086132533887083	0.484856289429902	29
0.10270400496006	0.929455918008208	29
-0.005897610455599	0.753893415776876	29
0.00479382152097696	0.73229150360501	29
-0.042772655011943	0.656996129421705	29
0.00825715387111603	0.378863885031829	29
-0.122798691776959	0.250724775927149	32
0.121221930205857	0.191977994150092	32
-0.070106864987287	0.548498157680851	32
-0.048106411762439	0.489639101804687	32
-0.060394773241486	0.373054404524547	863
-0.03069938089642	0.958262823443531	9
0.043953647667879	1.02775498976512	9
-0.06574182749251	0.726112150239584	345
-0.106828087470231	0.566554024589801	345
0.106774289524155	0.85508042100856	345
0.123307921904327	0.741803202923254	2399
-0.034333340813367	0.39510159614285	2399
-0.124529330520448	0.388132704928877	2399
0.056864359365369	1.10023412886949	345
-0.073911760152043	0.482222089502397	345
-0.116987490147518	0.151775234168517	9
-0.119595647414843	0.555850374907436	9
0.023052822867124	0.813410323347534	9
-0.091229478971184	0.475091388242666	610
-0.100300283986466	0.469428933321716	610
0.078743211632572	1.00252294146631	610
0.117238804887597	0.961996787485281	610
-0.031016778435733	0.490239187888076	610
0.019586193733989	0.79418492940387	610
-0.037260122100112	0.387432774840926	36
-0.114938850937462	0.157459754092218	36
0.10341395628845	1.01178112138567	36
0.082957944894353	0.686555893642238	11
-0.085440912337917	0.494034097353287	11
-0.030091768520633	0.652514406598199	11
-0.104206607214505	0.478427684828204	11
0.12161057470954	0.512198225195014	11
-0.09220809476889	0.38501869478312	11
0.00604280349151398	0.677561842694443	11
0.087695314552286	0.607735352466505	11
0.0469185235667891	0.511844581812125	11
0.052603828583151	0.597949535183466	11
-0.01660852565291	0.573997454384426	11
-0.111808672083322	0.159552284481566	11
0.00817713011335697	0.368541355047988	11
-0.087906431334006	0.379118257023449	137
-0.084119698942108	0.270186507811677	3
-0.088850758662899	0.269428353118157	3
0.00923660087016198	0.399229567315156	27
-0.086386874428276	0.251363165212942	221
0.04442194652948	0.385291428744766	1084
0.06232738000771	0.478979432662137	341
0.05189520469235	0.394494340494879	213
-0.013735536160219	0.740588102903269	29
-0.020183275967456	0.66447929728887	29
0.00735593173590299	0.841102288460681	29
-0.00944751114075698	0.562280942260552	29
0.081175344729246	0.670291362553987	29
-0.091459984549598	0.477780629433039	29
0.036199794242874	0.695908981834041	29
0.060041116506223	0.724139185306514	29
-0.08418569263181	0.398466217655008	29
0.061903780836386	0.693778086357695	32
-0.029358376463472	0.172340564270388	32
0.114478989136667	0.194606563884473	32
0.051151002038463	0.280526443322686	32
-0.092238377189866	0.259805968771422	32
-0.076365930972987	0.480186968892408	32
0.119039892592421	0.802375877223022	32
-0.086029668499004	0.475026609045746	863
-0.114360409350129	0.268550644832773	863
0.017107879598786	1.01917269965533	863
0.04455510187559	1.14521177438077	9
0.100555822396546	1.22478108831315	9
-0.00330438243152498	0.882966179838256	345
0.115660399991394	0.578875510484859	2399
0.118805831150545	0.195440497449165	345
-0.027172642567764	0.166462099744829	9
0.101861377238026	1.00852750422981	9
0.00810844826598001	0.626292169893348	9
-0.081796525903762	0.386338369629321	9
0.013858634279545	0.672172834572224	610
-0.023465591983882	0.494844156856776	610
-0.117004042475991	0.483611890088143	610
-0.116574208110643	0.262873049322174	610
0.02157685927744	0.733211706317824	610
0.117723409554206	1.1598129891608	610
0.045061665212917	0.802066502918999	564
0.030562055697294	0.607093249700196	36
-0.057040469152695	0.265991590165309	36
-0.068355300283178	0.37412087529763	36
0.119801968067774	0.866420013446048	11
0.0115903081932111	0.753206184844751	11
-0.101857761270539	0.470327433198679	11
-0.017368509882367	0.373234753042217	11
0.04524598893486	0.38355799518128	11
0.016535090568439	0.478932409882821	11
0.050817812698006	0.616305270562848	2560
-0.03664664613887	0.392685502797697	103
-0.031043025957587	0.379036382539416	103
-0.090563210249406	0.267364362268172	27
-0.010507950887584	0.278930149033666	27
0.117648689766584	0.190283063570255	27
0.044240210885271	0.498894099688585	221
0.041671555871621	0.391742533008063	221
0.118892862835363	0.192614416933485	324
0.118849939816202	0.201943652777816	324
0.0951216101829569	0.389356904604789	1084
0.098920830067681	0.404211878463907	1084
-0.086552170450303	0.397267994576681	341
0.041978561192466	0.990861995168283	341
-0.111019633170062	0.388894176963663	341
-0.079463250437662	0.393923899759934	341
0.0496130801062	0.610578183580517	341
-0.041922993177268	0.36923153543206	213
0.017258605657842	0.96439055795147	29
0.114222095045705	1.21283278668214	29
-0.036247130975311	0.795655236210028	29
0.0387562284034541	0.904062247696226	29
0.110662259716996	0.627968920023695	29
0.034722431838322	0.7527108402367	29
-0.071490934479861	0.494032594294799	29
0.027552240985726	0.846652548768875	29
-0.095674853597696	0.463524154563534	29
0.036847672278192	0.670703415520217	29
0.031858668358847	0.603019848243311	29
-0.116325163543614	0.155957430958996	29
-0.115685954084424	0.259910707897951	32
0.0323639646996881	0.768172447079553	32
0.02430614893877	0.666677629995211	32
0.069274321069294	0.712544676529815	32
-0.074692813569787	0.373100216947484	863
0.102099860477591	1.49341307989684	863
-0.027002802954497	0.661765442357677	1199
-0.01411637915755	0.979333804891343	9
0.0622872219887119	0.587608125886149	345
-0.089161973049985	0.271837897277247	345
-0.037011107457509	0.165642997229716	345
-0.108120121045079	0.14855912517647	983
-0.0838498360692	0.388227690835719	9
0.022535771415037	0.980260975903613	9
0.035375176850183	0.670962937434836	9
0.047186513486421	0.398697755493054	9
0.043883163845007	0.506984736333835	9
-0.051739779680677	0.797797260976255	9
-0.109418001248174	0.386885670513498	9
-0.104499399812013	0.388056688742702	610
-0.093550762682429	0.384741999142276	610
0.086965972189055	0.859588899300323	610
0.124349658048019	1.02400060429564	564
0.100495580787296	0.941784542307744	12
0.106159841016114	0.921094494026332	12
0.050999428127116	0.705252254507688	12
0.017825243361278	0.763505895882216	36
0.010585491490437	0.789266331226895	11
-0.020726670311328	0.59060216220534	11
-0.046806460758323	0.584451088269233	11
-0.000907605200264006	0.577549503066943	11
-0.016948623921812	0.2712616366163	11
0.121221930205857	0.191977994150092	11
-0.017538462176392	0.270488871711001	11
-0.07949315791856	0.454049260994149	2560
0.013066136027939	0.58518336364774	103
-0.015251797294461	0.493460257933328	103
-0.038199818821254	0.392226015157847	103
-0.110907022998471	0.266204463753841	27
-0.058873219503979	0.38349239313185	221
-0.032856116933696	0.172207431346016	324
0.119669786755726	0.197421523304085	324
0.124494156741629	0.187014240575457	27
0.0648268148860059	0.855247097325941	341
-0.00821482492176401	0.86622905428428	341
-0.081945022524505	0.718466935222277	341
0.119233498594303	0.497088249935868	341
-0.017339038140537	0.263914152040376	29
-0.111897899981872	0.158234870560768	29
0.09185458201781	0.52726872452338	213
-0.108134482572482	0.567386724873496	29
-0.087547329465906	0.55863144330348	29
-0.048188961765309	0.651998749805009	29
-0.013887065781661	0.819539175024257	29
-0.115463036420735	0.562650680313074	29
-0.046808577648919	0.615687417259473	29
0.080219558261853	0.785629980584834	29
0.028752247858048	0.835556244418852	29
0.114383334460157	1.00220196181348	29
-0.092236091236332	0.272262582237247	29
0.048415072994848	0.282674452330828	29
-0.109004590172728	0.490649065859394	32
-0.020710967212421	0.558280160121537	32
-0.06618368067153	0.479416450493954	32
0.046978982530362	0.615417913448546	32
-0.013683500058704	1.03325377234187	863
-0.089614075600384	0.889567960856025	863
-0.113821978323792	0.616101163781645	9
-0.070620404746459	0.813471101318792	9
-0.107699687775031	0.3890461513804	345
0.0220750709802801	0.490998589289001	345
-0.043269380335521	0.573567832849009	345
-0.08632498427028	0.619485472536143	345
0.119263766806978	0.514746474817361	9
0.066955654323534	0.602792666594621	9
0.085237427360239	0.61545404590264	9
0.109451949707194	0.636424770377002	610
0.029503894438021	0.835732408420007	610
-0.104753144792241	0.482632609879784	610
-0.095779213222297	0.47420805188795	610
0.04500402073197	0.404055167034668	765
-0.013177111432153	0.480322289278938	12
0.119965211740863	0.966177221537608	12
-0.036025447902161	0.649840390944327	12
-0.091343655650839	0.48943321833584	12
-0.033708732988163	0.660789439318263	11
0.02570339913246	0.643255149139309	11
-0.113108823673619	0.474069088302257	11
-0.039362542580855	0.493858014958739	11
-0.020055958117241	0.378258442209564	11
-0.015734352721517	0.492747096178309	11
-0.016140873672104	0.493318152942323	11
-0.033223010984335	0.563595263868679	11
0.096639564907298	0.86226886487893	11
-0.122022555955604	0.491554768318268	11
0.00380301133388805	0.599484796882105	11
0.043034482871971	0.277015458410403	11
0.099885991705681	0.622774596221273	11
0.029894478563026	0.581505515117258	2560
-0.059709024121293	0.497838955522902	103
-0.05507120997211	0.356764208344759	103
-0.00913841552460099	0.280814338380485	103
-0.027922449226726	0.162016969546886	103
-0.088813190343947	0.394671909118095	27
0.124303374869541	0.505258496180051	665
-0.069734651811946	0.381212786677294	665
-0.108392270040921	0.271742769810711	27
0.013688185667597	0.39167742581832	221
-0.020460856802976	0.366352510926289	221
0.00286400713767498	0.374193837916971	221
-0.033558405016549	0.171307702237758	324
-0.016359010624301	0.269469668771349	1084
-0.113186980754623	1.20482046329712	213
0.114080289000539	1.92613581555965	341
-0.107415614854052	0.761473057833731	341
-0.026087256362058	0.590218060507276	341
0.051320581876897	0.281439770567415	29
-0.095169733415618	0.648452742460757	29
0.084570918381166	0.99424394136681	29
-0.051180305011852	0.701756970105368	29
-0.089817280032703	0.582857313763549	29
0.120944217153703	1.0319444544029	29
-0.034211576439426	0.716976594064402	29
-0.019824545205115	0.74170186674503	29
-0.088199330814962	0.582166778227808	29
0.119747969935506	0.598794220017236	29
-0.052694999739853	0.387839897411403	29
0.088399790143858	0.406169013360323	32
-0.11790573410907	0.467526084452019	32
0.009649572746949	0.60437136800806	32
0.082591795725077	1.37013296032831	9
0.088850406829211	0.982277323449433	1199
-0.041974114464643	0.855597879704753	1199
-0.103993574240994	0.728107177372273	9
-0.024920508346967	0.650720441818601	345
0.06624410967119	0.769547877938615	345
0.084769034271598	0.391044911583817	345
-0.115191531277799	0.14334794935737	345
-0.116253846256186	0.1553309012695	983
-0.058026620733302	0.715579649629129	9
-0.00900111439064	0.580636772321922	9
0.047224946790346	0.679649873521426	9
-0.00770626296101901	0.789290594469871	610
-0.078141210187791	0.493334947529183	610
0.00625226315015504	0.952862849491961	610
0.118892862835363	0.192614416933485	765
0.062026937678225	0.606009624945894	12
0.025498280544102	0.738028437857727	11
0.0199180043850949	0.505618048556926	11
0.054146716402507	0.399130034946441	11
0.033894896574452	0.610645970301955	11
-0.05891048817459	0.375784886029963	400
0.114241342143961	0.760702411436484	11
0.048862611649332	0.394437717628216	11
0.025393619730145	0.481600711035643	137
-0.091709060096022	0.261699620049998	103
-0.106121486075223	0.39242018436555	103
0.096063421798268	0.408604614844812	103
-0.057851284508426	0.26594899826984	103
-0.060914852425209	0.267060269760699	103
-0.091100802977899	0.261433274643261	27
-0.115452394832781	0.272920807436866	27
-0.016336415624263	0.368125051862643	665
0.06442352414539	0.607559378460547	221
-0.09925710147328	0.252561164127907	27
-0.02227531745652	0.378641913408215	1084
0.000464042780909946	1.50119583941026	341
-0.11290051803431	0.776762171471462	341
0.028238252423719	0.974000237227579	29
-0.00151636662110499	0.920772998445233	29
-0.049656880966866	0.732025474033465	29
-0.111425523598124	0.552313124694357	79
-0.055894018783698	0.64821271175381	29
-0.036792945693516	0.562460750019349	29
0.0575755506196261	0.862869986158375	29
-0.08009779786822	0.375817779994061	29
-0.119102929724243	0.262505970166157	32
0.039919714451654	0.589089168770008	32
-0.12306229973023	0.254065834146993	32
0.057219189918498	0.601215143925837	32
0.082543442779952	0.793939856367708	32
-0.113845318723031	0.388490758147668	32
-0.115596099332153	0.813696292128001	863
-0.11143774953087	0.864638660785488	863
-0.028259867954158	0.942144736791228	9
-0.049904982722672	0.847569114600424	9
-0.02837214269014	0.891639514068402	9
0.108967032688219	1.0427815432567	1199
-0.086425438803926	0.657126767144225	1199
0.029003316374647	1.02527329207465	1199
-0.03763004978681	0.823397733843363	345
0.067744770671216	0.615430215810134	345
-0.057492670356363	0.528389249628015	345
0.045783783485273	0.273828790588084	345
-0.05400389226122	0.380347360004934	9
0.00741996662868605	0.511345096233709	9
-0.050596038288521	0.835359150038062	9
0.08551049614336	0.783907076516438	9
-0.053398361378305	0.481885305558889	9
0.0887801731983871	1.09410858310477	610
0.056381267012523	0.695480002446743	610
-0.039874553524861	0.660047566681675	610
-0.061589082849159	0.604953971409485	610
-0.066712104347774	0.38232556635498	610
0.115590547237885	0.611663424109337	610
0.012316570018271	0.390491678754106	12
-0.033558405016549	0.171307702237758	12
-0.095621625066081	0.256179945837376	12
-0.119047812673457	0.557222718229763	12
0.024022449142457	0.659093208915085	12
-0.105441704625721	0.481800895862182	36
-0.02260837474074	0.367078926422665	36
-0.12467322536504	0.401540228688825	36
-0.1181166007291	0.451295310447686	1297
0.038724531576987	0.50413071182125	1297
0.041364770163979	0.767925056515553	11
0.022417442716923	0.766100109714014	64
0.114766805823886	0.892961701186668	11
-0.016577920619514	0.694374031820884	11
-0.089973495713895	0.390271620905432	11
-0.00359481353738	0.509600352237787	11
-0.085523835266643	0.395852622726793	11
0.102687160872318	0.798369279382035	11
-0.036033695338266	0.499290131925006	11
-0.110427532079184	0.158366184621759	137
0.079387422099965	0.609115872594673	11
0.080612334331866	0.605534382881922	137
0.103972374284993	0.392584729985415	103
-0.055657521242664	0.364665242407627	103
0.09157824197076	0.510345613695113	27
-0.069301018301486	0.362007322204772	665
-0.046274068506929	0.269558546173834	665
0.071463062484607	0.499286423313582	221
-0.062525498019595	0.346444493061942	27
-0.027188976924162	0.16455136252856	324
-0.114556144447338	0.258303044518164	27
0.064301900718258	1.90643513517709	341
-0.069173570891326	0.805543923233103	341
-0.108673287848384	0.154850400054201	29
0.046432874796834	0.406165098500369	980
-0.05417988350784	0.388904544368085	213
-0.000753485268465026	0.975466400222743	213
-0.11268811315017	0.553933549417533	29
0.038719593496971	0.512047081638378	29
-0.00638362073858001	0.755941770696044	79
0.099972954651224	0.944960083138757	79
-0.1238754718184	0.401659350465631	79
0.017210259910841	0.667751684178077	29
0.044124807277932	0.681530990674854	29
-0.015842438163349	0.711080268388895	29
0.087429527895549	0.387781253222014	29
-0.040369159368442	0.499587115713247	32
-0.052938157797987	0.254235338407725	32
-0.089380346394844	0.48566506492215	32
-0.009830687887662	0.576776545513971	32
0.00912636284292601	0.583373300253905	32
-0.105144127368258	0.376690008354488	32
0.1006760873531	1.46142948588435	863
-0.040814241339207	0.965203900225645	1199
-0.101449713402196	0.698544798395464	1199
-0.080868306192618	0.685181428843707	1199
0.081804985598953	0.623099592397092	345
0.0665662909203481	0.93046450596569	345
0.111877779416196	0.715170772686427	345
0.0200835466807761	0.490032240256938	345
-0.032659608322641	0.476329136723251	345
0.040634706601464	0.495165201180423	345
-0.023626030124357	0.490682860547801	345
0.04575519644421	0.276775842792008	983
-0.03777447409692	0.164781776522234	345
0.0431125619363329	0.263372453522833	345
-0.072000583774972	0.476321168634551	345
-0.00608355532477001	0.869442359327355	36
-0.00899676053355803	0.573077316870968	9
0.049551021324676	0.764246011030931	9
0.0612419149679641	0.686517494248117	610
0.078738713837026	0.858151840678915	610
0.114153057816102	0.634802598881126	610
-0.104598719746703	0.550566338277719	610
0.092416094640283	0.508014440130968	12
-0.090837192027845	0.274667366269493	12
0.00550283391849005	0.602892109272101	1297
-0.081847237289245	0.478071745412537	11
0.0428677305137281	0.277736292769951	103
-0.028727618172851	0.383095373291504	830
0.05535256020346	0.284581315960281	830
-0.086625369446553	0.271026556616832	27
-0.090575302214215	0.273833302641939	665
0.085251930225812	0.482799265166632	27
0.084422563810676	0.393637163960503	221
-0.013056386130476	0.256533070375621	27
0.089092781276004	0.488662354370619	27
-0.082417079177521	0.270324741984195	27
0.117379497192553	2.33578318240784	474
-0.092180958276271	2.19002058896361	213
-0.078154227949533	1.55546125007403	341
0.0852626726262961	1.91411459297266	341
0.05251938475757	1.14971510248522	341
0.00401177492250804	1.04763437324448	341
0.00246607507820995	0.833850147746321	341
0.00340798676529297	0.651357152302216	29
-0.065550812999591	0.560643132188863	29
-0.105586457195871	0.396436029545052	29
-0.040998025477107	0.637659167397198	79
-0.000197674478585985	0.586926881925463	29
-0.121032590297746	0.46600489736457	29
-0.011673481219539	0.278345529125861	32
0.105660549092924	0.980672665309079	32
-0.081774663918596	0.390773774073934	32
-0.102713187081735	0.687436586192787	863
0.060004945288365	1.01201751361999	9
-0.101602276017208	0.658884834395991	1199
-0.124277133726407	0.5691411352331	1199
-0.00625466501223398	0.595754463525337	345
0.0224067762317151	0.892164650396744	345
0.044989140086975	1.00258183386879	345
-0.116253846256186	0.1553309012695	345
0.051151002038463	0.280526443322686	345
-0.00598064892121197	0.658682850801345	345
-0.115952246928811	0.25711379678245	9
0.094404951380883	0.701497371408262	9
-0.118489177270203	0.49789448650633	9
-0.046215178860761	0.577311446032014	9
-0.081588375215594	0.744144953197121	36
-0.081243900928138	0.491485821635275	610
0.025102261643983	0.758616891887223	610
-0.073899609717766	0.492537358087932	12
0.102197835180019	0.832473033437861	12
-0.048704642084522	0.392282389001066	36
-0.00978014813116102	0.59663948015149	64
-0.109774024260717	0.375793772466265	64
-0.00331422095616701	0.508897932790691	11
0.014582098231579	0.588996200188731	11
0.00546013200748596	0.505952262178731	11
-0.028031714309459	0.491538334935436	11
-0.12300864347087	0.372894577435904	11
-0.077224242516494	0.391965765798962	137
-0.081927996792908	0.377210966926123	137
-0.032212414395221	0.464173336755497	103
-0.07326589839735	0.333843107239172	103
-0.111162358829902	0.159147929071506	103
-0.093130627544712	0.259779455529485	103
-0.0144200148973	0.275822808528465	27
-0.016948623921812	0.2712616366163	27
-0.117417270438373	0.263860581348646	27
-0.01032237311525	0.277187516422947	221
-0.040049557123381	0.159980937649366	27
-0.109961377201152	0.149528823557965	27
0.123672687720165	0.193374580198933	324
0.119669786755726	0.197421523304085	324
-0.108630283745496	0.704189018251203	341
0.0426808214758	0.506211783313544	29
0.053970530720023	0.602676682803618	29
0.101487179121366	0.631208059827234	29
-0.00145035771861002	0.953567642126542	29
0.038227392180508	0.770029778336145	79
-0.00393237264604301	0.869043524928301	32
0.077977324966901	1.12264648984099	32
0.0601486002851001	0.928495642286124	32
0.0487903800480221	0.513467095282958	32
0.049816454172229	0.276037938549389	32
0.048687397165796	0.406320722218626	32
0.053576392608277	0.386371780198819	32
-0.00769505996452002	0.972634708554387	9
0.095475323234083	0.772963924427045	1199
-0.106201943806289	0.271162885609021	1199
-0.10774676661826	0.924833289858481	345
-0.124606293341921	0.618828669447957	345
-0.00213461336175702	0.591200314827668	9
-0.073624617460537	0.564682617630553	36
-0.084532872772059	0.39849538566078	688
-0.102996588401874	0.739467211009164	1311
0.020367958191258	0.828167723459102	12
0.00520300337761803	0.806127893854162	12
-0.056430057235801	0.275542851366981	12
0.078448289875739	0.612400981192245	64
0.043046243482804	0.403824887867042	1297
-0.05782363632873	0.276542896331464	36
-0.096453949293804	0.259383181162077	64
-0.058128195506951	0.256732261935135	11
-0.098687363689251	0.254267576680162	11
0.114507297136437	1.36725713897347	11
0.094082510317293	0.396294329414459	11
0.048415072994848	0.282674452330828	11
0.042326798517866	0.843667353852716	400
-0.025673656439824	0.163627204364407	400
0.0428677305137281	0.277736292769951	137
0.00178649300313105	0.592155801513975	103
0.123639417879355	0.53166296003523	103
-0.01246728819791	0.26429360089633	103
0.056116712415811	0.282142882901527	503
0.105169048262218	0.620055517651464	503
-0.115520923498325	0.156222393433486	503
-0.048359332188675	1.90496695145025	341
0.00620163878325097	0.75761027722913	29
-0.047212291373087	0.395647914780783	29
-0.116822676844826	0.262952804292677	29
-0.084144755824242	0.557975657439096	29
-0.08837540036465	0.372510873887676	29
-0.113766572723295	0.27309790699588	29
-0.009897238796308	0.503742556166499	29
-0.06844519152376	0.38850006035079	29
0.043034482871971	0.277015458410403	32
-0.00466776573872502	0.268372170229921	32
0.0977262494637881	0.403314234467839	32
-0.01117210958795	0.398233528066052	32
0.0714715257573461	1.89616572452396	863
-0.066017261270313	0.986257919423316	863
-0.053292743768274	0.269413247385236	863
0.013856477917256	0.902124188172909	9
-0.122264731708783	0.394754748837162	1199
-0.111399735595481	0.688421157136678	345
0.045991523359621	0.679366016253797	345
0.11993239579233	0.961621209408494	9
0.058776977859236	0.6723411719378	9
-0.082097587588319	0.70923188309992	36
0.031639335032746	0.751666566387299	688
0.098328556587396	0.792181045134333	688
0.036595576461895	0.816960031197166	1311
-0.100823645924821	0.558475756697013	1311
-0.00816342344418403	0.273392132759788	36
0.0512476464977491	0.840263620173234	12
-0.086927735960646	0.68525694445603	36
-0.118011090131977	0.265449232674726	12
-0.014411029090974	0.269858058413679	1297
-0.010699162996916	0.279064658335025	36
-0.090006805056637	0.274720807539609	64
-0.00835696317162499	0.279024094513188	11
-0.032856116933696	0.172207431346016	11
-0.058636245719641	0.275726601221191	75
0.088584239755149	0.392599977950413	75
0.05303191219988	0.28556849720049	75
-0.110252181460001	0.399439970321467	103
-0.112297411420876	0.151404356590699	103
-0.063470507391261	0.260152530999381	103
-0.074352138880184	0.48321741400908	103
-0.055088062100566	0.260170288423463	103
-0.032796202972762	0.167465311350541	503
0.060065238278751	0.51408178987655	27
-0.027841307702626	0.165171762298835	159
0.113656498860624	0.194210317184637	27
-0.114851094282345	0.154698509416655	27
-0.034320866617167	0.170598864403623	135
0.11962621063934	0.201522244647387	135
-0.033558405016549	0.171307702237758	135
-0.094803692532343	0.38182931018692	27
0.029674604526352	0.753996441693289	29
-0.030022188039317	0.488599479938445	29
0.061904477486658	0.960639113362312	29
0.006752637049526	1.04990339746035	29
0.058489182916684	0.696319017945276	29
0.027275833068714	0.515476888163867	29
0.021122772480503	0.510345329557905	29
-0.016427493205753	0.39031277574094	29
0.090211726366292	0.520356776758132	29
0.108213461140703	0.637084991892383	320
0.065709675435788	0.504947529773901	79
-0.113144492723408	0.266255257286799	79
-0.054739759427318	0.274425325537243	29
-0.124002062130959	0.272232240787748	79
-0.120493008288036	0.480048780697595	29
0.082797461949093	0.595514303364139	79
-0.052712654472043	0.271990885943927	32
0.093310085521816	0.523522266277453	32
-0.040951360121886	0.257382015941251	32
-0.10270017572781	0.866334497274562	863
-0.049881397325151	0.380987359103329	863
0.0595809923030241	0.602475416643605	863
-0.100023795728985	0.484011101559231	863
0.070789850040429	0.626205517890177	863
-0.00518675695259702	0.493103193602165	863
-0.110948339871878	0.270460336156764	863
-0.068187042060569	0.578092593794973	9
-0.028220520376023	0.387875289037278	1199
0.03408475764522	0.782351312449928	1199
-0.00816049400263102	0.503162786197182	1199
0.0857263810082181	0.51110757953292	1199
-0.100386540080976	0.735291600712138	345
-0.11469652794508	0.768642411449504	345
0.022374469657049	0.621610211150552	345
-0.077926753814805	0.486876914934309	9
-0.073491138758282	0.56201530307329	36
-0.112037862836413	0.2693873356953	688
-0.09173846336393	0.379222787334338	1311
-0.111226066920072	0.391539579354985	12
0.041637998040362	0.502335373053407	12
0.084029540559317	0.37478731889905	12
-0.015608363075197	0.48934213599593	12
-0.055737493914053	0.637756718421604	36
0.00584138126246403	0.503814723626155	12
0.055552189123782	0.395237477570166	1297
-0.106021931889806	0.398271556934174	1297
-0.086932877263071	0.274734262132786	1297
-0.028476566725615	0.387139180594566	64
-0.00640613103126397	0.277557960625621	11
-0.089135568876834	0.257332937176437	11
0.050555016249909	0.281419909857836	11
-0.082683357149147	0.495130485710897	11
-0.048264008002938	0.38685342303789	11
-0.113489712546846	0.271184658793637	75
-0.029358376463472	0.172340564270388	75
0.046285414809028	0.276427107368315	75
0.049177486128471	0.280938779123333	103
-0.012596543280062	0.482336359766031	103
-0.087714309071858	0.267949907771769	103
-0.115162587933901	0.273602632782224	103
0.0462976944101921	0.280280242490032	503
-0.115762797028114	0.155635275207725	159
-0.116974923159305	0.151696272117205	186
0.095426715335329	0.514349459554166	27
-0.101794901365389	0.746624955132742	213
-0.084380700649976	0.272519054369514	29
-0.00991914856356302	0.280834980390778	320
-0.053598071852417	0.273946727811027	320
0.035186109059017	0.500646303431434	320
0.044166320643368	0.39933101189602	320
0.119669786755726	0.197421523304085	29
-0.115709141226434	0.621578690560796	29
-0.029446873097072	0.504406791052485	29
0.043349084301163	0.400289375513614	32
-0.115762797028114	0.155635275207725	32
-0.055237734339157	0.255938952603961	32
-0.035025171919381	0.166360775637245	32
0.051106244890048	0.691869970991962	863
0.040589612989726	0.510017117098345	863
-0.118648428204679	0.154170805239629	863
0.051320581876897	0.281439770567415	1199
0.0915183595561681	0.409556629688535	1199
-0.113633948577237	0.477092942266506	1199
-0.108673287848384	0.154850400054201	1199
-0.075068935861406	0.373938431968262	9
-0.027823645944753	0.845040171285051	9
-0.011556017381249	0.385893125460724	9
0.04687229163968	1.10224114523575	12
-0.113641435462254	0.153637832506503	12
-0.00311997907383998	0.793557816536079	12
-0.055508031365663	0.494592036798114	12
-0.00991914856356302	0.280834980390778	12
-0.016166412757503	0.271983006757915	36
0.051505313415077	0.289999457158964	36
-0.115520923498325	0.156222393433486	11
-0.118648428204679	0.154170805239629	11
-0.111073154367858	0.158761217583667	11
-0.053063102326812	0.376259728153725	11
0.124537452032742	0.192015229802692	75
-0.012454832369613	0.269380224483239	27
-0.030390456497314	0.161191371484807	186
0.00361700369204898	0.488681865731548	27
0.118029646606178	0.195815538712146	27
-0.08155631756258	0.785239097495992	29
-0.124731725556184	0.448548665794316	29
-0.113766572723295	0.27309790699588	320
-0.054739759427318	0.274425325537243	320
-0.01382409161087	0.379921811029077	320
-0.112937123273539	0.269537382551478	79
-0.015576857291125	0.270182253038118	29
-0.055568369244163	0.273301150283359	1663
0.026681376930741	0.575870139040204	29
0.039560829384937	1.01276422591339	29
-0.033795927360713	0.385121281643	29
-0.111469792088098	0.266184758251728	29
-0.034834651623612	0.584232922956879	32
0.112099373037609	1.37841815431664	32
-0.010947428349992	0.737821045596994	32
-0.121118765993837	1.10665697470612	863
0.106738448560638	1.45646669241483	863
-0.043419196135271	0.38611843410624	863
-0.027302258696939	0.358341309738015	863
0.049216624273239	0.503819346405064	863
0.085245571539336	0.495272084054695	863
0.09641153127804	0.726456032129024	863
0.123279514191766	0.919396897832823	863
0.094590676640806	0.412386000697097	863
0.089484806111388	0.52183770508942	1199
-0.113476053910433	0.271095536126498	1199
-0.00432016949789599	0.262302587652026	1199
0.09073592555043	0.518732462330942	1199
-0.104061685207301	0.652549655485822	345
0.026950292064144	1.31732987056174	345
0.040846113931725	0.391874423856449	13
-0.00327905245008497	0.267194840811455	36
0.023062097349318	0.795854053627076	12
0.043297662076622	0.267396056804474	12
-0.112455127725174	0.158055588629721	12
0.00823539453600097	0.752411790774792	12
0.043087287952068	0.832406971534353	36
0.080184606218451	1.02716930017803	36
0.0444953736222951	0.686159856366748	36
0.047478063627825	0.286615594200139	12
-0.053231191198808	0.266113248003979	36
0.053851473793876	0.386307972361089	1297
-0.112544903499217	0.158631103032102	11
-0.110427532079184	0.158366184621759	11
-0.00816342344418403	0.273392132759788	11
0.115920888940636	0.499372644594312	11
0.048097374402806	0.502014880991559	11
-0.030537572991553	0.73830560305419	11
-0.061636340905556	0.38611807279699	103
0.086879612930633	0.39599687350667	103
-0.00857448524503401	0.470650538388275	103
-0.093066093349805	0.269169054154767	503
0.096002349774524	0.379268518788939	503
-0.032856116933696	0.172207431346016	27
0.0543912201683861	0.272911704019917	186
-0.035675851845642	0.495470592044172	186
-0.034320866617167	0.170598864403623	27
-0.117543487372211	0.151228488898172	27
-0.034320866617167	0.170598864403623	135
-0.028592856732047	0.168788076833278	27
-0.097545299225231	1.89115301807361	341
-0.118413774687954	1.86296067999835	341
-0.015898652539258	1.27638560588667	29
-0.035981522272018	1.22339848481389	29
0.113731038746205	1.47369101598788	29
0.11441735707257	1.37160764564552	29
-0.090024489624218	0.457259222144526	29
-0.00503709493569798	0.27597583148111	29
-0.115026082108518	0.157042157240657	29
-0.007965379168556	0.266846101161954	320
-0.110516187928753	0.155631806439836	320
-0.112634152415116	0.154572288198928	320
-0.00995584896907198	0.258881161125646	320
0.02998315719836	0.610472598161779	320
-0.120763906098521	0.152283902967799	487
0.045537684964484	0.2766231628293	487
-0.037764608719315	0.168297810515123	29
-0.033558405016549	0.171307702237758	29
-0.034262152738267	0.167034861267776	79
-0.027188976924162	0.16455136252856	29
-0.106292273936197	0.655461280697438	32
-0.028606032231614	0.168487760111406	32
0.020957592058117	0.749718526565028	863
0.050381447461205	0.399016896755133	863
-0.115587776326825	0.155989874143806	863
-0.058662462204538	0.496905657017776	863
-0.116164976737783	0.155730893895936	9
0.054589229580168	0.284575320247645	9
-0.111162358829902	0.159147929071506	1199
0.022238979069018	0.826661583157034	345
0.019032861567467	0.915182762694439	345
-0.056404575308216	0.369921959513645	345
0.105543369576775	0.704533838402897	345
-0.00626563899543098	0.585136099847158	688
0.0426420659700501	0.880412193333053	688
-0.094149843101678	0.717087239640786	688
-0.04010381455722	0.615425755790724	688
-0.087745147457145	0.250313834619316	36
0.0470585265982541	0.281926179496885	12
-0.10489135185291	0.146634103148834	12
0.088013291000022	0.9542545080638	36
-0.118734744803285	0.151333107084063	12
-0.044122375331807	0.657403580313662	64
-0.034085232258691	0.165928855360736	1297
-0.031394207996038	0.167251262805583	64
-0.03361802040995	0.171492856136262	64
0.120446143828703	0.197036537066415	64
0.121299130100455	0.19765529034279	11
-0.038528773908626	0.167402222187446	11
-0.113554765781125	0.155758177675018	11
0.115250614627185	0.194235280357882	11
-0.11706325284305	0.154565319237915	11
-0.12414435651173	0.613313894857012	11
-0.023082566110157	0.368841722294305	11
-0.117270019509868	0.150188552627338	245
0.122119007457639	0.193431074679263	75
-0.016584502309567	0.663726610249852	103
-0.106432591116777	0.270609566595236	103
0.118415822581733	0.88690033569177	103
0.120446143828703	0.197036537066415	186
0.118849939816202	0.201943652777816	135
-0.120927559753	2.45333843893552	341
0.090321839498907	0.413134426881558	29
0.112884378395976	0.189535203169824	487
0.121299130100455	0.19765529034279	487
-0.034443061973883	0.504332770795421	79
-0.115675549873541	0.157431951292729	29
0.012432499316488	0.490023903544653	79
0.118892862835363	0.192614416933485	1663
-0.087622009412697	0.48057012921502	651
0.048826237024107	0.25909991198062	29
0.089371138701417	1.04480447002358	32
-0.120763906098521	0.152283902967799	59
0.120446143828703	0.197036537066415	59
0.121299130100455	0.19765529034279	59
0.07592590980419	1.13144532907225	863
0.00147009147294996	0.359947591357249	863
-0.114851094282345	0.154698509416655	863
-0.021257330721508	0.500593346825601	863
-0.056662650785499	0.273607014163422	9
0.055015981791859	0.273443439163484	9
-0.116237676945391	0.497687103959718	9
0.00923021427300397	0.374178133362709	345
-0.081573566504851	0.270583808878175	345
-0.022074772845314	1.13110007901206	345
-0.115314714687069	0.554958508261396	345
0.119685684019106	0.514418939341177	688
-0.035075107123448	0.697217570591326	688
-0.04544990441066	0.498660693010563	688
0.064251565414438	0.904151197432998	688
-0.115762797028114	0.155635275207725	12
-0.057043344045231	0.38636537546504	12
0.110172048956898	0.622251211895721	36
-0.115675549873541	0.157431951292729	36
0.117648689766584	0.190283063570255	11
-0.044384195977468	0.642393014374378	11
-0.071880264301652	0.451561943365437	11
-0.039283287969828	0.16388396249932	11
0.047347002983421	0.502214626010866	11
-0.07798633342031	0.395034539374975	11
0.120401910540674	0.196118981932544	473
-0.106239034473009	0.37548417175324	103
0.11692723352674	0.190712979024442	245
0.122076172115503	0.201430407091027	103
0.117648689766584	0.190283063570255	503
0.020276119587509	0.599019598513808	27
-0.037828188402737	0.496747992602778	27
0.015322271752263	0.595568581063892	29
-0.074269114022348	0.383353791778056	320
0.00924536977856605	0.500816289944528	29
0.019023227574125	0.395755749885351	79
0.087301608028616	0.51554464571282	487
-0.094469232076221	0.263897861140002	79
-0.102743965016716	0.392891681949699	79
-0.040422777815652	0.56992445388062	651
0.000288823277701966	0.659880886085819	29
-0.067004798895865	0.56981620673779	29
-0.092502844409017	0.38601677037596	79
-0.120143010921934	0.488904358212878	79
-0.053598071852417	0.273946727811027	59
-0.045472931257165	1.3011994729642	863
0.074838858330595	0.572178851143965	1199
-0.00274902641222302	0.508398206775	1199
0.0821923677843	0.617298229261717	1199
0.010042309875487	0.588079202089046	1199
-0.040227430276721	0.83183077593441	345
0.114650626724326	0.755510645976892	345
-0.109050770200494	0.56629969420632	345
0.010240830917436	0.791920985605809	345
0.042795770209145	0.690628105254403	13
0.00584210944961106	0.741755687328856	654
-0.064166943286184	0.652042082039501	688
0.01518030786342	0.671987550168854	36
-0.120442002987238	0.392195570158525	31
0.123236303174993	0.720963694961683	12
-0.075253556919492	0.455410152405787	12
-0.089997969743794	0.388457440298404	12
0.084717726349838	0.705336911640012	64
-0.08960231835275	0.390361524285413	64
-0.050859940352908	0.269565467860696	11
-0.084948567261713	0.270882048628967	11
-0.110497024492844	0.38716910439284	11
0.048875898479041	0.390187799842276	2478
-0.055337834358241	0.271437316962563	11
0.012042038672752	0.394429665129248	11
0.01429380269143	0.363480477397003	245
-0.050511700778177	0.274668675305383	103
0.034123089648244	0.362073291053213	27
0.045702438988819	0.276857433713621	186
-0.110983424905455	0.153967810837708	186
-0.032856116933696	0.172207431346016	186
0.0470585265982541	0.281926179496885	186
-0.017730110253276	0.269024840832112	27
-0.057811789684604	0.700802452192423	29
-0.017364670106564	0.50045822129136	29
0.09157824197076	0.510345613695113	29
-0.04893533120521	0.360747127793754	79
0.071362032338396	0.854813149494463	971
-0.086627289496778	0.275328901953621	487
0.032562365991186	0.469272677568036	29
0.095894218286583	0.530613697048486	29
0.00952665717091505	0.399166904192688	79
-0.018123007985892	0.654219183263781	651
0.00447357178982299	0.672854804297638	79
-0.060661233613708	0.487046031064379	32
-0.040810738663878	0.55878762125974	59
0.0350912739529981	0.77114769936782	863
0.052951739513892	0.614087446914672	863
-0.106927103678895	0.408430633001638	863
0.106421799490653	1.24574804022476	863
0.0198974959289761	0.910447114865318	9
-0.11828200054388	0.388422627682421	1199
0.048127831107344	0.612715075337876	1199
0.0492032893740601	0.851230881962658	345
-0.052977344320462	0.781260577444108	13
-0.045451452156985	0.502127436700633	688
-0.110421479440603	0.468807894520016	688
0.033778260493055	0.488540128053535	31
0.041884312839974	0.67291211286509	12
-0.103437538357434	0.488541582859404	36
0.081080073290825	0.873577556585139	36
-0.114912525826028	0.269558278983969	64
-0.055918175749764	0.2667346365212	103
0.00290615698594698	0.357666521939382	503
-0.034835763963541	0.168567019261679	186
-0.087397209832194	2.16163182067186	213
-0.065063979140325	0.725207327217148	29
0.010719551727197	0.564833594961366	29
0.104307969670943	0.623758770359761	29
-0.036304711401841	0.395470358162628	29
-0.018756821325213	0.383792973583207	29
0.00840045859740402	0.397480718885539	971
0.050768500519374	0.400769594315359	971
0.119023743074839	0.813051925527752	971
0.0765296926935291	0.700072700374657	487
0.03359559919926	0.845501488674829	651
-0.044436609696845	0.567875096359768	29
-0.049411135238339	0.602276518880931	32
0.013287052674942	0.648421522900228	32
0.031765658519512	0.490322697393891	59
-0.12306229973023	0.254065834146993	59
0.043672277851067	0.776527488130201	863
-0.086134378170089	0.541345369076855	863
0.048615715151928	0.824770660154298	863
0.111486009129951	0.943141623083928	863
-0.091660264532436	0.388828139438966	9
0.106800362620112	0.626189359841227	1199
0.055462564172887	0.486446874721954	9
0.061529666686516	1.13076315324412	39
-0.081707385335138	0.489606479615156	345
-0.102209487244413	0.380469346268618	345
0.010997593514176	0.579170444159036	345
0.03332103672113	0.832479703309662	688
-0.087856585875861	0.471180032706339	688
-0.110420666727765	0.375600639483949	31
0.046868572013734	0.684549421614366	31
-0.013869776441291	0.666226611506166	31
0.02286953846739	0.680110844458879	36
-0.050285070112629	0.553443528843771	36
-0.087990442507417	0.451313640918585	36
0.0128497473304821	0.460082923388459	64
0.089799390347636	0.380899325974808	11
-0.110617554886661	0.260913906911771	92
-0.063901563747151	0.257129423145246	92
0.097081808435549	0.592879684073572	11
-0.017161972068192	0.502590893250634	11
-0.095527470153149	0.401095644090433	11
-0.110338353479638	0.155358233403068	503
0.047820182622953	0.281875096479508	27
0.05535256020346	0.284581315960281	666
0.053994322387253	0.283780005783548	27
-0.061949338529054	0.721876547937096	29
-0.016175870831863	0.396639543904423	29
-0.053522599672944	0.268114450428787	487
0.086889260452128	0.795339362767204	32
-0.06184491139562	0.26151942861536	59
-0.030413335979101	1.44226377739425	863
-0.074423596218226	0.543206191888492	863
-0.076730144291552	0.647291760157767	9
-0.11679047867134	0.455451687612884	9
0.03723834424525	0.506665803210965	9
-0.078080406023288	0.382487780301469	9
-0.090264612504985	0.63312598292086	9
-0.053597098134107	0.555871120419435	345
-0.022455494005479	0.748493324636452	345
0.105142789839153	0.805032588954809	345
-0.114461325418694	0.479375029834073	345
-0.05574076796411	0.694772405037591	345
-0.051440488322871	0.669953622444498	688
-0.121179008406711	0.381981830262849	688
-0.066564183509373	0.541425216369661	12
0.050830539892359	0.693281112414831	36
-0.085626790897021	0.569632203070871	36
0.044682245810314	0.38136493825761	36
-0.056148585627182	0.270662535195078	64
-0.091409411155704	0.260462584607609	64
0.086156226014966	0.391772974867465	1416
-0.109801535813012	0.266540736012675	310
-0.091625738897479	0.388948392224882	11
-0.020139727917273	0.494113260143972	11
0.091687527530612	0.487971469023382	11
-0.114202857870184	0.156132490652696	11
-0.044651096646406	0.259534485367434	11
0.045950262037525	0.282345741394933	103
0.048074042713484	0.285654783019562	103
0.054757720795842	0.283787561116198	503
-0.032916639677762	0.170355386811782	780
-0.031632125554154	0.16677308256425	27
-0.033313214931201	0.16515339254902	666
0.031589231184264	0.612582319273232	216
0.104089730545522	1.24257932132125	29
-0.093056057017262	0.490387887702905	29
-0.060334244514408	0.264583569140948	29
-0.010129192755226	0.277424616374121	29
-0.060877400391182	0.265087098628465	29
0.08771332292085	0.790080141333032	971
-0.092281198147187	0.366525884005126	79
0.119669786755726	0.197421523304085	79
-0.103415182073272	0.451420009678163	79
-0.032796202972762	0.167465311350541	59
-0.042496924675314	0.158123986997405	59
-0.094611812482501	0.488997142598017	863
-0.062017348233969	0.584112852094636	863
-0.112618403998761	0.270822670588593	863
0.008038066240316	0.672104388178494	9
-0.032276042272457	0.386340616533486	9
-0.120473112441901	0.489301490091829	9
-0.121608984098041	0.255309970598862	9
-0.036129221282657	0.388343732053962	9
0.024577272194467	0.94446101214888	345
0.021797000967356	0.81429324508907	345
-0.056831706545185	0.735418622616074	345
-0.017395254982529	0.800060879714698	13
0.060755201067179	0.509591492826571	13
0.020436188282337	0.574112894061814	688
0.064734669941566	0.849897228056752	688
0.061465386390786	0.50267943313135	36
-0.051127854360432	0.700874296220657	31
0.065838997660146	0.617707863546369	36
-0.00706790269666402	0.745985319297089	36
-0.094973176469196	0.549405713584056	36
-0.032155294870618	0.171057763952974	310
0.034865580549254	0.500657438619313	310
-0.051902257586828	0.273793376168428	11
0.013453256006305	0.682984366347108	11
-0.00993540198229698	0.273099011566324	11
-0.014214235659416	0.272592143270991	11
-0.115762797028114	0.155635275207725	11
-0.034320866617167	0.170598864403623	11
0.050293990098836	0.599631125951566	103
0.040373650405364	0.264696046166091	103
0.118849939816202	0.201943652777816	27
0.120446143828703	0.197036537066415	27
0.07097627126233	1.22324512068689	29
-0.007186112124626	0.27432652421622	971
-0.124091948494835	0.267198792961944	971
-0.00696567060804798	0.661849517837637	971
-0.016950998954446	0.264156168776032	79
-0.112388246830339	0.151750604637313	79
-0.086318236318894	0.265776650013242	825
-0.051484049767651	0.580391776914246	651
-0.03361802040995	0.171492856136262	32
-0.06760462894855	1.844930777609	863
-0.03899236821088	1.58417814721909	863
0.10004778392546	0.721514032979066	863
-0.038074765416116	0.595390398309366	863
0.021949844926166	0.739854622365728	9
-0.02260837474074	0.367078926422665	9
-0.006628730171231	0.823937155468152	9
0.040837765293898	1.2879155208897	39
0.084519926844882	0.714388835262035	345
-0.034966657645386	0.745063074716898	345
0.00940873497917305	0.892034074749432	13
0.077987808220088	0.695689405616905	13
-0.074255933201636	0.62009020666313	1
0.012063072776002	0.504697497317494	688
0.080146133975129	0.616719961135917	12
-0.108793588226624	0.557372937807636	36
-0.00425574012902802	0.275038650070014	387
0.045106953638352	0.268900439871754	387
0.089819422575485	0.619807094758823	347
-0.038364028204456	0.385697384774178	310
0.044226799758739	0.2784786388354	11
-0.00676452884713802	0.479771138511155	11
-0.071044547022338	0.386920559762521	11
0.050148283132671	0.288176659673767	11
-0.116325163543614	0.155957430958996	11
-0.108583000307704	0.387745531241828	103
-0.111196104304154	0.268860528871469	103
0.060818139401553	0.605392405924874	103
-0.111521762511149	0.265363897293151	103
-0.037951336937887	0.382570281401528	186
0.11962621063934	0.201522244647387	599
-0.061829326311609	0.457319628039131	27
0.058318465536557	0.611833175098776	27
-0.082424719333357	0.270212366549726	66
-0.023294449262914	1.18063119071517	29
-0.115715783498807	0.271863467588748	29
-0.054177782554029	0.274936078132297	29
-0.031884142505325	0.160352818920001	971
-0.108741196488576	0.393074380854705	971
-0.119294974588462	0.153683990110454	971
0.118849939816202	0.201943652777816	79
-0.092779132078745	0.253459066877994	651
0.05751685470895	0.837964194963327	79
-0.115675549873541	0.157431951292729	32
-0.032856116933696	0.172207431346016	59
-0.029358376463472	0.172340564270388	59
0.121299130100455	0.19765529034279	59
-0.115520923498325	0.156222393433486	863
0.122119007457639	0.193431074679263	863
0.102329176219	0.626208084941634	863
0.039722440856955	0.507239733507899	863
-0.109522862875339	0.269576051129924	9
0.052178411266679	0.385395692047881	9
0.070152106637923	0.979954024449915	9
-0.121400389755989	0.251628240168057	345
-0.0581786903024	0.650162101820636	36
-0.091943351425204	0.714673666713625	36
0.04765348467444	0.282727462429351	229
-0.122213959179352	0.254239468175095	36
-0.013248800882227	0.266354554969164	310
0.120932459976113	0.185859537927564	310
0.120401910540674	0.196118981932544	310
-0.011289558183116	0.482297709091966	92
-0.012457179944674	0.280134832369106	92
-0.014999903646437	0.268100758509958	11
-0.114290070662285	0.157070938330489	11
0.042693665705513	0.510022913569396	11
0.120446143828703	0.197036537066415	103
0.028243237312264	0.680318587423342	103
0.113793653506125	0.960062520291511	103
-0.032916639677762	0.170355386811782	103
0.096210734906363	0.500947336007416	503
0.118029646606178	0.195815538712146	216
0.122076172115503	0.201430407091027	216
-0.037900351787897	1.79785206836268	213
-0.124218004022993	0.937348528209578	29
-0.120763906098521	0.152283902967799	29
-0.029372068306671	0.168506458901295	29
-0.094523424015923	0.391802039287884	971
-0.115132020311404	0.259434380568076	79
0.119669786755726	0.197421523304085	79
-0.033499393925271	0.163455590078674	79
-0.098764867160253	0.636963673040352	651
-0.113281845496589	0.154933036119063	32
0.040955836724635	0.74328918898239	32
-0.036915837570961	0.810469822408247	32
0.0000740157442900014	0.664150928249846	32
-0.075877301424875	0.375582980932186	32
-0.034262152738267	0.167034861267776	32
-0.033558405016549	0.171307702237758	32
0.014518872660523	0.400101056793119	863
-0.120943670809741	0.401052878951632	9
-0.035788451640569	0.16178842853178	9
-0.111205179737639	0.57477705641863	9
-0.114788725021001	0.155472224241984	1
-0.05840444478986	0.274605671745734	13
0.123672687720165	0.193374580198933	688
0.014475292112536	0.658327991075341	36
-0.045957016668603	0.47917256875169	36
0.050148283132671	0.288176659673767	36
0.050037764512854	0.668270084412259	1413
0.048074042713484	0.285654783019562	36
-0.112544903499217	0.158631103032102	36
-0.00985209369450202	0.753117306163625	352
-0.118243456339249	0.38677170471471	347
-0.115026082108518	0.157042157240657	310
-0.018320006268022	0.268262710193445	92
-0.010123703908395	0.264658039425763	11
0.010085194052648	0.386443638170501	371
0.122852637035919	0.197576085447396	103
-0.036822257204065	0.395290246685083	186
0.118073101920439	0.196825091913243	599
-0.12058107523975	0.409768851442245	27
-0.084699067909513	0.644899775241919	27
-0.081857415391115	1.76224892001815	213
0.082844821181996	2.09522851604501	553
0.085172894801868	1.23443979668805	553
-0.117056346356405	0.365477185561217	553
-0.110427532079184	0.158366184621759	195
0.118849939816202	0.201943652777816	971
-0.100912421998912	0.3808016620037	971
-0.00621192552804301	0.669098826709377	971
-0.111897899981872	0.158234870560768	79
0.043883956151006	0.577969861613593	79
0.113706781524745	0.189916286385992	29
-0.030110933399118	0.171638071817207	29
0.063944024003333	0.498170825524554	651
0.088072525412331	0.366103509140537	651
-0.123862067980104	0.577993347572027	32
-0.038518323138799	0.164739851096166	59
0.014804928580556	0.511706783583253	70
0.061692875635874	0.610083825709138	863
0.071720204075939	0.678608153791598	863
-0.111162358829902	0.159147929071506	9
0.051151002038463	0.280526443322686	9
-0.048652346945487	0.756065426310706	9
-0.105685293305895	0.441176867251648	345
-0.094725311623742	0.255085785266498	1
-0.093517521252181	0.640718909316206	1
0.110526303850561	1.05800347194517	36
0.085249717763268	1.30352721833574	36
0.048415072994848	0.282674452330828	36
-0.053275478055263	0.78757712094244	352
-0.011674990465595	0.270072679727193	229
-0.115026082108518	0.157042157240657	229
-0.00913841552460099	0.280814338380485	229
0.121403001955955	0.507703467825102	229
-0.057243038375555	0.276304953676113	347
0.045742399733892	0.4932267225642	809
-0.082207906067398	0.640064834227223	11
0.034269241891292	0.739141039442995	11
-0.111073154367858	0.158761217583667	11
0.067423532059158	0.513873912556061	11
-0.097468974927914	0.772899054197817	11
-0.037764608719315	0.168297810515123	11
0.117252894763946	0.19109165365643	300
-0.00578538938063	0.587451529120444	103
0.054158471193598	0.387156703584911	503
-0.019618465683125	0.36636026415339	503
-0.017948332952475	0.474114179526175	503
0.113745601134798	0.467645839546128	503
-0.030878559284433	0.171666856078845	2736
-0.050784234861538	0.653412393858062	27
-0.034073825027202	0.168545023486603	216
0.00318819427696804	1.53604899397883	553
-0.082426164509269	1.1277323688233	553
0.114338767200863	1.41107808716249	553
-0.102969138146326	0.578575694375882	553
0.052862801687898	0.286874156005202	553
-0.014612285198749	0.277544071275689	971
0.122119007457639	0.193431074679263	139
-0.031150660061243	0.158829647155731	825
-0.051935244041231	0.385567374510042	651
0.04770013351747	1.06697543264475	32
0.06121597365909	0.857192323219713	32
-0.053939092654742	0.552936323521677	32
0.120446143828703	0.197036537066415	32
0.114478989136667	0.194606563884473	863
-0.117745447405672	0.499744028014117	863
-0.00380964064151401	0.582891042070656	863
-0.123829661880497	0.393254312021656	863
0.041389456518993	0.49397587651392	863
0.054421465153446	0.280197716203125	9
-0.068338099068953	0.864550594110451	9
-0.08629811229521	0.636744549407224	9
0.094752734979742	1.383716326871	9
-0.090373915933751	0.805981139993229	9
0.089352322014386	0.522868675978795	1
-0.058394194099851	0.359441860634703	36
-0.087244948674459	0.391549588443878	1
-0.084426334015666	0.259823369634783	1
0.050910415568628	0.289164757680891	1413
-0.028745108561032	0.662705660889218	36
0.022323224679614	0.482666560741006	229
0.093222809435154	0.407472284390332	229
0.051505313415077	0.289999457158964	387
0.040970934557697	0.265326442354649	387
-0.112634152415116	0.154572288198928	387
0.0470585265982541	0.281926179496885	347
-0.031394207996038	0.167251262805583	310
-0.072772408454971	0.556067705543423	11
-0.00365490426922699	0.497413509227613	103
-0.11099262726581	0.384777725143565	103
0.019529168115345	0.491723545964356	1405
-0.031613489954442	0.167979253335486	186
-0.030110933399118	0.171638071817207	599
-0.048356185609985	0.489957596882868	27
-0.120202325853982	0.146413280971148	66
0.0161031399402291	1.71028433710279	553
-0.034504180793086	1.43343966003207	553
0.014915384937507	1.52611689977832	553
-0.013798291364175	1.34560846948137	553
-0.024094228718885	1.22642224565991	553
0.041273169578976	0.729107820063288	553
-0.016740333613748	0.391898044554102	553
0.054221255421932	0.270701600895614	971
-0.014411029090974	0.269858058413679	79
-0.052634682820222	0.392882621605615	825
0.04765348467444	0.282727462429351	59
-0.120617814234529	0.147812033598848	863
-0.041343606753342	0.644373312427528	863
-0.085949505892613	0.377163576602374	9
-0.06291770030448	0.255486073216451	9
-0.10923393694869	0.27164584882094	9
-0.02106458449527	0.89306348201191	9
-0.035424969557734	0.817706994474932	1
-0.004726992073948	0.574036668887128	1
0.058724743022434	0.770024685675482	1
0.04392812864157	0.829534554040725	36
0.00978287369617503	0.396403504404234	229
0.047487516147559	0.279156023853911	229
-0.067068213448332	0.644198486964338	36
0.043798405155378	0.276984201759073	387
-0.00854989372541098	0.280570675605193	347
-0.011278335949147	0.271282960154323	310
-0.044659813265747	0.365935399664604	92
-0.056378579014922	0.27090210212395	11
-0.083048686221363	0.574122724607632	11
-0.114376760208679	0.153599125754677	11
-0.035025171919381	0.166360775637245	300
-0.029372068306671	0.168506458901295	300
-0.107840080600797	0.271194686640593	103
-0.074544951091471	0.495934470075871	103
-0.092238377189866	0.259805968771422	503
-0.030863703134254	0.166760626514399	481
0.068713511982465	0.615128006954817	186
-0.034320866617167	0.170598864403623	599
-0.107240405338233	0.388677564258703	27
-0.089195648264425	0.493766854092221	27
-0.032796202972762	0.167465311350541	216
-0.014508843031867	2.07174662833418	29
0.073297789479734	1.99655867631762	553
-0.075434966416288	0.724866550765204	553
-0.07061634907166	0.386673491230196	553
-0.063656715553208	0.347359711755442	553
-0.115762797028114	0.155635275207725	553
-0.014214235659416	0.272592143270991	971
0.088399790143858	0.406169013360323	971
-0.012858085019318	0.26412971587445	163
-0.018713788337141	0.261159705173699	163
-0.026423045002469	0.167111991186575	79
0.013945903408501	0.382326853686413	32
0.078360411013384	0.855410621011252	32
-0.023651648536958	0.700687244584888	32
-0.10978205135137	0.154912009636077	32
0.0570750555420641	0.502974946537463	863
-0.114620231595483	0.268799041762557	9
0.044822612788454	0.272316332680211	1137
0.091006345978512	1.16037486875355	9
0.00363525757731997	0.817020200362064	39
0.056698495107384	0.774093824255839	345
-0.090996790492101	0.547494564414546	345
-0.090015364716171	0.548776727734658	345
0.105391456098426	0.87816186056839	345
-0.057120278685218	0.495171586642735	1
-0.058702973407139	0.579451657578524	1
-0.054573053628567	0.500578396482268	1
0.051801551410492	0.46692951623767	1
-0.016740333613748	0.391898044554102	73
-0.095869888805072	0.26116381763496	1
-0.00388697604134802	0.270749042357378	1
-0.05782363632873	0.276542896331464	1413
-0.014012353225938	0.26329394505107	1413
0.087840297688761	0.504955729635504	36
-0.03406234706633	0.161826177249504	347
0.116021654091365	0.189305335015527	310
-0.032916639677762	0.170355386811782	92
-0.111162358829902	0.159147929071506	11
-0.119294974588462	0.153683990110454	11
-0.01148268387905	0.271853701063117	11
-0.111808672083322	0.159552284481566	11
0.11962621063934	0.201522244647387	300
0.122119007457639	0.193431074679263	300
-0.030878559284433	0.171666856078845	503
0.045586328091176	0.272299987506706	503
0.087725342117527	0.375328179963414	186
0.049267816970634	0.401550086630763	27
-0.021979526837325	1.56029293324504	29
0.01747920354204	1.60688141455946	29
0.0563193959169001	1.78045212492678	553
-0.113539857873056	1.03762012902206	553
-0.032280579912074	0.707568575182651	553
-0.048440220532863	0.497539394307612	553
0.098920830067681	0.404211878463907	553
-0.010956798749823	0.386932781557361	139
0.056684887616358	0.602850710562159	163
0.091375435656333	0.402542329819275	163
-0.066077713360955	0.383392843717043	163
-0.090530343770382	0.268829569786967	79
0.096063421798268	0.408604614844812	79
0.0469939487729451	0.404343725026602	79
-0.011096977516266	0.274700415229074	79
0.102752650602739	0.808314958447365	32
-0.011096977516266	0.274700415229074	32
-0.087146370670205	0.264385588986301	32
-0.112388246830339	0.151750604637313	70
-0.119468179915834	0.150027275057161	206
-0.123014830508654	0.146703210527532	9
-0.055837204273455	0.499366611183964	9
0.0493954553359121	0.699565355688428	39
0.044990583997375	0.278444082584215	345
0.04801018893347	0.397564249720545	1
0.00866706851583399	0.389214664321367	1
0.085232705001688	0.396294141007571	1
0.091889874398877	0.505315922312029	1
-0.013240156084869	0.280143344274786	1
0.049958800476441	0.279072278036343	36
0.088288706312357	0.395733316911811	1413
-0.028606032231614	0.168487760111406	1413
0.122076172115503	0.201430407091027	92
-0.031394207996038	0.167251262805583	11
0.118805831150545	0.195440497449165	300
0.120478806402945	0.191904998295314	103
0.11962621063934	0.201522244647387	186
-0.113824969093618	0.997307768700079	553
0.093413647094737	1.71842687895606	553
-0.094746078156783	0.261841093757035	139
0.044666082259523	0.395548442085438	2291
-0.091620784433567	0.25381543965988	79
0.091009486072033	0.394859012688809	163
0.010613469224849	0.638119739611438	32
-0.090253149727841	0.267345018697238	32
-0.058736409395897	0.726325492641135	32
-0.032220165926121	0.777433000223492	32
0.013935488119744	0.883431070775307	32
0.043912703181599	0.394982299772323	9
-0.034320866617167	0.170598864403623	9
-0.108673287848384	0.154850400054201	9
0.04972870742344	0.3709843700287	9
0.016734531334232	0.494074171890089	345
0.114401059623446	0.486850208490912	1
-0.041887189294474	0.38593014929671	1
0.11718139725635	0.472073538980151	1
-0.093916058879596	0.26374203865043	1
0.047279729854356	0.408329911098445	73
-0.090223905953328	0.247898513027199	1
-0.085796447058198	0.269708158496927	1413
0.114478989136667	0.194606563884473	229
0.122119007457639	0.193431074679263	347
-0.032155294870618	0.171057763952974	92
0.114428036976078	0.193840908662857	10
0.118849939816202	0.201943652777816	503
0.118073101920439	0.196825091913243	503
0.00394543687613802	1.96142934419655	553
-0.013357916141689	1.2158722881019	553
-0.046410804612989	0.78059034046064	553
0.071974891839573	0.500652035319922	553
-0.028727618172851	0.383095373291504	139
-0.075240160255062	0.573897008353829	163
-0.086364360164976	0.269624038177317	163
-0.00892635605617898	0.483016835846944	163
-0.077773422198607	0.374047264534615	79
0.05535256020346	0.284581315960281	32
-0.00152963603606199	0.647666062438006	70
-0.116412951587723	0.156012044058552	70
-0.061727157309496	0.265706108619722	70
0.115250614627185	0.194235280357882	9
-0.03361802040995	0.171492856136262	9
-0.083088697121746	0.464387383370442	9
0.015101096502627	0.676550498850351	9
0.0238633313414	0.5919432144479	9
-0.066693505169233	0.379583020957525	345
-0.032373991708099	0.163345963881305	1
-0.114938850937462	0.157459754092218	1
-0.109317262679222	0.153481859029311	1
0.118849939816202	0.201943652777816	1
0.122119007457639	0.193431074679263	1
0.044748608999123	0.393218196605101	1
-0.119685075479016	0.256833311204514	229
0.114428036976078	0.193840908662857	310
-0.027922449226726	0.162016969546886	92
-0.013829973042106	0.279329286172205	11
-0.111808672083322	0.159552284481566	503
0.0518747146181739	0.27120918412529	503
0.050148283132671	0.288176659673767	186
0.119669786755726	0.197421523304085	186
0.114478989136667	0.194606563884473	593
-0.066532253529562	0.857865198458291	553
-0.034927557268245	0.392582477716696	1174
0.088756180908923	0.499006779162193	1174
0.097446092208947	0.409182084980385	1174
-0.012851841819808	0.272777920415663	553
0.062257363630525	0.705026906121126	163
-0.097855427665068	0.256092721814961	2014
-0.115762797028114	0.155635275207725	163
-0.040844944284908	0.494582679474011	163
-0.032916639677762	0.170355386811782	1173
0.011198709220212	0.660338181381037	539
0.093940784367915	0.614601093703598	32
-0.111556584710473	0.495483693851284	32
-0.032155294870618	0.171057763952974	32
0.116021654091365	0.189305335015527	32
-0.033324096302802	0.165915368940833	32
0.0551839076335851	0.282637772370522	465
-0.031613489954442	0.167979253335486	206
-0.032094472202418	0.168316179247348	9
0.122119007457639	0.193431074679263	449
-0.066258555706091	0.378388197780161	9
-0.030470487403238	0.639143463928495	193
0.11962621063934	0.201522244647387	2095
0.012296714825615	0.403295948532735	1
-0.088282438362098	0.26951174150829	1
0.109259369471494	0.184694705504727	414
0.122076172115503	0.201430407091027	1
0.088913496593653	0.410401433302014	229
-0.051902257586828	0.273793376168428	229
0.059908328555624	0.513514288376865	229
-0.057620517419291	0.26518749286495	229
0.11962621063934	0.201522244647387	387
0.118805831150545	0.195440497449165	347
-0.060682815723071	0.267307631297192	92
-0.114938850937462	0.157459754092218	11
-0.085796447058198	0.269708158496927	11
-0.03482376209182	0.16502306968552	626
-0.047346568494368	0.395104048341522	216
-0.049815605146396	1.90423757030508	553
0.047025332679862	1.99699995831056	553
-0.060165124001651	1.39631829492113	553
0.044226799758739	0.2784786388354	1174
0.0890871542273341	0.518127610488943	163
0.114428036976078	0.193840908662857	163
-0.11706325284305	0.154565319237915	163
0.08419105784269	0.391505688797579	79
-0.074692813569787	0.373100216947484	79
-0.089438498681943	0.273681183259165	1429
-0.026423045002469	0.167111991186575	32
0.017693825294254	0.660336392988873	32
0.103266656211282	0.866943118823608	32
-0.034085232258691	0.165928855360736	32
-0.073296400729335	0.654757209368549	70
0.037549388215066	0.246443093601876	70
-0.032094472202418	0.168316179247348	465
-0.091572469298523	0.717595777110934	345
0.051248658286122	0.403881297652787	13
0.121255761839474	0.19539411213957	2095
0.116876996529404	0.193783775309866	73
0.0911549213266239	0.410668980107024	1
0.119669786755726	0.197421523304085	229
-0.114828364767825	0.263549029204761	11
-0.038528773908626	0.167402222187446	11
-0.049180151718147	0.376191292451043	216
-0.064672498920308	0.608811240207076	553
0.097404034546833	0.513352498461947	553
-0.014022410346036	0.278349707917687	553
0.048248213218461	0.28078085383022	163
0.046546378970418	0.281426652622572	163
-0.033558405016549	0.171307702237758	79
-0.057763463311459	0.839005509558658	79
-0.033558405016549	0.171307702237758	32
0.00924174711425196	0.391456123784784	70
0.123672687720165	0.193374580198933	449
0.118849939816202	0.201943652777816	449
0.122896136022272	0.196980514178802	449
-0.093196600499792	0.38433466210427	39
-0.032244074102196	0.383194360455953	39
-0.121648368876838	0.462027077679062	193
-0.091945072996465	0.25132925560224	193
0.116021654091365	0.189305335015527	193
0.122896136022272	0.196980514178802	2095
0.122076172115503	0.201430407091027	1
-0.034320866617167	0.170598864403623	73
-0.122772305056882	0.255564967384248	73
0.11962621063934	0.201522244647387	1
0.11962621063934	0.201522244647387	1
-0.00503709493569798	0.27597583148111	1
-0.00621399923185201	0.278796988101928	229
0.122852637035919	0.197576085447396	1095
0.114428036976078	0.193840908662857	347
-0.031613489954442	0.167979253335486	555
0.118849939816202	0.201943652777816	1560
-0.122928316607124	0.14323271660832	11
0.050508157996228	0.400882098307308	902
-0.028606032231614	0.168487760111406	11
0.049553088061737	0.28454590688762	503
-0.03361802040995	0.171492856136262	50
-0.037764608719315	0.168297810515123	15
-0.015208450554983	0.382286231058459	216
0.01272992342843	0.599318359339641	553
0.068504300752753	0.625654136232329	1429
-0.038518323138799	0.164739851096166	32
-0.013424095501252	0.25682982342717	32
-0.03613642570955	0.385266504231032	39
-0.024261877628156	0.571496723759335	2829
-0.078974099146159	0.474588033731101	39
-0.101390672632022	0.394882965617024	345
-0.042496368986454	0.4774282506602	345
-0.038518323138799	0.164739851096166	73
-0.00972716141211499	0.278914913903265	1
0.120401910540674	0.196118981932544	1
-0.037011107457509	0.165642997229716	1
0.04575519644421	0.276775842792008	1
0.116021654091365	0.189305335015527	310
0.118849939816202	0.201943652777816	425
0.122076172115503	0.201430407091027	11
-0.041738445145595	0.158921086446243	503
0.119669786755726	0.197421523304085	123
0.114478989136667	0.194606563884473	593
-0.115762797028114	0.155635275207725	163
0.114428036976078	0.193840908662857	163
0.053456186654706	0.265020175628529	79
0.043079363893491	0.378270259667461	1429
0.0509487643959839	0.260245080681549	539
-0.094221472661321	0.401562366239007	79
-0.105903179827535	0.662712312497999	79
-0.032094472202418	0.168316179247348	32
0.117699607015864	0.194176298788628	32
-0.054263628436145	0.385207360381539	32
-0.034085232258691	0.165928855360736	465
0.116876996529404	0.193783775309866	465
-0.030125206900971	0.172372103841324	465
-0.030093257110939	0.165022192894233	9
-0.013327959644075	0.391160914127268	2829
0.017317853029643	0.500730810181832	1
0.119669786755726	0.197421523304085	1
-0.111196104304154	0.268860528871469	1
-0.018191466878963	0.391773582159771	73
-0.033300075459101	0.388287603485631	1
-0.030695416752865	0.163330245560145	1
0.120446143828703	0.197036537066415	1
-0.039894455439473	0.366682019582302	1
0.0502055136062291	0.398380952750302	352
0.11962621063934	0.201522244647387	310
0.120401910540674	0.196118981932544	10
-0.032856116933696	0.172207431346016	503
-0.116898596868014	0.15484281839632	186
0.041153003509867	0.260673812642203	186
0.051183812041757	0.389397648160153	216
-0.107139835591347	1.81073622179304	553
-0.033966728881038	1.54777836845767	553
-0.00381466014499998	0.497632765987826	553
-0.115520923498325	0.156222393433486	553
-0.113185141511611	0.26607004114751	553
-0.061263758079215	0.265501899912583	163
-0.113101725792251	0.153717658386737	163
0.115250614627185	0.194235280357882	163
-0.031613489954442	0.167979253335486	163
0.090367589475803	0.400165109222531	163
-0.032916639677762	0.170355386811782	410
-0.006802787187834	0.276949928201772	79
-0.093402812912038	0.374133482693679	1429
-0.016359010624301	0.269469668771349	539
0.114886558638035	0.61722254371645	32
0.04883911312047	0.284622968810994	32
-0.030878559284433	0.171666856078845	32
0.059459934004694	0.991018291922956	70
0.120401910540674	0.196118981932544	465
-0.091909471083733	0.235666488932654	465
-0.092255224084487	0.263918839200277	382
0.121299130100455	0.19765529034279	382
0.115250614627185	0.194235280357882	449
-0.067825898656072	0.371115860112752	449
0.037705099847139	0.480109267916484	2829
-0.092608888959877	0.480097756985115	2829
0.109661334839248	0.851722302778006	345
-0.117915729620113	0.152906320776562	1
-0.030110933399118	0.171638071817207	347
-0.037001754417234	0.167235364284125	310
0.114428036976078	0.193840908662857	310
-0.111746834280049	0.149161995811956	48
-0.033558405016549	0.171307702237758	503
0.04765348467444	0.282727462429351	186
0.093028786458018	0.715245804558597	553
-0.107130726884657	0.377478174067742	553
-0.105852455997746	0.267752272725811	163
-0.01148268387905	0.271853701063117	163
-0.114376760208679	0.153599125754677	163
-0.060914852425209	0.267060269760699	163
-0.089481879100036	0.266865366869215	410
0.0578355094476281	0.275038151369257	1233
-0.01039052920662	0.566920988970007	1429
-0.05840444478986	0.274605671745734	539
-0.050269512689747	0.267166552568537	539
-0.110713610383019	0.5319652805486	79
0.105651496869379	0.734711006214045	32
0.050724435248158	0.279097338865575	32
-0.032796202972762	0.167465311350541	32
0.119669786755726	0.197421523304085	465
-0.11346757377019	0.152456971923728	465
-0.077944726531969	0.394791542430017	465
-0.085209178026606	0.271672819694746	465
0.0482432031379419	0.285569125299453	382
0.118805831150545	0.195440497449165	382
-0.014809657438602	0.266332709570029	449
-0.034380182800948	0.16655992563091	449
-0.032796202972762	0.167465311350541	449
-0.11299643982769	0.391947370033928	2829
-0.108993641165507	0.372378086205746	345
0.0426086266582471	0.686873715851795	1
-0.094352389011514	0.566661343949922	1
0.089392207941515	0.395191778499628	1
0.01591885020432	0.387326163223943	1
-0.024717797534309	0.360641261897628	1
-0.030125206900971	0.172372103841324	1
-0.049257624976769	0.390775617061799	1
-0.076664842461402	0.367607940522265	1
-0.032916639677762	0.170355386811782	352
0.11962621063934	0.201522244647387	351
-0.112388246830339	0.151750604637313	347
0.122032139953474	0.191854981562394	310
0.118029646606178	0.195815538712146	310
-0.09166731773082	0.273145659338013	48
-0.032856116933696	0.172207431346016	11
0.114478989136667	0.194606563884473	11
0.116876996529404	0.193783775309866	186
-0.032155294870618	0.171057763952974	186
-0.11856158074139	0.15242864646868	123
0.118849939816202	0.201943652777816	216
0.10930484972165	1.01728369348893	553
0.00483757663087703	0.66956025419008	553
-0.119891755111909	0.388444770338704	553
-0.103223055446076	0.391820416669962	553
0.058439899929406	0.497450703064964	163
-0.037754668348153	0.163746981931197	163
0.087715682255154	0.393577717108831	163
-0.044610011584417	0.640123628129182	1429
-0.114821459631996	0.250953379397631	1429
-0.027841307702626	0.165171762298835	32
0.051320581876897	0.281439770567415	32
0.115250614627185	0.194235280357882	449
-0.029656614107637	0.588368875982653	2829
0.018978714199017	0.597061383553875	39
-0.012752683668398	0.56156677063106	345
0.004138577613648	0.496760543793343	1
-0.010113140048476	0.26727477466628	1
-0.030125206900971	0.172372103841324	1
-0.062463262640477	0.363086955690061	1
-0.087195215114419	0.276374835616638	1
-0.056662650785499	0.273607014163422	1
0.117252894763946	0.19109165365643	1
0.0411363998069571	0.388596080144729	1
-0.112909232456805	0.274202688440948	1
0.121497156168643	0.521021234521932	1
0.118805831150545	0.195440497449165	858
-0.032216730818074	0.16619752731661	352
-0.061495671097461	0.267260652160514	48
-0.032856116933696	0.172207431346016	425
0.113656498860624	0.194210317184637	425
0.122076172115503	0.201430407091027	10
0.122852637035919	0.197576085447396	10
0.116021654091365	0.189305335015527	10
-0.034835763963541	0.168567019261679	186
0.0517177257627069	0.259160650778859	27
0.104609683886199	2.01492961242604	553
0.000888657504805046	1.17885092864196	553
-0.088138492531288	0.808942116004304	553
0.091413108891224	0.707442753002297	163
-0.088360300644443	0.388807706511157	163
-0.013741485571775	0.37730341945457	79
0.02011782710461	0.733777760467539	539
0.090995017161981	0.523938116808652	539
0.118486712705543	0.875959119954122	539
-0.056003217266431	0.258287640441811	465
0.088399790143858	0.406169013360323	465
-0.092498061740319	0.2594980975703	345
0.00307602959161302	0.553289052816035	1
0.049386972475939	0.284866832420477	1
0.096098281240982	0.511773399750817	1
-0.051091359123699	0.395334020802159	1
0.08547031635285	0.390812192510541	1
-0.110075456734471	0.270116479517515	1
0.118073101920439	0.196825091913243	347
0.048074042713484	0.285654783019562	48
0.118073101920439	0.196825091913243	10
-0.033313214931201	0.16515339254902	10
-0.032856116933696	0.172207431346016	138
0.120446143828703	0.197036537066415	186
-0.032796202972762	0.167465311350541	186
0.119581444547106	0.1904746302505	593
0.122896136022272	0.196980514178802	593
0.118849939816202	0.201943652777816	216
-0.045697641767488	0.951245912568721	553
-0.119146492985689	0.725000979046352	553
-0.102113604187779	0.64901115130016	553
-0.099780924999747	0.474118461695101	553
0.036848776807698	0.501654317513229	163
-0.096587224419225	0.39645002623829	163
-0.05738633965937	0.387774300306247	163
-0.104488170957325	0.268896901846657	70
-0.010699162996916	0.279064658335025	70
-0.09119775263876	0.617052351726578	70
-0.083821748303402	0.273341091386169	465
0.105018555569805	0.625674526727276	693
-0.114938850937462	0.157459754092218	465
-0.016985252920253	0.246327701941798	9
-0.015757324476705	0.568379335179325	39
-0.076639382355125	0.396943030654765	345
0.066054055624902	0.516660405683585	345
-0.00396899478959001	0.49885029652719	345
0.037013435653616	0.377629289954911	13
0.077103935450214	0.607551691774812	13
-0.035130316979576	0.498692401117924	1
-0.093130627544712	0.259779455529485	1
0.096381493498038	0.407007572786269	1
-0.105848590766327	0.393554469751617	1
-0.052835039718315	0.39183644143553	1
0.123224045061896	0.526007057565768	1
0.122076172115503	0.201430407091027	476
-0.013829973042106	0.279329286172205	352
-0.029631594977072	0.159119555175971	347
0.118805831150545	0.195440497449165	347
0.120401910540674	0.196118981932544	959
-0.111073154367858	0.158761217583667	959
0.122896136022272	0.196980514178802	50
-0.115675549873541	0.157431951292729	216
0.119669786755726	0.197421523304085	27
0.073822771757214	2.02395356048395	553
-0.117543487372211	0.151228488898172	79
-0.049800940496726	0.624823156255405	79
-0.052185565865052	0.271745768677812	32
-0.015383476030466	0.271275891842171	32
-0.108764508860762	0.151572833866167	70
-0.020986414377184	0.918679683513615	70
0.118849939816202	0.201943652777816	465
-0.0575912884985	0.273857154080606	465
0.042943079281886	0.515659618296776	465
0.116876996529404	0.193783775309866	465
0.0290767558966351	0.606863178314457	9
0.049790274495423	0.278962067199798	465
-0.104291272696906	0.557601997644741	39
-0.087180684568998	0.495137646711371	39
-0.066585848341884	0.384187258433791	345
-0.019617008531826	0.480585114897739	345
-0.113289846789891	0.480368743100807	1
0.091375435656333	0.402542329819275	1
-0.023657360257947	0.455544369416731	1
-0.00419476377178801	0.589001915405679	1
-0.017444328617578	0.381234231138879	1
0.017833403141493	0.391746976381136	1
-0.03361802040995	0.171492856136262	476
0.11962621063934	0.201522244647387	476
0.113656498860624	0.194210317184637	1119
0.042469938106908	0.378627211483892	1119
-0.115587776326825	0.155989874143806	1119
-0.033324096302802	0.165915368940833	1119
-0.035025171919381	0.166360775637245	347
0.118073101920439	0.196825091913243	959
-0.115675549873541	0.157431951292729	11
-0.029358376463472	0.172340564270388	10
0.118805831150545	0.195440497449165	10
-0.03853914674922	0.160844358047738	10
0.013678559923828	0.402012950698226	10
0.118805831150545	0.195440497449165	186
0.122896136022272	0.196980514178802	186
0.117699607015864	0.194176298788628	172
0.122119007457639	0.193431074679263	27
-0.080411466106504	1.54413336817388	163
0.113120478783634	0.784063770061448	163
0.00617752137879502	0.503148974325097	79
0.118168024001848	0.723338921025934	163
-0.021903524846139	0.497924604761541	79
-0.099957012702171	0.396288193107397	32
-0.018175469930263	0.376968812803011	70
-0.066879602512654	0.373660606953941	465
0.00786168392629805	0.374798110887126	465
-0.022571174396444	0.504761484819256	465
0.014345921617559	0.600204673790318	465
0.085768719289991	0.683107341237682	9
0.017506267761102	0.681117757461821	465
-0.021348792343432	0.474175916861384	345
-0.095989452013911	0.399132618237007	1
0.047478063627825	0.286615594200139	1
0.097892884991542	0.506911577007857	1
-0.070300671596857	0.365774433755912	1
0.045533292842994	0.387252889267201	1
-0.093961856555744	0.261446283396724	1
0.046218457467008	0.501755592784335	1
-0.109400732202572	0.376003854601613	1
-0.013210108022899	0.383437358977867	13
0.043046243482804	0.403824887867042	1
-0.096726945333001	0.252508443231197	352
0.0161599413200471	0.383750734342904	476
-0.03361802040995	0.171492856136262	476
0.047987611438941	0.276757158937799	48
-0.027922449226726	0.162016969546886	7
-0.026423045002469	0.167111991186575	10
0.113656498860624	0.194210317184637	10
0.117252894763946	0.19109165365643	10
0.11962621063934	0.201522244647387	10
0.118849939816202	0.201943652777816	10
-0.030878559284433	0.171666856078845	10
0.118892862835363	0.192614416933485	186
-0.037011107457509	0.165642997229716	1649
0.118849939816202	0.201943652777816	186
0.118849939816202	0.201943652777816	186
0.11962621063934	0.201522244647387	212
0.118805831150545	0.195440497449165	212
0.118849939816202	0.201943652777816	172
0.120446143828703	0.197036537066415	27
0.121255761839474	0.19539411213957	27
-0.012161965156276	0.803667729788119	163
0.091106686730905	0.718258906164882	163
-0.07408255763307	0.704345384272203	163
0.01745004032245	0.490851529136679	163
0.091850325669842	0.706477307211703	32
0.00560861324790796	0.599941043634304	32
0.119848868561867	0.503716715026051	32
0.045539915112242	0.395082521361568	32
0.066683744268485	0.701494773572788	465
-0.039266317552355	0.491239849139532	9
0.077168726348741	0.704557258009964	9
0.107478848415725	0.609822709806285	465
-0.075590705788128	0.394573297286692	465
-0.056238697166567	0.472357131286648	39
-0.03777447409692	0.164781776522234	13
-0.114609559646304	0.273673915089961	1
-0.111634678324378	0.396177778042447	1
0.0209533122782291	0.585654622968359	1
0.120066288132965	0.497324587350062	1
0.050148283132671	0.288176659673767	1
0.042683703028346	0.270322649704352	1
-0.091100802977899	0.261433274643261	238
0.009826009979089	0.385542276461165	476
0.0911549213266239	0.410668980107024	476
0.090004222502266	0.401202000242625	48
-0.118960250779442	0.142848769763018	10
-0.115587776326825	0.155989874143806	336
-0.01011052855483	0.278826498460718	10
-0.035083587945473	0.165721544483297	10
0.118805831150545	0.195440497449165	10
-0.035083587945473	0.165721544483297	10
-0.032856116933696	0.172207431346016	10
0.118849939816202	0.201943652777816	186
-0.03777447409692	0.164781776522234	27
-0.051972075956014	0.633587665660623	163
0.123173005145507	1.03342938997717	163
-0.102070544061484	0.382273797394714	163
-0.01207116524332	0.272062150348806	163
0.047840597511999	0.406483929964397	163
-0.00662232808059399	0.79291169260993	1050
-0.068457188685258	0.489619377172875	1050
0.019134583326009	0.585438078251924	1050
-0.025830121922706	0.650010398071438	32
-0.032854864291057	0.583311068405936	465
-0.00260656745673499	0.599695264028948	465
0.116451241811631	0.736503835717406	9
-0.100047839541972	0.477901155370508	9
-0.016219370128214	0.657731167117956	9
-0.00817689885110101	0.66520708436641	465
0.00802527005169296	0.373962789130664	837
-0.115675549873541	0.157431951292729	345
0.092304831284984	0.405704827580971	1
0.099386275240982	0.857750247562071	1
0.087554746908578	0.631022864156572	1
-0.114202857870184	0.156132490652696	1
0.026271679011185	0.481663910697012	476
-0.053289266549853	0.266077930362164	144
-0.108088742493556	0.26385257656555	959
-0.027841307702626	0.165171762298835	48
-0.027939373493995	0.163919960387744	10
-0.111073154367858	0.158761217583667	10
0.118849939816202	0.201943652777816	10
0.113706781524745	0.189916286385992	10
0.11962621063934	0.201522244647387	10
-0.03482376209182	0.16502306968552	10
-0.111718918252717	0.157288275267166	10
0.117699607015864	0.194176298788628	299
-0.032856116933696	0.172207431346016	172
0.119669786755726	0.197421523304085	27
-0.118648428204679	0.154170805239629	27
0.077384691256687	0.775404277690879	163
-0.101433987117349	0.75894432620774	163
-0.0814014117237	0.636046599860504	163
-0.042405841793145	0.722417841306196	79
-0.017080147356891	0.572364249657755	79
-0.009086414336898	0.652586251794852	163
-0.090385174678069	0.565523643983999	163
0.00913376728927595	0.565086374973041	163
-0.00174949551513898	0.672955237650815	163
-0.111251039607997	0.154765629006571	163
0.00351355802729503	0.483477650850883	1050
-0.015833974878396	0.724325998012125	32
-0.070109512322591	0.397607537647252	32
-0.074265349584486	0.577677033181542	465
0.036634367498918	0.718131960533321	465
0.045712130945927	0.609460424731684	465
-0.072272403827614	0.501551636531796	465
0.0609345418688621	0.501237704014643	465
-0.117970978010525	0.263771157921678	465
-0.115026082108518	0.157042157240657	465
0.0629169130652	0.502566237874883	465
-0.00973274236386401	0.275323310189087	991
0.112884378395976	0.189535203169824	345
-0.040713422536724	0.487344577992174	1
0.061918314833202	0.686157772985928	1
0.042369760571971	0.494821497203574	1
-0.048243837095262	0.270556156857297	1
0.106316956058216	0.626194406037737	1
-0.050280108293019	0.272121994227594	1
-0.030125206900971	0.172372103841324	238
-0.059241857770567	0.263832119906844	476
-0.114938850937462	0.157459754092218	476
-0.018211583360092	0.37251432334238	144
0.049221583085708	0.27787453297389	144
0.056417764719167	0.394150915036115	144
-0.122047172468985	0.270244825797491	144
-0.11260712878683	0.256666596110715	959
0.050910415568628	0.289164757680891	48
-0.059217141645652	0.27379705806469	48
-0.112297411420876	0.151404356590699	7
-0.025658435974798	0.164839889982924	10
-0.106561510438452	0.152009455825769	10
0.118029646606178	0.195815538712146	10
-0.035788451640569	0.16178842853178	10
0.120401910540674	0.196118981932544	186
0.112884378395976	0.189535203169824	531
-0.027156239407134	0.159936684638608	106
0.117699607015864	0.194176298788628	106
-0.035025171919381	0.166360775637245	172
0.118892862835363	0.192614416933485	27
0.113656498860624	0.194210317184637	436
-0.00231941649379303	0.788406083855084	163
-0.03250351741337	0.538733957597312	163
-0.034681449771535	0.620079406421781	163
0.075480080169963	0.906774980882983	163
0.0125956240023	0.387246413653248	163
-0.010327092317149	0.39709120013428	163
-0.000612066238046993	0.582886956439586	79
0.093855324357147	0.514106018668088	1050
-0.11100554338148	0.40132890232362	32
-0.062279518037196	0.386396457721458	32
0.100424489977796	0.762193385125063	465
-0.121519391112445	0.402349143188155	465
-0.058867623429278	0.273010320500707	465
0.00519290945864004	0.368775201156178	837
0.052324316710636	0.547320226539986	345
-0.085782785823811	0.376628302413612	1
-0.117368847488815	0.256428688051563	1
0.096555657234675	0.39765897826435	1
0.025897986966213	0.491824058135511	1
-0.112632560071023	0.267704932420695	476
0.042515450884972	0.380624560729996	144
-0.041368507674555	0.388128688259215	144
-0.110427532079184	0.158366184621759	144
-0.096145067536618	0.259475670034602	7
-0.119381843140074	0.154135697628218	7
-0.110427532079184	0.158366184621759	7
-0.037754668348153	0.163746981931197	7
0.0440475811637771	0.271874506141682	7
0.113656498860624	0.194210317184637	186
-0.034320866617167	0.170598864403623	186
0.120478806402945	0.191904998295314	186
0.11962621063934	0.201522244647387	106
0.120446143828703	0.197036537066415	27
0.018598208764836	1.04195781704698	163
0.010559000180633	0.810095942541344	163
-0.084562277810471	0.532618029118066	163
-0.043581588116449	0.651382226867237	163
-0.07784326571631	0.394402429674693	163
-0.082461828648081	0.262851339589977	163
-0.013829973042106	0.279329286172205	163
0.019173670714194	0.503098659123408	1050
-0.035025171919381	0.166360775637245	629
0.070004865897706	0.779795430229506	32
0.084463523799032	0.799984518467287	32
-0.106313958357528	0.480484174077799	32
-0.081588891341952	0.495137506733305	465
-0.082018063674672	0.392063239682394	465
-0.018853108684034	0.668800150618314	465
-0.083433220398417	0.474570870118439	465
0.000762802724202039	0.673659396311579	465
0.095488713312148	0.40457160647788	837
0.124488867316534	0.276195548983374	13
0.042504882429356	0.503085463422335	1
0.05621805804264	0.502252964340337	1
0.058713362089599	0.503232718187372	1
0.05303191219988	0.28556849720049	1
0.123608642518381	0.508890331761369	1
-0.069995259465538	0.374642790026744	1
0.093457448554127	0.40112577542042	238
-0.060051837417276	0.26114443183573	144
0.043610097824757	0.405039368669863	144
-0.013046938880446	0.2793226805995	144
-0.059120826340428	0.254018545688271	144
-0.056399407685078	0.263616507300877	48
0.050148283132671	0.288176659673767	48
0.117699607015864	0.194176298788628	7
-0.112455127725174	0.158055588629721	7
0.11962621063934	0.201522244647387	10
0.122076172115503	0.201430407091027	10
0.115250614627185	0.194235280357882	186
-0.032856116933696	0.172207431346016	172
-0.115026082108518	0.157042157240657	172
-0.030878559284433	0.171666856078845	436
-0.020616580359996	0.6660922821158	163
-0.076800543398952	0.56682290201265	163
-0.11662905916258	0.487196631804629	163
0.0878277441713911	0.991088135676414	163
-0.062556105022792	0.481532422960185	163
-0.120098788300704	0.398997335331091	163
-0.091669494280404	0.261337038514492	32
-0.095353585467087	0.361769753429989	32
-0.108948127964799	0.486085130588607	32
0.095024491283715	0.791899224173485	32
-0.05378056765033	0.378895343982838	32
-0.00600943025692502	0.264963508970244	32
0.090416858803231	0.703989291194956	465
-0.121698239666601	0.473027516879207	465
-0.085041138323256	0.556224513030097	465
0.024330073474654	0.767114876939045	465
0.119735253923082	0.706450865901796	465
0.067199535338647	0.626011105124174	465
0.046132778096313	0.277397177359403	465
-0.106218403345501	0.396365901551446	837
-0.113502702984902	0.366985931028766	39
0.11962621063934	0.201522244647387	680
-0.123014830508654	0.146703210527532	1
-0.074877244799956	0.390798426179307	1
-0.00913841552460099	0.280814338380485	13
0.030332992119281	0.611818354226672	1393
-0.089405660264581	0.383804709471978	1
-0.00420292903004399	0.487198520136653	1
-0.011365340873203	0.381857371022176	1
-0.028606032231614	0.168487760111406	1
-0.030110933399118	0.171638071817207	1
-0.010299641258381	0.27268932283264	238
-0.00621399923185201	0.278796988101928	238
-0.110670375147334	0.274614373527541	238
0.045586171281763	0.401473906916029	97
-0.111162358829902	0.159147929071506	97
0.010373044704123	0.388816849772683	144
0.055443296059277	0.375199221295759	144
-0.080496889435376	0.269088897248118	144
-0.00973274236386401	0.275323310189087	48
-0.034380182800948	0.16655992563091	7
-0.00621399923185201	0.278796988101928	1170
-0.014994990696941	0.264614899440604	1170
0.113656498860624	0.194210317184637	10
-0.030878559284433	0.171666856078845	10
-0.114376760208679	0.153599125754677	10
0.119669786755726	0.197421523304085	1346
-0.115675549873541	0.157431951292729	10
0.119669786755726	0.197421523304085	10
0.11962621063934	0.201522244647387	186
-0.030093257110939	0.165022192894233	106
-0.033558405016549	0.171307702237758	299
0.122119007457639	0.193431074679263	172
-0.092107371636447	0.546877755751526	163
-0.01407256189761	0.741029847329201	163
-0.006645695210795	0.749352252813515	163
0.046198249923666	0.598126159888755	163
-0.059718297125818	0.72871048364346	163
0.098551507773136	0.616860558858888	163
0.090064351820436	0.412773459414806	79
0.100125602712861	0.525399121197462	79
0.090576032498878	0.395908754196824	32
-0.064921648362611	0.566599440557169	70
-0.111375209538999	0.46343791271654	70
0.00928245597648403	0.603980440450069	465
-0.105514861991865	0.493080347140928	465
-0.048589985220821	0.394437006646268	465
0.050483022346185	0.276082401813283	837
0.065241889688835	0.592997231262468	39
0.122076172115503	0.201430407091027	13
-0.093637470502022	0.26534758798319	13
-0.075136808657169	0.38197079315723	1
-0.03559902595628	0.164989565094824	1
0.030685752230963	0.545788535174542	1
-0.124651870283413	0.360483993445551	1
0.11770521068156	0.606698489799512	1
0.0667558184735561	0.504746957856756	1
0.122032139953474	0.191854981562394	1
-0.112356719150289	0.275954190217402	238
0.049642339928001	0.393483784711179	238
0.090597257374641	0.708291003332017	144
0.084833391578701	0.504020228934588	144
-0.056365046729746	0.272532214878948	144
-0.098130433119412	0.249323260861666	48
-0.014214235659416	0.272592143270991	1170
-0.011478459534481	0.27518286139168	1170
0.047309798354921	0.284674180526666	10
-0.031455945225664	0.166862110402496	10
-0.114376760208679	0.153599125754677	20
-0.030125206900971	0.172372103841324	10
0.121299130100455	0.19765529034279	113
-0.107846542388417	0.151031690854922	113
0.118029646606178	0.195815538712146	113
0.119669786755726	0.197421523304085	186
0.123871568708962	0.280034248912428	106
0.124537452032742	0.192015229802692	326
0.118849939816202	0.201943652777816	326
0.065257315905649	1.00135618278303	79
-0.113661365827196	0.557626382124564	163
-0.071615247324058	0.555261073475338	163
-0.076228553692158	0.571845929058729	163
0.01052733601095	0.753466244625128	163
0.037428460831433	0.602007055238724	163
0.093201929635864	0.715895778002458	79
0.07247011129314	0.620131494629695	79
-0.00420640415517198	0.599460687252791	32
-0.110276811113907	0.453038641975167	32
-0.121598354845475	0.383343551022081	32
0.094971925496157	0.793437430224583	465
-0.047437819310029	0.495172265117427	465
-0.118295867238209	0.443225901847521	465
-0.093587129653194	0.255044032384417	465
0.047647063054536	0.283114808870483	837
-0.043581458574733	0.487563870637473	39
-0.09417717104937	0.258855616719021	39
0.120446143828703	0.197036537066415	680
0.113656498860624	0.194210317184637	680
0.118876647423257	0.734362268302249	1393
-0.102758991742621	0.383110659915018	1393
0.051505313415077	0.289999457158964	1
0.088364566999022	0.508027542268451	1
-0.057010567659368	0.27577556480208	144
-0.00835696317162499	0.279024094513188	144
0.050508157996228	0.400882098307308	48
-0.00251669929158199	0.272540073235111	1170
0.112884378395976	0.189535203169824	10
-0.036350570316804	0.161641938858001	20
-0.034380182800948	0.16655992563091	113
-0.030125206900971	0.172372103841324	113
0.122852637035919	0.197576085447396	106
-0.114938850937462	0.157459754092218	106
0.118849939816202	0.201943652777816	27
-0.00366686122073301	0.895040319922019	163
-0.02811775990518	0.629894712734757	163
-0.101328438357578	0.57055854714882	163
-0.075338901796174	0.486592839813231	163
-0.087374418319938	0.491756915077772	163
-0.039306429728318	0.669613293701665	163
-0.114376365996684	0.39066324341684	163
-0.019870787124465	0.256279313071298	163
-0.114894172754905	0.398484092224627	79
0.096565948173314	0.520846503757102	79
0.048248213218461	0.28078085383022	79
-0.036147366173366	0.392477872641394	32
0.113184376970622	0.82839048091588	32
-0.061487130946486	0.616627978747883	32
-0.114896398724359	0.398213285235962	465
0.01082890965104	0.498782833852856	465
-0.035975692881793	0.38599296924713	465
-0.033180383135806	0.507229665702739	39
-0.060643717068194	0.263672744344748	13
0.094289398019047	0.396600841068839	1393
-0.027807867707447	0.506681010511976	1393
-0.11684851428072	0.270719234795481	1
0.013880454873789	0.484369870202523	13
0.0280471631998001	0.379008633005337	1
-0.084473559852239	0.371799795488133	1
0.117252894763946	0.19109165365643	1
-0.093066093349805	0.269169054154767	97
0.089219095638968	0.504700706365776	144
0.121640196066909	0.525043554335243	496
-0.03361802040995	0.171492856136262	48
0.047050692700053	0.275500406025436	48
-0.104064385491012	0.147292889346314	1170
-0.116412951587723	0.156012044058552	20
-0.115587776326825	0.155989874143806	20
0.118849939816202	0.201943652777816	186
-0.03361802040995	0.171492856136262	186
-0.030853245144421	0.16865764734221	178
0.00542586799005496	0.7407210525471	163
-0.105448883134	0.610461765919977	163
0.0393871787976831	0.684112328151006	163
-0.051446151701954	0.740041648894809	163
0.009799633833252	0.39480775249215	32
-0.060914852425209	0.267060269760699	32
0.076226429242352	0.76271728674281	32
0.054054721912936	0.826171388150828	32
-0.094242535868628	0.492705390950937	32
-0.017789495575417	0.625813661308165	32
0.092183069198187	0.406898170241881	70
0.0487953221502651	0.667116478052927	70
-0.00518672676872301	0.742676624031879	32
-0.021968208804205	0.645491794006736	70
0.113020260653546	0.941032436160629	465
-0.053016270553221	0.687730873914781	465
-0.100322778616747	0.490523988921846	465
-0.090321190186396	0.566296343834767	465
0.065242835542265	0.707134558214787	465
0.031142645414493	0.61323963116696	465
0.094250589110309	0.516271493361646	465
0.118805831150545	0.195440497449165	465
0.012181284957995	0.480438050733893	39
0.053994322387253	0.283780005783548	13
-0.096960344971402	0.391470236222745	1393
0.059579311900145	0.613460530855162	1
-0.024328801492017	0.493344809537974	1
0.048701678747067	0.61738006937694	1
0.010942996866496	0.370607842629492	1
-0.112455127725174	0.158055588629721	1
0.120446143828703	0.197036537066415	700
-0.061495671097461	0.267260652160514	1
-0.030125206900971	0.172372103841324	1
-0.032373991708099	0.163345963881305	238
-0.00774147869457398	0.382306430506375	97
-0.110427532079184	0.158366184621759	954
0.051932491816117	0.279659422930455	279
-0.090532303159732	0.259996717301707	144
0.060422066564763	0.510746359965837	48
-0.014039905729837	0.262743557874522	48
-0.00953939546235599	0.278217951691113	4
-0.109224959669541	0.149645355234619	568
-0.115587776326825	0.155989874143806	20
-0.112544903499217	0.158631103032102	20
-0.115675549873541	0.157431951292729	20
-0.029358376463472	0.172340564270388	20
-0.038528773908626	0.167402222187446	113
0.118849939816202	0.201943652777816	186
0.121255761839474	0.19539411213957	186
-0.116325163543614	0.155957430958996	186
-0.034320866617167	0.170598864403623	178
-0.038528773908626	0.167402222187446	27
-0.113192050197018	0.15715065480167	27
0.04801913318635	0.971331173935886	163
0.115912911367238	1.29856510610319	163
-0.034614573098283	0.705254464628979	163
-0.060687474526465	0.697792878536353	163
-0.108382144098623	0.452361623253355	32
-0.034262152738267	0.167034861267776	1050
0.119669786755726	0.197421523304085	1050
-0.112094732092498	0.272718479175957	32
-0.00549030442644299	0.665492627776026	32
-0.112895548589184	0.25678705771093	70
-0.053014333114713	0.485182792465892	70
-0.032146886088525	0.566671973362366	70
0.085146693116865	0.835296955353616	70
-0.043477052193844	0.639383853384754	465
-0.109277308464799	0.554543789071756	465
0.121731278423996	0.609156088467326	465
-0.086625369446553	0.271026556616832	465
-0.093347694807017	0.255030691294352	465
-0.113793701319354	0.259175484502689	39
0.096637933373064	0.40977875611173	39
0.122076172115503	0.201430407091027	340
-0.068314811968737	0.461650898822549	1
-0.00577054733700899	0.554972973517644	13
0.100899632676826	0.403533505889711	13
0.015900242331366	0.402452789144794	1
0.039087840911509	0.594144475816739	1
-0.103018539028151	0.399634903462506	1
0.052674717291056	0.396052532543185	1
0.091729974849226	0.410121177469566	238
-0.058916876284475	0.385069072625938	280
0.015647226607361	0.393185868177897	279
-0.086364900245337	0.275614983412716	48
-0.00973274236386401	0.275323310189087	48
0.117699607015864	0.194176298788628	10
0.121255761839474	0.19539411213957	10
-0.032916639677762	0.170355386811782	20
0.0443946097424121	0.279335406635154	20
-0.037764608719315	0.168297810515123	186
0.121255761839474	0.19539411213957	186
-0.115675549873541	0.157431951292729	186
-0.030125206900971	0.172372103841324	186
-0.030110933399118	0.171638071817207	186
0.118805831150545	0.195440497449165	178
-0.059480010450007	0.633676052579127	163
-0.113220895159798	0.696848281728211	163
0.067314632794572	0.934093013905813	163
0.00173864416368297	0.753233177488393	163
-0.062076700676489	0.265450042006463	163
-0.037153426639626	0.741955597693174	32
0.0951824504315369	0.8815713790341	32
-0.110497269550387	0.486280429104849	32
-0.00214959405013598	0.595465218369086	70
-0.118166417272099	0.404119120988379	465
-0.118656237168821	0.404051085312928	465
0.090532325529982	0.517593834430828	465
0.050724435248158	0.279097338865575	465
-0.00277824267651999	0.374538358777249	465
-0.110628217731362	0.269246729324929	39
-0.013302780113189	0.388154246827497	39
-0.104591561591577	0.401867034291875	39
-0.059376186439635	0.469501459644587	39
0.118849939816202	0.201943652777816	340
-0.029631594977072	0.159119555175971	340
-0.116500212337184	0.151716882084161	13
0.089482684587284	0.397190890696318	13
-0.106798447628137	0.386254562652839	13
0.103054138352432	0.509131441493777	13
0.089231938197449	0.410702961758749	13
-0.049109167967914	0.268731740624199	1
-0.072036385873529	0.38327371007358	1
-0.119709710314734	0.254224019976143	1
-0.037001754417234	0.167235364284125	238
-0.066614329820833	0.374253192424114	238
0.054926940209594	0.278009238540867	954
-0.086364900245337	0.275614983412716	280
-0.111542513853895	0.268867137752454	352
0.080011324109118	0.351209263134111	496
0.0470585265982541	0.281926179496885	48
0.012307189396043	0.385410787822697	48
-0.060682815723071	0.267307631297192	48
-0.0861021668153	0.27229068938635	48
-0.041738445145595	0.158921086446243	48
-0.014214235659416	0.272592143270991	7
-0.058172219897732	0.269607173937138	186
-0.031632125554154	0.16677308256425	178
-0.076112065697034	0.823049134209216	163
-0.117449307777634	0.646610951819815	163
-0.105826949348083	0.60939042567555	163
0.06025198999954	1.04563633040936	163
0.00668530783760502	0.806127529611413	163
-0.0424217419412	0.464900056929562	163
-0.109688848767213	0.548794988335784	163
0.00299118617857797	0.488858271202736	163
-0.11706325284305	0.154565319237915	163
-0.091992957348687	0.263118147808208	163
0.012301289901602	0.390624327684772	32
-0.057214634019378	0.265172854213367	32
-0.110118438611187	0.274685220537769	32
-0.011994272053145	0.713827741344716	32
0.076589024234365	0.708472461892445	70
-0.00265716196956201	0.579920090133968	32
0.122236257546458	0.759318497230771	32
0.10936140966402	0.953863986356659	465
-0.084962357059749	0.571601437422609	465
0.085241884917483	0.704046012906613	465
0.04346384263559	0.276856731709134	465
0.096637933373064	0.40977875611173	465
0.00789389292464604	0.468770005782565	39
-0.017140439250565	0.267272460253289	13
-0.096368363931059	0.396403558264841	13
0.089364466263294	0.621099833153111	13
-0.012762834448734	0.394629208401148	13
-0.088512087178404	0.390859013442633	1
-0.124036307844668	0.265373968126606	1
-0.05718833279293	0.266551447745509	1
-0.03361802040995	0.171492856136262	238
-0.018407425212568	0.384217539179471	279
0.096256798650543	0.401163388431366	496
-0.058636245719641	0.275726601221191	496
-0.059192277457057	0.261123785538772	48
0.00647942568824	0.371881709514619	4
-0.061458872432617	0.26430743133743	4
-0.028606032231614	0.168487760111406	113
-0.03482376209182	0.16502306968552	186
0.118805831150545	0.195440497449165	186
-0.118734744803285	0.151333107084063	186
0.023116065918144	1.34411544827628	163
0.064904303367831	1.2473492560601	163
0.050366212694096	1.0722096998816	163
0.031369587285353	0.844505642282208	163
0.051658663629555	0.598491241188834	163
0.042701711535147	0.273271361581702	32
-0.062683339004997	0.252423062121003	32
-0.108764508860762	0.151572833866167	32
0.042695717244409	0.39124110688728	32
-0.075454255254697	0.737475427398824	32
0.054229921206766	0.82941055712513	32
-0.057827842671969	0.569585274403045	32
-0.031258959727592	0.664232912433341	32
-0.00211443447215598	0.665987972597605	32
-0.049068603054146	0.637453516945488	70
0.058671802325759	0.614522967174782	70
0.108272873282856	0.731195311130405	465
0.00587933613574998	0.74756202734604	465
0.048167574125022	0.597979586517641	465
-0.114798203069583	0.450395380828826	465
-0.09670126246535	0.256431305721173	465
0.073116596965617	0.57696952205265	39
0.107775079689823	0.704808892230152	39
0.0443946097424121	0.279335406635154	340
-0.112618403998761	0.270822670588593	13
0.107835507911517	0.618267468573984	13
0.100499777719245	0.614876683731616	13
0.00250365692409904	0.496815896478666	13
-0.088040011424	0.269047679142005	13
0.013939631086709	0.511911526642036	1
-0.084383494812896	0.394996087247855	1
-0.034085232258691	0.165928855360736	238
0.076112458627753	0.512927556828217	279
0.068810028977761	0.501361356183186	279
0.00927075100684205	0.389639990135767	496
0.043931396942971	0.5071035176708	496
-0.033324096302802	0.165915368940833	48
-0.114290070662285	0.157070938330489	4
-0.116412951587723	0.156012044058552	4
-0.03361802040995	0.171492856136262	113
-0.05840444478986	0.274605671745734	113
0.123672687720165	0.193374580198933	113
0.05416265213602	0.280349276853359	186
0.123672687720165	0.193374580198933	186
-0.038518323138799	0.164739851096166	186
-0.117713700835474	0.150390754768809	186
-0.039283287969828	0.16388396249932	186
0.115250614627185	0.194235280357882	27
-0.054596467864829	0.737595234779686	163
-0.075525787058025	0.484804038546361	163
-0.081069755578288	0.379086880934473	32
-0.066596029555029	0.577272375070846	32
0.05681352632419	0.780343894875681	32
0.07208686795452	0.7065646521532	32
-0.056143509319149	0.637633390995526	32
0.028834475649033	0.63051150169363	70
-0.089867714718306	0.448849045015625	465
-0.061968121264478	0.584686564164773	465
-0.112937123273539	0.269537382551478	465
-0.116164976737783	0.155730893895936	39
0.114428036976078	0.193840908662857	13
-0.104769234388633	0.379279642313063	13
-0.018595128958138	0.506246325372445	13
-0.024072385820452	0.482519552157257	1
-0.00698801863938398	0.491873054242623	1
0.039146012085944	0.503833081940158	1
-0.01207116524332	0.272062150348806	280
0.073256500424441	0.518821625347892	280
-0.071716716215715	0.383047004603311	97
-0.113448912496357	0.258654822442937	144
0.0553894202067911	0.49087777417917	144
-0.121622816964932	0.247468442484656	48
-0.057010567659368	0.27577556480208	48
-0.114938850937462	0.157459754092218	4
0.094376312494553	0.406906069052974	4
0.121255761839474	0.19539411213957	4
-0.112906817976959	0.152419850500768	4
0.121299130100455	0.19765529034279	113
-0.032856116933696	0.172207431346016	186
-0.019298439703778	0.879208917304993	163
-0.032169620487661	0.798368318422405	163
0.091009486072033	0.394859012688809	163
-0.032796202972762	0.167465311350541	536
-0.028517754937136	0.640623529358958	32
-0.086105124143609	0.479315944378153	70
0.117774291722555	0.875234824292534	465
0.081287286175732	0.792771295140482	465
-0.09427895102014	0.494359082344037	70
0.080270617600671	0.761664499803701	70
-0.084594174966925	0.252737973816534	465
-0.087454033293836	0.270965151767997	465
0.056116712415811	0.282142882901527	465
-0.027799479139053	0.390976168826521	39
0.117252894763946	0.19109165365643	115
0.047820182622953	0.281875096479508	13
-0.010912228433547	0.276398143426175	13
0.00825197156337798	0.557036084592935	77
0.00722067507648005	0.51004304218078	13
0.0878891821476721	0.483000838885687	13
-0.06466558254577	0.396812346451738	13
-0.027438739849654	0.491328641872955	1
-0.020722533816964	0.375354854747121	1
0.050128058523116	0.27183715560672	280
-0.012281564020838	0.493535189840458	280
-0.113461912456304	0.270723036159893	280
-0.001375473127805	0.492590460473005	280
-0.055552630537244	0.274380178378975	496
0.09157824197076	0.510345613695113	48
-0.110354195777239	0.267056756068576	4
-0.032094472202418	0.168316179247348	4
-0.112388246830339	0.151750604637313	4
0.047004893045136	0.402738572100374	4
-0.110338353479638	0.155358233403068	113
0.11692723352674	0.190712979024442	2
-0.111718918252717	0.157288275267166	186
-0.113554765781125	0.155758177675018	186
-0.115675549873541	0.157431951292729	186
-0.029358376463472	0.172340564270388	186
-0.030125206900971	0.172372103841324	186
-0.037764608719315	0.168297810515123	186
-0.032916639677762	0.170355386811782	186
-0.013440603869939	0.270984121684764	186
0.118805831150545	0.195440497449165	168
-0.092501714662425	0.879255080425412	163
-0.069843922007886	0.974376308884089	163
0.067966071019218	1.27424276729996	163
-0.100815569134057	0.563475514484776	163
0.124666354732982	1.08756084954669	163
-0.069874957541837	0.582102049195299	163
0.022793094709246	0.944859653436706	163
-0.089102883046183	0.626871125818524	163
0.05844225079678	0.990089067906471	163
0.065546930362987	0.855519719016419	163
0.110142776065263	1.04124113550045	163
-0.046073504159733	0.487919540503602	122
-0.00126748130200399	0.494362918896153	122
0.051505313415077	0.289999457158964	122
-0.008835462193229	0.390816209994876	32
-0.037011107457509	0.165642997229716	536
-0.096110241422551	0.482725196276275	32
0.016026463524067	0.636726005902327	32
0.094398309290844	0.872768262568082	32
0.094332623036385	0.409333052867932	32
-0.087697096525604	0.4871486110312	70
-0.066778659900502	0.492251592151899	465
-0.047346568494368	0.395104048341522	465
0.047489806203703	0.395198418706662	465
0.0436307565102459	0.279373153766967	465
-0.008597179137388	0.506150331727809	39
-0.01032237311525	0.277187516422947	13
0.050148283132671	0.288176659673767	77
-0.061546058288701	0.390698922386295	77
0.093137902425233	0.4010263727605	77
0.041671555871621	0.391742533008063	77
-0.016304235110803	0.383286079099929	13
0.091818796259874	0.391972586833928	1
0.00692513134902295	0.461017915382505	1
-0.085535043402194	0.266829431628212	1
-0.090575302214215	0.273833302641939	1
-0.014086576593798	0.382056911207163	2117
-0.095358010741725	0.254775076809167	280
-0.112879470952593	0.26865793228502	280
0.073520879788478	0.50518814302281	280
-0.095583509322143	0.251203751974631	280
-0.119941662815101	0.15010153120291	280
0.041737844437604	0.263876321859446	280
-0.116527478024247	0.258723814820835	280
-0.10191904133004	0.257609899225557	144
0.123332132085506	0.534209914916703	496
-0.09922275989691	0.400474869709997	496
-0.09837985142282	0.248856237951554	496
-0.117636252959939	0.255809275867288	496
0.050128058523116	0.27183715560672	496
-0.033558405016549	0.171307702237758	494
0.05209998195322	0.287926108969597	7
0.122119007457639	0.193431074679263	4
0.048074042713484	0.285654783019562	4
0.11962621063934	0.201522244647387	113
-0.032916639677762	0.170355386811782	186
0.119669786755726	0.197421523304085	186
0.11962621063934	0.201522244647387	186
-0.032216730818074	0.16619752731661	383
0.10662752933074	1.3326730531181	163
0.044727928112311	1.0111422963116	163
-0.01632111899285	0.712450221112237	163
-0.104874881251246	0.580638291520616	163
0.084885154232583	1.06814323640723	163
-0.122217498052824	0.396910809743159	122
0.047478063627825	0.286615594200139	536
-0.113609169127755	0.562807698562434	32
0.00236113573994501	0.747395757501089	32
0.013207665384995	0.745869172577245	32
-0.093101221548604	0.56024034531444	32
0.00542537205698801	0.620398557155091	70
-0.061052251248399	0.394444721720157	465
0.061829412233976	0.494888592594838	465
-0.057010567659368	0.27577556480208	39
0.01458499522713	0.592147231121917	39
-0.102415053305694	0.399156233841471	39
-0.034085232258691	0.165928855360736	340
0.121299130100455	0.19765529034279	1467
-0.043463093737686	0.393998834063146	77
0.051673370860306	0.288091869950193	77
-0.012457179944674	0.280134832369106	77
-0.036156220231402	0.492919858944529	77
-0.118564104213964	0.266436867881521	1
-0.094867272057956	0.384095504138169	1
-0.122767236376336	0.250349812756325	1
-0.03999208292783	0.389854620789333	2117
-0.115587776326825	0.155989874143806	280
0.095894218286583	0.530613697048486	144
0.105150992743195	0.511294367446526	496
0.0926081828658189	0.411475832119743	496
0.050114596239776	0.405360032166034	496
0.101442921394269	0.516311956629655	7
-0.027172642567764	0.166462099744829	494
-0.00972716141211499	0.278914913903265	4
-0.116164976737783	0.155730893895936	4
-0.114851094282345	0.154698509416655	4
0.046117471999637	0.283159408267007	4
-0.030853245144421	0.16865764734221	20
-0.032856116933696	0.172207431346016	69
-0.038802142349268	0.159011612344775	69
-0.034320866617167	0.170598864403623	69
0.118029646606178	0.195815538712146	113
-0.031632125554154	0.16677308256425	186
-0.035083587945473	0.165721544483297	186
-0.030863703134254	0.166760626514399	186
-0.032856116933696	0.172207431346016	186
-0.030853245144421	0.16865764734221	186
-0.033678242586139	0.165521982592106	383
0.053743711469664	1.70379557838146	163
-0.00593153753403802	1.36591020804508	163
0.033714679890121	0.833976663574781	163
-0.035802147382156	0.742559181445156	163
-0.043695395457079	0.747112680272975	163
-0.037460884002774	0.725236981507501	163
0.034502377082225	0.501084981665463	163
0.094714791685692	0.512705425289861	536
0.038858004468342	0.692977235073724	32
0.018555061960206	0.760496504242809	32
-0.085434451386299	0.378790119775846	32
-0.0134478867194	0.499447830469392	465
0.038844083206764	0.61175240589143	465
0.106255815599398	0.875330194773704	465
0.032361958371468	0.609683942243388	465
-0.114234130934648	0.485769139515868	70
0.047554848943092	0.398951542347901	70
-0.116253846256186	0.1553309012695	39
-0.082608309406185	0.385900813537848	77
0.094762290668863	0.510095117211581	77
-0.08355196881267	0.27180814366807	77
-0.00441103658478098	0.480294277017149	77
0.107964859323293	0.616601636974399	77
-0.096918144722006	0.399141430571114	1
0.043034482871971	0.277015458410403	2117
-0.110961479527032	0.276105152703197	280
0.058694341371251	0.508431149969218	280
0.090956334510328	0.506432149872218	280
0.013678559923828	0.402012950698226	144
0.049553088061737	0.28454590688762	494
-0.087974246346277	0.261571160541787	7
-0.058708418747612	0.263437686106198	20
0.118849939816202	0.201943652777816	186
0.040204856438413	0.265325749834967	186
0.118073101920439	0.196825091913243	186
0.122076172115503	0.201430407091027	1373
-0.118191204359659	1.24165714738513	163
-0.098535273554692	1.22769719582455	163
-0.037208699151481	1.40548409113612	163
-0.062987915133893	1.06288305580683	163
-0.087278185273402	1.00509364073487	163
-0.09695339494525	0.749849468523979	163
-0.113848428565986	0.651416200481855	163
-0.059982398700791	0.71675823322558	163
-0.114145508129226	0.152658664540802	147
-0.097296287333857	0.249478095389778	147
-0.00741329421502401	0.269541913273783	536
0.0944016292438939	0.403982031759655	536
-0.017279862942793	0.659473536444583	32
-0.08207948110242	0.484925958974824	32
-0.01008258654838	0.654898933999948	70
0.032923876567024	0.686679667119222	465
-0.037805633857958	0.576554844027682	70
-0.054201448851045	0.500967083378383	70
0.095217454415846	0.521791030814916	8
-0.098352757437665	0.2381253562622	8
-0.065317368452633	0.249312369095498	8
-0.019079050465196	0.589902009377235	39
-0.118994479890624	0.388525633848659	39
0.090321839498907	0.413134426881558	13
-0.099279637060258	0.366893986660649	77
0.123102042433326	0.509541137764129	77
-0.113723853163017	0.255750526332974	1
0.049554242072271	0.404171102352066	1
-0.029344617379453	0.168118197302128	509
0.121255761839474	0.19539411213957	280
-0.082401693314492	0.268731309001953	280
-0.011486765496986	0.393666904640713	7
-0.015551138729499	0.383056430201174	496
0.044442468913285	0.405885598521458	496
0.012043325255976	0.390370077465307	494
-0.030110933399118	0.171638071817207	494
0.092821879896739	0.398038626138553	197
-0.090826552176886	0.266304624363272	197
-0.034927557268245	0.392582477716696	7
-0.03361802040995	0.171492856136262	4
-0.034085232258691	0.165928855360736	4
-0.030110933399118	0.171638071817207	20
0.118849939816202	0.201943652777816	69
-0.114938850937462	0.157459754092218	2
0.119669786755726	0.197421523304085	186
-0.114938850937462	0.157459754092218	186
-0.027939373493995	0.163919960387744	186
-0.077750471665527	1.64085083784354	163
0.049865497964885	2.31714272568065	163
-0.062846621087193	1.06425336010643	163
0.100904792868325	1.35038999311885	163
0.084041276219176	1.06471531963735	163
-0.065711981701096	0.769970201257413	163
0.000355138699538959	0.496376594676885	536
0.04765348467444	0.282727462429351	536
-0.06816897313136	0.462685843750037	32
-0.038740502191791	0.706606233086084	32
-0.014274574209762	0.708496168764902	32
0.00928320179028197	0.815002157059577	70
-0.051963472420735	0.715805605826954	70
-0.034085232258691	0.165928855360736	8
0.118849939816202	0.201943652777816	232
-0.018128525551072	0.267215360286394	77
-0.023118522279544	0.377230599619957	77
-0.023546900094746	0.501991362431401	1
0.033817072207494	0.501738072900809	1
-0.116269146437072	0.268412921569142	1
0.043349084301163	0.400289375513614	1
-0.044054294198813	0.382649099324832	1
-0.006802787187834	0.276949928201772	1
0.09020062333959	0.395923109353632	1
-0.107527722813956	0.395712654161039	1
0.118805831150545	0.195440497449165	2117
-0.084584727399094	0.44995677873044	280
-0.03696288918314	0.381717859294089	144
-0.045231551700765	0.369113688595527	496
-0.113101725792251	0.153717658386737	496
-0.103343495733674	0.268160317690598	494
0.012296714825615	0.403295948532735	494
-0.090840663499578	0.261997355428873	494
0.051505313415077	0.289999457158964	7
-0.032856116933696	0.172207431346016	2
-0.035025171919381	0.166360775637245	186
0.118849939816202	0.201943652777816	186
-0.02422559924463	0.157806367051964	186
-0.115026082108518	0.157042157240657	186
-0.113839340112917	0.152864229987707	186
-0.013631796191739	0.272072282599384	186
-0.029372068306671	0.168506458901295	186
-0.032916639677762	0.170355386811782	2123
-0.031553970087165	1.99292194755996	163
-0.113616444426856	0.790915721715431	163
-0.034812600404621	0.922898115474291	163
0.117542518757992	1.17784517546987	163
-0.092756093759534	0.627131090025236	163
-0.024252157924398	0.647382262543602	163
-0.045970807782932	0.49231815867971	122
0.110208900358991	0.619886120893169	122
0.0658318259179031	0.929034476033951	2204
-0.0861021668153	0.27229068938635	536
-0.111162358829902	0.159147929071506	536
-0.033499393925271	0.163455590078674	536
-0.05551016973997	0.657611207579124	32
0.0509487643959839	0.260245080681549	70
-0.119318280584779	0.482086243126293	32
-0.034890037820037	0.660366502180294	70
0.0225707923334541	0.684885587864026	70
-0.118855041150799	0.263416072695738	70
-0.010912228433547	0.276398143426175	8
-0.107840080600797	0.271194686640593	8
-0.059448395971183	0.273235232370105	8
0.11962621063934	0.201522244647387	13
-0.118648428204679	0.154170805239629	13
-0.058610734633968	0.264314357238046	77
-0.012195206060483	0.591233417845332	77
-0.096451771658443	0.367446282375153	77
0.084030811177172	0.59910281269355	1
0.103341026212846	0.627907702017601	1
-0.114938850937462	0.157459754092218	247
0.044985969211398	0.267522293966552	1
0.122076172115503	0.201430407091027	280
-0.056430057235801	0.275542851366981	509
0.088198345853055	0.490476543198552	280
-0.038811283748678	0.159244078861585	280
0.065216791267988	0.5078351699746	280
0.09318319307718	0.414399181782999	7
-0.110516187928753	0.155631806439836	7
-0.103659482390174	0.386498301096903	7
-0.00754205131201002	0.395943889547374	496
0.095781612886316	0.406636565265333	496
0.05535256020346	0.284581315960281	496
-0.030878559284433	0.171666856078845	496
-0.021292648232646	0.3864545012908	494
-0.057177008124291	0.26856766339392	494
0.089392207941515	0.395191778499628	20
-0.056691649153578	0.262126915401379	2787
-0.060682815723071	0.267307631297192	2787
0.119669786755726	0.197421523304085	186
-0.038528773908626	0.167402222187446	186
-0.110269071472038	0.146905145565553	186
0.049026355557077	0.272106034215976	186
-0.035788451640569	0.16178842853178	186
0.04765348467444	0.282727462429351	270
0.113656498860624	0.194210317184637	383
0.114478989136667	0.194606563884473	383
-0.053287032449349	0.794944237508804	163
0.037156098908278	0.895978050543495	163
-0.099531503160081	0.575308570788107	163
-0.087782514837069	0.397307304293938	122
0.00978287369617503	0.396403504404234	122
-0.071473030317646	0.489513936500094	147
-0.069931852574557	0.370238466983145	32
0.033265086962698	0.684791991307157	32
0.037358416525742	0.692343183432501	32
-0.040144225348642	0.53025685271397	70
0.00472611429921999	0.709870005531562	32
0.120161807066916	0.80849928390246	2623
0.094043924665753	0.71147099463406	70
0.037864168936231	0.606314049451369	70
0.069398080995472	0.627389989548686	70
-0.11706325284305	0.154565319237915	8
-0.119381843140074	0.154135697628218	8
-0.062336388583813	0.253938672133031	77
-0.05864888997945	0.490419473774769	77
0.029477869038832	0.600052202765546	77
-0.086625369446553	0.271026556616832	77
-0.05990963734148	0.25764155178102	1
0.00811114190151396	0.391023843141453	1
-0.114851094282345	0.154698509416655	280
-0.088613927428688	0.259977561608777	280
-0.06291770030448	0.255486073216451	280
-0.013642406662797	0.396317664689241	280
-0.055050612191625	0.37950144130466	7
-0.041207366608226	0.376789816404355	496
0.046926541140489	0.397842586832904	496
-0.056662650785499	0.273607014163422	496
-0.058431417824084	0.265143011242095	496
0.118073101920439	0.196825091913243	496
0.00706342114616299	0.373212845604209	494
-0.114556144447338	0.258303044518164	494
0.11962621063934	0.201522244647387	186
-0.029358376463472	0.172340564270388	186
-0.029358376463472	0.172340564270388	186
0.118849939816202	0.201943652777816	186
-0.030863703134254	0.166760626514399	225
0.118849939816202	0.201943652777816	383
-0.036240216736907	0.163255845101318	383
-0.039099176247563	0.650630936375356	163
-0.022372011938782	0.575502204281636	163
-0.09429975432724	0.525108985726946	147
0.015794230479442	0.728168198848493	32
0.081806535486725	0.616040626436119	32
-0.084732877317501	0.364511542343557	2623
-0.024220956695381	0.687918539562573	70
-0.089467864374033	0.395854517975307	70
-0.0129670342545	0.587781014053443	70
-0.115162016108082	0.393631678137673	8
-0.108389439054223	0.39787890752794	8
-0.023093777547395	0.505557750828981	8
0.020531858417847	0.509642026379561	8
-0.033324096302802	0.165915368940833	13
0.011561796112023	0.476268458939285	77
0.107053664892693	0.726704092375204	77
0.00794735615287001	0.504946884694911	77
-0.035395580941086	0.499312934942828	1
0.058303773011238	0.671379386946824	1
-0.082845838086865	0.384439785488511	247
-0.006128040226629	0.472981706800527	1
0.118840355526733	0.510555681876829	280
-0.090247687064837	0.264873650570326	280
0.121714331161395	0.510594071473418	280
0.00569840367597696	0.506026249280353	280
0.012043325255976	0.390370077465307	7
-0.045404066458997	0.264808073681575	197
0.117252894763946	0.19109165365643	2
-0.031613489954442	0.167979253335486	186
-0.113192050197018	0.15715065480167	1284
-0.028606032231614	0.168487760111406	186
0.122032139953474	0.191854981562394	504
-0.030125206900971	0.172372103841324	383
0.118849939816202	0.201943652777816	383
-0.049810950547884	0.656066339945792	163
0.005570885327984	0.791552822704048	163
-0.083647872204405	0.702168350681354	163
0.018907842560398	0.68230150250688	163
-0.109274652281849	0.387521712879507	163
-0.066067031773669	0.473248915049263	163
-0.110776926453445	0.867080724015492	147
-0.008203536308936	0.882142822016634	147
0.050626143352153	0.617389890188082	147
0.00485499316911198	0.657398844166545	32
0.122424349847752	1.04996488795677	32
0.0509341479775291	0.692266637195509	32
0.00855152115489199	0.7621715053998	32
0.00818677613882002	0.508267492099908	32
0.00286566991008597	0.376383587984552	32
-0.115488595910009	0.407426277616463	2623
0.00711063176265903	0.614367372742119	2623
-0.01966100604878	0.380328211928378	70
-0.091973156497628	0.264200645618819	70
-0.030246914997218	0.801836276706207	70
0.020619286776416	0.750314724016532	8
-0.077988716879296	0.380724559290221	8
-0.000172335981632021	0.479103216438557	232
0.123328052580878	0.489183151543915	203
0.00555911555441901	0.498835541791681	203
0.028254156492119	0.508804907241737	203
0.015068758062889	0.393552599818683	203
0.018484946135597	0.579697004894943	1
-0.112329900526615	0.438994572960746	77
0.043883877537789	0.606888087743502	77
-0.098658571584964	0.249107839320279	1
0.018592610292739	0.69476587364917	1
-0.045161109199512	0.5021187600408	1
-0.076021700119274	0.354272890456793	1
-0.11635558320952	0.379280120751871	280
-0.058029402408919	0.265086062195529	280
-0.031455945225664	0.166862110402496	1615
-0.052015156946715	0.386803758932285	1615
-0.008401307563279	0.362262140504725	2127
0.013696929447237	0.591874028300376	494
-0.087803049614939	0.397722297618711	494
-0.030878559284433	0.171666856078845	494
-0.121296136279575	0.272349570552461	494
-0.091974653907848	0.270992973846469	240
-0.114938850937462	0.157459754092218	4
0.043034482871971	0.277015458410403	20
0.101473244918803	0.398548933756116	186
-0.039283287969828	0.16388396249932	2
0.122852637035919	0.197576085447396	186
0.119669786755726	0.197421523304085	186
-0.030853245144421	0.16865764734221	225
0.086094851795102	1.00438167692568	163
-0.00129345734007802	0.720924368582665	163
-0.106156712287876	0.267070576744964	147
-0.065466477555111	0.658714055220885	147
0.012621562420984	0.37639715296945	32
-0.00944654024020702	0.395929929398704	32
0.054896093826882	0.77084801123302	32
-0.010303185731517	0.671152212442349	32
0.031286344067748	0.734590592832313	70
-0.040770227543155	0.497741466583277	70
-0.076440643737129	0.458134325586508	70
0.006780232399061	0.578162642416261	70
-0.011785947763281	0.565646401516402	70
0.117433544888602	0.805784619683682	70
0.00239049869493801	0.592155613933107	70
-0.068888811997658	0.583995765201116	70
0.096565948173314	0.520846503757102	70
0.06354995444904	0.619543593790786	8
0.088584239755149	0.392599977950413	8
0.003418339555745	0.380435851718345	8
0.083938591807857	0.499081669024026	8
0.114478989136667	0.194606563884473	203
0.044465957936673	0.376142316625834	203
0.049960010255499	0.391871963649808	13
0.00981904136510603	0.37778221312173	13
-0.053135002589528	0.271025418392845	13
-0.039813172852737	0.495399087032513	1
-0.013240156084869	0.280143344274786	1
0.05966678040705	0.488081672443144	1
-0.00796159585269102	0.277894105112136	1615
0.067950068370873	0.515278896298746	2127
0.09235064567443	0.413319751497668	2127
-0.086627289496778	0.275328901953621	7
0.0106612790489919	0.38717763908892	7
0.049534347295363	0.403878168187077	496
-0.115952246928811	0.25711379678245	496
0.048126736017418	0.40815847505922	494
0.091793346490829	0.508170977409108	494
-0.010912228433547	0.276398143426175	494
-0.116325163543614	0.155957430958996	494
0.043604451680346	0.391811437988315	7
-0.096760068184614	0.254617299418146	197
-0.033313214931201	0.16515339254902	240
0.118029646606178	0.195815538712146	240
-0.115432080177131	0.154986897586648	240
-0.11706325284305	0.154565319237915	4
-0.034835763963541	0.168567019261679	20
-0.030853245144421	0.16865764734221	186
-0.035083587945473	0.165721544483297	1284
-0.034320866617167	0.170598864403623	186
0.117252894763946	0.19109165365643	383
-0.11832971718795	0.758279699129995	163
-0.035034636100845	0.976556071182119	163
0.057126534410617	1.13683887861866	163
-0.021245007230715	0.814703726439886	163
-0.077734039522718	0.648906281771145	147
-0.088850758662899	0.269428353118157	147
-0.098742349128861	0.465952193370095	32
-0.095773480067537	0.387228004990564	70
0.035665176131493	0.664219138319691	70
0.07103295540497	0.845000608805125	70
0.061532697907026	0.720015479037805	70
0.113706781524745	0.189916286385992	13
0.122076172115503	0.201430407091027	13
-0.108787741131499	0.395376027626112	13
-0.068134369968902	0.381953883545749	13
-0.088282438362098	0.26951174150829	13
-0.085701938542108	0.491399320167607	13
0.095244959825677	0.608674209079405	1
0.033205270818003	0.50688115569712	1
-0.02877971571547	0.496463732895852	1
-0.11855070755359	0.256522988186436	1
0.06127704674114	0.511461826643818	1
-0.03907911773162	0.371610014526337	1
-0.014793978521365	0.269495539921017	1
0.043024972340746	0.553426666845756	280
0.012589794338964	0.391527990815463	7
-0.015018038221456	0.397118981983113	7
-0.01692500150706	0.382461177546143	496
0.00385962857399502	0.487665868767767	496
0.04834894563869	0.368673957694521	197
-0.114290070662285	0.157070938330489	4
-0.061458872432617	0.26430743133743	4
-0.030878559284433	0.171666856078845	69
0.120446143828703	0.197036537066415	186
-0.03361802040995	0.171492856136262	186
0.118073101920439	0.196825091913243	186
0.122852637035919	0.197576085447396	186
-0.015374175077401	0.904319460016314	163
0.015942968261739	0.931741525802802	163
-0.016687593027438	0.623099565691562	163
-0.070218655389358	0.490646479614153	147
0.00478339846888698	0.772310925990372	147
0.102409382843324	0.931085096612688	32
0.103311783919082	0.594474342901375	2714
-0.109667489605656	0.476506006458276	2623
0.053436285925631	0.860134211152454	70
-0.071086485674957	0.500944880363704	70
0.074725712885801	0.778557425175281	70
-0.063231318306083	0.501805740442318	70
0.013075883994173	0.58818556217605	70
-0.048264659065464	0.467322803555117	8
0.052682819928656	0.278192838182648	8
0.00205587576245403	0.361161440101884	8
0.118029646606178	0.195815538712146	13
-0.064547888130579	0.256480188458695	13
-0.119969021850566	0.256338036217992	13
0.0302033108656909	0.603370547519257	1
0.025772253841439	0.593418728088672	1
0.045950152419578	0.606138519821333	1
-0.046655263173838	0.385862261288986	1
0.121070998679292	0.515946807250191	1
0.092996286515431	0.513268048901075	280
-0.104458766161187	0.26767167762026	1615
-0.081312545100462	0.269079927692523	2127
-0.115685954084424	0.259910707897951	496
0.012766162823451	0.476998044590537	496
-0.114938850937462	0.157459754092218	494
-0.111749133546465	0.267994262000052	7
-0.030125206900971	0.172372103841324	240
0.056116712415811	0.282142882901527	4
-0.011289765731643	0.269871137631154	20
0.123703349588594	0.265030222962931	186
0.122896136022272	0.196980514178802	186
-0.112544903499217	0.158631103032102	186
0.118849939816202	0.201943652777816	186
-0.035586505102787	0.165033552824477	186
-0.107938260225114	0.154958751568619	186
-0.032094472202418	0.168316179247348	1284
-0.030125206900971	0.172372103841324	186
-0.111897899981872	0.158234870560768	186
0.119581444547106	0.1904746302505	186
-0.096192709150632	0.755454539369956	163
-0.081675797242841	0.627347771612921	163
0.014222497186935	0.660798423183856	147
-0.025458657637999	0.744722434917166	147
0.093238166830536	0.522887179514212	147
0.090897030781892	0.412571112195111	147
-0.076369119539987	0.371428018590554	147
0.00364897738024605	0.666619381514141	32
-0.054823933078024	0.564128978535358	32
-0.017798436260436	0.547314063656253	32
-0.073993540834163	0.561794401985445	32
-0.082757449743514	0.563086253046421	70
0.047315735420667	0.611113105413283	70
-0.021843480519398	0.583507232629525	2714
-0.075491004850721	0.525956313779476	2714
-0.074132511454361	0.460993239963536	2714
-0.078438367911217	0.479879971742745	70
-0.045917738632682	0.554424030699494	70
-0.11517950669108	0.47979709563019	70
0.045353914829528	0.27994295974536	8
-0.077438215977391	0.393174666036526	8
-0.116088053637952	0.392219556699839	8
0.000936292835400976	0.587436436078971	8
0.122896136022272	0.196980514178802	13
0.096958428469213	0.505727602298208	13
-0.052988583428344	0.35137986836008	13
0.081693222959574	0.624248322105714	1
-0.124165082197828	0.388967875793207	62
-0.080324463195666	0.392494142009458	280
0.099398552514667	0.619605355020044	280
-0.058194377595711	0.383795058074066	7
0.016227225923965	0.376526210958398	496
0.00701127904527499	0.38286854374746	240
-0.010701340873234	0.269673422668671	240
-0.079916562792775	0.268994531784387	240
-0.111073154367858	0.158761217583667	4
-0.115026082108518	0.157042157240657	186
-0.031455945225664	0.166862110402496	186
0.11962621063934	0.201522244647387	186
-0.00506205309677399	0.916303038241104	163
0.072824737423468	1.164430743704	163
-0.088813273850549	0.572168142191088	163
-0.039729881836029	0.742416665801291	163
-0.055269667057154	0.26556593351723	147
0.010006091588691	0.505088827489962	147
-0.032856116933696	0.172207431346016	147
-0.021240563217373	0.24807869180914	147
0.075194721975176	1.00766267637524	147
-0.037593710582737	0.57968945515251	147
-0.083925748400548	0.39117364343794	147
-0.117543487372211	0.151228488898172	147
0.028736312232211	0.478365998017199	147
0.101885680235844	1.09594231868635	70
-0.026599932176528	0.726251379494404	70
-0.058891442151339	0.261072623346293	70
-0.095911368690947	0.474230461364633	2714
0.074365738356537	0.837285722858852	2714
-0.06563764259858	0.56829008937915	2714
-0.109954278906167	0.403441538617592	70
-0.061458125657696	0.572725982663099	70
-0.017302282979864	0.654081640090851	70
0.068972061434134	0.616654478710225	70
-0.104151826459777	0.366386351013622	1
-0.029344617379453	0.168118197302128	1860
-0.034320866617167	0.170598864403623	258
-0.119368168070172	0.262028972347731	1
0.087971122937103	0.382297135857671	1
0.027369392698024	0.50197024721881	280
-0.054757703341175	0.274086457303122	1
0.00756446270076505	0.393754076712391	496
-0.057539392762761	0.263719082704068	494
0.0488341149000811	0.394466151615983	494
-0.032856116933696	0.172207431346016	7
-0.020849692943571	0.258222407552016	4
-0.114938850937462	0.157459754092218	20
-0.113929682550336	0.153532269414547	20
0.118805831150545	0.195440497449165	663
-0.029358376463472	0.172340564270388	663
0.11962621063934	0.201522244647387	186
-0.114290070662285	0.157070938330489	186
-0.108581540498894	0.153592660816926	186
-0.029344617379453	0.168118197302128	186
-0.118002023628097	0.151376048698378	383
-0.066324828698546	0.988208059209803	163
-0.031073560149099	1.25321368980286	163
-0.104820717322198	0.691596856678819	163
-0.101673267903642	0.492259427494117	163
-0.123436244323881	0.400935793780862	147
-0.099954973075806	0.544561357245973	147
-0.1226195533689	0.261938159635173	147
-0.058867623429278	0.273010320500707	147
-0.064845977686492	0.561606496250703	147
0.096039289811684	0.409870086976595	70
-0.071585013403497	0.569819328675143	2714
0.070750248567402	0.714335817048108	70
-0.029724432053399	0.64114434473918	70
-0.096058943387406	0.481165265362247	70
0.0358728504186721	0.65056552331141	70
0.091729974849226	0.410121177469566	118
-0.034320866617167	0.170598864403623	13
0.097187962523706	0.405010612914812	8
-0.01207116524332	0.272062150348806	1221
-0.036721333915837	0.552410278559815	1221
-0.118629474400624	0.404757980481147	1
-0.110638104661044	0.389526782914085	1
0.0869857164233	0.61373978749243	1
0.0626185460595891	0.616128495577627	1
0.048791709776048	0.281333798494882	62
0.064258667899484	0.51591069899504	280
-0.054948801214994	0.371654492122496	1
0.09157824197076	0.510345613695113	496
0.114211339650558	0.604866585475461	496
-0.021633530944386	0.256196979356778	494
0.087166776412605	0.514738938207422	240
-0.018427717642477	0.392077467537744	4
-0.115675549873541	0.157431951292729	20
0.118073101920439	0.196825091913243	186
-0.11346757377019	0.152456971923728	186
-0.112179018947238	0.145742361424421	186
0.119669786755726	0.197421523304085	186
-0.038528773908626	0.167402222187446	186
-0.037764608719315	0.168297810515123	186
0.122076172115503	0.201430407091027	186
0.118849939816202	0.201943652777816	383
-0.082808129266349	2.32323826540464	70
-0.00486573482117198	1.1124941799869	163
0.101739731273367	1.36408168867471	163
-0.039934885607077	0.777243673031491	122
-0.113893643159933	0.538162948978772	147
-0.035588230259703	0.652845019241834	147
0.093011373145217	0.509936658083146	147
-0.115452394832781	0.272920807436866	147
-0.054481423219005	0.503387810448728	147
-0.034654733575744	0.385954986283847	147
-0.053640298373265	0.558643285535094	147
0.106757961604832	0.636311311052111	70
0.03696174449509	0.691168227266899	70
-0.051562466338333	0.378639673177076	2714
-0.119401112969334	0.480139340339171	70
-0.11204482483318	0.485896578552027	70
-0.063494084218586	0.386832401982421	118
-0.093884525169147	0.390846818278304	118
0.11962621063934	0.201522244647387	8
0.00841324969880997	0.392729226853715	8
0.123672687720165	0.193374580198933	8
-0.054321909055447	0.393868515961794	8
-0.083813024422514	0.272598301852418	13
0.071189565630721	0.697303339896221	1221
-0.018959497506148	0.39316776544251	1
-0.078959280041601	0.370128412136924	1
0.119669786755726	0.197421523304085	1
-0.01558900277392	0.264219613082573	1
-0.033550482050133	0.38573781357818	1
-0.09417717104937	0.258855616719021	1
0.051673370860306	0.288091869950193	1
0.0963342962557629	0.375831536849736	1
0.0664894070801601	0.5103039609829	496
-0.06291770030448	0.255486073216451	494
-0.014220614555788	0.270284864293797	494
-0.015973198386275	0.270506573711391	240
-0.011866686587191	0.262530194386892	240
-0.115432080177131	0.154986897586648	240
-0.032796202972762	0.167465311350541	1900
0.118073101920439	0.196825091913243	186
-0.029358376463472	0.172340564270388	186
0.118849939816202	0.201943652777816	383
0.120652871322949	1.50280608747153	163
-0.080028401957058	1.02993761147063	163
-0.048042642565768	0.728881614121336	163
0.00390190453198602	0.828130711518245	147
0.099260105550565	0.963452504281354	147
0.09780899641556	0.929007868950393	147
0.12445416277278	0.770046898803659	147
0.073911335879737	0.625962423949178	147
0.109690590974364	0.866593634354441	147
-0.104251983060178	0.644207532067269	70
-0.00372194036221102	0.485310003482506	70
0.053706408849223	0.622905178187805	70
0.059640726026075	1.06520523608481	70
-0.024446921438425	0.481587260544725	70
-0.041525782235183	0.488938487907661	70
0.060582746319621	0.465434057110456	70
-0.072083985522938	0.481215783298396	8
-0.04152576008693	0.560051569741594	8
0.03294634399853	0.613692716772699	8
-0.041383891374603	0.543262945693807	8
-0.077852242617475	0.367466812902036	8
-0.022053123635143	0.377395176236057	8
-0.121131601975763	0.383646544013568	13
-0.111825988559756	0.391212773220704	13
0.095280451883794	0.94996402483129	1221
0.0588042266943281	0.594402724251435	1
0.01195661681933	0.656655236371415	1
-0.093043183464736	0.39030007263107	1
0.0960213963826499	0.51117464795187	196
-0.081812873875722	0.370944556020912	1
0.063579797946745	0.521301010065477	1
-0.082905048937142	0.379360820377909	1
-0.036371067998882	0.382709740377153	1
-0.037011107457509	0.165642997229716	494
0.051916498579297	0.280548837535073	494
0.085200993959711	0.50333773982136	4
0.079743660145308	0.310791908866773	186
-0.112544903499217	0.158631103032102	186
-0.031394207996038	0.167251262805583	186
-0.116236846870096	0.151740973027868	186
-0.030878559284433	0.171666856078845	1241
-0.097197674402946	1.00912042720647	163
0.070558006241601	1.51147342672397	163
-0.065433007048144	1.04604685221197	163
0.115520694555122	0.704028380493362	147
-0.091409411155704	0.260462584607609	147
-0.028606032231614	0.168487760111406	147
-0.110516187928753	0.155631806439836	147
-0.006994751438406	0.277785358192214	147
-0.032598547655905	0.488658636368124	70
-0.00913841552460099	0.280814338380485	8
-0.056662650785499	0.273607014163422	8
0.0148066400410209	0.393152355300238	8
0.121255761839474	0.19539411213957	13
0.116846935624364	0.801392621657312	1221
0.00927190142193202	0.376693958032088	1
-0.122869463069326	0.382370926932187	1
-0.09619075097462	0.256338452743794	1
-0.094469232076221	0.263897861140002	1
0.102815757713147	0.623532617314371	1
-0.0572713616665	0.265050819458215	1
-0.032373991708099	0.163345963881305	1
-0.071231358700155	0.387234604917301	7
0.042693665705513	0.510022913569396	494
-0.049121073268704	0.272002614595652	494
-0.00933057038180601	0.280589890710774	7
-0.064547888130579	0.256480188458695	240
-0.03361802040995	0.171492856136262	240
-0.039283287969828	0.16388396249932	20
-0.111897899981872	0.158234870560768	20
-0.116325163543614	0.155957430958996	4
-0.117970978010525	0.263771157921678	4
-0.028592856732047	0.168788076833278	186
-0.032856116933696	0.172207431346016	186
0.120478806402945	0.191904998295314	186
-0.112544903499217	0.158631103032102	186
0.118805831150545	0.195440497449165	383
-0.115606822425209	1.65870679002711	163
-0.096517960418749	1.52257942430974	163
-0.099860378688545	1.05038179093761	163
0.001791776238524	0.602281674580457	122
-0.030125206900971	0.172372103841324	147
0.101965118943064	0.513717492545734	70
0.108589927896749	0.639371279391654	70
-0.032244074102196	0.383194360455953	70
-0.118524853537276	0.262152906511473	147
0.071329312989867	0.712986142365373	147
-0.037730451458266	0.579417804170286	70
-0.113893643159933	0.538162948978772	70
-0.051483468757022	0.632037146347659	70
-0.016992082446764	0.651292801634607	70
-0.082404392045578	0.628108992404266	118
-0.0130526946592	0.257848713849115	118
0.070542075258736	0.774656884492299	8
-0.10731609756392	0.275077994550114	1
0.095207039901718	0.407158446395034	1
0.054698072795487	0.486130278235921	1
0.010970048842998	0.594349499833355	1
0.073994121077833	0.61187993289332	1
-0.092122387476891	0.468726091495033	1
0.118073101920439	0.196825091913243	1
0.124537452032742	0.192015229802692	1
-0.114290543141864	0.259565471062211	1
0.12387121183675	0.533948839832762	1
-0.037294680262741	0.497201569083843	1
0.121266911988297	0.522917152284461	496
-0.045532675425354	0.384795071024453	7
-0.01148268387905	0.271853701063117	494
-0.01636001030464	0.266335120617893	494
0.043046243482804	0.403824887867042	7
-0.096813494317507	0.379057025340804	7
-0.088069402256722	0.267086730883158	240
-0.119381843140074	0.154135697628218	20
-0.032796202972762	0.167465311350541	186
-0.032856116933696	0.172207431346016	186
-0.03853914674922	0.160844358047738	37
-0.115762797028114	0.155635275207725	37
-0.114202857870184	0.156132490652696	37
-0.060590853419587	2.36687942929394	163
-0.107321394318511	1.39399385709174	163
-0.098364013476059	1.56757208251603	163
0.038141630150593	1.59608004329146	163
-0.052915641882738	1.0555456576349	163
-0.0632925958084	1.01038197542372	163
-0.061662895373133	0.827841524552701	122
-0.029358376463472	0.172340564270388	147
-0.110370343500748	0.247193085550468	70
-0.111808672083322	0.159552284481566	70
-0.090006805056637	0.274720807539609	147
-0.00859540932462	0.560525679731463	70
0.06848234444173	0.764928414659437	118
0.084125919145897	0.498333332310903	13
-0.114938850937462	0.157459754092218	13
-0.118524853537276	0.262152906511473	1
-0.081507906672884	0.395573029327081	1
-0.050452002587154	0.496010433531683	1
0.114428036976078	0.193840908662857	1
0.118029646606178	0.195815538712146	1
-0.00177917137710398	0.492305322035859	1
-0.019179391165614	0.389247038457142	496
0.028315080391723	0.595057993088183	496
0.10463421269464	0.685830840561863	496
-0.112544903499217	0.158631103032102	1110
0.11962621063934	0.201522244647387	20
-0.059822286691337	0.261380185337526	4
-0.087193418455361	0.270945179784896	20
0.000390300819757994	0.264858353623159	20
0.121299130100455	0.19765529034279	186
-0.112544903499217	0.158631103032102	186
-0.114290070662285	0.157070938330489	186
-0.034085232258691	0.165928855360736	37
-0.049700485979544	0.272946755193234	37
-0.104514966699373	1.9566296134001	163
0.103459571341525	0.679621781281667	122
-0.100912026226136	0.390265973704818	70
-0.073682632507496	0.579589279879488	70
0.058963061624747	0.983845889932913	70
0.106652432857277	0.962119698835113	70
-0.124002062130959	0.272232240787748	118
-0.00484402395047301	0.2775941200248	8
-0.014682110472646	0.482196208265754	8
0.048706176681071	0.762446604859532	8
-0.033558405016549	0.171307702237758	8
-0.035025171919381	0.166360775637245	13
0.041524785982372	0.49198745102187	13
-0.106722083314866	0.267548108375483	1
-0.040392930578857	0.494177613436435	1
0.082856992927545	0.793631340356514	62
0.122852637035919	0.197576085447396	1
0.00685527727840496	0.581679062435761	496
0.0564309228650251	0.619251143958819	496
-0.116809169071659	0.152073626892936	20
0.11962621063934	0.201522244647387	634
-0.046042006110602	0.267413806491832	186
-0.112455127725174	0.158055588629721	596
-0.032856116933696	0.172207431346016	596
-0.119381843140074	0.154135697628218	596
-0.12310080576516	0.144913436524706	70
-0.065613671894677	0.512111433250953	147
-0.074469963705034	0.572009353443046	70
-0.019395228066607	0.372025982461536	70
0.00342395506097304	0.598315349851985	70
0.081269898445543	0.856339874224796	118
-0.087011691806048	0.567349972428483	70
-0.086970240262358	0.577337189227249	118
0.036659371797967	0.350084270980708	118
-0.01214807930264	0.480689799894462	118
0.032852581961186	0.507324914245061	118
0.121266911988297	0.522917152284461	118
0.060695476573482	0.497846166660638	8
-0.032856116933696	0.172207431346016	8
0.120401910540674	0.196118981932544	8
-0.010740040791627	0.387621553596215	13
0.084527966761469	0.623143335124749	1
0.046090892938314	0.371647319541369	1
0.079495311316919	0.6779295041597	1
0.02821986770786	0.596942832027105	1
-0.118183232557468	0.37478730346378	1
-0.059465994415548	0.49123640032894	1
-0.00454547791089299	0.474698261448308	1
-0.092870348949753	0.389668477714623	1
0.088300761847476	0.37414779584935	7
0.100616140882599	0.599133684241376	7
-0.05782363632873	0.276542896331464	496
-0.083966204017276	0.394016302660757	496
-0.011352167018058	0.384642274291919	7
0.0952323960068751	0.407574088117949	240
-0.031394207996038	0.167251262805583	20
-0.060296139121247	0.263365188275998	4
0.098346492959847	0.400320537861468	4
-0.055552630537244	0.274380178378975	20
-0.030125206900971	0.172372103841324	186
0.116876996529404	0.193783775309866	186
-0.012851841819808	0.272777920415663	186
-0.108581540498894	0.153592660816926	186
0.118849939816202	0.201943652777816	183
0.122896136022272	0.196980514178802	37
0.088397916304035	1.05324917437251	70
0.100827065367482	1.17344321456923	70
-0.020303588964316	0.650231736317282	70
-0.030087182120157	0.652863350807702	70
0.078181256827605	0.709696471122645	70
-0.107781299282516	0.384840731661733	118
0.039518679517765	0.66858488608196	70
-0.000429364540333987	0.592973185462384	118
0.095864059511561	0.707023261922726	118
-0.044789857897701	0.505508565174671	118
-0.08997050734525	0.465791435476083	118
-0.054343855155328	0.498826529908314	118
-0.106909810125878	0.539034361987762	118
-0.088384895486204	0.495414140321468	118
-0.105735977742025	0.474364348692197	8
0.07872828895303	0.605152044698898	8
-0.06181703532928	0.450697992461819	8
-0.049233576736688	0.495108905562083	8
-0.012263304072406	0.272565086859585	8
-0.089361201926255	0.387010159960973	305
0.095087166844213	0.499676638726246	374
-0.086428532185863	0.387815348142123	13
0.023264687217436	0.66878050728897	1
-0.064146926601338	0.565694786490333	1
0.065216791267988	0.5078351699746	1
0.034766505217935	0.846922543422666	1
-0.091003860239263	0.393277170510865	1
-0.090890755776048	0.392249454485469	1
0.066165293080134	0.488075164213502	62
-0.112550706009882	0.393082428033758	196
0.082739916571732	0.49893007094042	1
-0.032936694809578	0.38265622973615	1
0.095761539972641	0.399442438065857	1
-0.111513621241345	0.276037603119203	7
-0.022877662283212	0.500936344448	7
-0.018647487127659	0.392719033370566	7
0.124920885642634	0.527867979854433	240
0.0436307565102459	0.279373153766967	240
-0.050280108293019	0.272121994227594	240
0.013688185667597	0.39167742581832	240
-0.115520923498325	0.156222393433486	4
0.088656471927981	0.411259888206281	20
-0.013440603869939	0.270984121684764	1825
-0.121897175474103	0.254763130778878	634
0.051505313415077	0.289999457158964	186
0.086053303179245	0.375356675351312	186
-0.115587776326825	0.155989874143806	186
0.118073101920439	0.196825091913243	186
-0.034320866617167	0.170598864403623	37
0.116104710720957	0.190331442459283	504
0.119581444547106	0.1904746302505	596
0.0410184083074781	0.501479187204223	70
0.019370206965053	0.469134952709501	152
-0.013851789197574	0.820213951132153	70
0.026384500051492	0.833567238807721	70
0.081301060339758	0.838465545247549	70
-0.00514927316848202	0.653397161630816	70
0.011466623818133	0.388969323775929	70
-0.0129670342545	0.587781014053443	70
-0.115400401946913	0.531973866723805	118
-0.00595939727762701	0.702122912368676	118
-0.079980393698267	0.489830796813389	118
0.00475992897476096	0.73431946973191	118
-0.049420170584652	0.594516376448941	118
0.115420764389115	1.10872144655811	118
0.00742869721412298	0.654099542626198	118
-0.074424901161077	0.663097891125173	118
-0.032094472202418	0.168316179247348	118
-0.032015909419593	0.392006332157379	1
0.0957105092419001	0.52145619468215	1
-0.039577460337787	0.385376310340295	1
0.00923412958126002	0.475730608043104	1
-0.097023223354894	0.256770743257254	7
-0.085250465827117	0.388846410199017	7
0.00927881168486999	0.380032515400082	240
0.096637933373064	0.40977875611173	240
-0.055568369244163	0.273301150283359	169
0.118849939816202	0.201943652777816	186
0.122852637035919	0.197576085447396	37
-0.079259457686567	0.557743271255622	70
0.0620401081380591	0.512443236247024	70
0.066928455388048	0.505276747174781	152
-0.029489473975886	0.746306671521617	70
-0.110847192157879	0.546630052661621	70
0.09401600151713	0.412940460859325	70
-0.072860498997153	0.561248150880806	70
-0.047870040548959	0.57327549102298	118
0.051935368317255	0.974987889945843	118
-0.121562687829852	0.470893113495627	118
-0.096560103967065	0.487932465108479	118
-0.013993715487054	0.632256920488371	118
0.117856864767608	0.810945448166394	118
-0.03782372737497	0.722000392322415	118
-0.12467322536504	0.401540228688825	118
-0.081402842300949	0.385923124623823	719
0.120478806402945	0.191904998295314	8
-0.060815536069297	0.376105637450406	305
0.111218895253599	0.695565144762972	1
-0.0989545339869	0.447698123248085	1
0.079200696995839	0.595412757705422	1
-0.0575912884985	0.273857154080606	196
-0.07053836991551	0.374622749142253	1
-0.05277051481638	0.389611928058125	1
-0.066527172073505	0.389162851090416	1
-0.070740757329057	0.384722793296293	1
0.03363723229515	0.495618331152428	1
-0.023367040846076	0.243043775068713	240
-0.051904024490326	0.383049524938309	240
0.00730701751096696	0.39507016440066	240
-0.12228475165285	0.145602587170549	458
-0.010316131550283	0.274697646418863	240
-0.011084005054999	0.276447697880442	20
0.044226799758739	0.2784786388354	169
0.118892862835363	0.192614416933485	186
0.120401910540674	0.196118981932544	186
-0.032155294870618	0.171057763952974	186
0.123672687720165	0.193374580198933	186
0.044990583997375	0.278444082584215	186
-0.116325163543614	0.155957430958996	37
0.026798275460627	0.821239380982814	152
-0.037527064803149	0.780445146648733	152
0.019399489197937	0.50890713062665	152
0.034690757758533	0.598247829038922	152
-0.065944072733304	0.254466500748872	152
0.043135101099361	0.680966028004203	152
-0.00838605891521099	0.649609718810798	70
-0.111597050508198	0.494320838412292	70
0.00844588706765803	0.813101647774964	70
-0.090400368452925	0.532198568621245	70
0.016942274588823	0.686977813616222	118
-0.10398825403024	0.404846175970827	118
0.080659173646774	0.876911634890881	118
-0.111291240408001	0.48688241964234	118
0.051873444211868	0.617905681921569	118
0.061141725441738	0.61202823073751	118
-0.00854989372541098	0.280570675605193	118
-0.121260266553214	0.145365522490478	719
-0.028958569941907	0.569442030950207	719
-0.031455945225664	0.166862110402496	305
-0.01173600929883	0.593293080424654	1
-0.00654582212020199	0.59653459568233	1
-0.111274039182144	0.382047056445486	1
0.11962621063934	0.201522244647387	1
-0.029372068306671	0.168506458901295	1
-0.063795291820986	0.396806925219618	1
-0.10390749204377	0.26851015902261	1
0.05323174462662	0.281306713828379	1
0.044442468913285	0.405885598521458	7
0.050910415568628	0.289164757680891	240
0.010344671853761	0.376769252561071	240
0.122683866710125	0.492726958731556	240
-0.055568369244163	0.273301150283359	20
-0.00388697604134802	0.270749042357378	240
-0.049932202350648	0.273699836592447	240
-0.052482261290666	0.271181218944924	169
-0.113929682550336	0.153532269414547	186
-0.032155294870618	0.171057763952974	987
-0.117713700835474	0.150390754768809	37
-0.041754833196951	0.731588288366757	70
0.09903078009199	0.576901498290828	152
0.043865562528552	0.688738230192707	152
-0.012587995024726	0.579137919967264	152
-0.103385299191348	0.460168535538616	152
0.075625874729627	0.814244073147227	70
0.01574534631931	0.589233490252786	70
-0.115591264892831	0.439689703816813	70
-0.044396042813851	0.479640119460925	118
-0.021272862052714	0.507684209811459	118
0.00286566991008597	0.376383587984552	719
-0.034085232258691	0.165928855360736	305
-0.081608771961596	0.464843287412381	13
0.110968210112736	0.670016344436479	13
0.06366508377086	0.506640767332564	13
-0.030448530170515	0.388569604346953	1
-0.061290829433597	0.375497237443993	1
-0.114938850937462	0.157459754092218	1
-0.049257624976769	0.390775617061799	1
-0.048217074923549	0.460625663859682	1
-0.056990508774757	0.379718610961158	2469
-0.11430527193149	0.269174271864717	240
0.074697820268446	0.501708541091679	7
0.0141223244018061	0.481353730958036	240
-0.113192050197018	0.15715065480167	240
0.095833998390168	0.513104994244161	240
-0.032564290041672	0.162685569761941	240
-0.111808672083322	0.159552284481566	20
-0.034835763963541	0.168567019261679	169
-0.115026082108518	0.157042157240657	169
-0.034262152738267	0.167034861267776	1825
-0.119381843140074	0.154135697628218	186
-0.119294974588462	0.153683990110454	186
-0.116898596868014	0.15484281839632	186
-0.085919883791056	0.373425431554396	152
-0.102356556744272	0.547274210009928	152
-0.00926128975677698	0.823514871081986	70
0.073439799323291	0.996492798352723	70
-0.124635372677307	0.374199825734178	152
-0.054671751638954	0.484927221718338	152
-0.014803943435518	0.274433128481296	152
-0.115960634020836	0.393853205104967	152
0.106651057528774	0.966408338246197	70
-0.03349691825972	0.543398043164154	70
0.107843959778238	0.9535755125182	118
-0.122483835019903	0.403173195659895	118
0.016815532495574	0.647589664735518	118
-0.10095866465087	0.47468380929473	118
0.0874611935865101	0.760008988762851	118
-0.01636171920914	0.624561348485456	118
-0.080158283119024	0.392669748208787	118
0.100351320128255	0.792386411391147	719
0.120478806402945	0.191904998295314	8
0.122119007457639	0.193431074679263	305
0.048862611649332	0.394437717628216	305
0.103187547847056	0.631498655607643	2441
-0.063535688328435	0.385888059546737	1
0.102381210750302	0.506167474738237	1
0.118073101920439	0.196825091913243	1
0.044953672847195	0.395949564885926	1
0.038891985717788	0.385269784507754	1
0.0996412144832139	0.587762562146487	1
0.065729947425903	0.509276151901311	1
0.00832364353966797	0.497431030171567	2469
0.024612117456409	0.50682957973363	240
-0.054463186930058	0.389551715122041	240
0.108108970088692	0.627087681573805	240
-0.115464808432366	0.26868225131915	240
0.084378077354512	0.389736381464959	240
0.089542312215686	0.516409325582282	7
0.039221085655761	0.51098759801805	240
0.100202758177344	0.519347988679429	240
0.121143162438166	0.500003599087774	20
-0.094223613218268	0.264520021420756	186
-0.052132775194719	0.272821435229762	20
-0.056148585627182	0.270662535195078	169
0.089855298074459	0.390008269599917	169
-0.053213225199357	0.254872504059247	2711
-0.054988363181066	0.274148262575866	169
0.043297662076622	0.267396056804474	169
-0.00543253148162998	0.277819116337573	37
-0.032916639677762	0.170355386811782	37
0.118029646606178	0.195815538712146	183
-0.114376760208679	0.153599125754677	37
0.11962621063934	0.201522244647387	1073
-0.082672195663154	0.652393490789139	152
-0.01867635855914	0.502982299256421	152
-0.014313383265127	0.709912170014474	152
-0.065944764153308	0.661971403490209	70
0.022774021858202	0.686035576353102	70
0.095833998390168	0.513104994244161	70
-0.044435264888037	0.556097683472407	70
0.016451881679924	0.667067954885626	1677
-0.088460445653454	0.565968132980698	118
-0.124957622963553	0.483474481972087	70
0.012089129030631	0.761799186733056	118
0.042480780599275	0.684289536360093	118
0.122371553971589	0.824437604161379	118
0.121992794704037	0.494411581878764	118
-0.086364360164976	0.269624038177317	548
-0.11600562727641	0.272848358240972	548
-0.03596214239506	0.394355498146497	719
0.118849939816202	0.201943652777816	8
0.079632179456382	0.700686314687578	2441
0.092862032516121	0.378784344599634	13
0.090420279212971	0.510750330907367	1
-0.095036421443689	0.39816788429109	1
-0.032730611264832	0.506789178632773	1
-0.081814372410355	0.387556265991499	1
-0.016554505218235	0.265529538413223	1
-0.11996164951205	0.263521734014679	240
0.093799664604021	0.408651534043389	240
-0.035025171919381	0.166360775637245	186
0.118892862835363	0.192614416933485	186
0.041674814757293	0.268200920903034	186
-0.032856116933696	0.172207431346016	183
-0.115762797028114	0.155635275207725	595
-0.105745639285361	0.61337215432059	70
0.046520259358968	0.266895219151627	152
0.0128422645292809	0.40320934686501	152
0.122845325025347	1.04243778682128	70
0.0932712590058939	0.837039884641689	1677
-0.124051806821269	0.471487562669635	1677
-0.121977727500063	0.490917538076778	70
-0.026234273477993	0.6210978945158	118
-0.061116245518052	0.617366883226839	118
0.056709970871841	0.829829758541025	118
0.108924242958147	0.864698525093171	118
-0.057851284508426	0.26594899826984	548
0.034935948693989	0.613690124316152	8
0.112189380678953	0.634129810364217	8
0.114428036976078	0.193840908662857	8
0.118849939816202	0.201943652777816	779
0.087222850832112	0.798522869950952	2441
-0.014676824468295	0.384356369398898	1
0.00984805234307395	0.604930099489204	1
0.100369983641375	0.590865618337916	1
-0.01470899561502	0.383790960661415	1
-0.104554628325794	0.372745512581494	1
-0.00870805384400902	0.501252544706094	1
-0.118540389320653	0.395910486756721	1
0.033486248454242	0.584844170483559	1
-0.061961435803609	0.460922731386244	1
0.100406453950929	0.615445353292579	240
-0.031632125554154	0.16677308256425	240
-0.015251797294461	0.493460257933328	240
-0.113432903695799	0.267786993684472	20
-0.03361802040995	0.171492856136262	186
0.091472024838147	0.408067206497288	169
0.118849939816202	0.201943652777816	169
-0.119294974588462	0.153683990110454	186
0.121255761839474	0.19539411213957	186
-0.113554765781125	0.155758177675018	186
-0.115112789123507	0.152270253467486	186
-0.030110933399118	0.171638071817207	640
0.118073101920439	0.196825091913243	37
-0.111746834280049	0.149161995811956	152
0.066980289048595	0.935726206379175	70
0.030259941805013	0.839794148562267	1677
-0.098921256287424	0.48080035684629	118
-0.037174280261317	0.57190612359744	118
-0.012715168354719	0.587047696242656	118
-0.032120226104676	0.634551798035295	118
-0.059424171837239	0.49307718956937	118
-0.00777478878683802	0.274540641157636	118
0.116021654091365	0.189305335015527	13
0.063456120878436	0.616674899529042	1
-0.037857797867314	0.388700675247859	1
-0.08834524825103	0.270370182540286	1
0.00672861358802102	0.387839735069502	1
0.123207783757	0.605579071255649	1
-0.07491215357502	0.396973760764282	1
-0.018614727481873	0.496680029455854	1
-0.095414866053873	0.401743945968126	1
-0.026907698990014	0.491499603715661	1
0.052862801687898	0.286874156005202	1
-0.02562568850277	0.501685831361587	1
-0.087931781010645	0.39465112615852	1
-0.031039001288668	0.493741325126766	240
-0.110075456734471	0.270116479517515	240
0.00702501500463904	0.390701878979791	240
0.0510783113990519	0.284481454747466	240
-0.116412951587723	0.156012044058552	240
0.094568215527271	0.513514243292222	240
0.086584856608722	0.515168417022917	240
0.059896610122845	0.509856947671675	240
-0.119294974588462	0.153683990110454	240
0.088913496593653	0.410401433302014	20
-0.060682815723071	0.267307631297192	186
-0.111073154367858	0.158761217583667	186
-0.113144492723408	0.266255257286799	186
-0.111162358829902	0.159147929071506	169
-0.111162358829902	0.159147929071506	169
-0.113192050197018	0.15715065480167	186
0.121299130100455	0.19765529034279	186
0.118849939816202	0.201943652777816	186
0.122119007457639	0.193431074679263	186
-0.036249052551778	0.16463764089159	37
0.11962621063934	0.201522244647387	640
0.104178450098776	0.610385169937294	152
-0.091395041453289	0.266502149927846	152
0.014756188368969	0.591921294625813	152
0.093799664604021	0.408651534043389	152
0.081285738642046	0.675607514130907	152
0.046333436920181	0.955417324941952	70
-0.098911295066378	0.557580607617815	70
0.0173868085860091	0.828742177483965	70
-0.110026696784962	0.474925457280203	70
-0.067644612995144	0.470838141924189	70
-0.065379333187211	0.575506678711606	1677
-0.088349305716062	0.562657627124744	118
-0.108107206212947	0.483568049385252	118
-0.011989514359787	0.640944791581917	118
-0.064949867280685	0.538771648486184	118
0.115112992114742	0.847512360632717	118
-0.056578186802808	0.650669910914832	118
-0.0705701298291	0.535069613882242	719
-0.117915729620113	0.152906320776562	1
0.044682245810314	0.38136493825761	1
-0.082867777768762	0.394137204413505	1
-0.00578881802817999	0.502245469466344	1
0.084616127494184	0.487999767831289	1
-0.10012040262728	0.392662201127081	1
-0.124764911736761	0.246510824841874	1
0.012565576105946	0.377728407131655	1
-0.053754045141505	0.479137658205738	1
-0.094746078156783	0.261841093757035	1
-0.095613425793665	0.401047779576527	1
-0.101412446223295	0.397804601017943	1
0.00491175206924999	0.495668683746321	1
0.030544825432078	0.638871969061811	240
-0.042274872839781	0.48015120189959	240
-0.041317494578869	0.476807423819598	240
0.024205345967562	0.487259919444729	240
0.092925597066111	0.412759286175583	240
0.017547933944751	0.394477927189916	186
-0.12002908408002	0.153647288650886	186
-0.018689100568478	0.25762651354476	186
-0.112544903499217	0.158631103032102	186
0.044563155887719	0.275336062722399	186
0.118029646606178	0.195815538712146	186
0.118805831150545	0.195440497449165	186
-0.033558405016549	0.171307702237758	37
-0.038528773908626	0.167402222187446	37
-0.11165656348475	0.151862214471532	37
0.11962621063934	0.201522244647387	37
0.016388402353996	0.827696582923956	152
0.029607921833458	0.501194711412331	152
-0.092255224084487	0.263918839200277	152
0.084654490426883	0.390065394863019	152
-0.095150306811316	0.400825171956036	152
-0.077115937012399	0.266374452031266	152
-0.089364818391014	0.487263916272075	152
-0.03381049853938	0.73599415742803	70
-0.00757689400005301	0.268767248480872	1677
0.08696686345418	0.837116362237006	1677
-0.067548753285151	0.494762787339457	118
0.01734727897039	0.716479432134672	118
0.118029646606178	0.195815538712146	8
-0.032155294870618	0.171057763952974	1
-0.028606032231614	0.168487760111406	1
-0.088276513431087	0.472058506752712	1
-0.012212201491025	0.501974357608736	1
0.124957231197567	0.471679494854221	1
-0.114227437005037	0.398573672650967	1
-0.111808672083322	0.159552284481566	1
-0.047664801515822	0.386817786233113	1
0.086622165561888	0.39693079035884	62
0.097145886485104	0.719927607219714	1
-0.035025171919381	0.166360775637245	1
-0.034085232258691	0.165928855360736	1
-0.061809267153256	0.396840023407018	1
0.12211494896547	0.521434177440553	1
0.0690583124262551	0.509820572181494	240
0.03723834424525	0.506665803210965	240
-0.050973646120477	0.268793133300965	240
0.045289535382581	0.404692983201748	240
0.050768500519374	0.400769594315359	20
0.122119007457639	0.193431074679263	186
0.050148283132671	0.288176659673767	186
-0.057768719451212	0.26405632666298	186
-0.055849757083103	0.272876938111161	186
-0.12228475165285	0.145602587170549	186
-0.063733027637613	0.256571481026939	186
-0.119657044120698	0.262414617767415	186
-0.122148209704269	0.145197177576114	186
0.11962621063934	0.201522244647387	186
0.05535256020346	0.284581315960281	186
-0.114788725021001	0.155472224241984	37
-0.095529348157273	1.76994912896197	70
-0.102454943511717	0.721655300082751	152
-0.033358502049343	0.653401780270708	152
0.051456684381988	0.499207823818202	152
0.11346741420307	1.08399864505763	152
-0.110153034602306	0.257357270869422	152
0.049223076338509	0.889659752078126	70
0.06456791594303	1.08543265334549	70
-0.042853793305938	0.555874694547694	70
-0.094087225814001	0.555550904224791	70
-0.0505397407252	0.577251668890909	1677
0.107957162637602	1.00296175005498	1677
0.0116747189131881	0.578131637401141	118
0.105507610213163	0.963787098491674	118
0.00556727957954495	0.491088433281135	482
-0.114938850937462	0.157459754092218	1
0.113656498860624	0.194210317184637	1
0.122883144273039	0.514475096628716	1
-0.038518323138799	0.164739851096166	1
-0.108944626250329	0.270868908897089	1
-0.095611434263978	0.377438374487743	62
-0.015331624444436	0.398453903041241	62
0.050148283132671	0.288176659673767	62
0.043848022219933	0.380225806871266	62
0.015101470313805	0.389883750842833	1
-0.018320006268022	0.268262710193445	1
0.040157529777154	0.495680291997358	240
-0.046884012048881	0.390116927618847	240
-0.036492557673252	0.389551853659832	240
-0.095362218425098	0.257348459083065	20
0.11962621063934	0.201522244647387	186
-0.036249052551778	0.16463764089159	20
0.08942223470135	0.519403803130067	186
0.051505313415077	0.289999457158964	186
-0.033558405016549	0.171307702237758	186
-0.084948567261713	0.270882048628967	186
-0.115587776326825	0.155989874143806	186
0.119669786755726	0.197421523304085	186
-0.034073825027202	0.168545023486603	186
-0.032373991708099	0.163345963881305	186
0.044226799758739	0.2784786388354	186
-0.032216730818074	0.16619752731661	186
0.118073101920439	0.196825091913243	186
-0.112455127725174	0.158055588629721	1848
-0.032916639677762	0.170355386811782	37
0.118805831150545	0.195440497449165	501
0.039477232961037	1.36772350674375	152
0.026016901331357	1.16370196618045	152
0.00381278999456303	0.678075010014796	152
-0.059823705639545	0.476491923307732	152
0.00804164222915304	0.504963058186542	152
-0.087910913655826	0.48526993487592	70
-0.086914367574935	0.378504196816485	70
-0.040891346585158	0.558928552388888	1677
-0.0608487179199	0.559849742754059	1677
0.091631172678324	0.701879726840978	70
0.074346103230007	0.707348013878105	118
0.061448944008055	0.769958686134218	118
-0.033284796912625	0.504037765323719	118
-0.112650000450818	0.399603079482327	482
0.065431077346308	0.616971789037339	482
-0.010709494406077	0.388017121246107	482
-0.090394537730441	0.467569510381845	41
-0.116253846256186	0.1553309012695	41
-0.124104380637659	0.275329333799587	1
-0.069552590799979	0.377521433791463	1
-0.068361503321708	0.386811692128048	1
-0.072288159143708	0.386979813484273	1
-0.124050857878252	0.367116609035294	1
0.00780294984922503	0.51182663475676	1
-0.032095087306349	0.374921004616333	1
-0.013867112937847	0.371467725941933	1
0.050773544667027	0.387515399533911	1
-0.052045963154872	0.37297983568618	1
-0.072963115767102	0.383066101384241	1
0.0536598420294651	0.273373100433396	1
-0.10723471150973	0.36971656088091	240
0.067433083594382	0.517280431813956	240
-0.08802527322554	0.275494621840939	20
0.014482018689174	0.39290699587556	20
-0.030125206900971	0.172372103841324	186
-0.089963994703405	0.256690325056744	186
0.055778356717	0.275736103855128	186
-0.017730110253276	0.269024840832112	186
0.0462976944101921	0.280280242490032	186
-0.033558405016549	0.171307702237758	186
0.114428036976078	0.193840908662857	186
-0.026423045002469	0.167111991186575	186
-0.034073825027202	0.168545023486603	186
-0.028606032231614	0.168487760111406	37
-0.032155294870618	0.171057763952974	37
-0.030125206900971	0.172372103841324	37
-0.00352892625241702	1.03762477537202	152
0.041043156319631	0.88209018354522	152
-0.083365032007587	0.390291684820871	70
-0.085331192515809	0.389764088691158	1677
0.084066636978569	0.725946490525653	118
-0.109429262002012	0.575749037900133	118
-0.067768532985897	0.38638218354046	118
-0.095991340066384	0.400124119640357	118
-0.068681356067475	0.461238985972054	118
0.090686334967836	0.402562039226892	41
0.092759892065702	0.405165961073426	1
-0.016140873672104	0.493318152942323	1
0.042235377471095	0.476072868295591	1
0.04287109204815	0.499452398907178	62
-0.036283491990903	0.373446006291644	62
-0.107768202907315	0.389476583458956	1
-0.051020798914145	0.38267539823282	1
-0.04102894008742	0.387457590731156	204
-0.112671936825674	0.267373350544064	119
0.123100204468992	0.524603313498678	1
-0.037228596708822	0.378503499502976	119
-0.082900880674635	0.374982975441393	240
-0.060559976247986	0.37273382315392	240
-0.104696760001522	0.389387053976882	240
-0.111251039607997	0.154765629006571	7
0.111666589133656	0.607409240692417	20
0.049622479160768	0.271304776032746	20
-0.118002023628097	0.151376048698378	186
-0.055568369244163	0.273301150283359	186
0.116021654091365	0.189305335015527	186
-0.013440603869939	0.270984121684764	186
0.11962621063934	0.201522244647387	186
-0.114290070662285	0.157070938330489	186
0.120401910540674	0.196118981932544	186
0.115250614627185	0.194235280357882	186
0.044822612788454	0.272316332680211	186
0.114428036976078	0.193840908662857	186
-0.033324096302802	0.165915368940833	186
0.118029646606178	0.195815538712146	186
-0.117802041143272	0.15069443952305	37
0.120478806402945	0.191904998295314	501
0.120446143828703	0.197036537066415	501
0.05840299898854	1.39702630430822	70
0.048716894456148	0.505711029716138	152
0.063746301746946	0.517562587669516	152
-0.065836989447188	0.796670764265435	152
0.033680145044019	0.500424652022835	152
0.00168327513242805	0.495531787547865	152
-0.086059554054238	0.271997136097644	152
-0.043248604690567	0.157885432528759	152
0.023905619983596	0.500618237822757	70
0.067349853968529	1.01520383396702	70
0.119715863871429	0.802089154796074	1677
-0.056672913426288	0.613534640839469	70
0.106194261747792	0.877053645092446	118
-0.101501374108319	0.536595734972064	118
0.021460598962482	0.808104842026168	118
0.1151907362633	1.02453828915924	118
0.0667446975031431	0.52361083027986	118
-0.091928461709087	0.26904263511401	118
-0.058506242830267	0.564031738290916	41
0.045584509364671	0.259242117893907	41
0.108491929798639	0.180558445957943	1
-0.029631594977072	0.159119555175971	1
0.06892187012542	0.775967593611574	1
0.064797956875393	0.497052801680802	1
-0.103884422853761	0.483052463295316	1
-0.03583602962322	0.488113723811752	1
-0.038528773908626	0.167402222187446	204
0.047986519237048	0.47349837649968	1
0.037289108265145	0.665764112557244	240
-0.03965193860072	0.389626990659616	240
0.118519675378299	0.736435833322793	240
0.0332737558944169	0.359099308823126	240
-0.054490565329555	0.254186899975967	240
0.093647589806574	0.52712237156526	240
-0.057687617961457	0.386814768577945	240
0.043006131267638	0.503415849995721	240
-0.04043665106026	0.381046997814107	20
-0.037087557334009	0.38540403242844	20
0.118849939816202	0.201943652777816	186
0.122852637035919	0.197576085447396	186
-0.091360600855221	0.258186937453778	186
0.044644636398404	0.26701492009109	186
-0.03361802040995	0.171492856136262	186
0.117252894763946	0.19109165365643	186
-0.034320866617167	0.170598864403623	186
-0.09508154059855	0.25148730554929	186
-0.032856116933696	0.172207431346016	186
-0.032916639677762	0.170355386811782	186
-0.034320866617167	0.170598864403623	37
-0.114274562455912	0.26577004559554	152
-0.066374240875376	0.368746557587979	152
0.12034626161415	0.882964179438841	152
0.057071699889904	0.273607088618404	152
0.079670290485104	0.615016288938507	70
0.014499803345424	0.8377482008028	70
0.039768262735464	0.591062611899607	70
0.0247084472753401	0.648114159686556	70
-0.111687927662248	0.460132799063565	118
-0.059105654091947	0.575148003706453	118
-0.034181262091787	0.570639498034196	118
0.00298299698040105	0.593530163580643	118
-0.064791421552091	0.664308155820208	118
-0.093895518565552	0.25488519228337	118
-0.035025171919381	0.166360775637245	41
0.120446143828703	0.197036537066415	1
-0.014029590385445	0.267016730293596	65
-0.011673481219539	0.278345529125861	1
-0.042209091382249	0.485433354809279	1
0.10379898697609	0.603780526843435	1
0.034060348896107	0.473897347944914	1
0.118073101920439	0.196825091913243	1
-0.06601531586352	0.468899787795376	240
0.024816092919891	0.513300191016429	240
-0.037526734235746	0.389442781768246	240
0.000840697040993987	0.505182088976736	240
0.093784805828716	0.56653356619818	240
0.015068758062889	0.393552599818683	240
-0.121499437534281	0.148500823013385	240
-0.010699162996916	0.279064658335025	240
-0.098352014728981	0.396480011562571	240
-0.09619075097462	0.256338452743794	20
-0.031898207356406	0.161108405311014	186
0.11962621063934	0.201522244647387	186
0.057071699889904	0.273607088618404	186
-0.111746834280049	0.149161995811956	186
-0.034380182800948	0.16655992563091	186
-0.039568826270302	0.156123661691494	186
-0.033558405016549	0.171307702237758	186
-0.017346198559095	0.267921532547231	37
-0.037011107457509	0.165642997229716	37
0.023781616702294	1.48051282284089	579
-0.084608673643701	0.467674532664593	579
-0.042506918441433	0.785463338981948	70
0.046059320713621	0.391418868269045	152
0.01120811259845	0.390476587623407	70
0.04401167741342	0.671569095843464	70
-0.06389929875825	0.475587952511935	118
-0.099215986358695	0.369123083042796	118
0.054693791899964	0.694300578469817	118
0.02207397164973	0.74730459727832	118
0.099984414572769	0.512517327647603	118
-0.00555895742274099	0.374582106546818	41
0.119669786755726	0.197421523304085	1
0.11817295624151	0.81492006560927	65
0.010624142895309	0.399321824346766	1
-0.116920034176548	0.397118960324292	1
0.00250365692409904	0.496815896478666	62
-0.115762797028114	0.155635275207725	62
0.122076172115503	0.201430407091027	204
0.122076172115503	0.201430407091027	119
-0.112235254465026	0.382595178154961	119
0.112137362307029	0.623051194053945	119
-0.105462867532224	0.385580517547143	240
-0.046288404163711	0.384699893118033	240
0.08430613481397	0.502589321697329	240
0.017889183697145	0.484040598743338	240
0.020600495665157	0.492823823621747	240
0.046117471999637	0.283159408267007	240
-0.08873004596554	0.396526449126852	240
0.122076172115503	0.201430407091027	186
0.043858066641223	0.383069169461427	186
-0.110053705774996	0.150589670792874	186
-0.060280969371069	0.257517840167998	186
-0.030878559284433	0.171666856078845	467
0.119669786755726	0.197421523304085	186
0.119581444547106	0.1904746302505	186
0.118073101920439	0.196825091913243	186
0.122076172115503	0.201430407091027	186
0.088237670396814	0.390308555344416	186
-0.033678242586139	0.165521982592106	186
-0.00835696317162499	0.279024094513188	186
-0.106652116236444	0.151433223447889	186
-0.054177782554029	0.274936078132297	186
0.071273535619075	1.94677760333314	579
0.114085049026832	2.05356105840129	579
0.114478934773532	1.59154271068161	579
0.076977529666496	1.03162284124295	70
-0.08802527322554	0.275494621840939	152
-0.058661639557585	0.264632514877464	152
0.01041194458967	0.989321064921366	70
-0.048578299927342	0.844455552701977	152
0.0419607120307211	0.396780839550754	152
0.095997947733947	0.404013558887748	70
0.048129997038174	0.755014473609174	70
-0.027144849254972	0.483906233639443	70
0.057962651455542	0.775833793217958	70
-0.12075956227079	0.480360840345416	118
-0.036569197474844	0.550975565559195	118
-0.056312269571358	0.387287098749887	118
0.056679833555604	0.774559031471343	118
-0.017538462176392	0.270488871711001	118
-0.112455127725174	0.158055588629721	118
-0.012991062294934	0.389684996890374	118
0.05089127920317	0.693236430277861	41
0.118892862835363	0.192614416933485	1
-0.054208999447409	0.58463656807472	65
0.071472673685524	0.68151692545072	65
-0.00260548506299402	0.488237243562414	1
0.039760331520061	0.385263815366092	1
0.087108583411951	0.696711700327208	1
-0.035788451640569	0.16178842853178	204
0.088928676882717	0.706935089513931	1
0.102088326179279	0.62424152597332	1
-0.081838294693367	0.494232615057851	119
0.091748496896469	0.717869309881437	240
-0.05479383219461	0.379305957457669	240
-0.032856116933696	0.172207431346016	240
0.05323174462662	0.281306713828379	240
-0.059168375863334	0.372503137752852	240
-0.019395228066607	0.372025982461536	240
-0.070293879027642	0.363897473767698	240
0.047117549212824	0.267523821849338	285
0.00899088625757405	0.382093764343425	285
-0.084380700649976	0.272519054369514	186
0.050315288243872	0.285510786453152	186
0.122076172115503	0.201430407091027	186
-0.109693422857567	0.154997990609222	186
-0.024909846175796	0.161501004774645	186
0.039607501912617	0.264694093851365	186
-0.014411029090974	0.269858058413679	243
-0.113671480892699	0.147954662279433	243
0.123672687720165	0.193374580198933	309
-0.032977773697622	0.161684643717505	309
-0.061687353688093	0.780441492473979	70
0.069462141032937	1.28591957475041	152
0.120157258071349	0.498180786954966	70
-0.011035083180819	0.648578677774124	70
-0.032156033354174	0.699885078231232	70
0.0721935716087731	0.860443022678875	118
0.0228448399103069	0.604865667785398	118
-0.015793568510093	0.570795052986365	118
0.042713179433849	0.686490042517786	118
0.121299130100455	0.19765529034279	118
-0.03361802040995	0.171492856136262	41
0.121299130100455	0.19765529034279	41
0.123672687720165	0.193374580198933	41
0.035267747953908	0.360846587686703	65
0.081287286175732	0.792771295140482	1
0.074847113563961	0.710217239175397	1
0.116563236000038	0.788804332138841	1
0.050910415568628	0.289164757680891	62
-0.033499393925271	0.163455590078674	204
-0.090433075047549	0.387697595992158	1
-0.093085774115712	0.26442136528396	1
-0.06139663624294	0.493873145788677	119
-0.080696939170917	0.379309641602492	285
-0.056625455703284	0.377974808654099	285
-0.012851841819808	0.272777920415663	186
-0.012067374364583	0.27335953325471	186
-0.058550308813535	0.249249519056243	186
0.05303191219988	0.28556849720049	186
-0.053062475066918	0.266543834312365	186
-0.118734744803285	0.151333107084063	186
0.11962621063934	0.201522244647387	37
0.118073101920439	0.196825091913243	309
-0.115149168416977	0.538658544682592	152
-0.086738099879263	0.573764249144078	152
-0.048407089818424	0.952131253538371	152
0.085237427360239	0.61545404590264	152
-0.064947295924786	0.727673394268314	118
-0.116285468591816	0.469282675450011	118
0.09422577788499	0.861666525300105	118
0.079869066274799	0.866893849039929	118
-0.085782785823811	0.376628302413612	118
-0.121499437534281	0.148500823013385	41
-0.035025171919381	0.166360775637245	41
-0.112478550515057	0.146451445863949	41
-0.097893092975415	0.396466615825611	65
-0.052553294793946	0.478669095708734	1
-0.109490576310223	0.39003081795455	1
0.012846194049838	0.393265992461963	1
-0.034320866617167	0.170598864403623	204
-0.107167800232362	0.38115256130239	204
0.017068955919411	0.596188843012195	119
-0.032071876962533	0.556835189304512	1
0.033894896574452	0.610645970301955	1
-0.041743589292427	0.458316100814627	1
-0.097888023319174	0.396269887250133	240
-0.082669653003117	0.366665355679995	240
-0.053497586812379	0.380693847654355	119
-0.058257740457509	0.386191851052758	119
-0.011502308481209	0.273021578156572	240
0.038275302198066	0.507034994000858	20
0.097369617246191	0.498739384963213	285
-0.037764608719315	0.168297810515123	186
0.015026970449424	0.387018763907696	186
0.091837052316141	0.403631753733009	186
-0.013822378944763	0.269655687511049	467
-0.107203957378342	0.152336375953019	242
-0.032856116933696	0.172207431346016	242
0.118029646606178	0.195815538712146	37
-0.115026082108518	0.157042157240657	309
-0.103422884287798	0.848816138192965	152
-0.019441891430329	0.859597284486124	152
-0.120296078985573	0.523013246311953	152
-0.049869596662161	0.495227767293692	220
0.079434002429811	0.610013331902183	70
0.089499758471863	0.69677774910018	70
-0.013123750829585	0.506215064056214	70
0.067145637745846	0.781342879366355	118
-0.0819072255897	0.387034294637188	118
0.058616396732273	0.507369950741374	118
0.049841056731877	0.401167043539365	118
-0.036354273941378	0.649438976245548	118
0.106430831244388	0.705439079662093	118
-0.051617922838569	0.379456054630442	41
0.043034482871971	0.277015458410403	41
-0.083759065882005	0.371904756755691	521
0.115422901056026	0.885894163291673	65
0.010684811874266	0.660083324669479	1
-0.014642365462301	0.584605184966687	1
0.090947109487161	0.48753101081206	1
0.00676533091560505	0.364911438423218	1
0.040983692026394	0.678669883116604	204
0.014227695098492	0.400399102704761	119
-0.082161868703273	0.271677371173369	255
0.117517712189591	0.50114726499814	119
0.0952323960068751	0.407574088117949	240
-0.059448395971183	0.273235232370105	285
0.00953812198332604	0.385306202218703	186
0.0488341149000811	0.394466151615983	186
-0.115675549873541	0.157431951292729	186
0.041657103348075	0.396748887611242	186
0.119669786755726	0.197421523304085	2297
-0.031394207996038	0.167251262805583	37
-0.111162358829902	0.159147929071506	309
0.122119007457639	0.193431074679263	309
0.117252894763946	0.19109165365643	309
-0.117916955703676	0.861505838840158	70
-0.111832385335466	0.649552018437336	70
-0.113398089762777	0.712578461582246	70
-0.119197285075448	0.698212627285341	152
0.039064027983609	0.842783820343127	152
-0.049209197235592	0.394959618821113	220
-0.10373773116606	0.37825861624609	220
0.076093353388053	0.588568182828333	70
-0.070053843875324	0.39121316743217	220
0.0488341149000811	0.394466151615983	220
0.010107375559293	0.374422601943746	70
0.123418904697334	0.62612972365641	70
-0.057180998465024	0.388010702015733	118
-0.036914441495995	0.366586466635581	118
-0.038650583801482	0.640797573909434	118
-0.039733359784624	0.567433885524914	118
-0.073173813616136	0.578153671023544	118
-0.085110386010446	0.394975912110551	41
-0.00418515568108502	0.565050395029738	41
-0.018842235958553	0.496024589456814	41
-0.06250614451941	0.26200140613086	41
0.123694414461218	0.498033047933086	1
0.088584239755149	0.392599977950413	1
-0.054138672977736	0.501967578155706	1
0.048248213218461	0.28078085383022	1
-0.060256700754098	0.567015972614485	1
-0.110053705774996	0.150589670792874	1
-0.080291969144226	0.390728322203908	204
-0.107388747064554	0.392642972083786	204
-0.110961479527032	0.276105152703197	2381
-0.049932202350648	0.273699836592447	2381
0.090220992601751	0.397469288040423	119
-0.041620859201267	0.373136025982862	119
-0.089182212864321	0.259878068275603	119
0.092991145479454	0.408872284963081	255
-0.00543253148162998	0.277819116337573	255
-0.013043202183753	0.271861361901778	240
-0.00991914856356302	0.280834980390778	20
0.055521940910209	0.281364443778205	20
-0.00842314429271501	0.369914988312922	285
-0.086797309693129	0.369975789762827	285
0.04765348467444	0.282727462429351	1651
0.094158688506606	0.398425618789086	1651
0.092596798824643	0.393364608209892	1651
-0.040792674062078	0.380185820464408	1651
-0.111718918252717	0.157288275267166	186
0.094849070745366	0.40885411852274	186
-0.116898596868014	0.15484281839632	315
0.118029646606178	0.195815538712146	186
-0.032856116933696	0.172207431346016	186
0.11962621063934	0.201522244647387	687
0.073963464876936	2.11478794514649	70
-0.058415762994525	1.20321583083893	152
0.079288555350537	1.40587648190585	70
-0.024694819270709	0.579964997989873	220
0.0256892544228829	0.598692035717479	70
-0.010803352000976	0.582615788660596	70
-0.017501050330032	0.491197202787082	118
-0.033093103662286	0.502976101344314	118
0.023578921399684	0.514105504292774	118
-0.025365541527675	0.637675983355593	118
-0.070726130766982	0.344172946395138	118
-0.013679114548915	0.50377598056266	118
-0.07979278335177	0.549906768165188	41
-0.10618451194094	0.257024993657921	41
0.0614010188149871	0.708610381967896	1
-0.07395637551873	0.380723448963434	1
0.064633510882819	0.678808315021489	1
-0.073283053311816	0.384773707367712	1
-0.023514127105168	0.379824161584493	204
-0.062496222603967	0.374972178152315	204
0.0562157032466301	0.671009253254516	204
-0.01240622139906	0.729684314889457	204
-0.086560807329597	0.382729910374903	2381
0.018137302069276	0.486120204887772	255
-0.0955090435606	0.386462130137876	255
-0.01589627728713	0.389262068111484	255
0.045539915112242	0.395082521361568	255
-0.03062169626287	0.382775933915396	255
0.081254190075672	0.376666101156847	255
-0.110396305475129	0.272140979200504	1651
-0.011673481219539	0.278345529125861	186
-0.112455127725174	0.158055588629721	186
-0.039195085913668	0.379121370283956	186
-0.116412951587723	0.156012044058552	385
0.049221583085708	0.27787453297389	2297
0.091775497277947	0.410407531029763	307
0.014663396132549	1.38255309697032	152
-0.049125610184336	0.492431257168196	152
-0.03872444507738	0.648279568363489	152
-0.048910957969947	1.06372423156576	152
-0.108769488577321	1.24385035782528	152
-0.00136451862513898	1.61388498551497	152
-0.103095897023905	0.264334179265223	220
-0.112663647392981	0.378426064885007	70
-0.00373029002566	0.262999473088389	118
-0.024769578056553	0.490768976694931	118
0.081055235599992	0.604214896845703	41
-0.04415194007355	0.923046178162377	41
0.057033511507963	0.979996734110825	65
0.0135345020279311	0.842420106822411	65
-0.017129792795948	0.388935063932445	1
-0.121649914500329	0.254824340375465	1
-0.066073064859196	0.650393152002202	1
-0.082593908779552	0.555382006105021	62
0.0996354842934311	0.87748143692074	62
-0.121942453433052	0.566983756649897	204
-0.115520923498325	0.156222393433486	119
0.0436307565102459	0.279373153766967	119
-0.103785169703251	0.474164926914582	119
-0.037001754417234	0.167235364284125	6
-0.038528773908626	0.167402222187446	255
-0.115026082108518	0.157042157240657	255
-0.11856158074139	0.15242864646868	255
-0.038055083396802	0.159248347374126	20
0.0837564853759441	0.384427575785703	285
-0.114938850937462	0.157459754092218	285
-0.040201443380855	0.474628721171014	186
0.122852637035919	0.197576085447396	186
0.116104710720957	0.190331442459283	186
-0.095311677284667	0.389060135790409	186
-0.109317262679222	0.153481859029311	186
0.085363399970954	0.621712451485355	385
0.11962621063934	0.201522244647387	72
-0.027616354658642	0.487875285987562	307
0.048891735623833	0.61628892709827	307
0.116800022087683	0.62277858296299	307
0.088913496593653	0.410401433302014	37
-0.00833226928401998	1.93924903777272	152
-0.072446180353937	1.37799117624971	152
-0.050094835282774	1.29791315673915	152
-0.097780741170706	1.04066424483977	152
0.103706834837882	0.785200229742359	152
-0.062870575765799	0.803712157879247	70
-0.103528725173106	0.474246476449849	220
0.047913823369903	0.70146768757496	220
-0.015350190147714	0.495001323885006	220
-0.106578108052332	0.381840311810561	118
-0.11357734944814	0.496135128917417	118
-0.061381382981684	0.713135656177694	118
-0.07587240477072	0.545933909123203	118
0.0864958154382251	0.50107399857432	41
-0.112372800939944	0.386421955378756	65
0.0839311634976711	0.695585473405614	1
0.011712167862541	0.552707181366857	1
-0.095014474966367	0.521710610191543	1
-0.038676498173212	0.380254469903068	1
0.123305793108222	0.493039709834277	1
-0.034477687449439	0.385700485715916	119
0.064193035643961	0.492955375548236	119
-0.069373113582196	0.382687867170869	6
-0.014800689223169	0.397330612196009	255
0.071628880412804	0.505685702969057	255
-0.084119698942108	0.270186507811677	255
-0.057539392762761	0.263719082704068	240
-0.055337834358241	0.271437316962563	240
-0.049284716734308	0.267101688466611	20
0.122007579933072	0.488894678633195	186
-0.05928885242221	0.265862939178345	186
-0.030878559284433	0.171666856078845	385
-0.030110933399118	0.171638071817207	72
-0.11706325284305	0.154565319237915	242
0.082967820091747	2.034849318043	152
-0.092260735424502	1.54170457456877	152
0.0645088948117411	1.95481926065295	152
0.037630145197883	0.731841877172213	220
0.0415774969269051	0.582612281263946	220
-0.102979302594074	0.48753547556615	70
0.0638290122251	0.684571533159054	70
-0.105045828298633	0.399244475599342	118
0.066763900102696	0.609185251297762	118
-0.010035093930026	0.501756497868168	118
-0.123712330770549	0.642538388573433	118
-0.115609235503138	0.152505550441702	41
-0.061692003582809	0.264299429454594	65
0.055071520447274	0.589995647463335	457
-0.116898596868014	0.15484281839632	62
-0.091992957348687	0.263118147808208	204
-0.054757703341175	0.274086457303122	6
-0.068374674845375	0.397643035381383	255
-0.094725340682001	0.390152631875113	255
-0.118002023628097	0.151376048698378	20
-0.012851841819808	0.272777920415663	20
0.0937997544374	0.488897265715225	285
0.123332132085506	0.534209914916703	20
0.118029646606178	0.195815538712146	20
-0.115026082108518	0.157042157240657	186
-0.032916639677762	0.170355386811782	186
-0.030110933399118	0.171638071817207	186
0.119669786755726	0.197421523304085	385
-0.026438790444309	0.161210987572906	242
-0.053135002589528	0.271025418392845	309
0.053201754317304	0.277193094559067	309
-0.068863649539912	1.24106606711211	152
-0.044015532914567	1.45320713066506	152
-0.089494405083739	1.14917401474704	152
-0.118960182968008	1.25821936440845	152
0.097470478140801	1.36659627223357	152
-0.015570659319511	0.595074529478202	152
0.108063531802612	1.01354656640491	152
-0.069234367521181	0.386782065206579	70
-0.107274999112722	0.423487852058729	220
-0.03966951492398	0.382955196850385	118
-0.029337990856255	0.492964743114618	118
0.067433083594382	0.517280431813956	118
0.084329702214534	0.921534650102119	118
0.00887750292057199	0.64727233395509	118
0.034929779943793	0.688725305376958	118
-0.003807444587622	0.576640356494217	118
-0.073943501479296	0.368329116363891	41
-0.038528773908626	0.167402222187446	41
-0.115762797028114	0.155635275207725	65
-0.051544586587866	0.482393020854158	65
-0.021933327949166	0.628515870756192	1
-0.00809203518322499	0.492869003703808	1
0.01937297056126	0.480686011128975	457
-0.110396305475129	0.272140979200504	204
-0.00955929508516901	0.587128300557374	204
0.022344607973374	0.504241053175226	204
-0.059217141645652	0.27379705806469	6
-0.052946003154879	0.393162551380495	6
-0.020447616715132	0.387218363183519	255
-0.084119698942108	0.270186507811677	255
0.088584239755149	0.392599977950413	255
-0.01246728819791	0.26429360089633	20
0.00402159573883798	0.501606119484955	20
-0.067117844931269	0.239736769531702	186
0.044226799758739	0.2784786388354	20
0.046713750285846	0.28562682840498	186
0.048248213218461	0.28078085383022	385
-0.115026082108518	0.157042157240657	385
0.012878682265165	0.388514735898957	385
-0.120202325853982	0.146413280971148	37
0.0328358310063001	1.82603713391383	152
-0.114048084296318	1.05772814673965	152
-0.084680374592856	0.988544858538935	152
0.039493897051727	1.38061665713202	70
0.00223034963271496	1.21480558828751	70
-0.016304235110803	0.383286079099929	220
0.0464120532311481	0.39752652054215	220
-0.054177782554029	0.274936078132297	628
-0.013631796191739	0.272072282599384	116
-0.061146462514818	0.263258005814188	118
0.0440475811637771	0.271874506141682	118
0.046117471999637	0.283159408267007	118
0.091071560984545	0.515644554637971	118
-0.062817448934085	0.824759033975075	118
-0.076061980289361	0.520210398935606	118
-0.03864146664666	0.818026520667238	41
0.022904475258539	0.58705712955627	41
-0.013956389670169	0.397222038870069	65
-0.112455127725174	0.158055588629721	1
-0.015778471875132	0.264110052495623	65
-0.078501546474847	0.528597253368742	1
0.113656498860624	0.194210317184637	62
-0.054728877679752	0.559818097223173	62
-0.017381808294513	0.771169518846194	204
-0.124058468334621	0.254729232735095	204
-0.114851094282345	0.154698509416655	204
0.114478989136667	0.194606563884473	6
0.052268200899937	0.288918539812938	240
0.051320581876897	0.281439770567415	240
-0.032155294870618	0.171057763952974	186
-0.030110933399118	0.171638071817207	20
0.120446143828703	0.197036537066415	186
-0.097825245676446	0.251766672529434	186
0.05133130078524	0.400715348466133	186
-0.115587776326825	0.155989874143806	186
-0.033324096302802	0.165915368940833	186
0.118849939816202	0.201943652777816	242
0.122076172115503	0.201430407091027	242
0.11962621063934	0.201522244647387	242
-0.034380182800948	0.16655992563091	37
0.059430890701774	0.479624612825693	37
0.053930523015242	1.01857231547183	152
-0.099044604987169	1.50366815152547	152
-0.00144480260705598	1.60265553965404	152
0.05038632925103	0.278092166626914	70
0.046546378970418	0.281426652622572	118
0.124767987776055	0.271527428530511	118
-0.114290070662285	0.157070938330489	118
-0.028637215663338	0.199500861068787	118
-0.099292994934817	0.713384909206537	65
0.116400890269927	0.955707037082138	41
0.122289403844364	0.604880954403731	65
-0.115609235503138	0.152505550441702	1
-0.111251039607997	0.154765629006571	1
-0.038528773908626	0.167402222187446	1
-0.111808672083322	0.159552284481566	255
-0.119730897078814	0.145575903773235	119
-0.114938850937462	0.157459754092218	255
-0.119468179915834	0.150027275057161	255
0.00618156817215598	0.387891492341894	20
-0.031632125554154	0.16677308256425	240
0.122119007457639	0.193431074679263	240
-0.031898207356406	0.161108405311014	285
-0.038518323138799	0.164739851096166	285
0.086939369488221	0.381940043517486	186
-0.032856116933696	0.172207431346016	20
0.118849939816202	0.201943652777816	186
0.114478989136667	0.194606563884473	186
0.11692723352674	0.190712979024442	72
0.118849939816202	0.201943652777816	186
-0.032155294870618	0.171057763952974	186
0.120401910540674	0.196118981932544	242
0.026223186358372	2.41413848520182	152
0.035400855740224	2.47345521862196	152
0.056629161525973	1.35124211911793	152
-0.100620389880287	0.883643695609152	152
0.032285708210551	1.38656870903837	152
-0.118245056571011	0.265419862713106	220
0.118849939816202	0.201943652777816	70
-0.065551338521019	0.246654966223519	118
-0.116809169071659	0.152073626892936	118
-0.089977756467766	0.468112405175189	118
-0.029219320072636	0.704366663745969	118
0.016683074725441	0.754335101256452	118
0.045565398239795	0.398636582770109	118
-0.088670774733634	0.655301630744069	1
-0.017346198559095	0.267921532547231	1
0.00756591216439095	0.644990463468612	1
-0.027781280639896	0.361565510654966	1
0.091518968222254	0.518781142223621	1
0.0952323960068751	0.407574088117949	1
0.022280276698343	0.498621391691045	1
0.030185258503896	0.669766327418336	62
-0.000116221702376018	0.716465315097308	204
0.11962621063934	0.201522244647387	204
-0.073531160025015	0.462770977030549	6
0.118029646606178	0.195815538712146	20
0.042683703028346	0.270322649704352	20
0.118849939816202	0.201943652777816	186
-0.017332137709627	0.385725729731903	186
0.11962621063934	0.201522244647387	68
-0.015862715048123	0.3972286804081	186
0.121221930205857	0.191977994150092	90
0.121255761839474	0.19539411213957	187
0.0141778268831489	1.45701698738975	124
-0.084948567261713	0.270882048628967	70
-0.120115971307724	0.152766065486777	220
0.046132778096313	0.277397177359403	70
0.100325824405933	0.405198978196069	70
0.118892862835363	0.192614416933485	116
0.11962621063934	0.201522244647387	118
-0.013240156084869	0.280143344274786	118
-0.114912525826028	0.269558278983969	2293
-0.122370701610718	0.144970673757729	867
0.077065323442465	1.00627468492746	118
0.096145106569922	1.35530148935623	118
-0.123532613656797	0.481248468967028	118
-0.05782363632873	0.276542896331464	1
-0.034262152738267	0.167034861267776	65
0.118849939816202	0.201943652777816	1
0.122896136022272	0.196980514178802	1
-0.090563210249406	0.267364362268172	62
-0.091596824424434	0.618620947368677	62
-0.075497692721674	0.391180675780307	6
-0.068816088480253	0.346874987720817	6
0.11962621063934	0.201522244647387	20
0.04296668007824	0.502837446807621	20
0.123672687720165	0.193374580198933	20
0.118805831150545	0.195440497449165	240
0.118892862835363	0.192614416933485	285
-0.030863703134254	0.166760626514399	20
-0.124390604686552	0.144218294344232	186
0.119581444547106	0.1904746302505	186
0.120401910540674	0.196118981932544	187
0.01202852918137	1.59529643930485	152
-0.061890449809363	0.248129190937788	220
-0.114938850937462	0.157459754092218	628
0.122076172115503	0.201430407091027	70
-0.064735155333445	0.248687401883833	70
-0.120115971307724	0.152766065486777	116
0.017053016137321	0.589241997183024	118
-0.01110463272377	0.27390913996338	118
0.11692723352674	0.190712979024442	118
-0.013440603869939	0.270984121684764	118
-0.032856116933696	0.172207431346016	118
-0.113766572723295	0.27309790699588	118
0.048248213218461	0.28078085383022	118
0.119669786755726	0.197421523304085	118
-0.077388913026841	0.709808637972758	118
0.049007288364943	0.751974897734411	118
-0.074326163246492	0.38147693259399	65
0.012661021878608	0.598801426518215	1
0.07231091783911	0.516466526963352	1
-0.115026082108518	0.157042157240657	1
0.072290118433946	0.598274161986376	65
-0.040430520888348	0.66163875229032	1
0.049345970559774	0.27649463977704	1
0.120446143828703	0.197036537066415	1
0.017689971033125	0.594680157848604	6
-0.032856116933696	0.172207431346016	255
-0.116207672308824	0.37887003893387	20
-0.05840444478986	0.274605671745734	1425
0.115250614627185	0.194235280357882	20
-0.112634152415116	0.154572288198928	186
-0.103603819708183	0.262579626706988	68
-0.113140184722873	0.381279558185916	68
0.119581444547106	0.1904746302505	186
-0.034320866617167	0.170598864403623	186
-0.038465959860189	0.38984857475326	186
-0.034073825027202	0.168545023486603	186
0.122076172115503	0.201430407091027	186
-0.061110652791823	0.26258695702579	187
-0.032155294870618	0.171057763952974	187
-0.092389319104674	1.94352950799853	152
-0.066710726072757	1.96297991027607	152
-0.082481953247297	1.21280843649092	152
-0.079034013225902	0.462332591894079	70
-0.063317503376739	0.493402609524182	220
-0.038881958866644	0.387574663895026	628
-0.017929564257783	0.376572710211357	118
-0.019364227768325	0.372287365703856	2293
0.060944956561126	0.609148521447266	867
-0.015656285868983	0.807140067851086	118
0.00891430525746195	0.587898427139132	118
0.00907724287497103	0.720166294973375	118
-0.114268848571711	0.397553542653313	118
-0.050410662794411	0.652134609827603	1
-0.111073154367858	0.158761217583667	6
-0.123831633704237	0.143715880676292	6
-0.082984428931515	0.271889052657008	255
0.00872459770241896	0.373651051955828	255
0.099722153209175	0.40279153519634	255
-0.022669394757903	0.384063222159524	20
-0.01636001030464	0.266335120617893	20
-0.053366745809421	0.274189930337063	20
0.114478989136667	0.194606563884473	20
-0.023171360299935	0.242011583765126	186
-0.114938850937462	0.157459754092218	186
-0.010426702665363	0.384481859059973	37
0.047172413401683	0.387414342323969	187
-0.116341634173993	0.372674290210995	187
0.118849939816202	0.201943652777816	187
-0.001820795977235	2.43103186883636	152
-0.10740890616148	0.720964287860376	152
0.0899695536420591	0.800948893453571	628
0.043016286878606	0.616817919769685	628
-0.119010404417595	0.398501187446884	577
0.014251885409975	0.717081994434753	118
-0.053002883864218	0.390070889384091	65
-0.058313022279241	0.572899625815739	1
0.060200659626819	0.706474102257376	1
-0.068484069672663	0.4897420954188	1
-0.018330227432408	0.37061253920242	6
0.104323891332029	0.392181754488465	6
-0.115326899114391	0.388929331245638	6
0.01269613833468	0.50156966743022	6
-0.104870391436537	0.389058382516773	20
0.089611595737648	0.519625684371103	1425
0.013399828245549	0.385573636942314	20
-0.116325163543614	0.155957430958996	20
-0.03096533763657	0.387421707628782	186
-0.110427532079184	0.158366184621759	68
0.120401910540674	0.196118981932544	186
-0.045404066458997	0.264808073681575	186
-0.119294974588462	0.153683990110454	186
-0.115499475056484	0.150557253055145	186
0.0436307565102459	0.279373153766967	186
-0.016359010624301	0.269469668771349	186
0.121299130100455	0.19765529034279	187
0.121255761839474	0.19539411213957	187
-0.003694473778805	0.266999541236106	187
0.0428677305137281	0.277736292769951	187
-0.117540722522417	1.28129362354797	152
0.077415058190287	2.43265573174012	152
-0.062507921295366	0.563224127805011	220
-0.02941773640651	0.490619916856954	577
0.079219937750516	0.827582399071663	118
0.066409546443756	0.51124427164313	2425
-0.018320006268022	0.268262710193445	118
-0.062308062956871	0.265901618208402	65
-0.018918716505647	0.672778697365838	65
-0.087952721936435	0.559708632253043	1
-0.076242523555769	0.489913734100886	6
-0.061436735370735	0.479559340340799	6
0.001052376818095	0.469841192804952	20
-0.085085437376632	0.378766497358243	255
0.051673370860306	0.288091869950193	20
0.013481459176142	0.394264888487358	186
0.00341270424226503	0.377483579118508	186
-0.00584669860077602	0.272053470698829	186
-0.116325163543614	0.155957430958996	186
-0.091992957348687	0.263118147808208	186
-0.013046938880446	0.2793226805995	186
0.089277892341	0.38325386472001	174
0.120401910540674	0.196118981932544	716
-0.111808672083322	0.159552284481566	187
-0.031178727704373	0.915223865526675	152
-0.030679587905408	0.799646934327399	152
0.051897057682871	0.893860739006762	220
-0.087397409755008	0.634555618187408	220
-0.063262670757089	0.535954936449824	577
-0.029562229917129	0.48904873614454	2425
0.073256500424441	0.518821625347892	118
0.032159993311569	0.675206086349398	118
-0.042677204663714	0.485105919000067	118
-0.116987490147518	0.151775234168517	65
-0.018712394817007	0.876364938707491	65
0.111482970711741	0.711217648236411	65
-0.056360597348619	0.641973600809627	1
0.086995970747051	0.596676110902912	65
0.008912931835385	0.493284979435509	6
0.100201579360218	0.728022747074199	20
-0.030867729550883	0.471810488259267	20
-0.092710694796383	0.38137891907692	455
0.088021952095855	0.613057799329365	455
-0.119353176543274	0.256935811906894	455
-0.110710358045515	0.384818368212439	1425
-0.042478593392158	0.375121084844133	1425
-0.038717842689582	0.387896765811308	186
0.087455379060276	0.398706966495353	186
0.041107455750545	0.390600635361242	1977
-0.012263304072406	0.272565086859585	186
0.121299130100455	0.19765529034279	716
0.118805831150545	0.195440497449165	716
-0.035788451640569	0.16178842853178	187
-0.037642301209318	2.23273064817964	152
0.043232154202913	2.15247033242696	152
0.098386737213905	2.36199637720455	152
0.08751886093025	0.83769730005422	152
0.076109914874361	1.08957830855714	152
-0.060877400391182	0.265087098628465	220
0.0379675195571561	0.873240477855704	118
0.0977994263844419	0.879052059395722	118
0.077329245228017	0.810178199628719	118
-0.101364763240997	0.46933366247048	577
-0.109747270223877	0.405066909766745	118
-0.025513972137411	0.477976262259524	118
-0.023738050318278	0.370026285731591	118
-0.03777447409692	0.164781776522234	118
0.014328298089972	0.512381968358614	1
0.033294847611144	0.843998574951578	118
-0.021825673059418	0.251884525273103	65
-0.107467158458337	0.53363828613926	1
-0.101395612530428	0.398458625763779	1
0.091744603037185	0.774389108980617	6
-0.110183573951058	0.385713935261486	6
0.033583455361564	0.59650725710218	20
0.085515900972009	0.500162987056848	455
-0.112365438732097	0.402298838754306	20
-0.108841256533317	0.396003262291887	20
0.120446143828703	0.197036537066415	20
0.049009733890738	0.280734413670193	186
-0.100255726871606	0.262868783091059	186
0.046892720072978	0.281073619667328	1977
-0.032094472202418	0.168316179247348	186
-0.04852930986989	0.266337203257189	186
-0.012762834448734	0.394629208401148	186
-0.016948623921812	0.2712616366163	321
-0.018297886087633	0.251010144952851	186
-0.055984517019012	0.378692134141465	174
0.04097940980198	0.392209535384503	187
-0.117091305897281	2.04802196033308	152
0.0822849885334071	1.61655806157306	152
-0.07655431013308	0.613868630273832	152
-0.121960887382983	0.650261836661082	152
0.104762560417242	1.52222483992695	70
-0.099845741073621	0.557621594653116	220
-0.068622281584368	0.666846795387249	220
-0.095998307375137	0.540320098696196	220
-0.110372754073311	0.394781155381252	118
-0.099170415962857	0.548005058056868	118
0.042448116814282	0.826680468485056	118
0.03557338275372	0.664640392344506	118
0.077800495963214	0.828020941058864	118
-0.067821793153817	0.236141747601639	118
-0.094469232076221	0.263897861140002	65
-0.119865941403357	0.387035530623753	118
-0.119210028811888	0.399928745229649	65
-0.115026082108518	0.157042157240657	6
0.117252894763946	0.19109165365643	6
-0.060996707740798	0.482023623696427	633
-0.054255721403317	0.37876210821681	455
-0.064500627964094	0.250055755393167	186
-0.08597658110757	0.398440036656879	186
-0.088850758662899	0.269428353118157	186
-0.065362281943564	0.255202669006066	186
-0.112586988366762	2.24808072124666	152
-0.113094418434342	1.51332035491576	152
0.048914836614951	0.510620568832831	220
0.043768043705353	1.27757080686604	220
-0.0874572090254	0.274455489434643	1039
0.0462976944101921	0.280280242490032	628
0.094921683516309	0.514299326617196	118
-0.124234278912109	0.488222442787616	118
0.066498093145303	1.21637131097558	118
0.109487410446253	0.711837753008724	118
-0.056122443254464	0.579770646339453	118
0.112642254421065	0.885302059805364	118
-0.063249012894283	0.652035171986193	118
0.123834761283339	0.476713114842717	118
-0.123152767983931	0.270925965302213	118
0.047487516147559	0.279156023853911	1
-0.118196640614661	0.638640409622276	6
-0.022579404517618	0.242597698043988	633
-0.090287885225268	0.252243308337606	633
-0.054391490760098	0.276059197287027	20
0.115250614627185	0.194235280357882	20
-0.115849519121826	0.148583852088905	455
0.04073749837206	0.88229219544962	20
-0.043673625843308	0.37529102416813	20
-0.11346757377019	0.152456971923728	20
-0.113641435462254	0.153637832506503	20
0.117252894763946	0.19109165365643	20
-0.112906817976959	0.152419850500768	186
-0.00972716141211499	0.278914913903265	186
-0.111015851060796	0.14927676679616	321
0.117252894763946	0.19109165365643	186
-0.118002023628097	0.151376048698378	186
-0.028606032231614	0.168487760111406	186
0.000945513190796055	0.490482976917841	37
0.122896136022272	0.196980514178802	187
0.08974645085939	0.410206797706882	220
0.04442194652948	0.385291428744766	220
-0.084265778491975	0.395744100523465	220
0.059024981920644	0.274038120573682	118
0.091009486072033	0.394859012688809	118
-0.085786865764056	0.271550809892378	118
-0.030678784027018	0.710005278596621	118
-0.073864221192264	0.499745980791953	65
-0.119122876357758	0.254752767521724	118
0.045289535382581	0.404692983201748	118
0.047987611438941	0.276757158937799	65
-0.108029452674721	0.154497954953268	1
-0.030093257110939	0.165022192894233	1
-0.09251023809013	0.56833225355434	1
-0.051129632457095	0.664490374244727	62
-0.088022218033918	0.270884037634447	6
0.054589229580168	0.284575320247645	6
0.047279729854356	0.408329911098445	20
0.090382278348257	0.394326634019006	20
0.054757720795842	0.283787561116198	20
-0.060682815723071	0.267307631297192	455
-0.00604074064469901	0.270247939617645	20
-0.123688507653034	0.269446550016167	20
0.045106953638352	0.268900439871754	20
-0.114319396671865	0.273025065411784	20
-0.033558405016549	0.171307702237758	200
-0.013233953045501	0.267226571801295	20
0.124537452032742	0.192015229802692	20
0.07004605195786	0.50871124836441	186
-0.114938850937462	0.157459754092218	186
0.117252894763946	0.19109165365643	186
0.122076172115503	0.201430407091027	186
0.088281977146663	0.600525863245319	37
-0.113554765781125	0.155758177675018	187
-0.114290543141864	0.259565471062211	187
-0.024397842108944	0.651356286073278	220
-0.045185833019409	0.496957772499495	220
0.01707104969994	0.502079579092115	220
0.041397377022028	0.503580938234841	628
0.028589908697071	0.494715722005881	118
-0.080917767683484	0.390319301976581	118
-0.10759563285774	0.266913753424204	118
-0.054252444401774	0.57658074861936	118
-0.054914686683548	0.57031340509196	65
-0.065654952348459	0.394381879818009	118
0.0430635605527	0.736421173648001	118
-0.052708514570068	0.270098712768576	6
0.00534953498431801	0.389082613948054	6
-0.085945420060546	0.376864888281542	6
-0.092116411243533	0.392568564343758	6
0.047995475239648	0.391660298800248	20
0.033870944691461	0.491329149211544	455
-0.124828149356594	0.375863219614388	20
-0.056809156399271	0.263977433727426	20
-0.113281845496589	0.154933036119063	186
-0.118002023628097	0.151376048698378	186
0.074023273867868	0.50133334323408	186
0.0791671861352931	0.334286180923304	68
-0.100947315349291	0.241562408583611	68
0.092414202653646	0.407689266409905	511
0.045586171281763	0.401473906916029	511
-0.027939373493995	0.163919960387744	186
0.040912477224417	0.264874072745444	857
-0.104075636999891	0.720107265873735	220
0.058979438804032	0.814167340534454	220
0.088776275619359	0.863902227310765	220
0.047754646309075	0.673867369624353	220
-0.027587756236607	0.470030951528517	220
-0.095318609099675	0.387138247051355	220
0.065028939465138	0.519362990151234	220
-0.083621678268742	0.341704403252659	1039
-0.01142204317818	0.385239357517249	118
-0.012851841819808	0.272777920415663	118
0.034260052317425	0.669996098345935	118
-0.114297259293642	0.498219593021883	118
-0.038023303032132	0.392056367948752	118
-0.05782363632873	0.276542896331464	118
-0.014398015028605	0.384714056819511	118
-0.039028517476369	0.568798370758612	118
0.00575861996299898	0.673710597667649	6
-0.115116069781062	0.262337447265781	6
0.058318117272862	0.599364266746531	20
-0.03242376947397	0.496141000226843	20
0.0117510031342301	0.400765715058987	545
-0.08272913400128	0.272652300443601	20
-0.12150597987204	0.356294788741818	455
-0.037181479741779	0.387818047007154	455
-0.106998469483122	0.269884127799782	20
-0.061225310154057	0.260475310047909	186
0.036302712626245	0.500053238387357	186
-0.093637470502022	0.26534758798319	186
0.122119007457639	0.193431074679263	186
-0.039294244265864	0.16328383273075	186
-0.119294974588462	0.153683990110454	37
-0.088330704851798	0.264282646939449	37
-0.032936694809578	0.38265622973615	220
0.026660020437479	0.508313717219091	220
-0.093654597965147	0.265361333727786	220
0.106271929112805	0.499398427499081	220
-0.017145328094067	0.266296574371382	220
-0.012072121154792	0.263321994992171	220
-0.076172486754107	0.694901354797988	220
0.01550933931252	0.484610793464113	378
-0.027188976924162	0.16455136252856	220
-0.00797128329485702	0.274070909346671	1039
-0.030125206900971	0.172372103841324	1039
-0.032555147920846	0.47803606141463	1039
0.050148283132671	0.288176659673767	1039
-0.116412951587723	0.156012044058552	118
-0.106106499964622	0.39584402611346	118
-0.00602126288400501	0.275992430891795	118
0.080014676626412	1.31577357436231	118
0.072028090249592	1.263702307312	65
-0.084957025932946	0.273480260114346	118
0.056490601515595	0.609958644926374	118
0.041309219633465	0.603885216460579	118
0.110318223459922	0.713753146806787	118
-0.116117879563363	0.370168729149885	118
0.045583114175201	0.268157349806649	118
0.066748787375612	0.855462335791773	118
-0.117799325050491	0.382735520944565	118
-0.074366597776289	0.478301892287527	1
0.11962621063934	0.201522244647387	514
0.0367251046353621	0.842311296312013	1
-0.080805015530984	0.548841920044917	1
0.017900913879901	0.958331047689145	6
-0.057181672275521	0.373453849563277	633
0.114478989136667	0.194606563884473	6
-0.108029452674721	0.154497954953268	20
0.012450954829974	0.726915238186263	455
0.114478989136667	0.194606563884473	455
0.121255761839474	0.19539411213957	455
-0.026604066152345	0.483173958991511	20
0.118849939816202	0.201943652777816	20
-0.029372068306671	0.168506458901295	186
-0.012263304072406	0.272565086859585	186
-0.108764508860762	0.151572833866167	186
-0.113906013615535	0.397891571140722	933
-0.034835763963541	0.168567019261679	186
-0.041738445145595	0.158921086446243	511
0.038077696212689	0.26002570311577	328
-0.116325163543614	0.155957430958996	186
-0.012118457024165	0.652457155441106	37
-0.0000337312664189793	0.497422050278679	37
0.052437150084411	0.284762913217548	220
-0.019126782849719	0.468657342259977	220
-0.111162358829902	0.159147929071506	220
-0.037011107457509	0.165642997229716	220
-0.014204211436353	0.554587620983121	1039
-0.00999180972768299	0.38522573206392	1039
0.069362158648044	1.21977185457691	118
-0.100891938534779	0.39760850909904	118
0.123871568708962	0.280034248912428	118
0.087968632497036	0.521672279546353	118
-0.059217141645652	0.27379705806469	118
0.090702349013841	0.773364283466041	118
-0.076936137166839	0.683828106307903	1
-0.030093257110939	0.165022192894233	1
0.093799664604021	0.408651534043389	1
-0.11500729991595	0.467000748876402	1
0.114909186844838	0.929888046499141	6
-0.016508675971118	0.492021843738948	633
-0.113101725792251	0.153717658386737	633
-0.114938850937462	0.157459754092218	6
0.122119007457639	0.193431074679263	6
0.11962621063934	0.201522244647387	20
-0.061681092242833	0.382223749576042	545
0.118849939816202	0.201943652777816	1729
0.120446143828703	0.197036537066415	455
-0.019351351350019	0.386194366095089	20
0.043323211599031	0.386295962873767	186
0.121299130100455	0.19765529034279	68
0.118849939816202	0.201943652777816	2209
-0.032856116933696	0.172207431346016	186
-0.061958217472171	0.260552952592245	187
0.0551839076335851	0.282637772370522	187
0.108724323990692	0.633143053105347	220
0.093156541170448	0.502305801972744	220
-0.018593976699958	0.578533616596868	220
0.122896136022272	0.196980514178802	1039
-0.067277595504827	0.493982427695808	118
0.05209998195322	0.287926108969597	118
0.050743248668699	0.289007200605363	554
-0.029358376463472	0.172340564270388	554
-0.116974923159305	0.151696272117205	118
0.015938135229797	0.742131809325177	118
0.0384217260149869	0.914745041782349	118
0.0972571671971379	0.789878216438363	118
-0.020656764496062	0.569830388126244	118
0.089741508809317	0.397157959111592	118
0.054718567711278	0.391779960842662	118
-0.102224008756618	0.486334371231405	118
0.048582663578669	0.280150973097987	1
0.044173764878482	0.403216993690453	1
0.118805831150545	0.195440497449165	20
-0.033558405016549	0.171307702237758	545
0.050743248668699	0.289007200605363	20
-0.035083587945473	0.165721544483297	1729
0.118849939816202	0.201943652777816	455
-0.030125206900971	0.172372103841324	455
-0.117915729620113	0.152906320776562	455
-0.071538916037456	0.370185037318917	20
-0.116164976737783	0.155730893895936	186
-0.016304235110803	0.383286079099929	186
-0.088282438362098	0.26951174150829	186
0.121544325602552	0.713622812254102	186
0.122852637035919	0.197576085447396	254
0.108213461140703	0.637084991892383	328
0.119669786755726	0.197421523304085	187
-0.017730110253276	0.269024840832112	187
-0.039688430500506	0.920071542451892	220
-0.115860521944306	0.654806722895392	220
-0.01851807120854	0.658080608839351	220
0.066660647981388	0.714013970845435	220
-0.0598036686798	0.726588178809909	220
-0.096716806740321	0.253637969858655	220
0.097187962523706	0.405010612914812	220
0.043330271839779	0.380121910192361	220
-0.00975144991967802	0.653405101406301	1039
-0.117812340161304	0.394762727532869	1039
-0.086094286943909	0.264192458347581	1039
-0.00562543520165998	0.278566269394892	118
0.044105234118668	0.396054814711204	554
-0.065351937889855	0.35690186021206	118
0.065617427368449	0.847434098287612	118
-0.063470507391261	0.260152530999381	118
-0.032916639677762	0.170355386811782	118
-0.042032231264342	0.584979736511712	118
-0.07038741679365	0.550136445898815	118
-0.050742879819916	0.273660270885974	118
0.043034482871971	0.277015458410403	1
0.093567880935084	0.407118818432278	1
0.015062776525384	0.379167120298229	1
-0.113192050197018	0.15715065480167	1
0.101194582685626	0.800035490365986	1
0.094274670150052	0.720334029878196	633
0.094608626673933	0.406260549462493	545
0.087198922300276	0.399289707457083	455
-0.013151746638831	0.501208907098338	455
-0.064844955102784	0.366660493732837	455
0.062294108851076	0.514052300546303	20
-0.010780967386643	0.507194178587967	694
0.048626482521676	0.277104726220282	1196
-0.034320866617167	0.170598864403623	186
-0.068273619402919	0.477474826819652	186
0.120478806402945	0.191904998295314	37
-0.121913853564756	0.992221468512739	220
0.104001335053561	1.30371537335474	220
0.070343253716714	0.685369665197328	220
-0.098637700003952	0.390147967185025	220
-0.031153841870058	0.395121489377638	1039
0.053861363858601	0.395466189691335	1039
-0.069914080569008	0.502140088245387	1039
-0.106984475168725	0.26974991673151	378
-0.072661786266534	0.793383534950637	118
0.072467625400468	0.910337001472462	118
-0.115084119123218	0.754597921961458	118
-0.013563982929202	0.724235952052911	118
0.061209602688849	0.499250220023125	118
0.057473756045762	0.850847809948076	118
-0.098872944151479	0.38118380289452	118
0.103017301232858	1.02959436870952	118
-0.120252265101689	0.260896783571486	118
0.117998533171308	0.922686536538236	118
0.124567297470037	0.513890777336252	118
0.052885765082609	0.477953704709127	1
0.036538995337551	0.685648118057905	1
0.0245940479611541	0.734763998656038	6
-0.069410536222639	0.491820859816806	6
0.086363802601274	0.392052612067481	6
0.088864137297192	0.395258079084692	6
0.036450643501843	0.371795964455123	6
-0.018599049603071	0.50160129676529	6
0.08917086473354	0.403501214472405	20
0.107709565139502	0.700210951394425	455
0.040455226777554	0.515651389408192	20
-0.099999650682434	0.386714583118998	20
0.122718952821673	0.520885746949715	1390
-0.11856158074139	0.15242864646868	20
0.0647034879155251	0.504005722741197	1196
0.000961581226946007	0.592892257064133	20
0.122792890346909	0.530861531546391	186
0.09806567769837	0.616851624006666	186
-0.111073154367858	0.158761217583667	186
-0.019803012588041	0.390656653887623	68
-0.015611617671483	0.380335123822944	254
0.122119007457639	0.193431074679263	328
0.118849939816202	0.201943652777816	186
-0.095884467156324	0.261926753010021	187
-0.111808672083322	0.159552284481566	187
-0.108966493808155	1.28892263068281	220
-0.038682441611871	0.637445596367536	220
0.044476610042653	0.73677534416685	1039
0.118583949534293	1.05557324145864	1039
-0.091484533832947	0.496986251020821	118
0.094158688506606	0.398425618789086	378
-0.075695376658763	0.374933505501472	118
-0.013368426093703	0.916959494438989	118
-0.043921522501165	0.732487266179524	118
-0.040051429047658	0.376139760517239	118
0.112192936549416	0.689009799808071	118
0.044592995195341	0.609180616012599	118
0.02245469609178	0.678354625364677	118
-0.05634643661672	0.377486603690433	218
-0.092188635348094	0.255102310699196	1
-0.089069288644461	0.555949750880247	1
0.123749334849341	0.810417337609335	1
-0.114650014768192	0.395633217550275	6
0.049425637038412	0.391878124482352	20
-0.073702916148729	0.495959085339989	20
0.089741508809317	0.397157959111592	455
-0.090006805056637	0.274720807539609	455
-0.014612285198749	0.277544071275689	455
-0.008933931611047	0.268920090959131	1390
-0.069758721923283	0.494022499585242	694
-0.084561071380714	0.388617685655446	694
-0.013643326910204	0.263178893605802	1196
0.0482432031379419	0.285569125299453	1196
0.043858066641223	0.383069169461427	20
-0.044709138516383	0.483898674397941	20
-0.091143990276474	0.27105735108013	186
0.039293634285686	0.383687770398029	186
-0.116412951587723	0.156012044058552	186
0.045491601641632	0.502608617090649	68
-0.113281845496589	0.154933036119063	328
-0.038518323138799	0.164739851096166	186
0.119581444547106	0.1904746302505	186
-0.112388246830339	0.151750604637313	186
-0.08246119942268	0.263703663287168	187
-0.054095336708007	0.799517820892408	220
-0.013555663311267	0.673566300613055	220
0.01007903390814	0.683805942136818	220
-0.098279391642841	0.564859081393119	220
-0.049445666658451	0.663700936973637	378
0.054832027129716	0.760661813485476	378
0.07668998045999	0.716103112652742	378
0.04921088745336	0.966276192361692	118
-0.039314439461855	0.541110879369771	378
-0.073182856172426	0.707743737590907	118
-0.045772153419293	0.374759204261289	118
-0.030253900487995	0.790902259952265	118
-0.074347692000442	0.637064562326879	118
-0.101675732045232	0.398046511301635	118
0.058862772969876	0.690976396300998	118
-0.101766455282058	0.392509889600884	218
-0.014948273439046	0.510601821073534	218
0.102214481838344	0.627967219109578	6
-0.077312833021102	0.4556907216849	6
-0.06416946075948	0.546007294233474	6
-0.115749930211599	0.477054622599065	6
0.09821126650246	0.729160790334961	20
-0.09922275989691	0.400474869709997	20
-0.045133589611401	0.480388511721437	6
0.00591721267197598	0.385487196076703	455
-0.012457179944674	0.280134832369106	186
-0.090313065261799	0.269712049318856	186
-0.114938850937462	0.157459754092218	346
0.115250614627185	0.194235280357882	37
-0.104157525873905	0.148604003144748	187
-0.08774273028722	0.617318368033697	378
0.061589681299559	0.816212220614528	378
-0.074748000442198	0.565804761156452	378
-0.119408261734639	0.264381921173688	16
-0.033442860616967	0.378655025948176	16
-0.032796202972762	0.167465311350541	118
-0.033324096302802	0.165915368940833	118
0.059093845645479	0.470983592203012	118
-0.052787120446094	0.273213807527623	65
-0.041639864259964	0.380787165098008	118
0.0433518838818801	0.606126924335321	118
-0.053626492429454	0.488990821128765	118
-0.061203811282106	0.552194654444088	218
-0.015419418147132	0.493065343761126	218
0.120446143828703	0.197036537066415	62
-0.113120662476285	0.148906294602687	62
-0.053861291024088	0.503080598567415	20
-0.069475838380366	0.489053293549927	6
0.0931887843881371	0.513017177822511	1729
0.002667620654905	0.503905863583498	1729
-0.037505550397988	0.390117878941101	455
0.079815097869545	0.608874296469776	20
0.11962621063934	0.201522244647387	694
0.00591721267197598	0.385487196076703	20
0.05358655596104	0.399181386484943	20
-0.03729243111219	0.380779877972762	1985
-0.121443066245357	0.403276547736462	20
0.0482979705801621	0.359739626870634	20
-0.086996396151781	0.367515446141502	186
-0.110339221385218	0.268493300838555	254
-0.061495671097461	0.267260652160514	328
-0.072014493900616	0.638483057708833	378
0.048952743682817	0.838212140206085	118
-0.109546653644651	0.356597707668102	118
-0.012019275382096	0.798325610199804	378
-0.063738577505721	0.364328434681965	118
-0.017145531225899	0.252918563655548	118
0.096613724287975	0.409335621805521	118
0.048299399325605	0.394479441923952	16
0.118805831150545	0.195440497449165	118
0.055947170528581	0.28264902676327	118
0.048582663578669	0.280150973097987	65
-0.00140697585559502	0.497892944727415	118
-0.101081769729461	0.546767228789713	118
-0.030622516920469	0.654769696167121	118
-0.090890755776048	0.392249454485469	218
-0.106231793555426	0.381454802671904	218
-0.107274003850739	0.26806293624217	218
-0.03571419045986	0.585258106185309	218
-0.084205513107234	0.48989762769615	218
-0.032094472202418	0.168316179247348	62
-0.112906817976959	0.152419850500768	6
-0.050271961301008	0.503882307745432	20
0.118291437876848	0.807019257439971	20
0.086554708211748	0.722169899227689	1729
0.00340828719532404	0.37843923721497	1729
-0.073897013659479	0.38039933255898	455
-0.100474143250035	0.393968668863865	20
-0.117915729620113	0.152906320776562	20
0.0629768871769401	0.587633029779499	1985
0.117648689766584	0.190283063570255	186
0.117699607015864	0.194176298788628	328
0.024777538411862	0.575057088372274	118
0.070771605225676	0.509304567101771	118
-0.054408567293396	0.273164621094583	118
-0.042352904217447	0.577874064572663	16
-0.034835763963541	0.168567019261679	118
-0.116253846256186	0.1553309012695	1766
-0.093392787716843	0.264012494545362	1766
-0.119402104353221	0.371962753615568	118
0.08419105784269	0.391505688797579	218
0.117940085970361	0.736724185904906	6
-0.092379062569915	0.483856781027342	20
0.0281837999130941	0.751408081969383	6
0.052002232457749	0.701259908406056	20
-0.005524727950594	0.752430532029626	20
0.047904612379174	0.758673369565776	1729
0.0280877696466419	0.755053434124609	1729
-0.015576857291125	0.270182253038118	20
-0.11091682896866	0.267038553144478	20
-0.016304235110803	0.383286079099929	1985
-0.04385503263181	0.37371736952545	186
-0.112022922625537	0.263984062715389	186
0.013682243527141	0.387145763947312	186
-0.034320866617167	0.170598864403623	186
-0.052127972620231	0.271917852095456	293
-0.092498061740319	0.2594980975703	186
-0.032094472202418	0.168316179247348	346
-0.031394207996038	0.167251262805583	187
0.019552637469754	0.881774138707144	378
0.010041420977097	0.926370944587152	378
0.073112681746565	0.980645783039538	378
-0.038017284963528	0.738624952281223	378
-0.01032237311525	0.277187516422947	118
-0.03565408513883	0.4979446714695	16
-0.030125206900971	0.172372103841324	118
-0.03559902595628	0.164989565094824	118
-0.031898207356406	0.161108405311014	1766
-0.016361622469265	0.370363933948946	2085
-0.124680843260938	0.444802302243646	2085
-0.092812535865329	0.387246655927905	218
0.092840435058604	0.702262884806333	6
-0.094283122209576	0.470880852210818	20
0.006543907689749	0.68086350636887	6
0.010630290456156	0.5136350245729	6
-0.081369530353855	0.478252728866412	6
-0.053436843109174	0.561380631409009	1729
-0.122538910442385	0.463335869925021	1729
-0.106097838421502	0.390838063197685	1729
0.00536993426969401	0.383159706692179	20
-0.053056846497625	0.485951022383539	20
-0.034380182800948	0.16655992563091	694
0.121221930205857	0.191977994150092	694
0.058615207946028	0.4910124326076	20
0.050301140385232	0.613318129654098	1985
0.114478989136667	0.194606563884473	186
-0.04095622164394	0.383774366953057	68
0.08604641785867	0.397054047863204	254
-0.05928885242221	0.265862939178345	68
-0.121147644436399	0.393564902028587	118
0.0285539861241591	1.17799178002611	118
0.03099116113586	1.26181340543576	118
-0.084818436912806	0.779631277450784	378
-0.073432830732557	0.689837047264877	118
-0.020082689647673	0.727119290743424	378
-0.070841699165006	0.567431213699271	118
-0.00212205572794399	0.574596985656075	118
0.0707570522101531	0.649238909005748	118
-0.062273565239729	0.263522097601822	118
0.010363294779928	0.397151482541058	118
0.050555016249909	0.281419909857836	118
0.112884378395976	0.189535203169824	16
0.0499452202080241	0.40093742464401	2085
-0.043007375547604	0.484778674816367	2085
-0.123072883105313	0.490795221421067	2085
0.088861394178731	0.949375194776276	2085
0.047024573844191	0.741353246018781	118
-0.082001195429352	0.400837000049292	118
0.0711148151039001	0.828023270128359	218
-0.055693464372373	0.493668201405328	218
-0.094471015968084	0.495966572927405	6
-0.062594312274548	0.639463663035648	6
-0.090121622287336	0.402972801191241	6
0.00117031298206904	0.59024910607802	6
0.066178510988712	0.771975738174782	6
-0.010749788762385	0.66685713365014	20
-0.108787647152643	0.374155732030312	20
0.118069126644123	0.716326392700834	20
-0.036249052551778	0.16463764089159	694
-0.082419537079644	0.377476487701626	1985
0.038427788954939	0.494297548298312	1985
0.118073101920439	0.196825091913243	186
-0.034085232258691	0.165928855360736	254
0.042497255168778	0.389899727869564	254
0.065902403644418	0.495358675412172	293
0.045537684964484	0.2766231628293	186
0.119669786755726	0.197421523304085	186
0.118849939816202	0.201943652777816	186
0.085810711279033	0.399024568038875	187
-0.063560684065327	0.843668680988656	378
-0.00753221315556601	0.963558032161073	378
-0.086467723860168	0.649066618450878	118
0.00114267668891599	0.884215717726369	118
-0.084558092570796	0.602438680323478	378
-0.110430284695505	0.404253399846548	118
0.106960040702709	0.683639541883902	16
0.019254368763358	0.399442768612812	65
-0.113986504343977	0.26553356637694	2085
-0.029372068306671	0.168506458901295	202
0.10229901717398	1.05178396733072	6
0.019338946940165	0.686537798903106	6
-0.016166412757503	0.271983006757915	6
0.09320516145775	0.38563188872911	6
0.040088449889908	0.513812527268756	1729
0.066272820184719	0.619857500948626	1729
0.016444902413723	0.402370780331308	20
-0.034477687449439	0.385700485715916	20
-0.00984292873787801	0.503537485581	20
0.111616715276825	0.700903759809993	20
-0.097300769454986	0.353605301956417	20
0.047184549401551	0.608978111827076	694
0.0274576422581539	0.505670687453507	694
-0.016704622564508	0.496132139565825	694
0.087998622526719	0.607868718832587	1985
0.099641409870199	0.615288684879864	1985
-0.034320866617167	0.170598864403623	186
-0.00953939546235599	0.278217951691113	254
-0.053873043227677	0.264839009770561	293
0.091474716798464	0.382503653931044	186
0.046713750285846	0.28562682840498	186
0.122344561608413	0.521829281990618	186
-0.021303004023484	0.365030562423639	186
-0.038528773908626	0.167402222187446	186
0.0983521179964501	1.1608208981998	118
-0.010458336037373	1.04689695853039	118
-0.038551230382436	0.668381244327289	118
-0.053036968907346	0.666490194444208	118
-0.112144928871967	0.45591171515085	118
-0.032845110864315	0.64157842326276	118
0.0354412998193691	0.91142961706221	118
0.123332132085506	0.534209914916703	118
-0.076639382355125	0.396943030654765	16
-0.037324244405312	0.570112288028584	16
0.105353473726073	0.876770691300901	16
-0.00995912902989998	0.560487666304081	2085
0.100777936376085	0.806606312466455	118
0.042497255168778	0.389899727869564	118
0.04889569989889	0.685437550856192	118
-0.023838920048331	0.577220292303855	118
-0.022252337534665	0.429240818322636	118
-0.029371440300458	0.477135927061733	6
0.091127693422245	0.802678530807666	6
-0.050494345556827	0.254680682557798	6
-0.037871348163849	0.386817788365699	1729
0.103187547847056	0.631498655607643	1729
-0.065160201534537	0.39646755904022	20
-0.035787315178385	0.393494208041998	120
0.0125956240023	0.387246413653248	254
-0.027172642567764	0.166462099744829	254
-0.115675549873541	0.157431951292729	293
-0.089744515773473	0.272443333324185	186
-0.116325163543614	0.155957430958996	186
-0.052358047988914	0.63928660627832	118
-0.000626972879611998	1.15829004552474	118
-0.113530019132911	0.907177886279088	118
0.015383288070336	1.15095905354936	118
-0.00609266802988401	0.966391961578324	118
-0.074256676983216	0.619063631509873	118
-0.041780569261577	0.342296610869522	118
0.047860119789107	0.482810318241009	118
0.072388218924042	0.503978981486649	118
-0.019279831047586	0.258320969536253	118
0.047309798354921	0.284674180526666	118
0.024723340068897	0.512527469802348	118
-0.00235020288148902	0.673502761631061	16
0.000569816927164957	0.726150982572888	16
-0.095575831729456	0.25859522862093	118
-0.048265846625809	0.5580832769656	118
0.061657648661877	0.602229433308458	118
-0.087654855392808	0.350932271240539	118
0.046881854383097	0.284132693707904	402
0.083011613101471	0.499640685335774	62
-0.09949378048135	0.396732101972986	6
-0.115038445646743	0.396760631451792	6
-0.116875328377127	0.266675146678381	6
-0.066274348480804	0.390588006155503	1729
-0.042226152806517	0.384959895723775	20
-0.113476053910433	0.271095536126498	20
-0.006368078868003	0.384986517609232	20
-0.065338184092088	0.39072328337216	120
-0.058200776215141	0.262719880692359	186
-0.11706325284305	0.154565319237915	254
0.0996035000007091	0.527036453117472	254
-0.015862715048123	0.3972286804081	293
-0.047319771630765	0.26458583645838	186
-0.00875569908256102	0.277244738562424	186
-0.112591093919349	0.268514847380301	187
-0.103224145621271	0.937602851536172	118
0.046692776533934	1.16168698251932	118
-0.021720868057628	0.816237689517975	118
-0.102354099085031	0.598231827446537	118
0.00955019936416901	0.81486464839149	118
0.098056151071493	0.593235780602011	118
-0.059436801908047	0.380988157246339	118
0.09077749321393	0.394321839647317	118
-0.032796202972762	0.167465311350541	16
0.114478989136667	0.194606563884473	65
0.042798366713203	0.6996495231216	2085
0.095493451232883	0.941787340814021	2085
-0.123601815091587	0.473885301351085	118
-0.110521673424056	0.484849025355172	118
-0.092487238063168	0.555787648385945	218
-0.116412951587723	0.156012044058552	402
-0.114290070662285	0.157070938330489	6
0.113656498860624	0.194210317184637	6
0.014266751656987	0.675917184259813	6
-0.107536525595905	0.267523264873547	6
-0.01687485211789	0.659653017584683	6
0.009418350259361	0.603335865487197	20
-0.032349992303127	0.493393583769485	1729
-0.060437200676675	0.487670063797539	20
0.050458129301757	0.505291503090228	20
0.074186684948205	0.502619560717758	120
-0.092236091236332	0.272262582237247	254
0.046926541140489	0.397842586832904	186
-0.011288021635068	0.277183686839958	187
0.050897966042645	0.912504509227946	118
-0.014195480652296	1.10181361599604	118
-0.078388294200938	0.604386221332038	118
-0.0312997917006	0.804843723867804	118
-0.107560797088486	0.604674032479629	118
-0.094512537166288	0.387590712000653	118
-0.111808672083322	0.159552284481566	249
-0.091963721182632	0.264652927450424	118
-0.093637470502022	0.26534758798319	624
-0.032856116933696	0.172207431346016	65
0.014623209511693	0.491809122211665	118
-0.05345526739928	0.578064106396946	118
-0.079192446900785	0.389026331568012	118
-0.122351861432396	0.487129555624731	118
0.096233560655542	0.526087273125729	218
0.077898138687949	0.789890402089739	6
-0.109768864922399	0.483311235673391	57
-0.050081442526488	0.395857629215858	20
-0.104193677784295	0.389030917465469	20
0.071442654628433	0.694536756154198	20
-0.032405345590714	0.580623343757532	20
-0.109292734893694	0.270580829030792	20
0.046520638191945	0.273219219872094	20
-0.038046477407521	0.156098774147755	120
-0.037764608719315	0.168297810515123	120
-0.014411029090974	0.269858058413679	254
-0.018128525551072	0.267215360286394	293
-0.121359621141501	0.257477940490164	186
-0.007583595825777	0.275949568611332	186
-0.034380182800948	0.16655992563091	187
0.079021852559378	1.41356017799304	118
-0.093165423795366	0.913620133385723	118
-0.00443114562158198	1.37405137724585	118
-0.084254027738623	0.878412477696375	118
-0.017082891421394	1.3796837718629	118
0.101383605231095	0.797132045954455	118
-0.115452394832781	0.272920807436866	118
-0.038881958866644	0.387574663895026	118
0.05280381990383	0.272313631962584	118
-0.034073825027202	0.168545023486603	65
-0.02985367704782	0.383074226547919	118
-0.049141432323159	0.496481350989561	118
-0.020678016067943	0.375518064772848	118
-0.052505837989451	0.558710466051416	118
-0.027156239407134	0.159936684638608	6
0.11692723352674	0.190712979024442	6
-0.055443013397705	0.385112900587487	6
-0.037277285806664	0.565353351502327	6
-0.085209178026606	0.271672819694746	6
-0.074582782920512	0.384526148969652	6
-0.108927929682097	0.396315234279473	6
-0.084083816781929	0.268257679322889	20
-0.072520392288483	0.38381106024172	20
-0.050859940352908	0.269565467860696	186
-0.015973198386275	0.270506573711391	20
0.121299130100455	0.19765529034279	254
-0.05840444478986	0.274605671745734	558
-0.089443148725006	0.261614309730494	293
-0.114938850937462	0.157459754092218	346
-0.057277397234893	0.788714408169346	118
-0.018129333741387	1.42199821478108	118
-0.111239413940799	1.06129221944019	118
0.026881963182534	0.933232282313362	118
-0.04596945329174	0.66810441459386	118
0.121372183232578	0.737512521326636	118
0.013971054897292	0.38866937776786	249
0.038724531576987	0.50413071182125	118
-0.095315176818229	0.262757390443394	118
0.065028939465138	0.519362990151234	118
-0.036350570316804	0.161641938858001	118
-0.111749133546465	0.267994262000052	624
0.119669786755726	0.197421523304085	16
0.117699607015864	0.194176298788628	377
-0.115112789123507	0.152270253467486	118
-0.00599795628431799	0.752210835213351	118
0.012802451807628	0.490573050350576	118
-0.072845734735647	0.565034457163984	218
0.108204159590363	0.893901249750795	218
-0.114290070662285	0.157070938330489	6
-0.067468647565559	0.175572620504836	6
0.118849939816202	0.201943652777816	6
-0.014995385697801	0.669135338942341	6
0.07670645923882	0.774036706749806	57
-0.039685465560092	0.480254919700326	20
-0.112311218284262	0.261237054272443	145
-0.030863703134254	0.166760626514399	145
-0.054391490760098	0.276059197287027	293
-0.05782363632873	0.276542896331464	293
-0.054177782554029	0.274936078132297	346
0.015189847388583	1.41552465332511	118
-0.086272034054471	1.16235933515185	118
-0.091392157899924	1.1058442773408	118
-0.027425136518352	0.918243832824906	118
-0.093097986912825	0.631139746691209	118
-0.075892001848808	0.63071505442025	44
0.081179786877461	1.08203052932564	118
0.00783112110962303	0.720685327108193	118
-0.117077858694439	0.473624521383841	249
-0.115961482706911	0.143207342575688	118
-0.013829973042106	0.279329286172205	118
0.0923378914272121	0.39188143989094	118
-0.03241256154401	0.589254444211789	57
-0.069376731638712	0.390737472963763	20
0.097450477584587	0.609879163486912	20
0.013891077460775	0.488055375394877	20
0.011246096420642	0.50023043860591	20
-0.032696180575073	0.49565692321922	20
0.114428036976078	0.193840908662857	120
0.052268200899937	0.288918539812938	120
0.013424950002846	0.389658484850366	120
-0.07050063473697	0.390575769660665	120
-0.099450432844133	0.362675240636626	120
-0.014612285198749	0.277544071275689	145
-0.117543487372211	0.151228488898172	145
-0.111628637170152	0.14995091363549	20
0.050576809271755	0.283687162588281	254
-0.038518323138799	0.164739851096166	254
0.046892720072978	0.281073619667328	293
0.048248213218461	0.28078085383022	293
-0.034262152738267	0.167034861267776	346
0.062879841851102	2.17574379558815	118
0.065649568220165	2.08559277614974	118
0.050282390968048	1.113462032199	118
0.11207408022217	1.09066862782013	44
-0.0500564210491	0.571217236186586	118
-0.045072223852463	0.259037044585561	118
0.047322267967477	0.26893570358405	118
-0.053946581168212	0.273347054323395	118
0.010456185759769	0.722087556543746	65
-0.069097510012899	0.471121447297736	65
-0.093554614066199	0.479568220127785	118
0.07221383839311	0.84942604423883	118
0.067176863648942	0.604582844267843	218
0.049982005584459	0.285679589370213	6
-0.093895518565552	0.25488519228337	6
-0.123831633704237	0.143715880676292	6
-0.100463223525384	0.391105905761356	6
-0.00967899430146402	0.389913334620517	6
-0.097962666741147	0.493000635207857	20
0.048567534021817	0.704742674757524	20
0.106418810955455	0.621811592455132	20
-0.00444579108485199	0.474019755904684	20
-0.12453799066212	0.27073086562811	20
-0.029372068306671	0.168506458901295	120
-0.096751038429172	0.382326877801132	120
-0.045872587073245	0.373232517163162	120
0.0811694862014331	0.458368104940939	145
-0.111808672083322	0.159552284481566	145
-0.116164976737783	0.155730893895936	145
-0.113029795691268	0.151291698851134	20
-0.115432080177131	0.154986897586648	254
0.044119937473962	0.372097756394805	558
-0.050859940352908	0.269565467860696	348
0.118849939816202	0.201943652777816	348
-0.03777447409692	0.164781776522234	346
-0.053555561731224	1.4865262569884	118
-0.042858549943026	1.06464160599214	44
0.028918554437447	1.09760131738359	118
-0.098048126270191	0.647970352195931	118
-0.089993210638945	0.555051449446868	118
0.065728039613432	0.617140775180277	249
-0.041945680255388	0.364474674322534	118
-0.055575594700772	0.541583985062556	118
-0.100600417412695	0.454356493461772	65
0.038469888340915	0.505407053638147	65
-0.124738676884495	0.466409402098619	118
-0.09747466408567	0.371627890298001	118
0.00132701420509695	0.495721519213605	218
-0.085030834590423	0.399215201728693	218
-0.028592856732047	0.168788076833278	6
-0.110352299058362	0.382040632385065	6
-0.050483482061015	0.493453187306393	6
0.043444206915206	0.595527077794405	6
-0.057836449496306	0.476352628915504	57
0.051867355755386	0.648954300298772	20
-0.115026082108518	0.157042157240657	120
0.062487592529609	0.505555827175315	120
-0.013248800882227	0.266354554969164	145
-0.032856116933696	0.172207431346016	20
-0.116325163543614	0.155957430958996	20
-0.057389329904505	0.261545459600047	293
-0.02908095802141	0.389671484283895	293
-0.037001754417234	0.167235364284125	370
-0.087111928293041	1.42531397460169	118
-0.048842884563208	0.70790850580018	249
-0.088284375089561	0.257489856159773	118
-0.067080235266037	0.389101903909483	118
-0.071231358700155	0.387234604917301	16
0.123672687720165	0.193374580198933	16
-0.115587776326825	0.155989874143806	118
0.051320581876897	0.281439770567415	65
0.0214649344630951	0.496218541079751	118
0.08675958926242	0.785660967991089	118
0.013527701880492	0.487990863349432	118
0.11962621063934	0.201522244647387	6
-0.032094472202418	0.168316179247348	6
0.040932445375786	0.844563377530769	6
-0.114912525826028	0.269558278983969	6
-0.073495003092603	0.485909472927678	20
-0.114877009320537	0.153358586100034	20
0.073669185587304	0.606555278984274	120
0.02785961753521	0.501363803262893	120
-0.032611515966833	0.396894547028403	120
-0.00800318969980801	0.268802014301913	558
0.049772079258538	0.279040076853962	558
-0.01577936639986	0.265150424844925	1891
-0.030110933399118	0.171638071817207	20
-0.057583407966676	0.541662049493801	118
-0.096494463187293	0.488893180694293	118
0.028020826314325	0.594647336967111	118
-0.081049499873058	0.387282686589862	16
0.034393267509806	0.458222959408652	16
-0.049325999268857	0.381348641430217	16
-0.00430351074651603	0.826808960310356	65
-0.056739819196261	0.386652009347629	118
-0.106500975790339	0.392078720300748	118
-0.123517990459437	0.40051194412249	218
-0.016904799199354	0.593857893234217	6
-0.088750421668133	0.393430553415738	6
0.034209640409762	0.509629799027853	6
-0.075978957986465	0.495402461826121	6
-0.010232139306262	0.5006476993857	6
0.055361480740415	0.499585214217852	6
0.0808542402042161	0.624722121986422	6
-0.092722184848038	0.384784368988908	1041
0.065465540603071	0.492365603523798	6
0.060065238278751	0.51408178987655	20
-0.032155294870618	0.171057763952974	1927
0.043075330637729	0.501027033460016	20
-0.057040469152695	0.265991590165309	293
0.051505313415077	0.289999457158964	293
-0.014803943435518	0.274433128481296	558
-0.029344617379453	0.168118197302128	293
-0.121641324387526	0.143915871153984	293
-0.033499393925271	0.163455590078674	20
0.010618958482792	0.396275445126687	370
-0.116683003362818	0.378451907267153	44
-0.010752600769423	0.486038031972294	44
-0.073810357650672	0.397146227953322	249
0.039293634285686	0.383687770398029	118
-0.00371347195367699	0.492693840577232	624
0.031589231184264	0.612582319273232	16
0.011930139657636	0.665549090961284	118
0.0916855594366231	1.212974095946	218
-0.021399853284884	0.380267603420145	218
-0.113720928232701	0.266631399520848	218
0.011195465272856	0.479974752318236	218
-0.00478935283732701	0.716240257414903	6
-0.08465130991087	0.271422528331887	6
-0.078216044816273	0.264189515628639	1041
-0.063259965431744	0.757122534496781	1041
-0.096650512348072	0.561521935186403	20
0.0981517437970581	0.503387895959326	120
-0.056662650785499	0.273607014163422	120
-0.096180666285926	0.627587907381027	120
-0.012454832369613	0.269380224483239	1927
0.094913807785285	0.39728134011614	20
-0.03361802040995	0.171492856136262	293
0.121255761839474	0.19539411213957	558
0.114478989136667	0.194606563884473	293
-0.081026148924825	0.578422424993911	20
0.044181667040723	0.265840766975917	370
0.000666434960330031	0.594302094660946	118
-0.109821964596869	0.676116481506561	218
0.011623071896265	1.09775745560542	2155
0.02428285636479	1.4100865936134	6
0.00923660087016198	0.399229567315156	57
0.00479196600842902	0.382421379363192	20
-0.084959128688725	0.261632481690935	20
-0.107056604675653	0.270301360630231	20
-0.00543253148162998	0.277819116337573	120
-0.053497913901579	0.798072566660679	120
0.092991145479454	0.408872284963081	120
-0.031300756869095	0.751470400784668	120
-0.054177782554029	0.274936078132297	1927
-0.030110933399118	0.171638071817207	20
0.0215042108825521	1.02885461845271	20
0.00184943823569195	0.922870689260126	20
-0.086029273052009	0.373514341234027	370
0.092552484582589	1.24644622091343	118
0.0184713333882091	1.01870131206179	118
-0.047767826684254	0.825881824854752	118
-0.062415673975805	0.882291892793353	16
-0.0509196192235	0.315085258940919	16
0.0633998613039291	0.512621235879709	1569
-0.00677812953594398	0.825101976360999	118
0.0556327966381091	0.754697099205536	118
0.068974418301154	0.958040032503401	218
0.069858288994791	1.00819558024075	218
0.011336879493018	0.750117448731804	2155
0.010061396928461	0.647695426901781	6
-0.062136994431705	0.563602024543264	20
-0.060579461140635	0.675658032788454	20
0.034980376807632	0.740558481952091	120
-0.020138695259209	0.728833555911774	120
-0.094295497791408	0.472726405337307	120
-0.022490463143247	0.717164226909844	120
-0.048765368802612	0.486414166286473	20
-0.04051043635603	0.389668909082398	20
0.066100314603585	0.675807053353301	20
-0.063096006642882	0.47366507290605	20
-0.055028766006284	0.569199035198322	20
-0.060523914873712	0.491824028653374	293
-0.014173119697351	0.395112629853101	293
-0.011097725965332	0.487644178800541	293
0.01707104969994	0.502079579092115	293
-0.090309735725776	0.392957910752838	293
0.059768551777065	0.484203285160497	293
-0.054971955549552	0.276291528874226	20
-0.049642276792922	0.495191021678157	20
-0.078903943776913	0.494505092542738	20
-0.025480657030652	1.29583405975795	118
-0.025815993249083	1.17595115429624	118
0.054022671042455	0.968223115313843	118
0.074438829435965	0.499644000181393	1569
0.044105234118668	0.396054814711204	1569
0.044019772589864	1.25822347624975	118
-0.065079501230816	0.882656694163557	118
0.066878402418657	1.28700981243423	218
-0.049118382182238	0.801340127109927	218
0.014173856379821	1.02738980398815	218
0.042791933936002	0.730135538045979	218
0.040786592198119	0.681573980570019	2155
-0.097848433241257	0.368940394554373	2155
-0.113717157117704	0.594733639124502	6
0.066627075670175	1.0364520485924	6
0.100736278400721	1.00752716051892	6
0.033587785445652	0.906455543636415	57
-0.017087801699844	0.745005535977325	57
0.057548977163981	0.908289423500521	20
-0.049550844347888	0.668735267798804	20
0.042735030644262	0.824956624869492	20
0.115135264758961	0.714766248317593	120
-0.00151749808723001	0.556196944647185	120
0.026170404117676	0.510329089884541	120
-0.108961601152059	0.387542779320895	120
0.00029144203917697	0.661130911975841	259
-0.102276103667834	0.483570033119403	20
0.019374321968062	0.672169059691887	293
0.0616569847702581	0.608623005211432	293
-0.076013300490983	0.385650852615381	293
-0.057795876210661	0.264402712610289	20
-0.046576478253487	0.356751225317061	20
-0.055417456896618	0.2622048753487	20
-0.00726621181375498	0.659507761876934	249
0.101625732895167	0.79032509888309	118
-0.051685321271368	0.625032017486756	118
-0.023478975828665	0.15838028459826	16
-0.116898596868014	0.15484281839632	16
0.093193723073938	0.522725930698197	118
-0.08895155051324	0.490012962875229	118
0.0100248703510381	0.809723045799886	118
-0.078061449667692	0.492925660112594	218
-0.074025350076005	0.806675309647197	6
-0.00532052609724698	0.940211009643094	6
-0.042002238796142	0.877350822773513	57
-0.042517754692546	0.718645000317498	57
0.012406962350391	0.725482042195835	57
-0.021349738348208	0.502799085283275	20
0.072442349724393	0.82493162780093	20
-0.112455127725174	0.158055588629721	120
-0.074228876921284	0.561978023416231	1927
0.038175805255781	0.751219036358762	1927
-0.096842147722542	0.384016905734733	20
-0.072623850266443	0.500180270899154	470
-0.041298361173232	0.384274484933816	470
-0.077134082568255	0.39193305390167	348
-0.091098735282811	0.272117235691861	20
-0.052440553971517	0.390476411475352	20
-0.053957319563433	0.392633895584472	370
-0.027657123543394	0.489739021629299	370
0.084650361234812	0.49151573851685	370
-0.08852086874446	1.22026840459814	118
0.022060489700666	1.52701479666422	118
-0.119118202596392	0.388234414751337	118
0.087325941017502	0.381035450916215	249
-0.1094090370927	0.151898855273438	16
0.032620359387559	0.607321314058462	118
-0.095005452447353	0.557738651974207	218
0.077553277394624	1.30875876465294	218
0.088308153152858	0.627552505912946	6
-0.112391074904948	0.494048045393817	6
0.0510412711475961	0.917931774917952	57
0.03237051628065	1.04061546823894	57
0.00082963130270497	0.866739324248654	57
0.10802072817982	0.983551018492811	57
-0.119831622227913	0.491882208194107	57
0.12094492208568	1.01872979547596	57
0.00923660087016198	0.399229567315156	57
-0.039356683161116	0.725585398003267	20
0.00617752137879502	0.503148974325097	20
-0.015973198386275	0.270506573711391	20
-0.098935946256329	0.379157071215886	20
-0.095144866379115	0.399166974371802	470
-0.014115717799433	0.580346261577989	470
-0.089710021232701	0.253933282247363	370
-0.104352674627975	1.12488975219829	118
-0.081048025973023	0.908122614787085	118
0.070810067412051	0.707967150519974	118
-0.091360600855221	0.258186937453778	118
0.068221974312647	0.869630436169952	65
0.064044066880497	1.35606431458269	118
-0.055461786132008	0.484742656386879	218
-0.030125206900971	0.172372103841324	2155
-0.019239466166173	0.83625550151288	6
0.043880742679925	0.404671023489172	120
-0.080745189574544	0.270667024683314	20
-0.084087013210745	0.380648796468843	20
0.0470585265982541	0.281926179496885	20
-0.080255535693195	0.571086996530899	470
-0.00604074064469901	0.270247939617645	470
-0.059742230978653	0.465839794228229	470
-0.064325301142528	0.582942792498099	470
0.112037875169603	0.716226480063563	348
-0.01011052855483	0.278826498460718	464
0.08203438526837	0.794839003933453	20
-0.077396256835383	0.384940504993748	118
-0.055555389304928	0.382969897389124	118
-0.123962431438346	0.486043312060266	118
-0.00543702997308099	0.595593036054025	118
-0.017972989818918	0.879231852051713	65
-0.053787642330843	0.968584382167069	218
0.090064351820436	0.412773459414806	2155
0.00615963076297099	0.463304405256203	2155
0.049790274495423	0.278962067199798	2155
-0.029691474443458	1.02888695950175	6
0.084219129547486	0.93454006519077	6
-0.078540631155378	0.922932474612395	57
-0.100347315568516	0.691073170802086	57
-0.093498727521345	0.547536971243726	57
-0.084584709517896	0.666569545413174	20
-0.019084701955633	0.254420670728373	120
-0.114877009320537	0.153358586100034	120
-0.107638447746982	0.497076445913412	120
-0.086545383499695	0.691588191136164	120
0.086792246577042	0.794014919081658	1927
-0.114828364767825	0.263549029204761	1927
-0.080863977913563	0.560050024646692	20
-0.037617876718931	0.638131102462578	470
0.041349898242581	0.67071190167689	470
-0.090530343770382	0.268829569786967	464
-0.039226639931227	0.490137994918793	118
0.085509259903658	0.862660381165032	118
-0.090416351137264	0.39507081514073	118
-0.073152166801389	0.375186378215763	65
-0.116191229322011	0.453051836555951	65
-0.098667489476301	0.922561760913591	118
-0.07049416151016	0.528357505586551	118
0.080113238801347	0.788914790343849	118
-0.056122170929986	0.501909012662319	218
-0.050973646120477	0.268793133300965	2155
0.041152686851429	1.22541831504508	6
-0.110596528540731	0.644385633824474	6
-0.031998459532326	1.06106591798989	57
-0.050864961742809	0.860032841115326	57
-0.09956630582789	0.394939722083194	57
-0.042114390915241	0.681666433212929	20
0.114703619157042	1.40178868947099	57
-0.03559902595628	0.164989565094824	120
0.040956334345653	0.514573218447674	259
0.050159551393934	0.702306277492204	1927
0.039107851190163	0.496180007933892	1927
0.087725342117527	0.375328179963414	1927
-0.084113262546397	0.385754266813018	1927
-0.040902858548755	0.57477607064921	470
0.017678385493372	0.862240573749779	470
0.065444615966471	0.97105584601257	470
0.04817524494563	2.00091656045493	118
-0.00386090202646699	1.5195799796482	118
0.060105882601693	0.762169955196735	118
0.038306685615691	0.58658477591894	118
-0.108472345496418	0.394634843691927	118
0.096871796420378	0.409713834505089	118
-0.103523142089788	0.385251022489227	118
-0.100769582324836	0.560762779053923	118
0.106126770365861	0.805591089969883	118
0.124765373224562	1.00401531499093	118
-0.014487544369723	0.598363767041317	118
-0.053310482755968	0.390482149366993	218
-0.094154405817587	0.251597220015256	2155
-0.114202857870184	0.156132490652696	57
-0.022356343178803	0.384109693854639	57
-0.029416267680734	0.878299246321541	6
0.048174297993537	0.908045781192421	6
0.039597317915722	0.503916712174822	6
-0.030026669935983	0.646603049606197	57
0.110913033351179	1.28458487791343	20
0.109249706260386	1.50087552502111	20
-0.00508577345630201	0.595428623486455	57
0.090579670587517	0.407790550633275	57
0.068599773676837	0.853742807238393	120
-0.118251916165696	0.650524791600477	120
-0.115468151128168	0.567820439446183	1927
0.050743248668699	0.289007200605363	20
0.0407810878921771	0.677376468186083	470
-0.034571010418225	0.668628893532708	470
-0.056203661366298	0.488885536559417	470
0.118029646606178	0.195815538712146	464
0.118892862835363	0.192614416933485	464
-0.083141561782928	0.38655906770773	20
0.080653648777576	0.693618581832819	20
-0.054310638551822	0.384054619485694	20
-0.119851940079346	1.40054866924703	118
0.121141830143772	0.839078557788267	118
-0.110905524023858	0.149358603298701	253
-0.057475085523119	0.272807062660285	118
0.053457173393855	0.279626542971096	502
0.108589927896749	0.639371279391654	65
-0.06222569543573	0.485008854033803	118
-0.03885971944098	0.92414988854429	118
0.00437303580594906	0.731337220757425	218
-0.032663014907219	1.05082400196468	218
-0.094038042393528	0.387920963762633	2155
-0.00952211814683601	0.276182401081579	57
-0.100959978156578	0.391385772121105	6
0.085068106782674	1.38868527784088	57
-0.124122438858949	0.55732932699283	57
-0.078492706209166	0.852881370316287	20
-0.032414945187762	1.14650548952163	20
-0.119924759372245	0.385616416265607	120
-0.038818304892428	0.801171567852471	1927
0.073009946276157	0.505066638237125	1927
-0.115518101148673	0.492100238365615	470
-0.060726501778572	0.468736514650662	470
0.011048193270356	0.926680900035079	470
-0.122434924987984	0.489993955380718	470
-0.038528773908626	0.167402222187446	464
-0.063750682594642	1.59043051627435	118
-0.124769242602227	1.04153984194777	118
-0.095519779641545	0.564563827384641	118
0.00228448140581206	0.80313087618638	118
0.03585452121223	0.748038750524293	502
0.00507972213771202	0.504109306548098	118
-0.053242680387162	0.486119683968654	118
-0.12220645310109	0.681760257386943	118
-0.077939341245062	0.553242615178455	118
0.061368224063186	0.667938344673064	118
-0.101868297053977	0.542653642513217	118
-0.122717256412665	0.546338799791933	218
-0.101466308200431	0.804607785593399	218
-0.076113325050667	0.391463436585637	218
0.024580967250216	0.852243679509139	6
-0.114930966800489	0.639864837983637	6
0.00369269381738202	1.10971364946965	6
-0.034412393805018	0.856920516601774	57
-0.04872855012809	0.740108762479031	57
-0.103817376560475	0.378535888778225	57
0.011408514880293	1.0590525466807	20
-0.043661832097185	0.791105668169984	20
-0.102472435534517	0.539111544178595	20
-0.037514053126293	0.499095559766658	120
0.110104194451458	0.891122105237285	740
0.049982005584459	0.285679589370213	20
0.118234480257467	0.699416045355345	20
0.069002452377062	0.856171932507805	470
0.05280381990383	0.272313631962584	464
-0.017584147119437	0.392835185204243	20
0.053961708438606	1.0781251689199	118
-0.087105345772555	0.732287477779912	118
-0.082424719333357	0.270212366549726	253
-0.105006151980725	0.685301664421355	118
0.019833510134545	1.00858299471386	118
-0.097952073614129	0.778935182779865	218
-0.04215843531734	0.803658659485753	915
-0.117322146913642	0.391356916027057	218
-0.093111916332146	0.733428749052843	57
-0.055487745640424	0.934353957090705	57
-0.048052828724694	0.840354238950707	57
-0.041076983010581	0.73411748310478	57
-0.111180729690677	0.640342536331917	20
0.017335370242713	0.564718872964451	120
0.100076887339791	1.08820258387201	20
-0.013670767371078	0.959679492076461	120
0.112293638015965	1.06394708476881	740
0.074720174115493	0.960375703649611	470
-0.063733027637613	0.256571481026939	845
0.023559245396819	0.492395225406735	20
-0.001553683260196	2.12508242864826	118
-0.114825225446678	1.14493023840483	118
0.098102890842667	0.768148939318137	118
-0.113414735085191	0.149581416129252	118
0.00839406651990704	0.376449760266199	118
-0.058679109063103	0.819461292919344	118
-0.084638419449449	0.797648929571985	218
-0.108458976115617	0.835393663639224	218
-0.111073154367858	0.158761217583667	218
0.088708375799355	0.669805504374198	57
0.041951349856406	0.380639953966118	57
-0.059270385508008	0.375467935772444	57
0.00524836696268305	1.15343164695692	6
-0.109624335574301	0.559385863902221	6
0.040802877728875	0.842179630335621	6
-0.067460595064556	0.823636801527103	57
-0.029571409059153	1.01788386299669	57
-0.097029813565776	0.630695757035606	57
-0.094152324193324	0.575553918734658	57
-0.107757379278396	0.561985487665055	57
0.0629169130652	0.502566237874883	57
0.046440521653818	0.741150535025032	20
-0.098117817623479	0.254114315906651	120
0.099395892503627	0.940565835988165	20
0.00123927658320599	0.595421682402351	20
0.117783490973815	1.11878028965358	20
0.021985183383239	0.508240235057149	740
-0.010773613437199	0.387941480376584	740
-0.124844836911071	0.395937856114515	20
-0.00407161506058101	0.580544708100166	20
-0.113864071252782	0.506396346278241	470
0.023057542868189	0.784750538093967	470
0.072029740232333	0.8481035439571	470
0.123672687720165	0.193374580198933	464
0.00767863552019399	0.835108849411228	44
0.037705099847139	0.480109267916484	118
0.049009733890738	0.280734413670193	118
-0.036978571728855	0.566104749534879	118
0.016213506425414	0.805455382866571	218
-0.075335428550023	0.727418525109336	57
-0.119337692760148	0.47787075264738	6
0.04473596309564	1.00195666657829	57
0.115663812261617	1.1972381664164	57
0.0810894685452091	1.18761631525371	57
0.064698345097105	0.923982893299335	57
-0.037107933440552	0.491190234478441	57
0.023962958381467	1.0435374880693	57
-0.085228724556885	0.268162401617451	120
0.064798257277354	0.801504290223937	20
0.116720483534297	1.18851168520107	20
-0.061855184022591	0.532197312324914	20
-0.008945652500081	0.277158744933642	464
0.042515366206031	0.26806609979231	464
-0.116987490147518	0.151775234168517	20
-0.124317311616644	0.959196189235272	118
0.019901392926867	1.60020108435454	118
0.00601241304540601	1.11216056687392	44
0.072731767349479	1.18859184268041	118
0.02573609107578	0.66423920941384	118
0.062035208992717	0.840472032506485	118
-0.060373204683345	0.714288319316032	118
0.015822215084916	1.09254941306331	218
-0.013253712995982	0.686703594506249	57
-0.020587446821747	0.748454603577766	57
-0.120060869599662	0.535116744094705	6
-0.010242253234949	0.75108082707916	57
0.039088351353381	0.97419050365677	57
0.10097478316077	1.0740252592835	57
-0.107314114260422	0.60523237555016	57
-0.045219013232123	0.83594720085046	57
-0.104975049001807	0.608446408437906	57
0.05812232490488	0.985291189155498	20
-0.089944931263744	0.63787500159583	20
-0.059473959932499	0.635378143751474	20
0.027842679202842	0.976054482397487	120
0.088833250355981	1.04254110392731	740
-0.123700030050081	0.454817095634846	470
-0.111015047013808	0.372726275364723	20
-0.101777211117107	0.478663836678021	20
-0.116559027183139	0.271113713243831	464
0.055473463964498	0.688645482617331	20
-0.025783064068692	0.582447681595343	20
-0.045806024082746	0.461937461597635	20
-0.031997588253432	1.15611565421688	118
-0.124776074727155	0.591325218674729	44
0.065028939465138	0.519362990151234	118
-0.095748036698838	0.381804251397184	118
-0.011152989369435	0.577083471212362	502
0.06151792312183	1.1343709889289	65
-0.111981451680095	0.718384441719523	218
-0.093796854987899	0.770143929874887	57
0.082211151430291	1.15531076495741	57
-0.068592948264133	0.725238536322876	57
0.084552204745485	1.02179694618301	57
-0.085246632261854	0.692106543142093	57
-0.020964888550754	0.671376328550451	20
-0.021253427855497	0.669739263855324	20
-0.10618577233294	0.53318164271656	57
0.076789650226214	1.27131041081801	57
-0.124423193427294	0.633345761776737	20
-0.015339748886899	0.668377384724227	470
-0.00353937261563098	0.673745552966452	20
0.000928602240730991	0.368744573908534	464
-0.092041905969323	0.384319576225674	20
-0.10428446983566	0.400578425015978	20
0.111742937362568	0.807955615537779	118
-0.104997511998608	0.653668318733989	118
-0.120115971307724	0.152766065486777	118
-0.030853245144421	0.16865764734221	118
0.11632089089216	0.728526783364393	118
0.022434331451659	0.75924709588271	118
-0.021926717729509	0.927199873758819	118
-0.049370418477333	0.58346156011194	118
0.0779172479774231	1.31754592702477	118
0.031793213897347	1.1656840224104	218
-0.092497181932159	0.270035463528192	57
0.037265113123475	0.956645482872086	57
-0.118915626923228	0.62957321628127	6
0.082438165781628	1.09425984689503	57
-0.035642409731517	0.992350913661835	57
-0.088546514997866	0.641854037721795	57
0.081424869985419	0.692212204672805	120
0.11962621063934	0.201522244647387	20
-0.055586749499015	2.34998289918296	118
-0.018191466878963	0.391773582159771	118
-0.120115971307724	0.152766065486777	502
-0.099199003003105	0.393617587506317	118
-0.031824994507916	0.481892436958759	118
0.064425976622605	1.01983032774472	218
0.051673370860306	0.288091869950193	1186
-0.110427532079184	0.158366184621759	57
0.054536686328488	0.485780110626111	57
0.048791709776048	0.281333798494882	6
-0.021411273486295	0.496421017184436	6
-0.013221530297355	0.914874839857991	57
0.120224579340585	1.45578601378744	57
-0.021794288739231	0.859384722328166	57
0.096930169839086	0.391008704259442	20
0.024384725831753	1.08286470693053	57
-0.100567499305176	0.578194308855657	57
-0.057189049370813	0.733603741426583	740
0.0954967575059939	1.27969995382944	740
-0.112025791991834	0.484966920750038	740
0.070940396524388	0.784922766728858	20
-0.01943896637156	0.571138807988357	470
-0.00203309325557499	0.656912111719409	470
-0.043015529550819	0.608351334723469	470
0.065216791267988	0.5078351699746	60
-0.101543124449842	1.40740590258361	118
0.039456551658492	0.38913906408244	44
-0.070221488144357	0.564141424099099	118
0.123361041090727	0.499016691718194	118
-0.090315012778735	0.875338916688685	218
-0.106882971500967	0.820133062505049	218
-0.050967518234788	0.269207397318507	57
0.0551786828201441	0.595844819161202	6
-0.040452885127843	0.911016078639038	57
-0.1108698102151	0.613157626978871	57
0.004138577613648	0.496760543793343	20
-0.101906925154483	0.552623383542319	57
-0.00860086639886998	0.934257781396397	20
0.030197184179524	0.884516993092141	740
-0.055997334608779	0.261426909909082	740
0.014260249430489	0.385979836542245	740
-0.053500827812113	0.496571394417871	20
0.05603755299913	0.922456086236831	470
0.06640315336916	0.786427278175996	470
-0.032655969881638	0.625023088056908	20
0.013965044953428	0.761969515710462	20
-0.106652116236444	0.151433223447889	20
-0.032155294870618	0.171057763952974	60
0.11962621063934	0.201522244647387	60
-0.119320009735078	1.9328294032807	118
-0.11426991137384	0.464082022371284	44
-0.089129305759929	0.388945503858628	44
-0.104798175236941	0.148896934219882	118
-0.07963342351598	0.47964681221638	118
-0.03060985029787	0.883258961498645	118
-0.019059055892	1.07409419399959	218
0.010892825734111	1.24661748466991	218
-0.087307481189609	0.37054107097796	57
-0.033056113722197	1.01506712951911	57
0.039294807272414	0.772169770824572	57
0.098632247426759	0.395943206998375	57
-0.107504277490633	0.661796033785842	1219
-0.109182232208112	0.519109102210659	1219
-0.00527851380743	0.85277319293281	20
0.021523763417986	0.982942891101504	740
-0.04286514195785	0.578682658474943	470
0.061650752530555	0.698719468088059	20
-0.014295469878153	0.7721825694018	20
-0.038528773908626	0.167402222187446	20
-0.119505994544281	0.648167056785408	44
-0.027142661973343	0.788712790167821	44
0.041285279926104	0.628873642572222	118
-0.054241982760076	0.378926103905832	118
-0.068730621082776	0.638257320153627	118
-0.019682397870505	0.807271258386938	218
0.101599307332012	0.621919942675557	57
0.013433849047869	0.832656864438846	57
-0.123921017229893	0.633900875561815	57
-0.035074888069505	0.898928123145449	6
-0.086899937662272	0.640337844929181	57
0.093409259318188	1.21490591578654	57
-0.071768476846321	0.492210831009301	57
-0.053806762216205	0.474018196827199	20
-0.121403276580348	0.550125947822578	20
0.052787714449839	0.730362814341944	20
-0.121476190181594	0.638294479519325	20
-0.091251902077004	0.577337922429766	20
-0.017566089671985	0.784677173886242	740
-0.06092350692614	0.736936915254668	20
0.079461050347532	0.865133473045256	20
-0.084284799048044	0.395433647783551	291
0.050424452011212	0.792225113892012	470
-0.058789864277597	0.4944586180766	20
0.096098281240982	0.511773399750817	20
-0.065535354412804	0.395174087347154	60
0.037262189843144	1.01429458027054	44
0.093542662621412	0.847299076830271	118
-0.05208757143395	0.446171633109217	118
-0.12135726913534	0.649400122457298	118
-0.104092239557935	0.69973858724642	218
0.050114871611444	0.849954652090563	57
-0.00356069438162399	0.849359104196306	57
-0.022436879376763	0.830424955662146	57
-0.075464172139643	0.617664324591712	57
-0.085412541220314	0.720373716098796	57
-0.053633199062725	0.566304691851511	57
0.114062802350342	1.0221525920155	57
-0.111738828140444	0.839723659369569	57
0.039215461007449	0.733824938411832	57
-0.07321831804905	0.727186556824917	20
-0.101865879724194	0.647888796389174	20
-0.073154856364553	0.652667288483469	20
-0.098931115430474	0.564527950330103	470
-0.077002555735593	0.5670611693067	470
-0.032527181254539	0.660462717648716	470
0.014559722949522	0.574669178878223	20
-0.077944726531969	0.394791542430017	60
0.073420959612203	0.693150446124826	60
-0.052514778865517	0.491318156299462	20
0.116739970365978	1.02718324488267	44
-0.102911086039851	0.390874903063974	44
-0.112634152415116	0.154572288198928	118
-0.030093257110939	0.165022192894233	118
-0.087974246346277	0.261571160541787	118
0.058931219087727	0.859746362242283	118
0.087197790058273	0.393967027504378	118
-0.018232408100801	1.05055861418599	118
-0.100474143250035	0.393968668863865	118
-0.116412951587723	0.156012044058552	218
-0.024469919649023	0.870690627306057	57
-0.028482155208352	0.803660736823325	57
-0.097238268826005	0.65701762198965	57
-0.073064680417385	0.700202240034557	57
0.014526515773587	0.661479277275718	57
0.024352312042595	0.742648166265782	57
0.11790559263958	1.01976137729616	20
0.047288089927529	0.266947141864516	20
-0.111649161957035	0.484171599558733	20
-0.036055214680254	0.628994556667362	20
0.011714129471042	0.972140189647521	44
0.045565396041517	0.697407592636511	44
0.031126311776224	0.753407365449157	893
-0.013955025387151	0.493831224412252	893
0.038104661111952	0.506442311317373	893
0.122076172115503	0.201430407091027	217
-0.115448568781626	0.639010378793977	118
0.00420110650026695	0.474549764234819	118
-0.087083069814871	0.4916855587324	118
-0.016978053374214	0.943437692311422	118
-0.063459155371471	0.503053908219634	118
0.10915349383754	1.14841673054467	118
-0.051423600340504	0.723012901024688	118
-0.119324758508727	0.879751539552763	218
-0.12141804375103	0.730408324367592	218
0.065901139597402	0.502953355523984	57
0.12126047483067	1.50922171214868	20
0.051069641371728	0.923617544936444	1219
-0.082118376471861	0.491336830251983	20
0.078467463485051	1.00218166533632	20
-0.042267355287778	0.684694453181824	740
-0.052126737622298	0.579196734044722	291
-0.040356453545182	0.49071843083909	291
-0.102677392171836	0.480059921406055	20
-0.059416568653379	0.61116591205622	20
-0.062667681241139	0.765595056443436	20
-0.115675549873541	0.157431951292729	60
-0.12242858443808	0.398817026419772	60
-0.080242878122133	0.482886086199014	60
0.064605523232503	0.512337128916609	44
0.078416322015923	0.759813415627017	893
-0.046442644089161	0.579406339797987	118
0.072145026336943	0.607058066667783	118
-0.057607820061919	0.460700754771844	118
-0.105630591983825	0.539632230732731	118
0.094591702758006	0.96633800323799	118
-0.024491353264373	1.04406482067626	118
0.05463994606676	0.878220036406201	218
-0.017234698837164	0.376668225892935	218
-0.00954720455147201	0.50304422543562	57
-0.09825396257077	0.707719764177073	6
0.100700897291378	1.34249736812899	57
-0.057834149592365	0.923951227327939	57
0.114269930974471	1.17797236214965	57
0.004492158379936	1.31289486650501	20
0.014223743458059	0.399177204507087	20
-0.0045829007789	0.902400486001798	20
-0.115718352356141	0.673341051241273	20
0.069080955846477	0.847454583378027	20
-0.000400067383387992	0.962819040258679	740
-0.065920960908351	0.537955974471714	20
-0.092189813402855	0.646493928903757	20
0.094158688506606	0.398425618789086	60
-0.033558405016549	0.171307702237758	60
0.100784363545203	0.612765210990084	60
-0.094142123747883	0.39768272578079	893
-0.026298718893288	0.643812025541946	893
0.083523637188803	0.614240082188123	893
-0.108029452674721	0.154497954953268	217
-0.011387317271415	0.493847762345918	118
-0.069499726508401	0.372065593758214	118
-0.084087013210745	0.380648796468843	118
0.10555543898194	0.878166194363012	118
-0.104579302661314	0.706156687069921	118
-0.066649692557516	0.644932514363756	118
-0.070831785726395	0.812777478606806	118
0.024153096201173	0.678076149160329	118
-0.018427717642477	0.392077467537744	57
0.08419105784269	0.391505688797579	57
-0.095869888805072	0.26116381763496	57
-0.077806768262036	0.75749297934544	57
0.00118028416786997	0.886251961940819	57
0.000888958925190031	1.15236275518893	57
-0.092419055151565	0.772723476704606	57
0.00817768966884202	0.668952360651554	57
-0.123809153278238	0.380740185802308	57
0.022632735940422	0.837847686459708	57
0.048944397336813	0.674617986551808	57
-0.060400285046211	0.659018495332885	57
-0.069071735484915	0.495482494526587	20
-0.10798666259995	0.700038132775571	20
-0.031559956112804	0.379599415271477	20
-0.00853335027110402	0.498871500171729	20
-0.064735155333445	0.248687401883833	291
-0.117719792955648	0.267187832813411	291
-0.036057068545756	0.557302707564431	20
-0.08792287295967	0.591681650752148	20
0.120401910540674	0.196118981932544	60
0.094005780640514	0.394331921452217	60
-0.075647562735023	0.491129258674293	60
0.068093491963352	0.62151130767584	44
-0.085618399581723	0.819783324886926	118
-0.029613067808852	0.570552302957563	118
0.036973771255077	0.829180225805625	118
0.104405613292787	0.913919706984302	118
0.0872757444377	0.620355151842798	57
-0.049352913472883	0.27058660134581	218
-0.060062334803986	0.264446753054398	57
-0.110983424905455	0.153967810837708	57
-0.115575560670152	0.626565008406773	57
0.060439860608146	1.05002953827159	6
-0.060702665565794	0.80374253383136	6
-0.123902274407431	0.632174819330013	6
-0.01992561599042	0.738829336772923	57
-0.098332193281709	0.623728226399616	57
0.043068747879223	0.99596523288412	57
-0.005564255021555	0.864820799237482	57
-0.00482289292598098	0.729462567689691	57
0.0298861014588671	0.610143574583886	57
-0.073082367280097	0.487818923067967	20
-0.066023595344535	0.678689248584037	20
-0.105362027391269	0.386945686741334	20
0.034368173907406	0.749681808003091	20
-0.044946694885647	0.730514184334213	740
0.030587157969283	0.917643000738177	740
-0.047116005047948	0.527536332833969	20
-0.050909990856381	0.583245640726846	2257
-0.05835311817002	0.495093492387867	20
0.093783286514196	0.715432091189075	20
-0.016980349651084	0.682798016746125	20
0.00556804092613905	0.55965939964828	60
-0.03361802040995	0.171492856136262	60
-0.034073825027202	0.168545023486603	60
0.050910415568628	0.289164757680891	60
-0.060939078225511	0.492960509764664	60
-0.00150216166906803	1.15020739991983	893
-0.010337618691409	0.979933627860712	893
-0.024221628573878	0.986092707125899	893
-0.099787553179488	0.842640626386534	893
-0.053804729571956	0.796548833287405	44
-0.00282014876928799	0.478027518625831	217
-0.00641587299473401	0.479063369176663	217
0.02351016652613	1.00833497836008	217
-0.124081086663169	0.54526766393003	118
0.073028503303236	1.38793474985289	118
0.060493755616556	1.19172068501563	118
-0.084020327364915	0.814754746342768	118
-0.09300927822496	0.775908537936457	118
-0.08065665946381	0.943464779592163	118
-0.091590980626681	0.715138150241291	118
-0.124343371867729	0.582544815552559	57
-0.082438236511707	0.582422191699685	57
0.0885929244481241	0.851637751037904	6
-0.055769654439233	0.627702020520948	6
0.000997922828311015	0.898917397190013	57
-0.018938533904216	0.723070355235088	57
0.027002722970916	0.870038616751229	57
-0.016521118386196	0.840923869886845	57
-0.031473028855493	0.693726373209303	57
-0.00686253126279801	0.669614761217845	57
-0.010646929541389	0.749517296627094	57
0.06467226317824	0.918591047255994	57
-0.024252157924398	0.647382262543602	20
0.0385567933223771	0.74985567885807	20
-0.070621893797492	0.644942950329665	20
0.043017456604787	0.922228065476357	2257
-0.02180578906905	0.491054368949787	2257
-0.09930040080111	0.44849559160706	2257
-0.104143005208769	0.385537911885803	20
0.045368071890067	0.581705818226245	60
-0.097671828649644	0.394629023249097	60
-0.086186202603628	0.384349235184054	60
-0.058194377595711	0.383795058074066	60
-0.00958277574182997	0.37463232695625	60
-0.055692726168678	0.503816989388049	44
0.008229891770002	0.732592187290198	893
0.096496718117458	0.754873710158957	893
-0.033842244835345	0.718407200680949	893
-0.033969724481529	0.559337304221908	893
0.102832980853568	1.3529739316936	44
-0.043504146770028	0.470333514130574	744
-0.026142363444055	0.499599576884855	118
-0.010819736113607	1.11408248393625	118
-0.06711914551408	0.648973120813622	118
-0.097364658607932	0.853051682894766	118
-0.115691004778751	0.557131053127215	118
-0.101013999019061	0.394481905180311	57
-0.082962753303589	0.391827999204329	57
0.086445830964228	0.5090371593384	57
-0.110490263583518	0.39919468442864	57
-0.101315269919844	0.688396739006218	6
-0.00299809527157902	0.866967235529405	57
0.03174540022076	1.048754324873	57
-0.021954112966128	0.801553313794607	20
-0.013942897021666	0.83004730946477	20
-0.095866697586081	0.674561738983548	20
-0.084564829519637	0.605452734461385	575
0.123897199572608	1.14184019778792	20
-0.094774795201422	0.560775267387691	20
-0.04739643232566	0.656257491147831	2257
0.012854135923052	0.763541200503393	2257
-0.105933836137448	0.556489905991353	20
-0.116412951587723	0.156012044058552	60
-0.018602082890758	0.469057463710239	893
-0.112014833974374	0.483401927328491	893
-0.115762797028114	0.155635275207725	217
0.050910415568628	0.289164757680891	118
0.0317637348501389	0.610374744124178	118
0.100386247842015	0.618572834185624	118
-0.119288866197038	0.567740380803222	118
0.0520810607902	1.17826914147934	118
-0.104127411589034	0.701848123125376	118
0.072068699595814	1.14975105405399	118
0.10621862839732	0.870926211668785	118
-0.00595626373867297	0.883866648517363	118
-0.099042534495461	0.770978620241155	118
-0.076996389349882	0.82711451766877	118
0.045565398239795	0.398636582770109	57
-0.010499667872684	0.829582846990667	6
-0.073827317032056	0.779889218732834	57
-0.088246290092013	0.778956801171498	57
0.00666777928560403	0.926292179879927	57
0.029899936083834	1.04167558482992	1219
0.06949599086603	1.13555664599621	57
0.00828065658353505	0.89324546270872	57
-0.00953939546235599	0.278217951691113	1376
-0.004803223583706	0.889749692595992	575
0.00509131268936702	0.480019804056902	575
0.0451723391391951	1.11683757280013	575
-0.010566121579572	0.716772016664895	575
-0.099660299009312	0.526861815831096	575
-0.042203958506407	0.696376232763487	20
-0.045020847031659	0.666239616263252	2257
-0.065085307183686	0.555028246920962	2257
-0.00358775592227401	0.749414828395211	2257
-0.088519782973925	0.556794973951494	20
-0.00171765573683802	0.580077766208856	60
-0.032155294870618	0.171057763952974	60
0.074510549053099	0.708058442333088	60
-0.111944780538987	0.469786291070928	893
0.079637819269802	0.616609751471123	893
0.017070680912496	0.739135355792294	893
-0.080064482425199	0.537617995534875	118
0.00131829945268003	0.676764755521437	118
0.011868545137236	0.898582111868372	118
-0.109802271450255	0.559362666698685	118
0.016957907204418	1.3051695787295	118
0.106780616698625	0.710221735724615	57
0.012589794338964	0.391527990815463	57
0.118319644642677	1.41265038014208	6
-0.074040080294921	0.782105315290928	6
-0.022840974950677	0.781515970022688	6
-0.120204594643067	0.69183445400268	6
-0.080227298678521	0.827223302747076	57
0.082364299127813	0.822479329008589	57
0.0318797649981341	0.593117950996276	57
-0.07515088564826	0.564318605351001	57
0.089535289091516	0.393542168823215	1376
-0.09166731773082	0.273145659338013	1376
-0.05943129889628	0.562791219747072	20
-0.108375927775903	0.747993550448557	575
-0.07870654381977	0.793445952541808	575
-0.017538462176392	0.270488871711001	60
-0.032094472202418	0.168316179247348	60
-0.011883176633951	0.888590025605055	893
-0.060349471418586	1.00921096656319	44
0.113279272500293	0.868840360960532	118
-0.023619062574953	0.489210843267567	118
0.097580005765461	1.29162349838914	118
-0.124904901108877	0.788354156341892	118
-0.072067012000263	0.886332914669199	118
-0.066100107580832	0.940739007474278	118
-0.072748220095615	0.394301839124008	57
-0.0275711344743	0.492934346587881	57
-0.063019676710641	0.453319879910688	6
-0.078614512226663	0.767587953572457	57
0.111433387145889	1.44138973796875	57
-0.031585587152305	1.03091965648698	57
-0.012579357433584	0.836955188117647	57
0.0731477124854381	1.20194088545075	57
0.0560831156763461	1.32534759621514	57
0.119785538010596	0.797218114580461	57
0.021953451131024	1.14629754424609	57
-0.111897899981872	0.158234870560768	1376
-0.052502325546678	0.915595866125566	575
0.049727870931349	0.606845904307196	20
-0.036041917905956	0.85192541573016	2257
-0.044067997548528	0.648653623778002	1727
-0.101687547328049	0.64743548350674	20
0.0462976944101921	0.280280242490032	60
-0.044273607392858	0.570849957162231	60
-0.096542675715773	0.453775743350708	60
-0.122781034383485	0.489116254234644	893
-0.059660300485878	0.580261822267723	893
-0.105613467250788	0.392512750163236	893
-0.033558405016549	0.171307702237758	217
-0.011867645688394	0.278192844912444	217
-0.013636922658358	0.27582628188158	118
0.088609126078638	0.868184833146903	118
-0.030448530170515	0.388569604346953	118
-0.096561536661563	0.381972724537808	118
-0.060430850337372	0.493303947950588	118
0.050942017977919	1.57005035488691	218
-0.091934682743093	0.774880879722772	118
-0.100180317870546	0.751472505580968	118
-0.078446841060645	0.507172983070084	118
0.010591087900593	0.801450929390519	118
0.118758226631375	1.65082959065525	118
-0.101398684094453	0.916091429464956	118
-0.119730897078814	0.145575903773235	57
-0.06765782161962	0.790813270256401	6
0.076493089409758	0.705007346137133	6
-0.113642761365271	0.795191329615539	57
0.083965527372065	0.853031881022217	57
0.032985613748837	0.603397576103933	57
-0.062094537400436	0.370241410535667	57
-0.062844719350128	0.780105221152996	57
0.032748506390291	0.491448498568951	57
0.0155720464260189	0.965902081610185	57
0.062683340009838	1.06217270136569	57
-0.109204517884987	0.68748952165097	575
-0.02736606117787	0.362540646175029	575
0.029113931953052	0.594885396204185	20
-0.021131845917651	0.820843968457927	2257
0.017935880807366	0.672567289633236	1727
-0.063756903592996	0.603809422504877	1727
0.072607352568791	0.93236349970642	20
-0.109178063783433	0.14418294135378	60
-0.09589319006295	0.384803033359114	893
0.059770245800012	0.959801893636611	218
-0.095272798130861	0.902290962899474	118
0.059447433382064	0.828891853555848	118
0.020320967611914	1.2670891060855	118
-0.122519210956356	0.695974643783211	57
-0.081233413411126	0.735064484984451	57
-0.090303766233924	0.715103374691599	57
-0.043463982448227	0.852534149356693	57
-0.048200225513884	0.387389650060548	57
-0.10331338293502	0.746258679792702	57
-0.109524407274675	0.672992805485558	57
0.033977552258867	1.09446044623412	57
-0.076912011375487	0.648258325523348	575
0.082228403685664	1.33706077096754	575
0.016077211641615	1.06557636498626	575
-0.036249638327988	0.56478137935147	575
0.0623808580191601	0.512382314509864	575
-0.057897298102262	0.576140317689358	20
0.10372475601801	1.02049478545282	1727
0.053826719488222	0.282089543803239	60
-0.060820800230756	0.255858603287671	60
-0.099184069231437	0.365086179750699	60
0.104774487297146	1.79846751853675	451
-0.035718129526656	1.23458956281362	451
0.057883739481945	0.826656706009816	893
-0.09582782986342	0.393366540625419	893
0.080935668244582	1.48650865279429	44
0.050555016249909	0.281419909857836	256
-0.027841307702626	0.165171762298835	118
-0.087571883827798	0.386281391377752	118
0.060636951934033	0.602802563068279	118
-0.055231725629407	0.369337485424076	118
-0.069349244389023	0.560065453218457	118
-0.110282559149861	0.467584332004995	218
0.044822612788454	0.272316332680211	57
0.067734826571852	0.952976560031453	6
-0.122856782839706	0.689540598525464	57
-0.048289461490951	0.842916179469782	57
-0.001020095693746	0.989843666870918	57
-0.121451766114377	0.564814976364946	57
0.071862951537559	0.939901226616786	57
-0.095362218425098	0.257348459083065	575
-0.110643242502736	0.268326986125988	575
-0.000915369910337027	0.667683843825794	20
0.068281385330466	0.835847488247698	20
-0.00511788408872099	1.30815573745882	451
-0.12005816848814	0.389410601547202	451
-0.091770683664152	0.645706909413298	256
-0.029372068306671	0.168506458901295	256
-0.078604072907712	0.382585844949205	118
0.085957038294906	0.802187372214163	118
0.00106847799655996	0.577131822123633	218
-0.084851134558322	0.451987263489318	218
-0.107499827892893	0.650541145610711	1106
0.048415072994848	0.282674452330828	57
0.061745504109112	1.12793434978094	57
-0.038720952315316	0.814030741229931	57
0.00950431441936195	1.02593297693059	57
0.038526716730195	0.983038656858286	57
-0.055002997641707	0.634864137697379	57
-0.068197336929182	0.660879804109066	57
0.089005354867955	0.694928983965309	20
-0.00152500501331798	0.805070874478725	20
-0.056505582760852	0.722381450487894	2257
0.086622037050191	0.924132606222776	2257
-0.01934686214956	0.480967812760539	2257
0.039097626285423	0.890161304614884	1727
-0.058450287979097	0.703952185629286	1727
0.062600432057387	0.997269025822091	1727
-0.111162358829902	0.159147929071506	60
0.016999016553704	0.38732582336252	60
-0.048961336422861	1.19989063386549	451
-0.018831506054331	1.18985906703877	451
0.079899727565026	0.76625965837787	893
-0.019248990702069	0.741128101519719	893
-0.053178446407531	0.492487236286369	893
0.113706781524745	0.189916286385992	217
-0.027188976924162	0.16455136252856	118
-0.041713902186638	0.707206427679877	118
-0.098322712671874	0.802504728096273	218
-0.113639647671787	0.837683598206188	218
-0.069939599988139	0.685962381437896	218
-0.112344981637112	0.754557084612556	218
0.114478989136667	0.194606563884473	57
-0.08436925906977	0.535193890409484	57
0.072884103870736	1.11679739356957	6
0.027367537667932	1.03895746954551	57
-0.096028770192533	0.750220210291356	57
-0.107279419042214	0.490789563084453	57
-0.072086304070239	0.633689080909431	2257
-0.100384610493934	0.63153102869665	2257
0.036047346659609	0.891558945871641	2257
0.026689065386129	0.876674268462402	1727
-0.056444352509289	0.835123176768242	1727
-0.12002908408002	0.153647288650886	60
0.117252894763946	0.19109165365643	892
-0.106595428122101	0.482840147033914	60
0.052414095032284	1.90152826995188	451
0.073855273195053	1.76449774229174	451
-0.065874884628371	0.533635482927662	893
-0.06735773643911	1.01857984867628	44
-0.116164976737783	0.155730893895936	256
0.043878185007868	0.266147478336981	118
-0.121571650483114	0.559773374782508	1106
-0.116342183528933	0.149128632407299	57
-0.045556837348432	0.494391398939889	57
-0.059681192766538	0.788635705921107	57
0.00384232739004697	0.989647345201341	57
-0.104591629821606	0.62607733237688	57
-0.00388393057381903	0.783606347070671	57
0.072896501107342	0.613858441914125	57
-0.121197628541751	0.271168554644808	57
-0.084227891507135	0.61940073086513	575
-0.093413361149268	0.494301496524727	20
-0.041844598441413	0.480849785361383	20
-0.115733180276551	0.630546270147779	2257
0.090639483319187	0.408250910405562	60
0.047262025987647	1.59834433395722	451
0.118637009928781	0.817496564409477	451
0.028151633237566	0.662291840034691	893
-0.00598701166771398	0.871983617491481	893
0.119669786755726	0.197421523304085	256
-0.110427532079184	0.158366184621759	118
0.062778761003642	0.618748101026444	118
0.043518789702402	1.26348971036232	118
-0.081275340087755	0.647935719918924	118
-0.097023223354894	0.256770743257254	57
0.026836251006783	0.503865192698727	57
-0.032155294870618	0.171057763952974	57
0.107695895133951	1.17170025578612	57
-0.050294386363676	0.584062016276224	218
-0.013056069813267	0.922076032443455	57
-0.093082947466613	0.708224386492628	57
-0.011387644779167	0.645904633165332	57
-0.119883812393483	0.66169153802605	450
0.105686121218024	1.1652371855755	57
-0.116527478024247	0.258723814820835	57
0.014869888131105	0.475180580697988	57
-0.033070645416338	0.631818507676205	57
-0.059619417211978	0.615323731254078	575
-0.064307170859437	0.483859329239517	20
0.00201311642445801	0.681725415290028	1727
-0.064780702428123	0.253642539232155	60
-0.00693201298045498	0.384005732750194	60
0.075463142381987	0.702099084604674	60
-0.08860803979457	1.39727389911404	451
0.020378476246358	1.00720326209997	893
0.045950262037525	0.282345741394933	422
-0.115609235503138	0.152505550441702	422
-0.056378579014922	0.27090210212395	118
0.00396525958391203	0.384339179985066	118
0.071057752722127	0.807365405174061	218
-0.116611114893578	0.582545455203206	1106
-0.00241931290064601	0.831515007619958	1106
-0.042463757298735	0.437030636833212	57
0.092925597066111	0.412759286175583	57
-0.017140439250565	0.267272460253289	57
0.105954702358223	1.36472472235711	57
-0.045676805516011	0.868332426236371	57
-0.069844584255015	0.380265943147536	57
-0.109825001424134	0.66770625206261	155
0.014947426340102	0.933669077654342	155
0.029067427995031	0.912863608796392	155
-0.117428095529061	0.265809699439388	60
-0.092532591487031	0.260578779269105	60
0.102729747172215	1.31924774985408	256
-0.082334815746705	0.658396376701477	256
-0.107999597123552	0.698322250072213	422
-0.058784620385464	1.09872731634449	118
-0.011461837098238	1.02936606422442	118
0.060708987765476	1.32425294389813	118
-0.093478689123645	0.66114880963349	118
-0.081754717175339	0.752144900893262	118
0.027227324769484	0.779008555592882	1106
0.079652321718244	0.932389401912541	1106
-0.027011534768497	0.740116533175433	57
0.087413694315417	0.864503142944718	57
-0.035922844962023	0.582163491193307	57
-0.034465843154609	0.663760397589123	57
-0.030306782901877	0.591114591440696	57
-0.059695124334968	0.576887944542642	57
0.011411091564912	0.593729773722318	57
0.053680511541641	0.816525882243426	57
0.093127265963968	0.793814992545383	20
-0.0200081312754	0.593152236359048	575
-0.035843645523526	0.725661282340214	155
0.015361936224329	1.19817580267229	155
-0.025964133364584	0.536963522304707	155
-0.05572006059846	0.48378661198424	155
0.073073326704687	0.589538129967987	1727
-0.061833125745257	0.49248688271153	1727
-0.05400389226122	0.380347360004934	60
-0.098151581246568	0.478839387279896	60
-0.00625698986637002	1.9528733546038	44
0.011807604200945	1.85362478800963	44
-0.064887085494343	0.875008718251989	422
0.010496999058329	0.904147012102278	57
-0.015086205790314	0.577468256686832	57
-0.122074759296549	0.468977410593627	57
-0.00371026017391102	0.723488194719511	57
-0.065575917422778	0.641180957376671	57
0.057176313997202	0.772501277399631	575
0.030847213770685	0.758416117345527	155
0.045157166723193	0.914992190440774	155
-0.028237107754564	0.853170287185493	60
0.116451241811631	0.736503835717406	60
0.0588658019482901	0.694641262838283	60
-0.07227013033269	0.879113305840149	256
0.0270746252922029	1.64435382061476	118
0.113618839927964	1.01975148450716	118
0.073764427755558	0.940734883473431	118
0.080589510664166	1.21346530729831	118
0.036223624693612	0.751440113781137	118
-0.036553649581587	1.45475349165447	218
0.075975222866168	2.1513958215069	218
-0.118947940691601	0.404047162288386	218
-0.042119498685638	0.474247969617316	1106
-0.048731280753221	0.834627443658428	1106
0.011697797466782	0.863282551045557	1106
-0.00144683568411602	1.16861219384296	1106
-0.046916727392084	0.941871407143955	57
0.069746025325738	1.04715804742512	57
0.043687853748675	1.05649657409028	57
-0.083065024804875	0.391242102037205	57
0.016347086477845	0.500790951678637	57
-0.093089375129125	0.383228066979634	57
-0.112671936825674	0.267373350544064	57
0.091222890095464	0.607156815563543	57
-0.043673625843308	0.37529102416813	57
-0.119234702350846	0.404780938643791	57
0.022545262383868	0.494812358905304	57
0.014969356678894	0.743585877756457	57
-0.113911687308909	0.850342635172428	57
-0.072783959245501	0.383933262175829	57
0.00840045859740402	0.397480718885539	57
-0.067898287707178	0.470341319383878	57
-0.040636781512834	0.627092595781247	57
-0.101171163537837	0.483884377700464	57
0.12180581754425	0.524406309118181	57
-0.025722579204221	0.384084535559958	575
0.00263404132989498	0.647371897344913	575
0.112108643303343	1.07954271306827	575
-0.004326529572791	0.59161778824713	20
0.032494003881345	1.12017854832635	20
0.0436166474320619	0.601038436785509	155
0.087198922300276	0.399289707457083	155
-0.096367613381742	0.385192370460547	1727
0.081511530221978	0.38011903686326	1727
0.057153309376106	0.595814123803278	1727
0.02244774199734	0.497022614808561	60
-0.062120095674747	0.369200158341832	60
0.0396555930670111	0.495347320841371	60
0.008082478752381	1.15345104315039	60
-0.098773803468207	1.95558799383758	44
-0.04583934670776	0.902902013517448	256
0.016114672440271	1.23870621429785	118
-0.029528193399585	0.82858449294168	118
0.044986416402929	0.727758708114122	1106
0.0493765986518761	0.502428290905921	1106
0.057817093249606	1.44969163152933	1106
0.08663425474481	0.751529763282634	57
0.083011613101471	0.499640685335774	57
0.034797683130489	0.499828984393818	57
-0.075435154575813	0.386883495454956	57
-0.085796447058198	0.269708158496927	57
-0.065210866387934	0.391518340968978	57
0.10574659748612	0.615431941173062	57
-0.081426434739845	0.3934182848764	57
-0.030238229891135	0.490967626310752	57
0.046359094489932	0.598896970211318	57
-0.05274214392152	0.494580192873921	57
0.092380850950638	1.72311488081933	20
-0.077631717459138	0.374668876740184	57
-0.06285782535178	0.375459755816732	575
0.095894218286583	0.530613697048486	575
-0.098568574505212	0.380424501152642	575
-0.063927090476335	0.689334676603406	575
0.107810110755848	1.64688816966595	575
-0.056183141302187	0.877674334231334	575
-0.059297648706772	0.379566759321602	1727
-0.048220803095278	0.395127015654095	1727
-0.018082966334444	0.388177092265972	60
-0.047297832499093	0.382456093188709	60
0.050990699094864	1.50048734427644	60
0.021569870085224	1.15087163981119	60
0.02785961753521	0.501363803262893	60
-0.077227315839531	0.394098761495941	60
0.07031293787496	0.706343916708314	60
-0.094211405392975	1.12283367331422	256
0.0618987575936511	1.37741495010148	256
-0.071364092882654	0.993147317503338	118
0.04915612367893	0.926477762365071	1106
0.002634917762533	0.964526412061941	218
-0.07690659936148	0.493128167514794	57
0.0669272914344879	0.687259719846938	57
-0.042026948663315	0.505657694808637	57
-0.094175445780773	0.400416380803559	57
-0.097797390398281	0.483982613883736	57
-0.076137190714415	0.486908436592447	57
0.014778201356372	0.979102260152234	57
-0.077447031446954	0.77212629153418	57
-0.121895868412344	0.63420647397756	57
0.011084489610482	0.576099749657083	57
-0.049328348315054	0.643130374462095	57
0.014266413320803	0.695415442786758	57
-0.044804138115507	0.716924059922845	575
-0.079840990769922	0.478125664349418	575
-0.052937535500526	0.857478734436539	60
-0.072410253555283	0.381185266762339	60
0.097232767785665	1.03083090317136	118
-0.04694322545009	1.05658302863284	118
-0.022144033480145	1.05037775888287	118
-0.059542414819671	0.847936746454984	218
-0.046363843821193	0.572731149980504	1106
-0.08008512754757	0.622457186441204	1106
0.043374747712729	1.08856020676853	218
0.040458679778004	0.771104386485541	57
-0.122345203300799	0.379495863040533	57
-0.00365490426922699	0.497413509227613	57
-0.06981806446381	0.578253766022432	57
-0.096410277510365	0.481085384297293	575
-0.000470752529745988	0.509957287704178	20
-0.026206603096057	0.477247520021861	20
-0.075195058095968	0.362052656060491	60
0.011231904594607	1.02665971257541	256
-0.086705266157102	0.852538552940835	256
-0.091125850030637	1.30570369978256	256
-0.103324250938085	1.10347177647052	256
-0.120001359849239	1.28189787627133	118
0.022565552058794	0.586183878727606	118
-0.079626989654551	0.379597513970835	118
0.05759183103202	0.585254123866943	118
-0.000176137506815	1.15318571425261	218
-0.085274334755131	0.623233419217456	57
-0.048705173333216	0.26622700772378	57
0.050743248668699	0.289007200605363	57
0.055778356717	0.275736103855128	57
-0.011086900837315	0.263193860378201	57
-0.094938988361342	0.654969089096705	57
-0.049076206116801	0.56370154996749	57
0.041339794376285	0.485840286775428	57
-0.00585036626340002	0.38882576332392	57
0.042675838105399	0.392014378364101	20
-0.048589985220821	0.394437006646268	155
0.047309798354921	0.284674180526666	20
0.088080808022423	0.408349735694508	60
-0.000686600946762983	2.34865140413557	256
-0.118475740819531	0.490080916664732	256
0.041275563172763	0.764020966682113	256
-0.11080696402988	0.52616757434893	256
-0.055797284590122	0.748876018222488	256
-0.076255042249455	0.559557814902313	422
0.123751038505216	1.2674509094514	118
-0.099646666560695	0.723266550049062	118
-0.055761775680139	0.901777934710677	218
0.021772971199303	0.96294661899407	218
-0.056347445891517	0.798591081061073	1106
-0.070110904760277	0.646591921011665	1454
-0.10948306588975	0.518290296713335	218
0.032366682485691	0.641801697099389	57
0.052036306315365	0.664512993322085	57
-0.058662462204538	0.496905657017776	57
0.00244093308387106	0.927129568810851	57
-0.112742734277433	0.493449704001583	57
-0.0900343019556	0.649891226082066	57
-0.119749575211686	0.454969268877132	57
-0.084911652311371	0.613382704209106	57
-0.019375694351219	0.507198965273238	57
-0.048191957150338	0.504801730437574	575
-0.116610768353149	0.57203501637217	155
0.0110927268261179	0.66489192687399	155
0.026015877391669	0.678779293676505	20
0.074847113563961	0.710217239175397	20
0.058039477997719	2.29357604425752	256
0.03500520284819	1.5748189743055	256
-0.078200237349533	0.534157699461245	256
0.020777890767338	1.20581404810761	118
-0.072694957366686	1.06237747267504	118
-0.065778846616384	1.01337917790218	118
-0.03613822824636	1.00018052358556	118
-0.110050803818086	0.65394266881918	218
0.109936339737272	0.935191502349438	218
-0.062487993980699	0.78696694321919	1454
0.0979958047235811	0.860403071450986	218
-0.00346894036268203	0.595842649625063	57
-0.11969299648495	0.392343001492189	57
0.025750491608862	0.593510771232927	57
-0.079114884287239	0.382047323498418	57
-0.092057794487151	0.479356734588089	57
0.122227869813862	0.717531697213443	57
0.088166634700214	0.627359258262954	57
0.015558515826281	0.764129189933877	57
-0.048925334425177	0.560039052781182	57
-0.00401457578161901	0.709715418374678	57
-0.021446178957292	0.730965711209416	57
0.051330031136588	0.695151746213683	57
-0.105670085453182	0.472567855271159	575
0.01135427391415	0.656804894564692	575
0.054775989061653	0.688366216720528	575
-0.016534119359412	0.461438231941396	20
-0.024482086616556	0.734252055071534	20
-0.042871243211914	0.36493816425973	155
-0.111422269543151	0.576576811247009	20
-0.051414101043922	1.27195357869278	256
0.017530991619781	1.29985746376667	256
-0.090130227033353	0.769834640924239	256
0.0218691305436211	1.09772113338083	118
-0.09269688695783	1.04352725543847	118
0.033422319548888	1.10332000172515	118
0.09692906799937	0.795296047200383	118
0.048880277674315	0.983643098026155	118
0.105468085394059	1.27222666048362	218
-0.097866309827808	0.375861211791503	1454
0.090119558333986	0.502605763403377	57
-0.041887189294474	0.38593014929671	57
-0.081264447944345	0.358463702300825	57
-0.112661425717313	0.267592330085506	57
-0.048220803095278	0.395127015654095	57
0.111767206096956	0.613310430207778	575
0.051788380201072	0.505332460253673	575
-0.036452772303539	0.911547771526186	575
0.010363294779928	0.397151482541058	155
-0.043017212754728	0.382777071821218	20
-0.060682815723071	0.267307631297192	20
0.028097400202626	0.839131182184257	20
-0.095898783694546	1.02405223076199	256
0.00633846128579496	1.41730103986108	256
-0.120125965594661	0.841580673621736	118
0.089688826795464	1.60823613255978	118
0.000107782954505975	0.57366800003508	118
-0.079423322097709	0.447500405513235	118
0.019784987668402	0.609190763297093	118
0.0120061114069689	0.402309824359619	118
0.118257411849685	0.732770800270937	118
-0.030021964226148	0.575965155904974	118
-0.117965938284667	0.896004279247508	118
-0.109879684149609	0.603166605245807	57
0.013133214675628	0.402095676450382	57
-0.121096113900569	0.255636958871735	57
-0.091075844442714	0.260112003270796	57
-0.052555252811768	0.271852130685519	57
-0.013956389670169	0.397222038870069	1298
0.050148283132671	0.288176659673767	57
-0.082991934478608	0.27342121143291	57
-0.035172494599104	0.38305644921311	20
0.025101835357127	0.76349686888434	20
0.019933502649521	1.13129727705207	20
-0.010113140048476	0.26727477466628	20
-0.043446469607232	0.364803093248953	20
-0.01860844800247	0.372343752658769	20
0.00868383155766495	0.379642156816732	60
-0.077739296098839	0.392582090042041	20
-0.061578892767141	1.74822132137868	256
-0.027977570335126	1.85779430783644	256
-0.08304052085214	1.21036066530608	256
-0.043088334071712	1.04149879632736	256
0.029040473347776	1.39539975229233	118
0.0899626652404329	1.63802581031961	118
-0.063352777037166	0.649974149042254	118
-0.036792261374834	0.722625395463883	118
-0.071496573687749	0.854410194387276	118
-0.036198985587121	0.830058079277233	118
-0.06124385069514	0.896203009232919	118
-0.097370580742841	0.387417438048042	1454
-0.105053736775148	0.385199563319895	1454
-0.017266702101691	0.854138123692183	1454
0.043005207273801	1.28811163820313	1454
0.00944741876581501	1.15211057030588	218
0.024176829744151	1.01303622505211	57
0.01020383632957	0.963090088171933	57
0.0846867037668691	0.934335549453163	57
-0.088104754850021	0.387215627841524	57
0.0579054035621051	0.602398512391961	57
0.085125625753222	0.608803772548582	57
-0.06328207643691	0.360923355950727	57
0.120021786985846	0.736288850726837	57
0.06023971259464	0.50171073672204	57
0.061485885698147	0.70473745351153	57
0.096989806517166	1.2921127989532	57
-0.017424047832533	0.924322721564745	57
0.070605104511082	0.852955292801038	57
0.015619283663007	0.471348191548599	57
-0.091985544535453	0.575468899006651	20
0.035260599553243	1.082840992512	575
0.00220150989453405	0.949981101024523	575
-0.0477679291349	0.375002270339537	155
-0.059131500239598	0.89104105659964	20
-0.042217034771919	1.60315631181415	256
-0.034055084114772	1.64236921811192	256
-0.007578746483131	1.663516349474	256
-0.113653938689679	1.27473931726272	256
0.071811546262373	1.91058967347284	256
-0.095764468154079	1.27976323629356	256
0.015664369874299	0.819023825446168	118
-0.028444547692065	0.79529545209974	118
-0.095620013907992	0.753198972942746	118
-0.096208417039341	0.669594626206269	118
0.00297415516622201	0.818928290966612	118
0.076757541477243	0.676264246062596	118
0.020650078464709	0.395388244106798	1454
-0.043535678371314	0.383829198448005	1454
-0.096453949293804	0.259383181162077	218
-0.036320828894747	0.378253974667361	57
0.089623545787374	0.394807166808102	57
0.100894799040749	0.712660831121878	20
-0.086831599070805	0.634298734501831	1298
0.046363088799617	0.39789306057211	1298
0.062639941388302	0.513235296481891	57
-0.053463471594347	0.877229284455504	57
-0.00246752718704402	0.486956379752791	20
0.060675212032159	0.499356081623618	57
0.060086999521963	1.34904551130692	155
-0.082018063674672	0.392063239682394	155
-0.036822257204065	0.395290246685083	155
0.050910415568628	0.289164757680891	20
-0.038375792890111	0.38213810974094	20
-0.035369566253335	2.26631307794849	256
-0.099834885552813	1.96366318303559	256
-0.050959837512699	0.663211570146628	256
0.023028925587728	0.58525435564448	256
-0.080969353035408	0.448425525933795	256
-0.099468852837261	0.558104264656482	256
-0.08688633660202	0.482273664506894	422
-0.05497746936505	1.04406975147224	118
-0.038362321985719	0.911441158590625	118
-0.054608813816954	0.902952856297858	118
-0.114136297185992	0.757214779797203	118
-0.063199782133668	0.733992901441612	118
0.00209022984794005	0.728434764124004	118
-0.057070301340126	0.550307247014179	1454
0.09778939950356	1.36998552761138	1454
-0.038734697163102	0.872423489690468	218
0.05427692257325	0.670311573900296	57
-0.04484311506851	0.5830763574484	57
0.0907492869457131	0.611501768107168	57
-0.105639728074952	0.374179426950926	57
-0.091644248697433	0.375300859201471	20
-0.050800706064233	0.557334231420054	57
0.102990844971492	0.76813059333481	20
0.050034794893654	0.588594696298341	57
-0.036659343830929	0.716663007887222	57
-0.103439964388598	0.36763932687778	57
-0.115032132218376	0.380840530324623	57
0.077126953501386	0.716696348268029	575
0.096689253915169	1.01810987584106	575
0.06860808369856	0.9196477376492	155
0.010483261640201	0.730739132849079	155
-0.10833335410105	0.395808099577337	155
0.02200492881065	0.611364877191527	155
0.086691496125335	0.870241898269031	155
-0.111614730998553	0.489347936216354	155
-0.105486902691208	0.374308836419879	155
0.084045703726999	0.620458846041566	155
0.037288937880632	0.497292185853464	20
0.00701762038820897	0.393820006450717	26
-0.024731350103141	0.71331434494977	20
0.097740720268772	0.518177166044171	20
-0.019652067696273	1.02121002125258	256
-0.038592654606779	0.993163039559658	256
0.013645725663051	1.18049094838727	422
0.056827465129405	1.05408766478905	422
-0.115018754089323	0.867558657714337	422
-0.045579072520559	0.968100730907034	118
0.026146155529546	1.0718386330002	118
-0.057587188067038	1.15737403371602	118
0.056228058654428	0.857317950676573	118
-0.000158540755896996	1.18136580614591	118
-0.061894682072635	0.926963010484316	118
-0.102598576987979	0.461310800414994	118
-0.037872323753018	0.765087026006591	118
0.044969000837921	1.25761214455979	118
0.118378816955592	1.42975899668718	218
-0.083140619123473	0.378603703102649	1454
0.011980253175914	0.918456432735387	1454
0.101732978278119	1.15717224161808	218
-0.055687369556253	0.860499986122644	218
-0.031777725365413	0.662931570312127	57
-0.02171911689669	0.866381400400389	57
0.00667195527681797	0.496187199215828	57
0.089687372164772	0.518856826222327	57
0.0410074048500479	1.07043576846967	218
-0.036091713285841	0.57977068154632	218
-0.019665056081476	0.377765239738207	57
-0.064407590484109	0.389027193108825	218
-0.066965663171142	0.476250248119491	57
-0.084887436641256	0.384295778634153	57
-0.062040555390445	0.261079857936048	20
0.038173037110907	0.489202805224782	20
-0.000679989571008011	0.926402184522833	1298
0.086414359992161	1.24596337286638	57
0.062849818547756	0.608797073202109	57
-0.122803430573721	0.542742960213518	57
-0.049209197235592	0.394959618821113	57
0.055618010772431	0.491879309891767	57
0.074053496174226	1.03504782314415	57
0.036302712626245	0.500053238387357	57
0.0735316420571041	0.619361437239112	575
-0.058323544348363	0.652976740216289	575
-0.00163054443091099	0.654650590843739	155
-0.044240745867658	0.497250184071844	155
0.034372394357065	0.489845682252292	155
0.011785657890812	0.379825000022782	155
-0.088393705899473	0.392914788681482	20
0.094148471162916	0.953049764418185	20
-0.046147360033209	1.22502548876323	256
0.029443928634014	0.693428205738431	118
0.061050353353011	0.617622543612361	118
-0.065040676976779	0.393740230857939	118
-0.124030437825872	0.688241733728244	118
0.0280322663781321	0.982685486934805	1454
0.047291261186372	0.884830654268465	57
0.078212605938472	0.615855530389993	57
0.11823023793795	0.488205394795109	20
0.069793481345939	0.838978668206615	20
-0.037260122100112	0.387432774840926	57
0.10334546177313	0.668401452760959	57
-0.070545486665114	0.37672193293281	57
-0.097319578099977	0.536265317990884	20
0.039515029382259	0.374897768875204	20
-0.013077593845732	0.397198051393585	26
0.066151322270823	1.29510539699903	256
-0.06107963436011	1.47457788735883	256
0.10165838003461	1.62975285874371	118
-0.041300631321182	0.6630626253842	118
-0.058159604436839	0.557127948583182	118
-0.063140771032376	0.478848421039027	1454
-0.088125239917129	0.491289186496986	1454
-0.080667450996412	0.565576333835628	57
-0.026432013163037	0.940332800714865	57
0.025056614153855	0.508959151439436	20
0.111451919626633	0.728295166240127	20
0.049642339928001	0.393483784711179	155
-0.071718293297021	0.363744919651726	20
-0.046579887662204	0.455284242278558	26
-0.00412899180567799	1.99575527603425	256
-0.00872504547170699	0.987191043376839	256
-0.059910156235617	1.02085455414083	218
0.038349395022067	0.489354125474552	210
0.00999725777859894	0.895675387485778	57
0.115318972379318	1.1007470158729	218
-0.012686796656461	0.671658906897898	218
-0.075033490120119	0.582719333043767	57
0.114176066451161	0.802526655226644	20
-0.015085238058188	0.702331937810422	20
0.059772086729415	0.702242097917766	20
-0.120524075258475	0.480205827054401	20
0.04109389356057	0.670714626860485	26
-0.032266461138837	0.368221529323003	118
0.118234480257467	0.699416045355345	118
0.070426593922479	0.979538875823287	118
-0.06991965583435	0.893802538966862	118
-0.021349282048518	0.566646565904075	118
-0.00725995082590303	0.857653375000789	1454
0.00631419602018302	0.377623529340376	210
-0.033960199145836	0.383218070951483	210
0.0582902751833549	0.916252983373849	57
0.02897734170144	0.783306329157415	57
0.112033758598565	0.864858454329976	218
-0.064717754874044	0.657948795962518	57
0.034765012932567	0.901965301468152	20
-0.053879778586568	0.664923860365093	20
-0.00324270075329902	0.715336118626853	20
-0.040118861809311	0.681573121040045	20
-0.042335057221565	0.807566933135276	20
-0.122626805341103	0.545025526116971	20
-0.047132595146262	0.650844983029369	20
0.032913353134686	0.819573234099494	20
-0.072510527315645	0.549732615829085	155
-0.020073824678354	0.600893826280384	155
0.11978322879342	1.03728920544636	256
-0.037222776396142	0.539738120283989	256
0.05028035753434	1.66274943739165	118
-0.0749854681616	0.722063651664757	118
0.001777646630161	1.19406927825442	118
-0.114247125861563	0.716239670936225	118
0.11219851125677	1.19223236722932	218
-0.063768114891677	0.558231024477666	218
0.111677151889359	1.04111538222735	218
-0.035107502370795	0.47678217771835	218
0.037888251060321	1.03871934025091	218
-0.014939601738277	0.849283724300106	218
-0.063235637339816	0.739787256612644	218
-0.101425700908254	0.531432571732077	20
-0.08566748461623	0.665074407221602	20
0.03133219473941	0.485089767347889	20
-0.090338486912215	0.639163862682792	155
-0.051858607530273	0.783138982749087	155
-0.12211859265458	0.455457257131184	26
-0.017444328617578	0.381234231138879	118
0.0116308038024699	0.607752678136857	118
-0.059397800389986	0.464541434762399	118
-0.062221086285621	0.854529839565091	118
-0.115602850094762	0.556045315419183	210
-0.106223882251956	0.369603776352864	210
-0.050602230412865	0.564343608094234	210
0.0236345434451	1.04544599845819	218
-0.019491938339406	0.792871609641941	20
0.027630188313014	0.856595066327777	20
0.03708286259091	0.978158474366768	20
-0.04599144861324	0.759021766434381	20
-0.021042621960317	0.25551528688314	26
-0.047891457849427	0.382764525735515	118
-0.000410454885557021	0.497425096548089	118
-0.058821995436159	1.03905936796602	118
-0.019506768161663	0.845707627633425	118
-0.065734612084804	0.902489558218448	218
-0.06866154580532	0.530491270216503	210
-0.116614344889214	0.263002591021272	210
0.029366669350912	0.659971000609991	210
-0.039857191090061	0.660738321746117	218
-0.109407983814656	0.594632963017901	57
0.0669864687958009	1.00260157317633	20
-0.11195835073259	0.549786252855629	271
0.121926949805391	1.33658586302782	47
0.0777184992182201	1.06158578717733	47
-0.088568847956381	0.662991561324106	47
-0.024504638179358	0.768105413195041	20
0.084332494448355	0.381703763075809	26
-0.045650685396403	2.26744188194015	118
-0.033618046447014	1.06599044297696	210
-0.046120596066874	1.06471540171655	210
-0.064545546260718	0.893736834926486	210
-0.056063296894432	0.571660474512959	218
-0.001799730192307	0.593267382011453	20
-0.048420766178427	0.378085738297224	271
-0.014013585479152	0.465654657735823	271
-0.094935036992365	0.485325525532113	47
-0.104754636573895	0.55941893207233	47
-0.026158144526675	0.951917299457221	20
-0.049847099396046	0.563053529040886	47
-0.11257622067722	0.26036063137733	47
0.112594555244375	0.759769543157193	475
0.00985598183257796	0.602351312313442	105
0.077842666698188	0.684390385526431	20
-0.092466595329397	2.49518950615409	118
-0.045616854771406	1.03439118082696	118
-0.057897803034782	0.6588655799086	118
-0.047324588760111	0.498291424451142	118
0.087715682255154	0.393577717108831	218
-0.110961479527032	0.276105152703197	468
0.065712349146023	0.510003953507554	2851
-0.116075662573891	0.668935823994124	210
-0.033558405016549	0.171307702237758	218
-0.118734744803285	0.151333107084063	57
-0.102784616655597	0.144327519979518	20
0.053449967141542	0.271645431049273	20
0.116876996529404	0.193783775309866	20
0.118849939816202	0.201943652777816	271
0.118892862835363	0.192614416933485	271
-0.010699162996916	0.279064658335025	271
-0.028592856732047	0.168788076833278	47
-0.111897899981872	0.158234870560768	47
0.119669786755726	0.197421523304085	47
-0.030842874305941	0.590133098090369	47
-0.05510688244946	0.266068398878248	20
0.122119007457639	0.193431074679263	155
0.118849939816202	0.201943652777816	475
0.120446143828703	0.197036537066415	475
-0.102752209694737	1.70238160424837	118
-0.112280410747316	1.65890635726844	118
-0.080969594954875	0.717970650251163	118
-0.094712962131733	0.645581098318964	118
-0.029784020004634	0.371847494740256	118
-0.020979196312669	0.387284343861478	118
-0.105559388644218	0.439966264260339	218
-0.033558405016549	0.171307702237758	210
0.056639019101984	1.0225941187914	2851
-0.057618070151578	0.684467111119388	210
0.030819786164664	1.04080148932513	210
-0.091390680175731	0.438583000164384	210
-0.088801863111788	0.25700334820953	210
-0.01655099309694	0.260969248771279	218
0.045966802583735	0.785977420315855	57
0.119669786755726	0.197421523304085	20
0.118029646606178	0.195815538712146	271
-0.08897600796909	0.775919495365729	47
-0.098470143561843	0.44774561025557	47
-0.032796202972762	0.167465311350541	47
0.073671825850688	0.68623794781081	47
-0.041738445145595	0.158921086446243	47
-0.095354097159646	0.457482790710665	47
-0.077438158422011	0.685123689229589	20
0.00440813740083101	0.734963048505206	20
-0.116325163543614	0.155957430958996	155
-0.084878444862763	0.623506148136697	155
-0.115741808999647	0.269131166728694	155
0.120446143828703	0.197036537066415	105
-0.018115739141082	0.393928547328154	149
0.120446143828703	0.197036537066415	149
-0.101418604352561	1.63829400719808	118
0.048296430558268	1.2617134585802	118
-0.051547640556469	0.271709958211508	118
0.067604930980074	1.07909311544131	118
0.055221473877585	0.913285596278901	468
-0.00372991128457301	0.790717045857845	468
0.119669786755726	0.197421523304085	468
0.026987543484385	0.900506550226284	2851
-0.104971048163888	0.95724997778169	210
-0.108565378446227	0.397045841278137	210
0.053335038571283	0.791401093205445	57
-0.12197758303861	0.735969541046119	57
-0.118002023628097	0.151376048698378	57
-0.040023778563914	0.470581837526945	57
0.118849939816202	0.201943652777816	271
-0.037011107457509	0.165642997229716	47
-0.049053108802258	0.694183417353733	155
0.043034482871971	0.277015458410403	155
-0.115026082108518	0.157042157240657	155
-0.00816618439523897	0.27539155459121	155
0.00444965506794903	0.769223383074173	155
-0.034085232258691	0.165928855360736	1479
0.000755331705637019	0.799877969248421	105
0.017137554213298	1.59872877828286	118
-0.01117210958795	0.398233528066052	118
-0.051902257586828	0.273793376168428	118
0.063637799405448	1.25859164077953	118
0.041125509612609	0.597147630209129	218
0.049009733890738	0.280734413670193	218
-0.048414837814829	0.451440241690576	468
-0.034085232258691	0.165928855360736	468
0.122582194031712	0.176511180141893	468
-0.056171757128245	0.628508247144108	468
0.121409654331287	1.04519950548086	2851
-0.109484270001523	0.547872658244598	210
-0.124495133154353	0.97909145315784	210
-0.124876340116518	0.558708579942086	210
-0.057010567659368	0.27577556480208	210
-0.014022410346036	0.278349707917687	57
-0.10982379515767	0.365675861378292	57
0.050910415568628	0.289164757680891	57
0.116876996529404	0.193783775309866	160
-0.026423045002469	0.167111991186575	160
0.050148283132671	0.288176659673767	160
0.118849939816202	0.201943652777816	271
0.121255761839474	0.19539411213957	47
-0.115609235503138	0.152505550441702	47
0.077977747255176	1.48918516895785	47
-0.107694439622796	0.391297241788323	47
0.121740310764237	0.271684027281205	47
-0.10978205135137	0.154912009636077	47
-0.029358376463472	0.172340564270388	47
-0.027172642567764	0.166462099744829	20
-0.043966379512214	0.394656491667237	47
-0.030110933399118	0.171638071817207	20
-0.00459830976068698	0.83104039682429	155
0.118911447607834	0.985277638257077	155
-0.119294974588462	0.153683990110454	149
0.01053790635415	1.8192893468519	118
0.0239899864111049	1.26465527726847	118
-0.059481163216666	0.262744439589931	118
0.118804920112616	0.713894523139666	218
-0.025976921666363	0.474601526140332	468
-0.00344164329032398	0.493517356347194	468
0.078219751993721	1.04389178162588	468
0.016192098257156	0.594673471110603	468
-0.120850809596907	0.148962774883131	468
0.0404182079930751	0.593951142567494	210
-0.038528773908626	0.167402222187446	218
-0.015963907660699	0.260002458485871	57
-0.120115971307724	0.152766065486777	57
-0.123745635579376	0.146650219858658	57
0.118849939816202	0.201943652777816	20
-0.088664025299053	0.394790997159823	271
0.063537759782401	1.0516996440947	271
-0.102538156801041	0.387445280192409	271
-0.032796202972762	0.167465311350541	271
0.02736042604401	0.914989775384767	47
-0.067188776119954	0.582313304393139	47
-0.030390456497314	0.161191371484807	47
-0.039294244265864	0.16328383273075	47
-0.042564485666102	0.380261455030265	47
-0.092401990459651	0.796222709126373	47
0.055365009619614	0.700726068059272	47
-0.020012796061055	0.366546247865456	47
0.010731350026817	0.875665937955764	47
0.00866058956559201	0.73518936968608	47
-0.096590212630172	0.558529188691792	155
0.018140469076118	0.677057105738744	155
0.095165155170049	0.407940967163618	149
-0.05048360690433	1.65868769483071	118
-0.034032353829607	1.6470575683736	118
-0.063326587476999	0.886450269544421	118
0.026900062057984	0.776052018468746	118
-0.083022260396391	0.36608094024098	468
0.115882837404467	0.953576730313927	468
-0.079459949518202	0.46228870914446	468
-0.108013341000449	0.371920170197193	218
-0.117151052997149	0.152056376793806	57
-0.057150881956411	0.691278875758565	57
-0.032856116933696	0.172207431346016	57
-0.116898596868014	0.15484281839632	57
0.117699607015864	0.194176298788628	160
0.118849939816202	0.201943652777816	271
-0.110516187928753	0.155631806439836	47
0.122896136022272	0.196980514178802	47
-0.11577029386906	0.262533055987639	47
0.057881756531916	0.910184651752623	47
0.117541370260789	0.821938753132517	47
-0.120617814234529	0.147812033598848	47
-0.115112789123507	0.152270253467486	47
-0.032796202972762	0.167465311350541	47
-0.106478304856216	0.384446282958231	47
-0.050735266446778	0.272784980883483	47
0.120329140309509	0.925635991481661	155
0.030439803469715	0.617523228022724	155
0.114478989136667	0.194606563884473	475
0.038883606567101	1.76546162138633	118
0.105950594726045	1.26737834938479	118
-0.026699889242235	1.49753453840351	118
-0.117890384569253	1.33725057530135	118
0.065242913116767	1.43390249778271	118
-0.00481749492238698	0.505289070806072	118
0.032084258336419	0.492825939499394	118
0.096919162654472	0.850143320494843	118
0.101778071524876	1.11176761325833	118
0.033344144892985	0.842612678294471	468
-0.033299602893885	0.388844235721349	210
0.121299130100455	0.19765529034279	57
-0.035019004311706	0.379280067476572	57
-0.032796202972762	0.167465311350541	57
-0.026423045002469	0.167111991186575	160
-0.057417369740123	0.258976345128279	160
-0.10978205135137	0.154912009636077	47
0.095456578280923	0.683802578332148	47
0.048582663578669	0.280150973097987	47
0.047042490342896	0.744565745707282	47
0.051320581876897	0.281439770567415	155
0.097008217097634	0.950899161656263	155
-0.030110933399118	0.171638071817207	155
-0.113213915770348	0.271411080862576	155
0.041908444132813	0.2601349944801	155
-0.106156712287876	0.267070576744964	155
-0.122715853781364	0.456950328119175	155
0.117699607015864	0.194176298788628	149
0.052456341845795	0.392238109004047	149
0.049958800476441	0.279072278036343	118
-0.062213244830688	2.10767389101988	118
-0.06843821314346	1.10084651375397	118
0.039407689100029	1.06538611499956	118
0.093500351582366	0.408278471143665	468
-0.111897899981872	0.158234870560768	210
0.032199070660364	0.934501583539223	210
-0.00936523984945697	0.253864995773378	57
-0.117151052997149	0.152056376793806	57
-0.111746834280049	0.149161995811956	57
-0.028606032231614	0.168487760111406	57
-0.033558405016549	0.171307702237758	20
0.118849939816202	0.201943652777816	20
-0.029372068306671	0.168506458901295	160
0.045353914829528	0.27994295974536	47
-0.111897899981872	0.158234870560768	47
-0.075951805661844	0.809091678179988	47
-0.032094472202418	0.168316179247348	47
-0.038036723573153	0.764800710045551	47
0.036290683836872	0.730366216379954	47
-0.107311107193333	0.47379922064011	47
-0.117995205518467	0.257478713190325	155
-0.108029452674721	0.154497954953268	76
0.123672687720165	0.193374580198933	155
0.025957377401169	0.918508866896678	149
-0.027922449226726	0.162016969546886	149
0.055947170528581	0.28264902676327	149
-0.11226595417543	2.35780881124771	118
-0.036613730418272	1.43675024275886	118
0.03699351924822	1.49289639629268	118
0.066389389108215	0.493021117766524	118
0.09509069119103	0.996938086103342	118
-0.021918148283276	0.371570438457249	118
0.049386972475939	0.284866832420477	468
0.021984095568564	1.03204092845206	468
-0.034085232258691	0.165928855360736	210
0.091272301536221	1.1090713007633	210
-0.074176158643019	0.625698446183651	210
0.047487516147559	0.279156023853911	57
0.11692723352674	0.190712979024442	57
-0.12002908408002	0.153647288650886	20
0.118849939816202	0.201943652777816	160
0.113706781524745	0.189916286385992	160
-0.030175046407962	0.56228488330416	271
-0.103883501066337	0.373704453621594	271
-0.018831610354141	0.376143221738173	47
-0.065615224872461	0.459209893405481	47
-0.03777447409692	0.164781776522234	47
0.118892862835363	0.192614416933485	47
-0.115026082108518	0.157042157240657	47
-0.073783171215292	0.601832648058815	47
0.050315288243872	0.285510786453152	47
0.088682616231934	0.8411356421012	47
0.026170404117676	0.510329089884541	47
0.123742347028948	1.10596777694755	155
-0.026438790444309	0.161210987572906	155
-0.122097785480198	0.536522717521264	155
0.118849939816202	0.201943652777816	475
0.122076172115503	0.201430407091027	1220
-0.01107976983458	0.264578022890401	1220
0.047478063627825	0.286615594200139	1220
0.065117895459981	0.516797277766705	149
0.035701979142722	2.24426741507268	118
0.01800307117288	1.09136567854679	118
0.089212119720919	0.711342393417203	468
0.04346384263559	0.276856731709134	468
-0.032796202972762	0.167465311350541	57
0.050743248668699	0.289007200605363	20
-0.111162358829902	0.159147929071506	271
-0.102761465500949	0.462043752946506	47
-0.010727956730346	0.584245840594856	20
-0.013046938880446	0.2793226805995	47
-0.01265987085685	0.270284422183705	155
-0.059086235502928	0.578715065558929	76
-0.093288079649221	1.68649457793442	118
-0.049499670709149	2.00461235405479	118
-0.038278224606942	1.35523442519492	118
-0.00980270686280099	1.04245569115727	118
0.100447482411389	0.801327927029011	218
0.0444361629372541	0.585790200841507	218
-0.121290470549025	0.264506820321439	210
0.041339015936261	0.746856861322525	210
-0.102218638672901	0.560899873058083	210
0.042317126997138	0.854812495253695	210
0.120325264750502	0.929179810389463	210
0.015829744045617	0.676816338392276	57
-0.074582667202647	0.262116073765789	20
0.01146035742568	0.402394770569835	2019
0.00647887622021603	0.389537951097746	47
-0.036783534682642	0.378705752829856	47
0.0343447831584029	0.805238269483816	47
0.0266977477634009	0.506802379121479	507
-0.041014822554845	0.661637333145568	507
0.014823673736106	0.701530289985979	507
0.044699406459285	0.978828781496318	507
0.052027353761175	0.893411834437068	507
-0.058321565932979	0.476170470302694	155
0.023521192661429	0.601133249436847	105
-0.00947070632574298	0.507165707981872	20
-0.108137486565435	2.08259725502985	118
-0.050458755856643	1.58352891729598	118
0.032855152947542	1.28568630524575	118
-0.064241028877964	1.14372699104907	118
-0.104910594259463	0.794028174774696	218
-0.071267765146793	0.716689391136025	210
-0.020381276459541	0.703405617805423	57
-0.059863849334553	0.577124104200881	57
0.045589165944898	0.964235060312105	57
0.010739465309467	0.674459503828206	57
-0.042635356547989	0.558273558539441	20
0.062193937073706	0.91171223573472	2019
-0.00415661643384402	0.586106490509177	20
-0.048873544567243	0.658686539929952	47
-0.112843584009575	0.545738118593254	47
-0.010768113331379	0.796988518887508	47
0.042841580423148	0.741861681481604	47
0.0745524461888381	1.05893393167559	507
-0.060738200319277	0.617734872680705	149
-0.115079842684561	0.540595472821299	149
-0.115716111079889	2.00487343841734	118
-0.048696690766059	1.32488652248405	118
-0.075204577632673	0.856366934258367	218
-0.011904688197801	0.66181746704497	210
-0.00199430993038602	0.675952350282396	210
0.040583527588938	0.66808351639318	57
0.055969685445601	0.764042381300576	57
-0.03179631492993	0.645969830330165	57
0.046755315766372	0.885494683876472	57
-0.036403455794684	0.622944100582956	20
0.011521124762833	0.681003846327284	57
-0.00241745431340301	0.742115521073107	20
-0.116927849119473	0.47217231542764	2019
-0.041825439855646	0.724737910647125	2019
0.033726883865746	0.950673011429857	47
0.0891332004489041	1.12676147631969	47
-0.08384842235376	0.571878137098137	47
-0.033118953889987	0.639740919227719	507
0.0141991784125241	0.737308339688656	155
0.00298832420697104	0.796674587876085	20
0.018682884465195	0.506858980593476	149
-0.106304964825915	0.486382205852179	149
-0.046665906816644	1.12688396271616	118
-0.071954013273692	1.44461001060159	118
-0.116113043845328	0.765491758100666	118
-0.00257633894947401	1.0455323908074	118
-0.010489823432164	0.936252777622568	218
0.054417923222621	0.823483660333053	210
0.0850640106829	1.16805648670403	210
0.017820872221356	0.505204262458574	57
-0.032691609332465	0.802814652503963	57
-0.074507310614827	0.369239024255727	57
-0.049739061714389	0.36838489129484	57
0.016589865769077	0.49252021245652	20
-0.009327167428967	0.500830187576044	57
0.052782668249433	0.616277295695211	57
0.100201579360218	0.728022747074199	20
-0.054950591911201	0.36526193881958	20
-0.011868816057971	0.483892861411571	20
0.00560080650928596	0.508868761368608	47
0.077342902783336	0.613559147193281	47
-0.083537767551465	0.391417193427804	20
-0.112098819820296	0.607888563712731	20
0.008770579410602	0.583874698672034	155
0.050361658363395	0.612355889716631	20
0.109067306108994	0.601485691158889	20
0.094480820862312	0.688114612014634	149
-0.065553945879462	0.722908978523612	149
0.034909753110911	1.38161343366576	118
-0.060476759400716	1.43033723644916	118
0.0171650853790279	0.390344924452263	210
0.033160421170102	0.732308348121379	210
-0.041655638487719	0.380994233585269	57
-0.114788725021001	0.155472224241984	57
-0.093066093349805	0.269169054154767	20
-0.085789742505561	0.258349125757223	20
-0.000391082155233979	0.263441622411576	2019
0.056732163501667	0.506762399096603	2019
-0.059098578659933	0.26601342350826	20
-0.015942346785841	0.433089908630259	20
0.098740057322603	0.528817678627205	47
-0.109693422857567	0.154997990609222	47
0.018502300504971	0.63881814965836	155
-0.047780861743112	0.259990430732394	155
-0.112455127725174	0.158055588629721	20
0.050743248668699	0.289007200605363	20
-0.054332493987959	1.30017464629093	149
0.094509148823909	0.52943491060613	218
0.061449100330533	0.494949488654585	210
-0.114202857870184	0.156132490652696	57
-0.089467025289724	0.262669411289463	20
0.094840113554259	0.391664249132204	2019
0.04765348467444	0.282727462429351	20
-0.079281905952946	0.616762522812534	47
0.090686334967836	0.402562039226892	47
0.092925597066111	0.412759286175583	47
-0.056931595343277	1.02959376290554	20
-0.121677322833084	0.578866669465904	20
-0.082141058959264	0.268992529061864	20
-0.031394207996038	0.167251262805583	76
0.090897030781892	0.412571112195111	20
0.124717359034796	0.534752366534726	149
-0.122252143318419	1.44110426317565	118
-0.112861933416619	1.86484712938944	118
-0.087477216114316	0.937448403306767	118
-0.092181923851453	0.833366740002916	210
-0.107953828106406	0.349913333450223	210
-0.054485880224455	0.478095593708321	210
-0.122809501309214	0.484586354580997	210
0.102505438440862	0.873057838251952	210
-0.088749205168671	0.392328287172502	57
-0.075059895176606	0.364464725461064	57
-0.086552170450303	0.397267994576681	20
0.00857144668700405	0.500827450650984	20
0.025795909477438	0.511559288716571	2019
0.0392247639437709	0.502548689209749	2019
-0.065160201534537	0.39646755904022	20
-0.042575397602666	0.499585962719959	20
-0.051006171191226	0.385122008139608	47
-0.00527416912190598	0.494171573145178	47
0.000273031621929043	1.16363326063604	47
-0.0303239852355	0.480944936667303	47
0.00426036339868197	0.501683499081625	20
-0.015658243318868	0.836849865806064	20
-0.021210293221509	0.378802553175015	20
-0.018240785972512	0.715414675046619	20
-0.010196026277062	0.442777946170284	155
-0.111061962587591	0.607685454021281	149
-0.116028095681581	0.394107051451909	149
0.0171619698429329	1.80668143344672	618
0.028464774223221	1.41274990536586	618
-0.024799239963565	1.17522546546552	118
-0.12328424273653	0.827949440738166	118
-0.078520744167281	0.544026849796575	118
0.065660116324361	0.915320977442295	218
-0.036942656712924	1.14384938369849	210
-0.036383544846126	0.771429852558311	210
0.059002252540557	0.932856936498936	210
0.026342125389759	1.21837963080405	210
0.07174071605747	1.32435099854534	210
-0.10296784286679	0.397258834681006	20
-0.081625205028386	0.576850480807338	2019
0.00223557482379599	0.67979398472681	20
-0.084334757630191	0.384448351744023	47
0.105281599534892	0.731364823445929	47
-0.045908559236514	0.91789698659036	507
0.114606266560853	0.806794101836994	155
0.031556489908522	0.500780210374436	76
-0.098425174362887	0.381239179857713	155
-0.07251313238249	0.478570088427395	526
-0.036667096177585	0.845503950191878	149
0.0000980674201640497	2.20452133948796	618
0.057853866591014	1.20801022519257	118
0.0446553219389491	0.838457913397133	210
-0.089154114376898	0.868500217576296	210
-0.039014999815983	0.81430524964574	20
-0.092788646780631	0.477079420009219	20
-0.115043774586703	0.486299425304136	20
-0.00601846735164502	0.593021508938485	2019
-0.034512674746904	0.537631947452774	20
-0.094698558627206	0.478506977451828	20
0.026066923629246	0.796762433340882	47
-0.111705898316862	0.553902290563806	47
-0.056595112356147	0.570729005579723	20
-0.075371660985421	0.529803635550744	20
-0.017657094882405	0.662699985347988	20
0.112461649787302	1.48190498817633	507
0.014814898666118	1.01952868419399	507
-0.047735096484675	0.798643256501394	155
0.066218005118494	0.755863974346704	155
-0.106217654111396	0.464501168500177	20
-0.104268305915983	0.59176048582131	526
-0.124400764867718	0.574957488059651	526
0.010822600556166	0.663333584568518	526
-0.124030593181068	2.10939890432006	618
-0.080303683003348	0.652111551353908	20
0.00917101358996197	0.910908888158528	20
0.095945512370491	1.43950309764167	20
0.00483512859616397	0.968608218428034	20
-0.004162632882037	0.676264813248381	20
-0.022001178329454	0.622947270859168	20
-0.099510279665792	0.773434290901141	20
-0.023343486399196	0.365833891013587	526
-0.110338353479638	0.155358233403068	526
0.102015914981092	2.48292674821688	118
-0.079530152125431	0.74027851162441	210
-0.092488646821248	0.401911497760069	20
-0.106266949462178	0.392479480969311	20
-0.095152173729918	0.641707893339957	20
-0.065794558173546	0.948473932500765	20
-0.099018280350326	0.862802502865286	20
0.0910588692801459	0.631273652602608	20
-0.068871040256543	0.892983210588797	20
0.00501994481700796	0.664513947562458	155
0.039607501912617	0.264694093851365	526
-0.113101725792251	0.153717658386737	526
0.124488867316534	0.276195548983374	526
-0.09486567360509	0.901323193612745	210
-0.03165072220378	0.386218069298171	210
-0.095593890022095	0.720147770770322	57
-0.122001686717442	0.748469980748048	57
-0.08247682780843	0.712984161224908	1395
-0.030016593086294	0.87863217991564	1395
-0.104573016499816	0.698903545697128	20
-0.118460478256562	0.631269662086763	20
0.00842643898052398	0.667751950987585	20
-0.09803020162886	0.385374453127229	526
0.090897030781892	0.412571112195111	526
0.0435311737479041	0.385055107045932	526
0.023057508187929	0.589156415318043	210
-0.070712920569696	0.474131142771378	210
0.024004169422489	0.957474265687821	20
-0.00395777918875301	0.741249641024931	1395
-0.052753855724911	0.484850074319942	47
-0.099191161358993	0.65056107451357	20
0.056450562691186	0.998256516949517	20
-0.052121326360222	0.764839455400721	20
-0.084700570525809	0.458143971410735	526
-0.11270060827464	0.485614261615539	526
-0.068546659032419	1.79244982313001	618
-0.07029280409528	1.41996367483969	618
-0.04506527389878	0.665485170146143	218
0.016488124195654	0.814406819413469	218
-0.077095568708555	0.685358009717066	218
0.112447893188717	0.724834491610132	210
0.049676604592869	0.68693879339698	210
-0.015417204724453	0.724873349831976	210
-0.030181289865109	0.744233842659768	218
-0.096894524229815	0.972647495490767	20
-0.067858886508527	0.83295505120493	20
0.049153373116072	0.660624190803743	20
-0.094086775865274	0.380288184134925	20
-0.016033407315187	0.493656182727933	20
-0.088625457580465	0.397294695427201	1395
-0.10411674712999	0.393023441612864	1395
-0.03999208292783	0.389854620789333	20
0.098857535514438	0.694234501777592	20
-0.00858717305297402	0.508643884166979	20
-0.089361201926255	0.387010159960973	20
-0.119758110826212	0.392133970227963	20
0.01484662199168	0.868564719124321	20
-0.107119353211119	0.399543746185014	76
0.019545409797407	0.506641269814346	1022
-0.00526280923139	1.20512710414667	526
-0.048262201500003	0.739069605196116	218
0.056735302051329	0.840878089638375	210
-0.085902526972477	0.388200750558264	112
0.00560861324790796	0.599941043634304	1395
-0.042106991710494	0.561524891367174	1395
0.0699358437782091	0.829550125256071	1395
0.105533812646821	0.887320842252769	1395
-0.09983050578533	0.356901162896939	1395
-0.038161851644283	0.574965375672941	1395
0.070400400994579	1.23612032865657	20
-0.040953369726587	0.562757060490039	20
-0.121596225225828	0.57210356717952	20
0.00488787265423996	1.19378670363123	20
0.09806567769837	0.616851624006666	20
-0.044575342960281	0.923401273852408	20
-0.00711562934901	1.00216239659155	20
-0.084512458312205	0.474246698634143	20
-0.098362579714433	0.385294633212419	20
0.02013414803145	0.968846030505972	210
0.0724823428188221	1.42376163143998	210
0.0711056789039311	0.777223519244453	20
-0.076593957402915	0.528956185137099	20
-0.100118059370856	0.649228378674573	112
-0.119285304072838	0.479421590874584	112
-0.047780474989812	0.571561261253141	112
-0.095562433297737	0.533482746376086	112
-0.114717698603136	0.488145622101053	112
0.111007275088906	1.02138091932522	1395
-0.049619664949969	0.65175601342852	1395
-0.022461356767533	0.557181485827866	1395
0.115387278188907	0.882598673317179	20
0.108257427186011	1.35930620488754	20
-0.111601407208222	0.462659608668609	20
-0.103036813190893	0.802033480442672	20
-0.029351558783616	0.653806175891563	20
0.119696622217546	0.81145087616333	20
-0.124309419984619	0.48666962104686	20
0.08898779447172	1.06374529210026	1022
0.032589880471471	1.02672193140797	526
-0.065907467458501	0.729529019089925	526
0.037267493049753	0.487655584588706	218
-0.020038349499481	0.495657237959405	30
-0.00818866068662699	0.749701323939134	112
-0.016213790218861	0.911126550140095	20
-0.07029282427617	0.80964534329106	20
-0.082625762861311	0.891883769825555	20
-0.090543857071245	0.855049869861628	20
-0.106309452258785	0.553302702254451	20
-0.038557884512966	0.972197265866468	20
-0.056514409226599	0.38777497890902	526
0.00534953498431801	0.389082613948054	526
0.093756236568359	0.688517997911519	20
-0.078492622508872	0.482265159831064	218
0.03925201257175	0.254123461227468	210
0.041457305226847	0.510773958050154	210
-0.069332530579031	0.479581561480209	1395
-0.008707996561933	0.896985680525204	112
0.0182986874786371	0.501361413922424	112
-0.029083816713884	0.867964360941959	703
-0.013956389670169	0.397222038870069	703
0.068888585478421	1.22354969700041	20
-0.1026369389575	0.487369401636895	20
-0.06739500273362	0.38841444787681	526
-0.017921143900866	0.263269776586554	218
0.00866706851583399	0.389214664321367	30
-0.058434802479465	0.452830438541707	30
-0.049579211870355	0.568006909407779	30
0.09865582719936	1.40163675663506	20
-0.05475451346414	0.871718587352054	1395
-0.00761343699970102	1.19498037671831	1395
0.024899982884024	1.41233077321893	1395
-0.069677417855418	0.970545093771496	20
0.0827684077045791	1.20770169098986	112
-0.0675869870919	0.919576456476964	20
0.035310813001568	1.08851329579561	20
0.00894002526220905	1.14797119985552	20
-0.024566165007217	0.808124231008112	20
-0.0861580323155	0.713708640143832	20
0.079731052125819	1.26327942242963	20
0.016389940629336	1.0330106634885	1022
0.088810100177522	0.513519912944446	20
0.071797637262956	0.98891673970816	210
-0.1014517099083	0.717929435370981	30
-0.069430430023317	0.649676192792121	30
-0.110808183273269	0.492132555586569	112
-0.04080390455261	0.722255616688391	112
0.034121885292647	0.926688438163456	1395
-0.108135919055022	0.595640724642335	1395
-0.065067576900674	0.651126031342017	947
-0.00293341577509898	0.748703048525298	20
0.055646735614428	1.40505885238543	20
-0.078909660263554	0.560204412172606	20
0.0815775467120931	0.94527441407178	1022
-0.040549008835866	0.711135346657392	20
-0.025901804213242	0.747917827008632	526
-0.00741188001587001	0.664075906252008	526
-0.099419035625403	1.42507931305163	1747
-0.098287256197155	1.37249744348001	218
0.073421393357325	0.968468954866748	30
0.066332334032427	0.864262610876963	30
-0.062657009559447	0.797786097357819	30
0.08067179636597	1.01299882363935	30
-0.00455336909517901	0.937829675278105	112
-0.087833116348893	0.523024319145154	112
0.05083733288649	0.809375713593708	1395
-0.1127416213859	0.54644215783328	1395
0.098254977442445	0.879624016795531	1395
-0.12398391732029	0.482916929311832	1395
-0.045551165589005	0.595787609274973	947
0.037775614912871	0.751973086151115	20
-0.036948809703695	0.591367108595097	20
0.0833958674279081	1.138971046066	526
-0.071236843408071	0.379224520729724	218
-0.056778597287592	0.728296977590674	30
0.076965429641164	1.18074748514223	30
-0.099685613544719	0.786200422871694	30
0.036919741239072	1.10427265176392	30
-0.039777325390111	0.87199562887493	112
-0.031337177720594	0.807351624161612	1395
0.0589493101497091	1.2975888837436	1395
0.083365435980683	0.713306765609311	20
-0.045677023978727	0.766755940259999	947
-0.014788291007328	0.642592826994583	20
-0.023924093268342	0.848509003975881	20
0.093735193477804	1.17624198962813	1022
0.111617730637225	0.615426401922561	526
0.00505861124419205	0.38381419276729	526
-0.105060510162223	2.09339220669432	1747
-0.106765460270888	0.806871574022917	218
-0.120087235804003	0.404034999609305	210
0.03981590082967	0.667073314715482	210
-0.036688451870192	0.9048294990016	30
-0.047319025986579	0.841695318076782	30
0.067080950170901	0.847479421633544	30
-0.077072915207302	0.840295874801307	30
0.026037062952685	1.12223369919835	30
-0.09349391960817	0.778256417468207	30
0.074000375010302	1.36985236636994	30
-0.040208794487494	0.780650061359497	1395
0.064761997085439	1.11481882804231	1395
0.124129353460201	1.48912817578545	112
-0.121515433901436	0.735928284767684	703
0.0626194882554511	1.27238458487864	703
-0.061852268438077	0.488532091099439	20
0.028782756843319	0.670272845629172	20
0.064701756693009	1.14084940295588	947
-0.072203518081343	0.845233849197317	20
0.016593823559612	0.961454686856903	20
0.035830135577439	1.0344769143187	20
-0.073036311776239	0.382181218587114	526
-0.073210513341601	2.2740420524018	1747
-0.108240799604265	0.808856791179085	218
-0.099084011489675	0.897829142421672	218
-0.029728012084627	0.942212954631024	218
0.116722302887362	1.40444300593273	218
-0.052715863444829	0.662615696953226	210
-0.025677380490328	0.938791728510306	30
-0.002283426857278	0.652599621246562	30
0.00831149462450997	0.678114232140297	112
0.096988781784235	1.02441818818906	112
-0.095658387812384	0.48292706088716	1395
-0.108047613040637	0.538148927887574	112
0.036372392889737	0.840060135506229	947
0.108493470859802	0.795935346224997	947
0.070795691569739	1.01693591483841	20
-0.034485464513204	0.572104303577933	20
-0.085459046291428	0.381093089650228	20
-0.0812011205053	0.560800518947641	20
-0.028138038624469	0.582651273349445	20
-0.101637436014412	0.752975128668335	218
-0.07758467753065	0.68385833603791	218
-0.007796966716421	0.745706040020339	218
-0.00190698743822099	1.00774187108005	30
-0.118523833626174	0.5688142606527	30
-0.077806207531037	0.566080862050958	30
0.011242121697869	1.01628924918605	30
-0.00359965240017301	0.751267225802707	30
-0.065918966673091	0.64555718734517	30
-0.121583256799013	0.464269049712951	1395
0.086624455914587	0.871170121648064	1395
0.083111650278263	0.928875282593272	1395
-0.112620246274818	0.759249289703814	703
-0.093255649914974	0.641387735759471	947
0.09899479227382	1.08800394736149	947
-0.114140650124312	0.541074753719872	20
-0.046014657888311	0.7233528342126	20
0.025385590105383	0.859407646649388	20
0.01333029752666	0.814773380162555	20
-0.067895944113064	0.519179592320178	20
0.0919215185455769	0.932498901410644	30
-0.021624636101589	0.647875136461794	30
-0.111344119727068	0.568180769742218	30
0.07131830222812	0.998369443114869	30
-0.093713101938718	0.757764529068162	30
-0.070891714640645	0.689559327622594	30
-0.109988458093439	0.561427310427061	30
-0.00803321026648202	0.825268208183687	112
-0.029600318902689	0.725336089420725	1395
-0.102707727728455	0.763539870646212	1395
-0.030559185051444	0.806857150789082	1398
-0.12046289497523	0.65225253086504	947
-0.08175310959984	0.568427306524126	20
-0.074009961025026	0.46459683120226	20
-0.093144103708821	0.575429569774901	20
-0.014196911105086	0.670778374866817	20
-0.116816696571842	0.549068120405054	40
0.036671489234129	0.755822454285789	20
0.000175113162513951	0.722087291663027	865
0.065432845840954	1.17526615401139	20
-0.017657523356653	0.593398413352885	30
-0.111773108794579	0.266043384650725	30
0.00793853372521503	0.488391589507784	30
-0.086992205466491	0.764143426434073	30
0.021729307166829	0.578020958016325	30
-0.123747171723936	0.487650294238111	30
-0.086997718636004	0.857479673603504	1395
-0.026076929669466	0.810303785279188	1395
0.0124363146411131	0.651501188471385	1395
0.062214047940653	0.97042251846119	112
-0.107056604675653	0.270301360630231	865
-0.093637470502022	0.26534758798319	865
0.043297662076622	0.267396056804474	865
-0.070876155356506	0.70755604532565	20
-0.055120460090688	0.84887511036413	218
-0.056430057235801	0.275542851366981	30
0.110285004360952	0.612665436682153	30
-0.101710615050452	0.684194566993757	30
-0.084206865295985	0.783569865759909	30
-0.081200234263062	0.827139858417234	112
-0.00496501487626999	0.963090303883314	1395
-0.059914041786324	0.725193847193595	1395
-0.030022188039317	0.488599479938445	1395
0.000787042155702022	1.05305970233854	947
0.098109432511436	0.804066647019469	947
-0.024424331372699	0.450986302705827	20
-0.06192470436866	0.260328904794951	865
-0.124165505795346	0.392338690491764	20
-0.102329000430325	0.475940489845755	30
0.021673889008728	0.754405280436743	30
0.00966882359106302	1.15429987920255	218
-0.103112947291522	0.7741643941484	30
0.120561386961173	0.829191670770216	30
0.0939560068431921	1.05149216725666	30
-0.012901950155591	1.16123220705711	30
-0.066359394087985	1.05848765454126	30
0.078164555721472	1.26710395742671	1395
0.103724141482593	1.5771648345582	112
-0.091075836006706	0.883750866694508	112
-0.09800043078727	0.656732544053196	112
-0.041816468266687	0.385332063414061	1398
-0.018128525551072	0.267215360286394	1398
0.01960838725572	1.22364658111664	947
0.022813911761519	1.17372005085339	947
-0.076101334831974	0.653380776337909	947
-0.014690412264299	1.18292483283743	947
-0.048846098217022	0.746378671061614	20
0.095579746047353	1.10759743291525	20
-0.099677973773422	0.404699362109216	20
0.011148434782208	0.598739481470562	20
0.00935920341063001	1.08473498817595	40
0.002155423471768	0.256478754621739	865
0.048082082804061	0.272315525861564	865
-0.01032237311525	0.277187516422947	30
-0.121787313727008	0.782036062934814	30
0.00120691580168897	1.13509036510147	30
-0.118646645412777	0.744500792276188	1395
0.013313613965648	1.25247268346564	1395
-0.029257266377418	0.925126342003078	1395
-0.066747825728277	0.765239429722731	1395
0.099235722513596	1.03163952866562	1395
-0.015276348483685	1.0957228247577	112
0.063161489349256	1.42751457963083	112
-0.043836965335067	0.916053157429124	112
0.0787715021719591	1.36177033798649	947
-0.080931256688336	0.638948410562809	20
0.00490847271414197	0.968265239008503	20
-0.100702496185109	0.696986397605572	20
-0.069443282023882	1.29520127196051	1747
-0.00330430671601301	1.34665920898878	1747
-0.092872354366827	0.477903649454779	30
-0.056901802917045	0.502057105100179	30
-0.107488880460966	0.707897702160622	218
-0.117452980743695	0.675457815524615	218
-0.082890773952115	0.663330717757107	218
-0.084488935640225	0.693702375843333	218
-0.050134736381228	0.850955796241242	30
-0.089038444437766	0.76161327401187	30
-0.116279414082064	0.646614040390213	1395
0.035346472576188	0.899696054613825	1395
-0.116516239735463	0.588620823963191	1395
-0.066896136603091	0.68903402306344	1395
-0.031829742832968	0.85845938527863	1395
0.062123947861851	1.04731893508525	112
-0.00465618538360002	1.01278826921385	112
0.073327053624308	1.11712573722714	112
0.021359709959619	1.08604907980992	112
-0.067339689397256	0.848282091866038	112
-0.067184953381354	0.558781235137159	1398
0.057872816795706	1.08759498041992	947
0.066670570544428	0.990511701456372	947
-0.054467019137348	0.63019767464665	20
0.018984224794895	0.971578543548864	20
-0.034034046619837	0.661738435782167	20
-0.019993568782035	0.655826373036178	20
0.099608431520105	1.09094579685413	20
-0.120157362109257	0.481287785725356	20
0.10473195361602	1.09409707389902	40
-0.025354197840467	0.799264247752493	40
0.061492051251298	1.00938431496107	40
0.044259969584463	0.978982061007602	20
-0.079409684595559	0.547216516981822	20
-0.048725277064707	1.43172002616852	1747
-0.011517655244447	1.58560013384156	1747
-0.039240655061756	0.894638881265349	1747
-0.09833739955448	0.786567587665644	30
-0.089506107972537	0.82449753557435	30
-0.114396054575117	0.685379013286651	218
-0.045748010179187	0.975431636639787	218
-0.05797968327214	0.650582177427869	218
0.124699742163868	1.03883630826222	218
0.096855267923892	0.882562005201062	218
-0.055849143548884	0.915568803692152	30
-0.117731274141316	0.646939682011977	30
0.014802285167038	0.914405494067323	30
-0.096625141227862	0.572444669328847	1395
-0.045122982968981	0.581573954880961	1395
-0.042545638298594	0.613636451365866	1395
-0.117074985692284	0.702234317357645	1395
-0.11203643972832	0.85599717314521	1395
-0.001704194517618	0.742110273988236	112
-0.075005310404033	0.57284123642861	112
-0.088686146366489	0.655729835113445	112
0.023788105679353	0.836011932470838	947
-0.111749968191283	0.474238287707943	947
0.055770136189962	0.924075273997606	20
0.00968299156538899	0.851362344500311	20
-0.115587236594835	0.552406178848651	40
-0.082412623413537	0.561155185305561	20
-0.090729092554992	0.978994232852971	865
-0.068803979993106	0.86116876263611	865
0.058832827837133	0.986063312142083	865
0.0600581973236251	1.03760238744638	865
-0.068403796177039	0.831803021096971	1747
0.012819197903617	1.01674227808195	1747
0.03111388090651	1.29519882884806	30
-0.077843112474695	0.709532989494444	218
-0.110570699082779	0.466531058758328	218
-0.123208758773041	0.483949837708556	30
-0.010235537514075	0.820735211338384	30
-0.083485420732016	0.596404510057658	30
-0.068476891068127	0.526553976061855	30
-0.059898402729745	0.559756066151025	30
-0.092230257277614	0.47253984592547	30
0.090329866493326	0.720036684068655	112
-0.020012689877627	0.647334478355733	112
0.015113044107804	0.665435272092679	112
0.054868850535032	0.70652548627913	947
-0.110517763416503	0.485825671849648	947
-0.105401699664389	0.496921669382253	947
-0.112836372574761	0.485673532423311	40
-0.05234848402831	0.553104227984104	20
-0.027799888107988	1.03056168189831	865
0.06522677463185	0.914385330997191	865
0.112757303606895	1.18203843130733	865
-0.100182893335336	0.860686135428527	1747
-0.042008719096695	0.720523571142406	30
0.031675386229266	1.03801289863355	30
-0.030091673573465	0.812464898446222	30
0.024224823163174	0.726722604788244	112
-0.035464361919262	0.689733942737963	1395
0.032768371036072	0.645318416138624	112
0.010662524827326	0.929158683901576	20
-0.091419493637967	0.745156899006297	20
-0.097868227046349	0.669366916217188	947
-0.089943070159225	0.650363996053706	947
-0.121246920753157	0.638084644777009	947
-0.087391634508795	0.722593021680878	947
-0.062725465312969	0.490887412304741	865
-0.124389607886708	0.38055608760559	865
-0.090683669402398	0.73144761431516	20
0.00427109316695096	2.39866345961656	1747
0.016897609223677	1.40065330547949	1747
-0.057880953331609	0.888052735783858	30
-0.050327614839544	0.971801184090614	218
-0.041666493975096	0.714800407333948	218
0.111404303016811	1.02499192782305	218
0.076869835626828	1.19777737741632	218
-0.019952899685904	0.698838892549902	30
-0.022104013105597	0.73788602972411	30
-0.00292373547022201	0.741562820210152	112
0.026506760720049	0.681723410077156	112
0.040769417596924	0.753170177729397	112
-0.068698143543001	0.882207003554238	112
0.010261439961388	0.810880539541209	112
0.051818456088786	1.19936362470044	20
-0.094841006725392	0.760958245086784	1398
-0.080424932029759	0.559089643583032	947
-0.077621843122049	0.854618912853647	947
-0.073538738726595	0.791148834124323	20
0.08255779085649	0.782738152728873	20
-0.010448666071442	1.00832524519958	865
-0.100282705483666	0.581326488108387	865
-0.080676998580812	0.568574985234809	20
-0.083915356103014	0.696797634385552	20
-0.109626807960838	0.755112169187459	218
-0.061326344372705	0.944362502625389	218
-0.117702459554699	0.753933077517143	30
0.061406588189718	1.16964932493267	30
-0.124761514610907	0.715927323974671	30
-0.076975239556432	0.799253875415224	112
-0.098098387843328	0.723301191119715	112
0.087737587488128	1.32633589729249	112
-0.117716693418132	0.477466788853156	112
-0.056382317497571	0.390700271764888	1398
0.048146168170878	1.10403589455705	20
0.040260747415557	0.880008262995115	947
0.083707407623054	0.617891448973414	947
-0.109690746395705	0.492611974750258	20
-0.081595041976179	0.64328309556476	20
-0.092669987625229	0.770766351500605	20
-0.033989555965598	0.396783470995797	865
0.052268200899937	0.288918539812938	865
-0.00577786760599502	0.581196858639626	30
-0.000891482897968976	0.495989736411509	30
-0.04026666436551	0.582350264522927	218
-0.106594798326641	0.737620382273314	30
0.010750136937445	1.06108575079213	30
0.082600148731371	1.20061605787732	112
0.07706294602008	1.3647376859786	112
0.019344062852391	0.948635292612268	112
-0.092566162405023	0.741788553061061	112
-0.01639543454265	1.01244633985671	20
0.049863596773597	0.591816653471327	947
0.00952665717091505	0.399166904192688	865
-0.112177680096289	0.555217204252364	20
-0.090342585881495	2.4711388133743	1747
-0.081167791084857	0.736474904876939	30
0.031520585442261	1.22598509391198	218
0.092028415298848	0.968243527685726	30
-0.107280135748275	0.545883871147328	112
-0.105833061764051	0.56559375207064	112
-0.098146922273528	0.643672998744636	112
0.0732411755804721	1.12320500011469	20
0.085307079631188	1.08733357507477	947
0.11153488677355	1.08605573382374	947
-0.019230513284198	0.809718721254401	947
-0.114976302076339	0.708114302538707	20
-0.108123102684591	0.567868479689931	20
-0.000263699389749017	0.743101788244951	865
0.00746974154321201	0.744109168313029	865
-0.010283237302535	0.617898228419296	20
-0.016284998564653	1.08053294946259	1747
-0.109552861596135	0.762559581984365	1747
-0.023260256224001	0.572097910297361	30
-0.03064745958429	0.662633258857387	30
-0.105744204514784	0.477718682136862	30
0.00253384070259899	0.727493154327711	30
0.00917645791114296	1.24270121108183	30
-0.070238558706963	0.557091415909773	30
-0.106700755191593	0.607090883999478	30
-0.106264770139011	0.560308728905303	112
-0.060210083190521	0.576112656168739	112
-0.119019663146042	0.362363134967097	112
-0.069205822950651	0.485759639727957	112
0.123101796767319	1.06742761486721	20
0.081080190910621	0.703525965475269	20
0.120146853385809	0.892556879398788	20
0.043889906925265	0.830749936688774	947
0.123395104058013	0.858510898600086	947
-0.016731352043594	0.587080762518389	947
-0.089439998864473	0.489680462231956	20
0.108739593178211	0.788491622469945	20
0.099795492341219	0.924529132416359	20
0.04664616501708	0.695180729221941	40
0.0149844835248339	0.830731262269047	40
0.085621604367928	0.80160331349082	40
-0.095124204212295	0.645600275570428	865
-0.109410927649489	0.714560060371865	30
0.0680328451594801	1.31743510922339	30
-0.103827721729514	0.932609634777707	30
-0.0387703117819	0.640925207270239	218
-0.064800569049662	0.65824144218509	30
0.041582435922188	0.758552526439873	30
-0.10548286953119	0.623565506022046	112
0.022052979431143	0.737978237309433	20
-0.072006365359368	0.616449035849135	20
-0.012053292206563	0.640784090551979	20
-0.123255881628126	0.768149636139542	20
-0.007179540500793	0.739653866190877	20
-0.00796508483208303	0.909074213025889	865
-0.054229520392863	0.780926916330281	865
0.049702631761064	1.22944158548884	30
-0.06669028849389	0.854752914191956	30
0.120516341917223	1.01110357629261	218
-0.09923751744364	0.756177487084985	30
-0.109036279265565	0.725314939540994	30
0.113225460488199	1.27023311717596	112
-0.030236974755777	0.794301878225573	30
0.124561422263742	1.19087745738666	30
-0.053459664458236	0.727570428533534	20
-0.111407220623746	0.579957748684717	20
-0.111333499962505	0.69852691092901	947
-0.050548671651069	0.836733472083988	947
0.045212579406915	0.580397378049578	947
0.076801861085195	0.844595168402618	20
-0.024844137955144	0.501791850638374	865
0.0915183595561681	0.409556629688535	865
-0.057501834675231	0.260854252259908	865
0.089309793055653	0.938912989143544	20
0.076748320023956	0.796303045177432	30
0.035551964205833	0.503144055178337	30
-0.118804888987135	0.754627027470327	30
-0.101485663247256	0.626078110665859	218
0.04191426756233	1.438572472781	30
-0.077380726017627	0.566076038234721	30
0.075621066131127	0.616132817166799	30
-0.047135386583074	0.932391747609473	112
-0.039511387383838	1.17892400562962	112
0.035235125544707	0.61236565498086	20
-0.057062454752767	1.05736838120954	40
-0.020258843331317	0.257523589649031	865
-0.034320866617167	0.170598864403623	865
0.033181140180836	0.821756001745807	20
-0.079021157090561	0.357917209343052	30
-0.063368559373532	0.51830309642808	30
0.007684970030431	0.479560113465579	30
-0.00915086958333	0.270050553371428	30
-0.101363250892617	0.952153992729625	30
0.102598326557977	1.56565613271775	112
-0.071169162856652	0.941948114126899	30
-0.106852544181678	0.567850344055137	30
-0.077523548071725	0.835264240087541	30
-0.103568816354486	0.949903392813461	112
-0.084610004332657	0.821597960349796	112
-0.094888635864061	0.386593999857816	20
-0.092241578211429	0.572562345028033	947
0.121771037685097	1.29841760857069	947
0.10718277252852	0.624488325244639	947
-0.055899837342492	0.548240253302882	20
-0.121992481543546	0.455331191714043	20
0.02750959332629	0.689908741443752	20
-0.062569197505408	0.914674381392834	40
-0.038528773908626	0.167402222187446	865
0.098513474762245	0.958404030447535	20
-0.044041214215891	0.377414947054812	30
-0.078993778949574	0.470695668659421	30
0.01904190790934	1.27130201525468	30
-0.074662197164953	1.12121869991214	218
-0.013583559396718	1.08710994104968	30
-0.03883789932132	1.01852197114852	112
-0.042681912990342	1.09608558442119	112
0.103208787526745	1.32034741379753	30
-0.062458664222538	0.644338653785128	30
-0.089451536700236	0.717558236892085	30
0.000527834728220045	1.01282785165756	30
0.02251255325641	0.842751504562477	30
-0.016986395350349	0.861434010084632	112
-0.087284906201218	0.640741842771401	112
0.02255471518423	0.390687889188159	676
-0.056529524089436	0.82808743343993	358
-0.043202498100674	1.01290343821373	358
-0.006961374044202	0.936617776888767	20
-0.107036987821475	0.739373174513993	20
-0.028606032231614	0.168487760111406	865
0.093011373145217	0.509936658083146	20
-0.0172717376537	0.392978091865114	30
-0.057768900857065	1.17456536535023	30
0.0358515737888681	1.47483971908482	218
-0.015062453423507	0.979886026075037	112
0.055638609210637	1.27899360517305	30
-0.049986650932941	0.781394922964562	30
-0.110910521731022	0.775659251930985	30
0.00713588663933595	1.22925606203872	112
-0.104955617753925	0.869512100521115	358
0.076744467694686	1.43243387810036	358
-0.119563698563952	0.499578175943418	947
0.067270893619406	0.600010222927042	20
0.10633116836582	1.20634836759862	40
-0.115984582077905	2.102444686681	218
0.0277137376368199	1.7533849879288	218
-0.117553444847429	1.15108483546069	30
-0.117122700025376	1.01157861614714	30
-0.045790875526156	0.707265602053558	30
0.020135987624616	0.751392498587844	218
-0.101557359741413	0.648646535848466	30
-0.00435183227991398	0.805479080518348	30
0.039823617725482	1.12274129914714	30
-0.106699597020167	0.86487696078229	112
-0.042811503283093	0.578713754775077	112
-0.115583310583053	0.657128456068925	20
-0.110493264913771	0.680480513741036	358
-0.048916449588878	0.732004059774271	358
0.066060257891058	0.763873776050434	358
-0.112707901223222	0.481682023088262	20
-0.023021461123524	0.640316986105085	40
-0.067026265778502	0.548135436757365	40
0.021254680604828	1.61370946319778	865
0.090122912285964	1.32579223522605	865
0.039280647408984	1.25535602315351	865
-0.037479389283905	1.60530837960989	30
0.05940868787038	1.48821378763424	30
0.1084518981568	1.82716594093399	30
-0.05407295241635	0.853997121957613	30
-0.113435346504838	0.659427750430679	30
-0.046197369487231	0.657368993169155	30
0.108269075185659	1.05748453138777	30
-0.00882698838435603	0.883302795473308	30
-0.043151163868634	0.668426269341936	112
-0.015684348068772	0.831446440485498	112
-0.052612179056372	0.956417528619227	112
0.040443688016682	0.844648238242703	358
-0.103788215260604	0.686306393099688	358
0.020684248587262	0.959143796829221	358
-0.081305042276356	0.777619844410929	358
-0.00976809125557399	1.15374887571379	358
0.016253574254212	0.751198982258259	40
-0.014971693227999	0.820111984198686	865
-0.06686850788139	0.725333089804539	865
-0.063843214811209	0.72479303179618	865
-0.038310925946891	0.735670233975561	40
-0.104635378696227	0.556569275635441	30
-0.045422755582576	1.03927552522712	30
0.031628484956769	0.895334442483498	30
-0.080313618442771	0.567222720687851	30
0.086430852963975	0.617053284558361	30
0.015551988942358	0.727291050011715	30
0.030938317131738	0.904849238045094	551
0.027605467862822	0.675408208548083	30
-0.075758314491983	0.949107203201176	30
-0.072709304850598	0.780872841277505	30
-0.061272877288797	0.69200814034204	30
0.0751704840720791	1.20073526124465	112
-0.075017614604748	0.3701281543835	112
0.056535151091764	0.574519953095855	112
-0.018856919855665	0.940831318695253	358
-0.048398253027015	1.194475865754	358
-0.102602771960858	0.482187967866629	20
-0.090076574373928	0.871113795491631	40
-0.060334244514408	0.264583569140948	865
-0.013435205153022	0.261647687686438	865
0.110543661704569	1.35905400769174	40
-0.122201089443736	0.830967832339613	30
-0.058333631202632	1.00663519400451	30
-0.085082228540648	0.625183656631597	30
0.095473659165186	1.76517934544386	437
0.086514977926237	1.58819116902003	30
0.022820593049684	0.605335227066249	30
-0.080478078215517	0.771750295253027	112
-0.04709485942173	0.855077624679008	112
-0.00489344755383497	1.18759179180694	112
-0.115646590907257	0.513013957301881	112
-0.070507902393383	0.913736949859285	358
0.064368700321858	0.986707077384816	358
-0.109716063054614	0.640502529127294	358
-0.045901060953721	0.485431385720805	358
0.00505861124419205	0.38381419276729	20
-0.046803178737465	0.564578129000943	40
-0.00545135170266098	0.264013635788197	20
0.122119007457639	0.193431074679263	865
-0.04267531758903	0.646036382152525	40
0.032152433408999	1.42305176085546	30
0.040492533280694	0.589465376323542	551
-0.089972623314181	1.03248876927569	30
-0.073208254377594	0.876324053867905	30
-0.055880244172995	1.12293135572079	30
-0.012437748626943	1.15288768647595	30
-0.00423355928003799	0.722242699427013	30
-0.046892383117977	0.943261844041838	112
-0.112957788976096	0.698287050489403	112
-0.00782231691417601	0.661628841578123	112
-0.071433948338956	0.965464182385345	358
-0.092667581835746	0.55915405138638	20
0.02350125518876	1.0988989028276	40
-0.04462661141218	1.08418604612329	40
-0.073458535438761	0.906635133098755	40
0.114428036976078	0.193840908662857	865
-0.095004929428944	0.694773379028232	30
-0.03592687005672	0.37870978019751	551
-0.020445693123625	0.475230454041426	551
-0.08846080892309	0.783025841101942	551
-0.076241813715571	0.570468751192986	551
-0.080764399460014	0.497815345505375	30
-0.097406208927963	0.848476958368822	30
-0.085824209599577	0.533250624582904	30
0.0480136564076959	0.74420165505565	112
-0.113539843549729	0.46061850876827	112
0.090723982801131	1.40571124412005	358
0.077891527024221	1.41633456623752	358
0.065898778134685	0.971931745216176	358
-0.104219732212604	0.376421376374505	358
-0.025414011578818	0.594431963667178	40
-0.00585843122797702	0.668204945331312	40
0.038651959613075	1.14538401191293	40
-0.010912228433547	0.276398143426175	20
0.051151002038463	0.280526443322686	865
-0.093854347913267	0.776210726725982	40
-0.117146636695002	1.31244298801722	30
-0.0979901035692	0.484686193573374	551
-0.014962381262458	0.741012022967691	551
0.088372513198529	1.19974780433513	551
0.068421518579658	0.92676686331273	551
-0.120947538253976	1.14157691364765	30
0.025976010618721	1.21172043969557	30
-0.080921740237897	1.05207756506226	30
0.0388896565585241	1.19757752834727	30
-0.000664964011318991	0.762272870275096	30
0.0158914742597011	1.03350907918593	30
0.056574328417399	0.844990715972662	112
0.079504910651632	0.917056780653681	30
-0.094668037380015	0.637759785751467	30
0.053123872419381	1.31202430578137	358
-0.017614883421701	1.11911254939556	358
-0.114745233197778	0.671616709521007	358
-0.026415170166191	0.478996503811352	358
-0.058262501424338	0.261671422269135	358
0.091507172799104	1.45327930287118	40
-0.025747890320477	1.0425152144381	40
-0.039199110387187	1.9168555917786	30
0.024400514334285	0.760367811308621	30
0.049366922953662	1.46968658522341	551
0.044298386957576	1.47137013754153	551
0.011773642783012	0.731869674759237	551
-0.09899600902645	0.774153312525091	551
0.068444732163071	0.921339887493502	551
-0.112716572732828	1.02653557533265	30
0.098331665018265	0.702051500817528	30
-0.045603803911855	0.648741267066197	30
-0.056826853541747	1.01324295393416	30
-0.033935794958502	1.02797953036922	30
0.01596966012281	1.13957644118237	30
-0.068805522188131	0.912022504403086	30
-0.013646607401808	0.871138533599281	112
-0.091992957348687	0.263118147808208	112
0.048174886007702	0.909514165546559	20
-0.031227215626433	0.682777006268053	20
-0.054986291498422	0.89200619746738	40
-0.108535084589874	0.870728955517004	20
-0.068360688978836	1.01879615298276	20
-0.12382368965094	1.08436561299461	551
0.084867672032386	2.17903610474267	551
0.100049655623913	1.84108527500067	551
-0.045022192542735	1.39041976043622	551
-0.05504620336041	1.36994121497106	30
-0.015945604881396	1.16157742471599	30
-0.102518435757587	0.723007511301143	112
-0.119678466828567	0.701565737466725	40
-0.113154583515014	0.479055032597306	865
-0.06618413414846	0.573200525436684	865
-0.040331595664508	0.386410400275849	40
0.090842481885551	0.700883865271179	865
-0.065964511340625	1.2154446320133	551
-0.070004121082262	0.713403559788631	30
-0.092276378820032	0.563714386195545	30
0.031774914812138	0.902067332049722	112
0.023669993269442	1.08471377871651	112
-0.017722926383853	0.671984031344096	112
-0.08249506401555	0.564580053367979	112
0.00963209368927997	0.759684978523634	358
0.109861937836853	1.15131611596933	358
0.027123864954879	0.694404522358155	358
0.112599973591877	0.708602770085985	358
0.058024124333073	0.6594092206225	358
0.056243750525163	0.806885328870076	40
0.03349488731863	0.727784307909722	437
-0.085508802073505	0.475172131932842	30
0.054254166065876	0.618372339461691	30
-0.020599866163305	0.481387909793145	112
-0.122756713194142	0.466466348456325	30
0.078911360493427	1.09068702296387	30
0.045756764202927	1.08287078388303	30
0.061766130894529	0.694028393780951	349
-0.097517535572719	0.634342998775965	349
0.059873895263478	0.617822741163779	20
-0.030903837704101	0.473081721420793	20
-0.09740163437443	0.38519067438906	358
0.12473493557595	0.783612415227576	358
-0.015444363060014	0.645444156882233	40
-0.062757949165816	0.491773807237684	40
-0.071692366196458	0.468721650198219	40
-0.041009634770639	0.910593570945313	40
-0.052935062599173	0.702447382668119	40
-0.110088582714646	1.65679703275001	551
0.053478870450408	1.09253365770941	551
-0.118951241653177	1.05686821455801	551
-0.068869822516153	0.642131829521224	976
-0.032371657052452	0.484681972198701	437
0.019212724934054	0.390430049733297	437
0.00684549962327996	0.506744935855114	437
-0.01011784840098	0.499907242173041	437
0.05090785437816	0.459235507838478	30
-0.04738664918877	0.377726409683243	30
0.058671802325759	0.614522967174782	30
-0.098197062598846	0.450354760655404	30
-0.070581106727259	0.800725556014964	20
-0.094725340682001	0.390152631875113	20
-0.045354077050456	0.375547581499136	20
-0.02011902288517	0.492921153081053	358
0.106902215847723	0.614292403528027	358
0.057984278661059	1.54360591004724	358
0.00192162241359095	0.503093206519354	358
0.124106222689827	0.773656151410535	40
0.097970299649258	1.1516725435216	40
0.01120811259845	0.390476587623407	40
-0.033299602893885	0.388844235721349	40
-0.070601325914024	0.385009602088921	40
-0.096341639513594	0.987321123930847	40
0.05177548779464	0.700154875102906	40
-0.094279331922953	0.901074324772408	551
-0.00747034069386099	0.725767082444428	551
0.0610575590856151	0.707762793973924	437
-0.096129253341258	0.371018786245467	437
-0.120864390961812	0.40096742759802	437
0.04035361298178	0.601519045701467	30
-0.116936115773663	0.367024930417778	30
0.045799449062596	0.395510736635935	30
-0.104193677784295	0.389030917465469	30
-0.116993853212094	0.772053421610675	30
-0.065569818264596	0.786482758738545	20
-0.094668519603836	0.57270206232617	20
0.116354437611809	0.731319043044676	358
-0.102694573480683	0.393146869937665	358
0.098181253055425	0.619749299860646	358
-0.05395721921179	0.55094688739763	358
-0.08527280363451	0.769605227635698	358
0.00230322788791904	0.5710229193639	40
-0.034917819493412	2.47617390147993	551
0.0155785518659251	0.629806705022534	551
-0.111093287647414	0.777423667944819	551
-0.049296766537303	0.464090131807368	551
-0.043554058433248	0.372992211700609	437
0.092759892065702	0.405165961073426	437
0.0926081828658189	0.411475832119743	30
-0.092779132078745	0.253459066877994	20
0.09831572681981	0.398680759784372	358
0.00556876057986799	0.69672855891873	358
-0.024625122155917	0.474310779444527	40
-0.064314639871189	0.255831805042151	40
-0.113167462001376	0.266107572111526	40
-0.077209707578388	2.48068739089118	551
-0.11490715467679	2.18211932469281	551
0.018994036560013	2.36824060129061	551
0.105108616526373	1.47180589220203	551
0.104007993262857	0.396864683624145	399
-0.091370546580188	0.393491216772141	399
0.0915183595561681	0.409556629688535	30
0.043201970065758	0.269704986141955	30
-0.054971955549552	0.276291528874226	30
-0.00836368948354799	0.272751364365429	30
-0.108461918659774	0.267132469638701	112
-0.062976361576843	0.365000628977009	349
0.082137517047875	0.81575037073781	20
-0.054988363181066	0.274148262575866	358
-0.086544939898599	0.68094824331747	358
-0.115587776326825	0.155989874143806	40
0.050910415568628	0.289164757680891	40
-0.110516187928753	0.155631806439836	40
0.00591721267197598	0.385487196076703	40
-0.060916029900011	0.923255404840246	551
-0.087866692108088	0.387663157944476	551
0.014619749873187	1.69900569299309	399
0.0800686893871781	0.36185658011667	30
0.044226799758739	0.2784786388354	30
-0.012851841819808	0.272777920415663	30
-0.08802527322554	0.275494621840939	112
0.0960213963826499	0.51117464795187	349
-0.038541205512911	0.391872999420477	349
0.096063421798268	0.408604614844812	358
0.046713750285846	0.28562682840498	358
-0.055203731633629	0.274193688950752	358
-0.078749320032586	0.843252902140992	358
-0.124997521608719	0.489888437211681	20
0.044737244762287	0.397815926910776	40
-0.090563210249406	0.267364362268172	1673
0.0816112428589441	0.929073526131965	40
0.063287928117973	0.845439806689045	40
-0.106443112080511	1.17976993500629	551
-0.056440302504957	1.0074734894156	551
0.113414170302767	1.18522069911401	551
-0.056562368024511	0.499386165669109	30
-0.109037924180124	0.658535716005468	30
-0.044039495039676	0.796998600437307	30
0.020531858417847	0.509642026379561	30
-0.103941018117161	0.376285702182244	30
0.071020423037686	0.824605170022301	349
-0.07445083392518	0.571241829778466	349
0.061205621219136	1.2163876640961	349
0.039025495732159	0.508036902207344	20
-0.010311895729123	0.50648915598944	358
0.089489022955238	0.413339910429818	358
-0.077394641947806	0.386145782095704	358
-0.075725790362321	0.791854560282168	358
0.02244774199734	0.497022614808561	40
0.00110927126953897	1.08373278215297	551
-0.012672853145028	1.00223493939929	551
0.097871815295538	1.50909123731996	551
-0.078532591406388	0.568871765456354	30
-0.088995414805905	0.571478803619159	30
0.022408567529941	0.68219874953647	437
-0.020545457021917	0.47933452392866	30
0.040266538560808	0.511303021056519	30
0.023124248619806	0.744208354829908	112
0.072824217272046	0.700917904539021	112
0.055312126245073	0.75357842423397	112
-0.00427227633817101	0.671327732331347	349
-0.020187861170768	0.473705847313722	358
0.016739681905995	0.581226498123086	358
0.0521802685830181	0.395772388516406	358
-0.00460445510935298	0.815582435897579	358
0.089683921626763	1.03448830829435	358
-0.00404957410710299	0.484959158864582	40
0.078542958972758	0.783953241961719	40
0.026481099591583	0.49008298747806	40
-0.124290911422325	0.392690580904843	40
0.00729815521421495	0.602970092107647	40
0.049407425296231	0.744388771209136	40
0.015382122846277	0.600219922501805	551
0.036952923119367	1.06287632833806	551
0.03621036275731	1.41019165558991	551
0.081317372281514	1.28245880789417	30
0.0781700299170091	0.605850721899808	30
0.086939369488221	0.381940043517486	30
0.00268103290544297	0.496929001197318	30
-0.091131748660334	0.265507380915712	30
-0.112241296821354	0.546121108197465	349
-0.112877492494083	0.716162010531058	358
0.061850332109344	0.751202340682003	358
0.057162886869129	0.77333288369314	358
0.032409611325806	0.583856334946965	358
-0.081451526017029	0.835584160849296	20
0.042221284502905	0.400876524033773	40
0.049169956091264	0.370018972812816	40
0.0663990626869671	0.522823756844586	40
-0.110456741848282	0.494590856847814	40
-0.042687008827932	0.362249116895041	40
-0.078117151864115	0.391873125297834	40
0.02780033664096	0.885077947226263	551
0.050602844758409	0.76778215231569	551
-0.07019763470242	0.387406682911346	551
-0.049697692035048	0.48235977897741	551
0.120580957858861	1.03039958851678	551
-0.038748713337076	1.34992782359532	551
-0.047895251994415	0.269414437802859	30
-0.114290543141864	0.259565471062211	437
0.050401376445403	0.405290854251747	30
0.066663693947752	0.510999878045825	30
-0.054177782554029	0.274936078132297	30
-0.054391490760098	0.276059197287027	30
-0.116253846256186	0.1553309012695	30
-0.046680248319187	0.791561222793528	30
-0.114788725021001	0.155472224241984	30
0.0498282051167021	0.399810407501885	349
-0.014022410346036	0.278349707917687	358
-0.013822378944763	0.269655687511049	358
-0.051256474693859	0.39006051503884	358
-0.082005656211989	0.644250072526339	20
-0.049352913472883	0.27058660134581	40
-0.081267004892067	0.267317147235623	40
0.082309126422571	1.30920301850462	551
0.01967187212944	0.992992477182569	551
-0.037886874701114	0.726208791233981	551
0.047842090279804	1.03692532968047	551
0.091673529435616	1.31637850556711	30
0.092468315810055	0.617506635302275	30
-0.070966447931838	0.463284177589917	30
0.106970409758846	0.69340666655592	30
-0.00499653384869397	0.943557418873767	30
-0.068688780148451	0.389801158493152	30
0.000954329256448005	1.03978003291038	30
-0.093916058879596	0.26374203865043	30
-0.091928461709087	0.26904263511401	30
0.037862028225105	0.377584873593162	30
-0.059636284319325	0.372964648914542	349
0.056433674690676	1.38513235331322	349
0.048299399325605	0.394479441923952	358
-0.026490625844484	0.869361812034842	358
0.035805153966187	0.470969637726337	358
0.00448788788062604	0.56225611493662	358
-0.00583514411911201	0.575242743561716	358
-0.112037862836413	0.2693873356953	40
-0.076358679301063	0.395304918647937	40
0.03015314028801	0.458992967897838	40
0.00218529683086799	0.939783560784375	551
-0.081625205028386	0.576850480807338	551
0.118046547626736	0.827379850353507	551
0.066796505079375	0.683791875538147	551
0.042515450884972	0.380624560729996	30
0.045586171281763	0.401473906916029	30
0.089592905297786	0.505133919567909	30
0.076606092503978	1.53208647822532	30
0.022721790107727	0.587704086351381	30
-0.052749903634291	0.908916035434462	30
-0.105915560314976	0.719868685174472	30
0.118073101920439	0.196825091913243	30
0.014163362776881	0.586518401940062	349
0.042515366206031	0.26806609979231	349
0.086388509401196	0.398528657737737	358
-0.05928885242221	0.265862939178345	358
-0.088053978339782	0.747058569643351	358
-0.068869766238561	0.696946114683153	358
-0.091669494280404	0.261337038514492	358
0.091128584918721	0.515528913793623	40
-0.058138685921157	0.855571792434417	40
0.00284478589736503	1.05098935759654	551
0.049675408127585	1.03291190375711	551
-0.078041341069291	0.770544597925434	551
-0.081580848350746	0.487008449408686	30
-0.096375335612809	0.373164052368132	30
0.00607992714505201	0.510344295029142	30
-0.048684557453285	0.487601631673628	30
-0.012061496478092	0.498687932057169	30
-0.06010208418218	0.267108510872824	30
0.0157675646879351	0.39048808977986	30
-0.115158076278373	0.728120787364175	30
0.085217683078094	0.372257380356788	30
0.093912915981068	0.388001404708162	30
-0.114899329756081	0.271222032089448	30
-0.089106103527327	0.381051162733051	349
-0.019136581989008	0.476306950514764	349
-0.071974029082381	0.576578633159078	358
-0.112627899496095	0.950010956435516	358
0.018823534774088	0.808202080700665	40
0.010858175905847	0.375432135231541	40
0.036624939325572	0.481736025249386	40
-0.068050003817672	1.11811012468374	40
-0.064750275226438	2.12772764842418	551
-0.070653364123017	0.48872779086977	951
-0.015004147233819	0.576275839194041	951
-0.017657523356653	0.593398413352885	951
-0.020635674126432	1.1948669868755	349
-0.070061600892258	0.481325480047976	349
0.121295448171915	1.05517329903742	358
0.021283434811363	0.642985756927663	20
-0.078232684937624	0.857989834886628	40
-0.055414969115767	0.733190451972512	40
-0.057900033386721	0.860495597068163	399
0.033560031140362	1.16885679508982	30
0.0807746585258921	1.29119800512823	30
-0.11556387413531	0.621169643004856	30
0.07432879406057	0.925949330535702	951
0.059073567801587	0.767254091057045	951
-0.064566586433477	0.496639961188478	20
-0.109371706815428	0.678223822769497	30
-0.122406512557898	0.385043933716394	30
-0.065654952348459	0.394381879818009	358
-0.086533250547458	0.490842938623525	358
0.039740357140597	0.89951919427975	358
-0.021477348004498	0.767151780284067	20
0.029463545928914	0.847638751857487	20
0.04859826129336	1.10772180484387	40
0.050843513286789	0.699656973012035	40
0.108464984258069	0.796891965883477	40
-0.055721820782373	0.634398930894442	40
-0.105891486087651	0.448771117723539	40
-0.120424034097369	0.564106739643393	399
0.088316896406258	0.706998769647298	30
0.00394473528031403	0.491622468325927	30
-0.050782442844434	0.382355666778969	30
0.080684629168449	0.603401559060699	30
0.048984798939081	0.691522138699286	20
0.065559286005501	0.503767961297521	20
-0.055854608047785	0.801343140660244	20
-0.115050084091677	0.405566591158258	20
-0.122755813890689	0.475075749544683	20
-0.069324456825052	0.567418552768908	40
-0.036588547965609	0.493730556800082	40
0.024327298744283	0.672955258017074	40
0.010235833996344	0.577750359936383	40
0.118758700226044	0.728039497735109	40
-0.070822219632445	0.529249567046738	40
-0.077762441845457	0.818767931454832	397
0.00767202590264804	0.675585271344269	397
-0.040529553829992	0.721640072442656	397
-0.068324650134718	0.667079052553203	20
-0.119098342144747	0.590092986989813	20
0.073662843808856	1.08103532048993	358
0.0125899107487431	1.11513712610659	931
-0.028611872204773	0.727180164191574	30
-0.116860521440147	0.640657930010108	358
-0.040603413730751	0.857052161846986	358
-0.044934927397388	0.856788175572385	358
-0.094974089367478	0.795632994831211	358
0.06321129027948	0.590193624502156	358
-0.104496573026894	0.400775710633369	358
-0.061617016212569	0.72175979326369	40
0.1125735057905	0.71156078085955	40
0.110534331625731	0.785263111175896	40
-0.014022410346036	0.278349707917687	40
-0.116094936337889	0.990731432232795	399
-0.096790632016662	1.02004294552737	30
-0.080910329554793	0.875112023570653	931
0.00367158557593095	1.06285236796599	397
-0.089263922392546	0.612184913905758	397
-0.11525708542238	0.553475094266416	397
0.0325809669581471	0.980779758154636	358
0.073937917749855	1.07694850450155	620
-0.107402572682777	0.72614923402625	620
0.098426181419946	1.04802563721361	40
-0.117900652488157	1.0203415028742	30
0.095614526668213	1.45530035799797	30
0.011645748181067	1.1157928245714	30
-0.124424048306405	0.612111353880898	20
-0.05488257887256	0.688577077713076	397
-0.113461912456304	0.270723036159893	397
-0.105542834354654	0.773713292846635	358
0.077222049524849	0.868674440658974	358
0.073592225355629	0.509361107184028	358
-0.017909511690561	0.722380171744601	40
0.0154771935360281	1.26418409252776	40
-0.052232514381676	0.966811371240568	40
-0.098827004236281	0.678713353957705	40
-0.043837517360273	1.04161647290987	399
-0.11024956902995	1.52702915213648	399
0.040587488513004	2.00221107369742	30
-0.027512098905132	1.25377011399888	30
0.047680077405893	1.23959153636508	30
-0.054563139548884	0.899626911222573	30
-0.114235890431201	0.625963671626816	30
0.042135487366497	0.566598647272413	30
-0.090220078036203	0.554323123963744	30
-0.044015618894698	0.931137802479053	30
-0.095502434952344	0.791884569681584	20
0.053885262692418	1.19607892105357	358
0.105454224238652	1.46423687976555	358
0.063532578087225	0.991460047934605	358
-0.124129477192559	0.676915712572721	358
0.067177023131482	0.506213771160265	358
-0.023449910714432	0.848620024686666	40
-0.088271643965051	0.913264706665448	40
0.026556874580243	0.59919742682627	40
-0.093085774115712	0.26442136528396	620
-0.00894982268015299	0.276338486211823	620
-0.035174956013968	0.467082133665877	40
0.00126274861647302	1.72216259411059	30
0.00408613128378699	1.53237759255115	30
0.064341314857448	1.81579507161333	30
-0.015631827712444	1.18992707997568	30
-0.124043972535878	0.795340365610726	30
0.0279940263353849	1.05266335855566	30
-0.061293359562181	0.850657702464012	20
0.09333650761288	0.399994092987809	397
-0.074860449716768	0.959135508620489	358
-0.092114304131248	0.829553101985898	358
-0.062303701804033	0.916215994474826	358
-0.066191169715736	0.461506967111596	358
0.118893022139833	0.783909081986286	40
-0.118824732293987	0.814486097158239	40
-0.061525109940525	0.733727235403403	681
-0.012792914602245	0.478563912659448	681
-0.033558405016549	0.171307702237758	620
-0.012228626765508	1.43625948998602	30
0.079135598971433	1.15813344366252	30
0.097292111590412	1.00057864691592	30
-0.097360029058887	0.63969294398193	30
-0.053072935562704	0.843763381315161	30
-0.080828870508383	0.841785010274013	20
0.06794790561958	1.46773271719894	20
0.101189467758971	1.07742742530066	20
0.052278523746131	1.2784145292839	20
0.118524938746345	1.50648636672084	20
0.040349961131152	0.35380439076458	397
-0.04775867029878	0.981717240274517	358
-0.095719259877004	0.830596697176333	358
-0.066646109408439	0.788792768643194	358
0.013296079185895	0.556200211639241	358
-0.105218492917082	0.754039440542456	358
-0.048800954793576	1.11362713069746	40
-0.017166588971095	1.49758067775662	30
0.024255150316232	1.7362594760453	30
0.044958945537705	0.927905087576478	30
-0.087287531859355	0.699618124002425	20
-0.068917170960935	0.767558859746707	397
0.041827546051457	0.393062685858726	397
-0.070892457486213	0.541019774465637	358
-0.073745758439429	0.9412417573114	358
-0.116978035111093	0.750391915946052	358
-0.024727967683938	0.975658961775648	358
-0.038187175054734	0.73026622984496	358
0.049449928465734	1.05729439589697	358
-0.091993189150448	0.39199232533641	358
0.077358875275355	0.776232717084725	358
0.010078104816826	0.374567669914839	358
-0.056818695125141	0.386099481396333	358
-0.109356433676021	0.604492345534229	358
-0.085929910891203	0.476925663590898	40
-0.112074198629478	0.773521288378031	40
0.099588397376558	1.14441322385496	40
-0.016590789998791	1.09890024210969	40
-0.03221454787963	1.22032054584542	40
0.016361051351095	0.487192411609289	681
-0.064601022005177	0.379094125698655	681
-0.092099145348268	1.45422029827249	30
-0.013141298770294	1.64896399781969	30
-0.110482859064002	1.04340708796481	30
0.120192211392694	1.1295166674254	30
0.0449102764328591	0.968134968859086	30
0.051479320813412	0.991172166603979	20
-0.035888956860989	0.758019082272559	20
0.09204664551275	1.45074293998602	20
-0.061225310154057	0.260475310047909	397
0.119966001508752	1.27307730218412	358
-0.116706072673567	0.65396718672469	358
-0.103967046177665	0.724217749433444	358
-0.103545169836725	0.716221260444217	358
-0.00267351051436898	1.05923895995133	358
0.10439279680875	0.998728784761093	358
-0.051902257586828	0.273793376168428	358
0.051590799959916	0.843211958073395	40
0.056540926392379	0.726936920357776	40
0.072557395512375	0.620962635496048	681
-0.115520923498325	0.156222393433486	681
-0.100163089705784	2.20945155501775	30
-0.067040201722236	2.08690377235023	30
-0.078305412509329	1.55877869443458	30
-0.021323753801692	1.86218944918377	30
-0.055134800078987	1.40412039350995	30
-0.033928584591365	1.40068237874283	30
-0.090638963261018	1.24168251582163	30
-0.056457924427261	0.889513004858929	30
-0.079003062318088	0.826886591703141	30
-0.00650948518389299	1.07066070101695	30
-0.014442275780774	0.716907072648272	30
-0.01836685770008	0.858644446475058	20
0.042308807685412	1.07803430623418	519
0.07773831940992	1.09691947521289	20
-0.023430663936158	0.485466496920885	358
0.00756446270076505	0.393754076712391	358
-0.047158658534173	0.645616419096825	40
-0.032094472202418	0.168316179247348	681
0.00286500395570899	0.833479730589518	40
0.025250616714528	2.2622275999445	30
0.037762212247652	2.13033527329308	30
0.034908082655579	2.21651164999445	30
-0.115705381589712	1.11663670984516	30
0.051797371141151	1.10583519292264	30
-0.044319691093606	0.971962210314067	30
-0.04588575181924	0.922303371631947	30
-0.033581625245496	0.477252997650804	397
0.042883950040107	1.12042471188437	358
-0.055568028407023	0.852775162869946	358
-0.028338295433704	0.864998953261799	358
0.063403708464096	1.1806628696699	358
-0.035167015094046	0.654033276591128	40
-0.085640466997234	0.578851858399009	40
-0.031567413677053	0.993504213336837	40
-0.104220104339554	0.766375072248288	40
-0.076368176862808	0.838731943057295	40
-0.079058723541859	2.14420335613159	30
-0.10282658367273	1.54535626867681	30
0.016059673821795	2.1074204818787	30
0.025436814584325	2.07078139213704	30
0.111463321931321	1.71052799443308	30
-0.10155679567679	0.756138485718109	30
-0.080635517068678	0.732369686530645	30
-0.065084064580184	0.73332424757344	30
-0.00219047007954098	0.985470886755706	30
-0.021883937479049	0.828822129779774	30
-0.106871189971415	0.585270561859888	519
-0.028626568568022	0.570913505875285	397
-0.082237021128711	0.638467776861622	358
-0.101860139337374	0.576355696840245	358
-0.116798427992307	0.641621015917285	358
-0.093572247096353	0.656540955252163	358
0.029094904942542	0.581611511772947	358
-0.09927549854638	0.387837323123121	40
-0.098159248573683	0.566394299171963	40
-0.00172560665976201	0.925963278283023	40
0.053129467392716	1.08362258779257	620
0.057035065976135	0.479182780693208	681
-0.096523293990351	0.368444495117401	681
-0.111897899981872	0.158234870560768	681
-0.012828972518649	2.27188529609126	30
0.020157466313699	1.9299946159266	30
-0.080709138064462	1.77816654961496	30
-0.108804289149052	0.871162501934644	30
0.085111571152453	1.38099940189142	30
0.088136648720329	1.61136403110224	30
0.116354410592993	0.794558697006431	30
-0.022468742754886	0.649984073336173	30
-0.017492530776021	0.569028580690402	30
-0.012972990766488	0.646648275180698	30
0.037401229091178	0.74359867634331	519
0.106274648316965	0.723753379571195	20
-0.083094966738478	0.495207395938859	358
0.11156357059891	0.872169301376373	358
-0.102217759938086	0.384543654801456	358
-0.08031500502137	0.568865290473648	40
0.065882266650933	0.853212516304841	40
-0.014374279580657	0.718206666363367	620
-0.097724943261608	0.743496219385631	681
-0.118916395858221	0.486737292673136	681
-0.077512026863441	0.995505580633731	30
0.053092686104578	1.29578613067608	30
-0.040927529810608	0.794952418801134	30
-0.10767528803332	0.583451872566173	30
0.089185282265059	1.16909046197032	519
-0.052680755715257	0.381951309163248	519
-0.054199148816991	0.728786066394036	519
0.023014111804284	0.667218968287565	358
0.048540400659844	0.512249282474388	40
-0.104057565387764	0.389396729214071	40
-0.112909232456805	0.274202688440948	40
0.0117438760897151	0.593951612430485	620
-0.073931422746574	0.466708837536682	620
-0.062475590997751	0.635085861592918	681
-0.085623643899231	0.485466443083917	40
-0.115648097356191	1.45051084223141	30
-0.033689848526588	1.15688525664897	30
0.0159242875755869	1.22536292530835	30
-0.000588219388330979	0.999326604965177	30
0.00632154007105701	1.04905734741081	30
-0.092105961238718	0.69896148208221	30
-0.112218121630567	0.584857480977193	519
-0.124778204358475	0.473308098953395	20
-0.069367799921242	0.931346963750958	358
-0.062572128215349	0.574940991736323	358
0.067435938286051	0.712344399737383	358
0.075589190550222	0.797388293007862	358
0.010789946209723	1.03573210874539	358
-0.00400679391157399	0.711511207948188	40
0.050457990865171	0.831482128530228	40
0.029752248767049	0.772609785826601	40
-0.030061735404282	0.625285090957795	620
0.0420803869305409	1.07810251266269	681
-0.073035596991646	0.901126781723329	20
-0.115189533582546	0.653192110415006	20
-0.08810780064654	0.792825567755198	20
-0.081728951352613	0.722175985739073	30
-0.059535319190629	0.859531392349499	20
-0.047119008956807	0.613050925666	358
-0.00315267138071301	0.652599697922666	40
-0.04571412173861	0.490872775904531	681
-0.034477687449439	0.385700485715916	681
0.105258843400233	0.843450256193133	30
-0.095447157826704	0.398957708093404	30
-0.080698321031657	0.719104710194341	40
-0.119006515151879	0.648463126206495	681
-0.017760611712294	2.16033398814412	30
-0.057195391839761	1.11317596576586	20
0.034968424984087	1.04124633895432	20
0.081373455155591	1.47162077956453	20
0.00258821081231597	0.868837828877439	358
-0.00862176689254601	1.16218244415699	358
-0.102897695907481	0.653939500453433	358
0.086430852963975	0.617053284558361	681
-0.105026822886877	2.20223540177295	30
-0.062653197122924	2.07335215980429	30
-0.094541701645388	0.649057559291288	20
-0.050740662685219	0.845325717342145	20
-0.00285706113588802	0.802531078869973	358
0.119983226184011	0.49912284100995	40
0.0428677305137281	0.277736292769951	681
-0.078783493389016	0.696844146073399	681
-0.114128695830245	2.192403704184	30
-0.059683087440401	1.25247800424752	20
-0.041687022651131	0.960712388614301	20
-0.03170726600004	0.85197327612749	20
0.114756199235509	1.49504815543839	519
-0.00498001298127898	1.00988605107975	358
-0.050511685988459	0.879349253600961	358
0.058817003068205	0.964304075616011	268
-0.050405463994078	0.772317530587814	40
-0.033558405016549	0.171307702237758	681
-0.119468179915834	0.150027275057161	681
0.047418120858615	0.515827273982079	681
-0.092729380028922	2.02498060983906	30
-0.105796525554155	1.01434739910778	20
-0.093910923737424	0.968688980992388	20
-0.09989044373183	0.73858005352894	20
0.00676340523257302	1.01488081110234	20
-0.04850306963289	1.03477029550675	20
-0.098194802264264	0.810430159816913	20
0.016870762424076	1.03141763605854	20
0.002667620654905	0.503905863583498	20
0.0509487643959839	0.260245080681549	1276
-0.011702196537578	0.399347470195869	1276
-0.104983693872151	0.384980086020227	1276
-0.105192896645863	0.696149967267344	358
-0.060701371359071	0.498846586471891	40
-0.014612285198749	0.277544071275689	40
-0.044712092081658	0.373037694414641	40
-0.097897375087863	0.741923751934651	620
-0.118109597290163	0.548786031359439	620
0.0808542402042161	0.624722121986422	681
0.046546378970418	0.281426652622572	681
-0.038594168843312	2.46366597296315	30
0.0782794406127521	0.793425100879368	20
-0.068617605309891	0.576951018685064	20
-0.044874713227618	0.582936883383862	268
0.043676099219278	0.770980959949038	268
-0.113521700441397	0.540222279224909	268
-0.00853768977245401	0.645949504933129	268
0.091834642724736	1.2537709191584	40
0.024308327194975	0.733526440197654	1238
-0.105644389621758	0.385694694264867	40
-0.123282415540168	0.473144874354466	1225
-0.041771120836051	0.660413918084263	1225
0.067113025156011	0.856032714406006	1225
-0.035489213303851	0.50022127915938	40
0.010486140877818	0.743757998027925	40
-0.071115804692651	0.711005151426733	1276
-0.00744283197071499	0.827580873349809	268
0.032781396326345	0.892050514815136	268
-0.102145717878517	0.808580642352032	40
-0.086905935921025	0.727163995654663	1225
-0.00199548904534302	0.897480262756053	681
0.00598021875333799	0.718333518230275	681
-0.123213850882567	0.55693360087078	40
-0.12068007733454	0.883246205653503	30
-0.092944311350478	0.783243839993539	20
-0.087757961187806	0.723086198713975	268
0.0796606809068841	1.39610831590483	268
0.013735623525282	1.1558148605755	1225
0.00568051071213105	1.19496106768642	1225
-0.092126343258114	0.520427222622102	681
-0.038035479741697	0.56921403143868	40
0.109930628369513	1.92074010423405	30
0.099478844744562	1.44958801977254	20
0.027550388749752	0.600469011374258	1276
-0.035009164971708	0.583292378032018	20
0.051559320343236	1.31300953015811	268
-0.084081150428858	0.958600021942005	268
-0.117275818279513	0.646964199159755	268
-0.079150754477162	1.00762711346366	268
0.039828783770343	1.4332490515831	268
0.0570750555420641	0.502974946537463	40
-0.097202516816588	0.832057086925823	1225
-0.085695585594209	1.00741382358285	1225
-0.108020695439138	0.866902793341565	1225
0.114394256040924	0.71620237788336	681
0.013607100880385	0.598323016556308	681
-0.05484755006724	1.39465630899357	30
-0.082018063674672	0.392063239682394	1276
-0.003322910811284	1.00965429645492	268
-0.034324769905203	0.819971877429695	268
-0.027755860156985	1.08497462716567	268
0.046054922213118	0.915246124964276	268
0.049389895548689	1.19025213177362	268
0.0256281870441	0.677084838454025	40
-0.115630841526546	0.567002650368209	40
-0.084242470500448	0.842345933372179	1225
-0.014713667530362	0.484671545177885	620
0.09193538956185	0.720426311690229	681
-0.061221258746637	0.960752850641724	40
-0.00225936945121502	1.43108495666701	30
0.122411820616584	1.58029991601733	30
-0.107571454019944	0.858644958717387	30
-0.105673519043832	0.814720605610421	268
-0.092253392403804	0.88654458083747	268
-0.114061687249441	0.894596193571667	268
-0.095528687612786	0.729709854318629	268
0.033897283333613	1.10788994743495	268
-0.06934117706522	0.577588675053386	40
0.029573230137684	0.650437592054987	40
-0.046042006110602	0.267413806491832	40
-0.10677180697629	0.928803165520562	1225
-0.025923966141572	1.16592098047654	1225
0.0740715123403251	1.26324370047579	1225
-0.093154940695515	0.979514006662166	1225
0.023943983108055	1.41258095627672	30
0.040480010001142	1.42241160700435	30
-0.112304600140359	0.831895436056932	30
0.0295136574204991	1.37293570888452	30
-0.068110355129729	0.496139740129132	1276
-0.123329750490745	0.760861296819066	268
-0.00363750795639001	1.15872502051591	268
-0.044482682455639	0.925185134201215	268
-0.10253799566839	0.769916362096481	268
0.013008837323273	1.00209477573326	268
0.061058695291159	1.31024096119595	1225
-0.014351917567162	1.03312919410212	1225
0.031974181906579	1.23200670452194	1225
-0.021736263016287	0.935815607096593	681
0.01934525452573	0.479232039466708	681
-0.082111258420987	1.37339470950407	30
0.041184047954026	1.49828635737697	30
-0.071471016637692	1.06750400029399	30
-0.051871244714693	1.2550513345627	30
-0.034871412096756	1.28213590896424	30
-0.035278392996853	0.659453264810936	30
-0.108694722770079	0.682979433385066	30
-0.045184501342169	0.841156742088962	268
0.090058241600279	1.40326836032168	268
-0.04608322753283	0.911099396329947	268
0.022860956064694	1.40888622477343	268
-0.122772097343304	0.576376849610731	40
-0.045675731245047	1.04433158448609	1225
0.106889422774616	1.16626276888195	1225
-0.08220212922551	1.00321044888978	1225
-0.086374881099512	0.882446910929036	1225
0.104705966144716	0.811146656567351	681
-0.012991062294934	0.389684996890374	681
0.0973580219674141	0.795819837936391	681
0.010460760576135	1.12206727396719	40
-0.081942016311437	1.97158993917577	30
-0.117432038746304	1.2693841903789	30
-0.014735352217888	1.81328026687354	30
0.010156622712719	1.23789901821838	30
-0.122512306256795	0.75542245502898	30
-0.017223910613848	0.568865958604951	30
-0.055000637746139	0.913000744638475	30
-0.109363989668455	0.96545598338328	30
-0.111788915576481	0.262518079809804	1276
0.120337618964508	0.886068706285182	1276
0.047404568910363	1.07305573467193	268
-0.120993781620209	0.717483939783155	268
-0.025918493436028	1.05285138875678	268
-0.023406603429918	1.05149302110631	268
-0.094687288734533	0.399137711998845	268
-0.051456971107985	1.00126360420808	620
0.00405819563689702	0.961920121972012	681
0.040071605096684	1.10884720539126	40
-0.113235247521296	1.47525644440394	30
-0.0633216622384	1.52405227608173	30
-0.035714790434848	1.46520532097211	30
-0.004439759040751	0.65902563124953	30
-0.115297988867757	0.381346389868244	268
0.026718310957086	1.17334215687663	20
-0.01511083030322	1.14106602501068	268
-0.110289212788812	0.733191355683728	40
0.053685535170684	1.34615458896702	1225
-0.052066810297389	0.885301377942244	1225
0.054176326802221	1.37815303326254	1225
0.034182270236527	0.503247118542895	681
-0.094746078156783	0.261841093757035	40
0.01602790624812	1.13370701633904	40
-0.00224607866073601	1.15657192656716	30
0.037740199522428	0.502981548809696	268
0.025818594101677	0.665107249560245	268
-0.118131732456624	0.499947815548112	20
-0.10878714181625	0.719455085905905	268
-0.085485189809099	0.760188189294333	268
-0.086162463456724	0.759747429340456	268
0.064218590719855	1.20936657513052	268
-0.086972536595706	0.479885054985593	268
-0.082955798396172	0.631489540577406	40
-0.032344348518555	0.988755895613586	1225
-0.009270173111883	0.947282430305968	1225
-0.045164973808615	0.387875720241516	681
-0.022972443705083	0.481245337555469	681
-0.033442860616967	0.378655025948176	40
-0.019214479514665	1.25119227094402	30
-0.054001044848162	0.502773705823701	268
0.123509532748328	1.81953276043951	268
0.033922419987036	1.03305234521159	268
-0.027993797603749	1.18466020342732	1225
0.0769903361134801	1.48996637626209	1225
-0.025484755939997	0.923698603721607	620
0.036456116139464	0.374982829243007	681
0.014852678310978	0.595790897010271	681
0.054429973474186	0.490645910869066	681
-0.029504609065991	0.911539948800109	40
-0.00778105314455901	1.6437615746239	30
-0.119843243365534	1.16863452479787	30
-0.068471719518164	0.493410139330696	268
-0.018280607185008	0.874916878155737	268
0.097252719303869	1.503623412874	268
-0.065730267049463	1.01648597798801	268
-0.106936809218797	0.478605986120645	40
-0.124964195563709	0.480841229662279	40
-0.047895251994415	0.269414437802859	40
0.023470686392005	0.898067269037887	40
-0.072954503650568	1.06118882915856	620
0.027727647256507	1.21434676298777	40
-0.033850114907474	1.02269663582035	268
0.013946953037545	1.14592649470552	268
-0.052445799038388	0.799332979685766	40
-0.085040610836956	0.840110264519292	40
0.061869302803542	1.41266272652474	40
-0.025682059770803	1.05175097676266	1225
0.0574444199115171	1.31770694767084	620
-0.086510641171654	0.952052151236543	620
-0.00933188129719997	0.376308124352905	681
0.105996885898771	0.706395977052109	681
-0.075438962732304	1.24394612907073	30
-0.082958997193276	1.278372442979	30
-0.108528583617239	0.852046955294583	30
0.010807859528451	1.06884497855606	268
0.072313921642937	1.68443962317974	268
0.089231726380118	0.981839190863721	2863
-0.000320116570178997	0.891179683584854	268
-0.111719303766094	0.470209606687699	40
0.00991328021077697	0.498456159197247	40
0.058318282778438	0.913512439772756	40
0.017915645489078	1.06997512390594	40
-0.040692020385591	1.0245798345751	1225
0.046117471999637	0.283159408267007	1418
-0.079261284729513	0.649413931322324	40
0.016180404465608	1.160122374276	268
0.081164368687163	1.58414990665847	268
-0.028774033774443	0.978162960157374	268
-0.053969027988273	0.828977053722562	268
-0.116479629931402	0.46685393818591	40
-0.115725650819685	0.558462058296924	1238
0.00949980122155603	0.370469817758419	681
-0.00103368745935101	0.67415880204647	30
-0.049914115822262	1.07058299052341	30
-0.117151052997149	0.152056376793806	268
0.00508244359867005	0.814229873330676	268
-0.086970859254355	0.657103692086762	268
-0.083396067616024	0.383132615345579	268
-0.117279577533513	0.371209563560038	268
-0.00803513842902698	0.493879463621935	268
0.00391586590109705	0.825517370411885	40
0.028095765388496	1.10093095806552	1225
-0.047716882133116	1.01828384427244	620
0.092856051615565	0.38844087793015	40
0.079670290485104	0.615016288938507	40
-0.025120493760195	0.721479934063681	40
-0.111659675859855	1.41485773599042	30
0.059113671812293	2.17778044583934	30
-0.03912130170907	1.24207505244882	30
-0.078165058193358	0.883704530072207	30
-0.112848196170584	0.38861920046599	268
-0.120861025482757	0.802688674372282	268
-0.120138834972964	0.786926876993226	268
-0.033517851958216	1.09969243642807	268
-0.091032616803058	0.628114812552446	268
-0.092575055824711	0.76087091623502	268
-0.027666566933149	0.585953246983605	268
0.102295382924402	1.14806608791039	40
0.026020198378415	0.971908231962867	40
-0.03871082320187	0.577351754727446	40
0.096378725455097	1.20470476851025	40
-0.043198929070253	0.877083361806811	40
-0.046067146859259	0.887431023263362	40
0.00739804744388695	1.09050435543954	40
-0.08476351484833	0.829770449130476	1225
0.092585841834298	1.63997956759308	1225
-0.039262777113525	0.995907709783242	1225
0.112967645273802	0.615865811444657	681
-0.096091268666425	1.82764931491801	30
-0.111134121129787	1.42369871418257	30
0.079267211160637	2.27318396215479	30
-0.060216572850569	1.17640078831279	30
-0.078755912057412	1.13539711516768	30
-0.014139353402751	0.575550092776206	268
0.060055804930592	0.930073547063882	268
-0.062902907806332	0.858755506638725	268
-0.027769114751341	0.716036852362833	268
0.058539529725563	0.510644690009538	40
-0.010249589652886	1.1344722396754	1225
0.045528907391779	1.09498052398915	1225
-0.043058722019291	0.577446694152688	681
-0.077660100547734	1.59424757861392	30
0.023849288914899	1.84521997438345	30
-0.102214372450465	0.850877845189341	30
-0.114824749299434	0.819665133703022	30
0.052429778105214	1.30218818302534	30
0.116659124982871	1.0493287355104	268
0.030512441523019	1.20752897044445	268
-0.097500573878768	0.667321544473191	268
-0.048141001401299	0.543491738865571	40
-0.059099609261992	0.660661504607281	40
0.00181048331859601	0.930661489172561	40
-0.013707429252116	0.923842455304992	1225
0.0993982348249	1.20130686130261	1225
-0.046088961300643	0.912178129918615	1225
-0.112895548589184	0.25678705771093	681
-0.123291845753221	0.681089496326745	40
0.00442458269810098	0.667766855810881	40
0.00881031592322201	2.27609372957786	30
0.017658064633153	2.43645527824454	30
-0.030318427600507	1.57187315308489	30
-0.063051111160752	1.15901625686229	30
0.098526368386901	1.71831019048496	30
-0.019097852397673	1.2078013921589	30
0.0949138676521219	1.72227253102464	30
0.060471554171442	1.61195513268445	30
0.105169048262218	0.620055517651464	268
0.0552529136697349	0.452733128451318	268
-0.098891226463749	0.68085946497815	268
-0.029284345326501	0.906337195479338	268
-0.112695769880227	0.696001883076577	268
-0.098760578360675	0.785265034397285	268
-0.115755189936214	0.555871367976972	268
-0.00101083941244201	0.472528429319776	268
0.01707104969994	0.502079579092115	268
-0.097922331917475	0.534277311262843	40
-0.085428179952598	0.780068308088388	1225
0.012282979816282	1.27146303808432	1225
0.00633127583534698	1.01471505836573	1225
0.048564229011953	1.23178929013223	1225
0.088866567925888	0.391744371544308	681
-0.062308062956871	0.265901618208402	681
0.046713750285846	0.28562682840498	681
0.054589229580168	0.284575320247645	681
0.040683502392882	0.374790006323308	681
-0.110633508780245	0.559052986385721	40
-0.025909888651618	1.5359294408241	30
-0.017031028942393	0.737309909083626	30
0.00351556015304999	1.35541226484262	30
-0.083621027130542	0.356362518915365	268
-0.061890449809363	0.248129190937788	268
-0.012731648044563	0.477955781315584	268
0.063243183239761	1.2014080507144	268
0.00230411734985103	1.08483827905359	268
0.118287076569979	1.41949701331708	268
-0.047436667144369	0.917695327539352	268
0.091575796682003	0.908024918154637	268
0.028643613533172	0.831033694315577	268
-0.030189831239551	0.506687349183913	268
-0.084752266001695	0.475812556940838	40
0.092147675119781	0.714020194925777	88
-0.069130420865485	0.730232437028624	40
-0.050250733020469	0.560747204417768	40
-0.044787015114539	0.805930824121985	1225
0.012733735445586	0.661196055746701	1225
-0.054382960376534	0.808468095292533	1225
0.00787361364402495	1.02151081481436	1225
-0.031976258362137	0.980682558816025	1225
0.102699487834082	0.607506223753991	681
-0.089142001686458	0.252411171716473	681
0.090008643022122	0.521582038823887	681
-0.095484111851631	1.37464085901108	30
0.00281914527902905	1.89833687244564	30
-0.067584322882424	1.12811242695943	30
-0.048062689493447	1.19525259300617	30
-0.078334412287569	0.913530955020761	30
-0.114527123928803	0.673931716684598	762
-0.113822998320674	0.389763193815474	268
-0.118135966257564	0.402980516511886	268
0.010399715027945	0.90590526990145	268
0.098125582071382	1.10827991785269	268
0.120651601666706	1.19408110397179	268
0.094917968390682	0.77730921747708	268
-0.045439475908224	0.572290158014326	88
-0.062709311296013	0.579144884152127	40
0.066208823237258	1.00545716244103	1225
-0.014141326410146	0.896393048072318	1225
0.00563517766072996	0.37287899430251	681
-0.090543426888338	0.253771737512373	40
-0.010333533777645	0.989293297138038	40
0.037706299703281	0.920637832013749	40
-0.012308610906923	1.52682941717312	30
-0.114103061367778	0.976131818033083	30
0.07898618647473	1.55618135060682	30
-0.029170520630342	1.29009445474528	30
0.03580100798792	1.19553301018451	30
0.060990998633778	1.18800834679897	30
-0.059633252095376	0.783985262262585	30
-0.052727851826444	0.713346906178127	268
-0.025461033980166	0.656583078931387	268
-0.058664816317167	0.570806462198759	268
0.0373996462806639	0.831567348160055	268
0.067113025156011	0.856032714406006	268
-0.055680238416499	0.653035236157114	268
-0.089199084637305	0.391314988629774	88
0.064464503956108	1.06373476356469	40
0.061914217771014	1.07934189108407	40
-0.117319161636316	0.57521858335395	1225
-0.029227765932492	0.789445323193184	1225
-0.059741181930405	0.726143816163348	1225
0.062155022186094	1.14869264144565	40
0.016355842416204	1.66862828522215	30
-0.000409713204464979	0.990559160797454	30
0.121812213727738	1.05547018696924	268
0.0741116342378501	1.0443204516186	268
0.054455918150907	1.19992776892399	88
-0.014486434371445	0.635161017376762	40
-0.047553608007116	0.563598686970794	40
0.071602596033827	0.974405084306109	1225
-0.107017237089974	0.56160058160446	1225
0.098859514108145	1.39286528960641	681
-0.083143714527322	0.788660775617578	681
-0.014381310441276	0.810126718538733	681
-0.00338596979016997	0.826731755752761	681
0.091559124349065	1.02729227143377	681
-0.112198145095874	1.07203722448228	40
-0.00624129320309502	0.746723315195389	40
-0.103841380132575	0.781978075412763	30
-0.067437670972257	1.0082531009814	30
0.03093268702653	0.88720295518774	30
0.047538857104362	1.06502390243697	30
-0.111543506499612	0.81160928150056	30
-0.053251171794236	1.29885195445935	762
-0.049492081975751	0.578064920345675	268
0.064029881236099	0.777558524033448	268
0.00178649300313105	0.592155801513975	268
-0.112344722237288	0.399618106493598	268
-0.065118419181473	0.788614466182461	268
-0.010575274539387	0.596334107967207	88
-0.036187390022596	0.477578672460518	40
0.061101681117223	0.768040350936745	40
-0.110331126534771	0.456769313105735	1225
0.075584846389409	0.790675030600317	1225
-0.042602765020153	0.982422784811079	681
0.010137952956628	2.12153783022201	30
-0.086562051106162	1.27554533770433	30
-0.119064174380103	1.09515907273917	30
0.016741160625326	1.537209119187	30
-0.102843835952738	1.3101198056125	762
0.0632158653523141	1.31635649249413	30
-0.011205592520327	1.15223830659387	762
-0.096556481644264	0.896364636099434	268
-0.073742118850902	0.63364565534663	268
-0.040852893847285	1.07094486216032	268
-0.031358199552004	1.01433863427665	88
0.035068242995636	0.728032827329407	40
0.058594961278397	0.931757818799211	1225
0.088539965845957	1.15869182121373	1225
0.03139933423912	0.841699297424696	1225
0.08612863885164	1.09975956107107	1225
-0.065229036553434	1.1152635164514	681
0.066962500616234	1.21910630366039	681
-0.00362477825595497	1.00015090096221	681
-0.051048947395131	0.794315913467145	681
0.036360974450654	0.807410392974854	681
0.024008851523651	0.767891936365438	681
0.015947119220952	0.879485157103052	40
-0.087744047041659	0.879173716551805	268
-0.096229194451822	0.695534978020606	268
-0.122825112796374	0.555741916175271	268
0.088223831224911	1.19595149900012	88
-0.095988958498842	0.710697637436897	40
-0.103649483488947	0.634412716565825	40
0.016143536401205	1.03411519162066	1225
-0.117179912894457	0.653293363822488	1225
0.00632010819473605	0.570825926769121	681
-0.012218254174167	0.708527638469056	268
-0.015331624444436	0.398453903041241	88
-0.111804992119555	0.656596470189233	40
-0.08365899612115	0.940349230900857	40
-0.013546015226174	1.06415521057601	1225
-0.124555820609836	0.463490965870632	1225
-0.031991394833459	1.16219348709442	1225
-0.104945237972665	0.853244055346688	1225
0.078857837395684	1.15526433198119	40
-0.071177819678837	0.382794887151882	268
-0.119054811769137	0.802521860636082	88
0.06570300192362	0.599733230700926	268
-0.027216015429397	0.361986724475458	88
-0.064070367899609	0.492107359477748	40
-0.00435692566714901	0.640702781193924	40
0.123328355069903	1.34128061982215	40
0.109276468553865	1.55308522094956	1225
0.00939219601565	1.30092102793791	40
-0.113088764381827	0.474762395385091	681
0.00704988116210403	0.38339237880127	268
0.083603294476164	0.723987782467839	268
-0.031128726895968	0.740084593388586	268
0.045541132066572	0.817913864408587	268
-0.094467272616455	0.394704156646884	88
-0.062161473146925	0.374771256069389	681
-0.112879470952593	0.26865793228502	681
0.086372832380308	1.15339492771186	88
-0.058953835334165	0.638997564395905	88
-0.068539148662988	0.926060348350728	1225
-0.105209060650905	0.795520043448737	1225
0.112746524843538	0.78481244436144	681
-0.104157525873905	0.148604003144748	681
0.118183855166217	0.804909008480845	268
-0.042009348492077	1.2536748681149	88
-0.106540713196965	0.669031633479811	88
-0.039153478945841	0.563788933226655	88
0.032336611088711	0.720035577541283	88
0.047298178945426	0.739362584997108	88
0.054212290434518	1.47418445887655	40
-0.102424964010728	0.884748646910655	40
-0.056100504417331	1.01090252123702	1225
-0.042768557212662	0.374992639777008	681
0.092991145479454	0.408872284963081	681
-0.041288657724382	0.481962843344218	681
-0.038528773908626	0.167402222187446	681
-0.117202164896042	1.59554578299616	88
-0.006564017584891	0.669015403263381	88
0.0841986636252	0.894131912396511	268
0.065179185070716	1.42778173088003	88
-0.053936650177392	1.16480281723101	88
-0.102363240848675	0.957360917124532	88
-0.075372618130765	1.00598058451166	88
-0.095138250821507	1.01472922941733	88
0.0381077507202759	1.37394625032447	88
0.027012456857558	0.978771469913416	88
-0.029364985386342	0.77777868672568	88
-0.097075460508621	0.757747297581935	1225
-0.053834974066694	0.988497481920111	1225
0.086383771020119	1.37833653203419	1225
0.013696929447237	0.591874028300376	681
-0.085627604967481	0.700814062980062	40
-0.102884624589949	0.856755081126006	88
0.049843052620507	0.703524243335036	268
-0.093305637435335	0.618028794450703	268
-0.042058398811535	0.85507990764168	88
0.124074263269315	2.07809036823352	88
0.067906771457112	0.777798692111403	88
-0.06076239841697	0.650855364005413	88
-0.053229245960731	0.497560383173258	40
0.014969240085045	1.23282840412794	1225
-0.104293628720604	0.87499590658911	1225
0.062723473911168	0.519380824393668	681
-0.110555978692795	1.01519354477498	88
-0.093453468538915	0.688485928252293	88
0.059043313372515	0.989709811386454	40
0.0760693228552291	0.865236248830872	40
-0.027901434435779	1.12455350831399	40
-0.068150008894178	0.947796032278938	1225
-0.091257268449541	0.901296821306558	1225
-0.115842487863603	0.404945409627733	681
-0.116416371524629	0.509377034315103	40
-0.101156706257066	0.480372209985572	268
-0.061156818175168	0.483532404640196	268
0.015984412642377	0.631033058758669	268
0.040904418748188	0.978813700686631	268
-0.114053511992512	0.968082364575587	1225
0.105449837557042	0.388008538851418	681
-0.110203857357436	0.55370712866953	268
0.111927242073781	1.19106867373511	268
-0.051544380753466	1.06422922594957	88
0.073639149756067	1.32181164441914	88
-0.064689469487407	0.90636117735106	88
-0.058788892751077	0.884543893683545	88
-0.033464258236959	0.82111704662426	88
-0.118767424059552	0.588638594798213	40
-0.123733936510292	0.615347960369899	40
-0.057323066229231	0.730012570276605	40
-0.082093525779074	0.717163401743578	40
-0.083372127181062	0.738075829200834	1225
0.015881557332757	1.03142093260149	1225
-0.00118344594467301	1.04828371875068	1225
-0.04581602386542	0.855000204385643	1225
-0.075108301460556	0.396638804620363	681
-0.095575831729456	0.25859522862093	681
0.071445362153469	1.1323599900528	40
-0.07175295693307	1.58807971595226	88
0.015486765372538	1.10163883386746	268
0.031614274775576	1.41079144734306	88
-0.108354308656006	0.816272082763104	88
-0.062496228969893	1.0017129825449	88
-0.074866513481972	0.840909558719155	88
-0.124530140805514	0.652247434224169	88
0.0671817528266	1.08850460929628	88
-0.05713285271904	0.791943978451703	40
0.091030608781256	1.433370099119	40
-0.116605027869196	0.623579432047044	40
-0.074893079006655	0.781769760701075	1225
-0.011302093979858	0.800451644663342	1225
0.029051697502942	1.09333024411691	40
-0.040598820324148	0.626198580285909	681
-0.068474357887846	0.655800900709294	681
-0.017968912507197	0.838405592707666	40
-0.066637972816288	2.2038903371793	268
0.00948425041766299	0.671668790256434	88
0.107406693691747	0.950957648092309	88
0.052476761484705	0.602635462733528	88
-0.113737920138306	0.374865905282113	40
-0.05451810263626	0.389622692528042	40
0.037684209183559	0.601060683561193	1225
-0.036251642987667	0.482896783043264	1225
0.037652260777565	0.565887903978413	40
-0.116291178305373	1.21392826118366	681
0.037120531400992	1.69806973835591	681
0.00722806660617903	1.25222485578308	681
-0.116821512828436	0.979620989724542	681
-0.034934339519916	0.573319940578752	40
0.086209448228158	2.27251546720011	88
-0.061262343070578	0.977545551688113	88
-0.03628828609097	0.888875888657617	88
-0.030667103711665	0.8994620880928	88
0.040091037832913	1.52152587094845	88
0.036670831806891	0.975582534933856	40
0.087632458499926	0.766980537002204	40
0.08200993377287	1.23952794034054	40
-0.056674372193547	0.772189730827995	1225
-0.085458886953998	0.662738337374588	1225
-0.11352051890314	0.644637755086381	40
-0.035215407377205	0.692137575679474	40
0.039869584417672	0.964502755198247	40
-0.035310487535065	0.736868565437427	40
-0.053200375808188	0.711237811888528	40
0.024254216397859	1.14967015745861	681
0.100776714489823	1.1107911568285	40
-0.014136959838153	1.40719346600417	1715
-0.05882917235037	1.12300195072591	1715
-0.085780346367218	1.06191722491087	369
-0.023137508383456	1.04096026279573	88
-0.076614222829255	0.854358290250397	88
-0.064468258368019	0.931472902928375	88
0.00485677436019905	1.20427854168739	88
0.06104860260038	1.10017458654862	88
-0.051256327456963	0.800847214620301	88
-0.055402458805666	0.801614492341513	40
0.103871453384	1.22618579934859	40
-0.043767589605507	0.960237400989671	40
-0.035750509677958	0.94915083124993	681
-0.081292513515182	0.553519885561838	681
-0.026336207263689	0.855521583470122	40
-0.025516181924449	0.92273834672356	1715
-0.096437576841115	0.995928405468016	369
-0.068441135619678	1.10081948598177	88
0.074844290235077	1.81427890579088	88
0.0447846103771971	0.737477293895483	88
0.113923674862064	0.837171692495755	88
-0.035003082997912	1.16598636547444	40
0.018449021229466	1.30470740266832	40
-0.052185565865052	0.271745768677812	681
-0.116646993204279	1.61735932649723	88
0.00491865962414695	0.948612477117315	1715
-0.037222609532523	0.648507985044957	1715
0.122360607847734	1.62006434838541	1715
-0.008584107321568	1.60847881196732	1715
0.00467271537823899	1.56471307362256	369
0.081347611903382	1.77545890070217	88
-0.087856120386689	0.490701189627288	88
0.076463802036728	1.20844514284732	40
0.072165424895318	1.45911584388895	40
-0.124469127186811	0.796678672668011	40
0.043004767098531	1.30521177774398	40
-0.092693765380265	0.848715273021304	40
-0.00933057038180601	0.280589890710774	681
0.043886845873928	0.384724824425924	40
-0.105588232238017	0.374832028567791	40
0.101042035020405	1.03413147575082	1715
0.099157764501722	1.46764985611008	1715
-0.07377663565977	1.52609055725463	1715
-0.105093909576133	1.01201225947602	369
-0.090691463661211	1.20770449701471	369
0.0187956727042	1.73391550397717	88
0.026389760702546	1.57034760471167	88
-0.058402779734374	1.27076995107429	88
-0.00478851451989598	1.32929557632223	88
-0.085871887904001	0.762407260447847	88
0.049822234310118	0.967462539433243	40
0.020406856275537	0.606120061199429	40
-0.028960531055197	0.93524552755322	40
-0.098845969853368	0.972924664012378	40
0.0712658582637	1.4954238045394	40
-0.00235479995684801	1.27948902670685	40
-0.034552567864295	0.665361176586404	40
-0.052552945659867	2.15567399153696	88
0.037877537750902	1.02877043348684	1715
0.069652422794833	0.922917396096616	1715
-0.095691162324619	1.35895391691995	369
-0.088732032430843	1.27788293930903	369
-0.115756744928362	0.268001488065372	88
-0.032448056095784	0.74528842502794	88
-0.069590616794316	0.953659540535801	40
-0.015640326235532	1.16733284470672	40
-0.10672100589243	0.846916676217998	40
0.00519000552474203	1.30776387926488	40
0.046718688479931	0.407111861598994	681
0.014878783706367	0.39027527583317	40
0.112004432761509	0.619272963015193	40
-0.110031419043433	1.99494197769743	88
-0.04561048077516	2.06928497285059	88
0.042010551931741	1.89863027007416	369
0.035377238636407	1.94328963076711	369
-0.061547512364693	1.23948562589609	88
-0.066634330950353	0.571421233332712	88
0.048401291555992	0.401027483101298	88
-0.060029695967104	0.718781438402619	88
0.088153019348713	1.09907819285516	40
-0.019651348771934	0.663526294723124	40
0.112414935144823	1.09206739639696	40
-0.00428511302136197	1.32826248183711	40
0.010183392829576	1.27609741386962	40
0.0180422110427511	1.11252150090428	40
-0.054294973196347	1.81493989085987	88
-0.070385994794696	1.41427361398222	369
-0.029020775947357	1.53567343760572	369
-0.06028950747885	0.934851720852934	40
-0.040750489796335	0.983696305901167	40
-0.120228455524865	0.500969576852127	40
-0.11468891194063	0.777316561281942	40
-0.076197116437362	1.34017783243795	88
-0.11768380645016	1.55783049445278	88
-0.048742655415977	1.41649693396424	369
-0.085553500784291	1.32906607117998	369
-0.080583718760684	1.32078823628281	369
-0.000682414818725996	1.59585476863739	88
-0.106944099004933	0.461998614609052	88
-0.114072586734818	0.576369817561536	40
0.091288370007327	1.35289964437877	40
-0.035444775109255	0.394536462493259	40
0.115683547594582	1.34857363471708	40
-0.097763099592649	1.93232195889906	88
-0.053571290292595	1.58474919804221	369
0.019293670881853	1.89839263952267	369
-0.015742362677136	1.58971380038446	88
-0.054310246236104	1.20819608264779	88
-0.086923959151412	0.617902916341079	88
-0.11269662260064	0.379573889341482	88
0.102743570400439	0.884747285837246	643
-0.120966774046025	0.69360108580616	40
-0.121762239049181	0.753322873177442	40
-0.110810860018409	1.69761136316541	88
-0.116239855842535	1.41176475440321	88
-0.078398060407901	1.59680291678313	369
0.038873024722067	1.81044011427836	369
0.053595962214825	1.96139591692374	369
-0.096944622288526	0.964605406413869	88
0.024550561619604	1.11031535382878	88
-0.00165593293532901	0.674462495157819	88
0.093945746928485	1.17235967542541	88
-0.03456825726878	1.10365680099652	40
-0.06982429263696	0.7215098794332	40
0.055685305646603	1.19608056385947	40
0.061472843987915	1.04735538237188	40
0.00621754130680796	0.583386049284791	40
0.01616492627039	2.09494963070596	88
0.032479541988699	1.67634456496344	369
0.047305808595345	1.63218544165721	369
-0.108914903928068	1.05280578120144	88
-0.082244744389072	0.568820634669318	88
-0.088272167932979	0.575929665817447	40
-0.108473935890588	0.572872874834476	40
0.021442891739509	0.836175185688136	40
0.0152126801546501	0.79239104798931	40
-0.119683052864353	1.71786542396988	88
-0.013101149290326	2.06891433252571	369
-0.094577849716002	1.37707870565488	369
-0.120129622599157	1.05430763710658	88
-0.036827327309823	1.35311439655658	88
0.110333532495968	1.8988157918869	88
-0.100506331039785	0.931336206374821	88
-0.017049660524529	0.876935956033153	40
-0.098657852783849	0.779330735263202	40
-0.082589418357609	1.00072873108445	369
0.0119957030872661	1.00907627369284	88
-0.051238163501466	0.566970612679336	88
-0.09295728966481	0.388289960213098	643
0.022339569855654	1.72816240807577	88
-0.067499232753737	1.2298662736037	369
-0.123135467372684	0.805035610928888	88
0.082734593754888	0.766569038709587	88
-0.00889824956220497	0.960677737904473	88
-0.024716469644957	0.662570072945389	643
-0.036358594426268	0.53668303868233	643
0.00821807190882296	0.598384622353641	643
-0.105812123533367	0.570232680361817	643
0.0800509966915141	0.609403056568171	2273
0.0468701059032281	0.609017018350507	40
0.00598328337197895	0.506937750559194	40
0.00646229206390303	0.510559507197871	40
0.030771412875272	0.686204975263826	40
-0.123853032098143	0.377073577552192	40
-0.05709631345602	0.372358710296796	40
-0.021121268922133	0.504126241257525	1374
0.107104946118183	2.10637202515281	88
0.014547868949778	2.40185038638095	369
0.011839177645241	1.44152674775442	369
-0.051332309536075	0.631140402000842	369
-0.033239657731991	2.16912308194034	369
0.087789863297047	2.14518489900655	369
0.079720775929395	0.610482309486091	369
-0.09910362190558	1.0071054125673	643
0.018416091127075	0.501323672315834	643
-0.124085764047123	0.409442813827379	40
-0.100474143250035	0.393968668863865	40
0.07018899549374	0.620324598366685	40
0.0957362903996179	0.591369856437422	40
-0.115805832075026	1.042756351102	40
-0.075979490524015	1.97083491735891	369
0.089114871136043	0.802563841868655	369
-0.110156144939073	1.11774402265113	369
-0.121304123856	0.375290237088446	369
0.072580047846379	0.667454808972664	369
0.042811575485087	0.51718546082549	643
-0.10676088728535	0.374117712217993	643
0.034072298178961	1.60879224454773	643
0.064694015573711	0.598247760247177	2273
0.00482249226651599	0.378392637180465	40
-0.039408138073969	0.365342520872937	40
-0.081421888046689	0.386658416228112	40
0.033356462943006	0.604369116573957	40
-0.076124959973147	0.390274850687526	40
-0.118093355199178	0.405063738809725	40
0.081952826792363	0.60225193744835	40
0.00646229206390303	0.510559507197871	40
0.043442601313473	0.685893721010157	1374
-0.062694000811314	1.76430208817118	88
-0.055785694195347	2.14375212649527	369
0.011281741792281	1.37555393379424	369
-0.102912117161498	0.917094095220896	369
0.06423210218442	1.06555593223423	369
-0.00679027735653498	0.814149828604739	369
0.0999669425352529	1.16377791897691	369
0.115612318605647	1.0864191166864	369
-0.000483521512582019	0.679410795893376	643
-0.007510698032691	0.523798870645046	40
-0.063293687365187	0.47482092369364	40
-0.037341906960507	0.472000354447285	40
-0.064095689879627	0.496379758386601	40
-0.12357680635671	0.394982830634241	1374
0.038011624828131	0.671716294008846	1374
-0.085701346724717	0.493889585280683	1374
-0.00261422554212398	2.05491846563895	369
-0.097155208476735	1.34807019186507	369
-0.115428004747095	0.807659812741564	369
-0.099139713256109	0.651702466458699	40
-0.060371359844786	0.570510609074383	40
0.057070534630064	1.17167764333405	40
-0.029554027910794	0.898075386234794	1374
0.074095601551035	0.941559392118973	40
0.078259936634685	0.690979136712947	643
-0.012587272148155	0.652525542654785	643
-0.11948003165046	0.462400710479242	643
-0.020889039758402	1.00883833441369	40
0.108580999292277	0.680706750252028	1374
-0.08603740069071	0.26918222634548	1374
-0.097778048505454	2.26769829804732	369
-0.091975973072794	2.17611925121226	369
-0.108747145953067	0.648483575278438	643
-0.090219769519037	0.655193270242946	643
-0.046551544346816	0.775411413929371	40
-0.021004577760977	0.809224059750817	40
0.122794589806704	1.61964815271902	40
0.090870585403066	0.520092201745266	1374
0.0120061114069689	0.402309824359619	1374
-0.0387071458754	0.49947752944863	1374
-0.097809667426974	0.713527482561298	40
-0.124371645977859	0.562398513160326	40
-0.052834042111856	0.893894374513791	88
-0.069591230637416	0.780253790401847	40
0.06430839149933	1.30501243442436	1374
0.03081138568565	0.693740825903892	1374
-0.095891216774932	0.469493024464538	1374
0.039378717123505	0.755743546653531	1374
-0.106356001340081	0.710612433403884	1374
0.00197867402824303	0.987325505780324	40
0.027621254048772	0.660058112451709	88
-0.121515845734003	0.70793338479253	40
-0.060352891257001	0.861634330344987	40
-0.067584068187673	0.873125363236192	40
-0.082341645904822	0.496556114984149	1374
0.079285061661145	0.924321491794186	1374
0.108437589166624	1.34968053249596	40
-0.113885289728435	0.870522800330393	40
-0.035052309735196	1.11494166214429	40
-0.03630917536671	0.937617753255384	40
0.052336744346728	0.752588529578064	88
-0.090618958016474	0.459322149161853	88
0.043866964064134	1.3706378185327	40
-0.110893133497949	0.939413302243859	40
-0.104226716759508	0.256195177292278	40
-0.089637145421261	0.814882498012831	88
-0.053659212796183	1.14183411540015	40
0.11096200549354	1.62058365817275	40
0.073338299613825	1.52906929376572	40
-0.00838901514239099	1.27903128103615	40
0.014752885314963	0.487113810542621	40
0.04900933224675	0.676557608175525	40
-0.01154704281572	0.488343999453324	88
-0.066309813781489	0.543692616430306	88
-0.12133920783166	0.631201168068412	643
0.048714733888393	1.53712056387044	40
0.079605022906285	1.56787136881904	40
-0.118455820713873	0.945561500412248	40
0.047309798354921	0.284674180526666	40
-0.0096449246998	0.995190958042789	40
-0.020068660478956	0.479014982378403	88
-0.107711228956348	0.481059998223631	88
-0.082127950534486	0.674470340143267	643
0.108916619198958	1.73274830109228	40
-0.104374021411858	0.899664727571866	40
-0.073816880365084	0.986342691930735	40
0.111040362994539	0.637336406068213	184
-0.00685386780736003	0.496287476625286	88
0.045493098820663	1.44946058736641	88
-0.10223332540359	0.64435837370529	40
0.118660238340119	1.39859051644475	40
0.014446679232645	1.34759380865118	40
0.04028187482837	0.390728974700128	184
0.102540068433065	0.482003690413312	184
0.049136358643581	0.394894192684319	184
-0.061958217472171	0.260552952592245	184
-0.101373276967545	0.81616426599285	40
-0.118299461771326	0.849078513986558	40
-0.123182020717526	0.485017608742522	88
-0.01982520935584	0.86734417172607	88
-0.026144588626379	0.934098457265405	40
-0.050697680131297	1.19369904260831	40
-0.096451576907725	1.02640162781386	40
-0.0130526946592	0.257848713849115	184
-0.057317632914767	0.846389490408446	40
0.113597891968	1.58106934590208	40
-0.09576588494552	1.06942684797264	40
-0.063885312848071	1.07487857576249	40
-0.066797634399079	0.389627616293013	40
-0.044467408010882	0.36754237970794	40
0.09077749321393	0.394321839647317	184
-0.118551259881415	0.37788066089421	184
-0.084558037830931	0.733765466479145	40
-0.090236209330882	1.07371981979887	40
0.038538149893224	0.83754739225545	184
-0.00571517759075502	1.02168066413224	40
-0.083365430555401	0.640934447627192	40
-0.097050527116134	0.643959186502982	40
0.050744270164452	1.47140715686299	184
0.027019476164018	1.32579952700099	184
-0.038735872278384	0.98605071455072	184
-0.105222434653053	0.806121667099754	184
-0.069167417801665	1.14363870105823	184
0.00262509283429402	1.11433311096432	40
-0.0291933118777	1.14740252477326	184
-0.011921035706131	1.1111021740202	184
-0.019622977800171	0.868930203493579	184
0.111992114563179	1.26812318348097	184
0.095171295379637	1.23722201186716	184
-0.115104548784881	0.892011598656517	40
-0.079746483084111	1.3326404140411	88
0.094067125819559	1.76305731781429	40
-0.071221785755334	0.383226404762658	184
-0.061759632782607	0.3719050444531	184
-0.04718906327623	1.18251937416533	40
-0.106988628073151	1.3005337858522	88
0.00182422283873696	1.60975368313277	40
-0.051452936252829	1.18864780752943	40
0.045871626911452	0.404956907834775	184
-0.00741329421502401	0.269541913273783	184
-0.031744782309713	0.587394295044501	184
0.0227185659453461	1.02414449187728	40
-0.083216855217906	0.822184295118121	40
0.103631861694458	1.34780860154685	88
0.012943320798961	2.10310005172639	88
-0.061329930424505	1.50308058910602	88
-0.099655583099656	1.19764063657527	40
-0.029721565933131	1.2434751424764	40
-0.033223249675157	1.38293664319206	40
0.111798087257089	0.715389393738234	184
0.084954179091176	0.390789412293282	184
-0.119819694087628	0.840075074484105	88
-0.087131468473912	1.0568055388092	40
-0.107772361448075	1.03796257724387	40
-0.0899654419278	0.474999807970723	40
-0.058110649039478	1.12235528708814	40
0.066187772793237	1.41177210491814	88
0.057618525578965	1.33654783153176	88
0.11224329618849	2.24970253928141	40
-0.023831956693644	1.4016297664197	184
0.071903431895091	1.45836243880395	184
0.066153123842895	0.98751199178367	184
-0.122466954229393	0.644620094899219	184
-0.059818495982241	0.984542137107314	40
-0.057616565590935	1.53781181990398	88
-0.073913473539869	1.02954843259887	88
-0.049890760534876	1.79772120990925	88
-0.096081878679853	1.2908452093349	88
-0.065830790495023	1.2192098414346	88
-0.111649257390749	0.755670986762199	40
-0.017074213780117	1.14893713767295	40
-0.013831485047456	1.28295574201382	40
-0.080145050037469	0.984309245135037	40
-0.082622991495112	0.601868785285303	184
0.033979117328662	0.614379175144562	184
0.020735128943466	1.99387975747441	88
-0.027862188114916	1.2986092374384	88
-0.055231448044987	1.05968026571707	88
-0.059940647928335	0.973283991539156	40
-0.040430706635466	1.02466508603951	40
-0.085771648610045	0.957547569409698	40
0.024969387433743	0.82401763596881	184
-0.063106329562894	0.612547418015678	184
0.05323361661681	1.88170571429529	88
0.00711972279319895	2.1213019311121	88
-0.069736488733729	1.08199039044845	88
-0.105117184057703	0.684436057283647	88
-0.079939764368622	0.558894200319284	88
-0.04210315789729	0.673786216553767	40
-0.093833330965581	0.619018000090813	40
0.059958017375951	0.96121900214592	88
0.056443076640275	0.982391917435467	40
-0.107488577190772	1.5364791069235	88
0.078657127218058	1.00589154712774	88
-0.078080377358841	0.915379911843712	88
-0.071130434681036	0.729392741757977	40
-0.123538593570384	0.626953848108233	40
-0.00995813931317901	1.17147450750196	184
0.034516023898456	1.241390712507	416
-0.040331623389208	1.06463152530805	88
-0.037018657870805	1.38720268693261	88
-0.01629293958688	1.05102883062029	416
-0.103041290647831	1.78145700166437	416
0.021956757608863	0.495883902281253	88
0.033270039888056	1.12412796163002	416
0.029202620835319	1.62344918529172	416
0.077385165134234	1.77463970158627	416
0.096426275127482	1.80346239155167	416
0.078925046689054	0.706754602355982	88
-0.077958676802612	0.485199344941232	88
-0.032648206858327	0.735533000102322	88
0.062257182570196	0.747752124081938	88
0.045102493231167	0.764856963066577	88
-0.116189398370941	0.40184980040585	88
-0.080961501803753	0.481336828085794	88
0.0385374020129871	0.667982791939238	114
-0.124383742018909	0.737522046754565	184
-0.037375713834551	1.27956952951628	184
0.091788920425543	0.8383414211285	40
-0.12269973611223	0.481225096081708	40
-0.033646359798472	0.64979242043392	40
-0.124330404019033	1.17272936797554	88
-0.038256006753541	1.25547820601134	416
0.055124078916532	1.53244193975926	416
-0.05127544839272	1.13991968400787	416
-0.016978372267936	1.16967678967485	416
-0.025603324935651	0.967225589048132	88
-0.00924714846166802	0.672912179070456	88
-0.040227802943773	0.658481950434238	88
-0.045464072988565	0.393712033312641	184
0.037202677599248	0.484068497880333	184
-0.065326063281006	0.389914170123285	184
0.00978287369617503	0.396403504404234	184
0.044458183731241	0.382290234324427	184
-0.064792444013824	2.00853459818314	416
-0.0636949619077	1.86763171229427	416
-0.00938945174361899	1.22795235978956	88
0.042881305967436	1.365868039329	88
0.000209840680427953	0.53985880861019	184
-0.037073415269461	2.3064553498549	416
-0.01684940447703	1.58509141447762	416
0.028322653800031	1.54485496362654	88
0.082829468850801	0.710894866367555	184
0.072521852978174	0.677694795527435	184
-0.091744113778986	0.823005310339014	40
0.005020004129764	2.38728198323394	416
-0.00465832344235601	2.47557225758928	416
0.037628729772932	2.44555484474503	416
-0.03436711238112	1.50266372904517	88
-0.034365828170143	1.30363666096378	88
-0.057667296442701	0.68599988485914	184
0.038211034007106	1.04492843368502	184
-0.021576003593549	1.60272422880042	416
-0.066245568207642	1.9227500977492	416
-0.057198919743139	1.88377204050139	416
0.024532895362533	0.978413239828877	88
-0.010461837352609	0.814816728364215	88
-0.069982279265008	0.65313364612429	88
0.037491269600441	1.95432674367104	184
-0.043190195373064	1.17002858910093	184
-0.095486507198097	0.972851096070851	184
0.066494241577687	1.66865869095596	184
-0.062214049252363	0.824883911472474	40
-0.032209719060781	1.35516993577063	416
0.00453605017085501	1.19969808827085	416
-0.029354418192015	1.09292628649962	88
0.041256159495623	1.20118451020998	88
-0.048951441337388	0.865544114851769	88
0.096945514601426	1.31032284186441	88
-0.122450152951273	0.609776327174454	88
-0.095944827417844	0.725927898297634	184
-0.068102584138361	0.785910984308708	184
-0.043697104824244	0.946445511088034	184
-0.096787347814332	2.27269072782586	416
-0.093622731430567	1.26475642687568	416
0.033781432112816	1.79373372489912	416
-0.00337751394830299	0.484504650783908	184
-0.067712225222776	0.490208197387246	184
-0.090580181852388	0.25999467654403	184
-0.063590645690832	0.60142258290953	40
0.042082192405962	2.1212173782537	416
0.052764734466166	2.16428326838488	416
-0.09480356856263	1.81560944328495	416
0.026673300723562	2.47502809544291	416
0.123033336767717	2.23595121441796	88
-0.085058472259759	1.19832684309728	88
-0.044861678069757	0.513181627631862	184
-0.013302780113189	0.388154246827497	184
-0.085708171689803	1.39400493901482	416
-0.124989918385536	1.70463337723747	416
-0.119846860865305	0.402899684030941	184
0.013678559923828	0.402012950698226	184
-0.06806940382271	0.392485674208315	184
-0.052132775194719	0.272821435229762	184
-0.114937924066321	0.38439242525982	184
-0.098982907508554	1.05655615036403	88
-0.067721862619616	0.760601746570639	184
-0.042749751473069	2.25438380567514	88
-0.083628038804692	0.760134788054063	40
-0.07415984603773	2.30879548663152	88
-0.000444115148951985	2.16985257971503	88
-0.033464009520611	1.65265360293212	88
-0.090343762048948	0.386914413378557	1239
-0.104488170957325	0.268896901846657	1239
0.053589827085613	1.42878051696673	40
0.0000787428164109594	1.0731288377693	40
-0.060365320622183	2.20125642882147	88
-0.07322595855062	1.73482764992202	88
-0.03691520760747	0.793473664582667	1239
0.056936262475626	0.679743976242917	1239
-0.014138227455735	0.584052159735629	1239
-0.070897371569786	1.68811865214928	88
-0.038789097380139	2.06946065999606	88
-0.04676209839804	1.42228858352115	88
-0.06888032828656	0.810872651799239	88
0.069401516696443	1.24293463687655	88
0.103712504966962	1.43132727544172	1239
-0.079377928071425	0.732230035194239	40
-0.093671699777337	1.53796368916872	88
0.00443979862437705	0.739455294242126	1239
0.068159766978536	1.15575882177168	1239
-0.065177612419977	0.883058554743055	1239
-0.123773129663845	0.838981843476677	88
-0.010147468143456	1.89448317580192	1239
-0.055423797868192	1.41585923150452	1239
-0.076371554079805	0.656980906187043	1239
-0.089438498681943	0.273681183259165	1239
-0.036877036203387	2.32832327600267	88
0.034277526821318	1.03023490508917	1239
0.026807533220471	0.496492008904427	1239
-0.085512678613816	0.709397718416142	1239
-0.086994924205136	1.93581820248975	88
-0.090193469560751	1.29745569560861	88
-0.014754159982502	0.646349709221092	1239
0.048074042713484	0.285654783019562	1239
-0.067389165985127	0.738375110015253	40
-0.095987347810896	2.16514494411174	88
-0.069457124936477	2.34925335790365	88
0.082848671754041	1.68745335377971	1239
-0.054858930318432	1.1164735300554	1239
0.093714606798581	0.510401825850846	1239
-0.119722806091376	0.492451628999433	1239
0.037430272051408	0.823903676472781	1239
-0.038204228767808	0.733279753588769	1239
-0.062772395907498	0.384280588284465	1239
0.031108561371638	1.08112029515538	1239
-0.089285492938795	2.42399238977732	88
-0.017847138635068	2.1047641087236	1239
-0.00905284118177602	1.74352998284132	1239
0.050398410739422	1.74370904596446	1239
0.07526564141207	1.57683397744303	1239
-0.060548412341156	1.38124214228464	1239
0.050725961424839	1.12853897407985	88
0.123080809165216	1.9359875008747	1239
0.095955570483639	1.61688208212842	1239
-0.048389928637991	0.586987472497185	1239
0.060833272294915	0.816977323557832	1239
-0.040196454206335	0.378462075709419	1239
-0.079343810391413	0.546927032586834	1239
-0.062482224415612	0.56282696948681	1239
-0.00760579167925202	0.261288369845763	1239
-0.065650273745037	0.717304063567482	88
-0.056119334246668	0.487725613537456	1239
-0.111251039607997	0.154765629006571	301
0.093731937958844	1.08925085812711	301
-0.00361259360563598	0.764165615243041	301
0.119263766806978	0.514746474817361	301
-0.124274400337702	0.921302988734752	40
-0.025869137782439	0.861743331250012	88
0.088266000958861	1.88301934555876	88
-0.05644352271299	1.24007407776344	88
0.095969813131607	1.11357838528375	301
-0.111432778573778	1.00871589785952	88
-0.104142166000734	1.10855166135747	88
-0.019462220820557	1.47084986699222	301
0.108322879284251	0.619467042659998	301
0.021306604146527	1.8826533711253	301
-0.103356383651695	0.268002658248238	88
0.111870975269213	1.34203168657232	301
-0.106357606834343	1.3391312765924	301
-0.063078343555331	1.65939222097268	301
0.064516161527276	0.516458399569183	88
-0.010571924846541	0.470455097905411	88
-0.086764694500728	1.29810343438083	88
-0.045300281428907	1.68366525819239	88
-0.118025100341563	1.00331001217905	88
-0.044660776581203	0.386581638297429	88
-0.02953458196063	0.508425208114116	88
0.021664720648668	2.14024790461974	88
-0.028046614963786	0.460735908521079	88
-0.041886364186308	0.498636499199524	88
0.066911370528242	0.519972081277366	88
-0.10523227503018	0.393613342447506	88
0.068202604523981	1.9865268211417	88
-0.066180582440993	0.835573180439957	88
-0.064766447583761	2.27008779805719	88
-0.066344415967863	0.492925642909461	1477
-0.085871651057829	0.487440351466433	88
0.046486032016382	1.856731704423	88
0.077694248553969	1.16116734458041	1477
-0.11344388166297	2.09267875333126	88
-0.030435242496234	1.51708031235757	88
0.044364087364222	1.16527670882641	1477
0.018483436483812	1.38971339960633	1477
-0.107250575210054	0.958178043792433	1477
-0.049202067953425	0.670362550460811	1477
-0.086206733854266	1.1193647828823	88
0.059817637774389	0.845710513429037	1477
0.024856684108084	0.906458597228394	1477
0.013094601441151	1.36450412624606	1477
0.112195452272724	1.89145920755035	1477
-0.117446596674607	1.8426840990017	88
