x	y
-0.858990285966359	0.737294304369063
-0.0930949084897239	0.247691645481442
-0.158509460690485	0.531485596189514
0.147177925447952	0.299690133605942
-0.751276726803573	0.661395767084712
-0.0366211840522432	0.0886650728769858
0.0117457577304752	0.0309407070162956
-0.392841205484787	0.116190355727902
0.514804928580556	0.511706783583253
0.328504952641514	1.58947604267234
-0.216440191586942	0.0787057413932176
2.05442617264353	0.897830166439305
0.123159074419786	0.0311724352253345
0.0271890242476834	0.0890799206225422
-0.0745998534522558	0.281221297198649
-0.257598044694134	0.241993907843078
0.0860919892623918	0.0323762870733068
0.0848590775176806	0.0326741917547745
0.126375943449661	0.0319134740433349
-0.662273052862963	0.165718547912917
0.183935021161759	1.08538319224325
0.0684712969486093	0.0633019541694243
-0.220622868780761	0.22889254096007
-1.09126802787909	0.43017431913314
-1.22031160273511	0.68802140202378
-0.27759573936595	0.0948442160696842
0.125627183001861	0.0310455014134657
-0.581830152059278	0.234765102071671
-0.19536444003096	1.35746255971459
-0.389502229689956	0.684817804320931
-0.436841752923771	0.45008868726702
-0.0100651025541706	0.00871201425203134
-0.118635419756832	0.0999634379104226
-0.0615434426721929	0.0536329710372403
0.128796330836606	0.0878145953457678
-0.134606377805889	0.111372271400279
-0.39027452753363	0.241494301952126
0.652447405005487	0.406824117125302
-0.738883288144813	0.529273184105798
0.387611753169661	0.151750604637313
1.56905012836026	1.08386088289994
-0.439508772358264	0.349479468223227
-0.113258781878437	0.074220203289006
-0.960018431485841	0.814531056957129
-0.0189560926220239	0.0133858822259894
-0.549428289377788	0.299737186304744
0.312806424089749	0.14353873390025
0.336731016009823	0.151647301069719
-0.342726665609873	0.211391867975889
-0.987364752718348	0.732001792236116
-0.549428289377788	0.299737186304744
-0.748121758505775	0.49348624291823
0.091648967659451	0.046617686118984
0.0931263528911693	0.0311999900468004
0.336468751815984	0.151904131752996
0.0860919892623918	0.0323762870733068
-0.0935055665632385	0.0450988158305214
-0.694258873865745	0.740610279015867
-0.575518992730503	0.768000059659296
0.0131622863062104	0.00950221638985549
0.238822902432306	0.17968814724969
0.0124597873261782	0.00781870557180749
-0.210788490860017	0.0778065002044197
-0.159508427977001	0.0640742777145341
-0.151430417536553	0.0625750122800197
0.843049788733507	0.453597326703802
-0.838073420686766	0.363721559457728
-0.852494336831175	0.58184033690807
-1.09101004174505	0.464055649344474
0.123958640083443	0.030889091157911
-0.28602797283023	0.0979113462793498
0.0877783939061951	0.03117480488349
0.104172183965817	0.0308550491060492
-1.27667113716281	0.905020441491696
0.842090373050592	0.432143009612625
0.236113783632303	0.176743156864218
-0.169244790249032	0.167300511915795
0.498470363963938	0.647666062438006
0.383587048412277	0.156012044058552
0.438272842690504	0.265706108619722
1.41794017709347	0.46521994232223
0.0854810106465792	0.0288176932390503
-0.83214380856203	0.374494828716342
0.766578706012238	0.31097727890773
-1.0424541194217	0.550317353680954
-0.65731518627677	0.167926311118685
-0.150812480950819	0.110034670371132
-1.09928504999406	2.74826553738667
0.00207351724711009	0.00218404230381154
0.625357446075739	0.18816233507733
-1.56091907728142	0.563503951698133
-1.17593414403549	0.3709145036914
-0.779440710635908	0.271138879366855
-1.17512088467504	0.361405005837757
-0.657392185827201	0.165268089701776
-0.398809556423235	0.120190602946701
0.0636497872158341	0.0470253196136431
0.426703599270665	0.654757209368549
0.367122362553832	0.501149168404177
0.11276639527812	0.0660583628459296
0.537549388215066	0.246443093601876
-0.778706269962488	0.277506716437333
-1.18010938144518	0.361863679322192
0.25404381886583	0.23004926957218
0.13909667955879	0.159888151292845
0.356928931193421	0.541441230206803
0.509241747114252	0.391456123784784
-1.22451625872901	0.72300251812457
0.0192884724472112	0.014107068000358
-0.119402329049876	0.101146779841098
-0.730045207948553	0.510478423482934
-0.233331879233065	0.297849510372875
-0.543541674231372	0.902130956433503
-0.656697607811285	0.453451946169452
-0.216487544569875	0.277997545885293
0.559459934004694	0.991018291922956
1.12386306933528	1.50364360987613
-0.333571141019149	0.215560032837776
-0.549827434580252	0.300343376923273
-0.392024164305074	0.113448228677451
-0.209776109071104	0.077726205557241
-0.309110166848482	0.352242438729562
0.31551919899737	0.39776154804088
-0.365424702182241	0.287144404668016
-0.459988904072002	0.323353784431781
-1.33754702831989	0.647502485726157
-0.670059493638657	0.308466351742394
0.0968688838740155	0.0402104898192552
-0.397989979346878	0.117974320602497
-0.0875336311090733	0.0435646422781436
-0.149988539029558	0.0591948979684539
-0.0660371946469998	0.0519284002822721
0.232565858743733	0.293865714554095
-0.169374279654481	0.16423012997142
-0.924906954034241	1.26261045543722
-0.451977794879024	0.241944749601104
-0.153681587486598	0.0632277546998936
0.0856191087170895	0.0329018776193963
-0.333839043449321	0.219750193481717
-0.350594768011747	0.298706165047651
-0.896884140664733	1.05236601699181
-0.708861197345444	0.440331547461513
-1.40500826313927	1.18000273796864
0.792674516338826	0.683204911378041
0.11469392344014	0.0674506326522861
-0.0834777378379824	0.0408786606136804
0.737745531377281	0.427295819550001
-0.184315484350394	0.191351412480539
0.175287874944004	0.181054798120511
0.295347645596386	0.324719908881303
0.113066642228533	0.106577775629012
0.106266039255367	0.088562887646263
-0.20709679636068	0.123880596453998
-0.714131078227579	0.417374781857319
-1.06904436486591	0.981100991659254
0.0128919003072165	0.00799808276987869
-0.0366807379311295	0.0195144789248932
-1.1538212904163	0.817028706656386
-0.564020883582632	0.421961698351983
0.128448551334666	0.0876980418995388
0.395511829042675	0.268896901846657
0.489300837003084	0.279064658335025
0.10205555195007	0.0559405263747676
1.18972588351384	0.765374443165486
-0.549239203375553	0.300387668245556
0.307955413887523	0.151703339133103
-0.0980254903699961	0.0899085041119801
0.140918689319052	0.152256366417447
0.40880224736124	0.617052351726578
-0.0919308044660186	0.0824399918210048
0.243338322818172	0.192651452475263
0.0865092084678385	0.0348323722366776
-0.858121715716265	0.67434312777118
-0.369095131751357	0.171690761587284
-0.0641618425044992	0.033866726051224
-0.209039728617363	0.0789552905794307
-0.826044343143999	0.381413347147678
-0.587907433022376	0.236186035608407
-0.297160453645446	0.151993532529783
-0.844664141271743	0.475210093065609
-1.22546302020924	0.704173780564231
0.391235491139238	0.151572833866167
0.1582454408653	0.167954243489732
-0.272095855364893	0.356762843871812
0.479013585622816	0.918679683513615
0.0690868296866418	0.0508748152673859
-0.753431715268523	0.818647164060591
-0.300906469990038	0.148697006594147
-0.91564038628888	1.01914769790644
-0.627543188433223	0.62573156565497
-0.677914582003852	0.550307674039406
-0.200783859462637	0.159257575452299
0.108915598072167	0.0666717905048691
0.319062163867443	0.278595431556679
-0.0833345239249888	0.0552714130045453
0.481824530069737	0.376968812803011
-0.0270989363715129	0.0155342962360935
0.0595267334232162	0.0409760918342814
-0.00603344505053382	0.00496726023968619
0.0891803014909347	0.0708668473480227
-0.450508714831803	0.433314960259285
-0.261943451607336	0.24846327230404
-0.34686130092156	0.34212402482563
-0.943063114662632	0.835493186838578
-0.179468774909266	0.159715738060905
-0.203949314278106	0.197207788867799
-0.517243903708711	0.532389296943999
-0.943697331510487	1.17370986658205
0.105266486217133	0.0929415868409658
-0.917447694888762	1.30751531769869
-1.0241346188746	1.81894301733221
-0.44367472622484	0.526402733907015
-0.307526822678154	0.29843091640953
-0.810799262486314	1.06364594571322
-0.0704247383023048	0.0675768507946569
-0.575010842275968	0.69281590973682
-1.10109609778905	1.96609378178911
-0.526372486439115	0.641707308685909
-0.33897920504298	0.331212062897362
-0.361669918895799	0.427682174324782
-0.263451727340438	0.299973838701759
-0.0890976124331937	0.0745036860754067
-0.173507433655951	0.156182581299075
0.132911670033891	0.119978477446518
0.0539783016386686	0.0472709271310182
-0.449970976016926	0.597051826489671
-0.508514444792788	0.713114522405863
-0.081626206846929	0.0390182852108465
0.170221882867242	0.154904198235487
-0.131514148203195	0.131170536013386
-0.736497208113218	1.02523723680087
-0.173188335624315	0.195060506693922
-0.179366926369547	0.190024132583831
-0.15038736683024	0.129156471821316
-0.208265839472307	0.201424021425291
-0.33245872143855	0.375126344223047
-0.173997151508168	0.184242181660783
-0.0756980820260336	0.06541339286879
-0.594869937463574	0.859953696008455
0.0218325684555941	0.0171053129911975
-0.333723256611349	0.403323170556323
-0.222929820420769	0.232777770256142
-0.524990060831261	0.860914280970291
-0.0543155551350632	0.0430690648427042
-0.200457718751006	0.161602978596191
-0.153425389052682	0.125142644033571
-0.463633385980281	0.459231619496733
0.107895656733419	0.0992958942652674
-0.121534102405055	0.102309457923388
0.119236653687414	0.11373625838258
-0.134926821250027	0.113698951051421
-0.197865291846788	0.200652903160581
-0.299386125085732	0.331826379216779
-0.700333078364575	0.839770380979165
-0.180339273159884	0.172267578029556
-0.470464709098838	0.574037719310538
-0.550154727268897	0.526960538238387
-0.212717080793058	0.200735677295766
0.00898899375418478	0.00737587987067919
0.30665999505255	0.312505515372881
-0.422632990511566	0.454011632325451
1.07355944212622	1.77925679518931
0.0641808063322472	0.0585363608995995
-0.171930071871547	0.165271693994142
-0.668976621690855	0.898731013582392
-0.161541555556521	0.169266559000764
-0.0416164933915167	0.037262290714931
-0.0231423985749407	0.016274415684681
0.0804742075111349	0.0760611118968741
0.170894941101933	0.147460207028023
0.0146579594808666	0.0123400601270893
0.052731978171939	0.0404713063570271
0.0127320912022328	0.0109626520742143
-0.316231718527496	0.384930188600633
-0.245911226745577	0.267669144874929
-0.827888920594037	0.380320823475935
-0.00672398140857474	0.00549469274691223
-0.00844367305958964	0.00670594213955721
0.290967170720485	0.321292252887346
-0.222762576184333	0.212185569876655
-0.137382403373949	0.156818910213154
0.0816559958842968	0.0753331440619593
-0.294145749347811	0.338071545714455
0.124012619355963	0.118891853749407
0.135131814090397	0.136450429377238
0.435078351637389	0.566599440557169
0.388624790461001	0.46343791271654
-0.124306271850493	0.102076796999808
-0.652064939812008	0.7889940872218
-0.144181439821799	0.14085461828909
-0.223911637498306	0.214015223612545
-0.355163415408149	0.33195576203057
-0.428100061281748	0.534831728484171
-0.580580093174094	0.860950572532785
-0.313836121845609	0.291106434858571
-0.733261291925061	0.524702678865235
0.110196834286973	0.0649099451596626
0.341309463841354	0.281522374335532
-0.345552700222486	0.344378586303747
-0.0871022477528413	0.0847893351346138
0.311670385617988	0.307806783849629
-0.161899754865959	0.144332928152141
0.0656273911630316	0.0542131500643195
0.0217119225943281	0.0195695059888243
-0.137528389418169	0.127359803074734
-0.0959317795577416	0.0909078754758561
-0.342995532642941	0.387779993457083
-0.136833122424825	0.125218076164229
0.115332360096074	0.107777285291703
-0.647459559090226	0.77181039707064
0.0462375068786194	0.0391761658001409
-0.918384363403008	1.30974238758546
-0.121737431801495	0.110935169122057
-0.185644733088472	0.206306729320396
-0.199077897853081	0.178075636378135
-0.257792620490407	0.218396663592817
0.0846707336210781	0.0619500534032617
-0.533387963119047	0.462723135353045
-0.737743424655083	0.512250983084043
-0.636995295706024	0.466410052442537
0.0710231846762104	0.0543027822001413
-0.421946989725148	0.4616630307426
-0.348324401450573	0.341605881900523
0.964674497763315	1.33587376392502
-0.246858631804733	0.249949113279125
-0.0024852302820387	0.00173681747597742
-0.0417201412820282	0.0331709686297754
0.032465320608126	0.0305080660966665
-0.0149821342056856	0.0123164071087355
-0.537557092775317	0.703015769613902
0.167260164434892	0.148928902788809
-0.421104487383982	0.4110244781032
-0.441288416487309	0.546276059491926
0.163651537623386	0.142970613613059
-1.01555519506243	1.54812061790626
1.57075740543147	1.00093918219885
0.592183069198187	0.406898170241881
-0.534833192472978	0.475223418473642
0.548795322150265	0.667116478052927
1.09205679470774	1.67339902695198
0.105148840873808	0.0883508879203847
-0.0319229646669567	0.0255505959556205
-0.802257887505394	1.0841205647944
0.478031791195795	0.645491794006736
-0.310736435737319	0.385518066205515
1.00877571718187	1.74525635665226
0.168249775138188	0.15129771793107
0.00710320303800666	0.00626595740745358
0.123173881333142	0.115268949991732
-0.301914096573347	0.334829961363068
-0.458276992970551	0.585462649842038
-0.0981346447668372	0.0830604172886972
0.0173415638867991	0.0146390745959561
-0.2736291527235	0.296005110385451
-0.303338815889843	0.336733891982071
-0.941938997013353	1.2322525292908
0.1182071081965	0.073837014891486
0.387104451410816	0.25678705771093
-0.469765885381856	0.515542036876642
-0.207512160738433	0.225859672429474
0.446985666885287	0.485182792465892
0.467853113911475	0.566671973362366
-0.324520475163146	0.324279079374419
-0.451026234294313	0.558327123268142
-0.125823085237738	0.123617844676565
0.0263012732566815	0.0234954125547697
0.585146693116865	0.835296955353616
-0.00668755575240254	0.00537273433792859
0.974316396448308	1.34690114348503
0.0157286863978214	0.0122389708621796
-0.439847644492171	0.48508895729155
-0.242595061916632	0.244561718544998
-0.460233635031095	0.559830324541898
-0.0443322603321949	0.0435577221185213
-0.621700321961721	0.878817958650851
-0.51241856584169	0.616039344577794
-0.543967701967529	0.793971825288789
-0.647355571190445	0.938162309976461
-0.768242669012692	1.20321415977097
-0.20641536957656	0.191480175615208
-0.427765781633756	0.39182180464914
-0.515712138838214	0.319694629616038
-0.0638969226630071	0.0340816686858392
-0.38199810862154	0.349753046819243
-0.461634350972172	0.505294561905952
-0.57384210085766	0.679182790387284
-0.0972598397435503	0.071270743015667
-0.669899284504746	1.05506915979661
-0.61404050453124	0.855408906140437
0.0785422605538194	0.0755512090731227
0.497850405949864	0.595465218369086
0.178692371419839	0.167024037828359
0.0838749558974283	0.0662895114669623
-0.425333784216474	0.470318498852663
0.295968629821208	0.31424590406759
-0.199758107802917	0.179446445811608
0.0498706812941175	0.0426597785442008
-0.37796809165558	0.524578167397908
-0.249694156572802	0.253327127429662
-0.327371720427478	0.36802023111234
-0.252142046312124	0.273083873896976
-0.193606097081499	0.182284154692129
-0.659319033760174	0.794834833847235
-0.518854633182996	0.729437993023783
-0.427374275233934	0.381456524593157
-0.85036523120866	0.561326491189243
-0.466088623666426	0.264909657306827
0.576589024234365	0.708472461892445
-0.663288052592142	1.07008668097505
-0.114184247062893	0.107015653663733
-0.0864057445141071	0.0801659957730085
-0.311761864439473	0.360008547538654
0.997946183580883	1.73009948987257
-0.356970495151246	0.352018173973744
-0.20326558628716	0.192386108401956
0.278312036645038	0.30507896599938
-0.0189550777157859	0.0155288670202011
-0.159417475348157	0.167708042238043
-0.849268871363154	0.813776258153288
-0.50254391797871	0.551345297204489
0.632868136850619	0.297070487699706
-0.307290492581573	0.151223706090605
-0.127559586236121	0.0971181659479232
-0.342194478935426	0.412923126869349
-0.106762824484302	0.117487541761317
-0.953561268953549	1.44124651980858
-0.115842370437303	0.115876125627141
0.346187712251687	0.466873280815455
0.450931396945854	0.637453516945488
-0.0947642038782424	0.0869668918370292
0.558671802325759	0.614522967174782
0.371102838909139	0.379641237368549
-0.292154999163948	0.289400338172948
-0.744383887260091	1.09478501442311
-0.545370928413765	0.719667753998408
-0.173680226871742	0.178522921044849
-1.19984818781142	2.47277485231571
-0.512347435836498	0.634858996910921
-0.101590938485959	0.102496886185979
-0.378386083367777	0.404268087639553
-0.30873089539179	0.35347538410661
-0.389675543696447	0.321413143988665
-0.659690897072208	0.696810392104052
-0.148120248351189	0.127605838790689
-0.605150779093438	0.386831816427432
-2.18272136711872	1.49181623454059
-0.449944428925426	0.541158474289375
-0.414411831067716	0.508805980353827
-0.2499303506095	0.310706354714205
0.0945005355541692	0.099610254236352
0.765732228633489	1.1126979342639
0.170897151463407	0.177361722762917
-0.147979662135787	0.156262699300847
0.182207820263493	0.195572330928575
0.528834475649033	0.63051150169363
-0.375615566816479	0.441353557164912
-0.136526221512207	0.145073026213617
-0.0280742408626529	0.0281071850203518
-0.267956346170406	0.28801651848987
-0.278988062607062	0.338626384440583
-0.474652930175116	0.556369917325824
-0.6306694578778	0.836919275295043
-0.0052849953598018	0.00439643899941368
-0.0070628942199994	0.00710000499094226
0.167492960396966	0.174070802279053
-0.732806143585883	0.995866067732021
0.069220169309352	0.0633704631667156
0.0973602903784826	0.0839572195425927
-0.274833803688057	0.27847319660436
-0.502702771278278	0.478850075192327
-0.655109099691095	0.932893568254511
-1.04197596974208	1.24865639427756
-0.142875944173367	0.0911147912777485
-0.563326981964476	0.41777814924774
-0.0271154738182575	0.0242507761433793
-0.0717534307726615	0.0712573607904463
-0.157632260679772	0.173669709569104
-0.339535986406951	0.380618810983169
-0.469343625581451	0.548369327928229
0.123073228368367	0.123925048833127
0.413894875856391	0.479315944378153
-0.720931335466942	0.965784477957687
-0.190844074008772	0.197309365796677
-0.155475729362051	0.163509397718871
-0.676304784676637	0.940532025884392
-0.303244523934879	0.320620628810969
-0.216836089701716	0.242069539342697
-0.0779265421569394	0.0806757977493317
-0.199338686371501	0.207639072626852
-0.345263037450864	0.387679071674785
0.40572104897986	0.494359082344037
-0.0692429579291085	0.0670860395786661
0.580270617600671	0.761664499803701
-0.203275920976402	0.211577043746053
-0.27486329193945	0.289342290613499
-0.189214704140453	0.168744299530059
0.0983121046721992	0.105801892812703
-0.574707048886071	0.574494568189233
-0.672888789310538	0.8504338939945
0.188860121654171	0.189239757913135
0.756466661964933	1.15482756985447
-0.857451545355398	1.27864350959211
-0.0500373293753133	0.0347886460909229
0.164556862814883	0.14204326491337
-0.35902823663203	0.380172869079518
-0.151039835971788	0.1378979420618
0.412302903474396	0.4871486110312
-0.358425399077555	0.348333516566396
0.169171608672134	0.153575801535411
-0.339427697238451	0.30657425854548
-0.315000051796504	0.303992569077991
-0.55674468881989	0.787206127430094
-0.10465426112862	0.0888287819665939
-0.0792930337424538	0.0667767928970317
0.240846766166548	0.215942485067127
-0.349064729348746	0.370080249176054
0.280642605876265	0.317855601839123
-0.152273689393368	0.133954588292437
-0.652493266322102	0.900844078113159
0.11255830433229	0.103483510243009
-0.455929181813293	0.263244207268186
-0.554178789516067	0.291634498560682
-0.152628804905103	0.0637412540518174
-0.73746295186688	0.522982611041721
-1.56604496579463	0.564875959314675
-0.364316619300137	0.378215390931414
-0.0144691754437852	0.0128852164266458
-0.4200057109818	0.479885487149398
-0.00314809178684284	0.00260049999326459
-0.526862100796348	0.662940632574622
0.505425372056988	0.620398557155091
0.0511435770541677	0.0399455261484088
-0.110169309718065	0.101179561387985
-0.106219380052076	0.0977557885375383
-0.446574577810392	0.611385633335133
-0.775966181705528	1.35293416471451
-0.0633906534743016	0.0669485724716879
-0.468156405793913	0.569089687854207
-0.0880233317892065	0.0743769637544321
-0.244084555891812	0.212400712833744
-0.313605810981814	0.364276958624802
-0.421535647814077	0.491781097142474
0.322147133076715	0.378357114389271
0.0832165001451907	0.0793465590299201
0.08240672629269	0.077394903565232
-0.405591777978077	0.54525507174913
-0.50711477464884	0.690534830615429
-0.425527517296091	0.492943303271541
0.0602952773066472	0.048034312741238
0.171171784715411	0.164690848487676
-0.088707394554667	0.0834478397066234
-0.0576050628669367	0.050700563345606
0.172018330181906	0.161958488261741
-0.690325079614386	0.736854647082466
-0.699206619477989	0.730683104423383
-0.395259569088923	0.244377337275923
-0.0658946758018566	0.0328919414765964
-0.450711981051501	0.315631988123289
-1.03573914275311	0.52798270462272
-0.913809138993516	0.945967524016621
-0.156667628725133	0.0653539445676703
0.0919719929104673	0.0454524829083878
-0.396897622808034	0.244971883317863
-0.594609124510658	0.958030917061851
0.0650892135418492	0.058381275459282
-0.222926782818029	0.230293446134017
-0.180830103095473	0.176560436948706
-0.116871782966758	0.117435893765425
0.2957249787218	0.317217770090173
0.0442352904834346	0.0366936639410482
-0.362229312947931	0.388722809509361
0.0829924606085631	0.0654899363735911
-0.108724330785419	0.101526276627322
0.297747363158857	0.316671303953559
-0.0153899371449918	0.012345464395889
-0.381486299491333	0.380184763492742
0.027435226296141	0.0240593884178572
0.18179504592973	0.199884265680692
-0.374795319542246	0.436845485842296
-0.258995957367212	0.281156393209094
0.674654399545711	1.01014128087123
0.235586856218077	0.241966014589917
-0.164092205430378	0.182542021549338
0.385765869065352	0.485769139515868
0.358742081149245	0.378145354847458
-0.552319031491517	0.652582400765316
0.373485157091795	0.406114225788897
-0.0728712674293532	0.0543676335898343
0.112778800656308	0.101923181893503
-0.740417998869121	0.536037883869896
-0.0813524407195565	0.0510740769860206
0.547554848943092	0.398951542347901
-0.293838294724749	0.147722497628224
0.000937150147889041	0.000694788645611493
-0.499256429896775	0.405903750900908
-1.33618310023996	0.623638372110676
-0.34353023979207	0.221737766830103
-0.896500896983971	1.40923006039519
-0.66046225305	0.820749505224145
-0.663101743303914	0.33510472661673
-0.0581448001974866	0.0298929688910648
-0.463151488022488	0.533261316785162
-0.543979593088223	0.73007661853253
-0.0619386826581834	0.0652944387144514
0.230925758260662	0.264882730478218
0.766566081101427	1.37567449889509
-0.705989773367915	0.892453143456275
-0.24780811711972	0.24032917536811
-0.2645745187001	0.299320585428342
0.177286167127804	0.169285797571568
-0.0203461280440499	0.0144898531007479
-0.390810233650695	0.44375086487859
-0.25767940416748	0.251240343669558
-0.0957125586947291	0.0889356739457766
0.236181549606891	0.233683179237038
0.48991741345162	0.654898933999948
-0.16260844934883	0.167644757972684
-0.208553972048055	0.212983575583072
0.0596139279860621	0.0519640357850899
0.0669210655794797	0.0571892017793148
-0.0375547470979522	0.0335524405832628
0.0270921974576003	0.0243715564611097
-0.876764932729567	1.01521899985336
-0.458082040769642	0.540974621801123
0.109990735835344	0.10368926614329
-0.29165478733896	0.293243938508218
0.752052481414819	1.13737991267485
0.775621992343311	1.1657409426511
0.462194366142042	0.576554844027682
-0.108163242515706	0.104087780313155
0.294119393166733	0.301554951763943
0.445798551148955	0.500967083378383
-0.335235207063488	0.397358598712473
-0.305273059341777	0.32626851021868
-0.21818730358045	0.218603110403453
-0.394594243439174	0.332943095873132
0.00799809383963154	0.005013159592415
0.0103074067315556	0.00640429292293933
-0.0426001490358654	0.0229657929833108
0.843710323292466	0.665527362629837
-1.32934969421792	1.48789365239224
-0.568009767135538	0.816484871569286
-0.308971919773186	0.371028524066139
0.0744779557267346	0.0664857394062544
-0.254120680888292	0.139967978370265
-1.66087364856883	1.30433849091157
-0.768524603838209	1.16050124003174
-0.10372537213534	0.0978606823640586
-0.113094779129876	0.122343830539777
-0.188248993038148	0.222891750110146
0.509283201790282	0.815002157059577
0.0363372122452179	0.0344234453452247
-0.340255808942042	0.377184758233478
-0.408329726761317	0.486124930023693
-0.6884296894339	0.98912905569123
0.742230391886917	0.960289520629362
-0.689607228904836	0.998948597448028
0.281828605116365	0.349751301328942
-0.172973797394366	0.192630607930875
0.136730482015519	0.147888263883107
-0.160762206928253	0.170303883354439
-0.973375712063817	1.61386577728373
-0.201383100992853	0.179921749260389
-0.361157042421571	0.54271420995636
0.261217266706997	0.333682582498796
0.29395557666269	0.330857403756075
-0.7600395744814	1.04548088456027
-0.413121846970438	0.403449326171657
0.175903092551764	0.170006140779903
0.0950420114650474	0.0911191043349827
0.448036527579265	0.715805605826954
0.707893623946728	1.09635866112
-0.0222469645852284	0.0201044184577716
-0.126981541174682	0.127576478780668
-0.0788572613800414	0.0737842545119558
-0.32077495452979	0.358283424218352
0.233615306855268	0.243835260844279
-0.355796467865087	0.423008250953569
0.231135123693824	0.238913820227257
0.115760972219116	0.114375354214693
-0.76946197855495	0.705683040073311
-0.938366670037273	0.94197191547355
-0.706751933875936	0.421949855621164
-0.121765994082765	0.0544763866386037
-0.09344960966785	0.078814417976804
-0.395831581190413	0.24564023587577
-1.33757715141861	0.63212207909197
-0.20901643004927	0.195723882207331
-0.147095739510834	0.130063942341447
-0.239104893162345	0.275301265254148
0.0377451656238336	0.0307536424886317
0.550948764395984	0.260245080681549
-0.852464519699242	0.56881777350234
0.298475850119537	0.303683995872222
-0.376971366687086	0.468671390505113
-0.0752095922148149	0.0758832945174047
-0.262293728237562	0.320740482602305
0.121187250945701	0.131790813367693
-0.253037822031629	0.292367553834596
-0.238637844739368	0.280341373755096
-0.376765492884871	0.446061435943579
0.234118974930098	0.213400620179635
-0.443034249873273	0.496816627142984
0.465109962179963	0.660366502180294
0.174925858620011	0.176859910783815
-0.555478427006379	0.83448166359049
0.62701381441195	1.03339229055604
0.754922813585449	1.08127362562207
-0.290874570709224	0.292432382675891
0.130181809002259	0.134313207559916
0.0457338654861487	0.0435058011504817
-0.0683041740742016	0.0663260858506849
0.093372627051169	0.0978076176594262
0.315441490979152	0.304882081353555
-0.308199310030653	0.239905212656201
0.0590584053094012	0.0530893965007974
-0.197174257499375	0.219796299253646
0.522570792333454	0.684885587864026
0.0189512311346366	0.017139797214826
1.02068957101586	1.68194934018043
-0.929683858329974	1.5141297039808
0.0338376828406235	0.0323240059851217
0.28018079639606	0.342947929730906
-0.513933835535277	0.645969311826903
-0.0638290972318654	0.059661886534846
0.361480811793693	0.47988854311028
-0.455200395980805	0.528511424739148
0.145368736298107	0.105429047601638
-0.40166375879553	0.286036594255605
-0.0642960034811726	0.0329583723867534
0.381144958849201	0.263416072695738
0.00541124987740826	0.00342966681123822
-0.280299952976662	0.0962838321108
-0.370155795189099	0.411134636654492
-0.276081813814683	0.295805803440107
-0.126181109385767	0.126944775265323
0.459855774651358	0.53025685271397
-0.451909905885437	0.440486387964224
1.19177243531376	0.745629295624567
-0.0690103458204695	0.0468404896947594
-0.431600012272982	0.536338539350483
-0.683606387320281	0.886971752401741
-0.178805991527906	0.173386781058714
-0.157001594402839	0.143125326073622
-0.382864257014256	0.376870456990825
0.104217340543258	0.0907997724307737
-0.910935735478793	1.34682682886705
-0.18700187105764	0.193001049072298
-1.03049718935367	1.69425309842392
-0.0554678941421016	0.0475810478790974
0.0149093804869213	0.0114743083183887
-0.384787534768304	0.345598524781809
-0.295825605032654	0.309783158598016
-0.203633957571025	0.220469961030783
-0.271075343109573	0.296973961789364
0.179200082552816	0.18522816495041
0.594043924665753	0.71147099463406
0.801587473576965	0.962127492827168
-0.0842372469296391	0.0710172994707527
0.100942569594905	0.0866454965261216
-0.285360424710273	0.264301493499176
0.173914591578645	0.175663634779369
-0.179606652809998	0.174287402621672
-0.320065466853512	0.337376416348625
-0.984209187766892	1.58710060161261
-0.387290918723494	0.458826474032407
0.537864168936231	0.606314049451369
0.296482556695845	0.304690914702089
0.569398080995472	0.627389989548686
-0.26367110201762	0.288485888087097
0.242779199536819	0.162004735653539
0.245820575975966	0.16587353331916
-1.00210213151895	0.543583715177121
-0.457513901382904	0.316116412733423
-0.123753573125882	0.0483032490461011
0.264222601848937	1.18647605628619
-0.320961301583992	1.22690634129758
-0.620387729949619	0.712215461460979
-0.812725429712374	1.09802955847036
-0.307805757347425	0.240880693062152
-0.574200193464808	0.700840702536685
-0.368585195632261	0.426267480668258
0.0151110300134945	0.014713573611223
0.334583146559169	0.46002840742396
-0.416372850245951	0.668054592174254
0.171179391151566	0.167675636284619
-0.101920872775316	0.11093460624368
-0.293682717414994	0.26936580651635
-0.483575331134134	0.416729658805133
-0.414559306665692	0.407751753198749
-0.183527987902376	0.13484233814369
-2.33568239242916	2.76726599072782
-0.00234391453618095	0.00235445844325078
0.140441281196629	0.150789660530895
-0.137874522615011	0.114076280317045
0.32600216095783	0.298958461570797
0.112409173963804	0.0727030856429663
0.0878216281299328	0.0705175888844905
0.475779043304619	0.687918539562573
0.288563887032355	0.36243959840864
-0.265652471530936	0.203167092750389
0.183041246083465	0.156360062432285
-0.126032715255643	0.09132761510629
0.000563482224098367	0.00043071030049702
-1.07972797620853	1.26498163237597
-0.283475326061072	0.382978900441399
-0.223951892397674	0.185469201403256
-0.421977817829448	0.409722047064405
-0.286632254911589	0.264172594709805
-0.561352906311708	0.551819615225592
0.329460926850371	0.294380549850087
0.0852677512341239	0.0689058190818483
0.410532135625967	0.395854517975307
-1.16139995468323	1.17174198037184
-0.389972442052762	0.358369446017434
-0.816888751133128	1.01481565941613
0.351990112659531	0.259949487221611
-0.0578859069033381	0.0453357976260423
0.203410986509591	0.251241187097564
-0.652861999380305	0.984799739204754
0.4870329657455	0.587781014053443
-0.512558299752359	0.624980290543447
0.0479814260638851	0.243421121074605
-0.134330138688283	0.67770321024794
0.111098329274728	0.0649465622418745
0.249428394142822	0.161869205185951
-0.689638418212083	0.679401127235275
-1.54886315463411	2.02430253574527
0.189611639733482	0.27562164223106
-0.518637148576602	1.01274776266893
-0.424810684859337	0.88287134254221
0.325755505484891	0.414092332115154
-0.299338030322519	0.319076616405769
-0.304020013603999	0.156479961506362
-0.207071215868694	0.12028123860822
0.654205857424768	0.634669679924218
0.235768381230489	0.198158508429629
-2.03256079357704	2.57318342111031
-0.176290143856213	0.107037681202914
0.27775759860677	0.147981110958809
0.295421489015882	0.370430010459156
0.0497729070171644	0.0479124557043125
0.0497909557783665	0.0355125876750144
0.260857495856364	0.153468982757885
-0.154696020109674	0.115091084849711
0.665531798418464	0.529984838660031
-0.768812628729184	1.33941449938574
-0.249064935764095	0.29076493164163
0.729837008056549	0.556147483144219
-0.599557559916118	0.495358246079778
0.129608071056717	0.0846731136424791
0.723972968996059	0.562555434273182
-0.452949279498918	0.365071571298302
-0.113266239932851	0.118755838389576
-0.0594904422521576	0.0459635100048198
0.735401932355274	0.671031652852159
0.124232149589946	0.0842648798729896
0.48033899395122	0.380328211928378
-0.400091345432102	0.28521764504039
0.237159315847477	0.178096450092968
0.739414458080383	0.681754009897409
-1.40682422038666	1.18267980265599
-1.06818708680167	0.963252950925862
0.109803317455851	0.0694353569645014
0.0923327119931589	0.0356876538328771
0.408026843502372	0.264200645618819
0.469753085002782	0.801836276706207
-0.210661582284206	0.257787448985192
-0.0796275637340425	0.0883184900102929
-0.117518071920547	0.110008208968111
-0.413698310502784	0.434026151013322
-0.00422049454159671	0.0177497534768339
-0.253050527585485	1.73634314593765
-0.110198030377358	0.191782596848698
0.106558642233562	0.0942405283988044
-0.225662780078209	0.229854456936077
0.215193154410993	0.244672421814034
0.244017335908433	0.231246073220128
-0.19112406099466	0.172530165288882
-0.461510429365796	0.528632489886182
-0.0490709280132117	0.0337824177988021
0.0937274225704798	0.0399670806868234
0.531286344067748	0.734590592832313
0.294303161658977	0.317321660419256
0.283326184325737	0.333334111866815
0.459229772456845	0.497741466583277
0.423559356262871	0.458134325586508
-0.0000997174598299079	0.0000216087583129389
0.0821626282887369	0.0820149529440058
-0.126629484034429	0.103738963494626
-0.455736141164483	0.564544049632888
-0.00509135259106419	0.0046925599188316
0.0258456372431546	0.0197604968745182
0.830163483506146	1.21855597255906
-0.220786456164683	0.252652907331504
-0.0099308694336902	0.00822770244741895
0.313134647087222	0.325248318987479
-0.286334065079787	0.284028275565367
0.232274150891943	0.222887587547833
0.0165654742354334	0.0143342499590026
-0.177073175067094	0.186908331844244
0.506780232399061	0.578162642416261
-0.209292336386387	0.19789314761376
0.0788953734566295	0.0737335647120012
0.230784169533154	0.243378379626543
0.630370654872414	0.860147807423105
0.488214052236719	0.565646401516402
0.0159429924449857	0.0120469914676485
0.642226714357049	0.976899215314513
0.356509348312048	0.397854056416366
0.617433544888602	0.805784619683682
-0.306198978228897	0.406954113684121
0.112574970017564	0.1010835499087
-0.316681743402193	0.314590477297024
0.284174277938251	0.302714556720719
0.502390498694938	0.592155613933107
-0.262672533759205	0.280754430519296
0.11896877386617	0.10953567988778
-0.557969384351972	0.644484158375534
0.431111188002342	0.583995765201116
0.0684981547488879	0.0513643658481642
-0.36009903293285	0.432918548674961
0.596565948173314	0.520846503757102
0.711338651302116	0.771481945112222
-1.40208785239386	1.81631265641369
-0.598227589572948	0.691034718125389
0.0415618368343	0.208054982226805
-0.176767408382729	1.00907501915013
-0.0681662562994671	0.221590438747575
-0.0573365595955803	0.154066290704077
-0.0292193950101784	0.0634559510269282
-0.0126376464203783	0.0218259080805493
0.0045485382076177	0.00700677266874871
-0.353977617190968	0.871842747249542
-0.0917534518772153	0.162105832626498
-0.344667757844725	0.277551995409804
-0.241370258649639	0.229751429542608
0.235197821737388	0.243852559890521
0.845865392967684	1.61562018946246
-0.220167932983489	0.225236469162002
0.114553680561183	0.101012186097686
0.0251045449604012	0.0230002462368862
0.138750875662293	0.14396328582611
0.301296311515527	0.30450411827552
0.117757258833866	0.0745286849040848
0.107682295059709	0.0646862873020198
0.132452912165954	0.0917253194920724
-0.153190132494993	0.162131737561512
0.169792595064794	0.173521393424642
-0.0406015079782334	0.032392081327245
-0.103490672158578	0.100354675844323
-0.554420559525471	0.745613743664465
0.161736023827341	0.159302760731661
0.279844703642995	0.330949255734957
0.37070083540117	0.483005322912702
0.0693904537951353	0.0594506793672279
-0.665666988295444	0.806015673919776
-0.0944872641081087	0.0873143723739506
0.187359158338616	0.194260063463419
0.167063083365503	0.143390850822216
0.249716663409066	0.243368856847385
0.234008972825122	0.292803016523138
0.354131430824512	0.401634996358762
-0.423052622646531	0.496958811714018
-0.136476153749171	0.135476036687409
0.133653669141061	0.141539734622472
0.119856911484726	0.119201239779022
0.404226519932463	0.387228004990564
-0.0345089502620275	0.0270913624772851
0.820397335665463	1.22433216357382
-0.0926116332710185	0.0862665972997291
0.535665176131493	0.664219138319691
0.725450248763878	1.05975613801137
-0.11131920370517	0.10325955788183
0.0104141079099957	0.00886239515787132
-0.400445580204748	0.462606806658732
0.57103295540497	0.845000608805125
-0.188637085061569	0.184952268233747
-0.916393542807257	1.3628659899392
0.319236436980716	0.285276091421038
0.561532697907026	0.720015479037805
0.162496697376172	0.134884844584577
0.0302947702368965	0.024426505316226
-0.251632038095705	0.138784885234954
0.266451296999636	0.154743058668071
-0.170631374642076	0.105476587711182
-0.551522593079134	0.524176855519161
-1.03758431411615	0.541615576906218
-0.000770065638498761	0.00321343576177203
-0.048651383208466	0.20088882704525
-0.0758680601433534	0.245906986503325
0.142936072693945	0.254942144798146
-0.139100238724459	0.239363341055189
0.0908512782201778	0.152552466498606
-0.0156943134329717	0.0206638287198921
-0.10604680661795	0.0811852702642373
-0.20304067508456	0.165355927479878
-0.471089866928923	0.609474304267237
-0.331311826501065	0.374660397401625
-0.148287924225179	0.13309523501223
0.187116777843849	0.198643787704835
-0.154091915926078	0.152743392326145
-0.170740216509617	0.150440344822515
1.06156230047831	1.84962097477051
-0.336755866895047	0.385214609251871
-0.0992857188174316	0.0970132736770859
0.651555404820547	0.797788992364864
-0.970447249966308	1.43312671188434
0.230873166897247	0.245198466858067
-0.605264412123781	0.841694874974245
-0.0953211895863761	0.0788616904188462
0.137218555284033	0.136948913332219
-0.805486033777524	1.07865822470021
-0.154422150496247	0.152994779694618
-0.0473591042273986	0.0375119184333802
0.00790819848634938	0.00607194915734422
-0.384132034264455	0.374615703378756
0.0347126620548009	0.0275880415707176
0.553436285925631	0.860134211152454
-0.0120625465879258	0.0103372981866861
-0.219181156623655	0.217736648760321
-0.133326538335363	0.119172572415303
0.701850905244877	1.02930411289772
0.0213994583780648	0.0191681154452191
0.229856369662996	0.25932542181104
0.0448128750401799	0.0377340184983914
-0.516893091961485	0.596276275010271
-0.864332829560225	1.2134227881554
1.1376923449414	1.75180717859636
0.793088036557315	1.05654257026466
-0.473165045850851	0.475499618492989
0.428913514325043	0.500944880363704
0.574725712885801	0.778557425175281
0.142138799166475	0.105055744479175
0.0565492492046746	0.0471181427126392
-0.153859405294294	0.147483246957174
0.1501344116633	0.121369246699453
0.671570877530404	0.995158699663949
0.436768681693917	0.501805740442318
0.915536996321772	1.53895468831992
0.513075883994173	0.58818556217605
0.926210814265533	1.58033886237797
-0.260067135914837	0.247844374143566
0.0467616665301427	0.0390903076915164
0.0027012810104495	0.00223487329650952
-0.16645453810694	0.150044650194286
0.150668761926739	0.116202212016648
-0.0671267893672838	0.0462462414100309
-0.0777652334517882	0.0505736616195134
-1.19393576838265	1.31639113288955
-0.00436376070948317	0.0181061366349428
-0.00658485790953398	0.0225015344234381
-0.185897539110435	0.728805207045528
-0.0135727585199868	0.0255255112186777
0.204375890388908	0.444775368362246
0.00974094541544045	0.0169233730058143
0.353361731351697	0.805799597169186
0.0735380346355883	0.10702449614221
0.00537782752739253	0.00445245426685705
-0.37708715145259	0.523306155636836
-0.27459444051884	0.294168999904289
-0.141263093538826	0.147539814083828
-0.136491473817426	0.140467245650027
0.178345029987472	0.166233486532424
0.417242550256486	0.563086253046421
0.332630930874026	0.409113472569255
0.0711011138362317	0.0663752516494171
-0.0860421996064428	0.0822847178907586
0.971325956459556	1.51230039214225
0.547315735420667	0.611113105413283
-0.213859758723876	0.15452358222773
-0.917850299576341	1.01150871514744
0.0628763943041718	0.056471526915329
-0.00239516787061023	0.00196943359004582
-0.61049967978619	0.799169038009066
0.0170220676014689	0.0152330371075342
0.648181386402115	1.06588110128845
0.21860659562087	0.226724268984653
-0.206032994674664	0.190972823479161
-0.262083230450457	0.274864437474198
-0.45706406496784	0.573942069895157
0.421561632088783	0.479879971742745
0.098342376322279	0.0811959092720445
-0.246151743959374	0.278127181194864
-0.119818637509408	0.109233096196945
0.227482374708391	0.245738631984271
0.230356304324135	0.218087954832718
0.276230219825214	0.333140851491765
0.240889780186043	0.262602967904535
0.454082261367318	0.554424030699494
-0.17098335471075	0.175952851780903
-0.399512590822009	0.336556754800665
-0.26781427820015	0.268728161291845
-1.13558120828947	1.75381400715934
0.0353761473027801	0.0284849112270322
0.38482049330892	0.47979709563019
-0.000887530749912246	0.000708708890004632
-0.00567589090459734	0.00462188936874442
0.341797164165659	0.407127539388383
-0.299391726247046	0.31506828577637
0.333436566233058	0.400114863427799
-0.552088857977188	0.705964021216118
0.0305073588795604	0.0284589374546514
-0.148198262424421	0.144746341993392
0.236660505020014	0.220472147248461
-0.103613237017189	0.0889565693511269
2.08518463563849	1.99970364357222
-0.738883288144813	0.529273184105798
-0.311266398887714	0.269256162876719
-0.63966886612791	0.618047014567891
-0.0860298276458462	0.506347001534452
-0.0662686754467533	0.269306934711924
-0.267329714851829	1.19727995217355
0.0836316596263177	0.220005914858546
0.213650400959795	0.657142082723514
-0.00891315331480819	0.0162670199748374
0.186099296457786	0.480499040914829
0.0142145058204532	0.0237037002349512
-0.0886601962041192	0.132727019394022
-0.601827868313682	0.367367035405004
-0.196433320354318	0.155519486138196
-0.148671724818627	0.159810268832885
-0.613405324702684	0.933154094693069
0.0086362400612911	0.00853667740086929
-0.432693890585741	0.655005270653917
-0.209179203203866	0.194467257875982
0.601885680235844	1.09594231868635
-0.143049886731535	0.126635929420914
-0.371672352492961	0.393237103450138
-0.094335887149499	0.0970345077080693
0.337494753024163	0.381384326337176
0.0901139204122977	0.0814101758380926
0.473400067823472	0.726251379494404
0.0572352792741549	0.0482088091292488
-0.0569027676854647	0.0499402162189082
0.0200569084367542	0.0156251571279071
-0.155564074145649	0.138078933414496
-0.926883211029311	1.26096346930299
0.441108557848661	0.261072623346293
0.648049526284547	0.393055994701831
-0.595474422512807	0.688964177136221
-0.0240195452747655	0.021384080540134
0.1210066713977	0.120788717176576
-0.0292086464670605	0.0267717040695685
0.012290529792593	0.0106905767204542
0.106873074834533	0.100324722895505
0.35123480248065	0.393350132607667
0.0665481571361561	0.0607298385616332
0.178315558793934	0.195930430508684
-0.257515362670823	0.25506447710549
0.080920443246441	0.0778357180990028
0.782510202944831	0.962567736325963
-0.209087946480064	0.21935268815062
-0.792728644457528	1.46210035808567
0.117887547378017	0.105499141360217
0.390045721093833	0.403441538617592
0.254385129225366	0.301937124650743
-0.514384206269668	0.660808840595342
-0.160914656725431	0.171373033623749
-0.592209960276198	0.640653375647738
-0.101786942318569	0.0858922495385243
0.238056807597039	0.222078377641764
-0.13807463306439	0.125615439695068
0.228910765795177	0.234799335023378
0.438541874342304	0.572725982663099
0.68738487629284	1.17908052311668
0.292806162256325	0.334822299049819
0.482697717020136	0.654081640090851
-0.165007202433979	0.159208773548151
-0.396978429258757	0.464975682733938
0.68824398517588	1.09907787405441
0.240051565387764	0.242916702259121
0.192602752510804	0.2264082834103
0.686740510659568	0.756305652899153
0.568972061434134	0.616654478710225
0.0977252885204061	0.0463904218065037
-0.207384626418304	0.118230334638839
0.0201307532362199	0.0122001392354088
-0.126938981363159	0.0955611183387706
-0.0124262695733776	0.0533748235954228
-0.29203603590455	2.02860758026873
-0.0424746377877811	0.111359945187493
0.0839681078571208	0.225070587823425
0.0426692651376709	0.106218505901342
0.113755679639009	0.2616520476629
0.144871807710564	0.340849838204707
-0.0913365048875538	0.181099142352377
-0.714314110152833	0.428148153332574
0.0316699429833846	0.0300886283123764
-0.411013217451467	0.455570292442913
-0.102134446012535	0.110775095427696
-0.452187733625524	0.561908109659467
0.225274063967035	0.23065109164968
0.854921790185911	1.47028114877936
0.276139677015751	0.310533019704721
0.127757526125948	0.124271530439268
-0.600919231451992	0.949404386615097
0.071211421516234	0.0677346553131717
-0.0669211236689961	0.0676405430847162
-0.0623355912905649	0.0599270832127254
-0.0968701768298781	0.0923295790446778
-0.245911316876396	0.214717120753392
0.596039289811684	0.409870086976595
1.4052535792762	0.867856878399557
-0.393384966268394	0.420274000661662
-0.00959471074131905	0.00772639209237244
-0.205568637048237	0.214823543681665
-0.187825327799796	0.177885306819977
0.570750248567402	0.714335817048108
0.153668694237801	0.120283980957855
0.470275567946601	0.64114434473918
0.0678229495997734	0.0636236744765729
-0.132738225441425	0.139659779671537
-0.288111342523376	0.279943054962688
-0.264484417186827	0.289208082013232
0.353535112611349	0.384948211237792
-0.800957593821406	1.09274432661732
0.193817297080543	0.205764029456042
-0.0604819509024939	0.0575852576394883
0.0152885885056167	0.0133171977061424
-0.364641591239604	0.420157137913538
0.23665968665534	0.195730101340993
0.17529420068524	0.162486413525146
0.159601960207691	0.13946211378358
-0.987237055531752	1.82223703660456
0.403941056612594	0.481165265362247
0.227917853202987	0.251090879881818
0.535872850418672	0.65056552331141
-0.917640237681385	1.29775370128334
0.698936724600418	0.948051161657605
0.628453757426466	0.952913050816606
0.218211134406501	0.24166025124091
-0.45784282836862	0.495872148157449
0.365683318013292	0.474210754342006
-0.155956036292693	0.126779546988594
-0.18460123729356	0.135136201968154
-0.518834900258686	0.353503132916813
-0.4499793038696	0.358885553262563
0.0168737188029847	0.0105007919922082
-0.349292860818315	0.266812614948575
-0.640403676264827	0.478581271417798
0.0419736991947844	0.19973917653059
-0.127064750796187	0.61768214395452
0.417191870733651	2.32323826540464
0.297297065297035	1.14721092451949
-0.039273122824357	0.0784119276058586
-0.0489064920044885	0.09726855304937
-0.191846991862846	0.396889520794506
-1.73167841949231	1.01030867305191
-0.0630587656766071	0.056239048637226
-0.683631449856737	1.13378741789031
-0.528674920148885	0.774458897202421
-0.268955471640718	0.210165719096116
-0.291174704351967	0.1984510612774
0.0304079571186579	0.027925821367818
-0.321447917030059	0.340904679889962
0.0391591139760629	0.0321129217762192
1.1164823623486	1.88359290686667
-0.587971707076113	0.753650116747406
0.606757961604832	0.636311311052111
-0.420678396191657	0.517829507477685
0.53696174449509	0.691168227266899
0.712354949039363	1.00347558882684
0.113326784704457	0.099547116310057
0.00215363680189124	0.00198409730644189
-0.570700683188099	0.699681682125562
-0.528417294522866	0.360658116527056
-0.0679032188749263	0.0355695295743576
-0.0190545761921324	0.0171272884986719
-0.121581810467219	0.123074592054747
-0.573148092751418	0.586849082877977
-0.0643224774901338	0.0554640159977839
-0.425034807157554	0.501605603911652
-0.00302750787460975	0.00245155309991408
0.380598887030666	0.480139340339171
0.252191264245751	0.233728255533485
-0.0650402296151071	0.0556877818665463
0.0417325044735267	0.0330021188147526
-0.6153847370988	0.855458536283348
-0.433315223726363	0.480694964832444
-0.298695135289753	0.271444945360989
0.794192075836915	1.08184664130729
0.38795517516682	0.485896578552027
0.0966346581472793	0.0797156162495575
0.801445210019417	1.15339260423791
0.765014482456243	1.11823063660531
-0.464613607622808	0.515587765122647
0.0624587778177299	0.0565977039456897
-0.150390473431091	0.137616792746336
-0.064700802546524	0.0567402548616398
-0.374014183632451	0.368331318062415
-0.984550366789056	1.62614610866056
-0.189784850631617	0.181413141380394
-0.0164812429680212	0.0132208076956255
-0.0271277874997793	0.0219520686439692
0.273868555643954	0.30530517035842
0.00601933008899811	0.00434979252383025
-0.0107209624975633	0.00878713045198336
-0.607225489266581	0.389125906260231
-0.390220260094132	0.304040592349519
0.238828452272188	0.171716247939032
-0.33844235059374	0.220308028498647
-0.114130997583021	0.0743100614900622
0.0694849575099735	0.386909221815938
0.127600086101601	0.555903505608839
-0.124057464266478	0.354369930382478
-0.270766827597248	0.782409917740131
0.123790158455228	0.282790980420922
-0.0559788006602007	0.104678545797659
-0.185087926327856	0.190046106777292
-0.242619386708374	0.284178019603935
-0.112340778692818	0.144997160033284
-0.03247399704208	0.0321633698761006
-0.0239279946806147	0.0241012593215235
-0.767809940592268	1.32503478825938
-0.187455970692655	0.264956000942201
0.258070087842267	0.360972552831157
-0.626160058562167	0.793512024959995
-0.273085637504954	0.293742836602253
-0.563099589488401	0.675618756107983
-0.0121785330670027	0.00998045270624914
-0.271519281210689	0.266319876579816
0.0865569187673478	0.0688115519530301
0.373973478727919	0.416072221004339
-0.167211671634165	0.146598354424714
-0.186600884221866	0.167913410857939
-0.119350851645507	0.0883825671824086
-0.535244972087866	0.577764269971054
0.243067102303524	0.180672310656263
0.310005666071838	0.320140035097924
0.753810370058534	0.879309787581534
-0.588656863723436	0.642658675911571
-0.142365876161817	0.171124158752803
-0.18470454353383	0.251776429952036
-0.224557825005642	0.356869406588043
0.395748016939822	0.644207532067269
0.314517056490198	0.460762592327191
-0.830969522975084	0.985600758469178
-0.0205927551439122	0.014341590112974
-0.361051883012208	0.382724216538507
0.337837092843089	0.284109412813839
-0.459072506085191	0.446121197266095
-0.194552365073851	0.188492605105085
-0.489200523335823	0.564125792411506
-1.04244722114899	1.86097714475477
-1.30730920435005	2.2767955530516
-0.174327932227238	0.157376152677701
-0.314200494637839	0.272046974114806
0.0722809370075521	0.0827570188313741
-0.0385644610086049	0.0382490081962684
0.31089268181291	0.302430130912098
-0.392840042732959	0.358977627308633
0.496278059637789	0.485310003482506
0.553706408849223	0.622905178187805
0.559640726026075	1.06520523608481
-0.00487037541860786	0.00485547398383817
-0.036977261730442	0.0201706679570916
0.178872035258251	0.167562176341816
0.83946054743415	1.02836522572808
-0.61254016016066	0.741329487816333
-0.0419562683653393	0.0325794872391889
0.12080181274278	0.149214203306125
-0.144081764073983	0.131978570738208
-0.510472604790523	0.58395726202711
0.475553078561575	0.481587260544725
-0.209435209742458	0.192876519028032
0.0984952696779104	0.0808883003136665
-0.0707916761104732	0.054758357664859
0.159089251279335	0.132232838071832
0.0313390028740659	0.0229398757290433
-0.0892413036162605	0.0688862176916622
0.458474217764817	0.488938487907661
0.560582746319621	0.465434057110456
-0.351986110318916	0.431449931253569
-0.021449036130372	0.0238767259046787
-0.366549203376532	0.546182494923554
-0.256233522848051	0.269457521495547
-0.523801289750718	0.600326036645512
-0.196437021077498	0.167673896114092
-0.448869584961979	0.518748846422339
-0.0758912407583949	0.42270341952746
0.0183041911777794	0.0664822851824718
-0.288157504886728	1.37252735127148
-0.264904244009685	1.12267732948666
0.03520961812252	0.0709525399876297
-0.225078091791962	0.485517678246369
-0.837240055663636	0.373335654573643
0.0854948349304932	0.0291336362685548
-0.440787178225805	0.363250500649939
-0.176533152641421	0.170840990237961
-0.0455180295498683	0.0447898014888744
0.0700066681828898	0.060626887225282
-0.501748166120594	0.700238726478923
-0.314746822035932	0.401454064454192
0.672262002888751	0.549598166911435
0.0918287947041019	0.0395491183322516
-0.234388227425513	0.187713228322754
-1.32465267195943	1.22735057289965
-0.212996987015938	0.0772141451263445
-0.962451167661954	1.39582345863794
-0.285511254809781	0.345815528254133
-0.453593182736603	0.575969558266142
-0.199844872631828	0.255752881913927
0.0022198243538646	0.00211074858362811
0.273873924188133	0.363946891803441
0.319208369389593	0.391552648832352
0.142739452813787	0.155286705015324
-0.158232937458302	0.157417040333975
-0.292110407638096	0.376884315164437
0.172898204490434	0.188737600922163
-0.276456044969673	0.29103713587241
-0.128135732351329	0.137847819721922
-0.607553271169251	0.902575674141636
0.138375043814838	0.146873482944138
0.0143462349670587	0.0120291810404865
-0.774163284112561	1.28777780845749
0.467401452344095	0.488658636368124
-1.33754702831989	0.647502485726157
2.47806907325026	2.21242364712539
-0.230028204313212	0.188093457054086
0.231191742249714	0.246068714731869
-0.0898732155404334	0.0968591266923034
0.286155948707151	0.294120419503801
0.192976506804191	0.215128145784212
-0.00531946213546163	0.00527354522495928
0.119766664886481	0.132096896419773
-0.167463378198148	0.188132981840841
0.180864805817013	0.206753058974234
-0.374368980670581	0.360725078894182
0.0373049559491426	0.0364593229021977
0.013595807129659	0.0122104184398888
0.278931412202723	0.300036998063258
0.0474729680567004	0.0455132774164812
0.134785528947588	0.136712704375273
0.0411320997465157	0.0340234486163523
0.178067578498445	0.207294986477955
0.370403961248049	0.487260420513892
-0.390295053444856	0.574379260862177
0.169370008695344	0.166328583717755
-0.144712998562088	0.133165026469588
0.933469074932502	1.64647512820292
-0.017511573540018	0.0156050135870749
0.0281135637575387	0.0268165781747128
0.0925815003967653	0.0972106717631652
-0.197424189141635	0.205969761687729
-0.438063454201803	0.450408074486925
-0.0418969266443649	0.0368232369289411
0.0750330957155355	0.0687714834150953
0.372942093069152	0.486562475952019
0.337081873770394	0.422110304129677
0.187883112368355	0.209410605313258
-0.0164021148788556	0.0150396224968685
0.04823385169987	0.0476890252225321
0.243088249020142	0.236504979087527
-0.445164774841687	0.57705814359021
-0.0735941342981448	0.0644081612651063
-0.0399900752333369	0.0355057010650548
0.0380738918504287	0.0344029494235468
-0.583445530901755	0.233680444039623
-0.297254029002716	0.225752817627117
0.00865288092650355	0.0377387196033158
-0.0676731366480995	0.278530562591195
-0.229910579385287	1.03083780050023
0.124739252700441	0.254162911229292
-0.714899109182981	0.427967104995465
0.269065979571176	0.13757897521848
0.601965118943064	0.513717492545734
-0.480484890130606	0.653217554094161
-0.02636867472483	0.0235525358291608
0.227057193155622	0.25769822378552
0.0903062918397061	0.115166048000912
0.0836074092925271	0.0821594079263697
1.07450846595667	1.06899917247341
0.22540152207096	0.158220732870958
0.608589927896749	0.639371279391654
0.467755925897804	0.383194360455953
-0.125739517455222	0.0532685822678733
0.237273935510916	0.26498069735382
-0.154197287684812	0.187577548511575
-0.0220213838641029	0.0242913624419152
-0.0562958248388868	0.0597197035456233
0.347398727975858	0.501035848318352
0.0397370780980321	0.0401634945501111
-0.0423972420491584	0.0418451505008775
-0.074931232501199	0.0770565625567709
0.14028064025697	0.173892990953674
0.129920396909552	0.140752968947499
0.719726182413232	0.81926289685593
0.28040839785519	0.416747542768198
-0.0683041740742016	0.0663260858506849
-0.375341873347587	0.544007739073755
-0.229788108823164	0.248917075829111
-1.35028622444287	3.00122321632172
0.147525388011274	0.108206546318856
-0.214375032227853	0.153284719870397
-0.392841205484787	0.116190355727902
0.0838373491465021	0.0669356150888229
0.462269548541734	0.579417804170286
-0.0530298562255413	0.0507209063542064
1.26897591994095	2.74242630286593
0.671807195239458	1.08087899094216
-0.137234528482727	0.156367298087697
0.283449816613186	0.456776987800415
-0.0207729585368368	0.0210832352470416
0.129163803500814	0.157517081004692
0.386106356840067	0.538162948978772
-0.0786262135603192	0.0874390417359985
0.763993045834706	1.402789234064
-0.278285444916621	0.333768269101823
0.0648385134191752	0.0594429462125789
0.132615163100816	0.140396574549533
0.315647592671311	0.465061476643837
0.0914759854801019	0.076553695521797
-0.190271912649303	0.220795487738644
-0.241144861457313	0.299688197465281
-0.473976032147609	0.586269013164871
0.167884397537646	0.156261747923725
0.27653683294679	0.323917008870158
0.229669139823448	0.29523750419424
0.0405475589638993	0.0383779735468252
0.448516531242978	0.632037146347659
0.483007917553236	0.651292801634607
-0.965601516831359	1.26763399276527
-0.450443232792988	0.60052749978029
-0.0770573497616678	0.0776586508278045
0.154620686643731	0.175727425412431
-0.180356969254766	0.21603991162406
0.109277534589385	0.0919881740041809
-0.318567074741398	0.486827585616679
-0.522598245988269	0.797767157639529
-0.27759573936595	0.0948442160696842
-0.105713185195754	0.0665623547613127
0.0275273343460975	0.124063445685248
-0.0946827130284851	0.406849670086507
-0.400446686720939	0.244249438501797
-1.881197003423	0.697924780619051
0.102917538427786	0.0576803726199605
-0.0514408861909962	0.0400203582014665
-0.00725067446270155	0.0066032363457653
-0.0738100121367712	0.0676834823079073
-0.178033639176566	0.234968142310928
-0.165945952914382	0.172895299823304
0.389629656499252	0.247193085550468
1.26745927544266	0.569501645243817
-1.25007432401687	1.31476051053894
-0.129068889982256	0.0932039227583526
0.299840590717186	0.146789636570974
0.388191327916678	0.159552284481566
-0.547991489939278	0.292884186744208
-0.592925052847573	0.667079771591737
0.0842234283473424	0.0860090240008819
0.169760494411095	0.19230701291768
0.252619541316969	0.339993832009238
-0.366580034714565	0.514522708521813
-0.0775928199961513	0.0847958041310084
0.217537993204917	0.269795144683225
-0.283756089548224	0.342870856007633
0.1820826792301	0.171993536973168
0.314909116256265	0.385429452443977
-0.646524671637651	0.928750628648004
-0.150830523140535	0.137621912804214
-0.242081224001131	0.280946521425884
0.082316195510566	0.0837298018146688
-0.518829783691813	0.761531512691344
-0.559377442325636	0.750493169198204
-0.23993257315242	0.275514204041776
-0.932925313357075	1.17287991552894
-0.855133857334576	0.445849884350224
-1.21930071193181	0.706250061600965
0.0270496155194883	0.0177927249171488
0.168586999157316	0.145913872781735
0.890701195312767	1.685371638733
-0.548134026718876	0.570746478896401
-0.468632408803333	0.64594713677816
0.31849715523217	0.428549922976594
0.020330927164906	0.0206242394472986
0.0804652519963194	0.0774151338558019
-0.061163978757894	0.0644961076748728
-0.589747993276333	0.774351800116588
0.0588511653293282	0.0586706351780517
-0.175362183930098	0.21236747142741
0.631012356373184	0.812561434007679
-0.0693283207770773	0.0602357200536104
-0.166504649795785	0.162174140105087
0.171611394319023	0.173543623628086
-0.105009482904889	0.10608019875801
0.659988597357233	0.905833667063277
0.29800790707799	0.38901949601462
-0.424620293859566	0.463329562004423
-0.122912305364232	0.117507981318817
-0.60050112464881	0.675702570714588
0.49140459067538	0.560525679731463
0.0164361284156151	0.0162952788775372
0.724478744738951	1.25924719549873
0.907746257927684	1.32844278702273
0.325538607923465	0.298619373203889
-0.420689003131565	0.525468415199907
-0.929484873738628	1.54422401257983
0.0302778947383806	0.0305585585872518
0.0852321531299993	0.0878094168201927
-0.306850595001509	0.331087850760516
-0.323888311009825	0.389131498341793
-1.30177470311995	2.30765702497828
-0.335238919912493	0.419807830640383
-0.591044278698159	0.503882816475849
-0.0648695775388003	0.0330726601321284
0.022217441436699	0.102221439532042
0.17567767453521	0.961609830988648
-0.998508322105292	0.562235475579431
-0.553019267412467	0.288494719678614
-0.983407123999606	0.753010338670411
0.399087973773864	0.390265973704818
0.295081091571747	0.317466360425116
-0.330250687541318	0.468938864088553
0.0439915608921529	0.0523749019473037
-0.16157296512946	0.197094141660538
-0.0654875488467691	0.073909765692003
-0.155481292580488	0.116580901691602
0.251378975150716	0.156362634999929
0.880541086410589	1.33805372287614
0.0899160834008598	0.0728433748104916
-0.301859471876475	0.156353679909139
-0.286017064017342	0.093944613559266
0.304198931031225	0.148097996944911
-0.97018288628094	1.69991934343994
-0.182493291226064	0.217513751747012
0.311394501046837	0.550893666663441
0.181860185756507	0.218762789519612
-0.169208987536737	0.208217851153252
-0.0192903637362136	0.0210223150716836
-0.205589208403268	0.242828456781068
-0.446425554332473	0.702988461261048
-0.41009232573938	0.674484976289954
0.181307230943141	0.20325100467235
0.426317367492504	0.579589279879488
-0.135195493689384	0.15563690330901
0.7326192445567	1.36719276957154
-0.575971526319072	1.00610888898322
-0.519842937546185	0.791215539809113
-0.130277680192126	0.157461746026409
-0.321049144773735	0.323002867127442
-0.0888531766666696	0.0580836648699693
-0.827888920594037	0.380320823475935
0.229344787261247	0.190091715259046
0.27168864818993	0.297868517076367
-0.313405453773632	0.359758997976104
-0.101738979144285	0.102992485277004
-0.00139686847171198	0.00135973256479494
0.0169726537874781	0.0182625653678709
-0.108332168368023	0.132724064616294
0.558963061624747	0.983845889932913
0.123012699120264	0.148160284349924
-0.404570581518272	0.560378265821915
-0.47981825814485	0.739036669259183
-0.448268687791995	0.719606456521127
-0.152107349241079	0.149754161558373
-0.0965288735822275	0.0823240800210831
-0.269513372716261	0.313326562556286
-0.177619336612129	0.207006233049125
-0.253555705559989	0.365165764436095
0.236506930413375	0.287923141857216
-0.594378238263519	1.01175912677623
0.606652432857277	0.962119698835113
-0.704114601769104	1.03919259544567
-0.101691630666318	0.0938306567841806
0.0609569340374684	0.0605651287180964
0.301385168378187	0.430076238489679
-0.26314248144889	0.339176888372142
0.301973271718196	0.297497778869408
-0.36833421149232	0.378043496749714
-0.247000962770513	0.316325914779929
-0.566586765279006	0.753665009779203
-0.462906701224892	0.627069624663104
-0.0929846429640083	0.0881608262097259
-0.746313210605175	1.39017392301407
-0.557373992080703	0.814817514493858
-0.314106451533265	0.392449389486357
-0.195987365698763	0.255310520425756
-0.174187903917173	0.124221563046511
0.0819436880770004	0.468165780945591
-0.0296903369379659	0.111853403194311
0.0416585951100301	0.125475379922191
-0.167298171866015	0.557272412430905
-0.389687129114596	1.72432621295385
-0.621705584419933	3.0197297876595
-0.21434999214632	0.641303448668429
0.239570068376057	0.278788827260363
0.930589142371031	0.986032971655425
-0.857797416940405	0.688004182804832
0.693551666977388	0.667139196803894
0.797523281902328	0.571591230738657
-1.00211488832676	1.06970041382775
-0.064767608295129	0.0510340190539985
-0.185543395655906	0.219237509764736
0.349627176151343	0.548578108677838
0.63534328146054	1.04340607660864
-0.256539037634476	0.391936697945957
-0.116508478156748	0.143977783219118
-0.00810895593466242	0.005817919348218
0.633593089328637	0.498401704682034
0.276504376931016	0.318872589968978
0.163357284805958	0.130799763472189
-0.392701417503749	0.246038272502255
0.37689919423484	0.144913436524706
-0.65055185001596	0.478168129117113
0.0127288452771893	0.00787420124500534
-0.504563699447018	0.486269961105355
-0.220504611902383	0.169166367380481
-0.0286837413959726	0.0224519422334484
0.309918870724791	0.361817421392189
0.208292382927803	0.278510376716172
0.233996540675813	0.264493353454747
-0.00671867039644749	0.00660120331900626
-0.0672866808191673	0.0751532053266816
-0.660540527672392	0.956149410583125
-0.150290168781041	0.171943532125001
-0.0748005919439644	0.071196941945715
0.425530036294966	0.572009353443046
0.123410792611861	0.122397443640269
-0.0724203738100005	0.0742726607734048
-0.15314521161944	0.148602178319511
-0.63615443408084	1.18156290629381
-0.767713816290073	0.941082712579922
-0.0102993300532626	0.0101028650861702
-0.178146452678052	0.160347222396672
0.480604771933393	0.372025982461536
-0.17430178064572	0.107798604522498
0.0523703615498625	0.0423371835062056
0.228276139193086	0.285873753067588
-0.756927090173335	1.28005027990637
0.503423955060973	0.598315349851985
-0.10701125791194	0.107000592516855
0.311727514498777	0.421151398913414
-0.322796495920322	0.386370270803249
-0.544650972323923	0.809578300294125
0.189333726762858	0.217332917502992
-0.135686963052411	0.130655044292582
0.0826896529781717	0.0953119967954938
-0.11144719180333	0.104780218467027
0.412988308193952	0.567349972428483
-0.560709745120975	0.738003813874076
-0.0839174141345928	0.0875730441371884
-0.167504049575534	0.177832109822329
0.072002586813528	0.0652396405326813
-0.274526356303521	0.292271539074511
-0.645866758168162	0.901765203325382
0.120907253714163	0.116151481578039
-0.293968057316504	0.291226204425758
-0.68668607640304	0.948736917189198
-0.538555891487279	0.732210982938556
-0.358880279001219	0.469991775819394
-0.187469253138121	0.183606472718758
-0.211610207889233	0.218699714777556
-0.368365142789384	0.454252342375893
-0.860954613048326	1.36561153547682
-0.516465494175084	0.596528454853066
-0.180654371240269	0.204701397258234
0.806463400787213	1.40032875012293
-0.164376301269619	0.150363736099564
-0.218388976251236	0.204881974008143
-0.925286799886006	0.959559850505068
0.189728725799767	1.65179665412073
-0.112406360147627	0.461738269073695
-0.0995892493348341	0.275731317380155
-0.0142572713410208	0.0290453797284309
-0.296709586527074	1.07278811131159
-0.00546192829186549	0.0111299608086622
0.0829423651718822	0.10312378642767
0.0711185485981366	0.0668780276103372
1.02452204254931	2.2555354546977
-0.00615419887167834	0.00626695509134852
0.16906165170326	0.219439930436054
-0.215032153326842	0.28099514490438
-0.23674922416639	0.341768912979108
-0.0838703494737018	0.0786294966833275
-0.102670238113526	0.114058472105072
-0.169662519527614	0.192057578245524
0.146305566378691	0.173323827781494
-0.319843104406941	0.519242671572058
0.020927162363155	0.0254179723285888
0.125590718887123	0.129876814180289
0.143836871572905	0.154454388977373
0.638436163515443	1.04292145957412
-0.12897203602432	0.0928013176158566
-0.237487009769848	0.233775499310523
-0.0334086866539579	0.0300699184320274
0.588397916304035	1.05324917437251
0.600827065367482	1.17344321456923
-0.295061695181445	0.486621143432216
0.128604025982667	0.112906277295224
0.0536344263335689	0.0473446386979487
-0.541867010198049	0.710334901985602
-0.196369889636143	0.173207369046283
0.479696411035684	0.650231736317282
0.469912817879843	0.652863350807702
-0.471079661776572	0.613125130018866
0.283823449501157	0.315726356420664
0.177188463074667	0.168298851417197
0.0192034257373109	0.0168819885560067
0.089015887839107	0.073370640267754
0.31394276759791	0.29377415877225
0.578181256827605	0.709696471122645
-0.45932633949063	0.425299277189647
0.177600285593206	0.160653002167199
0.299493691322811	0.311897363856369
0.136072752200052	0.175898518645662
0.18978209331108	0.252227997539243
0.270139066436885	0.441909232601433
0.229052058814738	0.275811199323301
0.299574311056545	0.40555607955263
-0.313103106136547	0.282776268505812
0.311546237929268	0.30259560071712
-0.0867412060433229	0.0704371361314134
0.230000790916801	0.22382519999103
-0.128079845614999	0.118857548812711
-0.443158755014001	0.416687430968537
-0.990735892823689	1.46704003887021
0.539518679517765	0.66858488608196
-0.27379131578078	0.447184426952468
-0.0524380416469588	0.0609549467140494
-0.273310483683772	0.233687674466718
-0.425862824545198	0.493176445525712
-0.698887731169486	0.698924570257056
-0.0919648274531349	0.126263485555378
-0.555305489247877	0.632017561662163
-0.660218775852982	0.756031667936012
-1.05168581351448	1.41029840966853
-0.308004684592855	0.329013923980754
0.0714578390514018	0.0873200947167557
0.0242597091612877	0.0255635271496152
0.0832486431306085	0.490162265574656
0.0289123003290337	0.107682097083045
-0.443981449955656	2.78456019873199
-0.297711147687516	1.22086504909701
-0.446924141820663	2.22818937280921
-0.134981432551766	0.352526892186802
-0.0000405594475978042	0.000103390550235184
0.0432199169766526	0.0505717480951239
0.541018408307478	0.501479187204223
0.0961463731141414	0.0498905407897335
0.0986529912539651	0.049299858621029
-0.36378658870874	0.170230763903127
-0.454660475805769	0.258023245202863
1.26509409507925	1.79103769962251
-0.331204022484241	0.412254096367166
-0.596141447256624	1.09778207549831
-0.606773418595345	1.09935790506236
-0.340681240077409	0.517237508771287
-0.0330884183205059	0.0232207148427134
0.0680266690700044	0.0610597408392571
0.0970918776538856	0.0771842251598391
-0.360860769234015	0.173334160399411
0.0989773850443494	0.0536351886014114
-0.444965366523873	0.401297002951349
0.11188774621449	0.0663675665952957
-0.132612493383248	0.131332520264155
-0.0234755166373053	0.0213424243081569
0.190927589206921	0.242025649767976
0.138560217416775	0.157745471141192
-0.124077746545576	0.129874921071531
-0.0757484196006826	0.0723953040010772
0.486148210802426	0.820213951132153
0.635139882565157	1.02046174255982
-0.456388861735126	0.616085830633046
0.0594542597699672	0.0606509106916317
0.526384500051492	0.833567238807721
0.581301060339758	0.838465545247549
-0.148091030915778	0.145644300517145
0.276817887955566	0.338558999625625
0.183226660152799	0.206207125363229
-0.452309527246096	0.632418935240968
0.494850726831518	0.653397161630816
-0.0149023705207643	0.0118658260099685
0.511466623818133	0.388969323775929
-0.0195919953093238	0.0114254281315005
0.00276901989685203	0.00226076650015683
0.124180435420542	0.116766180145114
0.276370761422107	0.354690919442448
0.4870329657455	0.587781014053443
-0.463280712395587	0.594259454453925
-0.0648757852509634	0.0629787700570195
0.013038558795569	0.0123407783355071
0.183820915768761	0.208734732702395
0.0740864251942476	0.0829533922496549
0.0375661528123901	0.0366357717027853
-0.158619801353118	0.16980113146746
-0.17243050019989	0.192639614338625
-1.33184077640287	2.39975453231632
-0.375055237620885	0.402314999352859
0.0583876566363468	0.0421542859063071
-0.112560839639305	0.0934664071784712
0.0035725518066196	0.0150817147637405
-0.109569690218308	0.526183073075034
-0.166981004307261	0.668057734765759
-0.30716769904731	1.49102394455436
-0.1847251285445	0.65161384478837
-0.128008398035415	0.379796786703436
-0.0754152603304517	0.170172341052226
0.0877674365402118	0.0883122568995105
-0.021809807440958	0.0229500309370395
-0.150927484701472	0.107589646283291
0.196837470489441	0.237908224269327
0.420740542313433	0.557743271255622
0.266044176580322	0.325216693657152
0.562040108138059	0.512443236247024
-0.251725254867335	0.137987341584158
-0.039575891217625	0.0210584262628727
-0.0087288063410915	0.00481101420153301
0.35030553916681	0.257092147601706
-0.068780414452379	0.0536973788520147
-0.465687058539055	0.649961040512941
-0.42960450040727	0.624091135844813
-1.24745669848167	1.99500390603466
-0.193181592242556	0.169014648964417
0.104850923615311	0.058239980951152
-0.116018301027623	0.0521049152262973
0.128037108299441	0.0884674126151391
0.110251641699384	0.0649501016342675
0.1839398013589	0.211197138315321
0.0557129690493676	0.058286912693684
0.935540456380919	2.01815670178146
0.323413649768349	0.469921988307982
0.470510526024114	0.746306671521617
0.389152807842121	0.546630052661621
0.113643109469647	0.128033517450111
0.287425822483436	0.344291776324268
-0.252315705371104	0.287833276012394
0.780397052547239	1.23087613056251
-0.443572651617503	0.692874783632155
0.284599680052946	0.331288290500662
-0.0729244088884556	0.075162098080886
-0.271146951301784	0.314663138541234
-0.0600318229627562	0.062353390326463
-1.05493742998615	1.87431292732214
-0.755628923404459	0.601210664818838
0.59401600151713	0.412940460859325
-0.0749341287524783	0.0572138571102249
-0.45970152840645	0.60707494843555
0.427139501002847	0.561248150880806
0.114988387980855	0.107458933152154
0.0317345181804078	0.0335831020273492
0.332803484764475	0.496488144967268
0.344751160614972	0.493119959451047
0.703093138771064	1.26250206735052
-0.196432574852492	0.242391167302837
-0.627854149159114	0.833197658156863
-0.522978636338548	0.672338142520698
-0.0509841851358434	0.0453848254413147
-0.155629741592158	0.155358701859885
-0.0685800590332234	0.0648201639068668
-1.48486854335242	2.28909665871755
0.0504966381953007	0.258540307673625
0.0229830156297703	0.0843529100678593
-0.142614968670087	0.582838803117105
-0.0191370975653982	0.0503332966477866
0.102929549192752	0.293847434909977
-0.165387886087252	0.481570270567119
-0.0554657531195198	0.117744246530834
-0.0433278738464329	0.0450748212761544
0.136651784140354	0.143231792498915
-0.0394218581951916	0.043637000292052
-0.286683690952514	0.193238854029577
0.0436680495074336	0.0432729292324198
-0.221945898011765	0.256885169080338
-0.580828751253243	0.799468091515756
-0.748574648420847	0.608883643542738
0.30141386090461	0.141918121797856
-0.524495663724694	0.350056351877983
-0.393907405542181	0.288185654598259
-0.855719863238786	0.585161321321865
-0.205080129846779	0.164260660143555
-0.648509807440394	1.07238141940428
-0.0884607785740263	0.0887184817059912
-0.342244831613431	0.282203807622964
-0.584647654763811	0.228935077346783
-0.777996319685306	0.256640248902669
0.121662150161111	0.0809813534956025
0.151923397488208	0.155034210225631
0.117327683439729	0.112184702364247
-0.235593158348609	0.285962786163863
-0.314606889108939	0.377545022454646
0.291999814682141	0.335492853309708
0.0906490195894327	0.0954586179513656
0.351922823036828	0.381770810482979
-0.380824167222096	0.460029812906641
0.274778641373418	0.327257612915622
0.801867001561649	1.12523991966907
0.491613941084789	0.649609718810798
0.321799320338141	0.400399526386255
-0.0170070104466794	0.0149625984156019
0.288017190628088	0.325351859111835
0.214202703128136	0.205727471581787
-0.506050900469477	0.775252852997945
-0.312128289604459	0.324837856111568
0.237714708451019	0.169189762483289
-0.0902258776289551	0.0432414507789396
-0.388250006988614	0.371650279030058
-0.247410284226182	0.275734002101919
0.238368815418289	0.237175770927129
0.0373225640430148	0.0299225497602801
0.388402949491802	0.494320838412292
0.508445887067658	0.813101647774964
0.409599631547075	0.532198568621245
-0.131716479987311	0.14117900691923
0.175307305534689	0.179947787083246
0.240624993738042	0.250997449096718
0.0386704208293843	0.0374275780034425
-0.180382444224383	0.175589094186401
-0.378824971021632	0.470509988257606
-0.0361452257215744	0.1752097079643
-0.0639676173578539	0.281820642540395
-0.196537625725011	0.880534292488505
0.0429988193825453	0.115209172149098
-0.179766581689981	0.551579448724601
-0.21407920275868	0.637665317383396
-0.257340400292381	0.679160436460651
0.290580100302118	0.46580710846921
0.079824159466597	0.101926669421564
-0.269696939304675	0.271454187930034
0.13188689705641	0.1582906539174
0.458245166803049	0.731588288366757
0.00946437989700714	0.00890689982951641
-0.874805748693323	1.20883637122232
-0.350824839307914	0.298988489887375
-0.492043749923456	0.689675344362951
-0.153536025126679	0.17290736021686
-0.135995561294565	0.157778520151635
0.352038160311822	0.477637471886517
0.101817780012987	0.0821100072258333
-0.0905634663834487	0.0659240147206403
-0.960119736828411	0.742657943326582
-0.270636386398581	0.332891167609283
0.575625874729627	0.814244073147227
0.276988457581899	0.32751867798044
0.270000091648396	0.332107740609478
0.331082089995276	0.459473077939137
-0.0280245124563365	0.0276834763420629
-0.138745284473046	0.156783689411329
0.51574534631931	0.589233490252786
0.131448006244971	0.13816165059364
-0.295754084811638	0.340676681397252
0.384408735107169	0.439689703816813
-0.439687105684502	0.524612084365942
0.228230597385159	0.243474150983874
0.271465559466075	0.314985392451049
-0.376033385970797	0.424075217179859
-0.531737547968629	0.716448602519869
-1.03026415543082	1.64502849013065
0.237445215555868	0.236736413469438
-1.22758886043375	1.71496450207554
-0.705405542621216	0.802445779790104
0.27559998191496	0.337021511468734
0.222612588035836	0.22693131028969
-0.237431937737726	0.226076752749024
0.135677904449431	0.143569996342295
0.170207018952845	0.173451677769879
0.178274951240336	0.174683239098708
-0.36338953285918	0.454618860779096
0.0354719581698115	0.0343301793135296
0.229679527447001	0.245425506719205
0.0996421994597142	0.0815854482496484
0.669939705434529	1.07926717706583
0.0377424066474527	0.0304434191478744
-0.117119560038694	0.109120880620398
-0.713850226265368	1.13249847138919
-0.76295811763387	1.03581725401263
0.00044436128600949	0.00186338011688511
-0.168798370613127	1.00366890899514
-0.219455679656171	0.977364950637983
0.0633815390451419	0.158569037615506
-0.0952259792750449	0.23810476340807
-0.0701214684495057	0.0764203275275714
-0.285284198789502	0.430934156692675
0.729918102936058	0.926372779879666
-0.0746325674604671	0.0861194913967141
-0.381664893772141	0.56770971228116
-0.392958669988736	0.484927013620874
-0.17647188131987	0.140846787094562
-0.898611327370384	1.4247393230061
-0.49036575937764	0.731344177202662
0.0600426699868879	0.0606884481747873
0.490738710243223	0.823514871081986
0.573439799323291	0.996492798352723
-0.363206635816308	0.338255451291938
-0.482553523528848	0.606421284105753
-0.238787316862935	0.303194137323819
0.0589559976987166	0.0589973700577334
0.36767028653235	0.473522214322428
0.606651057528774	0.966408338246197
0.0171695426204827	0.0174776543931574
-0.286819430377131	0.326222601221806
-0.000801024028988625	0.000728718642315717
-0.124111816655355	0.125752271563722
0.679746003702699	1.01077577284854
0.71570445818583	0.913642784645323
0.302962919182129	0.327985248490883
-0.0861241211892328	0.0925706643410464
-0.146632977581926	0.146495583163776
0.129408546975331	0.138763110193269
-0.0891086502204793	0.0843396554586881
-0.283215445534903	0.301747652491823
-0.125019003634882	0.114716793279281
-1.10611006565089	0.906120945549004
1.04206047835601	1.27909312351192
0.249404706843358	0.247292314583945
-0.250585269612771	0.251128364092009
0.861645342263334	1.24170610036233
0.121936095492462	0.129173824101634
0.0144551533007739	0.0139532017184402
0.139063854941052	0.145497472683614
-0.521464496591614	0.664070893559856
-0.242184064450671	0.243703705735197
0.283916991565862	0.319049471695028
-0.229827810990883	0.252167539737583
0.0119803111301011	0.0117478244333173
0.46650308174028	0.543398043164154
-0.913639966565667	1.33413363709274
-0.0946797750065207	0.0874049849865984
-0.0856630291315088	0.0940032863542565
0.0117906951184497	0.0503486342208164
-0.0388209518931954	0.143428361742783
0.0812385051487083	0.240025637645641
-0.310183577380217	1.32365448188627
-0.0886211444767549	0.197464981436332
-0.261410284065207	0.388902438021055
-0.114207461867762	0.084583630383222
0.320035775761763	0.484384715687476
0.0315429867240267	0.032272089752627
-0.664998181188505	1.0816550089142
-0.535845788891654	0.476721321956132
-0.349574624040125	0.351164766495853
-0.246161650834207	0.273533801473846
-0.12560893038243	0.142215551088542
0.10336963669002	0.129338060253621
-0.314935919079363	0.398622296224007
-0.115542653839259	0.0764549425661053
-0.852044641382795	0.715970873459951
-0.0830494834168584	0.0554968468336225
0.178351249339752	0.190183132401576
0.912279413893851	1.46635078168699
0.740434289421652	1.34313830891469
-0.38953936464167	0.553188659638485
0.185270815023929	0.199472469989842
-0.419609456081935	0.578865819423961
0.434055235846692	0.661971403490209
0.522774021858202	0.686035576353102
-0.246471433723044	0.270946182882164
0.655397708406018	0.924284328064711
0.729848663517229	1.09654237959099
-0.290253018158519	0.284501709682353
0.00141154468757398	0.00135608153845558
0.370909499820711	0.396669339007854
-0.00149947491547907	0.00137168658315824
-0.255658062932295	0.275867381123997
0.321082387501761	0.397497959771727
-0.24045897748814	0.228866535667694
0.595833998390168	0.513104994244161
-0.166136494108369	0.0990919903311914
0.225707338475662	0.222959269408307
-0.073898663995611	0.0639954307562692
-0.0830894787875062	0.070528791246138
0.455564735111963	0.556097683472407
-0.188531973905906	0.221235912978213
-0.219098958592372	0.239001728452534
0.089091381461284	0.0895369377220975
0.816079757599889	1.43202859388865
0.638972935947539	0.833688722599007
0.042884600604361	0.0357739701999874
-0.360139937922087	0.45770878855448
0.00499328573351827	0.00414230145612033
0.0227324862444778	0.0171185157058729
-0.370959481007642	0.460982049839424
-0.201991715429212	0.203956342396711
0.375042377036447	0.483474481972087
-0.408522630361223	0.509229866517835
-0.00244309074926142	0.0101466361444311
-0.082188909631919	0.350253108678557
-0.131201705018841	0.48356121242052
-0.219965014252308	0.767252801902367
-0.0720708307432681	0.159835051358504
0.0968297522730093	0.121193481515752
0.110540610110011	0.0925712896656803
0.394254360714639	0.61337215432059
0.14230406951587	0.177973968332897
-0.100146215465908	0.102756881463774
-1.1641990254791	1.1413075651064
-0.806495774342631	1.34654973617905
-0.136823576418694	0.158598907797076
-0.477411875204413	0.43175874689333
0.0922177968077792	0.0762855271204456
-0.10878095551929	0.118576634449114
0.269729384183889	0.317321308952976
0.134624493712904	0.138235938650717
-0.437490288982167	0.672159045843454
0.262633384269475	0.339034045861679
0.00595173147148294	0.00617609685684826
-0.405285121221812	0.452850050499013
0.374761819008542	0.559009231647714
0.1617125269451	0.194111390828677
0.622845325025347	1.04243778682128
0.0761729170598659	0.0720537146104432
-0.141473455929591	0.157850938140226
-0.0460067993917568	0.0355087516136709
-0.0444804203778368	0.0372908745580417
0.0317762616882535	0.0298617955158015
-0.427313560247496	0.550747810622969
0.010809388472329	0.00879088933210228
-0.252544495900276	0.139594858958848
-0.674523198087089	0.311490352686877
-0.0431523151733503	0.0331638550017357
0.233378061962534	0.187619308417372
-0.211329528768898	0.209999223713836
0.326867308862556	0.461797347475326
0.165288264891967	0.178421849334798
0.146421530533027	0.17090802160876
0.228381596206476	0.225674330758269
-0.468568531076251	0.7063522690256
0.378022272499937	0.490917538076778
-0.252990737813578	0.220263334027282
-0.196604155914963	0.188339345337613
-0.169005170424023	0.180395759096985
-0.579203713713684	0.974347551838501
-0.0280477549416682	0.0271845636145272
0.0518654338029557	0.0504027218229849
-0.440110198209202	0.5215246621108
0.128680939907719	0.848191430559796
0.0608318315077419	0.24825592909441
-0.197810398605911	0.747888899122391
-0.204014594932737	0.638899422483187
-0.189134868899197	0.479179960455785
0.267673600154417	0.370596606886719
1.01078316942834	1.05387520759657
0.222573766794004	0.275493831827111
-0.349494108287838	0.452785610937481
-0.253937264175599	0.268878525587718
-0.296749180150743	0.19952746517929
-0.458403688078142	0.311402538932539
-0.453650035473819	0.438292928134893
-0.267974880723429	0.294147000952234
-0.0915869144489649	0.101747138026108
-0.606646814460931	0.363665360825008
-0.568150223967608	0.436463972902985
-0.160325147472727	0.14596986992516
0.0798277908127204	0.0900521174687444
-0.0560800296992783	0.0578484493578362
0.566980289048595	0.935726206379175
-0.245797129188357	0.318662108190642
-0.0392652064056449	0.0377267677954779
-0.0649811209237853	0.0599834493663153
0.333849073642982	0.395847409124513
-0.124487557426205	0.140894846231831
0.801468564820772	1.44412217263566
-0.336616767992935	0.46268189583152
-0.256022442900241	0.277599619106863
-0.126042079724079	0.126508081396393
0.0816142284555531	0.0787090380911698
-0.0563168763634875	0.0581745824250765
-0.0248040609211498	0.0211712286837732
0.199206367779685	0.224997738651832
-0.216587351992964	0.190263352599663
-0.116711947084796	0.0752331781503364
-0.597872707338824	0.35358895576772
0.0744392784550162	0.0571005596207174
-0.301799940306092	0.264286224059623
-0.401327831351645	0.471432789248997
0.0802959765849567	0.0800793409711655
-0.305892941591534	0.389201945672202
0.0232171283669279	0.0208139951867494
0.122357211485752	0.122890680728223
-0.731873357907363	1.15111479247476
-0.983586817643154	1.38265719963921
0.0814271338876758	0.477284572165948
-0.0671428701960204	0.282685858978263
-0.221409538304448	0.926731656436728
-0.204800700765371	0.646032670569672
0.051352557075165	0.0939998780553416
0.166198269660654	0.428231306728372
0.170535680462954	0.401614999225449
-0.153002173085382	0.330928383185199
-0.102856925473651	0.194313695949687
-0.588651291382123	1.22646018687586
0.0741014236366797	0.0566935923415398
-0.23352511132685	0.261404426196784
-0.16709072778484	0.214080879747016
-0.163300286882169	0.163775398719251
-0.120083364525223	0.0874611231349639
-0.234451006794606	0.237346905032639
-0.0371545200725231	0.0441044550265243
-0.159467542524327	0.11701335402505
-1.49185148574928	1.76097484370729
-0.141688541631918	0.168759510269478
-0.346866513553092	0.459507756507855
0.0753332045684753	0.0874485546576799
0.307704635529775	0.385266823187978
0.546333436920181	0.955417324941952
0.00524744197040624	0.00538215615054218
-0.735264548949289	1.20267199962301
-0.165895149686107	0.195897245992765
0.26487932807354	0.316041600645717
0.401088704933622	0.557580607617815
-0.231830282724344	0.230083490220182
0.517386808586009	0.828742177483965
0.140407098145566	0.139783093033153
-0.45783654632056	0.657284750007136
0.389973303215038	0.474925457280203
-0.401319869554039	0.550978909467259
0.432355387004856	0.470838141924189
-0.202097466901836	0.0741038057058087
-0.147458611771494	0.130824681255842
0.077351474045034	0.0727293077331966
-0.473863743037275	0.700400222559732
0.0664566141480084	0.348603089931624
-0.075865871724854	0.311570901615462
-0.191673069116462	0.697076720243799
0.0651518108436686	0.139354246124471
-0.0534650213491627	0.119653996103765
-0.0505692307540138	0.0971373101226116
-0.0244761361988547	0.0418554632254458
-0.0416689291533868	0.0739938140654514
-0.0349616874022474	0.0387347445858869
-0.122218461043959	0.168163730467773
-0.167215916775215	0.101006699240691
0.0798375431935432	0.0884591828484467
-0.760196838653882	0.758061099553021
-0.190280889992064	0.186432599948453
-0.29953936966342	0.197246109412223
-0.35908851232623	0.169948760655807
-0.320802055888631	0.413409663837378
-0.0577525741712855	0.054468373386557
0.46618950146062	0.73599415742803
-0.476148055164268	0.657188735957802
0.811119854933295	1.71154266796694
0.916678403225148	2.02417740362777
-1.01776977601175	1.97368759591639
0.147407388556946	0.17991082423959
0.0136958415771113	0.0129896770895692
0.102497788290613	0.111370654608767
-0.0306447821229783	0.0274765720110735
-0.173791446754609	0.196279532922038
-0.38005908752855	0.462092519072944
0.245351664185861	0.318544977510504
-0.0841693684863326	0.0809475410874825
0.00643998774820432	0.00554169249001939
-0.703310048758328	0.747524601978689
0.144474666820263	0.166648464285826
-0.0118913927190547	0.0109646403163197
0.0547664495548778	0.0500939426578173
0.126551131457522	0.129357189050944
-0.0480615142256298	0.044774819018172
-0.378295516986894	0.4370083319577
-0.119900608946163	0.109676517959619
0.369873998414366	0.3778332797532
-0.147302855776036	0.131803662857414
0.0235381934732034	0.103952014401278
0.107368502428338	0.475321495626637
-0.0579367908478562	0.141233086239476
0.0938405226731703	0.294542509251076
0.404470651842727	1.76994912896197
0.275528490764416	0.863354851965848
-0.177515726437547	0.442127149315833
-0.0890174976856205	0.175407744024385
-0.197153112541161	0.498015646452058
0.0231352470574596	0.0279754793732976
-0.334714421554533	0.206989785696362
-0.765728930416969	0.73971735408625
0.0993811117284584	0.109046601398028
-0.07566859474828	0.0867661202751325
-0.178788202390363	0.222173073784261
-0.459097324483621	0.264928219685142
-0.855271174300906	0.750421216895582
-0.73749154633396	0.522835617454015
-0.337511346880307	0.381338888920089
-0.103342425007615	0.112636341779898
0.549223076338509	0.889659752078126
-0.0438578704724368	0.0485667865463166
0.144576499402562	0.158317611535549
-0.191962409832015	0.197064628325635
0.56456791594303	1.08543265334549
0.457146206694062	0.555874694547694
-0.739835899270719	1.07266447933519
-0.0038691699300874	0.00354194056654965
0.405912774185999	0.555550904224791
0.270657137165933	0.342108684458023
-0.188689823720734	0.184839219278886
-0.410433484849019	0.505501644363429
-0.00496768472058729	0.00460134896209019
-0.556825933190275	0.731754947106102
-0.307641926881274	0.378320685327619
-0.249415461364546	0.217916856093662
0.084423419746729	0.0303307962836049
-0.711452009270276	0.981384450890853
-0.176741096764378	0.185936317989133
0.169394499451383	0.175433543707187
-0.123016709163751	0.111191405922544
-0.200867581610516	0.222148760667703
0.332199705662622	0.384175888461861
-0.00020436667801565	0.0000643525544804967
0.0500503676210861	0.0433582388078799
0.109773915162012	0.0980101736507059
0.117793631824127	0.743426662824191
-0.101335333032055	0.475173360045621
-0.039521745336118	0.119575398459456
0.209177806634703	0.689526593885803
0.142830194896191	0.357334832631059
0.030989255341023	0.0573700458000446
-0.224118524887411	0.548290886439796
-0.539432182577846	2.09376063855613
0.0948073324333512	0.146378666224907
-0.641211484305257	1.65904571213744
-0.618759246156032	0.581572548993545
-0.770016702810999	0.815969400352158
0.269525260024563	0.307676782175549
0.111869332052319	0.127447416625673
-0.119738672920732	0.133848172693873
-0.261668469280993	0.349737733630711
-0.354600777905795	0.510753529275214
-0.157795875382271	0.167452486667671
-0.989777148874487	1.08716184455593
-0.662503691366194	0.334038563134896
0.238053159342742	0.154737152788635
-0.25880610632107	0.175481323788965
-0.0311128004570855	0.0216031114135483
-0.0578487597891598	0.0567615588944688
0.187836879922742	0.208418685409291
0.277601538867621	0.325598647770662
-0.129937052932418	0.151098167888592
-0.740246052661622	1.10008238132829
0.0990021640159235	0.10492247892113
0.231520384070162	0.291221079765229
0.0366069887572689	0.0297484271371593
-0.280119013932325	0.334528579271956
-0.695149115875524	1.10954546869771
0.116768406200773	0.105666205170285
0.122511878869802	0.115681178912684
-0.119579216693083	0.110823673040159
-0.653563702768359	0.807922458007324
0.16653833340488	0.129662979579875
-0.0305248506219016	0.0246659916551009
0.412089086344174	0.48526993487592
0.0298294165913058	0.0283715302548555
0.413085632425065	0.378504196816485
-1.92997069867637	2.76618223178299
-0.0788531440376829	0.0743037547562426
-0.271097742258716	0.276781869638555
-0.0528974050385981	0.0461643169816081
0.161802797021865	0.134534196118856
-0.441865864323776	0.454391213823219
0.782643172038369	1.07354949432319
-0.12010600006935	0.128944162684696
0.591631172678324	0.701879726840978
0.112302228775521	0.103935855229035
0.16272949166178	0.145220756346972
-0.191343243946457	0.214052602321595
-0.626998255361257	0.800246771982534
0.0862564661207485	0.522546952596882
0.12784555549079	0.552897992678934
-0.020689113017541	0.041983699010148
0.271364848224534	0.704417291343597
-0.220210239378698	0.468862739817027
0.135143136788416	0.248900433267213
-0.534803951630709	2.15511340843244
-0.584585272373695	2.2462682626551
-0.389246993942044	1.14119627006231
-0.328439209186743	0.873464968103192
-0.5777562274754	0.9820378680117
-0.190326712381904	0.202493595090178
-0.302473047956463	0.467945971299121
-0.211590183601833	0.330657476431523
-0.373693104938519	0.604566810632214
-0.34646036778649	0.444639742082195
0.328846460616967	0.502224200940637
-0.374706499203997	0.654640729892896
-0.572992360875312	1.07644729440391
-0.33848383474244	0.415944418759626
-0.120539488547693	0.0990201874452401
0.78535538765317	0.825205843890952
-0.400598057970943	0.446833121639827
0.0789493560007521	0.0785757025626169
-0.430602226154192	0.704036777134069
0.321509669337614	0.577326286671383
-0.515973215841943	0.659326364505185
0.175086855377319	0.157025569288081
-0.483798872162194	0.597228134856322
0.0305069769717065	0.0279951858488109
-0.295039812328834	0.313207251834004
0.338580124573319	0.274194076822043
0.758701158683769	0.896651065976282
-0.284826464340891	0.264461846901128
0.238183643004175	0.211889450918937
0.301907283965182	0.312118987810852
0.416634967992413	0.390291684820871
-0.172222094751629	0.138514673887612
1.25985138155151	2.0380157438894
-0.148017867431323	0.0921156386304328
-0.694237885987952	0.695479047637347
0.320527055487697	0.302292898270494
0.338241269397211	0.459631469799943
0.220372032429805	0.263965493122893
-0.14315151419537	0.166829452947542
-0.732842438680163	1.48096965316618
-0.23714307593423	0.24540669639814
0.1203089085383	0.081714427793366
-0.202484337172506	0.162133506322768
0.234357878604074	0.185271580723865
-0.559476069218271	0.511257260140236
-0.0141434757016956	0.0116560805464882
-0.0891133830887471	0.0971062153675571
0.0312936131476845	0.0240062826717378
-0.373140327732467	0.389940338252817
0.12379521528853	0.812378037436412
0.0914567017356721	0.396593050690459
-0.0778660083562412	0.233314528792754
-0.124821419561372	0.361878590805496
-0.22209793475411	0.684311940743589
-0.477921132163938	2.21100002375949
-0.352452666415695	0.818918964234925
0.55840299898854	1.39702630430822
-0.0821264468184731	0.143809755781308
-0.337857118256466	0.54392001134408
-0.36295842705005	0.170757084814043
1.59871027441365	1.42055813052375
-0.0630655402393621	0.0430799428950516
0.523905619983596	0.500618237822757
-0.0451700243761156	0.03963722806426
0.105405436907654	0.119568281524155
0.155399311431366	0.186119331265123
0.567349853968529	1.01520383396702
-0.321842538316285	0.447525545939202
-0.0150679419651193	0.014860761151129
0.766435424514682	1.48020678600005
0.0306650046445893	0.0282000119158071
-0.225506234935306	0.275614624498914
0.184475500742575	0.216179613810747
-0.0418909379786108	0.040749491952622
0.290734268921585	0.312445670897142
0.0930106538306556	0.0942470491723543
-0.774893333597667	1.26720444706148
0.104888936237402	0.119578753978494
-0.0206202256273	0.0169060461717594
-0.44874631030324	0.70435814277258
-0.418123542140512	0.410061250044442
-2.04153549855908	1.48229220850772
0.65234733590635	0.40923050524098
-0.497261616925035	0.686034724563931
0.0528924476121698	0.0534383617575252
-0.97720950018535	1.61804729631078
-0.169395196371978	0.20326043209073
-0.608811063250588	0.961711443642031
-0.558183914538542	0.850192098519662
-0.185959887391876	0.211733547024452
-0.430269339669643	0.573676770558535
0.443327086573712	0.613534640839469
-0.58198383396764	0.818523269305161
-0.00231538394380328	0.00900213096604202
-0.149229110393731	0.735702668504243
0.0798205642574594	0.234524961270731
-0.1314636275988	0.388841385976831
-0.372197484400722	1.4600344615288
0.133659086209865	0.245579716109032
-0.141778279486973	0.19254828709976
-0.21465168729207	0.427134385485842
-0.275633511446483	0.250342134056501
-0.453584618651152	0.300747651503322
-0.260270436948959	0.384033645741356
0.100841618220157	0.0306037225182791
0.260276041071539	0.15863357546414
0.229739748244002	0.174498443425264
0.579670290485104	0.615016288938507
-0.0712460581691067	0.0557345680705023
-0.131546663456213	0.141451531605736
-0.106244631748899	0.102959746919371
0.0416048219639751	0.0465907199854467
0.188320797036913	0.21113310982713
0.184634143665257	0.225033628118753
0.664604943468465	1.23182267208446
0.709393668484506	1.10827404925086
0.0856766461378852	0.0876628569944144
0.159624556256905	0.18030664113839
0.228798570215734	0.279096170615109
-0.707919407252213	1.0782300811672
0.514499803345424	0.8377482008028
-0.51121345289927	0.67767043589646
-0.602139289737101	0.94013236461351
-0.99164154653183	1.61349292585543
-0.329673357473295	0.45746140011655
-0.125764270003617	0.103413717864388
0.303274116333668	0.143309505354727
-0.156667628725133	0.0653539445676703
-0.34851709832307	0.345617165932162
0.539768262735464	0.591062611899607
0.52470844727534	0.648114159686556
-0.529679842301069	0.593038507902599
-0.240882526506904	0.297516558222503
-0.116186469717045	0.10578584228103
-0.782548526895397	1.28058488455407
-0.0865132466821154	0.491130387159589
-0.097550011248332	0.436947943472245
-0.397879490071726	2.21001513084354
-0.376248659184396	1.78817096453294
-0.15729049362157	0.294035892815874
0.192911968168251	0.296368696393694
-0.214992874825395	0.391019867922645
-0.051852430382409	0.0627001136257233
-0.141351846338135	0.189407656105549
-0.432860629337981	0.381973485651893
-1.11263606060898	1.1898576485061
-0.063325354218008	0.0335607509245109
-0.302545584302809	0.237587462594798
0.0158605271124272	0.0119041770165375
-0.190200414498647	0.204566612662039
0.457493081558567	0.785463338981948
-0.212561622841923	0.343127361217696
-0.370292126326922	0.665574913765858
0.629368245914107	0.286890752661735
0.51120811259845	0.390476587623407
-0.437279205722868	0.345238369764576
-0.641001927915234	0.451830840317315
1.25247907949985	1.64763312136397
0.0594268172598888	0.0622357220056814
-0.449252888407264	0.773427554261025
-0.211000505911108	0.288002799405702
-0.266703147430784	0.336033633508562
0.0785625923374942	0.0756879227575751
-0.292837234269877	0.395441953473522
0.54401167741342	0.671569095843464
0.85171998745935	1.56023290809072
0.77828829092207	1.23452831028799
0.22519031958243	0.260671599763037
0.630578746596452	0.813655966168379
-0.524944050400972	0.748837345993493
0.126457172217965	0.1140169243673
-0.153345830137231	0.17182968971806
0.0373716611334712	0.0352142762715266
-0.80600062591302	1.45010360429413
0.311822051667772	0.314549901308326
0.840764017055965	0.449052635811849
-0.457722921288488	0.265128886615027
0.282693140244345	0.320937312853889
0.0257795607874988	0.0197625030334667
-0.241694051030684	0.261135568736507
-0.0314670181194178	0.0281211642925533
0.0724895852509606	0.0615446494539999
0.123421235657255	0.126528364883276
-0.0978954244709137	0.114375172407948
-0.942034102491122	1.72532771995191
-0.461934376105203	0.654043622334039
-0.197484893123231	0.219405515012696
-0.655337418926328	1.01681475450437
-0.136634835757775	0.126153835166436
-0.0903087228914335	0.0686157583423735
0.0663483469116322	0.347834868943079
-0.0471299253758026	0.178674949721331
-0.366044251307038	1.98640933751638
-0.10048703989345	0.145984092760334
0.576977529666496	1.03162284124295
-0.339569989894152	0.331360770464685
-0.140241155942645	0.0871620229747392
-0.0994715230291012	0.0988127851041624
-0.109302106309161	0.143763300397966
0.51041194458967	0.989321064921366
-0.140364392604203	0.179113608274717
-0.456766017346737	0.200812355077604
-0.707693628146185	0.43558611281835
0.595997947733947	0.404013558887748
1.27207551301582	1.39841810670177
0.30801970393682	0.267407403724645
0.221013516204421	0.263401173324443
-0.392736513339021	0.559162355087273
-0.103614775135154	0.117499435777588
-0.77791478848557	1.40354544395683
-0.245947783100236	0.30678142176678
-0.48312240575913	0.683490344380413
0.237414474856971	0.24087366127739
0.0943967246427205	0.094228981902591
-0.034908643840697	0.0308782008354033
0.105261018313113	0.108396837696762
0.175340685186538	0.182109621606754
0.0781101659455905	0.0789757680661864
-0.00722741747695987	0.00631975233685165
-0.0938726231631519	0.0926273089278732
0.0266475852599937	0.0243005431836328
-0.0512924246341261	0.0482629425611107
0.0572841512746742	0.0404764220611885
-0.666636427686449	0.296590742286788
0.900529131885807	0.571693927564636
0.955785949754055	1.08063587139304
0.276067194091562	0.325881069557678
0.348249938981631	0.404994248230375
-0.306123633986685	0.277188507758051
-0.326974707414209	0.425684122507823
0.548129997038174	0.755014473609174
0.270820820828571	0.378199051149696
-0.0360671675450627	0.0327141807763018
-0.419053667403744	0.559280642678041
0.472855150745028	0.483906233639443
0.037500329892663	0.0304253091457445
0.557962651455542	0.775833793217958
-0.450445178509919	0.581686586641285
0.0531323878332316	0.271546483348869
-0.0689959348683294	0.297129298003145
0.165948991263894	0.270719626477954
0.0702587251270901	0.110706739536149
0.438312646311907	0.780441492473979
0.227392651846994	0.243553356256155
-0.570502682852654	0.44282947425487
-0.276782554350649	0.480210153009565
-0.0117045155038066	0.0147813213861915
-0.715484325125096	0.425095151045826
-0.163552498614091	0.0628346621138116
-0.331939535601667	0.212797581315731
0.348560854366587	0.267797443901404
0.620157258071349	0.498180786954966
-0.454676770063758	0.331432908096553
0.770285052146023	1.06270842425315
-0.0100917995751239	0.0105005876034762
0.221938874383858	0.302605724784872
-0.104060276790977	0.120757826350937
0.15291488075614	0.200650753959771
0.151422298305895	0.180100984460833
0.0515548979803946	0.058154504788756
-0.125996356358538	0.135847991964968
-0.643700636088167	0.992077985848212
0.0914358597263255	0.087580031552545
-0.277763948579485	0.384407421453061
0.280012572624997	0.330041068881926
-0.40031875536167	0.551772590354822
0.488964916819181	0.648578677774124
-0.445570851976965	0.572344306679455
-0.00675623035458955	0.00616487358911481
-0.53013664739028	0.816544548038346
0.338467458806965	0.288711553132807
-0.205142299458795	0.0756011509375342
0.260491613757594	0.159547565891903
-0.209459075662003	0.198868356045473
0.146305253350947	0.167043515282305
1.04715125259907	2.3256257212081
0.0228679296712253	0.0202152548329911
0.177798564206457	0.195929010595525
0.467843966645826	0.699885078231232
0.314205841908587	0.435179639115162
-0.605828606503866	1.05410142620042
-0.08562993206119	0.0856427211314156
0.10809231073491	0.108955916427184
-0.71141554379735	0.996802594648502
-0.428890982748611	0.640640104415024
0.338070320279128	0.394705274936917
-0.000808299682386019	0.000656635358547362
-0.459801214545133	0.449730258621705
0.217365331408545	1.96224799074598
0.190514891949242	1.10981703428381
-0.443529528255935	3.17114358724339
0.179687501532423	0.835844530895323
0.209239670124387	0.492240570067498
0.0370352633625119	0.0804524676950162
0.0380584623886134	0.0699805415086115
0.192512089056839	0.43142007937717
0.658922367267667	1.38577823545135
0.011600605768393	0.0108559043382901
-0.0943041371332796	0.139302798893601
0.112751750475893	0.173625886719996
-0.212659005468216	0.396182900350482
0.00661154184144296	0.00846840726410832
-0.332674612677699	0.467283039321887
-0.179092311264066	0.186489962299296
-0.539643716185284	0.281246524273733
-0.342793602704372	0.351545801936798
0.903208784160171	1.46727685720997
0.778591585925011	1.15348856711297
-0.217708492739612	0.285580552743665
-0.0325682027216076	0.0359951821386626
-0.311695245792708	0.398416024817224
0.0772631239769636	0.0871564129892003
0.296397396818873	0.397318378614145
0.0477659611363227	0.053661486107687
0.334264943201996	0.502887237886719
0.705911360113017	1.24642036788769
-0.226454680920893	0.274201015363184
0.31642279456525	0.378820627007499
0.127054318142352	0.135080162888936
-0.165608914085343	0.160187710667503
-0.0213172533119495	0.019344849483323
-0.358724556485758	0.366129843347739
0.769289165452242	1.36573585356851
0.0317707959078411	0.0283595013077329
-0.278807028651548	0.351418380573181
-0.031057661107173	0.0281047536602336
0.632398083351597	0.640174017794783
-0.181655218252642	0.147684318711268
0.722134994870227	1.26893554998386
0.0340364740216455	0.0326165701751467
-0.452188589530999	0.548942806086034
0.0588136447568563	0.0521451689245981
0.126045959878534	0.129385236056484
0.843377817461794	1.49313755537694
0.185574799848508	0.208386443928946
0.00770605892192648	0.00646763656163978
0.228243164549541	0.269832595725808
-0.542272663077787	0.813033532536386
-0.175180165007486	0.197670699486632
-0.000320825823667481	0.0000828302588814963
-0.10488577258212	0.0988608767014624
-0.290525800290489	0.34196601470319
-1.07284014637052	1.56487720178104
-0.0589531732836283	0.317500289954096
-0.134113741579986	0.728206910746944
0.12347283944843	0.499377456398275
-0.113022779512579	0.376928586386524
-0.0633167147746887	0.143693584834774
-0.190477964066636	0.475346816759651
-0.14669240605374	0.326316589769461
-0.0912135641047386	0.171613226733938
0.18523811206524	0.329778321146889
0.118149875136783	0.183206580652929
0.0913126056959985	0.148940324873939
0.134693998007161	0.252951499125905
-0.138758387988085	0.238913717744413
-0.0610468787352663	0.0801037667803612
0.272211858480589	0.456964727303077
0.952630665823797	2.10780765184177
0.124247769498932	0.168292484519653
0.00332322649480781	0.00439067203800205
0.0484200942692065	0.0692336134241247
0.178594731720978	0.210050061683083
-0.0502601609208798	0.0563659559983951
-0.129260598885629	0.189344815411041
-0.29517875568848	0.436063255041863
-0.166147270528796	0.159963954035714
-0.301271055169863	0.32294633036448
0.000305806118548312	0.000210138148451672
0.579434002429811	0.610013331902183
-0.435528691333716	0.441281279146103
-0.550722703624075	0.525554475558863
-0.213187537707793	0.148607982236566
-0.354123470191175	0.298774314689706
-0.617996099161732	0.567316646388251
-0.159398355574442	0.115830938861318
0.589499758471863	0.69677774910018
-0.544554680274937	0.971087483048301
-0.441061433972803	0.702836791599804
-0.189387500801772	0.249073681699171
0.353659853946703	0.492313574403692
-0.613550965410856	0.889228048593138
0.486876249170415	0.506215064056214
-0.851633749742241	0.668067059695321
-0.649268257664917	0.469377165879995
0.735047502538777	0.660286314117814
-0.762149553057138	0.597010068507492
0.156251128892044	0.118177825654457
-0.458629752077938	0.334327102933139
-0.672280185580194	0.589472091021728
-0.853329251371114	0.766776465298599
-0.0376141054518833	0.0205688593639894
0.183974424478131	0.20008568476002
-0.166767310258057	0.163252545530025
0.062243284814761	0.0463449574187143
-0.0900290223619148	0.0610611164131354
-0.256246677522104	0.134883571662205
-0.563451862337681	0.430840653367726
-0.464838319295827	0.643057059005154
-0.248637694502682	0.270625512322305
-0.449292910388532	0.316457228776535
-0.523871554605476	0.35874143946559
-0.0817797820376403	0.506691589346608
-0.238989830917386	1.5519527491304
-0.681283847953349	6.50372095227123
-0.52465774752402	3.02332391025683
-0.135814338026978	0.29873834872402
0.0012184855046896	0.00223884788212287
-0.582772851718546	2.55207734019521
0.0179533538123156	0.0286496601477322
0.0321393355753274	0.045505935239879
-0.229402474948819	0.494920360483613
0.113966161016	0.193658628332825
0.22150403367059	0.501464445738674
0.382083044296324	0.861505838840158
0.388167614664534	0.649552018437336
0.386601910237223	0.712578461582246
-0.0430588296048263	0.0416936125716738
-0.421909238126747	0.718671222890432
-0.644182411658254	1.82977809564931
-0.00561077434323334	0.00754487363559311
-0.100856236581739	0.134524042039462
-0.266762655787135	0.369654684118406
0.187032748623652	0.237384760567497
0.126262428099042	0.148902597060018
0.0342461737691738	0.0415474119268969
0.0505882194238038	0.0607368343567846
0.177158838844426	0.156168347136582
0.121828800199946	0.0811541316032079
0.0972611142386094	0.0762361665320448
0.576093353388053	0.588568182828333
-0.433387165906161	0.340866741319352
0.044427272308041	0.0298863776880266
-0.668791457505967	0.574173632917328
0.0772236850729238	0.0762653054145975
-0.282962453286084	0.41083747238828
-0.868621056577181	2.33940287838283
-0.108241684930275	0.123988126520149
0.685733875045775	1.00071670868886
-0.294410798724628	0.14954762689948
0.336335854472291	0.227887192026966
0.349943254987174	0.282380069207572
0.510107375559293	0.374422601943746
0.623418904697334	0.62612972365641
-0.0217828455591945	0.0124738895624652
-0.190349209093959	0.136340244897196
-0.460008200967348	0.325941898308988
0.245355975070882	0.168735174106666
0.256999515892425	0.333713095303777
-0.0505482539287241	0.049450499435912
-1.47845102365581	1.79738832409592
-0.217621277630329	0.257240236936789
0.00743656760966345	0.0321725022364923
0.220788212885308	1.80943108643438
-0.230837426117537	1.18792714740525
-0.275790708873391	1.11249384706098
-0.229482444003938	0.790922720548483
0.00163544643016108	0.0032781025018683
0.573963464876936	2.11478794514649
0.128628077052629	0.265831078544146
-0.0805585577970639	0.157612187878859
0.0865681474334874	0.17600793601001
0.060172565879339	0.118920218890528
-0.200450435497285	0.459847065380877
0.0010368842417981	0.00156005438481967
0.106251864365333	0.179146033267915
0.244754155548126	0.459595899166896
0.121255442891084	0.225866281713321
0.00909038884739582	0.0147719833457052
-0.00759060631656956	0.00947914429037855
0.579288555350537	1.40587648190585
0.236925835160476	0.418391923167046
0.0583537657917809	0.082492104995892
0.114081969009073	0.114202939876287
-0.156599350060755	0.155553357735939
0.307546014210693	0.312530584781694
-0.59184116954763	0.672803411930089
-0.882821832808455	1.14586400145896
-0.10876275917964	0.0877104643192107
0.525689254422883	0.598692035717479
-0.21819834751906	0.336412164810732
0.158350223612879	0.204387109026771
0.308344423352818	0.523908854924208
-0.371050790329529	0.56601220246484
-0.587334848176845	1.00644651716059
0.313954783727652	0.295210701041618
-0.395900234850012	0.373729324888171
0.0926617047745438	0.0766765353655255
0.489196647999024	0.582615788660596
-0.497771264158211	0.569194375294677
-0.415410658279577	0.408938872808593
0.109375623738863	0.0948104515066846
-0.0925442651032624	0.0687783745161297
0.0337135128709809	0.0298964210691663
-0.236065614632887	0.273510722422531
-0.182954725677058	0.128264378931536
-0.317217420101026	0.289492727809548
-0.218716487185692	0.244116038427434
0.185826863257976	0.213106316495273
0.135431055422027	0.0990409013903
-0.398057283475199	0.282173102146335
-0.0128037989295988	0.0603983780127171
-0.31123039856749	2.32848872731818
0.0701314362521475	0.167814920390724
-0.0334312407588763	0.0726174800604278
-0.502354783681007	3.53472995735744
-0.0519333086653901	0.139029878111776
0.160444130010631	0.524206401186927
0.0347792927128983	0.0869245285033344
0.0462424296847692	0.116213753777556
-0.108833532654906	0.282526010789884
-0.0815865328463549	0.181097514072243
-0.0209445815484446	0.0396282328416161
0.0285758757929231	0.0476577167734099
0.0212780175167874	0.0329797640450681
0.0741970423579788	0.132466432359475
-0.0610191707097383	0.0847838197415496
1.17267256917252	1.34341000641702
-1.01005040946259	0.62926237021709
-0.0901034228323368	0.0425603376951143
-0.707092150847538	0.408589253261857
1.22054938663529	0.664435930690339
0.102992326685424	0.0463209909844761
-0.237499303443547	0.366531598261791
-0.181460707766617	0.334284579864059
0.155894394820681	0.296629243892166
0.215300054853876	0.226665081125719
0.387336352607019	0.378426064885007
-0.537882891151937	0.279150249642102
2.50998445122265	1.36437564324137
0.0842061130139982	0.0335397758901982
-0.15530022505575	0.065098897365886
-0.549428289377788	0.299737186304744
-1.55222964790554	0.820434099033133
-1.22066702787367	0.714808328295595
-1.09020272419055	0.439264735657733
-0.134173031748948	0.120737489303054
-0.222428644984141	0.248177214841496
0.762132821358429	0.317460831977872
-0.295021866176748	0.152310479298641
-0.585802186030424	0.235276241265227
0.00327195101370211	0.0140127356733696
-0.0224529584853043	0.0860400073471235
-0.404462393662661	3.25624419554622
-0.521336830725398	3.41244370250565
0.304782043003215	0.950459328229031
0.187557349230924	0.426093716157788
-0.264965910053721	0.80208763855002
-0.0443756536466857	0.0826092825651526
0.143239635208209	0.414254374973258
0.10477272989849	0.112000341153646
0.198687135523184	0.254077315005359
0.437129424234201	0.803712157879247
-0.136487151722417	0.186467343762479
-0.220120116587849	0.343016766980094
-0.105800888242858	0.111900246040618
-0.066830598993231	0.0632966306842251
-0.869842694193054	1.17180402419364
0.324010565902227	0.284838009989097
0.0460081890572178	0.0465175023176133
-0.274397736223857	0.277465588784913
-0.0976707133102563	0.0832961460031267
-0.123776394828751	0.137858258527554
-0.134462471659272	0.155062615283771
-0.938038948053739	1.20893825286237
0.680770136827519	0.751474645237981
0.133496291494122	0.0913320005721298
0.0466160862178083	0.0384607792950007
-0.671718449148045	0.547931171319144
-0.190197765413921	0.157171307416353
-0.305531883905246	0.2676472904773
-0.304880264452384	0.340847717348128
-1.00352373681154	1.817007109654
-0.399485585875991	0.405253991725569
-0.229344109142147	0.234425974546394
0.0785589544089521	0.0753390167716666
-0.259581252476287	0.197341956792485
-0.0385864773500056	0.184239816736591
-0.0495953603936503	0.210177870081045
0.198768581324039	0.77939699067604
0.72938535405234	3.35855629858728
0.625528408293722	2.24133325965786
0.233906813454692	0.621063371351392
0.153077531794217	0.180242883142327
0.0642401060666819	0.071738086390719
0.233395738283048	0.281754817515508
0.0928563903868967	0.111021774160124
-0.256253896638521	0.31418846664592
-0.940588001474727	1.56975089996373
-0.0673784840649371	0.046251894430515
-0.407870200739538	0.474676370802694
0.174021044556125	0.164723269944762
0.397020697405926	0.48753547556615
-0.544267449159186	0.694394050675988
0.804493156940189	1.10297870010312
1.02048021906005	1.17380721695563
0.0635807644061169	0.0657825776899625
0.0920084754508859	0.0936957388536345
0.0520339220367234	0.0454685424134911
0.167983246727184	0.152732584132209
0.5638290122251	0.684571533159054
-0.716801887120775	0.830727301557127
-0.726256206405609	1.03506776467176
-0.089227712284407	0.0685897682751681
-0.156687910759287	0.148060121922331
-0.566579845809619	0.729164793082489
-0.709446300450999	0.902557998310107
0.141718992505472	1.00690959374449
0.102348557263901	0.543762632561663
0.413622249961649	2.57504349013907
0.792758105643957	5.59065594574807
-0.187951190118826	0.739723251541204
0.31055005407585	1.24361674044858
0.010158641127102	0.0260947874170828
0.0633478783962803	0.0764718770706202
-0.0864649730131931	0.0934916776140986
0.210087772869508	0.307658609420088
-0.2245307005564	0.314544071612021
0.276849347544285	0.31607377065591
0.430765632478819	0.386782065206579
-0.808614807693256	1.16636764473055
-0.314251365296169	0.310875261385231
0.800310075128401	0.905447262628969
0.0490840110737552	0.0407573130259416
0.284682757157826	0.325297702913962
1.19935969967576	1.70370597229345
-0.713232058444807	1.14306184874724
-0.114576901866394	0.0950884996582549
0.154040401996721	0.1266404097622
-0.316264646396609	0.271427597266745
-0.527549189490676	0.45547026690998
-0.911265569901264	1.00199034243579
-0.497522299864983	0.390009762871675
-0.636876246066276	0.879231342409193
-0.140453931019972	0.117110206040453
-0.535367048466354	0.435392426735206
-1.33215474690735	1.45999651093841
-0.684440741664699	0.620789938068717
-0.0114266689512507	0.053336099710029
-0.0435875562455935	0.205194038999274
0.180978677897271	1.15596898428743
0.144994985599707	0.651145339076636
0.274828258292634	1.42613505821535
-0.172723072762504	0.305364982520223
0.539493897051727	1.38061665713202
0.502230349632715	1.21480558828751
-0.0804240641270216	0.116835428367794
0.238646971087786	0.183343274921189
0.111744868920908	0.0674920197933993
-0.390845882280072	0.24207413398808
0.649292985258417	0.41624523258429
0.148792287282733	0.165477345174878
0.113088151207065	0.167583407907851
0.134093569414451	0.145423406263392
0.105727493812497	0.0963320055729878
-0.394272282927216	0.293111121888682
-0.857526445464455	0.562524179687539
-0.339159927054293	0.213751696577028
-0.363261586903239	0.162728399526006
-0.361197080703863	0.168496397601321
-0.303434250411386	0.155461439045549
-0.071442216130129	0.0561774466192602
-1.10935515657698	1.43172937368588
-0.392841205484787	0.116190355727902
0.00573008483940986	0.0264996797596662
-0.227860672218217	2.18502165113628
0.256150131661226	1.62448501485312
-0.100808768033047	0.150390164870466
0.257701924772428	0.447185498819189
-0.0425440389891175	0.0648282344337973
0.0136126596592019	0.0152225963251853
0.257468009412695	0.149331794267611
0.302286478203316	0.144890300907461
-0.385839344660938	0.234316865838109
1.00358531344444	0.477042064594709
0.55038632925103	0.278092166626914
0.0829811557323868	0.114690015007336
-0.0889015937413847	0.0684495790617737
0.127210870206515	0.0320619849993893
-0.242798233477396	0.130305894137843
-1.56173220635248	0.57875292770744
-1.56008415203716	0.561885334253056
1.41302712954348	0.474622792105401
-0.167513765417587	0.101296586597102
-0.572430904905456	0.589768310101888
-0.0751100801017534	0.48950699458388
-0.126622828745989	0.874593636092601
0.058468230096341	0.0846362905945879
0.278410269479153	0.533484082103944
0.216690055812158	0.300387913374837
1.5348389242819	1.53822662766178
-0.310585928956755	0.145858790087656
0.33269365293906	0.149083407765384
0.222475074649624	0.259529874061644
0.374433166839391	0.853279338995325
0.245528858721806	0.208701769213408
-0.783949913526956	0.278891669070979
-0.708070106269941	0.441841825681416
0.618849939816202	0.201943652777816
-0.287800180609131	0.0930415055925875
1.10235312341748	1.11686791905876
-0.420210775872729	0.36032175686697
-0.6550038363416	0.165183216724647
0.0953944332205321	0.646290161451475
-0.162566956794712	1.22548491332738
-0.0225923668867064	0.0790211115739162
0.0365397958529131	0.0589151773520262
-0.100946423883358	0.156684818801023
0.184990296892738	0.337955452602925
0.0940385274001232	0.13448633775554
-0.198043802836116	0.305754227823091
0.105991163413543	0.0635850593036947
0.415051432738287	0.270882048628967
0.546132778096313	0.277397177359403
1.01139139647331	0.487440345749205
0.600325824405933	0.405198978196069
-1.39023708708539	0.885312176968204
-0.398854447582382	0.114748690920075
-0.764805168656166	0.69932385921118
-0.278608346146727	0.239595476983166
-0.139313621127309	1.11959716920229
-0.0739444210728227	0.400640364224772
0.0609274357043568	0.18303336727797
-0.0920162046858606	0.259077580690484
-0.0712479826152213	0.145408341134743
0.141781185543698	0.306693793890844
0.00872684321419383	0.012756678355711
-0.354728498957575	0.913562985677727
0.203052316149766	0.42004522632338
-0.207535518674476	0.366654025718159
0.301104561398511	0.145930338393505
-0.528681363505781	0.355431321655406
0.32925574200688	0.141564106921102
0.622076172115503	0.201430407091027
0.435264844666555	0.248687401883833
0.12887079245002	1.04029898449351
0.1178011481582	0.71553188332926
-0.0391191923493951	0.119797983679171
0.240158697920709	0.742787483085059
-0.367922720020253	2.43198737870729
-0.347846534833387	0.853147400244625
-0.090418585800614	0.166277975090104
-0.309734066101476	0.755799435006308
-0.302156322053481	0.822149759731738
0.329859348043415	0.811445097407043
0.420965986774098	0.462332591894079
-0.709503282502383	0.842771570839844
-0.00708566004812979	0.0314283882566589
-0.282674436938497	2.32342914886644
0.0259458416383823	0.0781837661761022
-0.438465512299523	2.76315441741911
-0.0801472744098753	0.230872834513467
-0.296194535494097	0.505464549060254
-0.0805376058951911	0.121932639228729
-0.0866484748571049	0.108123478781396
-0.434762724521342	0.712199426555328
-0.0227462332500892	0.102726747848725
0.0978565057345029	0.486837700824786
0.0111100844422462	0.034174748748869
-0.0236431265001698	0.0771847541546844
-0.0447556794170451	0.100941397707435
-0.261196853922687	0.448503143987113
-0.102365448198294	0.15540817214755
-0.703468315416292	1.65454360108983
0.0126465211441316	0.055690047231979
0.0324848756448674	0.131300656096974
-0.322272089176719	2.44183916713941
-0.393694425021772	2.07604121153724
-0.0855007474057719	0.21283625450521
0.0525865886601693	0.0754153071118908
-0.445166808834888	1.0009483659443
-0.67447011904599	1.66202510084948
0.0162358422647838	0.0687946339014686
0.0394807021428203	0.1660747828284
0.129765611452909	0.181145853920185
-0.0412673189752857	0.0563342490284621
0.0464109916327329	0.0606746787302529
-0.523694725473198	1.24801083241083
0.0238040039693862	0.105284732115777
0.251213672537423	1.61630847981882
-0.0176565669369013	0.0192810767114822
0.604762560417242	1.52222483992695
0.0543445615022852	0.0768634198784395
0.213158984438231	0.333797591113158
-0.355961113628852	0.681970434955688
0.00348327805962962	0.0157757318727615
-0.313803921560422	3.5212860105245
0.254936284635534	1.30086784241444
-0.0189152060052354	0.0356593846970568
-0.0597983322277035	0.115310505337951
-0.220507289023862	0.496870271833927
0.125934203510601	0.122471712179533
-0.00262800155232113	0.00198035890775502
-0.406856284795378	0.380313443727735
-1.27940307136084	1.94309940844075
-0.130345520808218	1.03712004466976
0.147429375615979	0.884844417436425
0.262033649132416	1.59321668936683
0.253326163404728	1.49846721087298
-0.00933818164982449	0.0244818261075387
0.105929218035321	0.274099755824525
-0.0252393032845559	0.0520023609145694
0.161838079530371	0.406424556461725
-0.317946680958653	0.840837901448423
-0.595997413271345	0.800931073205547
-0.702875992138929	0.776968336127665
-0.183170742282592	0.147849523937609
-0.00969747100449324	0.043545641616792
-0.159397083576405	1.1776916095793
-0.360184974130256	2.88569397730305
-0.241048537112573	0.862395130444453
0.0705064587374572	0.168984338904071
-0.343049271134843	1.32755668296262
-0.0399393275114838	0.0783927704973253
-0.151059806743462	0.34732519093073
-0.108473683911866	0.199312634010886
-0.0187854342237152	0.091234197750618
-0.314466868617792	3.17405435470227
-0.241445286927141	1.22476866531675
-0.170782731845119	0.560086431305371
-0.00598194870380093	0.0136770348795879
-0.127352898599065	0.333684039850885
-0.269260912349331	0.875772833997886
-0.124013968010463	0.23682152332323
-0.00590839852778651	0.0277576134440063
-0.384716588851653	4.63326280955895
0.0447575961074028	0.170623783129327
0.0404686846024657	0.10887565393546
0.099672098984951	0.277689872774013
0.0112625002245118	0.0237432789675334
-0.241031245424514	0.58135510559573
0.0383156370231513	0.0305048006373248
0.0455842382403818	0.241275380228301
-0.108993244450738	0.68210286571652
-0.205914098751565	0.956563716670388
-0.268068123192709	1.09536989616978
-0.171574443116287	0.513770402506396
-0.609351244998078	2.24417839597772
-1.21365737378364	1.03283800595923
-0.0305774312314076	0.150891388407266
-0.14216192137635	0.941989533179982
-0.144266715980772	0.695321319225444
-0.225584009487987	1.05144821856194
-0.138593461571773	0.393613629035851
-0.0295072549632078	0.154422016555377
-0.169633850650651	1.23569190861231
-0.310311486826607	2.24915036016544
-0.169286257917137	1.41274867518958
-0.110246232513203	0.66510681569523
-0.06389538395658	0.379564115236416
-0.283542261825834	2.4610768652406
