x	y	clickSelects
-0.05968399241048	0.899531431761508	24
-0.0126639729428599	0.616354798384768	141
-0.03000093890745	0.990512434979909	317
-0.12393281694902	1.14806034855084	317
-0.08324079490897	0.447865363040501	923
-0.12198221015057	1.16993834617948	141
-0.0196933721454799	1.92873510088833	181
0.074175525624828	1.52844856919454	181
0.039771499010158	1.1791058996626	181
0.060356583996702	0.941870747904294	181
0.049105835588147	1.66483997816062	162
0.099976506772664	1.32447631831997	655
0.016633179854569	1.38746232389171	530
0.075820619499592	1.20652238392799	609
-0.11868108019857	1.18477643819111	295
-0.07897382749813	1.19178677193746	56
0.051577571313526	0.890867928131073	56
-0.11448679904546	0.878119207669072	314
-0.0859562104745899	0.464313506493711	384
-0.0441418158602001	0.525250584919449	384
-0.0859562104745899	0.464313506493711	317
0.034439380150241	1.41601083217251	141
-0.0476251062240001	1.86592655416477	1007
0.032699148087162	1.33890084213159	181
-0.0880480329765701	0.444040648068345	181
-0.0769928546354901	1.33626797930236	181
0.098375730876283	1.07003082141297	162
-0.00666303785959999	0.645859471730558	38
-0.0910100417450499	0.464055649344474	38
0.025692650128983	0.785866896599866	295
0.00331105689070899	1.32782661574227	295
-0.0324654447498001	0.991178076034878	273
-0.1059015848137	0.864003013059167	214
-0.08591065802584	0.448197733425892	672
0.05236773221299	0.912173930082469	24
0.043528429100656	1.46474528959826	181
0.0466559020562261	0.87516647809465	162
0.088953562968476	0.980903829134166	162
0.047485078808039	0.894621413499308	362
0.121312389495108	1.11151183696723	38
-0.01441401498779	1.09426037065837	295
-0.00608361253503009	1.06423702949696	273
-0.0859562104745899	0.464313506493711	384
-0.03973009207678	0.531159476758536	214
-0.0133083808139001	1.06231955067801	181
0.067845883564577	0.946607420082727	181
-0.11051026873596	0.861446050366177	162
0.124800949550138	1.68310843107885	162
-0.05996636429067	0.93989547013316	162
-0.00986943738889989	0.643841059526592	362
0.109961954418248	1.38550376858532	1310
-0.0272344155662201	1.28474109608895	609
-0.06419284128515	0.960366674536471	1124
-0.0865541617505401	0.444732143795872	1124
-0.03865857466149	0.522225776061927	273
-0.08807253873759	0.447629913705502	239
-0.00550685621079006	0.593990810795573	396
-0.00347186127896992	0.589340928064456	396
-0.0418408785500901	0.544103513671898	384
-0.04333433366757	1.9308893239601	24
-0.0663173714408201	1.8632816642064	1007
-0.10425584457331	0.868083301789208	181
0.064862852979421	0.829471880280597	181
-0.0138383745602499	0.628473933775004	181
-0.0693388038837199	0.967595914465062	162
-0.0867603664005001	0.443197813012176	362
-0.0415741585009199	0.519948129779283	362
-0.0191460798483301	1.31522664285079	38
0.065102572286356	0.965373281003748	1124
-0.0647641364168701	0.941221338058468	295
-0.0429148899437499	0.54729497249711	314
-0.11959864363703	1.18571699491205	1541
0.036358880129821	0.840192417415836	396
0.018646944648209	0.681390488630132	14
-0.09176081865597	0.460935700988077	14
0.014872717620843	0.744800760196921	141
0.0165928760003941	0.753010338670411	181
-0.03835006124396	0.543804603495701	181
0.0889450834579421	0.975500539572081	181
0.00148435294707305	1.96376690905232	162
-0.0103441926015999	1.06668103067679	530
-0.0656948180138901	0.950619426426646	530
-0.0395781369081301	0.546432037397103	104
0.094429758692857	1.03689134510187	56
-0.0701368623051499	0.974589718979079	151
0.015195548988403	0.751064234629251	151
-0.0441418158602001	0.525250584919449	411
-0.00746439533566989	0.621735239313363	81
-0.03835006124396	0.543804603495701	81
-0.09171712387372	0.451816650294612	384
-0.0389640109343501	0.546862449269498	384
-0.0438333324067399	0.535963951230617	14
-0.0514426876937799	0.492200360457468	214
-0.00783616219521011	0.63708481508894	24
0.096117780741051	1.30545111033259	938
0.03930073083944	1.17434374149735	317
-0.04321952694306	0.534439052955912	141
0.018322267677011	0.718164153517611	141
0.105121732899476	1.0150203182442	181
-0.08115212347853	0.419227642634662	181
0.071511970930437	0.941397041697732	181
0.079139701599689	0.92599053097971	181
0.036318470145372	0.784422525887072	181
-0.0799886634398399	1.23658268093754	162
0.075640359328167	0.947308813975953	295
0.00509160217982796	1.26331898960713	151
-0.11445009259879	1.15772705276915	151
-0.03455897250528	1.00090679862345	151
-0.10989342338907	0.881410349811871	273
-0.0866692606869399	0.451957124311983	81
-0.0102627565253399	0.645487765218753	384
-0.08172933178793	0.432893365338661	214
-0.0874730691547201	0.458843139120776	214
-0.0381978778044201	0.544647620896677	873
0.032696780928786	0.776998958648077	141
0.097523183591269	1.01070493310601	141
0.00245735710231199	1.31182810951498	95
-0.04991828910146	1.88248828554613	162
-0.09357804560657	2.15542703985726	17
-0.08381815181506	1.37680939642009	530
-0.1027457861308	0.871080651071464	295
-0.0349728393059201	0.539077645117453	417
-0.03481855931842	0.525258317150982	384
-0.09025327399605	0.461739342382665	214
-0.0832855758440301	0.446664434606429	873
-0.0449854970744701	1.2346170303038	95
-0.02657354968051	1.47102406863736	95
0.033013957462368	0.825959088868535	181
0.069479078183204	1.24643195143262	162
0.00350756165198396	1.32869940388506	1310
-0.0394255329186	0.540387477789303	104
-0.0183955025712299	0.600738341436206	295
0.021044256547651	0.71968926135471	295
-0.08591065802584	0.448197733425892	683
-0.0394255329186	0.540387477789303	417
-0.08591065802584	0.448197733425892	81
-0.03758431411615	0.541615576906218	14
-0.0859562104745899	0.464313506493711	214
-0.0874281158288599	0.451484255457576	873
0.017765251749807	1.13657226326995	95
0.033982750852314	1.40692655351238	162
-0.06241592390463	1.43832730416328	162
-0.10904248078597	0.894256588454989	362
0.109551276659873	1.31405620920421	362
0.102838106961335	1.00970385997476	530
0.064301435716481	0.946241252907692	38
0.019537671108865	0.670715815004821	295
0.015940642298129	0.721893250908531	683
-0.0416886632818201	0.548094330790331	14
-0.08732491004469	0.445497671761072	14
0.116149688651348	1.65030368045212	24
0.022297803529579	1.3721809831018	181
-0.10493675131629	1.40839601396601	162
-0.04428199411012	1.24920857060114	362
0.022524982450564	1.36171904650088	530
0.012635247281652	0.732001792236116	38
-0.0394255329186	0.540387477789303	295
-0.0964865156074499	0.434539035182135	295
-0.04306753533004	0.551948431767965	683
-0.08671451389292	0.463788626028475	151
0.019399706566103	0.724846784133405	81
-0.00685656854654004	0.627733976832283	81
-0.0909597991886299	0.449647078344454	384
-0.10029918525854	0.893590339458045	14
-0.0396914091690399	0.541792578337749	181
0.091916392254901	1.00127796341743	1264
-0.0309804704687799	0.504226974694663	181
0.110357182580973	1.38142543324092	162
-0.08295637990495	1.44661164374888	362
-0.0434624110430299	1.39704363897355	362
0.013458906747096	0.738359327608823	104
-0.03835006124396	0.543804603495701	38
-0.0361979312346301	0.534919576539785	295
-0.09176081865597	0.460935700988077	81
0.036066310829089	1.74034205525061	24
0.101050245206939	1.33517546114393	24
0.106438345092364	0.992606202517094	141
-0.0701368623051499	0.974589718979079	181
-0.0873009961762501	0.446858572022381	181
-0.00607680015348011	0.644479564717747	181
0.089891371121161	1.38482949608035	181
0.033046872750082	1.43099054866984	162
-0.0217996043278399	1.21283018785563	162
0.121192836059729	1.09911460197986	17
-0.0473621916203	1.46927484874533	17
-0.12148817787953	1.19224054668455	17
-0.03743169351544	0.526081744940715	127
-0.0667171693790001	0.962721586429089	273
-0.08479742122496	0.430723677577902	273
-0.0380450463025199	0.525714201785332	417
-0.0881872236076	0.446898673795418	81
-0.0836117429241401	0.421495956469318	384
-0.0894967551352	0.450611506994057	14
-0.0370909504761601	0.523307404612924	14
-0.08671451389292	0.463788626028475	873
-0.0859562104745899	0.464313506493711	142
-0.09042415912455	2.0233156217472	95
0.031844651797269	1.6925490393275	181
-0.04368112636646	0.549505617712073	38
0.114108906215006	1.10877808972481	95
-0.0853627826430601	1.17829065985051	181
0.089690883207016	1.28596838257719	181
-0.04751724485153	1.86462933548379	362
-0.08172933178793	0.432893365338661	14
-0.0910100417450499	0.464055649344474	317
-0.04508578889228	1.28240036532111	95
0.0659558234940501	1.47092938794052	95
0.102664731683287	1.05315196161199	1007
0.011050503954354	1.11051373072984	181
-0.1110823192768	0.863321334005081	181
-0.1055681133446	0.891332662391771	181
-0.01624829843597	1.08098395801773	362
0.080281505684111	1.01412495876632	530
0.0655890514344341	1.21785967916867	530
0.119613406232747	1.08489646282498	38
-0.11679892258654	1.22359531433412	38
0.0151188418256	0.715895004598004	38
-0.08671451389292	0.463788626028475	151
-0.0860023641883201	0.447686671947522	148
-0.0394255329186	0.540387477789303	148
0.102664731683287	1.05315196161199	95
-0.03522460136572	0.984393222680518	1007
0.112892175283485	1.10763008667624	91
-0.00822650019708004	0.583574023453328	181
-0.0416886632818201	0.548094330790331	181
-0.10272486208811	0.920541395463536	181
0.045770462363645	1.96486943756651	162
0.00477213877377802	1.32679163337776	17
0.028048434038859	0.815507872092667	530
-0.0949697169822099	0.445658806946981	38
-0.0874281158288599	0.451484255457576	56
-0.04230168925147	0.549712780146479	81
-0.00549077855732993	0.639084272185793	81
-0.0355852979748399	0.538669182076956	81
0.072246992619506	0.965726084682945	181
-0.00356635167141994	0.601865447460401	267
0.032016135507138	0.799301734371498	181
-0.0851981587447901	0.460286451421787	17
-0.0909597991886299	0.449647078344454	179
0.035532983969323	0.840090090515711	58
-0.06954731434253	0.995857085780777	56
-0.03846777039731	0.542562382304674	56
-0.03865857466149	0.522225776061927	81
-0.0394255329186	0.540387477789303	81
-0.0389640109343501	0.546862449269498	81
0.01536790261014	0.721268128526979	141
-0.0984685306862201	1.57500466360405	141
0.012635247281652	0.732001792236116	317
-0.08324079490897	0.447865363040501	317
-0.1142583692843	2.16616500736216	1007
0.119583049699297	1.12842978579683	2830
0.032742588676707	0.816916876359416	181
0.0198995558895591	0.721682323238528	181
-0.1234137976906	2.14992117644243	17
-0.12498249019557	1.16440589637681	530
-0.09025327399605	0.461739342382665	179
-0.00889604277839995	0.640328153008853	273
-0.00629330528343997	0.632553136761778	273
-0.0349728393059201	0.539077645117453	56
-0.0392333784385901	0.531334889582806	81
-0.0866692606869399	0.451957124311983	1059
0.022312328383854	1.59944999229115	95
-0.03881161737441	0.54422365098043	181
0.01947621956954	1.14141918961358	181
0.00232205327201096	1.30405167648237	181
0.02016153343334	1.0664755190771	181
0.056246410122316	0.880665255858393	181
-0.0887382631909901	0.435707729971029	181
-0.10329312345172	0.924150770447074	362
0.032748853674772	1.16512701239879	530
-0.0851981587447901	0.460286451421787	58
-0.0645625706334501	0.952155314018753	38
-0.0859562104745899	0.464313506493711	273
-0.0059001981647	0.627800593312516	417
0.000957538519983037	1.06743319612491	141
-0.00909007412414997	0.646533605786127	317
0.119371019453597	1.54641093899734	1007
-0.00345477945771999	1.64399059101495	1007
0.078170896501552	1.24645981670458	181
-0.00850405741607996	0.641127990833274	181
-0.0866692606869399	0.451957124311983	181
0.1099053431007	1.04011835062443	162
-0.0874281158288599	0.451484255457576	17
0.014794963165803	0.717447571234195	273
-0.03758431411615	0.541615576906218	56
-0.0851981587447901	0.460286451421787	56
-0.0389640109343501	0.546862449269498	81
-0.0852446130257201	0.448144265405579	81
0.098508510487922	1.89814485130255	141
-0.06826252531775	0.946638632594345	141
0.056117102963971	1.40141651989431	141
-0.0773138433604199	1.38266778535458	95
0.016440341165281	0.703576261877646	1007
-0.0413449537011701	1.26691591763829	181
-0.07953042606171	1.19306906708658	181
0.08671801217495	1.01927918039041	1459
0.086081616942734	0.955332023523738	181
-0.000238251250400001	1.05208703647283	17
0.05595981258407	1.19266538615217	17
-0.0567517427011199	1.43382203822686	17
0.082304656195762	0.975826484932437	283
-0.03835006124396	0.543804603495701	58
-0.00889604277839995	0.640328153008853	56
-0.0949697169822099	0.445658806946981	273
0.031608225745236	0.775612001371588	273
-0.09171712387372	0.451816650294612	273
-0.0874281158288599	0.451484255457576	273
-0.04230168925147	0.549712780146479	417
-0.09171712387372	0.451816650294612	56
-0.0825300257201	0.447119644313728	650
-0.0343605551369399	0.536102609123761	650
-0.09422196050541	0.43703029595885	14
-0.00726054018172007	1.71765050912639	24
0.0547318657099219	0.905960162854067	95
-0.0424541194217001	0.550317353680954	1941
0.082376600921666	1.00009447172432	530
-0.0874730691547201	0.458843139120776	38
-0.0146191770478601	0.61029513360981	273
-0.0385015980402801	0.521644873197038	273
-0.0825300257201	0.447119644313728	417
0.084578747843295	1.02705736228154	95
-0.11024858645435	1.30203443455281	1007
-0.0622992809193701	0.933489528018926	1007
0.065183728669048	1.53057034874465	181
-0.0791394277977	1.24311997946107	17
0.012034183183169	1.69426604427232	283
-0.0349728393059201	0.539077645117453	58
-0.0471762642076901	0.530807915424968	58
-0.10528466604162	0.890740266278045	58
-0.01702281506748	0.605433546107266	58
-0.0852446130257201	0.448144265405579	56
0.031127303524685	0.815648270699887	56
-0.0882318764152801	0.44626620503097	81
-0.11731786133389	0.856383324573548	141
-0.07832335523861	1.61732579945455	95
0.027871217460846	1.34765323041272	95
-0.11430360036175	1.18111159246723	460
-0.00261834647320991	1.0667650758343	460
-0.12322032429636	1.18862276993579	181
-0.0722012176661699	1.19135493337606	181
-0.00434513014456006	0.623143309802101	181
0.022908553830478	1.74114926944217	49
0.0665714181353581	0.942570793827694	49
-0.0833587654004899	1.35384804592542	362
-0.11952038626749	1.73735589608684	530
0.064694063450124	0.8992295615018	530
-0.10842493620082	0.844337535039642	273
-0.10368766132896	0.874541766062618	2129
0.020865678939562	0.712403830500211	1767
-0.0083098786717799	0.638980085971436	81
-0.0346439963607901	1.57181786487627	95
0.038697758187016	1.45485646822053	95
0.045529646184245	1.75521937646769	17
0.034387972776143	1.71342054131262	17
0.00264383459246798	0.693491234101204	49
0.062153795376293	1.11689843535882	530
-0.10777243033878	1.41949265781003	58
0.042298256656258	1.18962641959084	58
0.05717546265984	0.857533183356055	708
0.018322267677011	0.718164153517611	708
-0.0318555848578901	1.05607273359042	81
-0.0390795031198901	0.544153882459545	81
-0.09023761545666	0.448018454998712	14
0.1128199948733	1.03768338632348	24
-0.11125475461843	1.42424215658193	181
-0.0860023641883201	0.447686671947522	181
-0.0398455024367299	0.532851101330166	162
-0.0873009961762501	0.446858572022381	17
-0.000253362135959945	1.36431327528812	171
0.041512059813772	1.3960482689645	17
-0.0744087874880499	1.15463941093694	530
-0.09723547703995	0.426334190628322	530
-0.0825300257201	0.447119644313728	17
-0.0859562104745899	0.464313506493711	644
-0.0920338325351999	0.430883137128951	283
0.036095569299734	1.12306914927521	58
-0.00783616219521011	0.63708481508894	81
-0.0415741585009199	0.519948129779283	847
-0.09023761545666	0.448018454998712	847
-0.0403446040756299	0.530778430357103	14
-0.04444731340373	0.533722729051656	14
-0.0964865156074499	0.434539035182135	334
0.07107568069432	1.50889432293423	95
-0.0909876005677299	0.445192950965475	181
0.015876588259821	1.11772171603614	181
0.055381319362106	1.80298124124787	181
-0.0431931350063799	2.03018009269264	181
0.011574376296318	0.742026674429852	49
0.06966628014688	0.959087593959808	673
-0.00872775738136999	1.07676132886055	283
-0.0852446130257201	0.448144265405579	58
0.110472723872465	1.02883795611306	58
-0.0987554899132499	0.859779621326576	58
0.109687145329928	1.01277769958463	2129
-0.09025327399605	0.461739342382665	708
0.102970204371353	1.05450111805305	1061
0.040494920942228	0.805794568905626	1061
-0.09023761545666	0.448018454998712	847
-0.10973204662759	2.19660862227873	95
-0.0395781369081301	0.546432037397103	181
0.052968835296778	0.879044201142287	49
-0.0832855758440301	0.446664434606429	171
0.079242143198954	0.85390615667043	673
-0.00371249137301999	1.34972866786699	58
-0.00784698614596002	0.611564432784076	708
0.0866165823381671	1.02766339057616	1061
-0.08515230768956	0.436720020286818	81
-0.0343605551369399	0.536102609123761	14
0.01741741091862	0.744342659334961	621
-0.0636545552540699	1.54715019291155	158
0.02802462144809	1.68208194575418	181
-0.0851981587447901	0.460286451421787	445
0.061633329962727	0.94197191547355	49
-0.0285838658538	1.75254904558702	49
0.090320520113692	0.96059255346755	17
0.0798963535796819	1.13914255431971	673
-0.03572886394383	1.64518852395285	530
0.088267279327563	1.01677911251283	530
-0.0844871127588201	0.44445435265624	56
-0.01344925425716	0.619069563357989	81
-0.03881161737441	0.54422365098043	2125
-0.0476361534104199	0.510973936269674	14
0.042217323470765	1.15663023648716	158
-0.0390795031198901	0.544153882459545	141
-0.0924746983982001	0.448931482585012	141
0.083004730901487	1.30943487093684	95
0.001237981504559	0.68763444348526	95
0.100031411794498	1.3179896338884	181
-0.00948242325636994	0.637979624823398	181
0.115363936890542	1.0851246955732	181
-0.11244945049751	0.884398979161878	17
-0.0859562104745899	0.464313506493711	171
0.067554046107917	1.53614961466151	673
0.006887004157622	1.33096309221175	58
0.064301435716481	0.946241252907692	58
-0.0395781369081301	0.546432037397103	1195
-0.0429148899437499	0.54729497249711	14
-0.0859562104745899	0.464313506493711	14
0.067196143123218	1.52373622726426	573
0.0128857061012529	0.743479943057878	24
0.010769474723048	1.57754372559218	95
0.118366561713909	1.02691856582294	181
0.084155342052465	0.984835392563939	181
0.072965789351735	1.59230190844668	817
-0.0866692606869399	0.451957124311983	171
-0.0170006589841201	1.28353162819136	171
-0.11122971608695	1.73953860664228	17
-0.0083098786717799	0.638980085971436	530
-0.00529620193272007	0.642361197783845	58
-0.06450214559437	1.00266961746297	58
0.038830998777817	0.81358999632903	1959
-0.04444731340373	0.533722729051656	356
-0.00307999549221005	0.624606367799077	81
-0.0403446040756299	0.530778430357103	81
-0.09176081865597	0.460935700988077	81
-0.0369650105300601	0.524074704270193	14
0.123897070516086	1.85641831192559	158
0.111221402623602	1.0722982567978	95
-0.00475157926771996	1.26731073690968	95
0.051673893941926	1.18867029551309	181
-0.03773628774416	0.536620637211489	181
-0.0396914091690399	0.541792578337749	181
0.026173518793345	1.84352866956097	49
0.103421952171049	1.0288947933291	530
0.033920873828812	0.838837125194982	1308
-0.0636815926227099	0.971241896570934	58
-0.0401924392581901	0.542557817612941	58
0.010770788401288	0.717388476085321	356
-0.04260589692092	0.528673935514298	81
0.016341893342332	0.744584079132688	81
-0.0859562104745899	0.464313506493711	1195
0.011894542022194	1.13594004052353	181
0.071483101644203	0.958056281228799	181
-0.0092675518443901	0.62729074506363	171
-0.00476915586913007	1.27889906013398	530
0.007134730277783	1.21570423586647	530
0.067506990142332	0.970272259577758	17
-0.0889465841794601	0.435187378590761	17
-0.0417074926301499	1.24144051265407	261
-0.01414618621476	1.09306203896707	261
-0.03846777039731	0.542562382304674	1959
0.058365069897958	0.877647601674289	708
0.022015046231217	0.674094131335322	448
0.033367604394838	0.842247152523222	448
-0.0130567376588799	0.63098749836093	356
-0.00752884996087011	0.616492976793972	81
-0.0418408785500901	0.544103513671898	81
-0.08444035854857	0.447981904928777	1195
-0.0924746983982001	0.448931482585012	14
0.059404006118473	1.82138162769299	573
0.113535080969815	1.36750991926548	24
-0.04715237097603	1.67454994830797	158
0.090275460059969	0.995950707998003	181
0.079166695956311	1.91283119576073	17
-0.0865541617505401	0.444732143795872	17
-0.0910100417450499	0.464055649344474	171
-0.03009439508405	1.03470999767382	283
0.000893297881175981	1.30407896846729	261
0.0157688209568611	0.749841251447407	58
0.075465651828507	0.937297437299989	58
-0.0118209268843199	0.623479319946027	58
-0.00453828868502004	0.624043969526903	81
-0.0844871127588201	0.44445435265624	95
-0.11017686632386	0.897673881588969	181
-0.0648411848958399	1.10374179032164	181
0.01231230558411	0.744675656081052	181
0.045002601423267	2.0634901426887	17
-0.10874862910731	0.902054386733414	171
0.097683510336089	1.04166503678173	673
0.040131214380865	1.37845364103496	1448
0.040402314410772	1.18886594410639	1448
-0.11988446326969	1.16766775229698	773
0.051908590160436	0.877209244008365	708
-0.10501901624904	0.843959863385403	78
-0.0403446040756299	0.530778430357103	81
0.013224574128232	0.720047768958481	573
-0.02532753850086	1.45436588313865	24
-0.0062681506978699	0.597708215224998	24
-0.0754468986815999	1.42678268710561	24
0.015326187689457	1.39425943826474	158
-0.10343226540478	0.854178734778959	95
0.086961543231478	1.01916251642504	95
-0.11477301094421	1.54805985846622	649
-0.0439570800320299	0.513603460175633	181
-0.02428055474219	2.21831648060466	17
0.00600418893020205	1.55572389989381	673
-0.10329312345172	0.924150770447074	530
-0.0825300257201	0.447119644313728	58
-0.02933227966969	1.02386002116427	773
-0.0150136444134199	0.623511475637097	448
-0.0866692606869399	0.451957124311983	356
-0.0881872236076	0.446898673795418	356
-0.0381978778044201	0.544647620896677	81
-0.03973009207678	0.531159476758536	81
-0.10719086959072	0.898087653826852	14
-0.0825300257201	0.447119644313728	95
0.073806674766464	1.49836140698717	95
0.099299023708677	1.01692471189082	49
-0.10820768114055	0.865853530923366	58
0.035201980016636	0.799120972904629	58
-0.00580798236016	0.593864334999796	1959
-0.00667648985918001	0.60946215550486	1466
-0.09176081865597	0.460935700988077	859
-0.0471762642076901	0.530807915424968	81
-0.04579823494708	0.529100522327899	14
0.089299151090744	2.04169396683779	573
-0.00558004113608002	1.05424445106411	24
-0.0349728393059201	0.539077645117453	95
-0.10719851442287	1.75297229752083	17
-0.04321952694306	0.534439052955912	17
0.013801226543676	0.737442234440192	283
-0.03835006124396	0.543804603495701	448
-0.04306753533004	0.551948431767965	166
-0.0859562104745899	0.464313506493711	2347
0.084139404815424	0.985701981551885	181
-0.0554535049095899	1.42186273367177	181
-0.0531759720735201	1.25296376412929	17
-0.11749224841188	1.18373289848801	355
0.041887844474497	0.787699629833207	56
-0.0465634043599901	0.531129657478768	1822
0.037643030622722	0.807743639933331	1372
0.039385814459279	0.81440653686489	484
0.104533446814814	1.39745591432797	938
-0.02970669308542	0.990748973491374	95
-0.02306273071053	1.32522305217638	181
-0.0608462001257699	0.962688396927314	17
-0.12194306632756	1.1382726023877	17
0.045138988266865	1.16698317266422	36
-0.0910100417450499	0.464055649344474	313
0.00347438730175798	0.691072880616335	484
-0.0268314095011299	1.31170870022335	24
0.00901700260679905	0.726583758445941	95
-0.0395781369081301	0.546432037397103	95
-0.0384945031853401	1.67370579675212	95
0.099968164821052	1.03786447426207	649
-0.07235252338997	1.41353991703076	181
0.117887363596001	1.0339995232323	181
0.078390247623915	0.882036732892662	208
0.02946008292575	0.813178572495498	208
-0.05067784316484	0.504672150752499	49
0.036867395607276	0.791677917285774	283
0.023683408164499	0.638298124040668	22
0.021633607582673	0.685984657888841	1962
-0.0471762642076901	0.530807915424968	356
-0.0403106979446299	0.523699906911906	1466
-0.0874730691547201	0.458843139120776	1372
-0.04230168925147	0.549712780146479	1372
-0.0438333324067399	0.535963951230617	95
0.054052702159028	1.22451908231083	95
-0.0125074545435699	1.04902463291341	95
0.110543809152669	1.10445611586056	95
0.031877557982624	1.16334573789584	649
-0.0147583938537801	1.55991874491183	181
0.00524315186715096	1.62563694912855	23
-0.11455867329191	1.37537539733878	355
-0.00607680015348011	0.644479564717747	283
-0.0355852979748399	0.538669182076956	727
-0.0337484453769901	0.529123248784704	486
-0.0881872236076	0.446898673795418	78
0.108151081910796	1.83185874962412	158
0.0128857061012529	0.743479943057878	95
0.013481728824548	1.63455085415745	649
0.079125301356114	1.26456492907195	181
-0.08346050141398	1.22824898861766	181
-0.0355852979748399	0.538669182076956	23
0.073302112158723	0.956650910416613	208
0.110595436498531	1.10823700853668	17
0.065115500528482	1.91886238503784	49
0.111774220539026	1.05680756090072	171
-0.00425832179630992	1.10815842110645	261
-0.0104557391415401	0.645207537661278	1962
-0.08404137429543	0.44218427211267	727
-0.0416886632818201	0.548094330790331	1372
-0.0381978778044201	0.544647620896677	78
-0.0678522696785	0.980242968239123	95
-0.01149957651261	1.06354503165294	95
0.067335561746757	0.943889262226491	208
0.0798326857699611	0.910946833383572	208
0.0746788832295791	0.944675917446599	36
-0.0805018295915101	1.21904911348463	36
-0.0345139745865	0.518542009891759	283
-0.00512307861776007	0.63030199554192	283
-0.0851981587447901	0.460286451421787	1372
-0.09025327399605	0.461739342382665	1372
-0.00610059103667004	0.62176083698226	486
-0.04306753533004	0.551948431767965	78
0.0978839993594151	1.74940932514423	938
-0.03351191963918	1.00306583569129	95
0.123022131388811	1.13107767794585	95
-0.10419710901985	0.872072082584076	95
-0.0952491550076799	0.789126791213711	95
-0.11207772759065	1.17751536232547	734
-0.00951329319049998	1.02468592638434	2316
-0.03228097921367	1.01818381605832	36
0.038548167425622	0.817572493523482	36
-0.03846777039731	0.542562382304674	486
-0.0379868176888001	0.488311024887834	486
-0.00610059103667004	0.62176083698226	486
-0.08671451389292	0.463788626028475	81
-0.09025327399605	0.461739342382665	78
-0.0349728393059201	0.539077645117453	78
0.0133997737335479	0.704613950471371	95
0.027492281509966	0.814690072893852	181
-0.0852446130257201	0.448144265405579	181
-0.0910100417450499	0.464055649344474	977
-0.0289816338140401	1.95834325804677	734
-0.0855098572609401	0.431413453126489	734
0.090372151494398	1.01468157983613	49
-0.04106621807426	1.23066486968243	17
0.114351265728365	1.51274315977833	17
-0.03835006124396	0.543804603495701	261
-0.0858075296213101	0.43457051305456	261
-0.00985493959145001	0.626840644714084	1426
-0.0860023641883201	0.447686671947522	78
0.08913641641103	2.01768144256302	938
-0.0910100417450499	0.464055649344474	95
-0.0874730691547201	0.458843139120776	23
-0.00868038086694001	0.623628112006791	36
-0.0910100417450499	0.464055649344474	36
-0.08172933178793	0.432893365338661	58
-0.03081683971347	1.51972955192337	55
-0.11083567177305	1.36335415393675	55
0.084869973562056	1.2965232135613	35
0.023633982771174	1.10438170647023	158
0.021594832417465	1.13285630566452	158
0.02027285126445	1.36856596962493	5
0.053133311878405	0.867052844614598	940
0.012061961581038	0.73700874022847	95
-0.06450214559437	1.00266961746297	95
0.031063185982837	0.823541506203045	95
0.029445095847901	0.8221787523264	181
-0.0205950533991901	0.569739958123101	977
0.039940455147533	0.811842230606171	17
-0.03911575676273	0.528313878992619	17
-0.11555462776335	1.21349113302556	49
-0.11155509148367	1.36809836603142	36
-0.08807253873759	0.447629913705502	22
0.040351994408872	1.11100292199678	181
0.104798327743252	1.05239630695223	754
0.030000760154637	0.814667077291556	977
0.071342753477747	1.58466420422453	734
-0.0943949062526399	0.826379742313134	49
-0.03637652091995	1.03827888544827	96
-0.03835006124396	0.543804603495701	93
-0.0394255329186	0.540387477789303	390
-0.0408069180773201	0.534703182808431	784
-0.09023761545666	0.448018454998712	1527
-0.0429148899437499	0.54729497249711	156
-0.0832855758440301	0.446664434606429	35
0.102970204371353	1.05450111805305	181
0.122871059499832	1.1211261887264	49
0.028505830013167	0.799133362885497	17
0.116920304803886	1.98081810669665	2173
0.029909992279434	0.832080729685164	36
0.049460594238566	1.19929676246781	36
0.0198995558895591	0.721682323238528	58
0.00305340774154195	0.578373857612905	93
-0.0477892980021299	0.525889695580142	93
-0.00627047826567995	0.62268290321454	390
-0.11420122981638	0.877188649887297	784
-0.00889604277839995	0.640328153008853	784
-0.0116870962754001	0.620352037731766	784
-0.00412451224301003	0.626819946704968	1028
-0.0910100417450499	0.464055649344474	55
-0.08553586230911	1.63474524605377	95
0.049985977251224	0.8718837835819	49
-0.10043411282977	1.01505676001641	17
0.05124025798837	1.49715551413328	17
0.034963238382582	1.4158890531605	36
-0.00700802633076991	1.10068520851093	58
0.08629763064269	0.998591212605811	93
0.027158743897189	0.740786129981455	918
-0.0817747237733	0.443434174356338	1527
-0.0889465841794601	0.435187378590761	156
-0.0881872236076	0.446898673795418	1957
-0.0887952722291701	0.433671095795841	35
0.050838676700839	0.906061025086579	33
-0.04321952694306	0.534439052955912	5
-0.09571767613917	0.445404274940177	181
0.010770788401288	0.717388476085321	17
-0.0839968998521301	0.44740735851017	36
-0.02785482033188	1.27397093417782	22
0.01231230558411	0.744675656081052	93
-0.0993243671474	0.853043751497313	93
-0.08591065802584	0.448197733425892	1028
-0.0361979312346301	0.534919576539785	156
-0.0395781369081301	0.546432037397103	78
-0.0235776210243099	1.79410687159896	95
-0.000851352179310094	1.78333797538378	181
-0.0497263877490199	1.28668611107333	977
0.092982297615587	1.77776529242863	17
-0.12032822015815	2.17162830839545	49
-0.0032731224948499	0.630301657731701	49
-0.08948783635861	0.445889528865871	17
-0.00563586151933992	2.02419520546169	2173
-0.09422196050541	0.43703029595885	96
0.113566358363582	1.0602622105928	261
-0.0032731224948499	0.630301657731701	390
-0.0920338325351999	0.430883137128951	1077
0.018408931097993	0.682341345656788	55
-0.0860023641883201	0.447686671947522	55
-0.0866692606869399	0.451957124311983	78
-0.10828650992825	1.80581065121918	189
-0.09025327399605	0.461739342382665	125
-0.00353899110877998	0.60677530670978	625
0.052364989710158	0.839795836757561	977
0.069812464407328	1.85224599872309	2173
-0.06904436486591	0.981100991659254	58
-0.00687874231220009	0.628856299952992	93
-0.04306753533004	0.551948431767965	1402
-0.0429148899437499	0.54729497249711	156
-0.08248493893804	0.444169088958905	55
-0.03773628774416	0.536620637211489	55
0.030078087760757	1.65412125649527	17
-0.0984742682502599	0.869557625909269	17
-0.10038700481562	1.61041461282241	17
-0.10960958135234	0.898633143911716	252
-0.0102627565253399	0.645487765218753	156
-0.08444035854857	0.447981904928777	156
-0.08671451389292	0.463788626028475	156
-0.08671451389292	0.463788626028475	78
0.081536619127725	0.88926165605661	5
0.039940455147533	0.811842230606171	181
0.0185781467153729	0.704201883345478	181
0.084196251572528	1.24175060405819	789
0.116279342389734	1.09738656322079	23
0.048794297124904	0.881536884051417	23
-0.00824941287711001	1.3166039365526	17
-0.0393615532343901	0.49224527888763	17
0.038548167425622	0.817572493523482	36
0.034693448700961	0.843450994775667	96
-0.10194408123118	0.862966669969185	2723
0.040233920213179	0.860845666428366	224
0.07147760779321	0.920408310525737	22
0.027617586900017	0.642358474723879	22
-0.0670963946987899	0.9713754994213	93
-0.01423186719326	0.625959718630449	93
-0.0949697169822099	0.445658806946981	390
0.00706589984931105	0.71340975092148	390
-0.0874730691547201	0.458843139120776	55
-0.0401924392581901	0.542557817612941	78
-0.09171712387372	0.451816650294612	78
0.016434599756627	1.15404981125054	181
-0.0187659786869501	1.50548967897905	23
-0.0797005179066499	1.63047674010682	23
0.00716544074966496	1.60779529723602	17
-0.03646455431083	1.02113247427425	49
0.110478367552588	1.54828244300507	2173
0.070883995871884	0.914157345659701	36
-0.01173421679315	1.07887609644387	36
0.04766785096283	1.18101797045097	96
-0.07853948674996	1.46198918310197	224
-0.00512307861776007	0.63030199554192	58
-0.1036049256225	0.906494950952324	1001
-0.00948242325636994	0.637979624823398	93
-0.03835006124396	0.543804603495701	82
-0.0866692606869399	0.451957124311983	55
-0.0859562104745899	0.464313506493711	35
0.040646322886109	1.1821436218664	1498
-0.07767411533501	1.37494372692983	23
-0.04258022199278	0.524049931773838	23
0.040682666176361	1.39420018506509	49
0.00157305994255996	1.33429004649626	36
0.091190415329342	0.981924609292876	58
-0.10523012561351	0.884960211137256	22
-0.00317590061091999	0.606729782529341	93
0.01536790261014	0.721268128526979	34
0.013972996356542	0.711564660165012	390
-0.0442948926223701	0.542593664826433	156
-0.0888203708736499	0.44480137415122	28
-0.0144259008827901	0.628024028948659	1066
-0.03773628774416	0.536620637211489	5
-0.01286165121986	0.623507538985515	327
-0.02661846370548	1.26772535804541	939
0.082974803163463	0.990591956016218	189
-0.0909876005677299	0.445192950965475	125
0.063635980323717	1.15875515347944	23
0.034692886961912	1.41759495583527	17
-0.00832666149200989	1.07901558993935	49
-0.00846536857033997	1.07983648592886	49
-0.03881161737441	0.54422365098043	17
-0.02403949728421	1.22482987401759	2173
-0.0874730691547201	0.458843139120776	261
0.03719461099063	0.79368756248177	224
-0.04444731340373	0.533722729051656	58
-0.0860023641883201	0.447686671947522	58
0.018202150251674	1.87968255450406	938
0.100011926890227	1.00756820979264	146
-0.11219255162266	0.878910748034471	1498
-0.0395781369081301	0.546432037397103	181
0.070863787065843	0.95273168753332	181
0.035248767558288	0.846389185622084	23
-0.00655268309613	0.604039373450277	23
0.041830334825833	1.13612966739469	17
-0.0104557391415401	0.645207537661278	17
-0.10582700714616	1.62201616781811	726
0.055547677744724	0.85398311974701	17
-0.02956078596584	0.924023769692176	36
-0.0910100417450499	0.464055649344474	58
-0.04579823494708	0.529100522327899	22
-0.0825300257201	0.447119644313728	180
-0.0859562104745899	0.464313506493711	82
-0.0874730691547201	0.458843139120776	156
0.019719933416406	0.718309489417318	939
-0.0737845855794199	0.958134501166086	181
0.051700970950938	0.917583106638106	1382
-0.03681851620822	0.523290264409842	832
-0.10411778135088	0.919954662452101	22
-0.0851981587447901	0.460286451421787	1432
-0.03835006124396	0.543804603495701	180
-0.0851981587447901	0.460286451421787	93
-0.00694297101580998	0.611669475531711	93
0.018504142380173	0.725782691328308	34
-0.0416886632818201	0.548094330790331	34
-0.04368112636646	0.549505617712073	34
-0.0866692606869399	0.451957124311983	1012
-0.09171712387372	0.451816650294612	1023
-0.0859562104745899	0.464313506493711	78
0.058879678067157	1.20215483472109	469
-0.0993418708687599	2.00577566762989	146
0.068866110394824	0.941819151755188	146
-0.0656699222169601	0.993928555652158	491
-0.0631271411605601	0.92781498190114	795
0.040266307013561	0.810256466962484	1498
-0.00909007412414997	0.646533605786127	23
0.060457370812622	0.864685305086925	1382
0.116717035752958	1.11538628658804	726
-0.00471024913501994	0.637001941905086	17
0.036074953118012	0.823421020735172	34
-0.07973921837572	2.25636243378356	938
0.039940455147533	0.811842230606171	189
0.069618872120494	0.949712833905495	23
0.01825467188777	0.726860734488808	23
0.076657372711251	0.9494240363604	17
0.049485708507971	0.903553383582537	17
-0.0476718315012701	1.28059040764339	36
0.032186856313962	0.810570186196694	36
0.015617411374228	0.714657139812764	251
0.007868531935182	0.729337808639835	1048
0.057222332882808	0.899126609886521	832
0.019076875308734	0.729758054715	224
0.00977345703657995	0.71657903388245	1432
-0.0852446130257201	0.448144265405579	252
-0.0424541194217001	0.550317353680954	34
-0.0832855758440301	0.446664434606429	121
-0.0949697169822099	0.445658806946981	2027
-0.0839968998521301	0.44740735851017	156
-0.04641070086757	0.528783779537568	78
0.0723084572096771	0.940805799579935	327
-0.06818786817101	0.982068270679415	1498
0.035757294076492	0.799878239326982	23
-0.1134590202341	1.1219155108866	23
0.083374488517448	1.00598643377348	364
-0.0381978778044201	0.544647620896677	180
-0.0859562104745899	0.464313506493711	180
-0.0083098786717799	0.638980085971436	252
-0.00493006808193996	0.625817276529766	156
-0.0866692606869399	0.451957124311983	194
0.101087264691078	1.46247756665734	24
-0.0198089223814799	0.571636550492706	795
0.037433460018776	0.778173008977257	181
-0.0910100417450499	0.464055649344474	1819
-0.1082408315482	0.883873909187859	23
0.017108839308856	0.71563185816188	23
0.06914623854128	0.908426055973869	17
0.03491962304053	0.799264482212709	36
0.00754534640912397	0.721678902140688	36
-0.00490497292316006	0.628833175866884	36
-0.04321952694306	0.534439052955912	251
0.000519028419019962	0.597874924956628	129
-0.0859562104745899	0.464313506493711	246
-0.0410758119438599	0.541935079610571	34
-0.0810196698532799	0.432193569930523	34
-0.08591065802584	0.448197733425892	2346
-0.0866692606869399	0.451957124311983	121
-0.09052404276587	0.422250094583328	150
0.03491962304053	0.799264482212709	35
0.095641222211065	0.959243021112305	937
-0.00190945786161989	0.62873971126547	125
-0.0409592928525999	0.527210165830047	23
-0.07552034820448	1.21142351538893	23
-0.00229555777196011	0.606446898896897	17
0.03826812815735	1.43533507362454	117
-0.0661740853373001	1.88686391841221	2529
-0.0378562109118601	0.536523328770437	36
-0.00687874231220009	0.628856299952992	1104
0.053538118154285	0.916372956746306	34
-0.00541689867319994	0.584704188829184	34
0.055716371989738	0.873115530629902	146
0.00959093759619001	0.718798506830631	795
-0.0315912542666099	0.503917609973454	1498
-0.0203983742362299	0.576073087125175	125
-0.0410758119438599	0.541935079610571	23
-0.0424541194217001	0.550317353680954	17
0.063889750802081	0.951291379039578	2529
-0.06528052808468	0.968976853863029	832
-0.0866692606869399	0.451957124311983	462
-0.0874730691547201	0.458843139120776	22
-0.0852446130257201	0.448144265405579	93
-0.00666303785959999	0.645859471730558	34
-0.08404137429543	0.44218427211267	35
-0.10344814406636	1.53371944909257	125
-0.0964865156074499	0.434539035182135	23
-0.03573914275311	0.52798270462272	23
0.037705076029702	0.784958363605574	9
-0.0490799627532299	1.27085785183808	9
0.105880263247587	1.04143508518779	117
-0.0403446040756299	0.530778430357103	2529
0.060045622186564	0.861521974083797	832
-0.0881872236076	0.446898673795418	246
-0.03881161737441	0.54422365098043	22
-0.00705535724069994	0.635023580514431	93
-0.0851981587447901	0.460286451421787	34
-0.0351264712641799	0.525157714854205	34
-0.04579823494708	0.529100522327899	34
-0.0442948926223701	0.542593664826433	35
-0.0910100417450499	0.464055649344474	146
-0.11017686632386	0.897673881588969	146
-0.0894967551352	0.450611506994057	45
-0.0910100417450499	0.464055649344474	1819
-0.08324079490897	0.447865363040501	23
-0.04306753533004	0.551948431767965	23
-0.04107027172198	0.524306547795451	23
-0.00765606432486998	0.626381611036922	17
-0.00490497292316006	0.628833175866884	117
-0.09422196050541	0.43703029595885	1013
0.055385913250863	0.879891946898102	17
-0.0924746983982001	0.448931482585012	246
0.01708552291413	0.713313546824284	156
-0.10523012561351	0.884960211137256	156
0.037046941716246	0.764087466491365	35
-0.06244677585676	1.39812191964246	327
-0.0859562104745899	0.464313506493711	1320
-0.0865541617505401	0.444732143795872	1320
-0.04230168925147	0.549712780146479	45
-0.0858439643181399	0.411923350003108	23
0.029170737379183	0.796401484245883	1819
-0.00968460438600993	1.53150035610588	23
-0.0465634043599901	0.531129657478768	23
0.088583336855344	0.99446500078721	17
-0.0461526473387	1.27726435058216	36
0.03801386339367	1.18374087066122	129
-0.0416886632818201	0.548094330790331	93
-0.0839968998521301	0.44740735851017	156
-0.00463631101747009	0.611014936596623	35
-0.0851981587447901	0.460286451421787	146
-0.0206424654913999	1.32536713871661	45
-0.0206311989871399	1.99151886638626	23
0.105416031364068	1.04450548556708	23
-0.08248493893804	0.444169088958905	359
-0.00288042277296996	0.612298152008926	9
-0.00346550321576	0.614873236617284	17
-0.04334552600027	0.513881329073286	1013
-0.10647013292854	0.853821878572981	93
-0.08591065802584	0.448197733425892	932
-0.0874730691547201	0.458843139120776	78
0.074158689164865	1.18280059081918	35
0.0821054940092541	0.967007197256343	146
-0.0115248396234899	1.10478243288377	146
0.0780075484876021	0.964180796171681	146
-0.0229223853692999	1.28787476636904	146
-0.0303698593811099	0.50167884960945	1320
-0.0859562104745899	0.464313506493711	45
-0.00570808410128998	0.633044876251177	23
-0.00588237078404008	0.643733208265547	432
-0.10693498993868	0.909885560142051	359
-0.0709946837542601	0.996798248433636	23
-0.0381832054420801	1.03820137356806	23
-0.03769295173336	1.05332559411418	9
-0.0718538781995699	0.987513981198819	9
0.030223900643337	0.813685787347542	303
-0.00509874051070991	1.34898340471988	303
-0.11504467584513	0.843517878104566	246
-0.0860023641883201	0.447686671947522	1070
-0.04319138074111	0.523745176021538	2603
-0.0851981587447901	0.460286451421787	2603
0.014945245624658	0.727458368510997	1086
-0.0442948926223701	0.542593664826433	156
-0.0424541194217001	0.550317353680954	667
0.050796625064186	1.20410377204715	146
0.074342298351798	1.27182270134973	146
-0.0176426641562799	1.78931736785602	191
-0.01461212727906	0.601538110167434	1320
0.051378243507597	0.871091199662162	45
0.012563104278855	0.739092523963841	359
-0.00948242325636994	0.637979624823398	359
-0.0381978778044201	0.544647620896677	359
-0.0088761438482301	0.61701934213083	9
-0.0735498596764299	0.966813745936632	2730
-0.042996507299	2.09911439735664	2529
0.0766063487077731	1.45798869035311	17
0.063718478309735	1.22500331795298	36
-0.03911575676273	0.528313878992619	246
0.03251989321472	0.845594081506867	252
0.055458669445751	0.911612674554499	93
0.034364176295854	0.798511236216113	1086
-0.03743169351544	0.526081744940715	132
-0.09609610298198	0.851788799288514	379
0.111960321312986	1.46853226799046	146
0.011488475922894	0.738183729317338	191
-0.0985967692607901	0.87831510323327	45
0.080622943700255	1.31343090794888	23
-0.0412042859953601	0.507724169366473	359
0.090212679431727	1.00283191509597	23
0.064226949442503	0.960978128445225	9
-0.06873383999853	0.980919403938616	303
0.093098936343663	1.30771978379917	17
-0.08133689991852	1.21838783041467	251
-0.0424541194217001	0.550317353680954	904
-0.05067784316484	0.504672150752499	93
-0.0881872236076	0.446898673795418	156
-0.0874730691547201	0.458843139120776	156
-0.08671451389292	0.463788626028475	35
-0.0606387908169801	1.46542881335748	1830
0.02361378837969	1.37987025663827	45
-0.10189982069488	0.909526024175898	432
-0.07678511822905	2.04605840311661	23
-0.0553055437969401	1.61279680934056	9
0.089765439579836	1.30260273136546	9
-0.0625320596005401	0.972221972820936	819
-0.0142063787672	1.27923603445093	819
0.101337961391047	1.00525064037046	36
-0.0395781369081301	0.546432037397103	93
-0.00707055975299009	0.630031799782507	2603
-0.00687874231220009	0.628856299952992	93
-0.0389640109343501	0.546862449269498	2589
-0.00522203867214999	0.604396905139173	132
-0.0342064887528599	0.525626367941855	156
-0.0894967551352	0.450611506994057	78
-0.0369709262172699	0.534494812965862	143
-0.0874281158288599	0.451484255457576	61
-0.06334689441748	1.60918679852351	146
0.057150830994896	1.20391836559614	191
0.010582732283134	1.27848748381781	506
0.064257465120153	1.14434071442354	23
0.00715912265212004	1.35554649692456	23
0.0990778550728491	1.50151418220278	23
-0.09808492192439	0.851205345608547	23
-0.10667865595703	0.905127454414839	23
0.012810880498654	0.695500359506948	9
0.084296379002158	1.19181428120516	9
-0.0336578661383	1.0560214527838	1943
-0.10346309087885	1.60724311079605	36
0.11605958756961	1.07310062201796	129
-0.01044254425693	0.622313003677524	2021
-0.0859562104745899	0.464313506493711	156
-0.00590712691488005	0.594352540745273	156
-0.03881161737441	0.54422365098043	379
-0.01200770725329	0.608952192468867	379
-0.03881161737441	0.54422365098043	35
-0.0860023641883201	0.447686671947522	35
0.013648233471856	1.12132523893832	191
-0.000957122585159897	1.00676665266348	191
0.0906027292918919	0.974207549181616	1830
0.094726388554772	1.05876776409986	506
0.050916999297152	0.885268644961799	45
0.013445413081084	1.12754132200743	23
0.083202948963639	1.02828445354627	23
0.00523800181946399	1.78575794186711	9
0.00151222431408105	1.36541313078643	9
0.00346622935627405	1.02540598851816	117
0.080361704774119	1.61492849438957	36
-0.00607680015348011	0.644479564717747	463
0.038588178700911	0.816036885554215	93
-0.0860023641883201	0.447686671947522	1986
-0.00629330528343997	0.632553136761778	132
-0.08671451389292	0.463788626028475	132
-0.0859562104745899	0.464313506493711	132
-0.0881872236076	0.446898673795418	156
-0.0859562104745899	0.464313506493711	156
-0.0851981587447901	0.460286451421787	78
-0.0817747237733	0.443434174356338	379
-0.0852446130257201	0.448144265405579	35
-0.10775943905417	0.901472654193645	45
-0.0836117429241401	0.421495956469318	23
-0.00889604277839995	0.640328153008853	9
0.11507703103663	1.50091359183831	117
-0.0910100417450499	0.464055649344474	251
0.0934407982420981	0.971077349028188	36
0.0561298740577481	1.22129312714045	36
-0.00353899110877998	0.60677530670978	87
-0.0866692606869399	0.451957124311983	904
0.085130579543047	1.2755572168628	93
-0.0865541617505401	0.444732143795872	132
-0.0401924392581901	0.542557817612941	156
-0.0874281158288599	0.451484255457576	156
0.005916114381331	0.712239924745857	379
-0.0350401680744099	1.0715683071475	35
-0.00434513014456006	0.623143309802101	35
-0.10832820330758	0.900500682255841	191
-0.0409157416050501	0.520202428852474	463
-0.09495015449327	0.431089768809382	93
-0.0867603664005001	0.443197813012176	132
-0.08671451389292	0.463788626028475	143
0.088552076876369	0.959469811748786	506
0.014622077309865	0.748383889702645	45
-0.11780823527875	1.1141308938788	23
0.012078036614958	1.11720749242828	23
-0.10796453807401	1.57678633734423	23
-0.03470222493464	1.06260047875878	23
0.015446303455055	0.75152636179251	23
-0.05941839276617	1.47194828669866	9
0.0723266897785489	2.11867150907068	9
0.079720294475807	1.92282924642369	9
0.08621191455521	0.949267809953436	36
0.014812844473602	1.12600342802975	819
0.099559563195229	1.06192058548924	36
0.036927839262399	0.828966710354635	36
0.040778239154931	0.798939317488837	87
-0.0395781369081301	0.546432037397103	904
-0.08324079490897	0.447865363040501	93
-0.0859562104745899	0.464313506493711	156
-0.08671451389292	0.463788626028475	156
-0.09023761545666	0.448018454998712	156
-0.0429148899437499	0.54729497249711	143
-0.0825300257201	0.447119644313728	143
-0.06559252250861	0.995691987235264	1417
0.0305309412885481	0.813899776187119	45
-0.1110273480519	0.893794290467446	45
-0.0392295891005801	1.04448883802018	45
0.016513182357064	0.71929453599733	23
-0.00909007412414997	0.646533605786127	170
-0.11045992434156	0.894737279778698	23
0.028618426661727	0.820350377785115	678
0.111542500539864	1.47147358141354	9
-0.0287306955112001	2.4020997865308	9
0.084462957872079	1.00015924644305	819
-0.12320142732495	1.1681240185298	246
-0.0442948926223701	0.542593664826433	463
-0.00707055975299009	0.630031799782507	156
0.0181580602918749	0.705295597398771	156
-0.0394255329186	0.540387477789303	156
-0.1075738134207	0.840591860358811	379
0.01173870506825	0.742074387290942	35
-0.0659286958930001	0.947905673585197	191
0.03910294124345	0.814990246267818	189
0.105661498256425	1.01762135586735	23
0.06535416316702	0.970556213257347	9
-0.12285887861196	1.18487154070804	22
-0.06849835157853	0.977973956756958	246
-0.00529620193272007	0.642361197783845	93
-0.0416886632818201	0.548094330790331	1449
-0.0865774847155401	0.435303668221497	156
-0.0852446130257201	0.448144265405579	143
0.070098701856015	0.962251109948116	146
0.065719162528465	0.967601861041656	146
-0.01405479368297	1.24248678423039	146
-0.0747454251806501	1.42237948069042	154
-0.11203504927361	1.32613003171729	146
0.070240450351588	1.25100106902824	146
-0.0442948926223701	0.542593664826433	506
-0.12024652749094	1.18853566173277	45
-0.0386214280835899	0.525613014633509	23
-0.0932848743120001	1.54692368629834	23
-0.11420122981638	0.877188649887297	23
-0.00967630711103995	0.647913469067726	23
-0.0670537230753701	1.00300150177088	471
-0.00666303785959999	0.645859471730558	23
-0.11357444143167	0.869069553881747	170
0.010430354340737	2.32375586624035	9
0.08622607345736	1.02559119769798	36
-0.0139102201925201	1.10276063395635	36
0.036595239811693	0.793009020401531	36
-0.0859562104745899	0.464313506493711	251
-0.08671451389292	0.463788626028475	93
-0.0345139745865	0.518542009891759	392
-0.00928335197097008	0.638497722014723	392
-0.09571767613917	0.445404274940177	132
-0.0102627565253399	0.645487765218753	156
-0.0859562104745899	0.464313506493711	993
-0.00268789392213997	0.630787621564631	379
0.014298931909366	0.733749705199398	327
-0.08475325391888	0.442911391819315	191
-0.0839968998521301	0.44740735851017	506
-0.0398455024367299	0.532851101330166	45
-0.0429148899437499	0.54729497249711	45
0.067185414899543	0.927888522645642	23
-0.0394255329186	0.540387477789303	471
0.047185216820502	1.75133408070932	17
0.118392283484867	1.94629272841039	17
0.037513478321513	1.12481486519559	93
-0.0859949973504	1.20049558499836	93
0.033397441332858	0.788265059714912	392
0.0000393465326909981	0.601702886161582	265
-0.0851981587447901	0.460286451421787	2799
-0.0832855758440301	0.446664434606429	993
-0.0732014837030499	0.974096883487879	23
0.052906786514917	1.88790175755942	23
0.069318587363489	0.923593304227427	471
-0.09176081865597	0.460935700988077	471
0.055987963216125	0.902736023438231	9
-0.08411738935033	1.59300038162507	170
-0.0424541194217001	0.550317353680954	9
-0.11055167176823	1.38751778418164	36
-0.08491272426627	1.24467523771618	36
-0.06248170617057	0.96526165539007	36
0.033075214927677	0.842156106378095	246
-0.03973009207678	0.531159476758536	87
-0.00151808323294	0.621810788132089	392
-0.0859562104745899	0.464313506493711	132
-0.08671451389292	0.463788626028475	993
0.072166335186955	1.29299986691647	844
-0.0323660046857399	1.50035723569601	1129
-0.00948242325636994	0.637979624823398	170
0.049150598797552	0.915010800913237	678
-0.0546619189847299	1.82248169153077	36
-0.12196142028023	1.36536047406883	36
-0.0510380164037501	1.23231580795066	36
-0.00909007412414997	0.646533605786127	93
-0.0852446130257201	0.448144265405579	318
-0.10579821921964	0.898284500597822	132
-0.0874730691547201	0.458843139120776	132
-0.08444035854857	0.447981904928777	100
-0.0832855758440301	0.446664434606429	156
-0.0059001981647	0.627800593312516	993
-0.0887952722291701	0.433671095795841	143
-0.09345603636126	0.423364713990436	477
-0.0889465841794601	0.435187378590761	35
0.075883422844512	0.975818558122162	1129
-0.05021819708336	1.27880829572495	1129
0.123696209028376	1.05178104152657	146
-0.07273654435657	0.959808693563926	154
0.0198995558895591	0.721682323238528	191
0.042244239981443	0.778584867649536	45
-0.00268789392213997	0.630787621564631	23
0.00952084341948201	0.7327367732878	471
0.037752667283612	0.827482299004717	471
-0.0104557391415401	0.645207537661278	9
-0.0403446040756299	0.530778430357103	678
-0.11574230788378	1.19399739743356	678
-0.06616578409699	0.946729858787422	36
0.084014737629264	1.29999942363038	36
0.061153528120481	1.21634162329422	36
-0.0844871127588201	0.44445435265624	36
-0.0380450463025199	0.525714201785332	234
-0.03835006124396	0.543804603495701	100
0.038872474725656	0.820358684421366	156
0.019649408847263	0.730416547473872	156
-0.08732491004469	0.445497671761072	993
-0.0909597991886299	0.449647078344454	143
0.03251989321472	0.845594081506867	146
0.065135915197181	0.918839753240077	327
-0.0924746983982001	0.448931482585012	191
-0.00685656854654004	0.627733976832283	23
0.01619026746273	0.718443083087028	17
-0.0851981587447901	0.460286451421787	17
0.011090840570892	0.706744156876921	17
-0.0341374267187999	1.03886900773768	156
0.08794559021598	0.956481820130071	156
-0.0873009961762501	0.446858572022381	993
-0.0104557391415401	0.645207537661278	35
-0.00568097586337002	0.594428365357221	146
-0.0909597991886299	0.449647078344454	1129
-0.00685656854654004	0.627733976832283	146
-0.0355852979748399	0.538669182076956	146
0.042827773452643	1.17753014327274	17
0.025788380587941	1.10328201872625	36
-0.08948783635861	0.445889528865871	36
-0.09025327399605	0.461739342382665	993
-0.09176081865597	0.460935700988077	379
0.109865175274801	1.537403801838	379
-0.0567564942799801	1.63012996442972	379
-0.0127327655094001	2.00059446262939	35
-0.03835006124396	0.543804603495701	35
-0.06728517599965	0.983548985224103	146
-0.0998603681533099	2.36280227712735	146
-0.03770211870688	0.528980986657772	146
-0.00986943738889989	0.643841059526592	146
-0.0385015980402801	0.521644873197038	538
-0.0431382213748099	1.32314433152377	45
-0.08732491004469	0.445497671761072	45
-0.00629330528343997	0.632553136761778	23
0.124086099305134	1.13291453160416	9
-0.00646875583726003	0.641336032412263	331
-0.0662152745617399	0.997186321386708	36
-0.10982989859907	1.4367423310457	36
0.018987454337096	1.06865289517774	17
-0.0902027241905501	0.439264735657733	316
-0.04791727740897	1.4551035867587	316
-0.05200081582589	1.2550862572096	379
-0.11022452259283	0.896952156069571	538
0.015107677482663	0.723546933162739	191
-0.08372986323368	0.433195810145427	45
-0.08324079490897	0.447865363040501	36
-0.0410983105273399	1.70936221718543	1570
-0.0844871127588201	0.44445435265624	87
-0.00686553425040004	1.29976895953078	93
-0.10723947205555	1.38390223521075	93
-0.0706626307993801	0.944324453262247	3
-0.0429148899437499	0.54729497249711	143
-0.10851836810299	0.892566339971263	993
-0.03681073917624	0.527304632442209	379
0.0374183675519451	1.15141211350022	35
-0.03973009207678	0.531159476758536	35
-0.0381978778044201	0.544647620896677	606
-0.00229555777196011	0.606446898896897	154
-0.08591065802584	0.448197733425892	1367
-0.0844574412857999	1.22955741018763	45
0.033183997528795	2.0055094354271	23
-0.0566617399056899	1.20734792435755	970
-0.10176782759254	1.77335975925895	1275
-0.00985493959145001	0.626840644714084	36
-0.10533664509843	1.9463267529517	234
-0.09023761545666	0.448018454998712	330
-0.09171712387372	0.451816650294612	265
-0.08948783635861	0.445889528865871	993
0.07301442951528	1.23075758305958	379
-0.04321952694306	0.534439052955912	191
-0.0867603664005001	0.443197813012176	191
-0.04195958865299	1.95074530663893	23
0.100695789612415	1.4867044864801	23
-0.08671451389292	0.463788626028475	99
-0.08515230768956	0.436720020286818	99
-0.00986943738889989	0.643841059526592	36
-0.0383286042893201	1.04574694788566	36
-0.0105617123942401	1.08159814171126	1570
0.118479712136879	1.11395889990862	1570
-0.0867603664005001	0.443197813012176	36
-0.0390795031198901	0.544153882459545	1415
-0.0867603664005001	0.443197813012176	156
0.028987522499337	0.756423889379406	952
0.065863833145362	0.973777723742345	952
0.00898233488021305	1.12722827077757	538
-0.00473069899748002	0.611128226061026	191
0.00264383459246798	0.693491234101204	45
0.021937551636213	0.696422896096997	45
0.065534530318684	0.947946721612144	99
-0.10443022926959	0.917390526117551	99
-0.10761411425168	0.914040860385935	970
0.057614574076624	1.1354668942671	9
-0.04877904830485	1.25519248368711	248
0.112725055813894	1.09553530023592	248
0.0576571984529361	1.22305827106366	248
-0.03973009207678	0.531159476758536	36
-0.12039145921158	1.16096027263984	36
-0.0855098572609401	0.431413453126489	706
-0.0408069180773201	0.534703182808431	707
-0.09025327399605	0.461739342382665	316
-0.0910100417450499	0.464055649344474	513
-0.0874730691547201	0.458843139120776	143
0.115437009674302	1.51719421872337	146
0.047720629677427	1.14010150332516	45
0.090275545668452	1.32832491088257	23
0.038651346747876	1.19075626863687	170
-0.03124665651918	1.52404703342523	970
-0.00925486478906001	1.2079191746501	36
-0.00335080857048009	1.06856287167129	36
0.0422020031214591	1.75307802418147	36
0.026473480587658	1.3265452441239	1570
-0.08713328103227	1.20501295061289	1570
-0.0377580077062401	1.03226114139315	36
0.034964919977554	0.837667517077912	36
-0.10229626384447	0.862982404505523	234
-0.00450727538334994	0.570654208485966	706
-0.10946631666805	0.885488935843151	318
-0.00824178494610006	0.619345865886276	343
-0.00150785956956989	0.597739765088968	3
-0.0874281158288599	0.451484255457576	288
-0.00228965614317	0.610619511657639	379
-0.0189015552946801	1.91670518334931	146
0.00801081743125198	1.12466468122988	538
0.059952499424126	0.837893720760955	191
0.0484544234594561	1.11944353694077	45
0.044213496199587	1.14303271052245	45
-0.0881872236076	0.446898673795418	23
-0.0392333784385901	0.531334889582806	23
0.088815881346438	1.34506141623039	248
0.102952406655828	1.03366494265179	248
-0.1010192045132	0.882359849611883	36
-0.09646583805402	0.436622876204058	36
0.107794321727102	1.0098230989476	331
0.074589575109146	0.92941331789776	36
0.113716173283236	1.10122203967445	36
-0.03635198914461	0.52760874882956	1570
-0.0130567376588799	0.63098749836093	1570
-0.10761411425168	0.914040860385935	36
-0.0874730691547201	0.458843139120776	316
-0.10846256517353	0.885648185281425	316
-0.0471762642076901	0.530807915424968	513
-0.0395781369081301	0.546432037397103	513
-0.0851981587447901	0.460286451421787	143
0.065684250816817	0.940960312886354	45
-0.0618977836899499	1.64844397767667	45
0.00917702334812598	1.64005185937145	23
0.0165928760003941	0.753010338670411	99
-0.02301585312418	1.26416589686194	9
0.066318435161005	1.58239621556999	9
0.040564390693796	1.14475094167759	36
-0.11278338310391	0.88078516622984	36
0.028151368375555	1.14978006080696	1570
-0.0909597991886299	0.449647078344454	234
-0.11434747306249	1.19941892520205	234
-0.0401924392581901	0.542557817612941	87
0.041616307034914	0.792391719398976	318
0.00814947979155101	0.67951097773616	318
-0.0386214280835899	0.525613014633509	707
0.028889256123799	0.825411096909661	316
-0.113019392089	0.871273892345565	316
-0.0659041044867801	1.00549398791937	1558
-0.09025327399605	0.461739342382665	1222
-0.0949697169822099	0.445658806946981	2147
-0.10832820330758	0.900500682255841	952
-0.07024803215182	1.88690600874014	45
0.050899239064536	1.23421879583578	23
0.018924115997269	1.34915080019203	36
-0.00772393078795997	0.633720824013153	36
0.041497216851229	1.46501837824168	36
-0.00210288088403998	0.628050453343245	316
-0.10141687262885	0.862715095952726	617
0.060654288213467	0.866528947526792	343
-0.0860023641883201	0.447686671947522	2147
-0.08732491004469	0.445497671761072	2147
-0.09176081865597	0.460935700988077	35
-0.0315912542666099	0.503917609973454	35
-0.00549077855732993	0.639084272185793	45
0.108834594250622	1.42604968904593	99
-0.00433759924831989	1.30841107610907	9
0.029160212258037	0.805081595393448	17
-0.0624262030532099	1.59440450652268	36
0.011895210146716	1.12037212393563	689
0.074683984191664	0.934253331317229	689
0.0933437416990181	0.984032910856446	318
-0.04444731340373	0.533722729051656	707
-0.11017163624185	0.888070753405898	35
-0.0700581038033199	1.40287102435499	45
0.00688278799206199	1.55595616336168	9
-0.12262158680569	1.73719207820921	248
-0.0865774847155401	0.435303668221497	248
-0.08732491004469	0.445497671761072	36
0.0261824763865099	0.812789693349085	36
-0.0378469492725899	1.03933764235335	318
0.082272000808516	0.983673266228921	318
0.03134688097186	0.817749263136971	707
-0.0866692606869399	0.451957124311983	316
-0.00783616219521011	0.63708481508894	265
0.03134688097186	0.817749263136971	343
-0.0859562104745899	0.464313506493711	1222
-0.04641070086757	0.528783779537568	1222
-0.0394255329186	0.540387477789303	1222
-0.0351264712641799	0.525157714854205	1222
-0.0408069180773201	0.534703182808431	143
-0.0859562104745899	0.464313506493711	538
0.068488557282016	0.961918257945378	45
0.113819939485701	1.57302731336535	45
0.106206135959795	1.05758382488645	45
0.00236605672520895	1.32862944108981	170
-0.03875158275644	1.61168249180352	1409
0.099258881681109	1.35504620573912	1409
-0.01623803509754	0.599143416444865	248
-0.09171712387372	0.451816650294612	36
0.021828860058404	1.35908112439987	331
-0.10969364247685	1.28297928861355	234
-0.04579823494708	0.529100522327899	343
-0.0408069180773201	0.534703182808431	1222
-0.10421677351557	0.887389883526763	1222
-0.00434513014456006	0.623143309802101	1222
-0.0438333324067399	0.535963951230617	288
-0.0343605551369399	0.536102609123761	143
-0.00677352573367007	1.52111847685345	45
-0.0183959631272701	1.53185750849391	696
0.104008576043534	1.49468011970571	45
-0.04924566507157	1.2905613615697	36
-0.0132394165085801	1.25504119196745	36
0.084820841030309	0.931376746317992	234
-0.0360851827398401	1.06883220472703	234
-0.0390795031198901	0.544153882459545	343
-0.00724949182406998	0.643443437926213	3
-0.0106479695371	0.624383028666145	1222
-0.00967630711103995	0.647913469067726	288
-0.09025327399605	0.461739342382665	143
-0.0429148899437499	0.54729497249711	143
-0.01325106529662	0.624826255700412	94
0.120528664274496	1.46454928527042	45
0.085114827344802	1.70225838320133	9
-0.04032753919021	1.23628952298997	1381
-0.00200793643187991	1.36266202891844	234
-0.06678362890266	0.936578863839785	234
0.0165928760003941	0.753010338670411	318
-0.11766673169649	1.22204333739276	316
-0.0102627565253399	0.645487765218753	265
-0.03635198914461	0.52760874882956	343
-0.03846777039731	0.542562382304674	52
-0.03506528439764	1.04688442644905	538
0.037340884795647	1.17807179349577	45
0.108596198462091	1.82996067990738	45
0.091132682234614	1.00311713634239	1409
0.0262347427005311	1.6223978406447	36
0.081185388935018	1.28849486815848	36
-0.00759513176908011	1.07164006360695	316
-0.00512307861776007	0.63030199554192	3
0.02252879017112	0.698743927228344	1222
-0.09571767613917	0.445404274940177	1274
-0.0924746983982001	0.448931482585012	1274
-0.02162503672324	2.43407241624103	146
0.023689865831011	1.56108341601764	45
-0.0845357548824499	1.2409242473313	45
0.079613528010932	1.50236193840792	45
0.09874170113916	1.21065300204643	970
0.080235570454249	1.46231113057426	36
0.084807539652815	0.9786619580107	689
0.072702569633108	0.927262341568705	689
-0.03865857466149	0.522225776061927	318
0.014122068441717	0.733938726272141	316
0.052897123669001	0.913233189245129	316
-0.0844871127588201	0.44445435265624	316
-0.0130567376588799	0.63098749836093	2553
-0.0851981587447901	0.460286451421787	3
-0.0418148774409699	0.511706610780705	1222
-0.0381978778044201	0.544647620896677	1274
0.116447328953488	2.29334303101068	146
-0.0197635625216801	1.32492166123738	538
-0.02033683056525	1.28512954599318	23
-0.12379382968666	1.77995950027383	23
0.025184930711611	1.62528733256621	170
0.049541572474315	0.882977359209402	1409
0.113082448998169	1.51706456924313	36
-0.0217756681947101	2.17151598362166	36
0.124951561533146	1.09295577924012	36
-0.0304321298360399	1.04407961224764	689
0.034693448700961	0.843450994775667	689
-0.0485019920160601	1.22067442652012	234
-0.00850814784195997	1.09417753789346	234
0.033298145533539	0.819585532378045	87
-0.02327127839365	1.28225817089256	318
-0.0997315192774799	0.892572472839389	316
0.038543821202186	1.15573218799299	316
0.076113794922792	0.921648596603593	146
0.071738160800093	0.964607527708078	146
-0.00249461886324998	0.628258920198277	45
-0.0100618155236201	0.619433701186284	45
0.0162710097750139	0.742917538706132	45
0.029640009592383	0.788988330259137	23
-0.0844871127588201	0.44445435265624	1409
0.116213225261023	2.3075349540433	248
-0.0154837787013999	1.28850469772858	248
-0.08444035854857	0.447981904928777	36
0.042443545662494	0.852624509316682	36
0.0297230765825	2.20609747164122	1381
0.0395174222626929	1.7535966845137	36
0.065683103029208	0.954164345794163	36
-0.0860023641883201	0.447686671947522	709
-0.0094154560903299	1.22721305962868	3
-0.0807188097907401	1.8261678210287	684
-0.0136441938507501	0.630528914100287	684
-0.0219203103124399	1.69624208629121	146
-0.000729617715859998	1.29150069216432	146
0.019719933416406	0.718309489417318	45
-0.0426080538912701	1.0393359851044	23
0.09177752580503	0.979573761370068	23
0.014546019011397	0.715291353360037	1409
0.048346986449829	0.898625693320188	9
0.067144081856829	0.96046070499774	2555
0.036088167127999	0.843000442313208	36
0.04920916469366	0.894977507452491	234
-0.03637652091995	1.03827888544827	3
-0.0910100417450499	0.464055649344474	3
-0.0351264712641799	0.525157714854205	2011
-0.04506147002586	0.527342321581453	143
0.060198842146945	0.869184598620828	684
0.016019689539217	0.75424446883439	684
0.090646789875388	1.3797245565545	33
0.100670291375811	1.44912590101517	146
-0.0764278235395199	1.85033928839102	538
0.071394077382494	0.915063561451135	45
-0.00765146076593992	1.09924628345968	45
0.035918791093724	0.813483717087593	45
0.029174479936811	0.825276783403722	45
-0.11240132463735	1.15799944999061	45
-0.02743069786979	0.994717220055098	45
0.0472267681997191	0.903055254760903	45
-0.08671451389292	0.463788626028475	23
-0.04700958203004	1.2602350789532	36
-0.0032731224948499	0.630301657731701	234
0.115922958941398	1.29904346153973	87
-0.0860023641883201	0.447686671947522	3
-0.0832855758440301	0.446664434606429	3
-0.0874281158288599	0.451484255457576	1274
0.015713646566642	0.685536911633807	52
-0.0467154490511299	0.512718298827141	52
-0.0511237545343399	1.2419723605735	146
0.017998106382327	1.39697818604176	45
0.12005994431432	1.15026677073686	29
-0.10253821966996	1.57607550589233	23
0.00550608763545502	1.32698664795694	23
0.018803410619803	1.87881228485951	248
-0.0859562104745899	0.464313506493711	248
0.075644590855523	1.56973856422058	36
0.118997597563482	1.54757534705256	36
0.022043474743675	1.48784260359206	36
-0.0436710771369799	1.66725622035005	36
0.016341893342332	0.744584079132688	234
-0.09834106782588	0.877403105192191	36
-0.10482422248679	0.857745734397246	318
-0.0979087494684101	0.857086229010321	316
0.089538348342222	1.00886107937809	316
-0.09495015449327	0.431089768809382	2171
-0.0832855758440301	0.446664434606429	52
-0.09025327399605	0.461739342382665	52
-0.0401924392581901	0.542557817612941	52
0.09917375030419	1.48979354867221	45
-0.00646411516295009	0.584568062041469	45
0.00768541881944496	1.81121067209684	23
0.11270508842808	1.00833507829324	1409
0.011750618259382	1.14751154545967	1409
0.015389237796838	1.1130268079773	228
-0.08948783635861	0.445889528865871	36
0.116792707913237	1.09248129170255	36
-0.00588237078404008	0.643733208265547	689
-0.04641070086757	0.528783779537568	36
0.039981568514159	0.814531056957129	316
0.00534092080044801	0.705078153912429	709
-0.0859562104745899	0.464313506493711	2008
-0.08324079490897	0.447865363040501	45
0.117744457133352	1.62468945826723	23
-0.09171712387372	0.451816650294612	23
0.025903806286312	1.41287476829118	1409
0.012563104278855	0.739092523963841	607
0.058557164543202	1.54046723963546	36
-0.0874281158288599	0.451484255457576	36
-0.0451439941802101	1.27910003172691	36
-0.0444251353570999	1.24925375459444	36
-0.0851981587447901	0.460286451421787	3
-0.103805291776	0.879867106565186	52
-0.0860023641883201	0.447686671947522	45
0.104466174149344	1.54167511963527	45
-0.0910207919511801	1.59373551556266	228
0.062945223828593	0.833820837518158	607
0.013607255250683	1.14101149680681	248
0.07005442939349	0.955845248694504	36
-0.0410758119438599	0.541935079610571	36
0.067228080596156	1.24915162658825	36
-0.11067763791539	1.15484486742333	36
-0.0389640109343501	0.546862449269498	316
-0.0866692606869399	0.451957124311983	136
-0.0669894422033599	0.956238823078158	136
-0.0395781369081301	0.546432037397103	52
-0.00953228095937009	1.11537521459627	23
0.028089277837434	1.9591939915569	36
-0.11017540501393	0.854565389272565	36
0.044519987417973	1.13667253655251	36
0.035474894097106	0.796824326687908	3
-0.0888203708736499	0.44480137415122	136
-0.10507895099304	0.871521752812749	136
-0.09988697937157	0.880000975345834	52
-0.00151808323294	0.621810788132089	52
-0.10168981252243	0.886907392820774	52
0.091909424234787	1.29420725681022	87
0.089064264521207	1.34682682886705	36
-0.00902898672123009	1.11677968534589	316
0.064812887739009	1.57041991704117	45
-0.02208807448482	1.25548807781704	23
-0.0148077648981899	0.590030053318806	607
0.068437358662957	2.07142015046353	9
-0.04807380222753	0.487115196757681	248
0.121272393867789	1.14902476486885	36
-0.09470569551931	0.822930934553436	234
0.06716597970007	0.915910406835736	3
-0.10636650728791	0.906424380013929	109
-0.11594851694801	1.39618146430544	109
-0.04258022199278	0.524049931773838	538
0.030323124599059	1.65737135601683	23
-0.08404137429543	0.44218427211267	36
0.033412614753962	1.71494330558921	36
-0.09023761545666	0.448018454998712	1973
-0.0459507183691801	0.526796960123197	109
-0.0943949062526399	0.826379742313134	109
-0.0764218832147101	2.2090028409851	785
0.094170368848895	1.33891759823382	23
0.07270855846615	0.905646823563292	607
-0.00549077855732993	0.639084272185793	36
-0.09176081865597	0.460935700988077	36
-0.00510087271486004	0.624009631361412	36
0.0656375153377961	0.930072453608146	2371
0.0386022900073441	0.802370400059856	2371
0.118524897771177	1.08190231225287	36
-0.0059001981647	0.627800593312516	36
-0.10302781452652	0.839047375008597	36
-0.0679314767269801	1.40214512711053	36
0.014122068441717	0.733938726272141	709
-0.0967555942009699	0.411156142935433	3
-0.0672292588618699	0.950309437738148	136
-0.0633373580438299	0.969036746973349	711
-0.04302851887606	1.535040248788	146
0.037721764654288	1.96094115832201	45
0.0527679897629399	1.40337012497031	428
-0.0670963946987899	0.9713754994213	785
0.05356829568568	1.50463797665926	23
-0.00416109666952003	1.35628703413147	23
-0.0949892041614899	0.426677981651915	140
0.115160192997156	0.957501552311395	234
-0.0497816536826601	1.24520006129909	36
0.014374964588873	0.733923686434258	36
-0.0880480329765701	0.444040648068345	36
-0.00629330528343997	0.632553136761778	52
-0.0429148899437499	0.54729497249711	52
0.0411036345499191	1.59749652286309	428
0.013932543306586	1.12322244739822	785
0.06956835707923	1.19663341654359	23
-0.00453828868502004	0.624043969526903	690
0.032468738943116	1.41679118041666	23
-0.0178033686796399	1.29362395654194	248
0.028131923955327	1.52940543563189	36
-0.0773611763398601	1.15730209184125	316
-0.01178413278572	1.10858323558606	1019
-0.01423186719326	0.625959718630449	3
-0.00588237078404008	0.643733208265547	136
-0.00805026450214008	0.610433744088355	136
-0.00986943738889989	0.643841059526592	109
-0.01122554238698	0.624248013378642	52
0.010416588050428	0.724844424068171	1240
0.101830220933828	1.36926129756721	785
-0.0873009961762501	0.446858572022381	1269
-0.0865541617505401	0.444732143795872	140
0.070069409708283	1.14065150116343	36
0.057222332882808	0.899126609886521	36
0.032034626741636	1.15676694267911	36
0.017335380751252	0.716480938707328	36
-0.0964865156074499	0.434539035182135	36
-0.10554255219244	1.38364283343958	3
-0.0866692606869399	0.451957124311983	2009
-0.03881161737441	0.54422365098043	2345
-0.0313861962845099	1.4842828841468	45
0.00906495705539501	1.11250525173945	607
0.013103443262424	1.60166150423617	248
-0.08591065802584	0.448197733425892	36
0.109700349863631	1.04586873638821	36
0.099829661588777	1.01909559164771	36
-0.11295018432127	1.6096950647278	36
-0.10368766132896	0.874541766062618	36
-0.0987584316018599	0.853860966216109	36
0.058084679745171	0.895617054798738	316
-0.0813830169312	1.26127430193773	1019
-0.0851981587447901	0.460286451421787	2009
-0.00587708669053999	0.577305704373936	2345
-0.00473630781878009	0.603925629066965	52
-0.09025327399605	0.461739342382665	45
-0.0486960926261599	1.46566117930176	29
-0.04943473323922	1.63562822136408	23
0.025746230428234	1.1050676012749	228
0.019961498305488	1.04628990824863	9
0.044704941509796	1.64543827746295	248
-0.00694542047519997	1.06652042422095	36
0.029160212258037	0.805081595393448	36
0.05519545205184	1.48668186554831	36
0.015617411374228	0.714657139812764	36
0.107435210829924	1.29793562485271	36
-0.04306753533004	0.551948431767965	2009
-0.10174829992432	0.848323018338226	2345
-0.09584023614246	0.828071817346829	215
-0.04368112636646	0.549505617712073	52
-0.10143509976724	0.883888516652119	52
0.00913031970394995	1.82910628933557	36
-0.0497383730281	1.27571567853641	36
0.013458906747096	0.738359327608823	36
0.124973454034197	1.14809064607403	36
-0.0743728249009901	1.76804004255609	36
-0.0102045001589599	1.07229967386955	36
-0.09176081865597	0.460935700988077	3
0.0145346473943671	0.728437737742924	136
0.00168915370889999	0.595831543616972	136
-0.0852446130257201	0.448144265405579	109
0.041662216573321	0.778308045447077	29
-0.0647698459328601	0.978301742619821	45
0.088555929182229	1.23078769211732	45
0.0876719760386	1.00773427527492	45
-0.0239067749297199	1.67780442301065	45
0.067172427313277	1.11729314568748	1075
0.096797468531499	1.03053882063142	1075
-0.0516050929251699	1.24672622580646	428
-0.04508578889228	1.28240036532111	428
-0.0364925637990401	1.05362523386708	23
-0.0627918362251601	0.972075401294638	9
0.026459886240234	1.64788099298906	36
0.04089482804566	1.1028662149053	36
0.056889386498174	0.890388610717048	36
-0.0059001981647	0.627800593312516	36
-0.00648527108228003	0.630514425087773	36
-0.0468091575033001	0.996920991255263	36
-0.0852446130257201	0.448144265405579	3
-0.08475325391888	0.442911391819315	136
-0.11048358022217	0.903938491373199	109
-0.0435282654496401	0.540448391908058	52
-0.0438333324067399	0.535963951230617	428
-0.0130567376588799	0.63098749836093	428
-0.1066568551311	1.10771351273518	23
0.089412890633702	1.43798736039611	9
-0.03323715297801	1.06458955132904	36
0.042538227737736	1.16103303434158	610
-0.00713819897879997	0.623727011873424	36
-0.07218050295808	1.61436427506787	45
0.12167952671171	1.10987659100603	428
-0.0708120194748001	1.17937281699449	428
0.047359496151942	1.44981521083246	23
0.072609637507452	1.48125383087066	9
-0.0169605789790599	1.35460755385077	36
-0.0775054334690399	1.45713246090491	36
-0.02243623741422	1.27950929467664	36
0.0629403783397861	1.40889076767381	36
0.080077460679715	0.890094024454712	36
0.048718570163149	0.893838292965599	111
0.01231230558411	0.744675656081052	3
-0.10243272221806	0.855322993272255	215
-0.0844871127588201	0.44445435265624	215
-0.07816569812619	0.410411556583001	215
-0.0369650105300601	0.524074704270193	52
-0.0873009961762501	0.446858572022381	52
-0.0964865156074499	0.434539035182135	52
-0.00986943738889989	0.643841059526592	146
-0.00190945786161989	0.62873971126547	29
-0.0785511233057401	2.04547511163652	428
-0.0100399415615	1.53563376022336	36
0.0605736631439751	1.7175465005548	36
-0.02039510198828	1.45683032867621	36
0.041887844474497	0.787699629833207	36
-0.0647641364168701	0.941221338058468	137
0.103923649223621	1.05571765514338	146
-0.0100504094625899	0.62926237021709	29
0.113530314383802	1.06313149173197	23
0.119529286008801	1.4631240278311	248
-0.0874281158288599	0.451484255457576	9
-0.01162022827639	0.564727978031163	9
-0.10556845108493	1.37665535531242	9
0.0722141434625621	0.955368143933699	9
-0.0144991139841999	1.51261475136515	36
0.055055938654026	0.873597475037032	36
0.085130579543047	1.2755572168628	36
0.032458440865318	0.826970431354313	11
-0.0639116333880101	0.967172876523986	36
-0.0726918990038099	0.979017951395601	137
-0.11391880864538	0.884076949349437	3
-0.0087012564995399	0.615626917595378	136
-0.0395781369081301	0.546432037397103	215
-0.1223449347157	1.18645563832369	215
-0.00570808410128998	0.633044876251177	1342
-0.09176081865597	0.460935700988077	83
-0.0435298011368499	1.78974345390516	23
0.089859048226572	1.33489897606452	9
0.09889335051574	2.16440062308678	248
-0.0411418441402001	1.62790383746876	9
0.042846652217811	1.74936731580514	9
0.101890501307204	0.989024608916752	36
0.015195548988403	0.751064234629251	137
0.013961417607717	0.729591251270109	3
-0.11393379311478	1.15910457324868	3
-0.0394255329186	0.540387477789303	136
-0.0471762642076901	0.530807915424968	363
0.111421796165955	1.01871441011793	428
0.050284434217282	1.17536369665147	23
0.038688626925503	1.16187183448241	9
0.110384912123858	0.949443014791537	9
0.053556375748791	1.82521693469393	9
0.0262454707777901	1.35758923036236	36
-0.00335852632350009	1.30326960520083	36
-0.00986943738889989	0.643841059526592	265
-0.11017163624185	0.888070753405898	1006
-0.00531534085235008	0.621612354249758	215
-0.00629330528343997	0.632553136761778	435
0.031968825828283	0.799939172319531	83
-0.01461212727906	0.601538110167434	428
0.033630361811833	0.834139108468593	23
0.070417818177628	0.971359322112355	228
0.050921905056419	1.20330704783809	9
-0.11984773239778	1.21327481920999	9
0.067111509594198	1.90630408070696	190
0.108068220281369	1.08418017283899	190
0.055616837292891	0.81667669758139	36
0.039940455147533	0.811842230606171	601
0.056436734459834	0.843199476227318	137
-0.00356635167141994	0.601865447460401	265
-0.0866692606869399	0.451957124311983	2012
-0.12097166984756	1.19375859419336	83
0.00704310702701805	0.706496218676439	45
-0.0438653546908301	1.28272572975293	45
-0.0190989983462599	1.23744284804086	71
0.054207628252415	0.843712944969448	23
-0.0420707898321799	1.03810396168936	23
0.033285441383114	0.811582495706871	372
-0.00346550321576	0.614873236617284	9
0.105751690276662	1.02741132951346	36
0.124865130687448	1.10161608562842	610
-0.0416886632818201	0.548094330790331	190
0.0573606732131941	0.862342444441669	111
-0.0375782070007999	0.516877730063456	265
0.0693427316963891	0.943890043976072	265
0.00926869220451298	0.736281055619676	2012
-0.0349728393059201	0.539077645117453	1006
-0.0910100417450499	0.464055649344474	3
-0.0874281158288599	0.451484255457576	1826
-0.0378562109118601	0.536523328770437	772
-0.00967630711103995	0.647913469067726	772
0.043279131486501	0.784984944670283	190
0.04920916469366	0.894977507452491	36
-0.0761840438685999	1.44045542679337	36
-0.0104557391415401	0.645207537661278	2281
0.066738287384718	0.978354331977648	36
-0.03758431411615	0.541615576906218	363
-0.01286165121986	0.623507538985515	363
-0.03758431411615	0.541615576906218	83
-0.00268789392213997	0.630787621564631	435
0.124294513278438	1.14043730922883	45
0.0179076382055769	0.710547445680769	9
-0.10354943280573	0.91638686399707	190
-0.0447588517092301	1.45152768074657	550
-0.00967630711103995	0.647913469067726	363
-0.08324079490897	0.447865363040501	363
-0.0866692606869399	0.451957124311983	763
-0.03174696898283	0.504550651213994	23
-0.0468483413802501	1.27276193422522	9
-0.10934524116237	0.896158066936074	36
-0.0224838769151701	1.72351866843049	36
0.019146761852686	0.715932662835171	11
-0.11187970423817	0.892406727420058	2281
-0.03973009207678	0.531159476758536	265
-0.0867603664005001	0.443197813012176	265
-0.0898169058982401	1.3787058189039	3
-0.01024512285033	0.610144743387174	45
0.016263888441533	0.707495694167556	45
-0.10445116221954	0.839601286936216	71
-0.10908735114062	0.898875806940655	71
-0.00609640691572011	1.01365615359987	23
0.014231606275979	2.38624860861588	23
-0.08591065802584	0.448197733425892	23
0.037976795687883	0.769201650921238	9
0.075759013133077	0.923407459770902	2281
-0.0659041044867801	1.00549398791937	36
-0.03835006124396	0.543804603495701	1731
-0.0874730691547201	0.458843139120776	3
-0.0859562104745899	0.464313506493711	1340
0.00869444400387598	0.735610868026479	83
0.0170263036814799	1.19398842223566	83
0.030852878109919	0.82965443879313	83
-0.0636471228737801	0.963323553790726	45
0.05386989512088	0.914288796280217	71
0.013458906747096	0.738359327608823	71
0.082588200573282	0.972137321741637	71
-0.0444925154851501	1.86787793901822	23
0.112373349602147	1.08880106671564	9
0.100702955746575	1.62216282125617	36
0.0839879178410819	1.28263481120829	36
0.018563014426847	0.729618765800991	36
-0.0319424238709301	0.979716034513902	1140
0.012722402984103	0.739155450287402	199
-0.04794178155893	0.516476276424851	1826
-0.0424541194217001	0.550317353680954	1826
0.011488475922894	0.738183729317338	83
-0.0825300257201	0.447119644313728	1340
-0.03846777039731	0.542562382304674	83
-0.0267953300481301	1.45453706999658	45
-0.00384963673767991	1.55310069347669	71
-0.10512001535813	1.6252292103367	23
0.0693993304031389	0.981120628922193	714
0.035817569745197	0.819596698610615	111
0.032730140823125	0.820430389959162	1268
-0.0825300257201	0.447119644313728	236
-0.0924746983982001	0.448931482585012	83
0.084651003682424	0.856157011665099	23
-0.11602358014687	2.06510312066132	9
-0.05656186389926	2.24484459941733	9
-0.00190481029401002	0.549467856161864	9
0.057407759030933	1.53991152257564	36
-0.08576382370198	1.74328612132832	11
-0.01471975306034	1.30177291636644	714
-0.0349952762648	1.03128751915178	714
0.0374784638940801	0.814372994791879	111
-0.03391374397321	1.41165610385931	1731
-0.0422286609398099	1.27212397364356	137
-0.03296948864201	0.501105434157787	83
-0.03219205850861	1.06294846301927	83
-0.0793890974690199	1.24722726867347	29
0.057841068302558	1.52367341431424	71
-0.00456155496036992	1.10325345277387	71
-0.09661230088472	1.52010966031146	23
0.088656426109424	1.01686575848156	23
0.0284930605434111	0.826173688804407	9
0.015590185073135	1.11803389612255	36
-0.0213457545270801	1.30087223378235	36
-0.0812221133518001	1.41543708663519	714
-0.00434513014456006	0.623143309802101	83
-0.08732491004469	0.445497671761072	71
0.108451678393478	1.41416511213389	1319
0.095118759848992	1.30826511804197	714
-0.12279936212513	1.62657234611278	1731
-0.0852446130257201	0.448144265405579	3
-0.0374235409013599	1.03184426958228	1826
-0.0270538466638099	1.00905000770344	1268
-0.1078164209015	0.889867112816773	83
-0.0403106979446299	0.523699906911906	83
0.069506424335633	0.955892134054764	9
0.055987963216125	0.902736023438231	1731
-0.02342529443944	1.32572280016393	137
-0.00687874231220009	0.628856299952992	1268
-0.1041736827241	0.896353587755064	1268
0.031619013223127	0.826262648279184	2681
-0.0874281158288599	0.451484255457576	9
-0.0350401680744099	1.0715683071475	9
0.104903737772844	1.64960138316079	11
0.016844310114665	0.745551627126589	714
0.00476552648459805	0.692618774984088	3
-0.03743169351544	0.526081744940715	3
-0.0987584316018599	0.853860966216109	1268
-0.10329312345172	0.924150770447074	83
-0.03881161737441	0.54422365098043	381
0.056749289512019	1.38903291275129	71
-0.0236500674609501	1.54686848865183	23
0.09398218135555	1.3023939961826	23
-0.0748085490653401	1.23543877124504	23
0.055189623283298	1.97900079498205	9
0.027075663172312	1.64648245138003	11
-0.0909597991886299	0.449647078344454	3
-0.0859562104745899	0.464313506493711	83
0.029174479936811	0.825276783403722	23
-0.0473294785431699	1.2731433074326	9
-0.0887283754872901	1.23223099781754	36
0.058061002986647	1.2322525292908	11
0.105605149374782	1.34330965489971	1731
0.052107803590229	0.89003546266541	199
-0.0732381639360999	0.970961979141584	83
0.118600775629773	1.67730897918834	29
0.03492916945006	0.781426395973268	32
0.01639101305756	1.35901375264287	23
0.0344096407936469	0.838706751139634	549
0.104773444649189	1.03775966442467	199
-0.11971462503381	1.17312688795106	286
-0.04306753533004	0.551948431767965	237
-0.09176081865597	0.460935700988077	381
-0.0309804704687799	0.504226974694663	381
0.014287346918136	1.12971550644032	146
0.075275146526486	0.95872733984186	71
0.043177114499214	1.45156985828161	36
-0.11794428066297	1.86997425880721	36
0.058958578270322	1.69472964248138	36
-0.08807253873759	0.447629913705502	137
-0.03076937717324	1.03582944309894	199
0.033013957462368	0.825959088868535	237
-0.0381978778044201	0.544647620896677	381
-0.08515230768956	0.436720020286818	864
-0.00731870278008007	1.06259397091074	29
0.102215293493058	2.0089240150153	1277
-0.0874281158288599	0.451484255457576	9
0.032458440865318	0.826970431354313	9
-0.0375846550623	1.16587976447274	190
-0.0366164537776601	1.66678665620559	36
0.011495676620609	0.718417941397202	36
0.027640687304255	0.811685150883489	1268
-0.03881161737441	0.54422365098043	83
-0.00395371415538004	0.613441825667367	83
-0.00783616219521011	0.63708481508894	237
0.0182424258730149	0.718223241227063	381
-0.00404883081439	0.60424364384049	9
-0.0851981587447901	0.460286451421787	9
0.11270508842808	1.00833507829324	9
-0.0154515747964199	1.79035213840882	190
-0.0088761438482301	0.61701934213083	190
0.040753209561708	1.10123254334877	1731
-0.0851981587447901	0.460286451421787	199
-0.0867603664005001	0.443197813012176	199
-0.0403034886342399	0.535092156797774	381
-0.10497346876718	0.89461673737293	864
-0.03881161737441	0.54422365098043	805
0.070910710465471	1.26932869405637	23
-0.00687874231220009	0.628856299952992	23
0.014872717620843	0.744800760196921	23
-0.0771482162989401	1.24956470137789	1277
-0.08515230768956	0.436720020286818	1377
-0.0909876005677299	0.445192950965475	36
0.084242955543734	0.994746942595766	36
-0.0746511161089301	1.20662066116685	137
-0.10775943905417	0.901472654193645	921
-0.0851981587447901	0.460286451421787	381
-0.0873009961762501	0.446858572022381	864
0.00621327242842495	1.29300147770034	71
0.00334509603130595	1.5378673875802	23
0.089640377808884	1.01230548948511	23
-0.11393379311478	1.15910457324868	1277
0.108744303041172	1.32247615213858	36
0.110378045578945	1.46984134217711	36
0.0463873956219421	1.40253117999694	36
0.0746761907376881	1.26480569774503	137
-0.04230168925147	0.549712780146479	137
0.050796625064186	1.20410377204715	199
0.03660045148776	0.805639230039692	1268
0.01825467188777	0.726860734488808	686
-0.0969188735018001	0.854421263111108	381
-0.00634402464745998	1.7468210405811	1138
0.07510734777316	1.21057296772874	71
-0.10722142547194	1.40123263049045	23
-0.0812763575781299	1.24958788390036	9
-0.03417997401691	1.0616401855298	190
0.120866417497448	1.113267103548	36
-0.11151481999925	1.40077752577478	36
-0.00772393078795997	0.633720824013153	199
-0.11030585641075	1.0876250553332	199
0.029445095847901	0.8221787523264	199
-0.10585316915129	0.889801728893688	2766
-0.08324079490897	0.447865363040501	237
0.124818410552371	1.16126971154941	29
-0.0278236583539	1.00770497815768	23
0.02001193653364	1.88807326840025	1277
0.030625884638165	1.60866202747878	9
0.0560666140834259	2.0764294762607	805
-0.00631082563984009	1.51543778517019	9
-0.01923042920209	1.28142027451268	36
-0.10965652896957	0.90028520990059	36
0.030955605915071	1.24390361960803	36
0.028903991942522	0.804268013909532	137
-0.0353300778325401	1.02855427141174	265
0.041899537022834	0.780180526297327	3
-0.0032731224948499	0.630301657731701	686
0.0204450186374781	1.06478768211861	381
0.088796701184553	1.78658604787034	9
0.099352896746391	1.01501119675511	9
0.016960591479846	1.37563658523976	11
0.048148560719716	0.889140617866819	3
0.05512699987722	0.901873711858411	83
0.031127303524685	0.815648270699887	864
0.021706866057323	0.6826875287858	71
0.0168600455606021	0.702498755126507	71
0.0684378236059891	1.2738592044595	9
-0.04273414441746	0.50986737254797	415
-0.00986943738889989	0.643841059526592	292
0.031877557982624	1.16334573789584	1731
0.0626119692528661	1.23740765811668	1731
-0.0395781369081301	0.546432037397103	137
-0.10636650728791	0.906424380013929	137
0.096852049239823	1.02668611530555	199
-0.0395781369081301	0.546432037397103	199
-0.0410758119438599	0.541935079610571	3
0.10729419775291	1.45262841363822	864
0.07492560272455	1.25422729696986	9
0.00865508056346098	1.55824733589755	36
0.123048148395289	1.06702423032966	36
0.085634073494405	1.35001213526171	36
-0.0386214280835899	0.525613014633509	199
-0.0650481554694	0.929327117984918	199
-0.10331207189227	0.877096593818986	686
-0.0110422573775699	0.642814993534646	686
-0.0465634043599901	0.531129657478768	27
-0.0100618155236201	0.619433701186284	27
-0.03483766510935	1.87096280032547	9
0.0540284833708951	0.866684041338453	292
-0.11102536068206	1.75794235141076	292
0.09364318425924	1.76167402268366	610
-0.00658731806613	1.07041548059469	36
-0.01579055122311	1.27903652824238	137
-0.0910100417450499	0.464055649344474	137
-0.04506147002586	0.527342321581453	11
0.103155541887414	0.99378752682697	199
0.00168915370889999	0.595831543616972	71
-0.10611006565089	0.906120945549004	32
-0.0866692606869399	0.451957124311983	9
0.044354850929948	1.17337933588582	9
0.06866657132805	1.14679702961003	36
0.098787762586107	0.943605510334869	137
0.029445095847901	0.8221787523264	213
-0.0368999587641201	1.03705489465251	71
0.013458906747096	0.738359327608823	32
0.013458906747096	0.738359327608823	345
0.069056910125771	1.48610722721992	9
-0.0494537988386401	0.492326701401022	1161
-0.0526235374602999	1.90133453362726	1731
-0.0792497395432601	1.59072029477307	11
-0.0909876005677299	0.445192950965475	11
-0.0880480329765701	0.444040648068345	213
-0.0459507183691801	0.526796960123197	32
-0.0318555848578901	1.05607273359042	1171
0.115330206640645	0.956671343137458	1171
-0.0356066039072001	0.984979239940429	1171
0.103542000461685	1.03427222817019	36
-0.10636650728791	0.906424380013929	36
0.100428025186357	1.36459309552961	36
0.0233619450431311	1.13351085629032	36
0.015786372891238	1.10570754819182	11
0.078028592339502	1.19296826500718	11
-0.0825300257201	0.447119644313728	199
-0.09025327399605	0.461739342382665	953
0.014048405794072	0.741744604885911	27
-0.0844871127588201	0.44445435265624	213
0.12312524514113	1.59089798334657	213
0.035520024052377	0.832643731423678	345
-0.03892497374996	0.528289213724686	345
0.0256281645755651	0.814130167323063	11
-0.0949892041614899	0.426677981651915	137
-0.0851981587447901	0.460286451421787	103
0.028916889920653	1.38404757408445	29
-0.09495015449327	0.431089768809382	29
0.084913590972338	0.991034287169585	29
-0.06310057188389	0.982291170048841	1171
0.010532615261276	1.69353834921847	1171
-0.0760134229221501	0.956008729856275	36
0.089487389184289	1.01893935774394	11
-0.0104557391415401	0.645207537661278	137
-0.0817747237733	0.443434174356338	2438
0.054817020586545	0.850606159808022	2438
-0.0451859424746099	0.524803149147824	199
-0.10750366729265	0.908879994407663	199
0.034095854568433	0.750170531073419	83
0.037993218488829	0.816746289830275	83
0.048995540610776	0.877568453131954	83
-0.03681073917624	0.527304632442209	79
-0.06957146517429	0.955043674760041	36
-0.0531173300263901	1.45590036324377	36
-0.11481692010929	1.18929304886671	213
0.067109495520589	1.56684723933902	846
0.097575598258378	1.05916696982976	79
0.030605205872081	1.41839423034881	23
0.104667574896641	1.74996886007362	36
-0.06873383999853	0.980919403938616	36
0.0762395937841051	1.23837226580223	137
-0.000656505471700042	1.05510503557959	137
-0.10416047510516	0.855160322499074	103
-0.0320921005669099	1.01523781269508	199
-0.0185822768469299	1.31875114317865	79
-0.03585657023551	0.50908882217423	79
-0.10110435131895	1.57786451205969	2568
-0.00348853179867992	1.07101328965861	36
-0.00493006808193996	0.625817276529766	36
-0.00210288088403998	0.628050453343245	11
0.04568885441173	1.43402520344233	846
0.016187443746719	1.62013786773064	79
0.122252353444168	1.14561889673471	32
-0.08282312023424	1.21073089357661	85
0.120981314972856	1.0998676350153	36
-0.00920855060482006	1.53927281412383	36
0.01627252392444	1.33705269361024	36
0.030463253244658	0.825923151298614	199
0.021505360742214	1.12030788013371	2568
-0.06578999288625	1.12887461316775	85
0.091812867649232	1.02101939669789	36
-0.04265600842536	1.22716664772732	36
0.036372791966067	0.826187500838286	137
0.095937661732183	1.02503448783897	11
-0.0053033317600899	1.09077765431089	137
-0.00393153698472992	1.07046569564037	137
-0.0387848175596499	1.00861502534587	686
0.0255719681068261	1.08423887995164	83
0.01708552291413	0.713313546824284	27
-0.0130567376588799	0.63098749836093	213
0.079889645200936	0.993979615664238	79
0.120374456843918	1.16666711758438	2568
0.120133806529498	1.76306625192189	345
-0.1244684962704	1.17455452827747	9
0.098587808002873	1.34329416952644	36
-0.1037942505612	1.7607061088566	11
-0.0839951331206099	1.39869230261016	11
-0.04732852817227	0.516759629363012	157
-0.10534963650776	0.905841652422644	686
-0.0717387169855701	1.60422348508029	345
-0.08172933178793	0.432893365338661	85
0.0776330072314651	1.2329371840095	11
0.0542866803940431	0.84681701407646	11
0.031902748735242	0.824237313203114	221
0.013136619417812	0.741668487336806	213
-0.000730801933650049	1.33399189883735	213
-0.08351367511588	1.18186595486963	213
0.081302513176288	1.24998509079203	1166
-0.10611006565089	0.906120945549004	32
-0.0636726493536	0.935995654278836	345
0.00926869220451298	0.736281055619676	1171
-0.0856674300282201	1.18158060655514	36
-0.02172139240968	1.31434925606219	11
0.086470275770541	1.01604667047572	103
-0.11794339352962	1.18424385903159	29
0.048946749095138	1.43711105904465	79
0.052345069156327	1.50908793573862	79
-0.0371226903422599	0.521186145985475	85
0.058879678067157	1.20215483472109	36
-0.11306814804639	0.880636814098012	157
-0.0395781369081301	0.546432037397103	157
-0.04542308743988	1.0147240992396	221
0.0916972606991699	0.958022491263707	27
0.069925894078985	1.52176309268792	79
-0.0852446130257201	0.448144265405579	32
0.061436639010408	0.863948559870082	345
0.096017655119348	1.04299445706202	345
-0.0381978778044201	0.544647620896677	85
-0.00607680015348011	0.644479564717747	157
0.03251989321472	0.845594081506867	27
-0.04306753533004	0.551948431767965	27
-0.07899714474275	1.24949004993922	213
0.051247041244632	0.893673660462257	36
0.018479696369274	0.70088054131315	103
-0.0851981587447901	0.460286451421787	27
0.016440341165281	0.703576261877646	27
0.124248540667898	1.7719447443945	29
0.107945430230336	1.10272650943112	1197
0.029445095847901	0.8221787523264	79
0.078858664139465	0.904270090927869	1177
0.102168037526678	1.32957443898462	1177
0.12344749734155	1.05343096644267	36
-0.03835006124396	0.543804603495701	11
-0.0887952722291701	0.433671095795841	157
-0.11158691769674	0.86137422942971	103
0.1106512917717	1.61873541195903	79
0.048130321964844	1.15056749946521	32
-0.0949892041614899	0.426677981651915	345
-0.0390795031198901	0.544153882459545	345
-0.0394255329186	0.540387477789303	12
0.108754742256476	1.09637933512146	11
0.071711481514344	0.93367244754114	27
-0.0834829344291801	1.16945256923056	29
0.102904514013789	1.39063010299705	79
0.106703807053155	1.34166173887388	79
0.0000951526349050047	2.32441873701448	9
0.0217329554525501	1.12929456698039	12
-0.12128404654482	1.19810941020392	12
0.096494367119947	1.04238683962104	11
-0.11105304219327	0.900574875495235	103
0.044116513738531	1.13793342960014	79
0.03803340861061	0.817041706849152	79
-0.0465858828767001	1.27431541198829	79
0.017730596417631	1.112293459251	9
0.105291984119153	1.09236052296201	9
-0.0133592928203099	1.04839630982335	36
-0.0542433188611899	1.26174540362005	79
-0.06574710644242	1.12281717401144	79
0.098514565030156	1.33752816991176	36
0.065172860518639	0.953109193987054	36
-0.09815605502726	2.03308904203273	137
-0.0395781369081301	0.546432037397103	137
-0.0389640109343501	0.546862449269498	103
-0.03865857466149	0.522225776061927	103
-0.10443022926959	0.917390526117551	503
0.113515547622964	1.0649060224442	27
0.0137983311755659	0.726161319088042	27
0.084208890812532	1.58602246665331	29
-0.00444422683518009	0.619529656814951	12
-0.09578437820653	0.84150082042244	12
-0.10605431455062	0.877123807381511	36
-0.09025327399605	0.461739342382665	400
0.00738915057881695	0.713591434247371	11
-0.11371244690075	2.10557685597266	137
-0.00190945786161989	0.62873971126547	75
-0.0881872236076	0.446898673795418	503
-0.11990483086733	1.4053811117122	27
-0.09573775800765	0.434763808991456	27
0.037468293174128	0.816529792920215	29
-0.00529620193272007	0.642361197783845	79
-0.0844871127588201	0.44445435265624	59
-0.0851981587447901	0.460286451421787	32
-0.10652628488442	1.11528402823549	9
0.036449028589849	2.09361775639463	345
0.072702569633108	0.927262341568705	13
-0.03743169351544	0.526081744940715	36
-0.0873009961762501	0.446858572022381	92
-0.03481855931842	0.525258317150982	245
-0.0363109948024201	0.501185072996077	503
-0.0859562104745899	0.464313506493711	1675
0.017096196431697	0.716975538770627	79
-0.0642183144122199	0.940421087447118	79
-0.03448035457601	0.507395563974352	92
-0.0749782319171799	1.6252795381895	27
-0.00868038086694001	0.623628112006791	29
-0.03770211870688	0.528980986657772	79
-0.0844871127588201	0.44445435265624	79
0.00468936513779406	0.999797568753172	13
-0.0453382061454299	0.514064024396761	36
0.0179076382055769	0.710547445680769	36
-0.0749828056653301	1.43360696556041	503
-0.08671451389292	0.463788626028475	503
-0.08324079490897	0.447865363040501	503
-0.0851981587447901	0.460286451421787	59
-0.0418408785500901	0.544103513671898	59
-0.06224647097769	0.971236431481622	345
-0.0910100417450499	0.464055649344474	245
-0.06559252250861	0.995691987235264	503
-0.08324079490897	0.447865363040501	503
-0.0852446130257201	0.448144265405579	503
-0.01643435797105	0.603669587875949	79
-0.1098926851715	0.890410576684976	59
0.0802125698669079	2.04893873505631	13
0.008898498949651	1.51597478241715	36
0.073447883061083	0.963950264411634	36
-0.0653587948576799	1.00674843754646	36
0.019387858028308	0.70469956487232	92
-0.0738274128118599	0.972656697723448	367
0.036159474042209	1.15649565958209	11
0.013782505410646	1.15469425636688	245
-0.10337472977534	0.879808665857479	245
0.041344872383291	0.773283715584445	103
-0.09251180273001	0.449546808671217	186
-0.01360214278692	0.550271233089499	27
-0.0451859424746099	0.524803149147824	27
-0.0752325001357901	0.970576255307517	27
0.122286118152613	1.69840926042951	36
-0.11349486565828	1.11370520272658	2035
0.029611219508989	0.786304906905004	92
0.066594423921327	0.9636653130343	92
0.088331040000326	0.954577216216989	92
-0.00648527108228003	0.630514425087773	245
0.032471336506029	0.785370502411698	503
-0.03911575676273	0.528313878992619	503
-0.0912680278790901	0.43017431913314	27
-0.08324079490897	0.447865363040501	79
0.015446303455055	0.75152636179251	59
0.0188955252015161	0.720558124434269	9
0.083186234439827	0.971959107244407	9
0.115469481210543	1.07132278756561	13
-0.0396944069527301	1.49438310034444	36
0.101489315423274	1.52157391299917	36
0.050015070633463	0.906773031486185	36
0.021903906297485	1.13828204947225	245
0.051700970950938	0.917583106638106	503
-0.06900192304838	1.00453125944966	503
-0.0874281158288599	0.451484255457576	780
0.00556115851017502	1.00776893291436	29
0.013458906747096	0.738359327608823	79
-0.0502461080133301	1.40359702829187	79
-0.0378562109118601	0.536523328770437	59
-0.00850405741607996	0.641127990833274	556
-0.02656765793619	1.27477390919464	9
0.085516751207557	1.65857839921568	13
-0.05339678241624	1.90505510674306	36
-0.00288042277296996	0.612298152008926	92
-0.08159223672374	1.18727659565934	92
0.00952084341948201	0.7327367732878	92
-0.00744287499361995	0.629039100785099	92
0.032730140823125	0.820430389959162	245
0.115295011462612	1.0638562704371	245
0.013709934644536	0.740480442750115	780
-0.08671451389292	0.463788626028475	342
0.037150245589583	0.790603108358096	195
-0.04306753533004	0.551948431767965	79
-0.0421486049767601	0.52866023984013	79
-0.07887142094487	1.4294177721953	79
-0.11782687278415	1.22539336975663	863
-0.08343022405137	1.98964103047114	9
-0.0342254359682901	0.990813128104818	9
-0.00802939775535005	0.626804626265778	92
0.015107677482663	0.723546933162739	92
-0.0861959206757601	1.19674113480913	92
-0.09025327399605	0.461739342382665	92
-0.0674067954667299	0.958263569311022	503
0.050386548396244	0.889721675438841	503
-0.0381978778044201	0.544647620896677	503
0.035009329054679	1.41999985034872	27
-0.0415357950126201	0.530849157803015	66
-0.0283450669221901	1.02385355115605	79
0.012838913162156	2.49567759570282	79
-0.09422196050541	0.43703029595885	556
0.011488475922894	0.738183729317338	9
-0.0385015980402801	0.521644873197038	92
0.00168915370889999	0.595831543616972	92
-0.11394974117249	1.55530684106527	371
0.051700970950938	0.917583106638106	245
-0.08948783635861	0.445889528865871	780
-0.0378562109118601	0.536523328770437	342
0.052566558556287	0.860254942791443	342
0.021177362738739	1.63792072984573	27
0.079397422685483	0.996800586345849	79
-0.0851981587447901	0.460286451421787	79
-0.0747384998913001	1.11817386535533	863
-0.0717654993238399	1.7943455534361	9
-0.06167544917729	0.9764023269736	13
-0.00666303785959999	0.645859471730558	36
-0.08051812790693	1.79149717945846	36
-0.10187220825734	1.61861544865598	36
-0.0118134344626999	0.614930107504317	36
0.060573925047003	0.860712649168324	36
-0.0832855758440301	0.446664434606429	2253
-0.03770211870688	0.528980986657772	11
-0.0442948926223701	0.542593664826433	245
0.055915985082976	0.884117921169694	503
-0.03831345976849	0.530486181300167	503
-0.0318853965085899	1.63841772605917	27
-0.11160455954169	1.57849389381978	79
-0.0271443959940001	0.467551925758901	79
-0.0909597991886299	0.449647078344454	32
-0.00209396610963997	0.598930547829436	863
-0.10383764938456	0.861751208299643	863
-0.0302860812694801	0.978839613528131	36
-0.04122329007979	1.71353720599366	36
0.063944171210833	1.68892282948937	371
0.075563939751284	0.922157054955166	503
-0.05369804766558	1.42052884483331	503
-0.08324079490897	0.447865363040501	27
-0.08591065802584	0.448197733425892	79
0.0273553302397011	0.807786981204017	79
-0.04260589692092	0.528673935514298	9
-0.04794178155893	0.516476276424851	229
-0.0865774847155401	0.435303668221497	347
-0.08591065802584	0.448197733425892	310
-0.09025327399605	0.461739342382665	1778
-0.0451859424746099	0.524803149147824	371
-0.03646717702862	0.507131130727776	79
0.064989832316889	0.959024533930708	79
-0.0343605551369399	0.536102609123761	59
0.015617411374228	0.714657139812764	9
0.105404301470861	1.04186970493708	39
-0.00587708669053999	0.577305704373936	1
0.066398431329828	1.26119227337012	13
-0.0859562104745899	0.464313506493711	1413
-0.0874281158288599	0.451484255457576	229
-0.03758431411615	0.541615576906218	36
-0.0083098786717799	0.638980085971436	92
0.048205940632739	1.20215477054524	371
-0.0882318764152801	0.44626620503097	503
0.032174664803249	0.825253897402791	503
-0.0409592928525999	0.527210165830047	503
-0.0153781153277299	1.5393083709663	342
-0.08671451389292	0.463788626028475	79
-0.0416886632818201	0.548094330790331	79
-0.0343605551369399	0.536102609123761	79
-0.0910100417450499	0.464055649344474	79
-0.00346550321576	0.614873236617284	32
0.021289051963896	1.35399801918021	59
-0.08248493893804	0.444169088958905	59
-0.0910100417450499	0.464055649344474	59
-0.00307062435415006	0.599992477438869	36
-0.0874281158288599	0.451484255457576	92
-0.08372986323368	0.433195810145427	216
-0.03846777039731	0.542562382304674	79
-0.03556260378064	1.07253984246951	79
-0.0912680278790901	0.43017431913314	70
0.00959093759619001	0.718798506830631	537
-0.0409231593654	0.529350673950011	347
-0.08591065802584	0.448197733425892	92
-0.0874730691547201	0.458843139120776	503
-0.0327145339727299	1.06593548583284	503
-0.08479742122496	0.430723677577902	1202
-0.0102627565253399	0.645487765218753	481
0.038548167425622	0.817572493523482	342
0.075647639679523	1.22887843021289	27
-0.09723547703995	0.426334190628322	79
0.039981568514159	0.814531056957129	70
0.012635247281652	0.732001792236116	70
-0.04334552600027	0.513881329073286	9
-0.00570808410128998	0.633044876251177	13
-0.10200334853564	0.873003270159658	13
-0.07170708418314	1.42435933492165	537
0.079468997979416	0.910337367631154	36
0.013136619417812	0.741668487336806	352
-0.00113019397879	0.610001841871166	36
-0.08671451389292	0.463788626028475	322
-0.08807253873759	0.447629913705502	503
-0.0574778724926399	0.93006740193329	139
-0.0283450669221901	1.02385355115605	2014
-0.03835006124396	0.543804603495701	1921
-0.0910100417450499	0.464055649344474	70
-0.0852446130257201	0.448144265405579	9
-0.03174696898283	0.504550651213994	9
-0.09723547703995	0.426334190628322	36
-0.0859562104745899	0.464313506493711	36
-0.09171712387372	0.451816650294612	36
-0.01662991672132	0.594987086066997	352
0.032970892475186	0.78558834998554	352
-0.0800006534806399	1.23914341543727	352
-0.00385856674990004	0.62662186427654	352
-0.08671451389292	0.463788626028475	36
-0.00549077855732993	0.639084272185793	503
-0.11017686632386	0.897673881588969	27
-0.00588237078404008	0.643733208265547	2014
-0.0389640109343501	0.546862449269498	79
0.088780810288478	1.86653206951715	79
-0.03681851620822	0.523290264409842	1212
-0.08671451389292	0.463788626028475	36
-0.08475325391888	0.442911391819315	503
-0.0389640109343501	0.546862449269498	27
0.0156383089834909	1.15366658088798	79
-0.0424541194217001	0.550317353680954	70
-0.0404578001678899	0.530631829471675	304
0.018867102699619	1.61663782206782	39
-0.10952225696618	1.4303543473016	1
-0.0910100417450499	0.464055649344474	1
-0.0349728393059201	0.539077645117453	503
0.012635298759432	1.15635130695807	27
-0.10437353297643	0.887637412709973	2014
-0.08591065802584	0.448197733425892	163
0.08430932875578	1.2744037317328	79
-0.0874281158288599	0.451484255457576	32
-0.00590712691488005	0.594352540745273	1
-0.08591065802584	0.448197733425892	36
-0.00985493959145001	0.626840644714084	352
0.081436664433863	1.00284390143011	15
-0.04333072734007	1.01930715581805	216
-0.0866692606869399	0.451957124311983	2014
-0.0874730691547201	0.458843139120776	2594
-0.08248493893804	0.444169088958905	1921
0.041113577844011	0.859864261498731	352
0.070863787065843	0.95273168753332	352
-0.0511368946598001	0.489961750379523	352
0.00894648239938001	0.728000851313138	89
0.040266307013561	0.810256466962484	89
-0.08444035854857	0.447981904928777	11
-0.08671451389292	0.463788626028475	50
-0.03911575676273	0.528313878992619	123
-0.08807253873759	0.447629913705502	2014
-0.03846777039731	0.542562382304674	79
0.012722402984103	0.739155450287402	79
0.046543261000156	1.15484164358408	32
-0.09025327399605	0.461739342382665	693
-0.0888203708736499	0.44480137415122	39
0.020718932925705	1.0323469900375	13
0.120632140044561	1.45252918190456	13
0.026222367267582	0.813882712648998	89
0.010748644626268	0.720361154021233	89
-0.0910100417450499	0.464055649344474	503
-0.00570808410128998	0.633044876251177	503
-0.0322022108636599	0.500783399681537	503
-0.000545316084489933	0.607464315718422	216
-0.04593279532526	0.487623494571323	434
0.010174243644652	0.715831442689051	553
-0.0859562104745899	0.464313506493711	622
-0.0661724527794201	0.970694303136269	382
-0.00805026450214008	0.610433744088355	1
0.112892175283485	1.10763008667624	352
0.066563767582719	0.93288284331975	352
-0.0146191770478601	0.61029513360981	138
-0.08732491004469	0.445497671761072	361
-0.03770211870688	0.528980986657772	163
0.067622407919572	2.44657228391101	79
0.022909591057323	0.660478204885008	13
-0.0459507183691801	0.526796960123197	352
-0.00724949182406998	0.643443437926213	89
0.020221743122556	0.727727753215644	15
-0.0888203708736499	0.44480137415122	66
-0.0109621550019301	1.92582245881548	32
-0.04230168925147	0.549712780146479	693
-0.04230168925147	0.549712780146479	9
0.068355774574253	1.48424336235429	13
-0.08948783635861	0.445889528865871	1182
0.03387703016147	0.788372005021767	27
-0.10703887600348	0.839409952469716	756
0.00952084341948201	0.7327367732878	2014
0.052508544436797	0.896281297309722	79
0.111465552475395	1.11371024536329	79
0.0750930459657591	1.26261045543722	70
-0.0859562104745899	0.464313506493711	693
-0.06904436486591	0.981100991659254	1
-0.03835006124396	0.543804603495701	1
-0.03881161737441	0.54422365098043	352
-0.0415357950126201	0.530849157803015	347
0.103115859335267	1.05236601699181	70
0.050916999297152	0.885268644961799	1128
0.033013957462368	0.825959088868535	465
-0.0349728393059201	0.539077645117453	693
0.016286945970846	0.695744088244784	510
-0.10335398691165	1.79077807983535	13
-0.0763891367034899	1.20572299007529	13
0.060634229299012	1.49337001802764	912
-0.0839968998521301	0.44740735851017	131
0.01477236507063	1.13102981105849	1643
-0.0964865156074499	0.434539035182135	352
-0.0429148899437499	0.54729497249711	352
-0.0924746983982001	0.448931482585012	7
-0.0909597991886299	0.449647078344454	89
-0.0844871127588201	0.44445435265624	138
-0.0859562104745899	0.464313506493711	138
-0.0108494225156499	0.639109487485836	138
-0.0380450463025199	0.525714201785332	1182
-0.01100617788317	1.27210259531434	163
0.054929226889172	0.916423223445982	163
0.0660447369980111	0.95267561518379	163
0.114108906215006	1.10877808972481	79
-0.12383958104046	1.68663906385506	79
-0.06904436486591	0.981100991659254	70
0.01536790261014	0.721268128526979	693
0.02787386278653	1.54375685179291	39
0.073420792539598	1.55246306599877	13
0.0888385267512209	1.28336350233331	912
-0.0395781369081301	0.546432037397103	13
0.068889879380323	0.979947892716036	1643
-0.0846923391582399	1.17378624530275	352
-0.08671451389292	0.463788626028475	352
-0.0867603664005001	0.443197813012176	144
-0.08404137429543	0.44218427211267	311
-0.0875832985942899	0.401952797243988	338
-0.04506147002586	0.527342321581453	92
-0.0345139745865	0.518542009891759	89
0.034964919977554	0.837667517077912	89
-0.0403446040756299	0.530778430357103	186
-0.0395781369081301	0.546432037397103	299
-0.0859562104745899	0.464313506493711	299
-0.0389640109343501	0.546862449269498	1182
0.013869630454911	0.717145222882049	79
-0.04321952694306	0.534439052955912	465
0.011826365347653	0.740127801928952	693
-0.0410758119438599	0.541935079610571	510
-0.0100618155236201	0.619433701186284	510
-0.08324079490897	0.447865363040501	1
-0.0859562104745899	0.464313506493711	13
0.00984274017752396	0.732806372549659	352
-0.00824178494610006	0.619345865886276	352
0.022665365338411	1.12205625505541	352
-0.08671451389292	0.463788626028475	144
-0.09176081865597	0.460935700988077	144
-0.0873009961762501	0.446858572022381	298
0.08435961371112	1.01914769790644	70
0.056936885337368	0.835493186838578	70
0.05908970567209	0.929089992596597	465
-0.0337484453769901	0.529123248784704	13
-0.0865774847155401	0.435303668221497	13
0.045607180445977	1.16653081136222	13
0.0693993304031389	0.981120628922193	912
0.015940642298129	0.721893250908531	1
0.103923649223621	1.05571765514338	131
-0.10156305043583	0.80878151548033	1
-0.0130567376588799	0.63098749836093	352
-0.00948242325636994	0.637979624823398	338
-0.0874281158288599	0.451484255457576	7
-0.0390795031198901	0.544153882459545	89
-0.08671451389292	0.463788626028475	336
-0.0874281158288599	0.451484255457576	299
-0.08324079490897	0.447865363040501	660
-0.04767910088414	2.26420952668486	756
0.072927046609833	1.48494142826246	79
-0.04240813605237	1.0345189723462	79
0.122992530814509	1.69358015842096	79
0.0563026684895131	1.17370986658205	70
0.082552305111238	1.30751531769869	70
-0.0241346188745999	1.81894301733221	70
0.0185781467153729	0.704201883345478	39
0.01669871394489	1.16212225232389	1
0.0581838076246251	1.14940977743159	1
-0.0102627565253399	0.645487765218753	352
-0.00967630711103995	0.647913469067726	338
-0.10889716247192	0.895213936140681	7
-0.01344925425716	0.619069563357989	7
-0.08948783635861	0.445889528865871	10
-0.0859562104745899	0.464313506493711	531
-0.0825300257201	0.447119644313728	27
-0.11676059113769	2.26300805081408	79
-0.10109609778905	1.96609378178911	70
-0.01997275292721	1.29064487936153	1
0.036612509314216	1.43096174796817	1
0.110069240020671	1.02086097480768	476
-0.03835006124396	0.543804603495701	144
-0.0859562104745899	0.464313506493711	1953
-0.0825300257201	0.447119644313728	531
0.035520024052377	0.832643731423678	465
0.074872307069179	0.938812728366652	1
0.06864616497224	0.935270634712111	97
0.019399706566103	0.724846784133405	97
-0.00570808410128998	0.633044876251177	144
0.015446303455055	0.75152636179251	7
-0.08671451389292	0.463788626028475	89
-0.08475325391888	0.442911391819315	568
-0.08671451389292	0.463788626028475	269
-0.08807253873759	0.447629913705502	299
-0.0404249578837801	0.476836027554877	299
0.120757777750551	1.59641661760361	163
0.11370963666634	1.6980092173168	79
0.107078560882248	1.76968594732289	79
0.108486228134934	1.5656066519123	79
0.050266596225794	1.5414852403288	465
0.024244830393383	0.681573599358431	465
0.030790837474999	0.807370959180141	13
0.068788629443529	0.894964457248983	13
-0.07891199992153	0.420239447295686	559
-0.08948783635861	0.445889528865871	352
-0.0866692606869399	0.451957124311983	352
-0.0832855758440301	0.446664434606429	352
0.011164904426138	0.735619833258299	352
-0.0656699222169601	0.993928555652158	144
-0.0852446130257201	0.448144265405579	7
-0.0844871127588201	0.44445435265624	7
-0.0485367143712501	0.485965836637988	336
-0.0920338325351999	0.430883137128951	336
-0.0917377917739901	0.434801081347715	336
-0.0839968998521301	0.44740735851017	531
-0.09023761545666	0.448018454998712	299
-0.09176081865597	0.460935700988077	172
0.053206830044255	0.904010924876919	163
-0.0706800999425501	0.991703061168182	79
0.0128143584303551	0.720996978714838	629
-0.0032731224948499	0.630301657731701	39
0.081023354440357	1.21068506131522	13
-0.0873009961762501	0.446858572022381	568
-0.0909597991886299	0.449647078344454	269
-0.0352435780859099	1.69948481620491	79
-0.0910100417450499	0.464055649344474	629
-0.00802939775535005	0.626804626265778	629
-0.03835006124396	0.543804603495701	39
-0.04547722559414	0.486360564319405	39
-0.11800247234173	1.1539150954332	13
0.03653809215149	0.810079047642266	13
-0.0100642172324199	1.05300884136198	559
0.01536790261014	0.721268128526979	352
0.014471099672172	0.696955869365195	144
0.035248767558288	0.846389185622084	144
-0.0396914091690399	0.541792578337749	144
-0.00967630711103995	0.647913469067726	7
0.010095004172995	0.733398764743081	7
-0.03681851620822	0.523290264409842	7
0.0150443554865159	0.707601530841084	7
-0.0398151673406799	0.487673225006746	336
-0.0909876005677299	0.445192950965475	2
-0.0851981587447901	0.460286451421787	299
-0.08324079490897	0.447865363040501	326
-0.09171712387372	0.451816650294612	27
-0.09023761545666	0.448018454998712	27
0.00418222443901795	1.54239468699551	163
0.011242725390273	0.722052259292206	163
-0.0372448245741701	0.521953345603037	39
0.00194875322659405	1.33001737397917	13
-0.00869748273946991	0.628342665891881	97
-0.0424541194217001	0.550317353680954	7
-0.0810196698532799	0.432193569930523	568
-0.10043810901903	0.418596726473901	269
0.063638576399794	1.52872839381364	163
0.00739296050805705	1.72983785406906	163
0.071102873853593	1.21733266825469	163
0.021073856288942	1.14055255257059	163
0.081615636596992	1.30974238758546	70
0.0886660359349301	0.959631823093343	13
-0.0778437805604899	1.24698317190195	13
-0.01585247191383	1.30084249083262	1
-0.01227426527563	0.623946374676299	144
-0.0396914091690399	0.541792578337749	269
-0.00512307861776007	0.63030199554192	27
0.018071592553574	0.703273789276726	39
0.00649110735504799	0.714960490572481	13
-0.0208382651111101	1.26508451893715	1
-0.08948783635861	0.445889528865871	1
-0.0665323787240999	0.936697621375769	97
0.013136619417812	0.741668487336806	352
0.071904019888076	0.913011705141429	144
-0.08671451389292	0.463788626028475	568
-0.0888203708736499	0.44480137415122	568
-0.03681073917624	0.527304632442209	531
-0.09023761545666	0.448018454998712	326
-0.01555519506243	1.54812061790626	70
0.03943280081814	1.14884829065708	465
-0.10331207189227	0.877096593818986	39
0.088996069342178	1.01775867707638	13
-0.00249461886324998	0.628258920198277	1
-0.0803817794364301	1.22546554120102	97
0.057636879979462	0.87714578382582	144
-0.0737845855794199	0.958134501166086	144
-0.00666303785959999	0.645859471730558	7
-0.00376040770344011	0.61705098819015	7
-0.01994610117854	0.533976249990207	20
-0.0860023641883201	0.447686671947522	186
-0.0880480329765701	0.444040648068345	326
0.086124583090173	1.02645663894098	79
0.058061002986647	1.2322525292908	70
0.0521467590246451	0.90198435921703	97
-0.10789961596415	0.905998304141027	97
-0.00986943738889989	0.643841059526592	7
-0.00588237078404008	0.643733208265547	7
-0.09176081865597	0.460935700988077	2
-0.0860023641883201	0.447686671947522	1373
-0.08591065802584	0.448197733425892	465
-0.08671451389292	0.463788626028475	39
-0.10693498993868	0.909885560142051	13
-0.03855370055396	1.03997498838431	1
-0.0874281158288599	0.451484255457576	352
-0.0361979312346301	0.534919576539785	48
-0.0874281158288599	0.451484255457576	1373
-0.0532399268192301	1.60268061173312	39
-0.00292226113711003	1.07646422973634	509
-0.0685544078719	1.11344279503891	509
-0.0345139745865	0.518542009891759	568
-0.0873009961762501	0.446858572022381	1249
-0.09176081865597	0.460935700988077	186
-0.0949697169822099	0.445658806946981	186
-0.0874730691547201	0.458843139120776	19
0.046438731046451	1.44124651980858	70
-0.03635198914461	0.52760874882956	39
-0.07223222836594	1.42421966901349	13
-0.0337484453769901	0.529123248784704	509
-0.06559252250861	0.995691987235264	509
0.042442078226438	0.782047246882863	509
-0.03973009207678	0.531159476758536	97
-0.05181318967808	1.2616745246871	352
-0.00985493959145001	0.626840644714084	7
-0.00666303785959999	0.645859471730558	1249
-0.0874281158288599	0.451484255457576	19
0.044793052528932	0.869501488126065	79
0.014122068441717	0.733938726272141	32
-0.00852582583017991	1.11356566999287	32
-0.00471024913501994	0.637001941905086	39
0.020808238332784	1.39290159517497	39
-0.11919778300287	1.18111740580956	13
0.074707827142882	0.931659281248203	13
-0.0865249481983801	1.23061815873578	13
0.015697509772671	0.736384657843779	509
-0.0949697169822099	0.445658806946981	186
-0.04794178155893	0.516476276424851	1373
-0.0349728393059201	0.539077645117453	27
-0.0419759697420801	1.24865639427756	70
-0.0924746983982001	0.448931482585012	13
-0.11022243945403	1.31046484562129	13
-0.0338449035785899	0.994572273821757	13
-0.03973009207678	0.531159476758536	1249
-0.00171528729770998	0.60957653881268	247
-0.0844871127588201	0.44445435265624	509
-0.0364227167959501	1.07128727279894	509
-0.07245739814873	0.968999320080239	496
-0.08671451389292	0.463788626028475	1323
-0.08475325391888	0.442911391819315	1323
-0.0825300257201	0.447119644313728	2
-0.0329828698224599	0.516264923973085	2305
-0.03573914275311	0.52798270462272	70
0.086190861006484	0.945967524016621	70
0.0759731109676191	0.924468154375697	39
-0.0150136444134199	0.623511475637097	13
-0.10554166996114	0.90268755606912	13
0.012412857072263	1.1329319671308	77
0.100580803520586	1.0521728364664	1
-0.11287320703775	1.56948198048431	247
0.047485078808039	0.894621413499308	7
-0.00850405741607996	0.641127990833274	270
-0.0860023641883201	0.447686671947522	270
-0.0429148899437499	0.54729497249711	1373
-0.0162175980978601	1.78204984378374	2204
0.019399706566103	0.724846784133405	13
-0.06561960891148	0.94955813950992	77
-0.08324079490897	0.447865363040501	509
-0.10662249479634	0.8901373449002	509
-0.00666303785959999	0.645859471730558	7
-0.0390795031198901	0.544153882459545	496
0.072576139773876	0.96795112548793	7
-0.0860023641883201	0.447686671947522	2305
0.103499103016029	1.40923006039519	70
0.123235067270433	1.01521899985336	70
-0.09025327399605	0.461739342382665	39
0.064602166740008	0.88087361638211	39
0.017002819964584	1.32718447095691	13
-0.11173667994369	1.15107062728555	13
-0.00668617634996993	0.614842692029875	7
0.0181580602918749	0.705295597398771	7
-0.11647724605901	1.39517128164695	7
-0.00576882711673998	1.09220054378295	496
-0.0395781369081301	0.546432037397103	2305
-0.0859562104745899	0.464313506493711	270
-0.0956975160450699	0.42304014019952	186
-0.0474361784483399	1.25209153698314	147
0.026624287936183	1.61386577728373	70
0.061633329962727	0.94197191547355	70
-0.08444035854857	0.447981904928777	39
0.019795640463924	1.35880162331877	1
0.0491244770600931	0.875355474150991	247
-0.0920338325351999	0.430883137128951	509
0.033013957462368	0.825959088868535	7
0.117312263646218	1.09270711149199	7
-0.07273654435657	0.959808693563926	496
0.0396971953987521	0.802549899083709	7
-0.00967630711103995	0.647913469067726	20
-0.08671451389292	0.463788626028475	2
-0.0839968998521301	0.44740735851017	186
-0.0839968998521301	0.44740735851017	270
-0.0887382631909901	0.435707729971029	186
-0.00268028862419989	0.596974181578305	122
0.030838580119311	0.810578323358122	32
0.070316141670026	1.5141297039808	70
0.028333240882522	0.824554582199748	13
-0.03835006124396	0.543804603495701	509
0.0165928760003941	0.753010338670411	509
0.035532983969323	0.840090090515711	280
0.055261420962802	0.908892669602063	7
0.034964919977554	0.837667517077912	7
0.033569298626186	0.821118142124365	20
-0.0260102483031801	0.996848092430358	20
-0.0083098786717799	0.638980085971436	20
-0.0852446130257201	0.448144265405579	2
-0.0471762642076901	0.530807915424968	270
0.089064264521207	1.34682682886705	70
-0.0304971893536701	1.69425309842392	70
0.015790812233108	1.58710060161261	70
-0.00210213151895	0.543583715177121	70
-0.0832855758440301	0.446664434606429	13
-0.0427419071141899	1.21173834466924	13
-0.10579821921964	0.898284500597822	1
0.00894648239938001	0.728000851313138	247
-0.0465634043599901	0.531129657478768	1
-0.00570808410128998	0.633044876251177	509
-0.0080668985261001	1.09707775471693	280
0.011086750264497	0.687668014389369	496
-0.00784698614596002	0.611564432784076	494
-0.03881161737441	0.54422365098043	7
-0.00385856674990004	0.62662186427654	20
-0.0442948926223701	0.542593664826433	270
0.102944512241555	1.40937753962297	2204
-0.0797279762085299	1.26498163237597	70
0.03664317533372	0.841949983860779	13
0.088531365313953	0.970669013086521	13
-0.01096205399886	1.62361675791667	1
0.033694062651295	1.16822380075953	13
-0.0453802956742799	1.22377898482331	13
0.033298145533539	0.819585532378045	7
-0.00948242325636994	0.637979624823398	1614
0.045261456839652	0.878710401336255	7
-0.0087012564995399	0.615626917595378	4
-0.00512307861776007	0.63030199554192	20
-0.0392333784385901	0.531334889582806	2
-0.03681851620822	0.523290264409842	2
-0.0318666851935101	0.473732067907062	186
-0.0397829396373	1.05812296557651	2
-0.0836117429241401	0.421495956469318	1807
-0.0866692606869399	0.451957124311983	383
-0.0681870868016701	0.963252950925862	70
0.01864473646925	0.702183513399394	13
-0.03323715297801	1.06458955132904	13
-0.0859562104745899	0.464313506493711	7
-0.0910100417450499	0.464055649344474	2
0.022968331309641	1.33924011139225	122
-0.0351264712641799	0.525157714854205	874
-0.10611006565089	0.906120945549004	153
-0.0638052175959301	1.38600356722635	13
0.01231230558411	0.744675656081052	496
-0.03052351330575	1.00232992886043	7
-0.0989084546007399	0.882291573088493	7
-0.09176081865597	0.460935700988077	20
-0.0859562104745899	0.464313506493711	2
-0.04230168925147	0.549712780146479	2
-0.0882318764152801	0.44626620503097	1807
0.068744490863113	0.96177637599576	122
-0.03600107942815	1.74723768339693	147
0.07265132771668	1.15565820903296	874
-0.09025327399605	0.461739342382665	874
-0.00170369655015001	0.605859523406033	874
0.083606457192743	1.3628659899392	70
-0.03758431411615	0.541615576906218	70
-0.0818773113192801	0.889008200922574	13
-0.0920122109327	0.429960301394147	13
-0.0851981587447901	0.460286451421787	7
-0.0851981587447901	0.460286451421787	7
-0.0329828698224599	0.516264923973085	186
-0.0839968998521301	0.44740735851017	1284
-0.0874281158288599	0.451484255457576	186
0.05111503307259	0.889629633398474	874
0.029552750033692	1.43312671188434	70
-0.08324079490897	0.447865363040501	13
-0.0517307379923	1.25743618482905	1
0.030567654800949	0.831892538556666	1
0.028604410921573	0.812367155477868	62
-0.11875577754497	1.18194470360063	7
0.046954478953673	0.893649324192021	7
-0.0706833466177901	0.964956107961327	7
-0.06051123061074	0.937120773742714	7
-0.0342064887528599	0.525626367941855	7
-0.09025327399605	0.461739342382665	186
-0.0865774847155401	0.435303668221497	2
-0.09023761545666	0.448018454998712	186
0.082149700423659	1.01150871514744	70
0.0396690494898611	0.800647385768736	39
-0.0584944737645201	1.58059586681435	13
0.011242725390273	0.722052259292206	1
0.07281704382919	0.920350092567254	7
-0.0394255329186	0.540387477789303	7
0.118115690640831	1.07818254110849	7
-0.11048358022217	0.903938491373199	1354
-0.05190257809364	0.491644971356794	1354
0.00681380845865298	0.700686410384508	7
-0.0389640109343501	0.546862449269498	2322
-0.03758431411615	0.541615576906218	2657
0.073116788970689	1.26096346930299	70
-0.0832855758440301	0.446664434606429	153
0.00331105689070899	1.32782661574227	13
-0.0246141819821699	1.3215285245672	13
0.052178710345447	1.21167765236409	62
0.093739566563947	0.990765370037083	62
0.019649408847263	0.730416547473872	186
-0.03773628774416	0.536620637211489	874
0.012762944468248	1.82223703660456	70
0.082359762318615	1.29775370128334	70
0.036228233112964	0.81996290053599	153
0.099156878656929	1.06018583720386	13
0.067486295413715	0.939163568098438	1316
-0.0261957540061	1.00526123922004	7
-0.09176081865597	0.460935700988077	380
-0.09023761545666	0.448018454998712	2
0.0154496332109439	1.62614610866056	70
-0.00868038086694001	0.623628112006791	39
0.119218890154008	1.05670001786237	39
-0.0852446130257201	0.448144265405579	153
-0.09025327399605	0.461739342382665	153
-0.00108334026786006	1.0492706255521	1316
-0.0859562104745899	0.464313506493711	62
0.018181009798559	0.699784847196983	1
0.015691464926555	0.713348399392903	1
-0.0985967692607901	0.87831510323327	7
-0.0851981587447901	0.460286451421787	524
-0.09023761545666	0.448018454998712	186
-0.0865774847155401	0.435303668221497	37
-0.0424472211489899	1.86097714475477	70
0.065328085677394	0.946352116744742	7
0.00869444400387598	0.735610868026479	7
-0.0320410205397901	1.02796740794686	1110
-0.0389640109343501	0.546862449269498	20
-0.08475325391888	0.442911391819315	380
-0.00666303785959999	0.645859471730558	380
-0.0983088042365301	0.834614137469184	122
0.037548832338046	1.39582345863794	70
0.099737878023199	1.37429900212542	1316
-0.0032731224948499	0.630301657731701	1
-0.03485528563743	1.05401834838043	7
-0.08591065802584	0.448197733425892	7
-0.0851981587447901	0.460286451421787	2
-0.0396914091690399	0.541792578337749	922
-0.0394255329186	0.540387477789303	922
-0.0874730691547201	0.458843139120776	37
-0.0860023641883201	0.447686671947522	1193
0.034398483168641	1.26763399276527	70
0.029730357723982	0.826138099564275	1521
-0.08172933178793	0.432893365338661	534
0.116393723867457	1.10406102883586	13
-0.00613683296250001	1.10597598891916	13
0.059912306423459	1.21157939555268	1
0.021828860058404	1.35908112439987	62
-0.0801770114378	1.18977993729884	196
-0.0865774847155401	0.435303668221497	1
0.0109211665514209	1.12971682223412	7
0.015940642298129	0.721893250908531	7
-0.10693498993868	0.909885560142051	524
0.00729399599761704	0.724678056406277	20
0.014371888298618	0.728612554550232	20
-0.0118824761306999	0.618732354684412	353
-0.0910100417450499	0.464055649344474	37
-0.0874730691547201	0.458843139120776	37
0.067074686642925	1.17287991552894	70
0.070515126261372	1.54422401257983	70
-0.0403106979446299	0.523699906911906	1521
-0.01039251604446	1.31489460244083	719
0.041716767499607	0.875148579931517	1
-0.000779117520679939	1.29764041952919	1
0.064253465782019	0.941168761467666	196
-0.03481855931842	0.525258317150982	1
0.082376600921666	1.00009447172432	1
-0.0096513432674401	1.10598204240678	7
0.052478118378018	0.906553569909942	7
-0.0461025441052601	0.500851291313972	7
-0.103805291776	0.879867106565186	7
-0.0104557391415401	0.645207537661278	240
-0.00490497292316006	0.628833175866884	922
-0.00967630711103995	0.647913469067726	922
-0.08671451389292	0.463788626028475	353
-0.03635198914461	0.52760874882956	2212
0.00149167789470805	0.562235475579431	70
0.0165928760003941	0.753010338670411	70
0.02981711371906	1.69991934343994	70
0.007868531935182	0.729337808639835	1521
-0.0494977957155101	1.71264792227481	13
-0.04345421945591	1.47581218987717	1
-0.0369709262172699	0.534494812965862	20
-0.1060794233261	0.88486751881079	20
-0.0396914091690399	0.541792578337749	1825
-0.09176081865597	0.460935700988077	2
-0.0400396245293799	0.532606242449815	2
-0.03831345976849	0.530486181300167	922
-0.0875186198165101	0.431717674861556	353
-0.0021148883267601	1.06970041382775	70
0.074713200113994	0.959559850505068	70
0.078737446450922	0.996327156722755	1521
-0.0501248936294001	1.30093337600306	719
0.091588995333482	1.42809789100524	13
0.065344365491825	1.26405037161347	13
0.036118414189369	1.1970759682913	13
-0.02094974779865	1.32949580185762	62
0.014577591668417	1.1561771724867	62
0.064151959095657	0.939990616319661	7
-0.04368112636646	0.549505617712073	2
-0.0859562104745899	0.464313506493711	2
0.00926410717631099	1.46704003887021	70
-0.05168581351448	1.41029840966853	70
0.085585494779945	1.28875083614979	118
-0.01708500375063	1.30180407550163	13
0.0437553015794681	1.18700447949499	13
0.111434329218731	1.07118178278497	62
-0.0382817720747	1.02712374772414	62
0.122486829501199	1.10756627309524	1
0.012653151067777	0.731918917181654	1
-0.08591065802584	0.448197733425892	13
-0.09176081865597	0.460935700988077	13
-0.09023761545666	0.448018454998712	13
0.088925377959354	0.992084820861975	1
0.119829618474526	1.06691944422155	7
0.010340904223857	0.729356865905343	20
-0.08671451389292	0.463788626028475	2
-0.08948783635861	0.445889528865871	922
-0.0429148899437499	0.54729497249711	37
-0.0859562104745899	0.464313506493711	37
-0.08671451389292	0.463788626028475	37
-0.00967630711103995	0.647913469067726	37
-0.05493742998615	1.87431292732214	70
-0.05341053733303	1.23662366018636	118
-0.11105304219327	0.900574875495235	13
-0.0390795031198901	0.544153882459545	62
-0.0851981587447901	0.460286451421787	240
-0.0392333784385901	0.531334889582806	1825
-0.0418148774409699	0.511706610780705	615
-0.0873009961762501	0.446858572022381	922
-0.1173128273205	1.22706346220202	305
-0.00551522166334006	0.625347083172717	901
-0.11592267353489	1.21214208800366	901
-0.04956070219974	1.28554408760235	7
-0.0132203511494899	0.463826546480972	458
-0.0408069180773201	0.534703182808431	20
-0.03743169351544	0.526081744940715	186
-0.0851981587447901	0.460286451421787	37
0.039880263171589	0.742657943326582	70
-0.0302641554308201	1.64502849013065	70
-0.0438536024796701	1.02552907014355	118
0.0117490904241619	0.69538210939518	719
-0.03723438777458	1.03346390131292	7
0.017945489471575	1.1184089177742	7
0.031408724905296	0.839375259636515	20
-0.0394255329186	0.540387477789303	730
-0.0874281158288599	0.451484255457576	2
-0.04321952694306	0.534439052955912	37
-0.0363109948024201	0.501185072996077	37
-0.0851981587447901	0.460286451421787	37
-0.08671451389292	0.463788626028475	37
0.101388672629616	1.4247393230061	70
-0.10611006565089	0.906120945549004	70
0.086360033434333	1.33413363709274	70
-0.0176114898811901	0.602942452527438	719
0.049739242928553	0.892033999803713	719
-0.10403562814115	1.29581560184611	13
0.106858795908999	1.0371432900047	13
0.054983896754337	1.21258409205217	7
0.096789910773769	1.06905885820877	7
0.038548167425622	0.817572493523482	7
-0.0389640109343501	0.546862449269498	2711
-0.0032731224948499	0.630301657731701	1825
-0.0942029946241401	0.431305557851288	186
-0.08732491004469	0.445497671761072	152
0.0396690494898611	0.800647385768736	118
0.023355172141191	0.796318043626755	13
-0.10476507298025	0.873043717347872	1
-0.03746838777855	1.05927739688103	7
-0.0337018731304699	0.996999825583982	20
0.013961417607717	0.729591251270109	2516
-0.0438333324067399	0.535963951230617	1825
-0.0349728393059201	0.539077645117453	721
0.00926869220451298	0.736281055619676	13
0.019727730754053	1.36465688618039	13
-0.10055411608223	0.888747607494217	1
-0.0267153399726701	1.29644820325719	1
-0.04119160613798	0.477135029680721	757
0.055347211102272	0.851416530839547	757
0.105597288914378	1.02096684985212	901
-0.01831959921011	1.28553673311553	7
-0.00784698614596002	0.611564432784076	20
-0.06896898850383	0.957241270679413	20
0.017931209934569	0.718389261452869	730
-0.08671451389292	0.463788626028475	1280
0.0185781467153729	0.704201883345478	37
-0.0881872236076	0.446898673795418	37
0.016413182356846	1.38265719963921	70
-0.0562588335821601	0.868274909477609	65
-0.00154977289853009	0.994467847611846	1
-0.0684809236447801	0.948415661541028	1
-0.00953228095937009	1.11537521459627	62
-0.0104557391415401	0.645207537661278	62
-0.0676420530978099	0.978929790469658	1
-0.10648033796579	0.906022209086499	7
0.031123464492133	0.837032137483512	20
-0.0697796699883699	0.959069159747921	20
-0.0429148899437499	0.54729497249711	186
-0.0817747237733	0.443434174356338	13
0.101118312055919	0.99656040834	62
-0.0859562104745899	0.464313506493711	1
-0.0394255329186	0.540387477789303	1
0.02136581439045	0.711430582941808	119
0.056251845329513	0.897011566220107	119
0.0182424258730149	0.718223241227063	20
0.014872717620843	0.744800760196921	20
-0.0839968998521301	0.44740735851017	186
-0.0874281158288599	0.451484255457576	37
-0.0177697760117499	1.97368759591639	70
-0.03835006124396	0.543804603495701	62
-0.0956975160450699	0.42304014019952	1
-0.0132203511494899	0.463826546480972	1
0.08449251416474	0.911412766074275	1
-0.03297979707043	1.00169554840624	119
0.0186108125757199	1.10078624861805	7
0.03321777920201	1.3557149997864	1677
0.031408724905296	0.839375259636515	13
0.116185784787996	1.02975442526237	62
-0.08591065802584	0.448197733425892	62
-0.0852446130257201	0.448144265405579	7
-0.01149095634262	0.602924752169086	20
-0.0403446040756299	0.530778430357103	721
0.010222851125513	1.08716184455593	70
-0.01122554238698	0.624248013378642	719
-0.05548654438715	0.857167295578898	13
0.039501157559274	1.09458895532372	65
-0.00499345278553998	1.09807030044921	240
-0.00307999549221005	0.624606367799077	20
-0.10394260896177	0.880795350787153	20
-0.0867603664005001	0.443197813012176	1408
0.020472005807644	0.722314862509827	1408
-0.09422196050541	0.43703029595885	37
-0.08671451389292	0.463788626028475	37
-0.08967718942572	1.46282506269042	482
-0.01423186719326	0.625959718630449	1
0.029445095847901	0.8221787523264	1
-0.06876932182672	0.997485365017101	62
-0.06426864387888	0.99536521043838	119
0.0150443554865159	0.707601530841084	20
-0.0844871127588201	0.44445435265624	37
-0.03881161737441	0.54422365098043	37
0.02279049981465	1.61804729631078	70
-0.0116870962754001	0.620352037731766	62
-0.0408036208778999	1.36791499320012	119
-0.01901925695428	1.057380123797	7
0.067722686588314	0.920198767148876	20
-0.0106378674366101	0.628807540633185	385
0.00835845346816999	1.61349292585543	70
0.043608272511739	1.37179898364784	65
0.101763270219631	1.05248354050616	1
0.107088469086439	1.10410702048948	1
0.0839877924251839	1.00965000774936	62
-0.11274057354357	1.17383344393719	62
-0.09495015449327	0.431089768809382	119
-0.09251180273001	0.449546808671217	186
-0.00889604277839995	0.640328153008853	186
-0.11263606060898	1.1898576485061	70
0.057965897508878	1.72532771995191	70
0.054677996887107	1.52271251952571	482
-0.0355852979748399	0.538669182076956	482
0.0316371248409421	0.815558548487217	1
-0.03605374045322	1.18721550018914	1789
-0.10636650728791	0.906424380013929	20
0.06536854486518	1.23970904268289	118
-0.0499129560809499	0.502882774509676	719
-0.0410758119438599	0.541935079610571	65
-0.08121959932441	1.21128236864949	119
-0.0740591061193401	0.957060433592976	1789
-0.0859562104745899	0.464313506493711	72
-0.10331207189227	0.877096593818986	65
0.01758155440453	1.16170024218823	65
0.039004775364603	1.15877837275471	119
-0.0257242393503301	1.00301977508004	119
-0.00986943738889989	0.643841059526592	119
-0.07940287346791	1.46075528632807	20
-0.0032731224948499	0.630301657731701	20
-0.0408069180773201	0.534703182808431	186
-0.0381978778044201	0.544647620896677	37
-0.0851981587447901	0.460286451421787	37
-0.0728401463705199	1.56487720178104	70
0.02181571821747	1.6642921286342	482
0.052897123669001	0.913233189245129	65
0.061464832853505	1.18155958027645	65
0.028465506735484	1.15049261928387	62
-0.000157844191579937	1.4643879184635	119
0.056251845329513	0.897011566220107	119
-0.0521021407464199	1.28450276948341	119
0.035201980016636	0.799120972904629	20
-0.0148533668353299	1.06042734021112	1117
-0.0385015980402801	0.521644873197038	20
-0.0102627565253399	0.645487765218753	20
-0.04306753533004	0.551948431767965	315
-0.0855098572609401	0.431413453126489	37
0.035934679553642	1.39445323026607	41
-0.0693388038837199	0.967595914465062	65
-0.0176557836653499	1.31801453310357	65
0.0852175559595521	1.34869519282599	65
-0.00985493959145001	0.626840644714084	20
0.050186058577358	0.891736802014587	20
-0.00889604277839995	0.640328153008853	315
-0.0303698593811099	0.50167884960945	72
-0.0424541194217001	0.550317353680954	37
0.078080745454256	1.46870480285799	867
-0.06708195079502	1.63004982550782	867
-0.12008528233782	1.60918162319762	65
0.101009416635375	1.71318473567699	65
0.088001472389882	1.78803365476294	1
0.016535623488928	0.70462354265276	457
0.015294196720256	0.686556057035399	457
-0.0609554016602201	1.68485823114272	62
-0.10200334853564	0.873003270159658	119
0.015195548988403	0.751064234629251	119
-0.0692799686605801	0.975527975819747	119
0.013801226543676	0.737442234440192	385
-0.08372986323368	0.433195810145427	37
-0.04306753533004	0.551948431767965	37
-0.0396914091690399	0.541792578337749	37
0.117178167191545	1.14586400145896	70
0.114621511456808	1.84015798403951	118
0.032621428434922	1.97447252265164	867
0.086364151317314	1.37352674812183	65
-0.0721338147184201	1.81860412218391	65
0.066341996706158	1.25136796493841	65
0.011623020896778	1.26383556190601	119
0.032186856313962	0.810570186196694	20
-0.11065498647392	1.65144465128516	20
0.015940642298129	0.721893250908531	1057
0.014622077309865	0.748383889702645	37
-0.0471762642076901	0.530807915424968	37
-0.0100504094625899	0.62926237021709	70
-0.0902027241905501	0.439264735657733	70
0.023101002389588	0.69629506050543	118
-0.09176081865597	0.460935700988077	118
0.014934676103918	1.13263251477273	65
-0.0935240034929501	0.422610156548966	1
0.061961051946261	1.20893825286237	70
-0.00352373681153995	1.817007109654	70
0.115598558766003	1.09464891680355	65
-0.0285748896916	1.27504455047779	65
0.099752883808889	1.38399822853042	457
-0.00667648985918001	0.60946215550486	62
0.030655094238329	1.69542897201035	119
0.093291803029789	0.991343680652899	119
0.088164263396908	1.01399309251416	119
-0.0633373580438299	0.969036746973349	20
-0.08807253873759	0.447629913705502	315
-0.04506147002586	0.527342321581453	72
-0.0817747237733	0.443434174356338	72
-0.0355852979748399	0.538669182076956	37
-0.10693498993868	0.909885560142051	37
0.059411998525273	1.56975089996373	70
-0.08591065802584	0.448197733425892	65
0.038992809684301	1.19024571323552	65
-0.0539277260600299	1.24916826562618	62
-0.00198834720876007	1.27303381103529	119
0.121933599419411	1.03166143401304	6
-0.03597903960413	1.02271391727293	119
-0.11809302146567	1.20355986690708	20
-0.0150136444134199	0.623511475637097	20
-0.10421677351557	0.887389883526763	20
-0.0424541194217001	0.550317353680954	1057
-0.09916404731827	0.887556400964483	385
0.013150760345251	0.689693823065278	37
-0.00648527108228003	0.630514425087773	37
0.088734430098736	1.00199034243579	70
0.022390531470795	1.12003322943427	118
0.041002250201713	2.0273133977575	867
0.060221634788678	1.46827238079138	65
0.05236773221299	0.912173930082469	119
-0.12369627926903	1.3649095543799	119
0.01619026746273	0.718443083087028	648
-0.12409589354326	1.18291713912437	119
-0.0401924392581901	0.542557817612941	240
-0.07916478397367	0.939007172042268	20
-0.00986943738889989	0.643841059526592	20
0.118808008917753	1.04896509916208	20
0.110096036398944	1.00866826872824	20
-0.1059015848137	0.864003013059167	20
-0.08591065802584	0.448197733425892	20
-0.00985493959145001	0.626840644714084	315
-0.10129986024417	0.860884112090088	72
-0.0424541194217001	0.550317353680954	2847
-0.10935515657698	1.43172937368588	70
-0.00686160624799004	2.02589160307132	65
-0.04368112636646	0.549505617712073	1
-0.00809342651043998	0.615125114533338	62
0.00894321676057597	0.696935812293997	119
0.0814747823073691	1.27278645773098	119
-0.04368112636646	0.549505617712073	119
-0.0347687992592001	0.44967292561619	849
-0.04042427577635	1.02301201353579	20
-0.0401924392581901	0.542557817612941	68
-0.0866692606869399	0.451957124311983	72
-0.0860023641883201	0.447686671947522	457
-0.03835006124396	0.543804603495701	255
0.019076875308734	0.729758054715	20
-0.0888203708736499	0.44480137415122	20
-0.0844871127588201	0.44445435265624	186
-0.09023761545666	0.448018454998712	72
0.097265390234766	1.06638209674805	72
-0.0796585046926099	0.423468863995258	1
-0.0463704084898999	2.09239687538205	62
-0.08591065802584	0.448197733425892	6
-0.0874281158288599	0.451484255457576	119
-0.0322022108636599	0.500783399681537	20
-0.08732491004469	0.445497671761072	1425
-0.0887952722291701	0.433671095795841	1425
0.0302409649132061	1.37190074598489	174
-0.10750366729265	0.908879994407663	628
-0.08948783635861	0.445889528865871	867
-0.07839795073736	1.23081888352059	65
-0.0851981587447901	0.460286451421787	1
-0.10775943905417	0.901472654193645	65
0.110564108876866	1.93656442819198	62
-0.03071206946003	1.02721916831094	6
-0.0874730691547201	0.458843139120776	20
-0.00666303785959999	0.645859471730558	20
0.122266320004515	1.16974185420138	174
-0.12407068794067	1.19886510334094	628
0.101691023062441	1.06532582751609	118
-0.04230168925147	0.549712780146479	62
0.020114234302079	2.11595636156851	62
0.076430932032667	1.89751976819364	6
-0.0106479695371	0.624383028666145	6
-0.0414215734586301	0.518984384632151	119
-0.00531534085235008	0.621612354249758	1152
-0.08475325391888	0.442911391819315	1425
-0.11328860697002	1.67458053240864	20
0.084879395712269	0.855755575544578	20
-0.0381978778044201	0.544647620896677	20
-0.0949697169822099	0.445658806946981	20
-0.03881161737441	0.54422365098043	68
-0.0910100417450499	0.464055649344474	72
-0.0866692606869399	0.451957124311983	321
0.013568381366318	1.11618669737845	174
0.033367604394838	0.842247152523222	628
-0.0372825638349099	1.05732768777098	628
0.049151940598462	1.74868819188671	628
0.0165928760003941	0.753010338670411	65
0.123114983600564	1.15322493384296	65
0.121642595659864	1.61160920183299	65
0.014622077309865	0.748383889702645	65
0.01743294546318	0.706113970192786	1
0.10647273260485	1.40161749475403	62
-0.00948242325636994	0.637979624823398	920
0.020472005807644	0.722314862509827	6
-0.0110422573775699	0.642814993534646	20
0.013387987995496	0.727129931155609	1425
-0.0924746983982001	0.448931482585012	20
0.016363817586131	1.11898373361356	68
0.087166148194039	0.97632568195097	72
-0.0860023641883201	0.447686671947522	2315
0.01999855564053	1.33670070356267	577
0.012327160139702	2.1718971845336	65
0.048833965822492	1.39956420993931	65
0.0326753932314801	1.99406588755068	65
0.111514116623152	1.09337592018317	65
0.08129234451443	1.23905971814347	62
0.032234558502111	0.834579147885721	62
-0.00493006808193996	0.625817276529766	6
0.089537203259069	0.952904437018917	920
-0.02567406452497	1.00103094261017	20
0.015063865380361	1.16186267236172	20
0.019794830975717	1.25013314587754	20
-0.10443022926959	0.917390526117551	1152
0.0346794550546931	0.798857068340443	1425
-0.03831345976849	0.530486181300167	849
-0.10693498993868	0.909885560142051	20
0.0336355119512231	0.807776043254881	186
-0.06644957031518	0.999703804860955	186
0.05300819284513	0.913382828515513	68
0.0198995558895591	0.721682323238528	72
-0.00687874231220009	0.628856299952992	72
-0.09025327399605	0.461739342382665	186
-0.0408069180773201	0.534703182808431	174
-0.0424541194217001	0.550317353680954	174
-0.0675986011868099	1.00421313020394	37
-0.04442015869631	1.65901340812024	867
-0.10354943280573	0.91638686399707	65
0.089875770586775	1.34699465126212	1
-0.00331441640903996	1.06413094025608	920
-0.07788354236329	1.1903471871178	20
-0.0330505602114699	1.06174411106496	20
-0.00967630711103995	0.647913469067726	20
-0.11019190168751	1.16381948857326	20
-0.00471024913501994	0.637001941905086	68
-0.01227426527563	0.623946374676299	72
-0.03881161737441	0.54422365098043	321
-0.0401924392581901	0.542557817612941	321
-0.00444422683518009	0.619529656814951	174
-0.0873009961762501	0.446858572022381	174
-0.0817747237733	0.443434174356338	37
-0.0874730691547201	0.458843139120776	37
-0.0110303659897599	0.61305753921548	192
0.094726929564711	1.73515564608313	628
0.114611063939031	1.57177838568213	867
0.032616751885491	1.70497816548313	62
0.11760254623028	1.09167699070765	20
0.051414665302384	1.21016654322627	20
-0.0444646019094399	1.381422415133	20
0.08723340782255	0.978093991785458	200
-0.04094044652148	1.25104054554121	200
0.067185414899543	0.927888522645642	20
-0.00646875583726003	0.641336032412263	174
0.01719354389633	2.15920518023911	628
0.045717940348822	1.783044211026	577
-0.11842911460442	0.814393421504158	867
-0.03169576936576	1.76157416374775	65
0.095506837872178	1.66283686928248	65
-0.10832820330758	0.900500682255841	1
-0.0654049137230801	1.63952498937109	62
0.118070305178531	1.1481883977535	62
-0.07239906942066	0.986342020328907	6
-0.10605494634559	1.77360500307698	920
-0.0514426876937799	0.492200360457468	1425
-0.0483368110464499	1.24400624390755	20
0.050111674758247	0.91437496425108	200
0.010095004172995	0.733398764743081	321
-0.0324691417766201	2.14147698820017	628
-0.0371804588449001	1.70394551119864	65
-0.0305626975463	1.51632658263185	633
-0.05643145035371	1.66226110393682	633
0.028401583726541	1.39007926040967	6
-0.10807253947076	0.903451822280932	1425
-0.00970001411004007	1.07351888200767	1425
0.068062955085568	0.941475700731399	20
0.116218309380888	1.08377381199905	20
-0.0104557391415401	0.645207537661278	20
-0.0381978778044201	0.544647620896677	68
-0.04306753533004	0.551948431767965	321
-0.03881161737441	0.54422365098043	321
-0.0396914091690399	0.541792578337749	174
0.060363152643506	1.80242837691678	378
-0.0650735909245099	0.948749353378112	577
0.050080936109397	1.19853839358855	118
0.0512548951409571	1.72036334724974	65
0.111915622408669	0.988440224375249	65
0.031535377203145	1.68901050503019	65
-0.0352461353687801	0.507710413374963	65
-0.0992685298707501	0.802139452567633	633
-0.0381978778044201	0.544647620896677	6
-0.0100504094625899	0.62926237021709	20
-0.00784698614596002	0.611564432784076	200
-0.0389640109343501	0.546862449269498	68
-0.0924746983982001	0.448931482585012	68
-0.0394255329186	0.540387477789303	186
0.108294335626787	1.08457165638079	37
0.104798327743252	1.05239630695223	37
0.040655507188462	0.860238281268155	628
-0.0392333784385901	0.531334889582806	628
0.097539277423818	2.22028193256675	62
0.078111211584426	1.41218692509118	6
-0.0866692606869399	0.451957124311983	20
-0.00376040770344011	0.61705098819015	20
-0.10411778135088	0.919954662452101	20
-0.0844871127588201	0.44445435265624	20
-0.0865541617505401	0.444732143795872	20
0.037912747269838	1.11693176461463	68
0.094002706473664	0.970021112746957	68
0.00797049798749006	1.56557071200437	628
-0.10354943280573	0.91638686399707	118
0.033461500145045	1.66380833991886	65
0.0417238101401169	1.73111994336673	62
-0.0707890009199501	2.25091072544563	62
-0.0102627565253399	0.645487765218753	20
0.052478118378018	0.906553569909942	20
-0.10444519532294	0.875316336258178	20
-0.0342064887528599	0.525626367941855	68
-0.00666303785959999	0.645859471730558	68
-0.00765606432486998	0.626381611036922	68
-0.0881872236076	0.446898673795418	658
0.00110419872107104	0.59826750347289	37
-0.10020848371136	1.59409008943444	378
0.0905410344377709	0.999274011582949	65
-0.0656699222169601	0.993928555652158	65
0.0738707519616369	0.933417069466162	6
0.0244631057097841	0.793231521366869	20
0.020292905736513	0.717172883335686	20
0.014622077309865	0.748383889702645	20
-0.00986943738889989	0.643841059526592	200
-0.10750366729265	0.908879994407663	1157
-0.0480748070045001	1.29677774231224	933
0.0128857061012529	0.743479943057878	68
-0.0329828698224599	0.516264923973085	321
-0.00443372888876992	1.07344581401454	37
-0.00529620193272007	0.642361197783845	118
-0.08435561797005	0.423373844511269	514
0.045399264661413	1.72346825084103	633
-0.0059001981647	0.627800593312516	20
-0.0381978778044201	0.544647620896677	20
-0.0337018731304699	0.996999825583982	20
-0.0874281158288599	0.451484255457576	68
-0.0614484928702299	1.58554871933859	37
0.071729166487523	1.77995108496617	118
0.034656463830248	0.743965421149722	65
-0.0967555942009699	0.411156142935433	514
-0.08324079490897	0.447865363040501	200
-0.0909597991886299	0.449647078344454	200
0.063841087404257	2.10561699818749	20
-0.0859562104745899	0.464313506493711	20
-0.0867603664005001	0.443197813012176	20
0.016091361394306	0.713594560946425	68
-0.0418148774409699	0.511706610780705	293
0.123000637754011	1.51753939951188	174
-0.09251180273001	0.449546808671217	378
-0.0851981587447901	0.460286451421787	20
-0.06364532719831	0.985480023331055	20
-0.08475325391888	0.442911391819315	20
0.104926389489687	1.32522027580506	933
0.057874744126674	0.834727268857446	68
-0.09251180273001	0.449546808671217	68
-0.09176081865597	0.460935700988077	174
-0.0403106979446299	0.523699906911906	174
0.0330143204900381	1.715257982142	174
0.016019689539217	0.75424446883439	65
0.01741741091862	0.744342659334961	455
-0.06616271839161	0.914044713309506	20
-0.0852446130257201	0.448144265405579	20
-0.0438333324067399	0.535963951230617	173
-0.01065583392059	0.621014555715742	68
0.109927828982772	1.01686742565891	68
-0.00210288088403998	0.628050453343245	187
-0.01682663826215	0.596721994926316	378
0.119878051605379	1.15270903809421	65
0.091524135714358	1.00825504774369	118
-0.05075650731172	1.33337709963221	218
-0.0424541194217001	0.550317353680954	20
0.062954214148617	1.20292423118438	20
0.03576307970687	0.780678968415519	68
-0.0393677085277699	1.23920672602043	68
-0.0852446130257201	0.448144265405579	37
0.110595436498531	1.10823700853668	220
0.017748810694271	0.712177468838818	378
0.016608772967329	1.15083125642838	20
0.099657406111625	1.36738488694779	20
-0.0382817720747	1.02712374772414	20
-0.07596649037187	1.41365120440115	186
-0.02846805972999	1.28952818661457	186
-0.0523182075867901	1.21595104253031	218
0.11265999365498	0.922007944020742	1040
-0.06307670485037	0.971101862481318	20
0.014546019011397	0.715291353360037	20
0.120093328115001	1.12785107335693	20
0.024420242099236	1.12138649150103	1205
-0.0910100417450499	0.464055649344474	68
0.018754058011955	0.710628963910867	293
0.02227916186676	0.680366956001594	174
0.047131720161648	1.3183718849873	815
0.100412329869713	1.79703246110121	378
-0.08671451389292	0.463788626028475	624
-0.0722375052795301	1.54378523513186	218
-0.0874281158288599	0.451484255457576	62
-0.00610059103667004	0.62176083698226	62
-0.11584398058792	1.19103727911882	20
-0.00434513014456006	0.623143309802101	20
0.049485708507971	0.903553383582537	1205
0.016513182357064	0.71929453599733	68
0.00869444400387598	0.735610868026479	68
-0.0874281158288599	0.451484255457576	68
0.075640359328167	0.947308813975953	815
0.102161752955897	1.43609513235187	378
0.123019107960577	1.14420521326318	218
0.10689972328479	1.49077983177722	20
0.060986290989245	0.865557699030768	20
0.034646490293434	0.795188221555535	20
0.085836367111688	1.01164621603846	20
0.00819175188941601	0.703912815487882	68
0.058695843858281	0.875701792913751	293
0.017335380751252	0.716480938707328	37
-0.0881872236076	0.446898673795418	187
0.047381992453591	0.882419303584987	65
0.097755660554586	1.38816435888095	65
0.065328085677394	0.946352116744742	218
0.011826365347653	0.740127801928952	68
0.051947894678569	0.895842362273568	68
-0.11250048105044	0.881530310941512	186
0.081709448593195	0.996677248652309	815
-0.10158559323764	0.877288816380847	118
0.036358880129821	0.840192417415836	62
-0.00388977126262002	1.0925604280659	1040
0.101784733244489	1.4333325751302	6
0.00110419872107104	0.59826750347289	20
0.050507041030299	0.881386157323794	20
0.073063989545945	0.913262470597267	186
-0.10693498993868	0.909885560142051	1205
-0.08591065802584	0.448197733425892	186
-0.00113019397879	0.610001841871166	293
-0.0381978778044201	0.544647620896677	187
0.0385345331510441	0.778874922083774	187
0.0198995558895591	0.721682323238528	65
-0.10858671683096	1.62972094997869	65
0.109640104988956	1.10807935577181	218
0.085089786544261	1.15585970389354	62
0.02924800378445	1.11611138404591	1729
0.124420509896265	1.14141713991892	20
-0.0112956704966101	0.600461886565111	68
-0.00667648985918001	0.60946215550486	293
0.033298145533539	0.819585532378045	764
-0.04506136062375	1.24175303854897	118
0.104017610980926	1.03536578340696	65
0.00216838059957103	1.79016517442501	20
-0.1098926851715	0.890410576684976	20
-0.0746866286160901	0.971680202553309	729
0.068163545306448	0.958841350718481	20
0.015940642298129	0.721893250908531	68
-0.0920338325351999	0.430883137128951	764
-0.0390795031198901	0.544153882459545	65
-0.08807253873759	0.447629913705502	65
0.008368844659013	0.682762659266198	62
-0.0997315192774799	0.892572472839389	68
-0.1018712420449	0.851275776225356	254
0.050798952265544	0.873801337941076	20
0.03492916945006	0.781426395973268	293
-0.03892497374996	0.528289213724686	20
0.10003617127873	1.06654865750129	68
0.01536790261014	0.721268128526979	20
-0.00424332904105995	0.599218286845453	293
0.014945245624658	0.727458368510997	293
0.035803911334795	0.845333038652517	186
0.014031907648966	0.728926482960144	249
-0.0797197605246101	1.61176977182286	65
0.076866498664912	1.57303402286499	6
-0.02334164061355	0.407384942895468	20
-0.10648033796579	0.906022209086499	20
0.059335254657753	1.19385416667195	20
-0.08827334491305	1.35816372815317	20
-0.0317981769826401	0.987133882581326	20
-0.09171712387372	0.451816650294612	68
-0.03835006124396	0.543804603495701	68
0.02335118689682	0.696615402345248	348
0.07140813248566	1.48894197530831	6
0.025368616866999	1.41438760714171	6
-0.0408002443292601	1.02118625201747	20
-0.1024679947282	0.913042716697167	348
-0.0949697169822099	0.445658806946981	729
-0.08324079490897	0.447865363040501	1511
-0.0393615532343901	0.49224527888763	20
0.00977345703657995	0.71657903388245	20
-0.0361979312346301	0.534919576539785	20
0.056123474482869	0.890557393255084	20
-0.0704297476001701	0.974517088968355	729
-0.00791825683860004	0.630853646358721	118
-0.12265906153972	1.71209770514687	218
-0.04618674870782	1.27049492561359	118
0.038770311054477	1.38359214616488	218
0.0945894102188	1.32089041587557	6
0.0374784638940801	0.814372994791879	20
-0.0176114898811901	0.602942452527438	20
-0.04230168925147	0.549712780146479	20
-0.03090021501855	1.02591231113406	20
-0.0881872236076	0.446898673795418	293
-0.0852446130257201	0.448144265405579	498
-0.0851981587447901	0.460286451421787	729
0.0479117543888991	0.872604344020831	249
-0.11048358022217	0.903938491373199	118
0.0485030709461221	1.44612733520183	65
-0.06708195079502	1.63004982550782	6
-0.10972923539185	1.56962377569051	641
0.049454503173359	1.34993975003425	20
-0.0743418226078401	1.43182803979318	20
-0.04744254917484	1.2444194172204	20
0.052701854967787	0.888889871448355	20
-0.10343226540478	0.854178734778959	348
0.091598310167382	2.03362270883557	249
-0.0860023641883201	0.447686671947522	249
0.033570787072653	0.811173050443043	249
-0.01837116850842	1.06717008335762	65
0.119332761619466	1.3211801219023	218
0.099399922184046	1.2796800525901	20
-0.11435635617018	1.39036224539325	641
-0.00571697523543002	1.05431922928791	20
0.011164904426138	0.735619833258299	558
0.025336953241324	1.36203335010085	249
0.103887645356448	1.63052902501371	624
-0.11222463152098	1.17527904795386	65
0.049817487718905	1.73733660791607	65
0.089881020579204	1.01351495992534	218
0.024714319617947	1.35747421774098	6
0.014577591668417	1.1561771724867	6
0.0243017351307681	1.26010318875356	6
0.044961142692316	1.43188491758278	20
0.103319536451889	1.00450940162977	120
0.03134688097186	0.817749263136971	20
-0.0362055142889199	0.516754105064113	20
-0.0701368623051499	0.974589718979079	20
0.03664317533372	0.841949983860779	1065
0.06622879394976	0.975083304717961	348
-0.00791825683860004	0.630853646358721	20
0.036128644056727	1.68063459937853	249
-0.08474765762239	2.26450677618781	65
-0.0524254948884899	1.61885904316764	65
0.030237669279471	1.409808466999	218
0.104910152771868	1.42760047038187	218
-0.07159778150492	1.58240074315029	218
0.098645293840896	1.00338046859178	6
-0.10967642751296	1.3838538440881	1253
0.088111671312599	1.01306970590837	641
0.019497811860915	1.08283770513861	641
0.010914790179708	0.73565201834601	20
0.103675834586074	1.04838151176466	20
0.030802693351879	0.78093968351068	1065
-0.08956840653188	0.434397097929088	20
0.024689684720688	1.12250134409163	249
-0.02991014967479	1.0453480015672	624
0.00978219666663504	1.94863945736878	218
-0.06676109542002	0.964240012973569	6
-0.0396914091690399	0.541792578337749	20
-0.0117522480858501	1.04561832187352	20
0.0162710097750139	0.742917538706132	20
-0.0400396245293799	0.532606242449815	1065
0.098935957495898	1.37999160927289	20
0.004690453205632	2.39680411204273	44
-0.0197635625216801	1.32492166123738	624
-0.01173421679315	1.07887609644387	218
-0.0404631351467499	0.527072358015809	1041
0.093953765972969	0.964983840177484	6
-0.00772393078795997	0.633720824013153	1253
0.050386548396244	0.889721675438841	20
0.069304768435942	0.951042833618684	120
-0.0108494225156499	0.639109487485836	120
-0.0825300257201	0.447119644313728	293
0.101239526961834	2.01530235163496	218
0.049277151825986	1.9733607328411	218
0.118178642472876	1.50610662285873	6
0.111115440083862	1.44981081272546	641
-0.0517228762159101	2.12153507665098	20
0.03726611498736	1.40688961096717	20
-0.10368766132896	0.874541766062618	20
-0.00718599311508994	1.04272447347351	20
-0.00850405741607996	0.641127990833274	459
-0.00850405741607996	0.641127990833274	459
0.00876577384195698	0.696720906795045	120
0.016269460288786	1.10858687136767	20
0.00740419482186605	1.32346921804891	1065
0.11982841376258	1.07626825831333	293
0.089837985400298	1.27349785356687	348
0.060511115965596	2.18292766113258	218
0.040423287491105	1.10886630525345	1065
0.0798417799693441	0.998563338811768	20
0.029345420194079	1.80901928976685	20
0.03251989321472	0.845594081506867	118
0.011408833706706	1.13461535989619	20
0.059388723990618	1.22435157383127	20
-0.08591065802584	0.448197733425892	459
-0.03973009207678	0.531159476758536	502
-0.00392888894688004	0.617748551288847	915
-0.00211858071702009	2.31570075976429	20
-0.09969281440698	0.424133767241548	20
0.00492158430873402	2.13115855812398	249
-0.12093777524699	1.15976705085013	915
0.010766444574441	1.60789276801362	20
-0.07491536104907	1.23370319001528	259
-0.0203275746692999	1.95373628587578	20
0.10131042036055	1.56078506020177	20
0.046322022369002	0.888895665340299	20
0.00103483280106997	1.80806570451734	1065
-0.0949697169822099	0.445658806946981	348
0.028618426661727	0.820350377785115	118
-0.0453382061454299	0.514064024396761	502
-0.0859562104745899	0.464313506493711	915
0.074401810520477	0.957808298403405	915
0.081532428574734	1.62901465106458	57
-0.0810162618742201	1.43695977585856	20
0.095185796634638	2.03473390577256	20
0.051285593800506	0.870741436311779	348
0.117771394197961	1.08179367371521	502
0.042114117976034	1.38421697099184	57
-0.0739395717021201	1.62066229813981	293
-0.1046863243069	0.918906903099465	348
0.02414744210428	1.6828096063856	218
0.00161018174734895	2.32014926943201	915
-0.00210288088403998	0.628050453343245	20
-0.0661521503894	2.09061974910452	20
0.053435871538317	1.6673071472329	348
-0.0679524951388899	0.970448783755189	20
-0.11612036848894	1.17954582183209	44
0.051976278808142	1.63320246636916	20
-0.0866692606869399	0.451957124311983	20
-0.0188943979443099	2.01217758459223	20
0.122747939686919	1.51810243901656	20
0.098557241391068	1.04037921155324	20
-0.0295724554589101	1.04003691292216	20
-0.0732381639360999	0.970961979141584	20
0.102664956498091	1.5230027194086	20
0.082163854967971	1.65542168786545	20
-0.00850405741607996	0.641127990833274	218
0.041374780167358	0.796953089485055	20
0.110347376267116	1.45874760688701	348
-0.0722714506665401	1.97344404476789	348
-0.08732491004469	0.445497671761072	502
-0.0748700698490199	1.18596825654611	502
0.110819078937538	1.05167590895789	218
0.011816286108759	0.708691218023075	218
0.031893667538088	1.70094064123389	20
0.119556522301919	1.08061644463549	20
0.107519775639185	1.31382528039365	20
-0.00241996544310008	1.05777665333386	44
-0.0380096512819601	0.511803851299008	20
-0.0243530439083799	1.33087799213267	44
0.018693213363889	1.88990350065636	744
0.097355890530046	0.987388122958677	6
0.047154078191488	0.878697749907221	20
-0.10792719817939	1.60654680217707	20
-0.00896964778484	1.07488623183277	470
0.118643234178516	1.07538215522519	60
-0.10386157913874	0.923084517853114	44
-0.09025327399605	0.461739342382665	218
0.00209201079924604	1.04928347115275	20
-0.0299144876259201	0.483268633289165	44
-0.0743582865574599	2.21618797950572	6
-0.04230168925147	0.549712780146479	20
-0.10029918525854	0.893590339458045	20
0.107340435035631	1.74405059088574	20
-0.0852446130257201	0.448144265405579	60
-0.02580949797984	2.18854521523301	20
0.018377268312218	1.1167185285466	20
0.113580592966288	1.84052160323966	20
0.091054592869767	1.69620899247135	20
0.031706822295105	0.826439495337849	118
-0.00512307861776007	0.63030199554192	57
-0.000435217366929974	1.86246197568066	20
-0.10648033796579	0.906022209086499	118
0.031147832489092	2.28231058657575	57
0.086515608151706	1.96857094740752	20
0.0773577617414361	0.932080266811571	744
0.048286397219735	0.914080124650829	20
0.00376087452681495	1.32082012350113	20
-0.0385015980402801	0.521644873197038	2361
0.00929850538738997	0.672735820356996	744
-0.10112186718857	0.889757379347063	2361
0.033298145533539	0.819585532378045	20
-0.0912612324926101	1.9534559098417	20
0.073669798497219	1.23032380375069	60
0.041109983521754	0.782643227885588	2361
0.010921803518727	0.721744829214771	60
0.021019996668259	1.13295212627429	60
-0.00869748273946991	0.628342665891881	118
-0.0399962564558101	1.03213287744616	57
0.035248767558288	0.846389185622084	57
-0.11935405450267	2.23775888970292	218
0.10874055834467	1.86355435866028	20
-0.0866692606869399	0.451957124311983	118
0.088931054180575	0.944255851292117	118
0.0809255346318521	1.29229037583556	20
0.086284422244383	1.66102816630027	20
0.014647627870586	1.59592530047814	20
-0.04260589692092	0.528673935514298	118
0.017165862965586	0.747691697706202	218
0.117392009262576	2.36755844499304	6
-0.0177022796547499	1.94425557784746	57
0.00879263590353596	0.723879319847498	20
0.045091407975281	1.4474398801941	20
-0.00965484245569992	1.75854447007799	20
-0.0196933721454799	1.92873510088833	20
0.013709934644536	0.740480442750115	60
0.079018837313829	1.27187787639767	20
0.054437441227049	1.49316199933138	57
0.080391261053264	1.95649293529498	20
0.111221402623602	1.0722982567978	57
0.09069822114424	0.980894406668328	1401
-0.0464119936204199	1.18902865359176	1401
0.054591663257246	1.09960366406753	20
0.066782113264501	1.52477868501811	218
0.10553879823473	1.33531191141295	20
0.083509544777263	1.24632128773823	20
0.026698021270273	1.37809918360038	20
0.11799570704881	1.08425257670722	60
0.029340532491948	1.58624632449925	57
-0.0314990762134699	1.51963480614212	20
-0.01670889078079	1.5356123241323	20
-0.03846777039731	0.542562382304674	57
-0.00256284243432003	1.31497818132345	20
-0.0367386810968	1.45643725639904	20
-0.00441353025970992	2.18518805222316	20
-0.04250510431827	1.2635231874629	20
-0.0633676317680201	0.966024928483989	218
0.042370359176273	1.12452548578005	218
-0.12045530062187	1.1905060318284	20
0.087356632083647	1.0118374191411	20
0.0374784638940801	0.814372994791879	57
0.014419552660796	1.11509559934343	155
0.00901700260679905	0.726583758445941	155
-0.03247788954881	0.986553251588296	20
-0.0342030846336701	1.04288378285098	57
-0.0636582766454901	2.46464573179731	20
0.066997087450605	0.961308264163904	57
-0.0350401680744099	1.0715683071475	57
0.036431915722978	1.15976447397082	218
0.11870074356095	1.07382252660982	20
0.124845027630662	1.08025558542072	20
-0.08564111098942	1.23024024271271	20
0.110730165876352	1.33873035916255	155
-0.07195092324278	1.17813434782929	155
-0.1091984586628	1.40142345537808	20
-0.00689862019467991	1.1181972492309	105
-0.02743069786979	0.994717220055098	57
0.051309921372798	1.19614421799483	20
0.0575557687564911	0.892788818106388	155
0.072702569633108	0.927262341568705	20
0.011164904426138	0.735619833258299	20
-0.11043137467251	1.99731101992338	20
-0.04609531248401	1.88104336081704	20
0.066738287384718	0.978354331977648	57
0.026043947255728	1.34676591833661	57
0.010516589411293	0.718787829873971	218
0.00447032521393098	1.0081416137118	57
-0.11079211050324	0.888809861889812	155
-0.00359851056420002	1.04406745055381	218
0.073342326702836	1.25748254094798	20
-0.07158054370539	1.12822108789194	20
0.093905661551248	0.979487640828214	20
0.066342899162921	1.24570822568363	20
0.108419162713819	1.03969556920539	274
-0.0811705383961501	1.37098167454772	105
0.059899959756934	1.4800030263984	218
0.037835213862729	1.99959429740746	20
-0.0901455467243199	2.15373731195383	20
0.11508265994861	1.37656453514619	20
0.101014544451357	1.01851784303685	20
-0.09535851634657	2.01579044824835	20
0.021438253151962	0.703637146357754	20
-0.0845241456222701	1.75311776957433	218
0.079199224193038	0.899672924669377	105
-0.0860023641883201	0.447686671947522	218
-0.0392333784385901	0.531334889582806	47
-0.09025327399605	0.461739342382665	20
-0.10489572738551	1.6142011413469	105
-0.00113019397879	0.610001841871166	20
-0.09025327399605	0.461739342382665	118
-0.09573775800765	0.434763808991456	218
-0.0429148899437499	0.54729497249711	218
-0.0910100417450499	0.464055649344474	218
-0.08475325391888	0.442911391819315	20
-0.0451859424746099	0.524803149147824	47
-0.0949892041614899	0.426677981651915	155
-0.03835006124396	0.543804603495701	20
-0.00552230354010996	1.10294502301591	20
-0.00986943738889989	0.643841059526592	218
-0.0894967551352	0.450611506994057	57
-0.1071072217882	0.866566561501935	155
-0.0389640109343501	0.546862449269498	218
-0.0866692606869399	0.451957124311983	266
-0.0859562104745899	0.464313506493711	155
0.099841848695941	1.44508279466142	155
-0.0851981587447901	0.460286451421787	105
-0.0920338325351999	0.430883137128951	218
-0.0314333044831501	1.20655546857948	218
-0.08732491004469	0.445497671761072	266
-0.0902027241905501	0.439264735657733	20
0.00761752966034102	0.707066187003231	20
-0.04260589692092	0.528673935514298	271
-0.08324079490897	0.447865363040501	47
-0.0459507183691801	0.526796960123197	155
-0.0860023641883201	0.447686671947522	105
-0.0150136444134199	0.623511475637097	218
-0.0110422573775699	0.642814993534646	218
-0.0960135000034401	0.405994229114047	57
-0.0315912542666099	0.503917609973454	155
-0.04258022199278	0.524049931773838	155
-0.0719114023948699	0.963311142576264	149
-0.04579823494708	0.529100522327899	218
-0.0949892041614899	0.426677981651915	57
-0.08324079490897	0.447865363040501	20
-0.0389640109343501	0.546862449269498	271
0.100193639273816	1.02071989528319	20
0.0446056294245	1.10925206909238	47
-0.00529620193272007	0.642361197783845	20
-0.00549077855732993	0.639084272185793	20
-0.0378562109118601	0.536523328770437	47
0.0599931267395	1.80640235910233	105
-0.04135842052544	0.507435964206956	611
-0.08732491004469	0.445497671761072	20
0.033227949097877	1.12862722856849	218
-0.0859562104745899	0.464313506493711	2354
0.021763929092575	0.665463002606095	2354
-0.0352461353687801	0.507710413374963	20
0.041214337880037	1.36040838913015	20
-0.0924746983982001	0.448931482585012	670
-0.08404137429543	0.44218427211267	155
-0.0881872236076	0.446898673795418	105
0.118113398698871	1.51320348255621	149
-0.0014591103441699	1.01862386603066	218
0.014888823269256	1.87467835058976	210
0.049688335847179	1.50796588310399	210
-0.0800969474742701	1.20923409381486	20
-0.0320467798962401	0.965717048980253	20
0.051171354311752	0.920727756984475	47
0.028889256123799	0.825411096909661	20
-0.10356632170963	0.833451595977143	76
0.051175862994823	0.84976113687494	105
-0.0268314095011299	1.31170870022335	20
0.078358030362136	1.88227058913457	105
-0.00909007412414997	0.646533605786127	149
0.110123912938238	1.75081954882067	105
0.019768960601795	1.59187635514729	20
0.00304580484731998	2.16853961798406	20
0.00353980320015102	1.85525926340214	20
0.028499068847172	1.41748641766821	76
0.107228806342819	1.04693453657693	20
-0.0214277572658099	2.00119185840141	47
-0.0335305308465299	1.91027605301599	76
0.084109358321157	0.979347506326113	105
0.066627722027287	0.797493089274151	20
-0.00763882176766995	0.587373367913274	20
-0.00828933591090997	0.59877503430739	20
0.059670523632361	0.88173086643986	149
-0.00390639441689999	1.46092623392761	149
-0.00889604277839995	0.640328153008853	218
-0.0858075296213101	0.43457051305456	218
0.013296116558087	0.730976329771294	20
-0.00648527108228003	0.630514425087773	20
-0.0136441938507501	0.630528914100287	20
-0.0355852979748399	0.538669182076956	76
-0.0813158340008	1.58453159685421	20
0.118224289608567	2.27416700488092	76
0.119796386637316	1.55445856681154	20
-0.00106412338047002	1.33359079084112	20
-0.00130286823256998	1.28972649767953	20
0.110610564135221	1.10815407049304	76
0.083597673602089	2.00702803582835	76
0.082919719471013	1.29535730959131	20
0.087918189219408	1.29168098547602	218
-0.00132451233963993	0.626019769343675	526
-0.10851836810299	0.892566339971263	526
0.098996694287375	1.86402848879062	20
-0.00476168969382007	1.10678638644446	20
-0.000170252180659913	1.31817730705129	20
0.092818736249069	2.44537288517523	20
0.10290498264981	1.83129872084006	76
0.059093280799429	0.837277106474499	20
0.059333075666015	1.54062256903149	218
0.102596090796208	1.25642779399914	20
-0.0534855731303101	1.64588851339968	20
0.060673953493238	1.41589772632406	20
0.024287963116175	1.11708262902585	218
0.094365333029741	1.98808339544634	20
0.0529673021942511	1.87859848049288	20
0.076844954475621	1.68109351151939	20
0.072792922202362	0.953812974376195	218
0.00092783495042903	1.24701138262512	20
0.060237620465656	2.32385695280585	20
0.124032824177428	1.8712315988284	20
0.123174993503594	2.24333519046638	20
-0.1069145423365	2.00329791663985	20
-0.11637880948058	1.14406024627475	218
0.123942530223164	2.32027414847776	112
-0.0765886932233399	1.43847438586674	20
-0.00357461621488997	1.28473234447206	20
0.070607294949409	0.957139463849611	20
0.058007507884099	2.21994774796429	218
-0.10737012593269	1.40646224125362	20
-0.12376169123396	1.93753684347239	20
-0.10761411425168	0.914040860385935	20
0.083667428056263	1.34588231491903	20
0.027548417043375	1.40661028428508	218
0.081917263182828	1.87318233853036	20
-0.000316164957439913	2.35465362401425	112
-0.0240977210348099	1.94090557939994	20
0.00368685796116497	1.60534317294443	20
-0.0685329681662601	1.84661043021185	20
0.0438647021104011	1.33336205857975	20
-0.0204114481489901	1.9338039424789	20
0.106157937698585	1.44689140361956	20
-0.0615996798362799	1.60903142267278	20
-0.11105304219327	0.900574875495235	20
-0.00866444030253	2.38747074719907	20
0.052968835296778	0.879044201142287	865
0.06805667400859	1.20050618234863	112
0.033238211456198	1.5739776327412	20
-0.0590150482016401	2.11503971367928	20
0.037648719292415	1.40927825183928	20
0.053037140921735	0.890741780925366	20
-0.00434513014456006	0.623143309802101	30
0.079807566322273	1.7270794896701	20
0.019468583394529	0.719416193722833	865
-0.06861752333803	1.39746437603532	20
0.046472323335198	0.89683932902735	112
0.1086225420515	1.05608654010419	20
0.056780289329023	0.889842827383539	112
-0.0594216539122301	0.939087160277343	112
0.100343830136298	2.03976486935233	20
0.099786677830096	2.20042215251972	1673
0.022499054913333	1.58455391300981	976
0.032615018998554	1.57192982046371	20
0.056445565835669	0.881641945796105	40
0.0105628603169911	1.38153948475063	112
0.017089044893858	1.38163275442251	20
0.05747429900805	1.49446059899628	20
-0.10331207189227	0.877096593818986	20
0.01741741091862	0.744342659334961	20
0.015816421348696	1.15308831687654	20
0.029152968512518	1.79530094405414	40
-0.10045592503628	0.414659326192259	30
-0.0794410550335001	1.78581880275835	112
0.024776535822103	0.804619848239453	20
-0.06730503991655	0.968083923391591	40
-0.08948783635861	0.445889528865871	1673
-0.00772393078795997	0.633720824013153	20
-0.04230168925147	0.549712780146479	358
0.11071661790514	1.31262940473737	358
-0.0320955768948199	2.19040739234897	358
0.01708552291413	0.713313546824284	40
-0.09635152904684	0.849866690297312	40
0.106929741353406	1.04583665450125	20
-0.0483778386599401	1.27396448622898	20
0.0986842341784681	1.05149389535316	40
0.034815884642762	1.15471929880019	1673
-0.11949675713682	1.40596749011026	1673
0.115836391977766	1.4655974057543	40
0.055362312568792	1.22099257352075	112
-0.0464850779772501	1.92265905610567	40
0.03469337314429	0.802638429876398	358
0.028319943765181	0.778514161151405	358
-0.00165851360865998	1.06272670354123	40
0.010196227246788	0.718968733553259	40
-0.0290506587587001	1.04129152606835	20
0.085024474001005	0.998197115020077	40
-0.10617880965319	1.39752480457074	20
-0.0360648535003101	1.66329609793819	40
-0.04482270157913	2.12822127954643	20
-0.0875186198165101	0.431717674861556	40
0.060352054857634	1.19665135674824	358
0.054838386118536	1.07165764569002	358
0.08408691924631	1.02782998420877	358
0.12497303299963	1.26159168457281	30
0.059024684831983	1.89385941896409	40
0.09784203522613	1.42331099428878	40
0.124426314900388	1.06593330753507	358
0.120315985138934	1.11399219081049	40
0.108070059137916	1.45955474111611	20
-0.0936683984009199	2.21033867039735	620
-0.08807253873759	0.447629913705502	681
0.119498065886372	1.08600191787161	40
0.030286060123121	0.822894327140226	40
-0.08357774011023	1.55189926998739	1238
-0.0910100417450499	0.464055649344474	681
-0.0112956704966101	0.600461886565111	681
-0.0151527742623001	1.09551577294833	40
-0.0104557391415401	0.645207537661278	40
0.081237242110133	1.31123391712994	40
0.062552779564638	1.84525549129745	40
0.034681440692325	0.805551887756076	20
-0.0080668985261001	1.09707775471693	762
-0.1036833674778	1.8052788141053	40
-0.00791825683860004	0.630853646358721	40
0.075984262562515	1.91744409417982	40
-0.06978772833016	1.80103561707318	40
0.088546851569735	1.57266750041501	40
-0.08948783635861	0.445889528865871	40
-0.0600124554471699	1.68147821698758	40
0.080720514936635	0.892357698330662	88
0.117761965418216	1.60084348991997	40
0.106492238932362	1.416343052249	88
-0.09573775800765	0.434763808991456	40
0.118016972659155	1.03980554928031	40
0.081343638929931	1.63193751730415	88
0.03853453464788	1.46475046873179	88
0.104881971940716	2.17385371109242	643
0.026388600646637	1.91749050296823	1175
0.013548442367967	0.742213839447957	40
-0.0325280457341699	1.05436935123862	40
0.086498554566125	0.953451250321426	40
-0.00117517967627001	1.06804795560949	1374
-0.09932114273644	0.872329737729659	40
-0.0385015980402801	0.521644873197038	40
0.077563792059444	1.22421371798829	184
0.015486220443661	2.37993307194715	114
0.05905311619898	1.49002367169952	40
0.099352896746391	1.01501119675511	40
