x	y
-0.587907433022376	0.236186035608407
-0.215418524792072	0.0758961457564298
-1.33542969806099	0.625307527713718
-0.547786020158703	0.294207219919444
0.0901941132362445	0.0308407942379423
-0.583202990689699	0.233583166842067
-0.369512271348272	0.17584161395511
-1.33618310023996	0.623638372110676
-0.208371308605115	0.0790263791357757
-2.1253973899338	1.01995478315259
0.848460807701291	0.454586639495398
-0.20707693881829	0.0781188384493783
0.124793148559194	0.0316859887487473
0.0895878844941303	0.0343501620173928
-0.110237946220001	0.0474363285947508
-2.16980490005494	1.55626211269211
0.385623239791321	0.153599125754677
0.13395984259197	0.0266654712001409
0.762815263476823	0.330614076431107
1.00679487874955	0.499348813123596
0.743274207986726	0.418649356323332
-0.392804209152594	0.116893234785917
-0.293829668953106	0.146891963833726
-0.597706314807654	0.361039412430132
0.463649429683196	0.161641938858001
-0.394401683291924	0.117397243044943
0.137755951151155	0.0278992132091276
1.27171699762171	0.577695266385675
1.27096264765592	0.55774028837157
0.383587048412277	0.156012044058552
0.100841618220157	0.0306037225182791
-0.279540398715928	0.0939102873133586
0.981088952824431	0.383335213267158
0.100299843278835	0.0417345583178341
0.080587622110763	0.0284434825247987
-1.73157244676062	1.00769560656577
0.0912248459132431	0.0388449843342786
-0.392025448478271	0.113054053652717
0.0877361151964786	0.0335355919667874
1.39937588628148	0.840958248860588
0.384412223673175	0.155989874143806
0.384412223673175	0.155989874143806
-1.38185983478949	0.851902211094519
-1.01994610117854	0.533976249990207
-0.457995568132231	0.20258776894597
-0.285260753813349	0.0973870046642128
0.387455096500783	0.158631103032102
1.17867960443618	0.966043621093888
0.299248617958505	0.147557155557774
-0.158803859072652	0.0924077518788826
0.384324450126459	0.157431951292729
0.470641623536528	0.172340564270388
-0.365498465010049	0.17323357392172
0.284763477486507	0.142255922777298
-0.45489843424399	0.25352057592265
1.5545171388714	0.978345072846016
0.467083360322238	0.170355386811782
-0.665088782186824	0.33309166173734
0.544394609742412	0.279335406635154
0.0954055927268256	0.0350697438138082
-1.55927004199855	0.56631868712025
-0.0842668670598582	0.041467623654341
0.277538966123549	0.146064206714196
0.331166405960665	0.146776620161546
0.804635230919869	0.55272329020857
-0.368151539550556	0.177256470241745
-1.55222964790554	0.820434099033133
-0.158478971143183	0.0659657454524356
-0.393584814623737	0.114595669935955
0.336129453860391	0.15113722587875
0.632111017366432	0.298230771809748
0.0979225418543523	0.0462008390243173
-0.209111432031922	0.0799154240759525
-0.163985270271075	0.062176431505934
0.302050238623172	0.147917764462783
-0.554187095888085	0.283379733963312
-0.0852600043086646	0.0412736719427762
-0.834105874044549	0.369438874065738
-0.716223066468386	0.402359063411993
-0.282473159879956	0.0953723166400078
-1.15725021509019	0.768813227040939
-0.453124880465039	0.199044623772574
0.654994612920287	0.411577114919529
-1.55158605488848	0.811359318091494
-0.150757326164552	0.060580662799023
-0.391988148268519	0.115975692575877
-1.34156884242418	0.600974203038057
-0.363548937794357	0.172979145317529
-1.55583465705387	0.813262296143431
-0.299707818419985	0.15647119944976
-0.778777353214164	0.27547798769337
-0.115366930148851	0.0516149006213952
0.103183965562644	0.0578485354572085
-0.302022682509903	0.154567040862926
-0.212814957365227	0.0810255857003678
-0.583227224165178	0.213377506778361
-0.116404075113158	0.0530048546379116
-0.213552503490385	0.0810019671852518
0.119768733677103	0.0296032485712676
0.632100980241858	0.295150653611686
-0.858386502612441	0.570015889576282
0.0906358102171184	0.0337282303823424
-0.661733485826333	0.332958544939055
-0.203209969758869	0.0751844316661087
1.40284757656063	0.887456069793821
0.469146754855579	0.16865764734221
1.41468284128736	0.476047656296758
0.0983475968460928	0.0410734104421672
-0.116790117231089	0.0523752985520836
0.634705763559604	0.30409465501509
-0.826688302763548	0.379847982442378
-0.369669324247828	0.17063028464622
-0.211063828048306	0.0780184278339341
0.123992992257102	0.0305517440388786
-0.827888920594037	0.380320823475935
0.441291581252388	0.263437686106198
-0.367382363071965	0.176505430471457
0.634846336393624	0.301127275964184
-0.157878881197982	0.0652829626344553
0.102414111633403	0.0521631218890089
-0.777051020618112	0.276190659750467
0.469889066600882	0.171638071817207
0.096251852154538	0.0500295942540757
0.0987677931298337	0.0412070250754169
-0.116018301027623	0.0521049152262973
0.0997019719827615	0.029766555460304
-0.846535930718621	0.477970833290995
-1.00967630711104	0.647913469067726
-0.470366508636293	0.2591438231975
-0.198644042792537	0.111670771813761
0.136920705038257	0.0276544244584546
-1.33757715141861	0.63212207909197
-1.3361252533938	0.626926997860543
-0.715692462500873	0.429540383393364
0.0962704185776848	0.0410375424251216
-1.5303655953636	1.10765733664237
-0.966430701373814	0.821118142124365
-1.02601024830318	0.996848092430358
0.589392207941515	0.395191778499628
-1.00830987867178	0.638980085971436
0.0826632371693682	0.0277098608023809
-0.645308744556087	0.484064203571824
-0.44114641205683	0.363255490923263
-0.73042342232892	0.505053691376384
-0.300707202628477	0.152575765539995
-0.369687371778671	0.172317427879966
0.84758120367301	0.441806596873461
-1.0038585667499	0.62662186427654
-0.364316512305341	0.172107699906021
0.138719287628381	0.0278738142929699
-0.394401683291924	0.117397243044943
0.0930167268826288	0.03983105190661
-0.660092070046091	0.323294700184246
-0.458891902605361	0.193693954470482
0.104900312130082	0.0315424460194993
-1.00512307861776	0.63030199554192
0.105732352670642	0.0580075721700275
-0.582550811167019	0.229091280879186
-0.450516775515413	0.197413907173096
-0.153228317256983	0.0637158762082508
-0.713144762233814	0.419896409638237
-2.58558390776956	0.743326333733362
-1.17674783681612	0.370172278890225
0.0921878308663902	0.0355558451479542
0.0920198386174182	0.0266943886380877
-1.50941896830564	1.34225139301902
-1.50338261724988	1.57039666675915
-0.290746630514319	0.0960465017951105
0.543034482871971	0.277015458410403
-1.27873946081156	0.971148943171238
-0.518253044878467	0.344023917215477
-0.393083751357676	0.238551943961279
-1.09176081865597	0.460935700988077
-0.114371301918894	0.0518949583494869
-0.151862655619261	0.0636538604805551
0.339308624597053	0.15430872176692
-0.372341495280587	0.171889887058219
0.465164236036459	0.168567019261679
-0.204592209189106	0.0778365810720541
-1.15007509641696	0.813719249609057
0.107129813802723	0.0591079578214229
0.751506963701649	0.303197391120253
0.127210870206515	0.0320619849993893
-0.147914139158427	0.0597989450283113
-0.0389953732555577	0.021487034851507
-0.46194322605263	0.275280359331487
0.626618747538887	0.292344338264707
0.12481030733302	0.0314878944324265
0.0908889057187441	0.039000448233332
-0.659665954901245	0.330747919442919
0.0897311311692152	0.0345765350863089
2.29765302518783	1.16341027229319
-0.371392826878264	0.172119265158515
0.488710234268357	0.269871137631154
-1.5617523438299	0.577189828073677
-0.454799041442354	0.195348375479326
-0.20772405248942	0.0788926191852518
0.936099593906864	0.738691661181429
-1.56770477375897	0.559498288428192
-0.65906845928427	0.330860650534747
-0.281059761961824	0.0969057351345701
0.75444822436741	0.313196978201498
-0.160612704930327	0.0664434773001993
1.47738999651384	1.23138125674113
0.918345124738017	0.251770863873478
-0.830489211273428	0.375401829972974
-0.395218992202507	0.117352559140598
0.089114264787931	0.034301111489074
-2.13043350607184	1.01466329296299
-0.296391934077175	0.152946433409527
0.30700390817337	0.153584101863201
0.385061149062538	0.157459754092218
-0.545854970121937	0.294394919858091
-0.829925057414067	0.387233606315498
0.386070317449664	0.153532269414547
0.980278615330754	0.370815464745937
-1.21729828255385	0.706696854466365
-1.33924493734651	0.620639750737195
-0.848079258894777	0.481458043990604
0.136920705038257	0.0276544244584546
0.758354950804645	0.324178134181371
-0.363372299490278	0.1733000009106
0.65792955084408	0.419313887395787
-0.602599156778187	0.387020917983113
0.384324450126459	0.157431951292729
-0.832883561229794	0.38695620948178
-0.779582344087862	0.276846471601307
0.738931604014358	0.434096005296691
-0.458573765112946	0.328670949721148
-0.391170722573965	0.1160160294706
-1.28284864113857	0.92644407284749
-0.0891747405950002	0.0424120090637607
-0.654182600115942	0.161467673167478
0.732947354144838	0.426205631030346
0.105707159011335	0.0310955090395657
-1.89191035434958	1.21499040645325
-0.449047685575411	0.311546320883411
0.307594558327535	0.152369927736369
0.975921026105112	0.367387587535954
0.0989706176870463	0.0548475968955117
0.8563106981117	0.708618273720479
0.0949831235067028	0.0438958449372965
-1.52890210111566	1.07817003888621
-1.03896401093435	0.546862449269498
-0.607800887563188	0.395603591932661
0.0977252885204061	0.0463904218065037
-0.451745106603243	0.190608145739013
0.125447228495688	0.0871016633888393
-0.340155848627	0.22406484045674
0.0887804004040245	0.0307215196457276
-0.58178588245578	0.228579447584487
-0.280299952976662	0.0962838321108
0.0902946883838007	0.0387047232164447
1.00012437063781	0.4743709684799
0.460716712030172	0.16388396249932
-0.125339264662133	0.05500316835351
0.388102100018128	0.158234870560768
0.332091300675669	0.147817516041363
-0.703173156743502	0.416426389535066
-0.151862655619261	0.0636538604805551
-0.395043898886926	0.238197350206592
-0.714899109182981	0.427967104995465
-0.285244949516008	0.131689176884719
-0.450666516915491	0.198753053526157
-0.847680515775271	0.641512452036948
0.761421258981961	0.319402858620075
0.780224664121611	0.66378375059904
0.380618156859926	0.154135697628218
-0.153249254139903	0.061723500265526
-0.545833343715444	0.295453418498446
0.63030661445528	0.282946390722976
0.89449110284013	0.562847455429892
-0.54486543243693	0.2973696475941
-0.992706004002383	0.724678056406277
-0.212169381418122	0.0804801791991472
-0.985628111701382	0.728612554550232
-0.00784588837638542	0.00467325700995299
-0.665857728739068	0.332052354918517
0.110120666694712	0.0681377725584976
-0.0979730615456612	0.0451643954020803
0.897814991228001	0.595140232823535
-0.543427759828128	0.295125263740701
0.0998732125041146	0.0462375896272277
0.61962621063934	0.201522244647387
0.980444744425621	0.362661422473148
-0.280245260443984	0.0943901859916087
-0.465321588976366	0.254861518748982
-0.459505072092844	0.189959491902569
0.268320774039379	0.155879519324344
0.412806581544639	0.270945179784896
0.500390300819758	0.264858353623159
0.0990010127468001	0.0548192603480951
-0.393621163963244	0.119864422038082
-0.454312139365423	0.194714652208035
-0.252011960833527	0.124257361659284
-0.0562066620006422	0.0286633816281121
-0.287053995867796	0.0941115717750323
0.0910613253789132	0.0392828309710464
-0.453124880465039	0.199044623772574
-1.41374604302346	1.61679762957918
0.919169589288512	0.253262641873265
-0.25501249467101	0.138802293313811
1.02608081999031	0.624478657513766
-0.855719863238786	0.585161321321865
-1.03697092621727	0.534494812965862
-0.713937938627165	0.421413395605498
0.259452782412492	0.146691949850449
-1.1060794233261	0.88486751881079
0.0969443244080756	0.0453544395802335
1.5659796294355	1.09973728863244
-0.300507308874279	0.153356087087578
-0.0638874109042063	0.0329990006016708
-0.736390409281316	0.544242506103267
0.101819171372018	0.0548727455076984
0.383190830928341	0.152073626892936
-0.391037865951812	0.243787294040921
-0.395011768509395	0.242893182662525
0.468605792003962	0.167251262805583
0.087103995768906	0.0291952995169282
0.0943962913228287	0.0433474083850143
-0.362924056519569	0.174181343550625
0.260160150952754	0.146606114006863
-0.456003598556155	0.198791342936551
0.444447369462756	0.274380178378975
0.255873156865611	0.147268766020345
0.302835200022715	0.150727092192876
-0.777051020618112	0.276190659750467
-0.211433236700128	0.0795986545216368
-1.21806962094047	0.691235108398857
-0.667224638119552	0.327121549452122
-0.61223632059256	0.384479672402298
0.26468265116113	0.154930875546493
-0.711806971250681	0.439087400942863
-0.6041112171211	0.382782253809726
-0.606544781102613	0.385812920929079
-0.64497623545099	0.490838329959797
0.26059508268155	0.155240805511821
-0.241737553388724	0.129446042785231
0.113559728008499	0.0721089921650398
0.282872723330026	0.151413032951338
2.50302773114991	1.39819366694238
-0.381820901504688	0.213973261121388
-0.2134606732964	0.0807704799169824
-0.457675435422377	0.191292661500643
0.0931340533771799	0.0392804659779841
-1.2210883773203	0.710599286486434
-0.117584053247857	0.0541336365377053
-0.581089272108936	0.228641219428921
0.588656471927981	0.411259888206281
-0.252184542988972	0.162615042522135
-1.55416124500306	0.808303340281625
1.77097749682519	0.68457833102135
1.56485699648951	1.02921896969171
-0.989659095776143	0.729356865905343
-0.395776635339096	0.288232767783543
-0.756231093998145	0.60763222020762
-0.119884986698202	0.0763123599481946
-1.79771985651342	0.446675792418859
-0.785641279850551	0.270089832577541
0.981004487224491	0.367912994641585
0.117919913912411	0.0281713146984376
-0.165252565911532	0.0644755479423705
-0.850175948290757	0.574346126928572
-0.293636899114085	0.146890303396961
-0.739453515553687	0.532943955442046
-0.301859471876475	0.156353679909139
-0.393018851975033	0.24994451305785
-0.543028867829551	0.294428023343174
-0.465801608837895	0.270534289199723
-0.718777330134186	0.411797722316361
-0.828631306779161	0.381838959581457
0.0910997847332819	0.0420473167073283
0.3046965869343	0.146993514222313
-0.338294655974094	0.224290235397556
-0.585821545523033	0.230852005706881
0.091715353805398	0.0308446405449209
-0.212968410931418	0.151079320519727
-0.387695601277392	0.349609050681892
-0.402766967282232	0.302898632149198
-0.648072384925295	0.480741778057585
-0.65731518627677	0.167926311118685
-0.790709479082272	0.269921737031908
0.137884050032568	0.0276312070347514
0.118939396235283	0.0301990106180882
0.100412438665635	0.0531711568136121
-0.157878881197982	0.0652829626344553
0.336129453860391	0.15113722587875
1.51365824835642	0.761400706808177
0.98353456512249	0.369768737748475
-0.601695426058812	0.391707837617246
-0.304405004835165	0.156912595931227
0.0897535867061122	0.0372909987348001
0.488915994945001	0.276447697880442
0.109362191595675	0.0676801371878582
-0.295021866176748	0.152310479298641
-0.000614175491045247	0.00043368962311863
-1.33824367242426	0.638917853433033
-0.770967814380778	0.676853051956944
-0.246611270812065	0.136043357753758
-0.74141615305533	0.52656382907273
0.444431630755837	0.273301150283359
-0.246514949524663	0.135009718676346
-1.04080691807732	0.534703182808431
-0.785562730354612	0.284898206481168
-0.211433236700128	0.0795986545216368
0.0961661621556278	0.0359105925619814
-0.217265343448221	0.0793670787770625
-0.155132060455677	0.0645201252520741
-2.12615339168677	1.02242809064393
-0.549239203375553	0.300387668245556
-0.207815693615207	0.0789923894510562
1.34407350320749	1.00334303044902
0.0922512447095292	0.0437652697229771
-0.856825272382411	0.542739925586739
-0.307913211221639	0.15426250769232
-0.207115133822936	0.118706559163757
-0.748974396911003	0.609034488663071
-1.89191035434958	1.21499040645325
0.332587025347511	0.144191171889163
0.123992992257102	0.0305517440388786
-1.22451625872901	0.72300251812457
-0.968591275094704	0.839375259636515
0.307364451503213	0.150671259253414
-0.207975704122757	0.117512836693272
0.73005481064335	0.422232841761338
1.02659803105785	0.615461439868852
0.301281348894679	0.146930094956751
0.0840886830532353	0.028853322386182
0.388191327916678	0.159552284481566
-1.1641990254791	1.1413075651064
-0.19108309015771	0.137742205975069
-0.703441745008042	0.726629745412749
-0.144903395862219	0.0909637611261492
0.621143162438166	0.500003599087774
0.0912248459132431	0.0388449843342786
-0.285260753813349	0.0973870046642128
-2.34099247842637	1.2440001214724
-1.17674783681612	0.370172278890225
0.12481030733302	0.0314878944324265
-0.83113147757962	0.375223421018721
-0.706751933875936	0.421949855621164
-0.746137451129915	0.507895382954293
-1.22332316698647	0.719443117252758
0.447867224805281	0.272821435229762
-0.0702079332370612	0.036060342376822
0.11122634211322	0.0694247673365828
0.0931340533771799	0.0392804659779841
-0.212432244853596	0.121853188201475
-0.286719286064136	0.191813678587199
-0.745575651316813	0.578689314257006
-1.03370187313047	0.996999825583982
-0.554176383474915	0.519303286490395
0.144745096547469	0.10985530351664
-0.341349616235305	0.219106745331671
-0.706110933890514	0.432560291400147
-0.830474263887692	0.379463485619704
0.919169589288512	0.253262641873265
-0.659035817517921	0.164780868926832
-0.240008898838296	0.1259204639515
-0.212906237301372	0.0804594204419337
0.84148686079677	0.443712385618922
0.845889424417641	0.430911088510674
-0.550792712667334	0.299580049189376
2.50607291736232	1.41345367061884
-1.37446214949101	0.821954801682755
-0.0407058018004254	0.0216036678146555
-0.200921949436612	0.115430863278494
-0.116993953226095	0.053758346911291
0.278158598060298	0.146419923982031
-0.611411240242339	0.387008998660187
1.44687215952292	1.80142284440863
0.386567096304201	0.267786993684472
-0.395661195420251	0.29641736919296
-0.173695039163057	0.10333721764942
-1.70470139355517	1.72517974038933
-1.00784698614596	0.611564432784076
0.335388367660345	0.262581615489013
-0.443909255804304	0.366209224321249
-0.204592209189106	0.0778365810720541
0.12481030733302	0.0314878944324265
-0.393621163963244	0.119864422038082
-0.656493603036432	0.164060826310612
-0.455508910380493	0.309221926605356
-0.583179576768841	0.221324504930082
0.741319682774918	0.420806973024736
-0.208463491210572	0.0797823684807007
0.0957683599509362	0.0450315442232225
0.732006414672812	0.42342027922297
-0.205739507398932	0.114037695608406
0.0908130515278033	0.0453616589700111
1.35534202495405	1.58333669367869
-0.247385558062948	0.136002147159895
-1.22343727794507	1.0558816722831
-1.06896898850383	0.957241270679413
-0.296552023622672	0.149722469248206
0.231915441526371	0.145423647954911
0.588913496593653	0.410401433302014
0.335883553169964	0.277416207436764
0.0119453237980009	0.00755184039587598
-0.856304927607795	0.793312868891435
-0.0911728347957144	0.0445417085970141
-0.147315548959354	0.0594574502934053
-0.968876535507867	0.837032137483512
-0.445916291169259	0.185628375997184
-0.211433236700128	0.0795986545216368
-0.391170722573965	0.1160160294706
-2.58558390776956	0.743326333733362
-0.779510969535437	0.284762697132641
-1.06977966998837	0.959069159747921
-0.0628802950601529	0.0325980298845577
0.0969421090271426	0.0459481743289975
0.0887804004040245	0.0307215196457276
-0.453549628859987	0.198524852155176
-0.700243895719498	0.392867243436019
0.0933694289718888	0.0447509416776856
-1.7083121194186	1.69631576255934
-0.607876546845277	0.394678664656598
0.335206469286154	0.149299883055563
0.275372840758566	0.148610130039991
0.0924480064058703	0.044057566951679
-1.15632027018835	0.786603208204121
-0.981757574126985	0.718223241227063
-0.826501928543113	0.35889981997202
-0.298334505428338	0.155011980448464
0.107961310366948	0.0594709218803146
0.722015459461833	0.512516450806016
-0.221832000064913	0.152663672611516
-0.0857237674868961	0.0559024119747508
0.850789103214354	0.692636599640987
-0.287766450901632	0.191095035517404
-0.279540398715928	0.0939102873133586
-0.207168039209579	0.0770121928970018
-0.985127282379157	0.744800760196921
1.71339165749263	0.927614577430924
-0.0429653974029943	0.023651241522113
0.0883938822553896	0.0374602920335807
0.101649572542974	0.0309006320571505
-0.0684526241111579	0.0343314945708608
2.19797338298497	2.17322554068706
-0.832239652938197	0.383676458320804
-0.300293561546198	0.157526248437456
-0.76410325639686	0.683214694886608
-0.451013960127362	0.316006030744032
-0.590293202533743	0.228580587922441
-0.20401613850388	0.119323524479484
0.550768500519374	0.400769594315359
-0.138993426711937	0.0896030210193192
-0.367974621555224	0.176012453622212
0.96915875331947	0.891644572969454
-1.96347154831342	2.26996797600609
-0.280920318243808	0.183299142147313
-0.706130913872083	0.42646046322586
0.0887388516038425	0.039681885758552
0.0964429398759265	0.0414157588744105
0.723716410264192	0.557607583657042
-0.121542310049116	0.0545470499260031
-0.243425753092043	0.168068044965922
-0.122722999469232	0.0549498222062686
-0.566552301720714	0.445332230164972
-0.469430636951211	0.267100577819888
-0.781460424757037	0.275190134502986
2.21573466045851	1.71344913261704
0.404637781574902	0.257348459083065
0.111856313154779	0.0712692745131047
-0.394877297133013	0.290121746745384
-0.858648380465809	0.573978587989496
0.114198704452803	0.0663949363441213
0.228622331100677	0.170241271169048
-0.846279451617048	0.620543777800841
-0.600301909244046	0.387581961052374
-1.01149095634262	0.602924752169086
-0.15246200590134	0.0636277568577794
-0.174295941351208	0.108108150923577
-0.660263660142002	0.328672487990585
0.334925681668042	0.145241250411395
0.463750947448222	0.16463764089159
1.90602560435774	1.2327760462539
0.24396502933773	0.148363094435667
-0.169227387414016	0.103145809987581
0.41197472677446	0.275494621840939
0.243590569549026	0.163155464800138
-0.709995642893764	0.425563667683354
-0.0206770223277041	0.0121101250370155
-0.641448314482811	0.473371289420308
0.100892340299491	0.0416277353002024
0.731587099624158	0.426474987777184
1.59102136054696	1.38665769039166
-0.0874433799478752	0.0417007657081106
-0.164153439879301	0.0970196870125395
-0.20202666524599	0.116940043282358
-0.555513192026167	0.409254412502347
0.514482018689174	0.39290699587556
-1.00307999549221	0.624606367799077
-1.10394260896177	0.880795350787153
-0.462870882652014	0.195425896103914
-0.336351660881982	0.221507118765993
-0.848801626417269	0.570015133293755
-1.15339613723001	0.779656148735056
0.732893086733756	0.398964433093687
-0.0472259252179839	0.0260666648579929
-0.397127020898021	0.28785020168255
-0.139205997578005	0.0884518814890708
0.611666589133656	0.607409240692417
-0.384375668605396	0.346845309013923
0.895267172561452	0.847839520984766
-1.15703652662899	1.06577080150475
0.0900570372729342	0.0318752334356568
0.893356742840543	0.575242208305502
0.549622479160768	0.271304776032746
-1.21193570419598	1.09256361662426
-0.984955644513484	0.707601530841084
0.266062597278977	0.15315120326065
-0.0812148715991252	0.039279629750611
-0.0927194562210309	0.0444655263850168
-0.350378331973602	0.279538352682752
-0.22108006276205	0.155165460492328
-1.33246882241607	0.623814192542301
-0.280854535357584	0.182762064753089
-0.0858208273186332	0.0421139945011827
-0.661489012778326	0.330240966294842
-0.932277313411686	0.920198767148876
-0.391988148268519	0.115975692575877
-0.364627825852731	0.164631633589933
-0.244559591649912	0.131642201690021
-0.471954924510925	0.410235401128837
-0.0900290223619148	0.0610611164131354
1.2636420809365	1.41848895002363
0.45956334893974	0.381046997814107
-0.154613679944723	0.0638006192440455
0.462912442665991	0.38540403242844
-0.360446393850848	0.171899513337598
-1.56019196954942	0.76920620880458
-0.444229528893898	0.349446156549079
-0.184729943295096	0.136615479584335
0.0894959239584534	0.0307270486502312
-1.52737183674559	1.07566794379392
-0.545079150316887	0.290383380543811
-0.0870872423271777	0.0579669730152632
-0.752014226420461	0.630809383153553
-0.0110516463738963	0.00788536196679424
-0.471682882383621	0.47960099311557
0.40380924902538	0.256338452743794
-0.848441691768983	0.448318565297959
-0.00784588837638542	0.00467325700995299
-0.116993953226095	0.053758346911291
-0.760411035356593	0.607362760853777
-1.10636650728791	0.906424380013929
0.120371454095158	0.0667616461612641
-0.84184321045888	0.326176248508401
-0.828631306779161	0.381838959581457
-0.473810891787031	0.422132712089268
0.0308605095296366	0.0197781826142474
0.245853823131017	0.159409798826109
-0.0595322001412689	0.0310601282517182
-0.294263791130748	0.188180367822317
0.110435114149139	0.0685550651680548
-1.28704171919721	0.998492342691738
-1.87249353652445	0.76086652625809
-0.457091790809971	0.262038853693566
-0.833610823921296	0.910724001874002
-0.862603431773862	0.672031448515854
-0.346903551109392	0.257581731065795
-0.395218992202507	0.117352559140598
-0.762059571894723	0.813365905611631
-0.765725206051984	0.684568870484609
-0.177992742786003	0.108559135199618
-0.0950127473977985	0.0453913841004428
-0.178271282405512	0.108538043308226
-0.293454282335428	0.144810445378731
-0.530373346425637	0.360993213941629
-0.00583783554534674	0.00351777813374659
-0.377572510489452	0.369356060117487
-0.449780216203469	0.424179947212056
-0.52277814344703	0.368068822508253
-0.0519460415789336	0.0395633784753044
-1.07940287346791	1.46075528632807
-0.677105382629058	0.626896309750341
0.00483226680908569	0.0026550667310572
0.236968965653002	0.180431240066893
-0.858967608613824	0.574859318602511
0.106540803769335	0.0633929573277933
0.0978676503070961	0.0541726544432716
-1.00327312249485	0.630301657731701
0.0919887278758207	0.0392220005349197
-0.440963521232429	0.360898636791055
-0.398860703300346	0.243744513584232
-0.364286550228297	0.176560152215839
-0.661134250082062	0.527629835587639
-0.733643747206033	0.522571460214845
-0.131455132039827	0.0996420618954077
-0.290105985293978	0.189832712197963
0.538275302198066	0.507034994000858
-0.45919982596626	0.326954176453308
-0.204613484604644	0.141541464625412
0.0237627559515991	0.0144368107141277
0.023454277908004	0.0153522937962212
0.233270176891779	0.182590009631085
-0.0267897150365637	0.0147501393422722
0.0629957601158653	0.0455178158102028
0.0120103144653081	0.00746929389399782
0.112504952508144	0.0683560507912864
-0.757157493983502	0.726178330309284
0.141708480180152	0.103185889262741
-0.964798019983364	0.799120972904629
-0.53654481789989	0.465794276429955
-1.03850159804028	0.521644873197038
-0.327216090423641	0.202130005934495
0.0930491379569061	0.042798557849525
0.653335868786535	0.411187220794052
0.0956128771995379	0.0512409578114234
-0.0630057068217883	0.0328236039866398
-1.01026275652534	0.645487765218753
-0.583948546103782	0.23094954385842
-0.704382208934873	0.427051988128829
-1.15305353900476	0.786337962106927
-1.00985493959145	0.626840644714084
1.19304156645459	0.782123537927626
-1.52834801525479	1.04798613323312
-0.740594562323356	0.532218525345243
1.40345235189459	0.890350554383777
-0.288295986382253	0.0943810519797889
-0.335542094810052	0.206668831364686
-0.159679790194258	0.0658031318788505
-0.0401152748739537	0.0220362325958202
-0.949813941422642	0.891736802014587
-0.851183958194098	0.558512701615611
-0.109461310562325	0.0470554311276933
-0.20202666524599	0.116940043282358
-0.291951851820524	0.19472055412067
-0.395584135902152	0.116072019693429
1.71782656465683	0.979542175898377
0.734582525196294	0.438337718361753
-1.89569761814092	1.21117198429075
-0.666114075467028	0.333111236636297
0.335366728792092	0.150529664541535
0.490080851436437	0.280834980390778
0.240546901192216	0.159676943148364
0.104012824322776	0.029952181201792
0.555521940910209	0.281364443778205
-1.40319834837472	1.14986529859637
-0.582505441533262	0.235735959618136
-1.73279837731741	0.994111132028914
0.853434298904664	0.436448851132794
-0.151095922326742	0.0629118559801664
-0.523915153942404	0.348671451866767
-0.749429237455962	0.61126240906036
-1.73567292364747	1.01896696503092
-0.583924660539257	0.234558015372307
0.097920385788477	0.0289855038096373
-0.201358988602657	0.0727684539244541
0.998661941006707	0.475237963489519
0.919169589288512	0.253262641873265
-0.460298246168442	0.328286134364271
-1.41575150973536	1.40711314961133
-0.840338330811451	0.45614652051155
-0.299337684830705	0.153109642463766
-0.967813143686038	0.810570186196694
-1.40510926714968	1.18715871714043
0.727617172464649	0.553723692414701
-0.0459662583130601	0.0319981291576177
-0.550204562966603	0.297797775630679
-0.605809782407726	0.36287419032411
-0.502858216480211	0.400217100283344
-1.11065498647392	1.65144465128516
-0.348944937474283	0.321312226668013
-0.415707237060113	0.39700950483233
-0.346421634863872	0.217213633810032
-0.205696089870901	0.121648143845011
-0.858168196278649	0.56626003126389
0.341274215236607	0.154072446466247
-1.21841546000019	1.0636677459852
0.139261359706403	0.105148676987367
-0.00612903342400284	0.00433613386013188
-0.44063524945491	0.35868740183165
-0.0541779789737388	0.0371593781141134
-0.461078767144093	0.302820301904052
-0.850834269763118	0.765358550747885
-0.463444692582779	0.319738572308356
-0.214106529243962	0.0792778462983038
-0.518006806136725	0.349134088231267
0.0942113193263911	0.0445921358887619
1.22116723588088	0.666474529444551
0.0908921417745456	0.0304172511742669
-0.546041546803338	0.29913311361612
-0.836322509828718	0.446898030428184
-0.454651816882088	0.200627796102784
-1.1513102729128	0.794223290968916
-0.663025422475429	0.332669560571473
-1.80188224075767	0.438212560338483
-0.658471173149976	0.328988712370127
-0.579571648585899	0.228969299811073
-1.86928527139059	0.786620203398239
-1.33754702831989	0.647502485726157
-1.17593414403549	0.3709145036914
-0.361423434258331	0.167833785829918
0.461944916603198	0.159248347374126
0.0923328948392416	0.038170410665276
-0.459953306766028	0.257697536635364
0.127210870206515	0.0320619849993893
-0.170948921560441	0.106414909524182
-0.216080524019311	0.154239619319659
-0.213510661911039	0.153351281034833
-0.515122251055578	0.839969583206118
-0.522178922869835	0.740275263744662
-0.548764564366244	0.581416279375249
-0.281819825832439	0.0964528527221734
0.0894959239584534	0.0307270486502312
-1.56173220635248	0.57875292770744
-0.390389982853778	0.115694403033256
-0.455119704107478	0.198333386035113
-2.12693987866897	0.99579107797017
0.12314188083723	0.0313348936138455
1.51000380328109	0.775574854292772
0.127192694705326	0.0314595327684852
-1.87601738353218	0.79793268192811
-0.663101743303914	0.33510472661673
-0.567401426994916	0.4507342042328
-0.857841929677839	0.677429791477992
-0.337185807920115	0.224186440957614
0.726515015179858	0.527222025277134
-1.33963428988376	1.44286174407561
-1.21819381639803	1.4565651044058
-0.339731662409491	0.209231616288049
-1.06333735804383	0.969036746973349
0.450715283265692	0.267101688466611
-0.245056997498202	0.16399870981906
-0.463633603454769	0.272100538141317
-1.33572405129006	1.81018161344939
-0.845071628361389	0.476380912738892
-0.174105333216488	0.152629497171591
0.30541078388841	0.150055347284313
0.336129453860391	0.15113722587875
-1.73080348316521	1.04041161027525
-0.663453482364967	0.331489474032257
-0.252863028796415	0.175032591220112
-0.247427885384523	0.136309533557141
-0.252785982563233	0.140571507318376
-0.0570442358986862	0.029435483045602
-0.360860769234015	0.173334160399411
-0.247427885384523	0.136309533557141
-1.38887105499094	0.882466267520618
1.39411378983077	0.830425247334059
-0.542253541317645	0.295211188722408
-0.087704997894953	0.0423569043353004
0.980776428217496	0.359843014843384
1.21687886999185	0.652290600516832
-0.307123772862563	0.155285676788369
-0.246940583789632	0.132787459027331
-0.462525909811814	0.272890272383866
-0.371392826878264	0.172119265158515
-0.703762027280497	0.410836148577933
-0.764588952056061	0.8649020887913
-0.450269124228735	0.43841608406604
-0.620497252411529	0.625972045726224
-0.178560769721941	0.13055450025098
-1.11809302146567	1.20355986690708
-0.172598383749174	0.107765674822857
-0.0343366760191441	0.0231042996550403
-0.665768073986001	0.568877430327676
-0.257101904012684	0.176763398954992
-2.52812327775046	1.47494635671227
0.145797218957354	0.113464959562184
0.381997976371903	0.151376048698378
0.487148158180192	0.272777920415663
-1.19868624695694	1.36647904442925
-0.543629754594854	0.496434006646211
-0.504372821783362	0.408285036121696
-1.28926739212775	0.975101352558773
-0.359669400545607	0.301849089744404
0.25861132859058	0.150285882771463
0.0294330096157864	0.019105543765445
-0.645867513775745	0.482758623838983
-0.504860156912078	0.400994116107928
0.623332132085506	0.534209914916703
0.744447459604819	0.674451318964229
-0.363892690251756	0.288436936561068
0.618029646606178	0.195815538712146
-0.155646922035117	0.0645180885508933
-0.209589011088825	0.0788469528921384
0.0915718658331214	0.0352785318051464
0.0995833477270286	0.0515666540160437
-0.464586820233552	0.267689305727995
-1.01501364441342	0.623511475637097
-0.175421263554171	0.106216472779647
-0.594999537786097	0.487768639570407
0.797963337565594	0.557939703176954
-1.10421677351557	0.887389883526763
0.331166405960665	0.146776620161546
-1.28458082608677	0.936099904931895
-0.83113147757962	0.375223421018721
-0.848897043168829	0.470346560776593
-0.827432295205969	0.372638397736123
0.12232468216973	0.0303923795932781
-0.712391042696682	0.437624021981928
-0.712725274437907	0.408580025107224
-1.7193982315428	1.70766222060922
0.126297852604905	0.0881725403524342
-0.461327445860549	0.259364902869196
-1.07916478397367	0.939007172042268
-0.138579822687003	0.0881886206327341
-1.0098694373889	0.643841059526592
0.11466548910332	0.0729796926760265
0.800239711022051	0.569604275034537
0.48753271180209	0.26429360089633
-0.114546284259268	0.074221387838393
-0.252759544606172	0.170188885356451
-0.881191991082247	1.04896509916208
-0.889903963601056	1.00866826872824
-0.0879104421389185	0.0436644940021225
-1.1059015848137	0.864003013059167
-0.0955520719385455	0.0447482782595241
-0.217536482817367	0.152728703074511
-0.26906193469402	0.214817832371388
0.504021595738838	0.501606119484955
0.246272691654691	0.149315857913026
-0.43958814101731	0.351020967386254
1.51926736921576	1.57993573708276
0.670909382245677	0.53739146858408
-0.662257513675549	0.33371791677446
-2.52390038043008	1.45527353905688
-1.22245579649376	0.70670365883224
1.04046718329673	0.727923944868159
-0.447025225256989	0.307478331281839
-0.834007830248173	0.359425283089241
-0.296574556036031	0.152094080453076
0.0987389113769381	0.0507231669318899
0.544226799758739	0.2784786388354
-0.846568020181281	0.472716113962935
0.0842423512602224	0.0322539176030753
-0.27911119283017	0.095017888674166
0.0886884435976563	0.0339785317442027
-1.22588544587047	0.720540891480179
-1.08591065802584	0.448197733425892
-1.21989639333442	0.711852611027546
-0.663025422475429	0.332669560571473
-2.17085403874113	1.64990079703472
-0.391417436444172	0.24158939154068
0.101649572542974	0.0309006320571505
-0.392841205484787	0.116190355727902
-0.701995469748725	0.395561115156157
-1.21645857275174	1.07264202992084
0.164284245107527	0.140009783951337
-0.141641990618722	0.102306140564233
0.00876384618698802	0.00556046805361072
1.02627583258021	0.61286166540172
0.127840469452446	0.0894297091491291
-0.055693506516246	0.0365906517041224
-1.04042427577635	1.02301201353579
-0.0529910848098949	0.0412287792729444
0.160535306139551	0.136507196250363
0.223616342938975	0.195986359743412
-0.0209191764977237	0.0185054624470777
-0.687148451068741	0.696798113601151
-0.312906846261627	0.268711902306987
0.626000136993082	0.285171359304784
-1.89514201470413	1.66905643656525
-1.28819930300457	0.985814223794392
1.00549741380038	0.48175445200789
-0.151356471397243	0.0612006701814165
-1.17590287195246	0.367420429263891
-0.461641652198444	0.195292916852615
0.469889066600882	0.171638071817207
-0.395218992202507	0.117352559140598
-0.6550038363416	0.165183216724647
-0.581830152059278	0.234765102071671
-0.669545505057192	0.32349366096165
-1.22398863884794	0.675668031556172
0.185255015005374	0.219738459837673
0.988609982128762	1.01393922040662
0.506181568172156	0.387891492341894
0.0953946331967303	0.0449635524753298
0.342046859808023	0.145813241508877
0.041172490748025	0.0332750356717891
-0.0423887143506148	0.0297878282490465
0.702902860309171	0.731200191671131
-1.22143706403235	0.693119539231974
0.333295789123573	0.148763737365012
0.844814767629628	0.457692403463595
1.2649114499657	1.38317169437676
-0.980923124691266	0.729758054715
-0.136216903777313	0.0872568820192525
-0.574191100410099	0.899255286528364
0.226799207491452	0.193380873608537
0.192903330464864	0.188848770237622
-0.163250285155608	0.161357386428573
-1.81876515163915	3.26998162130612
-0.502544230358639	0.378158384001609
0.762103935148928	0.328952881693488
-0.830669498194514	0.376845490895016
-0.281114763524062	0.0936962304711465
-1.08882037087365	0.44480137415122
-0.204592209189106	0.0778365810720541
0.467143883066304	0.172207431346016
-0.398809556423235	0.120190602946701
0.102377542387077	0.0310111431631203
0.618029646606178	0.195815538712146
-1.03220221086366	0.500783399681537
0.847096543787062	0.462372894298554
-0.659035817517921	0.164780868926832
-0.658213786449221	0.169205854171519
0.097111391524782	0.0292139208575234
-0.0820039720676675	0.0397198528513011
0.166005888683018	0.147821936330372
-0.0515587939668094	0.05729358132107
-0.345633553639025	0.316932276310257
-0.0881241598348533	0.0599324250247507
1.00381369037356	0.484306402982788
0.229951148089065	0.279796752616845
-0.858629595148258	1.19593709840607
0.103177717080169	0.0616060002610309
1.77691026280748	0.69792980988039
0.542683703028346	0.270322649704352
-0.149447968322936	0.0594898400282739
0.130264089994101	0.0906957118181299
-0.00749312780793386	0.00765409565964664
-0.16253349159827	0.158255092965689
-0.14240298277602	0.138146546762232
-0.395798613039829	0.540895033101366
-0.653692266517038	0.768919140225565
-0.430987172893338	0.393837563666451
-0.391170722573965	0.1160160294706
-0.340241255909951	0.221109618061447
-0.60621431237172	0.382481052447006
-1.73141597673782	1.03618930401339
1.26816091680392	0.574381438846744
-1.5617523438299	0.577189828073677
0.101649572542974	0.0309006320571505
-1.5617523438299	0.577189828073677
-0.551768452744964	0.28764888482897
1.26886109369344	0.573408427354897
0.980776428217496	0.359843014843384
1.04046080909646	0.77305492861758
0.61962621063934	0.201522244647387
-1.87163703513491	0.798055703152648
-1.08747306915472	0.458843139120776
-0.159245816531595	0.0664016291369381
-1.0066630378596	0.645859471730558
-0.0691798608387064	0.0538968599427894
-0.117133918641082	0.106771605337602
-0.0884677128594038	0.0571774732505654
0.54296668007824	0.502837446807621
0.623672687720165	0.193374580198933
0.161286752853875	0.133166468743292
0.78353760124749	0.701573413843219
-0.776980438509092	0.275349689854244
0.726198012072976	0.560585721929138
-0.492467109851721	0.57112189704989
0.101169905136676	0.0858459382876873
-0.761475704965037	1.20781245455972
-0.467041512302556	0.62426474588815
-0.594439265097624	0.672504430762496
-0.68069314937464	0.667846485313821
0.763512025287703	0.322143500898539
0.105535881525295	0.047025208928424
0.789610692047254	0.701527675093719
0.0927534407258433	0.0393586342415975
0.469136296865746	0.166760626514399
0.919238769255551	0.244467484048215
0.100841618220157	0.0306037225182791
0.757590403436549	0.322541715501254
-2.58475812768928	0.723077298597346
-0.390389982853778	0.115694403033256
0.123976331196576	0.0321704885802751
0.138719287628381	0.0278738142929699
-0.394438559044978	0.119807256282002
-0.0622789901594232	0.0426827329320039
-0.339555005300122	0.221597731638296
-0.656493603036432	0.164060826310612
-0.670744215715717	0.313474475879944
-0.155978055784528	0.0644958002283825
0.986940209170102	0.368065198638508
-0.4589061952489	0.197413126078523
-0.0854332682228039	0.0419315683501937
-0.15537842257305	0.0636936995603567
-0.544390510497947	0.288368714643749
0.0885600823677317	0.029660827823086
-0.277603055226522	0.09337462798677
-0.391988148268519	0.115975692575877
-0.14510292386823	0.0914677625652484
-0.438374122694747	0.432995227210169
0.082965272592484	0.0839952362532165
0.383792327691176	0.37887003893387
0.0990956236351372	0.0466180398994058
-0.669372747307649	0.311631422991212
0.118939396235283	0.0301990106180882
-0.245003265397773	0.169512703923656
-1.11328860697002	1.67458053240864
-0.169765339228763	0.150481001531365
-0.285697683469879	0.32302539150351
-0.0191041330868912	0.0173300731708384
-0.139599885886214	0.126155636593632
-0.915120604287731	0.855755575544578
-0.583226331232705	0.236733326240663
-0.0486408566969124	0.0264225996192577
-0.661560413784228	0.325071428937626
1.00513400351784	0.494798277703176
0.0970237492264712	0.0280032806584229
0.615250614627185	0.194235280357882
-1.03819787780442	0.544647620896677
-0.785562730354612	0.284898206481168
0.124793148559194	0.0316859887487473
-0.1559001372362	0.0652725260241526
-0.285275586931952	0.0958290123214358
-1.09496971698221	0.445658806946981
0.757736629309274	0.324144509539724
0.158003408704581	0.127563318494723
-0.311166671368694	0.237537127570218
-0.851966110419272	0.726424331855606
-1.01104225737757	0.642814993534646
-0.251696617291422	0.134372282945974
0.728433598444839	0.565224492445068
-0.849259646872568	0.483995122795388
-0.124156663488869	0.0542008977289104
0.0891598974224175	0.0378339527547878
-1.28460385556191	0.920160320854532
0.0918025705405836	0.0462154926785519
-0.117956157703075	0.075774839514647
0.737745531377281	0.427295819550001
0.477330605242097	0.384063222159524
-0.0206202256273	0.0169060461717594
0.346314076973047	0.259494362536348
0.09672302431817	0.0502741554001432
-1.21477790947542	1.06899036608119
-1.54768681483749	0.809326498556871
-0.211243228658864	0.0778995076825206
0.0901781838597058	0.0304050830197748
-0.140850108349601	0.0867212542377871
-0.353115450336877	0.298542542625591
-1.40163295708593	2.43457167187352
-0.769188412975941	0.953883155035795
-0.688568152156984	0.719844815451308
-0.069805034017044	0.0538307298257625
0.0246643765057699	0.0159093574294577
-0.405328993687358	0.297703609394577
-0.180817059957035	0.132075764274785
0.48363998969536	0.266335120617893
-0.116607146402649	0.0525808045772927
0.150919456694937	0.118929813917638
0.363449981784371	0.272045035430582
0.446633254190579	0.274189930337063
-1.0924746983982	0.448931482585012
0.0834819649139695	0.0317717691651489
1.77691026280748	0.69792980988039
0.0958754412037375	0.0526712471461896
0.614478989136667	0.194606563884473
-0.154880523191213	0.0635648105692682
-0.45996861373091	0.189520861830608
0.0948556652122504	0.0276094365306935
-0.217593845073889	0.191392518082886
-0.0265367555054293	0.0151732426101732
-0.833624021940457	0.388512429406739
-1.02567406452497	1.00103094261017
-0.28074929782907	0.255231897913261
-1.54810108034227	2.00978625322847
0.395129608563463	0.389058382516773
-0.26576199774524	0.208907581096824
-0.984936134619639	1.16186267236172
-0.980205169024283	1.25013314587754
-0.236798659918322	0.180942716991239
0.349762471432734	0.269485387751305
-0.267021229640067	0.2120233030481
-0.249644721246226	0.211479846372292
-0.134374521226395	0.0830939577662815
-1.19117044862318	1.34809132924064
-0.0644686832157253	0.0344246636817056
0.132135333532153	0.0938643385536609
0.112628445396974	0.0681018028299202
1.44502810851914	1.83186121465181
0.319184217348184	0.288563918388035
0.0690607607401909	0.0508251960349147
0.100619964432082	0.0581960495751508
-0.700779043263265	0.841460851335888
-0.504932787848837	0.475125088734514
-1.52077138699297	2.14228036163968
0.108510956523474	0.067261420060914
-0.289468434278704	0.195215450063178
-0.351420860169936	0.29604192462057
-0.180267498788798	0.130634515232448
0.120754004576154	0.0800971943610659
0.738695863111731	0.666290134641834
0.513399828245549	0.385573636942314
0.338483429139566	0.265552684253908
-0.396609869889045	0.314632490850693
-1.28544339590926	0.990198242942805
-1.15828236518731	0.804460276132376
0.383674836456386	0.155957430958996
-0.454626594235069	0.197957212895209
-0.7389499696863	0.527984348767155
-0.113605217855659	0.0735653321854735
-0.682638405982478	0.622306537659712
0.108303774727792	0.0637149043547686
-0.041758942734839	0.0229927213247745
-0.298080765826802	0.195389984880744
-1.10693498993868	0.909885560142051
-0.285334256178871	0.188628030632939
0.245267244856435	0.161536271795706
-0.392841205484787	0.116190355727902
-0.245366964975521	0.129067125058991
-0.648376487407457	0.475927851141034
-0.604934409290921	0.381740055929107
-0.250880191990254	0.134428924935232
-0.0415613802642999	0.0221574435733582
-0.828156144121139	0.82651555939763
0.501052376818095	0.469841192804952
-0.390696234286716	0.360134806651836
-0.377628327423615	0.355291510844482
-0.349134587468477	0.349745128662833
-0.759756688266943	0.849983045633103
-0.0498541137707706	0.0390864899281539
-0.64179263076839	0.728415402194253
-1.07788354236329	1.1903471871178
-0.221832979438895	0.194717053018591
-0.0487030939695505	0.0336780659500629
-0.350041112782984	0.28751694881279
0.347200786488253	0.280152042414342
-0.275665421449439	0.231492880811537
-0.505448424281025	0.488549320711121
-0.209772037598822	0.146172922931054
-0.0341348601950411	0.0183981315454056
-0.248276773045072	0.140004871266274
0.250296794959039	0.157286819807466
-0.273299106832727	0.217162385108522
0.0525806385328559	0.0376245072120108
-0.286780569329101	0.0980205838031131
0.259760680208773	0.14963505841728
-0.0888947137378284	0.0575965292275025
-0.757551371812511	0.6847405675872
-1.03305056021147	1.06174411106496
-0.216860561942824	0.156763087602856
-0.256766555479861	0.220017680719595
-0.588829616422524	0.637212986610745
0.330732583681464	0.271114494355246
-0.684108430470654	0.640084218899755
0.134316944353598	0.098252888846767
-0.147904662992442	0.119132231321
0.234793732900044	0.158204644820908
0.0916554739032277	0.039581692872804
0.986940209170102	0.368065198638508
1.26962405526206	0.557810840104493
-0.392804209152594	0.116893234785917
-1.17671705611502	0.357469400515175
0.551673370860306	0.288091869950193
-0.443880226778577	0.364363629783569
0.123132846462765	0.0833907485868137
-0.860222382758122	0.732900779525755
0.00902986304404168	0.00569191988066784
-0.530441702377488	0.444857192482433
-0.117968164845314	0.053051900339437
-0.587230469674513	0.491994533785633
-0.39722496248299	0.288129387680747
-1.00967630711104	0.647913469067726
-0.300475217490396	0.154918932995457
-1.11019190168751	1.16381948857326
-0.36487881369518	0.176056802733959
-0.406553171664974	0.294076154340545
0.0452668626811562	0.0312607428850016
0.600201579360218	0.728022747074199
-0.11589684164937	0.0947872115137269
-0.592874271345957	0.778485074928412
-0.456137854334466	0.437766701596142
-0.367562200549787	0.408964410543878
-0.134234923309279	0.108856264413931
-0.374637691473714	0.364817963551466
-0.690334826402946	0.752439797400097
-0.266843982074384	0.206432140413851
0.469132270449117	0.471810488259267
-0.261478542018234	0.243487239911382
-0.198641387133629	0.175496116603416
-0.765835271290477	0.863955239378443
-0.372430045699926	0.414585100482477
-0.629940549980742	0.651626158926371
-0.207205653705565	0.167983811286991
-0.177922056958797	0.144550520012116
0.0503171840603042	0.0339737875346412
0.227720854125246	0.183712288475638
0.739948117602194	0.765343671422311
-0.88239745376972	1.09167699070765
-0.873338253011036	1.13827536734024
-0.0865991531537043	0.0581064519074602
0.0704042383824691	0.0524403533675592
-0.948585334697616	1.21016654322627
-1.04446460190944	1.381422415133
-0.277838177879666	0.23687652484613
-0.576567405941792	0.563878959536806
-0.25605455243489	0.210509925318592
-0.395235981548754	0.247972234713295
-0.540021814164359	0.277043666927879
0.0989406136897116	0.0414894541156256
0.126375943449661	0.0319134740433349
-0.20707693881829	0.0781188384493783
-1.3361252533938	0.626926997860543
-0.932814585100457	0.927888522645642
-0.699389576584136	0.72738556532602
-0.840552396339016	0.795638997233064
-0.248333726993541	0.135057473287479
-0.26602997116821	0.211076288425715
-1.71127848547709	1.80019371494616
-0.232074758818656	0.180791376103979
-0.603663421547743	0.38876452089957
-0.0653288135955841	0.0337510372288961
-0.580160963926509	0.577616096884744
-0.85107537719618	0.654163150472965
-0.197494230547827	0.176124298692315
-0.318094166504975	0.252854364314635
0.159045197712932	0.136619934005037
0.112865322521761	0.103725420049949
0.172398530224436	0.174281568355805
-0.00691255341396699	0.00497327507534501
-0.26696262895136	0.205488889143551
-1.25655571475712	2.46433212019132
-0.177781582720102	0.17495299128724
0.533583455361564	0.59650725710218
-0.267004158158119	0.267001371779317
0.101226865864364	0.0872050247781766
-0.562570085087646	0.610100070848064
-0.261972107982676	0.233816785185256
-0.409158902503016	0.458433328639822
0.241422958494694	0.2187301456492
-0.386643830238892	0.351089034103288
0.0969754113921293	0.0779718488812926
-0.284132321309676	0.245603680075373
0.104576208052557	0.0622680003625298
-0.0203015225557865	0.0142825017182211
-0.0803453154217584	0.0613789264745592
-0.320059961525892	0.27326431829299
-0.14816789239759	0.10765439635189
0.387634561267903	0.402298838754306
-0.0735798139603768	0.0467963967258489
-0.120808296726074	0.0760609033737686
-0.174446817634411	0.140514247371018
-0.00307746391318951	0.00216570154986428
-0.00753026253581242	0.00539151440857695
-1.04833681104645	1.24400624390755
-0.0212358576470518	0.0145578142170646
-0.248238632200724	0.218252110430845
0.391158743466683	0.396003262291887
-0.109534972284556	0.0839076312940571
-0.214337963200994	0.147631487143604
0.355833346480195	0.277879040472323
-0.828631306779161	0.381838959581457
-0.278300308987408	0.0934829962973264
2.29915547909779	1.14009254716134
0.620446143828703	0.197036537066415
-0.392804209152594	0.116893234785917
-0.244065865065334	0.134351060416653
-0.0423724145590273	0.0233156842688446
-0.0173233127873484	0.00997814254540452
-0.57303117934621	0.555798232219182
-0.36446412565522	0.175573977511138
-0.508363142142923	0.39862570293281
-0.352030290255279	0.26817610448654
-1.78887297105406	2.56999442809358
-0.292368390598095	0.189721992789375
-0.249216602263133	0.176332818062737
-0.092222761234025	0.0617073617909882
0.177334257256348	0.155503416390963
-0.0493021925343988	0.0392497303875985
-0.529983728346674	0.543975380475544
-0.119347682169329	0.0875892776562459
-0.342148680863591	0.219086848483886
0.153535085969443	0.116209421086685
0.125238595482599	0.116220024022556
-0.015127591581792	0.0124243073449085
-0.102860453444668	0.0767694896199657
0.230545608636291	0.186652481159613
0.315214501957577	0.291975130831085
-0.510334105636146	0.612549310535786
0.233196470370799	0.215882432926384
-0.5565646343585	0.526064689659727
-0.38679332900791	0.336489748280889
-0.198296482515734	0.175394072332383
0.114527408035388	0.0992838417490334
0.0797419420698421	0.0617819761547331
-0.762549219726873	1.00693439793878
-0.426651118556338	0.504256925719311
0.144256638659344	0.109120224383709
0.228473222905515	0.182768872002175
0.15209386068108	0.118075025043361
-0.563089522565146	0.555554026906144
-0.202738429502673	0.159291271304969
-0.502717499491011	0.405380607194394
-0.576344090478986	0.574147433225139
0.786462615254966	0.776422733098699
0.235963201703904	0.164895270474026
0.0202524710760268	0.0130158217455093
-0.532881068277601	0.461323059534234
-0.0848499594197236	0.0417975711211104
-0.350258398371452	0.32480646831865
-0.761128169187112	0.894920899897365
-0.264939396253469	0.244768025431479
-0.931937044914432	0.941475700731399
0.0165397455489806	0.00998268217713113
0.136477496927022	0.0991896214053924
0.149736771605086	0.11655052125133
-1.28070736819984	1.67220451395149
0.340012367110335	0.268691434450575
0.10873374489866	0.0928101850044151
0.0899062276835383	0.0421241869827297
0.979551809371573	0.369164368533059
-0.209944467508675	0.078233431212157
-0.279058466876466	0.094072559363689
-0.845660973318415	0.472127804232127
-0.883781690619112	1.08377381199905
-0.39834291246193	0.335567929353425
-0.474652747248784	0.428265074153835
-1.01045573914154	0.645207537661278
-0.858906301365476	0.753923196328772
-0.165023770064692	0.100834310728321
0.236397584988267	0.182286966919765
-0.857822801510641	0.576061811830313
-0.344832370748777	0.25939641060975
-0.518829016190738	0.343700037851897
0.09105371886668	0.0383779251319336
0.303232333513846	0.148950294399319
-1.73151978340746	1.0011319579127
-0.0619155945279666	0.0323343188406046
-0.0381085887715476	0.0331113978024141
-0.217344526540804	0.252689755953896
-0.606150210987935	0.401733448263376
-0.123971552158706	0.0545383050618754
0.0956777961788805	0.0411536887586267
-1.01005040946259	0.62926237021709
-0.0630582676201708	0.0335730188626673
-0.0889083875242733	0.0443718661404597
0.445608509239902	0.276059197287027
-0.741043469792006	0.515921554449631
0.354293181719505	0.265730196569039
0.30002040238032	0.14771302368504
0.650102392509805	0.409174521280979
-0.56014752020677	0.423221665297775
0.101649572542974	0.0309006320571505
0.615250614627185	0.194235280357882
0.0989406136897116	0.0414894541156256
0.104900312130082	0.0315424460194993
0.336468751815984	0.151904131752996
0.336129453860391	0.15113722587875
0.089114264787931	0.034301111489074
-0.835384576541009	0.359701730949215
0.097197885377116	0.0288722127158445
0.0915816867434072	0.0332244010311183
0.0943180113655861	0.0392653456965828
-0.117768353572952	0.053748701036197
-0.0578815423963024	0.0300090359581921
2.29765302518783	1.16341027229319
-0.458610609779598	0.200933063153491
0.110153912646976	0.069134207798002
0.54073749837206	0.88229219544962
-0.288814458104608	0.298122147168452
-0.76353810482828	0.699739298153382
-0.108275358403119	0.0469253586132133
0.116415606202362	0.0675121967384709
-0.665687012567896	0.336827199426861
0.97926392433028	0.368476723121484
-0.0480735578309606	0.0258445013623263
0.734207777869868	0.6609194747415
-0.417741581580618	0.552565147572524
-0.0683838823491393	0.0639045518748919
-1.22327672983785	2.0398366891674
-0.656258681311577	0.792593793625841
-0.740023940238272	0.533896780347921
0.092430463780423	0.0316440246403066
0.0848047712008245	0.0288746771450831
0.456326374156692	0.37529102416813
-0.605970076504453	0.386801089634276
0.38653242622981	0.152456971923728
0.386358564537746	0.153637832506503
0.10562749875124	0.0311657521171974
-0.280299952976662	0.0962838321108
0.617252894763946	0.19109165365643
-0.780316056609353	0.286242209067478
-2.12618393028377	1.00961428224563
-0.360269793663182	0.173255154711083
1.17379245190965	1.07467424503163
-1.08666926068694	0.451957124311983
-0.189052227871321	0.159377464847251
0.0121676342915004	0.00928060668176027
0.111648694127809	0.066007312309361
0.547279729854356	0.408329911098445
-0.520243888692037	0.355116209211574
-0.155812836739679	0.0649792565798239
-0.0727857764886776	0.036166357705166
0.72595260342298	0.556482881835356
-1.00376040770344	0.61705098819015
-1.10411778135088	0.919954662452101
-1.08448711275882	0.44445435265624
-0.0234566161371041	0.013749309680178
0.0987677762984773	0.0510571810439622
-0.359679041413749	0.172186206789872
0.590382278348257	0.394326634019006
-0.252544495900276	0.139594858958848
-1.08655416175054	0.444732143795872
-0.657392185827201	0.165268089701776
-0.300879523607785	0.157647302128395
0.554757720795842	0.283787561116198
-0.212169381418122	0.0804801791991472
0.493959259355301	0.270247939617645
-0.156412734571641	0.0649491582509341
0.0927534407258433	0.0393586342415975
-0.357162587695675	0.155650762263035
0.628890409537965	0.288825350020728
-0.786292013348442	0.278154557067318
0.0946076927429579	0.0451351825072707
0.250877697461059	0.154530614428568
-0.522803798767792	0.349515630278434
-0.273500067806015	0.210394172463471
0.148351986986195	0.183970125491877
-0.203966915035129	0.227055377177027
-0.174650441500585	0.140303309250953
-0.342752689591374	0.220290636789565
0.376311492346966	0.269446550016167
0.0931442284249561	0.0318235508351483
0.545106953638352	0.268900439871754
0.385680603328135	0.273025065411784
-0.00524181278647029	0.00415948851367168
-0.350736683216621	0.412055656492364
-0.332107715493384	0.370716099809441
0.0547778085855943	0.0476744694345176
0.650170208214528	0.705689932455235
0.235811366218796	0.184022031814008
-0.305577951576384	0.151096455708817
0.301104561398511	0.145930338393505
-0.551648779618812	0.280837767595433
-0.158531388418264	0.132073972544635
-1.40154719117884	1.09045462125563
-1.21785632095743	0.987630306309898
0.486766046954499	0.267226571801295
1.21793069198632	0.644086483901577
0.0929260535201146	0.0388223339876838
0.624537452032742	0.192015229802692
-0.579546968006033	0.232937984124923
-2.12117645307182	0.980184436824155
-0.116064833932931	0.0765668398626608
-0.852622057504402	0.808851475829024
-1.21389968685427	1.09514109626967
0.798787682998956	0.573474144136247
-2.03086850347045	2.51018426942022
-0.564905712924528	0.448473422520257
0.740575991424154	0.971190889832875
-0.0971367076418431	0.0639757235023066
-0.000460005729103411	0.000339646927502827
-0.199816140661479	0.16159899353714
-1.01026275652534	0.645487765218753
-0.349508290729381	0.26423206421807
0.336510959058536	0.280096553155479
-0.034297187362408	0.0184291311441362
1.02015774627574	1.1340242873197
0.243307098075671	0.175302878940749
-0.116064833932931	0.0765668398626608
0.372881992161567	0.271982694177114
-0.141591992972799	0.0912752719674831
-0.535967965326106	0.346223542894417
0.547995475239648	0.391660298800248
-0.395605410210167	0.246398745280296
1.51295991820796	0.784575494808538
-0.947521881621982	0.906553569909942
-1.78306420814333	1.50822434556541
0.253115551120781	0.160932182526899
-0.703386600276496	0.42601260726964
-1.22613422425581	0.6756856470524
1.27046917041365	1.38756435939161
-0.258561219214478	0.135539556333395
-1.10444519532294	0.875316336258178
0.100977939233422	0.0521039445860632
-0.494915359484068	0.462287962412582
-0.054512132831386	0.0360044462101694
0.353700066405915	0.264797973315952
-0.604270794920072	0.499134994751943
0.375171850643406	0.375863219614388
0.104612542452378	0.057333248889568
0.0125773767856646	0.00773354794117901
-0.762184040975187	0.744971330350197
0.140889546731984	0.100380692750646
-0.684000797723611	0.630740990090873
0.443190843600729	0.263977433727426
0.093821481657774	0.0449807690186664
0.244467361940385	0.151025820629237
-0.554560627374919	0.535267681121335
0.0992306049310207	0.0489959379867119
-0.168632644247232	0.102457518522393
-0.208783866019542	0.118937741077328
-0.333839043449321	0.219750193481717
-0.247275175935045	0.131263151553235
0.0884972172700151	0.0337613874965541
-0.393409482388567	0.237591978852988
-2.52192901607481	1.41923473186966
-1.73003446201352	0.99931309760174
-0.754500831160662	0.661038159980037
-0.246754342928652	0.130707704318011
-0.975536894290216	0.793231521366869
0.00423790611253628	0.00236356710739346
0.898818676039645	0.60332633766511
0.558318117272862	0.599364266746531
0.46757623052603	0.496141000226843
-0.00699528728466174	0.00415416101083721
-0.338328022644621	0.214542977830066
0.41727086599872	0.272652300443601
-0.591788640817971	0.506035133022065
-0.523053803385542	0.36540513911821
0.124338204606446	0.0845460821103649
-0.442186667192758	0.363046350728512
-0.179110666140032	0.106028688187627
-0.0836839909931131	0.0409336689695789
-0.533473863866553	0.446476115512737
-0.29339117752065	0.197885515418398
-0.523904818961428	0.367802043370939
-0.541007806079748	0.279992760908843
0.0929638005450152	0.0388126005779999
-0.728878543618387	0.502089839083985
0.935820508198744	0.74307153437642
-0.979707094263487	0.717172883335686
-0.985377922690135	0.748383889702645
-0.611738571977655	0.387873228013804
-0.706694495704366	0.436218305397053
-0.14192014398219	0.0865968321891934
0.343029066393761	0.258708412653016
0.0674234109810359	0.0504501069701469
-0.180075918620706	0.129419270241729
-0.429041023165532	0.383834947134845
0.244142436524835	0.164455288663696
0.792469948572813	0.54952645364549
1.29810588586538	1.10584761072334
0.165884862390514	0.140709931706941
0.325510628197083	0.307259982053485
-0.694526122108858	0.688815712901956
-0.519131989043435	0.353559918107495
0.393001530516878	0.269884127799782
-0.56885124725548	0.442098792558741
0.115261367340366	0.0640119705811467
-0.0228693476360227	0.0125754554952428
-0.459793739454477	0.263870865851025
1.06483529112857	0.911072550714773
-1.15921794577749	1.15262353192107
0.118690363600905	0.0758826147535288
-0.554768175510473	0.292593459358646
0.638204335222531	0.28378281560833
0.129307097599748	0.0883035735899705
-1.5329007001971	1.06598664299779
-0.400756121190561	0.112576148093252
-0.393658686964282	0.116150392877874
-0.447495014719251	0.464128123457505
0.0105654433023014	0.00668370110430611
-0.665687012567896	0.336827199426861
0.282762182894292	0.153246378270373
1.72168419765502	1.0009255643285
-0.394438559044978	0.119807256282002
0.391970547325279	0.154497954953268
2.06365387700246	0.93730264429458
-0.450052404268893	0.19807508773299
-1.0059001981647	0.627800593312516
1.2701967502639	0.555160037352433
-0.837240055663636	0.373335654573643
-1.22049228175165	0.713221764448928
-0.200812945999141	0.0732688973063303
-1.03819787780442	0.544647620896677
-0.397989979346878	0.117974320602497
-0.66759984888699	0.532871329850828
-0.112172514823434	0.126711841688499
-0.411722080908643	0.499346481841154
-1.03370187313047	0.996999825583982
-0.276838390676516	0.0925278354976167
-0.214683378954664	0.0769680278380179
0.127192694705326	0.0314595327684852
0.221557956035914	0.252126547057016
-0.353607246532445	0.445222171659468
-0.11713179281362	0.134453600907651
0.366074191297505	0.494245309819468
-0.468997770671022	0.613888929744185
0.473395933847655	0.483173958991511
1.04920181415705	0.853632725288072
-0.398765859223418	0.115667052413358
-0.578852492250181	0.233014554599645
0.681603235011491	0.62348051827782
0.277172415965781	0.147439191597505
0.618849939816202	0.201943652777816
0.759875906981215	0.323268666900645
-1.87607774195759	0.78623883305938
0.61962621063934	0.201522244647387
1.77020039907865	0.68168988675645
-0.657392185827201	0.165268089701776
-0.47712341021851	0.427700602536018
-0.4540360310443	0.199945608558077
-1.17593414403549	0.3709145036914
1.50929279500908	0.773713752063397
0.105707159011335	0.0310955090395657
-0.394401683291924	0.117397243044943
-0.454163017740759	0.200239328908891
0.123958640083443	0.030889091157911
0.137884050032568	0.0276312070347514
-0.65731518627677	0.167926311118685
-0.154700525361086	0.064415199637404
-1.18092506917026	0.368773047437297
-1.87083506392157	0.799330750712119
-1.31421913976648	1.17873744119831
-0.0744757399947163	0.0808004898915027
-0.330297254661314	0.340200400465596
-0.642244294902584	0.466025860782018
0.101569685131412	0.0307149682701934
0.12481030733302	0.0314878944324265
-1.87521429964116	0.794135742019452
-0.394476609211087	0.113543652431837
0.0873636263065213	0.0299478128907123
2.05954872236516	0.926212655441991
-0.0374266723025699	0.0375980469189961
-0.443250160400019	0.528469935973683
0.0124030422201563	0.0117311411559199
-0.936158912595743	2.10561699818749
-0.485701135990038	0.557040313855993
-0.836636649918638	0.924657910757234
0.104172183965817	0.0308550491060492
-1.08595621047459	0.464313506493711
0.100920675016912	0.0300396418178653
0.480648648649981	0.386194366095089
1.03163510523465	0.6345583266362
0.981004487224491	0.367912994641585
-0.658213786449221	0.169205854171519
-1.0867603664005	0.443197813012176
-2.58913653522709	0.721036165997434
-0.658213786449221	0.169205854171519
-0.397180162766734	0.114560956843665
-1.08519815874479	0.460286451421787
0.618805831150545	0.195440497449165
0.102084521089437	0.0880034903270248
-0.47936588537705	0.408806873268769
-0.218645007101439	0.0781213441112611
-0.844206612587396	0.480495817213885
-0.452024493364419	0.192918958990615
0.550743248668699	0.289007200605363
-2.29234805457921	1.97650424240057
0.0882105293693008	0.033846485037699
-1.17756196347236	0.360030201558138
-0.393658686964282	0.116150392877874
-0.28100536854856	0.0967870177370662
-0.456766017346737	0.200812355077604
-0.453420424209593	0.19777110177665
-0.640613603299026	0.478211289163833
-1.22245579649376	0.70670365883224
-0.850204211194434	0.634543077503786
0.0639443726264205	0.066968910278295
-0.0713711799817129	0.0543310920993103
1.70987598345132	1.28653296085004
-0.208371308605115	0.0790263791357757
0.101569685131412	0.0307149682701934
-0.779582344087862	0.276846471601307
-0.391988148268519	0.115975692575877
0.428461083962544	0.370185037318917
0.090452995324151	0.0747952274108146
-0.437599846420928	0.590631124055413
-0.2977074100693	0.359294245413269
-0.473209539098776	0.406966352650558
0.0937087769679686	0.0360218744711359
-1.55148526641803	0.845966802301822
0.997929653294668	0.470238070423986
-1.06364532719831	0.985480023331055
-0.863286171934118	0.557947969273268
-1.87163703513491	0.798055703152648
-1.33846854615357	0.619656334801109
-1.17185295860322	0.352779254983655
-0.780316056609353	0.286242209067478
-1.08475325391888	0.442911391819315
-0.204040639840747	0.0755401643840262
-0.391207495247828	0.115655091665361
-0.543427759828128	0.295125263740701
-0.623895653547163	0.568894737592975
-0.490028350023967	0.459541553579269
-0.0891142304931694	0.0438778792141042
0.0925815687988139	0.0393993239805681
-0.453862826044672	0.193078414970237
-0.120769083729006	0.0546801491679296
-1.15636076561953	0.811023129693463
0.0908023661565329	0.038140002744191
-0.249021894036787	0.13280319885918
0.653139673996492	0.419275742294163
-0.737531403548178	0.537808437277512
0.100382775486919	0.0582133309327298
-1.72942252668126	0.997598503007278
-0.0852390387338371	0.0418822221652257
-0.361097146364742	0.160480832734894
-1.53094985209666	1.11271870371645
-0.244593640827136	0.134446299052325
-1.06616271839161	0.914044713309506
0.991616910905035	1.02937354897308
0.773590662654246	1.15477161026081
0.245931713947061	0.235964351457319
1.01812321108102	1.12857661720247
0.0941116911770004	0.0394031160761702
-0.279540398715928	0.0939102873133586
0.0935189855777113	0.0392274971039202
0.0950849475404013	0.0409777993344243
0.100130243271264	0.0515910480571792
0.562294108851076	0.514052300546303
-0.457152003680881	0.500390488634003
-0.323568771607909	0.341693902364728
-0.23332748531088	0.188052998716764
-1.33934374060515	1.69747518550606
-1.21989639333442	0.711852611027546
2.29980292786762	1.16618827500903
-0.399585349034207	0.117760480470411
-0.58039281958899	0.226752391518296
0.632111017366432	0.298230771809748
-0.826044343143999	0.381413347147678
0.127192694705326	0.0314595327684852
-1.08524461302572	0.448144265405579
-0.834913626360818	0.384624024309805
-0.202193644817835	0.0732568107995759
-0.180163375080219	0.146761078552149
-0.086683548607737	0.0605232640107467
-0.845386873828626	0.483043705976737
0.896867593311886	0.578645797224058
-0.848079258894777	0.481458043990604
0.58917086473354	0.403501214472405
0.0707311305713798	0.0527330119902189
-0.763492054164597	0.965167868587241
0.0899062276835383	0.0421241869827297
-0.290617081532488	0.200528515275177
-0.198958910721638	0.113045111542566
-0.844978385225497	0.469028078101134
-0.448961088632176	0.296387756650106
-0.753403230793365	0.62555646563401
-0.751467349531359	0.629917104327305
0.113074020993785	0.0694365138697013
-0.111060281259561	0.0487349490201275
-1.22090761387068	0.697223978393895
-1.0424541194217	0.550317353680954
-0.151862655619261	0.0636538604805551
-0.207661742824084	0.12467388333335
0.278743884358285	0.147808625141394
-1.21701915175749	1.06385913209831
-0.857288665128375	0.750851795472494
-0.937045785851383	1.20292423118438
-0.615673947009736	0.584968376379525
-0.364108221594719	0.17435566196259
0.540455226777554	0.515651389408192
-0.35450724002158	0.4356311252378
0.400000349317566	0.386714583118998
1.01748066694379	1.14268101421658
0.358335525787427	0.275189276197761
0.0877787712090311	0.042311089734926
0.0847131033251649	0.0315327711226838
0.255499473481082	0.157146155949335
0.38143841925861	0.15242864646868
0.227615136758733	0.183925485678709
-0.386870792943175	0.307552925713119
0.0896864865976646	0.0693622363954357
0.227062205016634	0.215382105814911
-0.852503735905002	1.18817606674693
-0.503420920974375	0.53704901936083
-1.2087477956365	1.49194857016895
-0.218294475597595	0.206555458226992
0.659074231778965	0.403996236728173
1.06404687056544	0.910604101692033
0.0815017923069771	0.0302318838872986
-1.28301705923358	0.967754469612186
-0.241532953689605	0.12996759041936
-0.206338888469376	0.0759338618946052
0.0873636263065213	0.0299478128907123
0.630873711250072	0.296516609404569
-0.395218992202507	0.117352559140598
-0.669717547719884	0.326775975764723
0.762829110730087	0.327325394797866
1.90739688023072	1.19042388352913
0.500961581226946	0.592892257064133
-0.11332830308595	0.0752533595902204
0.108240654066627	0.0303904409087634
-0.78548531344185	0.278311238230706
-0.640403676264827	0.478581271417798
0.549425637038412	0.391878124482352
-0.125930899768574	0.0548043857686427
0.282762182894292	0.153246378270373
0.426297083851271	0.495959085339989
-0.342973960678322	0.414657370116351
1.35351472863667	1.60533551627263
0.8922318082848	0.838400542446148
0.116415606202362	0.0675121967384709
-1.55074158683812	0.813746699289254
-0.208588689026081	0.149069864350982
-1.21645945986901	1.00602565090119
-0.142377072476726	0.088973347807069
-0.343370939693377	0.255332123461934
-0.147585413814371	0.0567534148051806
-2.04514005954081	1.40427138981773
-0.241774193177265	0.131642027188747
-0.541477394815543	0.29234387268804
-0.301709274036646	0.195676500301326
-0.0532688451095579	0.0273088414462266
-0.216185704947453	0.155974098515754
-0.0329188704213128	0.026709923714057
-0.0963060430321963	0.112314088722897
-0.225463534966724	0.239384047201185
-0.0118452076096294	0.00978702517543656
-0.528356536983697	0.350843724131935
-0.514627929884921	0.331277558223086
-0.983391227032671	1.15083125642838
-0.688488852202728	0.62192371434296
-0.169165742081537	0.193216334517652
-0.900342593888375	1.36738488694779
0.302813047179726	0.312879886640292
-0.0639334185185116	0.0321591808712076
-0.107735178148315	0.0697135357403619
-0.0874612164528613	0.0409959193570567
-1.0382817720747	1.02712374772414
0.33036123614296	0.27159606616991
-0.0973149662918991	0.0832209170672618
0.134557328709002	0.0983774037317961
0.0139890781336801	0.0112690563575415
-0.353693015830387	0.367427621805973
-0.347479665123536	0.295121908251471
-0.686909310975167	0.681127395307274
0.0977252885204061	0.0463904218065037
-0.66790956012823	0.317530320574507
-0.243235210276614	0.212362807324077
-1.14676910398375	0.794084261020771
-0.116622850093055	0.0528511627274899
0.543858066641223	0.383069169461427
-0.208555149753553	0.0789780098782792
-0.205976674815269	0.0783756750240864
-1.18008462823788	0.366068594755104
0.735943112975704	0.439262910715036
0.455290861483617	0.483898674397941
0.0503802430951297	0.0416137680878286
-0.286012555212075	0.0974968886126594
-1.06307670485037	0.971101862481318
0.59821126650246	0.729160790334961
0.0727569020854521	0.0553727614095573
-0.477957405066847	0.429857747000414
0.276803408051257	0.305081915020004
-0.0794173688739013	0.0732088531115412
-1.22050555778257	1.51779094866723
0.306547888515112	0.313746832026085
0.40077724010309	0.400474869709997
-1.15757393391694	1.0817071455945
-0.221747836407365	0.197411748048349
-0.82730408659625	0.99028655176867
-0.00924710003467423	0.0067154120407489
-0.395453229044157	0.28321411683457
0.918099534157235	1.07235383835461
-0.985453980988603	0.715291353360037
-0.681615924118406	0.616435160497111
0.0193733546713396	0.0117609391827073
-0.449235727527985	0.364356667076187
0.0490705434134571	0.0421123358935604
-0.00193955441055143	0.00170168498918134
-0.649815511409528	0.776457799877206
-0.290767430093201	0.273060526070099
-0.170384366599079	0.118541806402277
-0.683666912852656	0.674001441271076
-0.762495077737258	0.75261876681755
0.251643376262989	0.156763128759747
-0.879906671884999	1.12785107335693
-0.0439383388157216	0.043617920952119
-0.468575026537422	0.571244763515574
0.336475389276995	0.284669784803942
1.09277585872296	1.27874298309468
0.912192891421323	1.01703077546837
-0.593491325788768	0.491252128467636
0.106906933805687	0.0622287046520035
0.134858344051864	0.0974402336767533
-0.303682629337356	0.233890495623701
0.119462662103019	0.102942447960787
0.052798677169449	0.0442837868577807
-0.628293759253007	0.618228336269874
-0.852680389019385	1.36560300661972
-0.601657546864406	0.511965887904598
-0.665109198105044	0.566679810589106
-0.237716119609437	0.191297223587825
-0.00922505052597959	0.00546892136383277
0.967758222723515	0.894254654409259
-0.0370014315394597	0.0199488212905639
-0.495176740733481	0.472897421087044
-0.581647558506831	0.630744443870447
-0.293656070807976	0.20141770271043
-0.170918926509989	0.102079879139381
-0.611750642882822	0.382061790194194
-0.300707202628477	0.152575765539995
1.71475474937193	1.66172382144714
0.803668673619619	0.574347626085986
-0.398229738878043	0.297089576681848
-0.25054302963324	0.135886770674945
0.78827310727093	0.687077262990638
-0.102642214755627	0.0783176109634731
0.0286073896183665	0.0182550060443782
-0.559951170110335	0.707308445683758
-0.0346003988322439	0.0311360667115344
-0.273141104368689	0.314961843424909
0.231199834868188	0.25563300384848
-0.714128326278686	0.927862504999134
-1.11584398058792	1.19103727911882
0.344391092316821	0.269158767545114
0.446138708975912	0.503080598567415
-0.168674842349643	0.176996161153546
-0.443273093946604	0.617385645425666
-0.713742660710154	1.01094370401397
-0.48905444668904	0.557100665160421
-0.307574251481887	0.350307324905936
-0.59960931776044	0.692804715097671
-0.138407263003396	0.126439748333497
-0.310253337318403	0.34959066475942
-0.239063216816366	0.160585474859705
-0.665883699463108	0.522088832186645
-0.251447083557163	0.177326420762376
-0.376891088341302	0.368927382352634
-0.274734119000584	0.319467861108565
0.743942609220834	0.986277893770529
0.086123865452568	0.0639214357602542
-0.455333519536752	0.499366250590586
0.0308692937250643	0.0247365134576351
-0.834716071086551	0.911856008710796
-0.437780341998635	0.456062818944636
-0.662503691366194	0.334038563134896
-0.349292860818315	0.266812614948575
0.117748161931073	0.0763596993678324
-0.288373966415296	0.196699641521794
-0.0598132602913346	0.040620660392676
0.163882886051988	0.13920984948048
0.330840205053239	0.277443524411019
-0.450077119571232	0.473739912267258
-0.749779735901385	0.958833440397357
0.579815097869545	0.608874296469776
0.318809137677018	0.306996209415929
-0.281471945430186	0.183591698878306
-0.399009875384367	0.300894297418271
-1.00434513014456	0.623143309802101
-1.5494572669966	0.782999722517777
0.112616573591391	0.0713379258184769
-0.348700510451573	0.209788470592503
0.505917212671976	0.385487196076703
-1.1547731775895	0.804653806783051
0.55358655596104	0.399181386484943
-0.336421427792803	0.207714248837448
-0.346920672251178	0.261176363143163
-0.733176603993727	0.486605076091271
-0.426431322357733	0.376209733944819
0.378556933754643	0.403276547736462
0.548297970580162	0.359739626870634
0.13089440407215	0.0948902445169135
-0.149299630757959	0.0601469869431007
-0.00551758593622259	0.00332289035346382
-1.24745594238093	1.25484653571147
-0.604382312695668	0.722322342735516
-0.126025218804434	0.120226867821812
0.296113515285147	0.325473324930763
0.132647134225893	0.145669230749147
-0.055302508539989	0.0499760428911803
-0.159603080272588	0.145791389689577
0.63333033078808	0.29860266212504
0.32577339377504	0.2907921940191
0.449728038698992	0.503882307745432
-1.24155219948723	1.94519146980123
-0.420305810969936	0.55999977615666
-0.26621997447726	0.267547840932046
-0.273785391388565	0.234599933328003
-0.89310027671521	1.49077983177722
-0.121795776935442	0.0918941133013012
0.618291437876848	0.807019257439971
-0.173767272858954	0.167392118114007
-0.436246434090691	0.507572566666687
-0.874304163196226	1.05977996143107
-0.939013709010755	0.865557699030768
-0.0911278073331399	0.0602761884299647
-0.379229591425875	0.37729531520632
-0.250989596362228	0.137256080043831
-0.393018851975033	0.24994451305785
-0.352198563060836	0.27108319170715
-0.562781521014873	0.651913376415462
-0.614861391462574	0.77993298584416
0.111548675893106	0.0989879686958468
-0.365666520352892	0.409626728168935
0.399525856749965	0.393968668863865
-0.117141458514704	0.11750703144593
-0.340014330527955	0.351625621929695
-0.594169122494856	0.678257077039001
-0.13710663906775	0.115790090281347
-1.2594759581619	1.43200234308876
0.382084270379887	0.152906320776562
-0.463157525642568	0.326645674505953
-0.0387257624148231	0.0212621102418328
0.315749902921266	0.269128017665589
-0.00895565139758577	0.00645464150771387
-0.531002470756944	0.450434421312417
-0.21067936197201	0.19787089302214
-0.686499792924207	0.996290344639824
-0.486985236154331	0.494019274202241
-0.602364141901745	0.50336172056192
-0.757105168189095	0.728538853113402
1.00906374209004	1.29551283288147
-0.965353509706566	0.795188221555535
-0.552620889702229	0.292349822215628
0.917475053479101	0.241104602662641
-0.280818889296335	0.0918979736192839
-0.914163632888312	1.01164621603846
-1.14965140546478	1.40962607445774
-0.562465913322336	0.433363879753891
-0.712013295899692	0.434815678153162
1.03772559841989	0.571222019512317
0.121026693032645	0.078221630406229
-0.655585945292645	0.723087119607266
0.0251734789578608	0.0189860431156217
0.037387331320282	0.0241480152979058
-0.233819233816123	0.183117576158369
-1.34010916006381	0.627957519214809
-0.0684526241111579	0.0343314945708608
-0.50338464514481	0.400073861209257
-0.0640697731964318	0.0553767647633067
0.407620937430085	0.483856781027342
-0.358528557169413	0.432433643842747
-0.187611182586057	0.208051395419671
-0.298809346680626	0.332398862435522
-0.0709563484306314	0.0619692370417616
-0.568616176612733	0.436289254255876
-0.270757549035068	0.214628434455409
-0.585251672968255	0.738300515434274
-0.0970305482143948	0.0897540411977489
-0.215841374812155	0.22851112198991
-0.300854715216083	0.302689972906657
0.552002232457749	0.701259908406056
0.494475272049406	0.752430532029626
-0.0604060830965932	0.0583813768498728
-0.354123470191175	0.298774314689706
-0.437186007179593	0.349388543451271
-0.289247368580697	0.196623493544274
-0.558152533239768	0.281291797087301
-0.189988935721198	0.134473664495589
-0.176115271162047	0.140876189737349
-0.631671731892593	0.962236284864632
-0.401532751399022	0.489093859406294
-0.489903399703833	0.568577901508684
-0.225791841243578	0.220926975102875
0.11576861449674	0.105146176508029
-0.165586354750469	0.161807880575759
-0.566384215345266	0.736471912704638
-0.0799655530293124	0.0737943797318269
-0.341804578798321	0.377708680927532
-0.346454728413166	0.33896537295109
0.0528562525389628	0.0380347785226717
0.484423142708875	0.270182253038118
0.930657213950582	0.708045316372789
-0.517358787422588	0.531296456042851
0.24696825882714	0.229242835546315
0.369917731769792	0.484958971956349
0.824681249325555	1.11471486726243
-0.248301578311104	0.26591413719996
-0.0716964263276934	0.0620981990481744
0.0201283085403481	0.014803460136512
0.0877348593821474	0.0693729170120745
-0.104694854612355	0.0899560353360852
0.0275483913227994	0.017726649070413
-0.400180986006249	0.328359622306458
-0.114174585510349	0.0758321546361186
-0.151095922326742	0.0629118559801664
-1.17756196347236	0.360030201558138
-0.459619512393986	0.437545759699985
-1.42673282121916	2.41593255909708
0.38908317103134	0.267038553144478
-0.369075706410768	0.171871041972531
0.302243223023815	0.151552238569888
-0.694849330301393	0.674542379276925
0.0154826898830586	0.00972191957944979
-0.42691902795924	0.37842633136472
-0.709627805925213	0.851903561845766
-0.0423887143506148	0.0297878282490465
-0.244324536380091	0.205476596354561
-0.583645312332365	0.59126435645996
1.04805375052407	1.52540074633708
-0.398760470434422	0.243643648365478
-0.148512941029301	0.059797292415119
-0.0888717606229589	0.042419108057261
0.113061226128189	0.0714366418563118
0.405716877790424	0.470880852210818
0.0292647818772633	0.0264627950543736
0.019023384953783	0.0145838395294553
-0.120354277302968	0.122853025457664
-0.303620704404145	0.320203000879183
-0.19041681343539	0.195439030975971
-0.663234322386694	1.03969470694517
-0.307789130143179	0.371107298382368
-0.384153065393805	0.40570629358125
-0.469144109051866	0.610190117212193
-0.151233388918258	0.11187059949949
-0.527252773373553	0.361783667836272
0.505369934269694	0.383159706692179
-0.393815516967585	0.28619218111243
-0.0214727996149242	0.0123144921276549
-0.688350183613875	0.696793998119227
0.073985951228081	0.0690259774101233
-0.536640668479992	0.456659740965174
-0.285996714724576	0.293892584613719
0.107065935241653	0.0987386954550759
-0.0181731237596577	0.0145919746434723
0.865218279391907	1.12672259956886
-0.291508518290358	0.306132860442721
-0.601260561585504	0.692731828499096
0.357589485025859	0.402479398441569
0.0444393414826532	0.0305805026045333
-0.169251941309689	0.103684230220871
-0.252208907710419	0.140057930124399
0.369459454491844	0.263677544885664
-0.175144480258209	0.107167595616801
-0.130917343543546	0.120285915111578
-0.817711099139882	1.07796662224566
0.446943153502375	0.485951022383539
-0.437547586711818	0.484301237783343
-0.116103768440379	0.0968073336553336
0.0681957838166732	0.0497403461595359
0.0761867703465349	0.0554228398872264
-0.0975957635690858	0.0819726395405093
-0.83695730067651	0.919988460253193
-0.524478600935423	0.350038775430077
-0.998895801278929	0.59826750347289
-0.212020611026981	0.149166245629339
-0.475487655250202	0.483645995523881
0.558615207946028	0.4910124326076
-0.643359788439765	0.495619760015405
-0.13608323033505	0.0856937913903232
-0.172645267057358	0.106765909401944
-0.949492958969701	0.881386157323794
0.242136580090463	0.195830638887559
0.874852081860342	0.966001223363223
0.227130384630765	0.173602674272381
-0.44758628716731	0.358822616438531
-0.553788302367688	0.280441201812233
-0.583775266433172	0.479756084420607
0.800180855891648	0.567800931962382
-2.17316451389109	1.6218520020908
-0.122855516171519	0.110157977916724
-0.435101443125781	0.552717024173028
0.0820479454155602	0.0761806227226924
0.309016687925476	0.319589693853562
-0.436282189265337	0.55974495414972
-0.211422860534773	0.196715662506313
-0.460941629769213	0.644653187281968
0.489250211237615	0.66685713365014
-0.169561426189017	0.187772625948429
-0.475621062029553	0.583386272329874
-0.247288577895664	0.216507145038656
0.391212352847357	0.374155732030312
0.989448817942565	1.01453880465433
-0.03535390786076	0.02380454726163
-0.212169381418122	0.0804801791991472
-0.389290516375217	0.324536843158035
0.928488113480244	0.947396662478084
-0.213572844188348	0.217482449768793
-0.729811942127574	1.05440625107547
-0.665724940171422	0.793049572080472
-0.279985724063454	0.300151282398532
-0.533933151818541	0.651628319593309
-0.00632208296378668	0.00522699937061624
-0.712544648827263	0.882612768128023
0.230623917091205	0.253823900203842
-0.0786620875882003	0.0662592288023156
0.157297866282677	0.130361182127216
-0.605755530212674	0.546764537162071
0.0952571514232659	0.0408110516385168
0.720904576250805	0.541547542389914
0.618069126644123	0.716326392700834
0.0727865076818302	0.0544171335045993
-0.875579490103735	1.14141713991892
-0.248109813340958	0.251753880341546
-0.0354664354103518	0.0249442708038016
-0.33564954497563	0.345119562155613
0.300113576769449	0.309997695906077
-0.384299687444814	0.402154351650655
-0.474380639104341	0.422678908653185
-0.215917043107858	0.155513445804968
-0.0234566161371041	0.013749309680178
-1.59443365144582	1.69275694817735
-0.607137841470245	0.388126631060544
-0.696578742781204	0.75236835566065
-0.298007189977946	0.224624871963125
-0.304020013603999	0.156479961506362
-0.442263899844223	0.362490380024334
0.0874385718093023	0.0715567415641985
-0.0680419441295555	0.051767785415492
-0.381922549992027	0.349592825244286
-0.224582716119714	0.205367812585968
-1.38431719095632	2.27979272299044
1.05599829822818	1.38854962274777
-0.201697952945646	0.163856013818925
-0.609273413599445	0.392571437525835
-0.591974627014219	0.517598810914555
0.105983227506975	0.0590421116694494
-0.853563822536846	1.21239799159675
-0.214470865055068	0.228513613731497
0.70391081259762	0.862252725902367
-0.213833476683418	0.23667960069185
0.0504603833060867	0.0500216437466687
0.11056301882495	0.100445949487306
-0.328360309260661	0.34968820492517
-0.272780544198694	0.326134509423974
-0.326133777097366	0.31657477809672
-0.262632182079986	0.279181297611491
-0.444752821342678	0.541134226391707
-0.442301334928817	0.612648699716486
-0.365331558154781	0.367317388142615
-0.349195813366791	0.41579486861363
-0.238201581647673	0.190444117569639
0.959065525471891	1.1014815649002
0.516444902413723	0.402370780331308
0.465522312550561	0.385700485715916
-0.565213068673662	0.451697607499684
-0.0957523969828007	0.0619065379006759
-0.181982317377821	0.149164487183676
-0.497322898062315	0.626540086541329
0.490157071262122	0.503537485581
-0.151180449382855	0.150429802595466
-0.106597708682112	0.0879865332566025
0.611616715276825	0.700903759809993
-0.997831619400429	1.79016517442501
-0.443474783621332	0.510721349846552
-0.0394095488180575	0.0315250441220834
-0.204730986119243	0.199576352569009
-0.0618069646473137	0.0413947418313759
0.090207981112594	0.0344448290222306
0.108044894614104	0.0621994333623513
-1.15692826028745	1.12913392665541
0.123290117155498	0.11737451372303
-0.0202261549789475	0.0143479587180468
0.119145328598682	0.109371414724625
0.226617998869188	0.212485270966691
0.0800195747622533	0.0748526716629063
0.402699230545014	0.353605301956417
-0.503972553704161	0.472729068985695
-0.524180383861448	0.368847740081029
-0.181033322533994	0.143182781330445
-1.1098926851715	0.890410576684976
-0.561199507850895	0.5487716536932
-0.187598269083831	0.162115342303294
0.319792782932788	0.315049014627862
0.303463583990994	0.299683308495135
-0.316163784408557	0.271652737743774
-0.269924471379267	0.228582144299191
0.00926127347596525	0.00654880796738405
-0.204040639840747	0.0755401643840262
0.28065796096801	0.152129216807004
0.336189082800535	0.139432271375321
-0.298715621444877	0.228738611177016
-0.709995642893764	0.425563667683354
-0.0659241641031665	0.0335840115982914
-0.055804219837797	0.053199145813878
-0.311628261369945	0.291101332289569
-0.803683155414191	1.18415634781656
0.0211167055365247	0.018353080044812
-0.12696707617262	0.127300394145452
-0.611005777548957	0.758683723318816
-0.503572534206698	0.547061810652973
-0.246900133527685	0.215552703386829
-0.0942084538721392	0.079584589299093
-0.0477730931465098	0.0378036931103144
-0.626208295174295	0.796634579648106
0.0917503836595074	0.074426903742933
0.119644870703683	0.10780791105078
0.015591851722915	0.0116514348320971
-0.690549447833239	0.694194801228133
-0.563053361302317	0.435892997698091
-0.847856515277451	0.83154087913124
-0.111776410117911	0.0492262491966831
-0.333040986615946	0.211479791996041
0.338195835262841	0.271559097871168
-0.931836454693552	0.958841350718481
1.30801208184888	1.96311462238491
-0.590596910272975	0.631169547590313
-0.664908277123861	0.561961460464842
0.0250154812860231	0.0187976422206161
0.10851697601169	0.0992240507724168
0.434839798465463	0.39646755904022
0.038598790505348	0.0317128894389145
-0.4085676590646	0.402224185497277
-0.204300743845905	0.164313837533066
-0.77252166686424	0.930537230193565
-0.24735512393769	0.212969362460832
-0.453124880465039	0.199044623772574
0.0885344796230284	0.0411360922989441
-0.427012969498669	0.374338452809382
1.03637110604999	1.19171514061291
0.809026622967599	1.00655506492973
0.238002619023383	0.185078820582102
-0.383819066022664	0.428160570614579
0.0193703456233333	0.0145549200961978
-0.0711705450185701	0.0455425997924905
0.152597644679463	0.119224620175318
-0.318384950183854	0.274787414652769
-0.390028817655797	0.241914347666391
-0.776980438509092	0.275349689854244
-0.779582344087862	0.276846471601307
0.0997019719827615	0.029766555460304
0.0847849256210258	0.0291165393016752
-0.755387742252342	0.615615431493089
-0.832834277349873	0.930181556243672
-0.263195198391773	0.202592820438887
-0.391280401053668	0.242432229752715
1.17786494813822	1.08754710299151
-0.665688427150216	0.551491091931176
-0.1641233465312	0.0970631908518195
-0.289249332736127	0.193239582614549
-0.348138556556934	0.219310392279631
0.242008718516481	0.192840303747805
-0.21551761002082	0.12014027408283
-0.354587818018974	0.250263252279662
-1.24785450788602	1.23441802498327
-0.465009078906405	0.272908545659549
-0.825400521479259	0.38030399432203
0.0840736656759975	0.0287902746595554
0.0872056847190037	0.0371678224997526
-0.606150210987935	0.401733448263376
-0.636598744638976	0.686486698471283
-0.749405694965828	0.552402295183017
-0.395011768509395	0.242893182662525
-0.0610243211308504	0.0321734302539994
-0.0942427134197966	0.0796005371737474
0.332640971536259	0.39796139981183
0.234688704726885	0.211769446895425
-0.420713357014347	0.515291897208743
-0.226143286914848	0.263728177126366
0.161186800132216	0.154837340710272
-0.0105360783747871	0.00866766809401968
-0.0525583732558443	0.0500844316015335
-0.72494614169057	0.997461319212741
-0.125843884417036	0.125177702615875
-0.0381666414959331	0.0334625075663916
0.231754087724322	0.231062267659837
0.0883109034999834	0.0842750389195245
-0.259244648303815	0.246759955086608
-0.637250802253387	0.886500493160265
-0.181302309892876	0.13323399514127
-0.068022620282908	0.0507157460418754
0.839313897378411	0.812489505256392
-0.141771050659635	0.0883337435721419
0.936222031273864	0.716102445066247
-0.636719813538132	0.465358119133359
0.117248565384433	0.0770115992349681
-1.16956924720121	1.86343364664664
0.0226326154612952	0.016270923061011
-0.486156173361205	0.555940522535146
0.0339097479420132	0.0310910712769853
0.288495997937658	0.325974191576743
0.00108455255344778	0.000818916425617954
-0.327194776873621	0.340847123592384
0.0778569474557413	0.0707904579549408
0.22914363120702	0.231935415485537
0.343440810174355	0.271389919047518
0.0050386780384453	0.00364390928238515
-1.22332316698647	0.719443117252758
0.994697389647611	1.03140498875047
0.247321546553515	0.222179344306953
0.457773847193483	0.384959895723775
-0.48283774529215	0.50344210476977
-0.314457528906115	0.309965365275665
-1.28404804021598	1.65621939203943
0.701083422383031	0.908650538468768
-0.355327861438777	0.265410674343709
-0.113163257787346	0.0960367230509361
-0.272960302042618	0.235488724548983
-0.759697689539478	0.985590049999554
-0.39296217344954	0.285426317295879
-0.562192881323757	0.435783762540329
-0.455539878959942	0.196385770519542
0.0897311311692152	0.0345765350863089
-1.18092506917026	0.368773047437297
0.24253196386177	0.151562994133047
0.386523946089567	0.271095536126498
-0.665264575207129	0.535229817369414
0.493631921131997	0.384986517609232
-0.0146622774317362	0.00839923366232693
-0.0658946758018566	0.0328919414765964
-0.298631321659183	0.240128840981423
-0.342619820315928	0.29734972519793
-0.309206612615244	0.265483601768176
-0.53904208068057	0.467187321354378
-0.0176810130466676	0.0126807142938512
-0.495929764764344	0.394385095304922
0.240869201405051	0.169480469190226
-0.711429599636369	0.431236379309193
0.0847849256210258	0.0291165393016752
-0.0854332682228039	0.0419315683501937
-0.240827506084503	0.127204188309058
-0.610351516521353	0.396007837351469
-0.281059761961824	0.0969057351345701
-0.0887019302995854	0.0442816743592904
0.652944071363291	0.421240281322587
-0.245016937518457	0.191704967572863
-0.0969759014338385	0.0460546887991044
-0.949201047734456	0.873801337941076
-2.17105701075419	1.71724633907762
-0.616279905923792	0.562838771023913
-0.0894916913986307	0.0755059414022423
-0.493815035207793	0.639039816119249
-0.279500153570448	0.239326459752932
0.69711340180908	0.948349824982472
-0.58055835845616	0.835393390314708
0.120382290251607	0.116153027219624
-0.337002819263804	0.220378506614412
-0.444965570327269	0.653403545694014
-0.566368994213973	0.682041310407343
-0.287264598020857	0.347940864251875
0.903885560939115	1.26211497539103
0.509418350259361	0.603335865487197
0.0356908242911648	0.0274015790624629
-0.345539043100197	0.257080788839201
0.184727436471092	0.171335703943783
-0.445887103787343	0.356655798403911
-1.51307044500971	1.33904744722803
0.854085696362366	0.713964822226924
-0.545666293777781	0.289627613993905
0.0897125236124115	0.0415549724906811
-0.681085556397068	0.63845658317178
-0.052946587811444	0.0464297289763999
-0.623510479427491	0.792589268317006
1.00728657763688	1.30426447744786
-0.323259696913973	0.346707850226556
-0.611120149193829	0.735880199438022
0.439562799323325	0.487670063797539
0.303652298846287	0.327149559107108
0.312697502909833	0.303798334640605
-0.469047437682065	0.473934716783596
-0.240619071647943	0.207737484820529
-0.399197881411637	0.2860843995041
-1.28164033952567	0.983860562513223
-0.397698340248447	0.287276823067702
-0.830627852791103	0.924782560313872
-0.0380064538124885	0.0299629285149734
-0.160852961010867	0.132606943655219
0.239543898326529	0.220792384670339
-0.366171948999581	0.404836086888984
-0.601278065350651	0.664867059623948
-0.596628972381456	0.524817251529324
0.87605002578499	0.935970421068264
0.915639965275692	1.07166276653258
0.791717452997892	0.897578731667923
-0.565213068673662	0.451697607499684
-0.202050991118471	0.113858833482034
0.304181466664805	0.148390553662839
-1.03892497374996	0.528289213724686
-0.294617519803282	0.151318021184336
-0.290855549172224	0.196452848481693
0.550458129301757	0.505291503090228
-0.33439501026291	0.220336187808226
-0.254711952732892	0.17842023741237
-0.00116112194227655	0.000733439555523707
-0.599157719842423	0.519120635047158
-0.120087939353913	0.0777380912715489
0.086357045288177	0.0320742749114188
-0.390600285640623	0.241428074875875
0.249171447966062	0.163079365811603
-0.497619285028408	0.474026506545861
-0.766535769793916	0.668899791851039
-0.737278428569255	0.511926869137897
0.0937087769679686	0.0360218744711359
-0.171498579650181	0.107351874999255
-0.39903308446121	0.242629203061611
-1.5687526461888	0.542560610755445
-2.34355424465163	1.23580294182084
0.981088952824431	0.383335213267158
-0.170624532677554	0.10364895314323
-0.98463209738986	0.721268128526979
-0.202323013177659	0.116443567712618
-0.666285453078639	0.337903864670457
-0.154880523191213	0.0635648105692682
0.103145532346377	0.0568201421744949
-0.847238889274224	1.34052222686359
-0.239383445371813	0.257377542332232
0.0229647062387361	0.0178075053621378
0.00714713659942416	0.00596534314000541
-0.432230055325441	0.48283341007557
-0.462182131278656	0.440123278275965
-0.177421314880922	0.107773387731623
-0.0819286127440084	0.0774431983419239
-0.111834771566055	0.0833932162399596
0.449918557473512	0.395857629215858
0.801002810607222	0.885294098386351
0.166028018865256	0.131684190410856
-0.258042095633232	0.198605269583182
0.779007275356371	0.764660434243221
-0.55969479429664	0.424588183311864
-1.02334164061355	0.407384942895468
-1.10648033796579	0.906022209086499
-0.68030982609362	0.638637469668287
-0.940664745342247	1.19385416667195
0.395806322215705	0.389030917465469
-0.297910203905199	0.227653199919436
0.052621950704884	0.0419482712923017
-0.337454057468883	0.360528829255503
-0.248987423487381	0.217913352173448
0.571442654628433	0.694536756154198
-0.477304782984251	0.525363777738007
0.467594654409286	0.580623343757532
-1.08827334491305	1.35816372815317
-0.84469406854405	0.883386189035292
-0.116404075113158	0.0530048546379116
0.390707265106306	0.270580829030792
-0.354535703883806	0.266362155582298
0.151445591335972	0.119847287350361
0.0986623698986137	0.0825826041568212
-0.585868215669413	0.739315688385234
0.236754827330532	0.237426734141117
-0.401912212106624	0.449458566732491
0.144567048230787	0.0997264094960096
-0.216691522596581	0.150436429502281
-0.488149891997887	0.366767817198375
-0.451259891701425	0.317488847407393
-1.03179817698264	0.987133882581326
0.109442008954968	0.0633972497826106
-2.12542822988748	1.01496382999774
0.546520638191945	0.273219219872094
0.0315946036770741	0.0204743402866202
-0.0323072709265678	0.0168727501472183
0.129528287068017	0.093039293025034
-0.0619736963167627	0.0319130087915049
-0.219093025661834	0.117781461190602
-0.38779257402923	0.351332192410498
-0.449156805727169	0.358202200798362
0.0935570105220749	0.0392173832926779
-0.500060723668452	0.408348114761294
1.0637465882847	0.973359881421707
-0.0421614462929139	0.0289940740341401
-0.210501024299936	0.0793882549953596
-0.286012555212075	0.0974968886126594
-0.163873421829456	0.0982931414426762
1.90390184632409	1.16169190229294
0.78770455638364	0.681930585712209
2.06453560968354	1.41108712606537
-0.0887019302995854	0.0442816743592904
-1.33542969806099	0.625307527713718
-0.707649202025357	0.412756094922743
-0.214937854245405	0.0792291513356025
-0.455415214701866	0.195996998657686
-0.391037865951812	0.243787294040921
-0.270082656007076	0.228351960472342
-0.335906730496952	0.346362571884272
0.320937565745536	0.287875611329731
-0.0719426047131801	0.0561708547276234
-0.487193817689568	0.515627925480237
0.234248289046975	0.238420671654493
0.105007602138	0.0925721469110574
0.244006122751791	0.178215778639461
0.0209431635000404	0.0155073952502941
-0.270391282443113	0.227168813918465
-0.104510847373874	0.0672707129255506
-0.342467765307245	0.221271663058654
0.415916183218071	0.268257679322889
-2.00174758539639	1.93930017462254
-1.57748702993388	1.76277307723875
-0.60647967018174	0.402090494774234
-0.40238202480946	0.330584481810996
-0.196452984623339	0.173760360459447
-0.701286440160989	0.791912623960023
0.00961968802406044	0.00734220062202387
-0.0929780795965713	0.0717136046690679
-0.233995593728067	0.240795876930084
-0.529786757021939	0.456006781827868
0.00596299233892959	0.0045117093706125
-0.690634591110144	0.73885211674553
-0.0830053872695778	0.0635013577464382
0.123826892935234	0.0842137828554458
1.00228181077983	0.488736130858488
-0.283666402628868	0.191178015189444
-0.145690042170133	0.0908389945831549
-1.15301082644016	1.35898037937065
-0.526159263441985	0.462461944078629
0.427479607711517	0.38381106024172
0.362481274719139	0.379945098274142
-0.282014703144797	0.255566642895126
0.0157468632476017	0.0119941135374646
-0.15887333262959	0.126153542544359
0.784147667396229	0.795175482728892
-0.128802863267229	0.0975044132085848
-0.1598462829655	0.0665737363206495
-0.0758853403447576	0.0374765021828699
1.50929279500908	0.773713752063397
0.138719287628381	0.0278738142929699
0.0137550620018352	0.00860652821619101
-0.0458061148381493	0.0323343507823875
-0.735889380757292	0.515278977003528
0.102611207657086	0.0509320783384527
-0.736436658710595	0.520235644030171
-0.608991004355599	0.558513956425293
-1.55277149411793	0.844175134176892
0.934685384000604	0.704228373363342
-0.0660088886097945	0.0451427750521108
-1.04080024432926	1.02118625201747
-0.459988904072002	0.323353784431781
-0.454776582649315	0.200274803090432
-0.858403997406084	0.67682544505621
-0.549827434580252	0.300343376923273
-0.20920363058287	0.0797633948199135
-0.391170722573965	0.1160160294706
-0.279058466876466	0.094072559363689
0.264871406929097	0.156871066873689
-1.1516811555328	0.796164115226204
0.0915718658331214	0.0352785318051464
-0.277603055226522	0.09337462798677
-0.457232365452883	0.200531244600861
-0.374551412141068	0.154227983703938
-1.52656404929214	1.09585420157434
-1.21814792479898	1.06681280435127
0.484026801613725	0.270506573711391
-0.451405485974854	0.189072706657256
-0.204685844320849	0.0774691337295486
-0.407872098014007	0.432234086720682
-0.366038119531573	0.491533862628347
-0.168135589015378	0.171411923171131
-0.595035703535384	0.691684137889474
-0.336636725495817	0.21839583418444
-0.82831011961782	0.916056330552675
0.238584893072484	0.228112418694545
0.288664086483455	0.282390346769616
-0.0600543475665537	0.0475841516050847
0.134680891644809	0.0968541676378292
1.10799447984058	2.00307646887529
-0.32061627941609	0.321670879068707
0.132362503790301	0.0965570479195068
-0.850640095478946	0.813421945101191
0.370280295151512	0.275502179200832
0.0985957080785366	0.0400569647818922
-0.204567426164636	0.121249313654854
-0.281217358608097	0.231611516505551
0.129078583507059	0.136491015186765
-0.142777383849849	0.12973787432181
-0.28000529768338	0.234455035561503
-0.527516402134945	0.54309343660259
-0.536003495244593	0.719383365762682
-0.116011077679236	0.107687147536509
-0.0572981158689075	0.0453131237327767
0.232404405202815	0.235114317512159
-0.374379452372376	0.413488271072299
0.0768131748926003	0.0599665821978249
0.11714446203326	0.0778966646301631
-0.212814957365227	0.0810255857003678
-0.1799438180431	0.108828450361932
-0.0941343901790374	0.062546132400357
-0.353292976965764	0.292109229748151
0.460314534439908	0.480254919700326
0.313912855859894	0.296322558116387
0.0371416479627455	0.0297731293704993
0.243196552702509	0.227124217601734
-0.0777588543408641	0.058998329705498
-0.708234496957019	0.85119385455001
-2.15037819284377	3.34777676613415
-0.351820313898227	0.287950767105776
-0.403959727411198	0.323744099440464
-0.396418402651171	0.23759090820371
-1.03936155323439	0.49224527888763
0.100920675016912	0.0300396418178653
-0.58932124368691	0.225629604799208
-0.99022654296342	0.71657903388245
-1.18395526216979	1.2689625432274
0.233609060357918	0.149339744218151
-0.211055650912585	0.123712402775384
-1.57671209172656	1.8113938724415
-0.258568068403227	0.176381289877459
-0.147493536165522	0.119819194221848
0.0989406136897116	0.0414894541156256
-0.331939535601667	0.212797581315731
1.47684996610071	2.17340028997081
0.731892033816723	0.673992240956464
-0.215895024777601	0.147432763611894
-0.349696132469523	0.325931630027989
-0.301640481349233	0.149507397388747
-0.521095732588195	0.35479818227731
-0.579546968006033	0.232937984124923
-1.2220332731594	0.694411942800868
0.266897694255709	0.155189470504082
-1.22192403022664	0.711178698251438
1.27247113122907	0.561845184114915
1.48318711130616	1.18656768464327
0.0443905555609974	0.0307092509986224
0.894727030299428	0.842603662767873
-0.030426366783979	0.0172006164279386
-0.251696617291422	0.134372282945974
-1.03619793123463	0.534919576539785
-0.285365977948098	0.193442711518299
-0.464009691983652	0.322444928160681
-0.943876525517131	0.890557393255084
-0.36023663541682	0.399457935066484
-0.254138667209904	0.174041294850806
-1.16858674019233	2.07423459285866
0.286586091901907	0.327810977943882
0.071846646845099	0.0535485907443729
-0.711488553037698	0.831159507645565
0.17242473821932	0.143940122611694
0.430623268361288	0.390737472963763
0.374834320197146	0.369073812329808
0.149685108778938	0.117691768907537
0.238845613645848	0.176877313075221
1.46823358071857	1.1461744598607
-2.34490108764327	1.23801903279416
-0.656479654490901	0.309950603191103
-0.96252153610592	0.814372994791879
0.248080361004369	0.219136583561437
0.0719637428204818	0.0616832590774419
-0.157054565158885	0.149798115404412
-0.323957880782442	0.339076986443978
1.07036439678107	1.77510278644182
-1.90177253133697	2.93252545676588
0.154181082148589	0.144460229639485
0.10834982306773	0.0988617862010774
0.23792976676764	0.270769133547229
0.597450477584587	0.609879163486912
0.513891077460775	0.488055375394877
-1.40904970500403	1.12336922847273
-0.206338888469376	0.0759338618946052
-0.473879536801817	0.425636688903467
0.225754809035048	0.158939510827868
0.363526271999077	0.270896783477838
0.511246096420642	0.50023043860591
-0.502647133280697	0.553641726090164
0.467303819424927	0.49565692321922
-0.630564729922741	0.64248443089126
-0.0611877436687194	0.0420124039488286
-0.473614176258226	0.419615034298704
-0.758712314150316	0.806425864896121
-0.147387940435231	0.0937072120781571
-1.01761148988119	0.602942452527438
-0.160612704930327	0.0664434773001993
-0.581808051220463	0.23581956607277
-1.5625457696614	0.581574072788025
-0.245329684660255	0.168187365420756
-0.41884888913332	0.352286990171382
-0.174306040165716	0.126090812297628
-0.36295842705005	0.170757084814043
-0.430278995991978	0.364548839546787
-0.851354743605344	0.666353795997548
-0.312441448841885	0.265960024684743
-0.206070877881833	0.0770065178009815
-0.39422692184457	0.238663746562659
0.337196256852016	0.277057799158135
-0.391196113769972	0.279111014670997
-0.399512590822009	0.336556754800665
-1.17926888214769	0.359283326343532
-0.581830152059278	0.234765102071671
-1.04230168925147	0.549712780146479
0.892566936628598	0.583857937534898
-0.174020769605521	0.105540494145765
0.278908008012873	0.153260596984517
0.302641398331312	0.14893493447525
0.388371362829848	0.14995091363549
-1.41047904073329	1.05102379580059
0.0974971416744186	0.0490607182852711
-1.03090021501855	1.02591231113406
-0.36487881369518	0.176056802733959
0.0951953480563059	0.0453263205739878
-0.608535535272558	0.392779061169801
-0.393496291436173	0.459809242184865
0.402037333258853	0.493000635207857
-0.2699073598514	0.266738529134891
-0.298920299716337	0.261081297803092
0.548567534021817	0.704742674757524
0.330554647902451	0.273823863463563
-0.445952007156219	0.450755415154236
0.606418810955455	0.621811592455132
1.13150623812037	1.60044000277166
-0.151151486879112	0.111065146200949
0.357384442238571	0.266986661326896
-0.33221314121288	0.210272501260894
2.07611754480847	1.33448851980317
-0.135361872093992	0.0857694110074501
-0.118638684700458	0.0765480399744218
0.233731325491591	0.209797868834283
0.495554208915148	0.474019755904684
-0.342190400725016	0.419243016813613
0.245443301059546	0.232619275430272
-0.407872098014007	0.432234086720682
-0.317259491882639	0.348710381212142
-0.950545496826641	1.34993975003425
0.230477770477689	0.187964931629803
0.0322412026663507	0.0209918385228943
0.0151330557677872	0.00942730133896913
-0.280355255640717	0.0941016173785279
0.37546200933788	0.27073086562811
0.656369901316054	0.651118292349573
0.234327148565773	0.197072002349356
-0.12320968683788	0.0877032066888439
-0.470629351135078	0.515153023522346
0.160366808192469	0.14796329935006
0.0164004610668536	0.0124319779333477
-1.52220911573482	2.12188629128335
0.31059268659815	0.277645405006928
0.144280901479087	0.111013162271298
-0.0477694709929981	0.0335449377235656
0.339859836556635	0.278834996321044
-0.0526779167437821	0.0279429357004348
-0.457528393528638	0.200349089822435
-1.68297260677879	2.26010409235164
-1.07434182260784	1.43182803979318
0.126808576503796	0.0881736284137013
-0.613456096242518	0.378588077865104
-1.04744254917484	1.2444194172204
-1.4114759506059	1.77626817702147
0.781496086799328	0.768609485359901
-0.444715171399419	0.405601889380977
-0.13039149030126	0.109105846313816
-1.33618310023996	0.623638372110676
0.337874997057776	0.263819492207905
-0.311131387609127	0.264126812085992
-0.00584081867183829	0.00419870821973905
-1.3385312426089	2.00088161225684
-0.0395552329172821	0.021804088350848
-0.0245436254488416	0.0142174065443246
-1.17593414403549	0.3709145036914
-1.86832239315417	0.776182287740833
-0.438633667383472	0.361076501771275
-0.758557330502852	0.604917699231968
-0.0359561547300475	0.0197199136610506
1.00440125524695	0.497152202790312
0.102377542387077	0.0310111431631203
-1.15533662424526	0.80432849773744
-0.117839684391535	0.0757031723468687
-0.682483964957012	0.619019595602612
0.386970204308732	0.151291698851134
0.0799823377282441	0.0295612073716565
-0.947298145032213	0.888889871448355
-0.299318448939083	0.146722423453548
-0.29835055415189	0.152145087765167
-1.13843983411236	1.57438929289513
-0.900600077815954	1.2796800525901
0.638253311784524	0.909954329026001
0.0622394838872087	0.0438646513590469
0.102926393576764	0.0825182385853323
0.551867355755386	0.648954300298772
0.114041501041323	0.0706561715721854
0.632398083351597	0.640174017794783
-0.0199142318110031	0.0139190637856688
0.265741719192314	0.145914114727988
0.686998231369939	0.620741272469364
1.17992816176166	0.932337678869561
0.281010514671815	0.152491596260935
-0.30789011144778	0.294178947854033
-0.287639768335026	0.257442202552218
-0.38127107544109	0.401053626595667
-0.0615770335329576	0.0479849004388429
-0.70937342352757	0.843144338168984
-0.870084967351532	1.05995465495711
0.0296759439174541	0.0195063571896669
0.10992496370577	0.0648458772809887
-0.373868843181174	0.162141306930876
1.420818531963	1.36026044126887
0.628485459354146	0.64127905800573
-0.183950402717266	0.130743988619771
-0.278922537246391	0.239787002787916
0.242745551333072	0.240610500476034
-0.589225432838672	0.64396001581837
-0.0941929148500187	0.0707372424636675
-0.447165203994229	0.369026467258422
0.122500671485303	0.0797487040341118
-1.00571697523543	1.05431922928791
-0.562732417702909	0.438411654061216
1.47717473043951	1.22598546293498
-0.304895792688442	0.226887208354709
-1.17671705611502	0.357469400515175
-0.83131726616745	0.375352333144437
-0.73339371871715	0.526197102641588
0.100448104541748	0.0458200344607441
-0.394179334761937	0.284988156025104
-0.148393917530195	0.110242928799194
-0.379164906062351	0.345189542966313
-0.638203284630973	0.67502331917014
-0.411258148711051	0.395034764115989
0.0977252885204061	0.0463904218065037
1.16660150603692	1.07877407744623
1.07261293718593	1.04929497299137
-0.0229311725821991	0.0127859434073779
-0.458282961602655	0.432009403508186
0.100448104541748	0.0458200344607441
1.17525945582024	0.931956672816775
-0.54486543243693	0.2973696475941
-2.58558390776956	0.743326333733362
0.467143883066304	0.172207431346016
0.759118792608063	0.322164303162132
0.762801487163888	0.320585170638168
0.627670405484753	0.519970161998955
-0.300281740581188	0.152579328358126
-0.833624021940457	0.388512429406739
0.383674836456386	0.155957430958996
-0.546442181375814	0.293604504613769
-0.612978940546367	0.389185212314097
-0.380115386279184	0.214924923593407
0.264608759178077	0.15623083993968
0.283548791376466	0.152514310612951
-0.712597208342232	0.435822778891302
-0.0314677637989904	0.0174304211042101
-0.345760774734107	0.221401735152593
-0.658213786449221	0.169205854171519
-0.45661789348989	0.200495481246843
-0.182095310553971	0.176146284077935
-0.37369467878602	0.395639651934101
0.0457182760597574	0.030969346307566
-1.24455397416989	1.28914238912212
-0.402199142824615	0.413755163897258
-0.0270529110805388	0.0152952763539771
0.103214026141965	0.0601294754805738
-0.845556576143128	0.801924070316604
-0.00419948849904048	0.00251935802814689
-0.130739170781465	0.098171946424098
0.0553071917456023	0.0460197256904596
-0.304036658291066	0.338165436968875
0.0880956471903261	0.069769027303911
-0.353660977872575	0.352960813474536
-0.375334649970504	0.368795495912131
0.718863625316707	1.03317192238203
0.173229488975818	0.153114536898415
-0.467648024416271	0.400583142328792
0.302007250728476	0.143067973769502
-0.334350922455209	0.210322167549228
-0.476359624584041	0.427862749451649
0.108466540651304	0.0921621464149876
0.426504996907397	0.485909472927678
-0.144764057227546	0.104493869432142
-0.25363385327367	0.241978302162056
-0.955038857307684	1.43188491758278
-0.638460030517631	0.693473991481039
-0.838232538468325	0.866044379962225
0.629041779458913	0.63244797476445
-0.26240834950561	0.247378563457722
0.101487748287664	0.0549647704771399
0.958537515054741	0.842101856526711
0.385122990679463	0.153358586100034
-1.1842900100318	0.349308304828629
0.981814726256665	0.380149009169237
-0.625108214187102	0.629518550668581
-0.482088604099296	0.426084988326512
-0.249675293413001	0.172318726380269
-0.594723225770375	0.522745891004138
-1.27941687710119	1.61981974543298
0.0914789334779465	0.0372222239485302
-0.96865311902814	0.817749263136971
0.775795179134063	0.807673037346031
-1.24858057048149	1.25227736152192
0.00524204240834605	0.00333391746651214
0.121977445128002	0.0797098632274054
-0.0409123479680067	0.0227810760125346
0.0920028597906609	0.0389097965160538
-0.340530341224482	0.220203507429047
-0.832979426962247	0.38520477355649
0.0963553451469565	0.0456120859274759
-1.03620551428892	0.516754105064113
0.979215384321461	0.367428549734545
2.06036043066716	0.932329161920779
-0.781050689468545	0.279328303338655
0.103227550881737	0.0535813534516623
-1.07013686230515	0.974589718979079
-0.657184562950507	0.308486723834489
-1.34617800530354	0.609031684362141
-1.2220332731594	0.694411942800868
0.646244410632913	0.408571635229583
-0.583542750727312	0.627298161229714
-0.433837447787951	0.337585720059438
-0.60539557429687	0.38607507012605
-1.22605999420828	0.703594884969875
-0.163874271698161	0.0982718507016895
-0.0888717606229589	0.042419108057261
0.123958640083443	0.030889091157911
0.125627183001861	0.0310455014134657
-2.12892542830691	1.00744914319558
0.137884050032568	0.0276312070347514
-0.657392185827201	0.165268089701776
0.469889066600882	0.171638071817207
-1.34082883678342	0.651675633707475
-1.0079182568386	0.630853646358721
0.0932335466391989	0.0445006255670898
-0.297561639717778	0.15319259364944
-0.629199458841092	0.629027749039647
0.560065238278751	0.51408178987655
-0.0742503360883108	0.0502185635803471
0.248076385798857	0.152319271926871
0.237376542805329	0.167200294949588
0.151046876218124	0.120972900001326
-0.183962556885293	0.151525387234427
-0.43162110921533	0.605115226594946
-0.260935983653146	0.314499601514649
0.146973458520723	0.158734602404742
-0.813418266660191	1.41512241221661
0.967582450341901	1.12069993150436
0.132986457009158	0.0911396095499681
0.104938992876021	0.0598702904421674
0.15556073554988	0.118756949459275
0.0304189210246876	0.0201434888475181
-0.106740608148938	0.0673905138398159
-0.156112768367473	0.138738714121192
-0.378287933029049	0.45328336041542
0.00634490886986956	0.00599288875404664
0.110978920478246	0.0983061817037178
-0.989085209820292	0.73565201834601
0.114982364951235	0.0731387846706564
-0.618825842486662	0.561706537665796
-0.396086162487575	0.335072062971273
-0.252070023085144	0.178052733895998
0.141231793783015	0.101393298314395
-0.218500123094966	0.157181109326648
0.353047512326505	0.26580619186778
0.104109656057714	0.087420435343304
-0.105223949350394	0.0899186960268113
-0.358013326298668	0.300123437868971
-0.42898249667983	0.495405236730436
0.0969130967293326	0.076010081199108
0.150389199886417	0.122683744489141
-0.135905360112989	0.122556681546428
-0.316719142167212	0.294942232445823
-0.896324165413926	1.04838151176466
-0.45577951674931	0.316703747131965
-0.712111084271645	0.890139312825014
-0.340524870342331	0.219548070982148
-0.339682544242882	0.219498703686617
0.0687391295152167	0.0525641843643151
-0.752014226420461	0.630809383153553
-0.56405788599761	0.443085040953333
0.543075330637729	0.501027033460016
-0.251216685581366	0.176062526482115
-0.0367852572998545	0.0202021475882175
-0.0150901067744725	0.00859481671222807
0.0149683238241607	0.00944020323529542
-0.492694972365775	0.454093837051703
0.123976331196576	0.0321704885802751
0.0857258850655394	0.0281873323787212
-0.112825972907953	0.0514543730457524
0.37081673264138	0.276422556675544
0.805705599636681	0.992704006273641
-0.441475355597308	0.362840859613603
-0.753924727815724	0.802569567518359
-0.0428626969023017	0.0240723675832566
-0.120977510494369	0.053903645355422
0.466500606074729	0.163455590078674
0.107387832927121	0.0639597231281317
1.03991463955603	1.24962297294111
0.274612278675251	0.15218985272198
-0.161744882753553	0.0643731091048913
1.04470681443684	0.764267084971582
1.03702317688071	0.599209948710701
1.16544979987653	1.20906101704895
-0.859791234907612	0.667898260672475
0.22903840423415	0.154664267896049
0.097920385788477	0.0289855038096373
1.41626550166476	0.466149804352209
-0.237213310282488	0.119804180402131
-0.845071628361389	0.476380912738892
-1.08956840653188	0.434397097929088
-0.570004096010075	0.432696795340483
-0.534253261919607	0.463607697400886
-0.20709679636068	0.123880596453998
1.26816091680392	0.574381438846744
-0.25486894856369	0.175298850154544
-0.154590382659186	0.127930822440475
-0.364070063362732	0.629434696270002
-0.18691475847932	0.320438534573791
0.403349487651928	0.561521935186403
0.0987449031284734	0.0491282692212633
-0.471434173769276	0.260260254227874
1.33824749065562	0.981465907191419
-1.03969140916904	0.541792578337749
-0.703969390062777	0.42581591031769
-0.558647456465659	0.511159934036364
-0.142334815503186	0.12915453113763
0.33358255310325	0.705771156576514
-0.178681853808911	0.247077649428132
-0.0979396286984678	0.0824177743362706
0.251896791851334	0.149633450695206
0.252610255199072	0.142348451112766
-0.0512553644760377	0.0270113433270656
-0.0198553517395894	0.0114122480648003
0.292470691148656	0.129696685626361
-0.618609987874802	0.611859587718798
0.649878917719984	0.421815244092435
0.10067556100731	0.0585772245981985
-0.112618347289785	0.113770071011964
-0.0749765727658833	0.0704766836223413
0.0821839465887462	0.0822489766887786
-0.226486215959862	0.368711592582595
-0.034811070322816	0.0439261794421184
-0.265932549261765	0.459109864457572
-0.0729736667808534	0.0974217836884334
-0.268511328068087	0.417810617208045
-0.353940493984658	0.399922777524662
-1.4890431831531	1.44802695732161
-0.360860769234015	0.173334160399411
-1.01175224808585	1.04561832187352
-0.339163168580578	0.341877210106575
-0.407399965917773	0.659393640694509
0.0157045672642868	0.0135858460379846
-0.509256512292435	0.69260953533286
-0.42202125280632	0.613743510531471
-0.85658240125817	1.82733242097966
0.0588904618745063	0.0627293193058374
0.594913807785285	0.39728134011614
-0.859248661116529	0.649760355156448
-0.282249900706069	0.183500963156072
-0.4582778193474	0.315292902754475
-0.497954909806245	0.689345883567676
-0.58892260900377	0.845571342065101
-0.547029611395623	0.291246500281015
-0.361628256497765	0.173040570115617
-0.119034455624978	0.05316979716374
-0.220873445064805	0.187763905708894
-0.666582125515716	0.871900784511888
-1.2210883773203	0.710599286486434
-0.983728990224986	0.742917538706132
-0.00652144802086353	0.00575802654004278
-0.0633625069649941	0.0333853210242507
-0.27283364992272	0.412970973598825
-0.171762632203521	0.193204042312096
-0.203215569201222	0.211405973457802
-0.901064042504102	1.37999160927289
-0.173867815342283	0.172190694192822
-0.281212839634839	0.304657288077113
0.418973851075175	0.578422424993911
-0.401303400566272	0.619341543667527
0.0811962259625936	0.0954513425558894
-0.475252471972808	0.421529024604197
-0.285275586931952	0.0958290123214358
-0.392025448478271	0.113054053652717
-0.466384164061438	0.269824144414337
-1.24277787657651	1.2333580903056
-0.451747761181433	0.364103261722389
0.327887541350572	0.140586503476908
0.359541168219022	0.27950012844211
0.0241247957167427	0.0159858988359081
-0.295663730470745	0.295926876466673
0.134785840431114	0.210122070616826
-0.166063180479657	0.338713134927936
0.25773135622398	0.14993991318311
0.504791966008429	0.382421379363192
-0.16808281614219	0.102245631582167
-0.546041546803338	0.29913311361612
-0.299707818419985	0.15647119944976
-1.21303569687535	1.02958255827842
-0.949613451603756	0.889721675438841
-0.85174258211828	1.07540191629481
0.0507689975374576	0.0422839788473118
-0.204322080813441	0.450442947029124
-0.338218474762566	0.694214924041568
-0.187025686336171	0.194914755152402
-0.591893993798468	0.500913773409419
0.415040871311275	0.261632481690935
-1.73778786041772	1.0106568049714
0.392943395324347	0.270301360630231
-0.555338835655544	0.52735788445069
0.069961095323245	0.0650250276512848
0.129774201247094	0.0831475958416889
-0.120400454070837	0.0541997710027249
-0.122382066369898	0.135706020517494
0.271340750328279	0.399319634098459
-0.63834276429453	1.006454658143
-0.176212051608692	0.307756705970526
-0.113481834610004	0.166438380912896
-0.618943632890944	1.98867204972645
-0.188598182005772	0.387355310642146
-0.00855450984652091	0.0112312430088983
-0.683569011671293	1.49224118704515
-0.304605995945997	0.156603264433281
-0.545827140950651	0.689694085805186
-0.548949442803471	0.68751309188393
-0.209484469881834	0.3245872389636
-0.355786138058354	0.616449653265376
-0.189468108526813	0.212285743208734
-0.188296279335429	0.281533335473817
-0.303692660610658	0.586803980186385
0.288348916445096	0.461530752188201
-2.60231835647939	2.60619094937512
-0.563749765775371	0.430902173927896
-0.114843447819961	0.0724140217178153
0.139261359706403	0.105148676987367
0.143243998994254	0.207644075808955
-0.401706768207478	0.518767373826667
-0.564573264900659	0.400292008741969
-0.338578384218449	0.224864885498349
0.469889066600882	0.171638071817207
-0.457468009770254	0.574750305137741
-0.867304551470499	1.7622558361419
0.123976331196576	0.0321704885802751
1.17562285017303	0.922452061972225
-0.220934942140327	0.336071185124805
0.697969657329448	0.945997129594129
-0.290469528190767	0.497829656387146
0.219168267035665	0.34881886592844
-0.188002247815824	0.222190503191648
0.0328180206109046	0.030800820462547
-0.48766716075072	0.367493804843135
0.521504210882552	1.02885461845271
0.211726748496145	0.257000640188494
0.501849438235692	0.922870689260126
-0.437847965199771	0.876096674271891
-0.557217632965751	1.09957933785598
-0.167525446560806	0.152299141985833
1.77608817898954	0.693522043360598
-0.280245260443984	0.0943901859916087
-0.168664126798033	0.151425568980122
-0.107817694400153	0.110454721028949
-0.0420277291712027	0.0413306213612529
-0.54590477192448	0.605238950059913
0.0364001212279658	0.0291058467530677
0.0428566473200509	0.0350857772228869
-0.0368764920806437	0.0332659548886364
-0.362721460456921	0.49804676446197
-0.361715958571394	0.600637072780374
-0.179043272784244	0.221190772946969
-0.272594087695607	0.418394551538113
0.0921459378470848	0.074748751945286
0.327164538905654	0.406263661335942
-0.0806702971286673	0.0809710256891521
0.647549489143191	0.904825425224979
0.00432466665538284	0.00347430891466669
-0.600671198296411	0.790054381662386
-0.86142130016825	1.1903160287032
0.437863005568295	0.563602024543264
-0.394801548893612	0.645807594550001
0.439420538859365	0.675658032788454
0.128216474760988	0.149028306814073
0.135553719735862	0.193131720750196
-0.255284793624428	0.313315453513896
0.0918749756922958	0.0914996879668033
-0.280243046380484	0.316482778448833
-0.205645814278375	0.197219344045233
-1.05172287621591	2.12153507665098
0.278058795705245	0.341139814925812
-0.0682652279073237	0.0599761613817471
-0.493406719695649	0.846997156217412
-0.409438365336676	0.685461633108547
-0.459419814134967	0.748879985787746
-0.61876848343455	1.27332681422347
-0.27684373755916	0.373631900404174
-0.559059187829218	0.639300172988522
-0.373848141707452	0.363303375266027
-0.733455244732333	1.11156429682687
-0.49785050158318	0.764108740152462
-0.434923791586686	0.490867402224428
-0.803788678012023	1.13799425566225
-0.722889774325863	1.09760532194782
-0.251316875655383	0.305564138673387
-0.223151947116179	0.195516973732435
-0.32821375067273	0.349871713963349
-0.090700548931743	0.0844308459726089
0.117725538490889	0.105260557584598
0.669216665666604	0.915110953641744
0.451234631197388	0.486414166286473
0.45948956364397	0.389668909082398
0.566100314603585	0.675807053353301
-0.169495376860387	0.162367649106771
0.436903993357118	0.47366507290605
0.183823355373919	0.224003335438689
-0.022764755846566	0.0179786277528422
0.444971233993716	0.569199035198322
-0.802945708418801	0.998043083722724
-0.96273388501264	1.40688961096717
-0.195333230191564	0.216559189835719
-0.249813009942099	0.271368636685164
-0.514885337618096	0.594372799647559
-0.486911359426729	0.500176755785087
-0.151899587079577	0.146166536712586
1.01018673566384	1.38557486975902
-0.182885476921522	0.128500479248365
0.0934160844101873	0.0435487391959017
0.336066306438577	0.263004818205286
0.739363921481061	0.746379644978237
0.445028044450448	0.276291528874226
-0.852677926163663	0.470008203075333
0.797296874313541	0.549137832616882
0.739841131085465	0.750540590919285
0.450357723207078	0.495191021678157
0.421096056223087	0.494505092542738
-1.10368766132896	0.874541766062618
-0.682725369721371	0.630014352217919
-0.131831578594642	0.0997855754357503
-0.578016906435985	0.578695590847558
-1.50986084804832	1.26998987406084
-0.1223878511106	0.141155760514141
-0.214854561327601	0.259459534822469
-0.465065995203303	0.710196089050233
-0.104001319451862	0.119578936229003
-0.0818486234537085	0.0968743671995566
0.365671537136553	0.557275731483444
-0.0780739570257057	0.0860279694356029
-0.309912790417792	0.389218926230886
-0.352035743695926	0.533648052208668
-0.160698256405431	0.173152880973015
-0.0585061715921079	0.0622007011612858
0.557548977163981	0.908289423500521
-0.0701421811566495	0.0692044691333886
0.0861799991882551	0.0922916594586134
0.177156390926786	0.22174206286205
0.220020878661416	0.313598016034857
-0.0170133102264529	0.0169906699149949
-0.374595615798443	0.561202769806508
-0.636293043937575	1.23149092235032
-0.456650200849297	0.701136893612781
-0.282382984821452	0.375821165632104
0.450449155652112	0.668735267798804
-0.487476795960078	0.726401485429899
0.351586749536535	0.472635085950153
-0.344446146007867	0.460594324416483
0.0731328079959391	0.0850389427309611
0.542735030644262	0.824956624869492
-0.0492205807755854	0.0559453863641783
-0.202589332782415	0.255338977841004
0.0994264926880661	0.119547743988732
-0.547888254038389	0.693544538108877
-0.101045265575794	0.0756517195863772
-0.508426395577588	0.719678828146824
-0.512365823885267	0.690549566890913
-0.125666126348852	0.126072306792425
-0.271140026373338	0.35911686152002
-0.358915163611225	0.430127089646739
-0.159830084735734	0.150488312030159
-0.406535252133516	0.485357348580415
-0.0264608743690791	0.0240521858523242
-0.0752227723875122	0.0641060857178364
-0.43980366881262	0.438507930919751
0.344725455190713	0.277670572317899
-0.75969842301079	0.981013502642374
-0.669120593046122	0.548723573444633
0.104030547973048	0.0858985367207159
0.170133947222412	0.155476201119417
-0.698468966808328	1.13051283269208
0.0729237975579663	0.0552288983649461
-0.804493398965968	1.09647919917791
0.273698226040679	0.290899370752089
-0.811572076648802	1.04116037141345
-0.70567478521617	1.16924107455845
-0.436276275460085	0.550377709932304
-0.567062531763206	0.677319112813928
-0.513872542176802	0.592350241971601
0.397723896332166	0.483570033119403
0.033857308824605	0.0301572846790971
1.03703235581222	1.28066201007476
0.442204123789339	0.264402712610289
-0.162778717018838	0.0970304545211031
-0.86154705711407	0.547480171218529
0.453423521746513	0.356751225317061
-0.858678819356323	0.75221048160323
0.444582543103382	0.2622048753487
0.902326685117868	0.593120998706509
-0.120179141239869	0.0539347378396735
0.924160331584742	0.93029840198872
-0.226026275998519	0.195664123980842
-1.00718599311509	1.04272447347351
-0.348772964923762	0.263514402066584
-0.352862573712847	0.30191874703081
0.11054498019984	0.0647524134568243
-0.15628157970464	0.155405976004148
-0.498583763541825	0.893533110020068
-0.528451512279687	1.01589404392448
-0.0608730670710399	0.0695545273057898
-0.11922115188016	0.144199464040303
0.130651461558488	0.157388113152775
0.193241146926338	0.248450154926473
-0.000515803462079538	0.000707038222617812
0.315576265079303	0.502963590214989
-0.375584430569615	0.568420987123663
-0.287672510686517	0.363175571121941
-0.688464368936836	1.04982722380316
-0.106564457160065	0.0684619815810749
0.478650261651792	0.502799085283275
-0.362363190312014	0.568065688797858
-0.551103473266386	0.921163641009145
-0.169450402458121	0.203071111503691
-0.683844475107318	1.38272711920368
-0.520102876668643	0.824208266126147
-0.0126920380084269	0.0132545983408717
0.572442349724393	0.82493162780093
0.128284496483672	0.143625876513092
0.107213995062835	0.124690579510886
-0.22269043255625	0.247763821165574
-0.20850240871025	0.195926015352326
0.168022986214286	0.149509496685981
-0.333882730749074	0.216242184445949
-0.0586974048226565	0.0303814238978698
-0.557101395483328	0.776527517177511
-0.343499276881371	0.338462463634752
-0.333621651306208	0.377591893459553
-0.403514259757864	0.56071557455323
-0.733478448607805	1.39270498773808
-0.0462412139529508	0.0452038716756585
-0.115507382970592	0.129302204824627
-0.700661346998272	0.870697658338967
-0.770777907180953	0.670413050415207
-0.768114208951855	0.749266241216675
0.240330427765066	0.180646139795594
-0.450052404268893	0.19807508773299
0.278342561767988	0.147652025003649
0.299248617958505	0.147557155557774
0.170879057583021	0.151082324830962
-0.247679730644396	0.246790485447283
-0.983730539711214	1.10858687136767
-0.0278861969471786	0.0160380305132254
0.651070471939618	0.623186437791233
-0.0902785041305301	0.0838497079228628
-0.249666965444758	0.298496570012587
-0.607632944227025	0.988731061748377
-0.0692399408767081	0.0540404051083016
-0.630564729922741	0.64248443089126
-0.30483511187981	0.346280459214922
-0.193910121925209	0.16832747201594
0.11170056616221	0.0980526453696381
0.403157852277458	0.384016905734733
-2.03578214288346	1.44784712162454
-0.279540398715928	0.0939102873133586
0.408901264717189	0.272117235691861
0.123976331196576	0.0321704885802751
0.0979225418543523	0.0462008390243173
0.447559446028483	0.390476411475352
-0.0460257518355623	0.0308141806910041
0.869886842516605	0.897218926540305
-0.558453167219905	0.639627106108846
-0.0984026312124996	0.122238704639638
0.143556402724199	0.169438256647721
-0.0250591930567407	0.0248695500519638
-0.081256675956388	0.0956764772156981
-0.133032473375048	0.163396971123676
0.672403180240945	1.23005589027683
-0.327056087899934	0.520587529108231
-0.275104541508625	0.373913109256962
0.323027890913995	0.483828194050304
-0.139235858535153	0.146319204756547
-0.166544424234092	0.144309480109988
-1.66166988594618	1.31075187589775
0.234512880605989	0.169112946889689
-0.54704585427431	0.740921151934885
-0.177268404802661	0.172125442568087
0.460643316838884	0.725585398003267
-0.182002475142601	0.229056148893527
0.297128692018151	0.406378458179388
0.0934135070852954	0.113707352406549
-0.654891514078878	1.09290940558325
0.130253598243046	0.135105979319729
-0.377887499976182	0.509811827855919
-0.125430694885693	0.123849437242239
-0.669708797905488	0.852487717486553
-0.200028011732346	0.158195326789201
0.258312598681176	0.150123886001121
-2.59539110874755	2.47828051755379
-0.447474583560475	0.547224587638819
-0.499685429386296	0.600456587939702
-0.137525482934656	0.124469757555264
0.506177521378795	0.503148974325097
-0.821801504997579	1.0466223479442
-0.383374878087984	0.454571717730152
-0.514508301121196	0.706480462327756
-0.298844991127481	0.413932878435521
-1.52756864474614	1.08438432604347
-0.253027028417092	0.139958269859648
-0.298513435136042	0.155463172322381
-2.68559111553331	1.67646957455099
-0.4540360310443	0.199945608558077
0.484026801613725	0.270506573711391
-0.00463207590155737	0.00386510437407918
-0.262843376308294	0.248839265956254
-0.0842781493056587	0.0552285110472047
-0.543028867829551	0.294428023343174
0.667494968950434	0.546584631525447
0.293957719434209	0.309803599106395
-0.233691735093252	0.256976409337661
-0.016883176669114	0.0156332859032282
-0.50338650856441	0.48598403750701
0.401064053743671	0.379157071215886
-0.428603310251697	0.478963780483269
-0.831862218103686	0.939929142087148
-0.02623889772322	0.015015152973414
0.232490221234606	0.211464072023025
0.154691644256722	0.126894696336061
0.253710769728854	0.141409167577654
0.123159074419786	0.0311724352253345
0.103104579623969	0.0304309453429937
-1.79855097632956	0.444373754165809
0.981088952824431	0.383335213267158
-0.634778898537356	0.446416417198636
-0.268393773102037	0.211163397834509
-0.10980544988129	0.0843499868986223
-0.0109059893030395	0.00760890237352614
-0.920158220030656	0.998563338811768
-0.852314579904794	0.555517010858734
-0.381684476512907	0.474559294746198
-0.0848448845310415	0.107383291517758
0.289841972409668	0.433648022275298
0.291418521878049	0.390799514712387
0.119634010549726	0.184168696339164
-0.700370583240198	1.63071529957482
0.18568333426557	0.250787343398414
-0.231076890237486	0.373153004809671
-0.00254539437693446	0.00300311331990826
0.214292639584532	0.329807222063281
-0.167522198017646	0.214679164117952
-0.313575602135003	0.28318976527393
0.0278497413997953	0.0286592657179792
-0.442702364419979	0.723760651425517
-0.126309189781615	0.165078994133971
0.141782063586193	0.204247473536312
0.186821801571744	0.264150580313877
-0.492473853019094	0.894192410466314
0.66016720742885	1.31647971380051
-0.970654579805921	1.80901928976685
-0.718044442685994	0.94640686039672
-0.289821470100594	0.271129286643074
-1.23645937343316	1.82893894506544
-0.30480201019247	0.23796012479769
-0.182555236130219	0.231128791891486
0.372984698651245	0.461119726400488
-0.400050727616462	0.449096791373307
-0.66253841692191	1.02784703304005
-1.22381454261111	2.76333132478295
-0.141358520915114	0.0909738283981601
-1.18767284677358	1.30646579035122
-0.396721617045894	0.247911564156484
-0.211243228658864	0.0778995076825206
-0.519674148821511	0.358721523148228
0.0147526144906889	0.0131527551937872
-0.276892568149136	0.295313291174273
-0.768171693875381	0.926074020531895
0.419254810425456	0.270667024683314
0.415912986789255	0.380648796468843
-0.300796849652603	0.347886769485387
-0.365954086833801	0.460926893611049
0.220315799664385	0.267446172953323
0.0517609909049572	0.0369395838132179
1.48751594453992	2.10324394071602
-0.0577809244025579	0.0523263125486272
-0.05791994200067	0.0516164848437123
-0.523915153942404	0.348671451866767
-0.45770204859204	0.560337443971527
-0.195598992135435	0.231327402313972
0.547058526598254	0.281926179496885
0.0553054126327463	0.0393751392334044
-0.778706269962488	0.277506716437333
0.133001746506622	0.0266815972730519
1.91380205570161	1.11847677519899
0.75845105661558	0.326919841231667
-0.175134247913431	0.104753481246766
-0.844603527471988	0.853088666655665
-0.245490284774731	0.208413039990958
0.58203438526837	0.794839003933453
-0.000579154373507671	0.000515841132466461
-0.838656109869655	0.849927831346374
-0.292264553355769	0.146424627556343
0.0121332240607545	0.00764445764963369
-0.343143781110676	0.478130787442134
-0.387278167379087	0.715868349652125
0.339594801406447	0.559749319397074
-0.453567459906237	0.898477128973746
-0.0502467907452888	0.0602258546474433
0.215404493546549	0.33358733700951
-0.217099374531819	0.34204650373463
-0.0208898879206767	0.0270530793929966
0.0199036513605179	0.025834818985531
-0.389705784802342	0.735201391978228
-0.162705312620628	0.194273879970672
-1.2894897434108	0.988673684287184
-0.177807802472492	0.160684976755619
-0.180079992510219	0.227034707662933
-0.105597317954746	0.13913200284304
-0.414289444437274	0.707760577540508
-0.185760650693059	0.273612289032013
-0.274259713781503	0.337662705900955
0.415415290482104	0.666569545413174
-0.462583021692593	0.769667678821659
0.0381933927874393	0.0361174005958353
-0.3536772692479	0.338264341132669
-0.319590359512907	0.315632710612407
-0.079129579954411	0.0821612852527977
-0.132096427120531	0.141266011749399
-0.00255532178118005	0.00154713120270982
-0.0623067668450166	0.0324824018727859
0.127330486580817	0.0892923887227642
0.0971136051670668	0.0481295135154095
-0.668733090389673	1.00646824388032
-0.020676473901366	0.018949786473818
-0.185017685422815	0.133135838914415
-0.316928079082722	0.265323595177656
0.297885377419703	0.146052762385212
-0.161384612987571	0.156413666794036
-0.22742998249498	0.282842362711785
-0.0342621166881699	0.0350952599460645
0.301487763232713	0.298952610939709
-0.988591166293294	1.13461535989619
0.180959272765626	0.199010132913281
-0.320976046231241	0.322775113133306
-0.673657158997853	0.530048494231676
-0.471722639155152	0.564209241623204
0.419136022086437	0.560050024646692
0.10546045298655	0.0602250991501712
0.140868680552913	0.0278641629451894
0.140033787824758	0.0276254653087577
0.985069158120457	0.373103720860385
0.0978014006555723	0.0412389732362938
-0.940611276009382	1.22435157383127
0.772337145600624	1.0776100301575
-0.611660355482998	0.565405398147052
-0.0874292972443242	0.0662425900929336
-0.60323192502466	0.689716563232288
0.650587333507066	0.636572353071594
-0.84522747013151	0.871570897904132
-0.265094412142781	0.201638845730054
-0.713829942620249	0.948934415818507
0.457885609084759	0.681666433212929
-0.208838521763329	0.324865892714659
0.203583706589866	0.312122362010532
0.273037403826575	0.411189251773217
0.00670954709231001	0.008379290616994
0.00676226259582397	0.00794051672868966
0.28484171260168	0.543496835081335
0.0278150871579071	0.0391566056250162
-0.388588687433834	0.828186710426777
-0.279634777418943	0.482145882427174
-0.371730259138745	0.499039576389795
-1.00211858071702	2.31570075976429
-0.0253057156870703	0.028034573961928
0.270568656378804	0.324248421388056
-0.709303268258417	1.17775865255123
0.232044926341794	0.239954182305409
-0.293436756290119	0.191242600694839
-0.623734007863978	0.634373814958586
-0.130472031640778	0.130457451449298
-0.108033479714745	0.123027669019055
-0.22493102814363	0.316653156661128
-0.132353970955934	0.110817079991341
-0.0692251239133284	0.0476997999400848
-1.21643651671031	1.00870189332077
-0.666285453078639	0.337903864670457
0.36553192082242	0.390962470213568
0.334077456570567	0.395598590112932
0.0219994841702734	0.0170536709522636
0.243404433622097	0.148700355201819
0.0989835317846528	0.0541237251141489
-0.234014888252122	0.287104420843845
-0.00411872465684641	0.00456523469236883
0.183811183741872	0.22146378022559
0.689564968378571	0.966472343665898
-0.3019214628771	0.246867261691738
-0.324104981918721	0.414174535940504
0.800280042844636	1.32305837435386
-0.668260309228507	0.570603669986844
-0.297114842340495	0.36002831978415
-0.091603882682716	0.0876477059804756
-0.287851314769378	0.190996859699983
-0.78548531344185	0.278311238230706
-1.09969281440698	0.424133767241548
-0.545055935097484	0.296244682549949
-0.148164605181083	0.0930868971134175
-0.479836357902767	0.493236535913707
0.314245232552438	0.312368766866109
-0.496081285111955	0.541170119968973
0.301706154439034	0.310125486699173
0.10323861157897	0.0903431256925359
0.235963201703904	0.164895270474026
-0.176186933180508	0.127295151620503
-0.395459075861619	0.36563273698494
-0.549026378462932	0.848075883325603
-0.431332093942523	0.586064969826168
-0.00047917487925074	0.000581855099667692
-0.205044441608901	0.306654215439681
0.610913033351179	1.28458487791343
0.18028137213128	0.273152837216739
-0.155237453826785	0.220342687361841
0.724788792331494	1.7630317719486
0.609249706260386	1.50087552502111
-0.436666017249194	0.894646501755191
-0.34994166608749	0.721162875565609
0.0453951364973161	0.0459686723696694
-0.802001928390943	1.61220364773155
0.15343884687382	0.185874254443652
0.234233896041671	0.261571907735699
-0.0842804215774423	0.0804730411181882
-0.630857933276827	0.797825744725369
-0.335245010441226	0.22057080814602
-0.678697729681232	0.621924189114052
-0.173678577342652	0.180753258821606
-0.0371053244230047	0.0400924670921879
-0.2680771322545	0.374236795606384
-0.203121716064273	0.180972877509618
-0.989233555425559	1.60789276801362
-0.138524513462507	0.156485274105581
-0.562793283976947	1.0133800228026
-0.47898034318314	0.561259616819849
-0.156667628725133	0.0653539445676703
0.550743248668699	0.289007200605363
1.03007638760951	0.616617448580773
-0.584307190409506	0.81795618527847
-0.336049548797454	0.377254295622219
-0.0607171875202266	0.0478070799685296
1.17525677491652	0.955490118390886
-0.341269325230426	0.225384136296899
-0.614993739324964	0.847698333465414
-0.225259947149772	0.259444399302775
-0.0718556899956024	0.069091421838734
0.0200392056036343	0.0153202192667767
-0.31338732956509	0.267991783942175
-1.0203275746693	1.95373628587578
-0.151151431493282	0.137940524145833
-0.681411393498319	0.605495822877227
-0.113650885257833	0.0939054684924971
-0.0423025378507478	0.0372099215399439
-0.287118947314512	0.303344478625702
0.118928781503873	0.0296345362274095
0.344889722284233	0.280077526074366
-0.143406580558179	0.0883373951588
0.416858438217072	0.38655906770773
0.580653648777576	0.693618581832819
-0.312704401924916	0.255023949367043
-0.452168620814948	0.43861187574125
-0.249743701297021	0.176129392129218
0.445689361448178	0.384054619485694
-0.361265389752485	0.394285421182502
-0.0117374878062139	0.00964355069291335
0.421507293790834	0.852881370316287
-0.163521104797894	0.245228520852396
0.21734742675514	0.296537212156045
-0.131462848849486	0.193168935518064
-0.379639733950838	0.789788879718001
0.0832846691642192	0.106114676672248
0.467585054812238	1.14650548952163
-0.185086512103444	0.264834909055616
-0.285316445841126	0.523570620615361
-0.173960654167103	0.250589412854591
-0.25778893264224	0.474409640920138
0.0362489800767152	0.0385379729471789
-0.559394296314303	0.996086549989336
0.170545800012124	0.226606898206695
-0.247130594776862	0.269423591372899
-0.210666464052171	0.19597346347532
-0.707525000824215	0.812144413178716
-1.32193800429468	1.24305120202196
-0.287793483109286	0.313086378869881
-0.271186246814859	0.373183526055349
-0.89868957963945	1.56078506020177
-0.46792881664252	0.50779830218578
-0.17884553840985	0.185524935324929
-0.279171948076607	0.358590579952315
-0.191901342620274	0.255825065774807
-0.251242000289388	0.374570152293392
-0.144666298719175	0.190478847186984
-0.281210110623394	0.425526573102251
-0.304421155650262	0.517779062122193
-0.0656538734068517	0.0773692116885905
-0.165027489980545	0.218766742716377
-0.373964346130495	0.437016823712941
-0.194317410119859	0.227248144404602
-0.0496610028349396	0.0459714152396486
-0.0954820810376318	0.0634369517560911
-1.22252070636246	0.700404802184977
-0.526525002935457	0.458551679976493
0.0833922829077264	0.0280709198435921
-0.454651816882088	0.200627796102784
-0.953677977630998	0.888895665340299
-0.443881583310719	0.508760856337729
-0.134340634377246	0.135141660076046
-0.693722720435645	0.715806194669283
0.244569784070424	0.149433895594921
0.966987126298366	0.869467826666238
-0.449041507896174	0.5401277532095
-0.205526503332295	0.257596665978599
0.160408406272617	0.19300480796426
-0.326023439753819	0.326638810470219
-0.290932544831456	0.291850993534048
-0.204796377808486	0.256240090448071
-0.734341281926972	1.15780785687491
-0.398860703300346	0.243744513584232
-0.0699017057880727	0.0635744983216527
-0.00654348718370785	0.00603979060897686
-0.154115120129299	0.15560362388367
-0.42227979274436	0.574990739255713
-0.274271732773189	0.407155197181294
-0.662273052862963	0.165718547912917
-0.393584814623737	0.114595669935955
-0.390353737219476	0.113266906683294
-0.178712262210085	0.127882494969708
0.154603677988027	0.123751988109242
-0.0165928379667344	0.0132810523047465
0.0695821795600843	0.053340693331458
0.715630059064509	0.921453093916298
-0.0292527827750969	0.020811919541958
0.370111885026247	0.267354674641177
-0.478290112084244	0.432694478907719
-0.529015353290939	0.806823146075595
0.225196340416801	0.319626619499264
0.28246635449613	0.396912866005449
0.0698181299870529	0.0774463976168036
0.270411925827051	0.416770310556376
0.511408514880293	1.0590525466807
0.0245342453794294	0.0275169263433296
0.456338167902815	0.791105668169984
-0.109305983551049	0.150183368597699
-0.453937540482303	0.835225995957807
-0.47625152147436	0.732455757602888
-0.0920246559259892	0.0932318466803625
-1.08101626187422	1.43695977585856
-0.47968107792312	0.904088668263103
-0.904814203365362	2.03473390577256
0.397527564465483	0.539111544178595
-0.294754855397137	0.4131013000523
-0.386973954624114	0.552287747255118
-0.664733288205781	1.07688909170122
-0.067929022866886	0.05082154111732
-0.182525683722446	0.133375761013734
-0.391171953083659	0.239854091947532
-0.806294701110764	1.31613464951537
-0.437369007533134	0.620011026075953
-0.26883767715334	0.344517468240789
-0.0916627887160487	0.0767108773137424
-0.503007549117593	0.70693084239429
-0.35983496495577	0.463046638690007
-0.18401838132931	0.198456076665035
-0.37399571829117	0.527009280878361
-0.257657546451165	0.338450749538576
0.0358261184109287	0.0397539854074539
-0.279968312664059	0.393222407402395
0.355348804345379	0.573255095748532
-0.0893294232573008	0.111539792325484
-0.237653801836464	0.265227910974745
-0.145556056484197	0.196556636526257
-0.220180124184417	0.301191196408389
-0.320588226788344	0.424126184550861
-0.317112309336591	0.407866782786615
0.0579029363553514	0.0485851308043864
-0.163220893326528	0.191191459193983
-0.0851226554652988	0.057492215021018
-0.3134282608769	0.239136206611089
-0.690863115046335	0.730688004874689
-0.63810786884563	0.465940571756131
-1.22269688856848	0.695551480109356
0.726060407032344	0.415999305365437
0.549982005584459	0.285679589370213
-0.449661318783493	0.469289030057251
0.111942581041305	0.105270453813998
-0.120788372698558	0.087025631718141
0.364355825199657	0.263319868195458
0.618234480257467	0.699416045355345
-0.133954997639455	0.135220655878999
-0.562601479939738	0.930093907732743
-0.0969269450519641	0.0905660548936474
-0.404470600998649	0.443093600063452
0.235228609261826	0.193739446249928
0.129942758749596	0.130379473823676
-0.616631727811711	0.728626425977741
-0.43239688749387	0.37345699190472
-0.37852833102404	0.46353943215189
0.181306517645513	0.199916317335268
-0.372812385739846	0.47006283766009
-0.334952669053729	0.417598464816995
-0.316190482891162	0.330974511102518
-0.196889974757961	0.190763537385155
-0.781420601346175	0.27002960392147
0.138719287628381	0.0278738142929699
-0.688787870976591	0.612839227234077
1.25738971074023	1.75998586069796
-0.315825809504904	0.259732021316501
1.38733627291539	2.12824186445897
0.132636308584515	0.0908868854410837
0.338257727909064	0.27493824356683
0.146420480155109	0.108826115849338
0.482415852880563	0.392835185204243
-0.224966119317812	0.216307169244636
-0.254737529169556	0.375066256828107
-0.271719941474092	0.466092004351297
-0.209992991973643	0.293557492754825
0.0131216391314452	0.0134037931149127
0.0918446217785566	0.125248918663874
-0.385680149474654	0.646395946342116
0.193611928494874	0.272260044134564
0.137792177776716	0.205065818347144
0.0258070260452216	0.0315457452180891
-0.177468995069696	0.256591964769093
0.0538589046901282	0.0628014054972794
-0.274356479203201	0.387187079621476
-0.112038619904394	0.104192915042326
-0.0712694490597446	0.078215923563674
-0.397177925895555	0.729746527626884
-0.419081841101683	0.767494462883341
-0.34169185614933	0.578359439458136
-0.22932627447233	0.31697804335003
0.388819270309323	0.640342536331917
-0.307544053239815	0.45107336182383
-0.345414239374493	0.483737214876999
-0.126260508354692	0.133957506707808
-0.691487502736259	0.807535013791322
-0.00852513579943056	0.00481679913569692
-0.257967377389769	0.341457438161811
0.0456222467070012	0.0448800390197709
0.0818775830189026	0.0942154070980994
-0.642648113021421	0.918107454442509
-0.0672264905320083	0.0711363379159651
-0.0894205325731002	0.096648754761416
-0.418014931634227	0.751060992913518
0.600076887339791	1.08820258387201
0.103087140222521	0.141715216363392
0.12777574685049	0.14968020832056
-0.237803476684982	0.334534483718878
0.160195138631525	0.22370701459893
-0.178412953045717	0.258650921845958
-0.22822794529493	0.318596471800618
-0.168880975314448	0.216742541518278
-0.441203242807951	0.585706632390205
-0.0454133181599577	0.0311400931053396
-0.508281462093171	0.476931600638879
-0.874697876563315	1.12757032498313
-0.38698164719016	0.234438194743104
-0.789673597722361	1.34338067482464
0.133277188291099	0.139264454775922
-0.647791607505993	1.03750710648157
-0.69668520045418	0.820494084070189
-1.35406237021673	2.42481898511489
0.134564710547482	0.134122610919148
-0.418785572153936	0.673681616774165
0.0172079248266181	0.0157701239297328
0.277298313317826	0.310658179878375
-1.57913375931028	2.69222358380731
-0.0923668812930161	0.102389875835925
-0.000747524829978649	0.000606742774283336
-0.376409542405328	0.411945671101277
-0.271608782279653	0.275834182840192
-0.240045803079656	0.273932914156333
-0.0236432492835662	0.0163689320156752
-0.137321115069196	0.133779108134549
-0.382110140708244	0.582877682450764
-0.224103737194703	0.25437978935003
-0.128419659368947	0.135802455028574
-0.333253524710392	0.381596756303752
-0.67295238352212	1.05902269773201
-0.286613681746273	0.332013120250116
-0.023365865106702	0.0205462512981477
-0.260473541109763	0.302803928026773
-0.281819825832439	0.0964528527221734
-0.347367980000268	0.292405523298883
0.0324681400211329	0.0210036268221469
-0.728284923129927	1.04820462142706
0.523559245396819	0.492395225406735
0.0874630740397309	0.0692933624419098
-0.308755692332168	0.242062746800483
-0.0598578093090548	0.0398041819078122
-1.55061651743006	1.98728873992894
-0.431807369874808	0.474622600643935
-1.2796617629031	0.914239255819875
-0.365130628109664	0.506796522302935
-0.279295653866195	0.462035631426005
-0.107752003622338	0.140765243183682
0.00800740997782028	0.010050310938098
-0.133829506541934	0.179345600633031
0.0506361290509405	0.0646510678462127
0.0998382303192289	0.116333225745676
-0.360004765781874	0.633206038525716
0.182419810979763	0.256038769998012
-0.410097377500756	0.600448010416812
0.546440521653818	0.741150535025032
-0.118633340492213	0.0777419916541444
-0.150204098046246	0.112073642367193
-0.739597655870461	1.31580263181677
-0.422239406363199	0.783595575377643
-0.343742256687171	0.53544217163521
-0.101138233919687	0.125329783391785
-0.398287480101156	0.571127482138847
-0.251412812733196	0.212537747971184
-0.333577280541802	0.342025954486029
-1.00210288088404	0.628050453343245
-0.827147233261854	0.368271731948644
-0.570092592992441	0.87244516436664
0.599395892503627	0.940565835988165
-0.00999398458069532	0.00919380290095097
0.501239276583206	0.595421682402351
0.284564112777002	0.325634255994787
-0.773945036641839	1.29668758929931
0.299459111961425	0.422118294136928
-0.0749412565183687	0.0871934693311826
-0.271841931362268	0.354317343461625
0.218541924972759	0.269365700597571
0.617783490973815	1.11878028965358
0.216487823052347	0.269245074166096
-0.127727953054287	0.153261641031916
-0.529260236523113	0.817856248686046
-0.430785871569465	0.668799196957249
-0.434148588880297	0.697125232409432
-0.508498801936003	0.659369307174293
0.107682295059709	0.0646862873020198
-0.129001481934895	0.0978789313070101
0.0971385808112889	0.0460529395089684
1.41056098724303	1.35132592351517
-0.523913234702311	0.600213721273971
-0.191381594541375	0.209486404583795
0.375155163088929	0.395937856114515
-0.253940748527487	0.139401601234667
0.105421332656764	0.0636278820416111
-1.0661521503894	2.09061974910452
-0.00538903850940563	0.00494265360371437
-0.0419864553336647	0.0375367927940709
0.495928384939419	0.580544708100166
-0.274962084415371	0.210389468632804
-0.229531288185601	0.235987299201878
0.346985987981751	0.394781208846668
-0.211892004466153	0.124160090635142
0.140104229889003	0.152394321504159
-0.379502746745291	0.426192013730062
0.836670589510524	0.826671307380715
0.131276868989644	0.0907830351682322
-0.0470180645508433	0.0462043094092432
-0.121133698395329	0.122928384341488
-0.283759333356561	0.271731925143665
1.03937979948538	1.53045654584964
-0.0372981353373751	0.0328534027136085
-0.470417902694708	0.645697931795509
-0.277301965028859	0.330175647782579
-0.37609292921778	0.531836233264365
0.123976331196576	0.0321704885802751
-2.58558390776956	0.743326333733362
-1.89468787490345	1.25614826031166
-0.853628523836172	0.741903762789475
-0.544988171477587	0.501085069090708
-0.147551811734097	0.105732523632996
-0.07903606785332	0.0610183338189975
0.0531353162460211	0.035931731491899
-0.749164829107446	0.576323328482155
0.100943964530664	0.0519227076613554
-1.06795249513889	0.970448783755189
-0.0636553517928132	0.0614221394939136
-0.436249502982331	0.569820924931324
0.173892824490497	0.16021150776917
-0.303277537006778	0.254020159209354
-0.21158897195855	0.125005726989596
-0.519736127755318	0.600280854354551
-0.948023721191858	1.63320246636916
-0.204130080262762	0.310105552181641
0.140221822721626	0.186703486504387
-0.50260996366897	1.03593356494204
-0.0491152191252425	0.0591636978757428
0.0927142362789671	0.123697536477549
-0.327938220921307	0.507923657980583
0.0466050837144871	0.0522621811293721
0.357734440602653	0.467117395650585
-0.302924489358017	0.405821484959129
-1.3030975247013	1.05008520889549
-0.205094844970426	0.243989999740055
-0.617201218875083	0.951129653301817
-0.347639384272926	0.382749173515627
-0.272113693029328	0.277455307087061
-0.526281719070095	0.606992813153297
-0.0203776235568366	0.0119044330406691
-0.302226937003825	0.153485140359684
-0.45577050452413	0.259556921512599
-2.03208356266789	2.63669739619403
-0.180787838093665	0.189209344418364
-0.435463839239358	0.609064921706438
-0.393310663219128	0.554673306850267
-0.0324322393179579	0.0260674696506127
0.564798257277354	0.801504290223937
0.333474121161828	0.482762485606935
0.18232668957628	0.222790337563857
0.616720483534297	1.18851168520107
-0.0583849652380239	0.070992664845786
0.219618891794178	0.299554002908662
-0.43694858951708	0.713703607096765
0.191900104515441	0.256021386909999
-0.51537742832518	0.899676707814624
-1.21680076944595	1.51400997024169
-0.185476957041672	0.24022042738868
-0.353246676713927	0.507058356515204
-0.700442349051969	0.410199590233381
-1.16192319786723	1.12650100365579
-1.08666926068694	0.451957124311983
-0.12194963528687	0.0550849319445467
-0.545854970121937	0.294394919858091
-0.181959831978449	0.17769666874118
-0.426717166465451	0.57035304451437
-0.215366847047487	0.206054222950026
-0.462264731176524	0.331143730263905
-0.125976831209461	0.0955970132646906
-0.860769169585645	1.70538895075682
-0.0587073394602468	0.0636187171167399
-1.01889439794431	2.01217758459223
-0.859260209371855	1.32744233618805
-0.18010424402497	0.132487941271122
0.220074063754186	0.260021939988457
0.681994883362999	1.01644017668556
0.23860947002198	0.167426325490691
0.2839582343221	0.30674862212233
-0.724382640377422	1.01201604602428
-0.169777451745802	0.103757040663069
-0.132717749620234	0.109989050512809
0.438144815977409	0.532197312324914
-0.0841648381731418	0.0855291733257799
-0.553380376580952	0.798717271860322
-0.474522478828327	0.679887424001859
-0.107217941320302	0.106679505541894
0.0600215077202045	0.0538796885169939
0.0285970240195622	0.0247468174075422
-0.201905327458973	0.197758776359416
0.0194734718920524	0.0171582913466788
-0.0689226873802361	0.0693979869745529
-0.877252060313081	1.51810243901656
0.309434652507746	0.375669161569669
-0.27759573936595	0.0948442160696842
0.0892583607227756	0.0337235220824816
-0.398809556423235	0.120190602946701
0.383012509852482	0.151775234168517
-0.846847954576545	0.547426622912467
1.03534898742128	1.24475410725015
-0.321542476054475	0.266628852073334
-0.19887471705897	0.178165944767526
-0.901442758608932	1.04037921155324
-0.411309966509201	0.433421149954512
-0.295606335725584	0.153626721536809
-1.02957245545891	1.04003691292216
-0.146267191969409	0.163892996884255
-0.0875317073609725	0.0826559148333019
-0.098533929345934	0.107548928920598
0.827492737224874	1.36150611401396
-0.220376325592007	0.245036573959775
-0.215076768349587	0.319503973985273
-0.0927124981869024	0.137684435913857
-0.163229037024158	0.23511168935365
-0.260710885474785	0.450667206102989
-0.192948148266164	0.215125303082161
0.198988313297102	0.242099610178722
-0.590901613806623	0.935687674357411
-0.342398622196234	0.557405806789082
0.0018330569347813	0.0017201480516102
-0.0960755726764845	0.103747112630118
-0.0425181398124903	0.0457540746491111
-0.20392252196588	0.304568534221563
-0.393017332489939	0.687074296179696
-0.620860686825976	1.0488100240537
-0.168977820321544	0.234674661721193
0.0627170492645834	0.0649548306986823
-0.385976452122281	0.523577673948652
0.347106900309031	0.482046766741169
0.55812232490488	0.985291189155498
-0.619701719836159	1.03667050484919
-0.299350012638348	0.398711147468185
-0.331382614060073	0.432629471492926
-0.777308064245179	1.88363538019178
-0.193836325308509	0.250895382202408
-0.341775687524747	0.429681279368577
0.186264523963197	0.208807349973148
0.410055068736256	0.63787500159583
-0.384533465447592	0.50825661545969
0.440526040067501	0.635378143751474
0.176341507867544	0.200583786226829
0.15475371246722	0.171063971206364
-0.196688378398737	0.260268978466446
-0.226608782996985	0.348827213119999
-0.331224167676502	0.518189186293615
-0.116801714548197	0.143210566576402
-0.384190792023576	0.522756624927668
-0.0734642424908313	0.0701868520059664
0.29877040889864	0.324170341606575
-0.290920006274268	0.200934503047319
-0.612285142450429	0.814242030383831
0.229418036259246	0.262958509650703
0.666326013479941	1.09692850204336
-0.804034036285295	1.62792080118753
-0.507852325514355	0.623375043087171
-0.0985769031178887	0.0996446231688564
-0.431597404363106	0.651103017636848
-0.560515649346913	0.800352051413375
0.177133352006846	0.208080637581078
-0.529203093135014	0.993290488660897
0.137613869561595	0.151351051463352
-0.26567345435355	0.289355279330775
-0.56221817306171	1.05141522395161
-0.175694391050705	0.193601492912617
-0.475579049461753	0.679315789353273
-0.407770364851006	0.694421939702609
-0.0922509734791205	0.102106645550563
-0.414738845716341	0.559604321349516
-0.176060116207755	0.207451700809844
0.106424748783147	0.0926881677105398
-0.19189634874436	0.184257330368772
-0.214186810770412	0.154920439565029
-0.634947287241334	0.847535851041478
-0.477574444099451	0.563174102595451
0.320313308372254	0.376745557662795
0.388984952986192	0.372726275364723
0.398222788882893	0.478663836678021
-1.0732381639361	0.970961979141584
0.343259015619576	0.27579143398635
0.112358143843885	0.0683835854883152
0.174415597125749	0.144474116107987
0.555473463964498	0.688645482617331
0.128445434446318	0.13054137795715
0.732482951824883	0.720784961372978
0.474216935931308	0.582447681595343
0.311643352699158	0.291326379488778
0.454193975917254	0.461937461597635
-0.295114498665884	0.289032432734511
-0.495392702268505	0.646977674331138
-0.429260470426987	0.52721661142198
-0.157419653409859	0.15506557432948
0.0137920892770658	0.0129064891091738
0.479035111449246	0.671376328550451
0.478746572144503	0.669739263855324
-0.0443322603321949	0.0435577221185213
-0.0265086580518396	0.0283771119825562
0.15596307231198	0.202836567219293
0.108357798353802	0.124959272576016
-0.0999620328156395	0.138508129112358
-0.245497459584775	0.344592789042141
-0.194407718279133	0.271287056048341
-0.209229647368857	0.263227934331168
-0.101268643865315	0.104047273611032
-0.0898909656140303	0.111212971781412
-0.262943601691311	0.379991171292764
-0.326565531006522	0.555253773075858
-0.474549780281616	0.648065534518068
-0.0910827275657735	0.0700172876718218
1.48910993260251	2.08454662100148
-0.72040213068629	1.1946722775824
-0.158058459814468	0.18516462715744
-0.42167045239735	0.626519921649511
-0.333003420122721	0.459372692263529
0.0637969758140035	0.0675651635190894
-0.502484883412883	0.826675972520009
-0.809947922141962	1.31315760528895
-0.307061578085723	0.40419171149431
0.375576806572706	0.633345761776737
-0.136641574569619	0.154891635953538
-0.161971133463792	0.206129383700415
0.237992667512482	0.328066087776485
0.0218865221396399	0.0218389802083905
0.0177054826521936	0.0174691508331161
-0.151428820089914	0.160898079951453
-0.364608126216467	0.536522349484452
0.0507596694276053	0.058834433947857
0.35309170462157	0.499202675698372
-0.460209209238293	0.681397996970542
-0.115060401246165	0.116809750550734
-0.129700881816239	0.11506346320978
-0.326439196836221	0.346802636240183
-0.378448696596525	0.360193265969575
-0.463318281002529	0.507896811581803
-0.28545866422884	0.262396905632487
-1.6541438119346	3.7154621068492
-0.587931805666286	0.831882833975358
-0.389426514192468	0.533646587788557
-0.897335043501909	1.5230027194086
-0.917836145032029	1.65542168786545
0.0700876504782721	0.0655729135701288
-0.742607205485334	1.37401056038707
-0.428927654155486	0.612430218001148
-0.247231856013667	0.30744886935047
0.0782845987554076	0.0704334690178386
0.234795809714919	0.228750391127314
-0.10524120589412	0.0965895893978521
-0.226616147393536	0.284795834205696
-0.374047115895717	0.489222936117507
0.0580073425723302	0.0566533305214395
0.0719578508332965	0.0753763932354263
-0.233863712445186	0.238032320721822
-0.498267685318907	0.696567788098095
-0.243751284279384	0.248597330498541
0.0110143877852091	0.00963941627000245
-0.371687681856363	0.440756755580944
-0.276482079414513	0.250973829790213
-0.171556293319154	0.15315479954086
0.108659896074812	0.0960971701546473
0.053967013504186	0.0448547203377021
0.496460627384369	0.673745552966452
0.300970860432221	0.303479301328394
0.0908065074979555	0.0889819139366744
-0.065040635997593	0.0345953621142895
0.26116864748426	0.155847138969879
1.84793996806464	1.54352984646101
0.0975286517485675	0.0460314159855768
-0.0645608427689174	0.0476683597124088
-0.30911987555971	0.330283775004625
0.166694803442332	0.141837195709705
0.407958094030677	0.384319576225674
-0.532194037909123	0.474432355115889
-0.0872586047394731	0.0590713584697324
0.0121332240607545	0.00764445764963369
-0.623272992030273	0.788745362217874
0.39571553016434	0.400578425015978
-0.276893282579137	0.372623041105116
-0.131969923222245	0.131385475258555
0.0257836123785467	0.0236180240414361
0.0343673835671258	0.027460007168744
0.666208551089728	0.789558822280262
0.116052668777638	0.0740608721875511
-0.186774492178796	0.177680437915554
-0.173977017002222	0.193984305300903
-0.315856556477309	0.550972559606948
-0.548420648755227	1.18086578551834
-0.136859794672023	0.199083089833349
-0.237824927747625	0.37409555797659
0.00838919774303662	0.0100916219637773
-0.304007844273122	0.451792430825829
-0.211139305445397	0.247097400191059
-0.357745919210362	0.402683438730944
-0.281765732179288	0.0974136923132923
-0.0606783038752568	0.0317052715658619
0.935895799352437	0.726049568421164
-0.634733425381873	0.682556163943206
-0.498242759239922	0.76318424223617
-0.0867134021215003	0.107231359033347
-0.622178928393169	1.01441580112325
0.10510521293179	0.0872964598975718
-0.573088516353366	0.786590005028443
0.0271683444537146	0.0285175253437346
-0.304487840541315	0.455393797471006
-0.180023333080839	0.226533556406631
0.215052891008053	0.301740189406305
-0.304234481901563	0.442462477971181
0.628086009327616	1.18728697137352
-0.222905227223551	0.321518918980984
-0.166736644756325	0.247812883624991
-0.477013849615809	0.890508932252578
-0.102550415699229	0.135234048572372
-0.551935159049574	0.521439120436106
-0.00437325307190035	0.00404239303356276
-0.347619496367386	0.503393587129972
-0.958625219832642	0.796953089485055
-0.240554263908823	0.193088254822766
0.0909075145611751	0.030341505804848
-0.203709238613791	0.11654655058076
-0.394954795802486	0.520510880381986
-0.187828125092843	0.180177846844662
0.245649876917379	0.146486492707032
-0.560641449206949	0.521024597239559
0.257968892074964	0.301959668162203
-0.536690848857936	0.844268385459496
-0.12957492159414	0.138020847092159
0.0668893599419934	0.0614988204588985
0.0563242113438363	0.0468810925909771
-0.242760107343652	0.278885368328198
0.232302933977331	0.241359943023568
-0.120445976193977	0.0903524766397617
-0.696967937715466	1.07153216295425
-0.849203014885684	1.26965682013896
0.132489915223913	0.0921975161752924
0.0144261694778966	0.0100125677783192
-0.110152645799419	0.112044216840259
-0.323789548357612	0.415218584843616
-0.51686404579268	0.836208746936083
-0.0537528838076625	0.0597854351310406
-0.0704479979294331	0.0728951183050192
-0.0463906481954204	0.0444522002149675
0.218977258628677	0.281876828303626
-0.148005430433385	0.169152963992188
-0.161692107081486	0.172782062684526
0.231888578994691	0.259781247901046
0.0914274134051659	0.0345769939164211
-0.281765732179288	0.0974136923132923
-0.662929472801613	0.332761263313112
0.61962621063934	0.201522244647387
-0.393658686964282	0.116150392877874
-0.654182600115942	0.161467673167478
-0.204592209189106	0.0778365810720541
-0.824517548031314	0.970351699527689
-0.065415070727549	0.0487716216759881
-0.688560732062244	0.740247768137534
0.101327948602884	0.0875546194970795
-0.126749325957427	0.0948625804456936
-0.177390387026288	0.126776549742324
-0.0345484004626561	0.0184545315465394
1.80321353419253	2.26603705068356
-0.359534205257742	0.476190852108094
0.122931321151563	0.118280729516632
-0.0100244952530855	0.00815467218609185
0.727001230473074	0.852995759251771
0.596930169839086	0.391008704259442
0.058994574121702	0.043280338095078
0.234182037685147	0.228254087766628
-0.253671289583165	0.408762249767888
-0.419215202920945	0.849785013787033
-0.234060402915904	0.366180923101316
0.00381649340575181	0.00439267461858166
-0.838551645402843	1.29170206219191
-0.438697063754702	0.439974378006365
-1.15966131283675	0.79783451426435
-0.362013887806918	0.169973375219392
-0.166117920090965	0.0628295783651958
-0.846535930718621	0.477970833290995
-0.833719906584425	0.37502683911259
0.24829650112119	0.165577820550609
-0.968106332461912	1.70094064123389
-0.532307482448396	0.814922859996017
0.206717359219569	0.278091277212205
-0.550754410973106	0.627147811851202
0.0586672245145188	0.0489736541782041
-0.49018874758547	0.751570799159797
0.261698306116711	0.302648242471831
-0.166662020975195	0.211171174025525
-0.0465757580899407	0.0522139829384971
-0.193387228610191	0.272164973345465
-0.274374060016073	0.399524208558656
-0.130304302754679	0.154622177586982
0.205620652204525	0.330080089776181
-0.266574051311225	0.394866432787842
0.357147638422492	0.577803847939791
-0.828471043920404	0.917976891367953
0.129232492715772	0.126713701962486
-0.0982027493105338	0.116369923500661
-0.394728079716798	0.433833169371518
0.131616148931462	0.0901981442410128
-0.360052634796111	0.428032778130189
0.0880365074840901	0.0905801226368029
-0.880443477698081	1.08061644463549
0.240069343150132	0.157835377434996
-0.116900214542786	0.077672110570852
0.0281755812665668	0.0263103105747542
-0.532762361606341	0.799931182641631
-0.372862499296066	0.478299191235697
-0.579861858209045	0.609003551288291
0.0143003408439117	0.00878211119891931
-0.292453072111672	0.442189025852023
0.570940396524388	0.784922766728858
0.24972150185129	0.158957629344486
-0.577126812092451	0.744845750891666
-0.892480224360815	1.31382528039365
1.07581031674554	1.01910510951
-0.184530825111041	0.134190434489425
-0.399220264121091	0.491600667684689
-0.120393442243548	0.121029724121462
-0.809068533262681	1.25877311158327
0.174480418678466	0.191209180318361
0.170967420781909	0.191202478343396
-0.180718741018116	0.213360014382935
-0.452567978515538	0.531764841673111
0.139487541351031	0.157520897566685
0.374492757304942	0.536308065700422
0.918275442591791	0.247308948421495
-1.5676768487881	0.577081584384922
-1.38887105499094	0.882466267520618
-0.259768455100584	0.124221573720875
-0.281059761961824	0.0969057351345701
-1.18092506917026	0.368773047437297
-0.828369179879066	0.370656818964356
-0.394417307430775	0.250120119511599
-0.695210227854392	0.742955607308585
-0.415338737471206	0.430552920493909
-0.0993561634510885	0.0637079171324778
-1.40750945565543	1.44592360246274
-0.208245444241364	0.11907864840665
0.65417231603314	0.640609577444206
-0.213500887083079	0.249994428631815
-0.844855511209735	0.788848784019836
-0.305957227588838	0.233970086765211
0.504138577613648	0.496760543793343
-0.729866585917109	1.11899780522804
-0.376091354105859	0.609921095081391
-0.186637077176362	0.283293440529205
-0.0427405202000433	0.0523295926209615
-0.35396930655003	0.470546423068689
-2.04572780227026	1.39852455352722
0.635940108663183	0.295353504482584
0.983618255586994	0.382651425999275
0.105732352670642	0.0580075721700275
-1.58604590627662	1.69824982877282
-0.169863616978406	0.192511783039718
-0.387448414437811	0.577738425588091
-0.576240139521722	0.976977683328821
-0.0204732788463948	0.0165017853475695
0.683826310715233	0.959835233992424
-0.543136607323517	0.847735692841319
0.15810570944835	0.178338477832775
-0.0595417902307722	0.0681449209556033
-0.482505003738084	0.762007430603726
0.175815484542641	0.215929368476869
-0.751808178925225	1.47547236808188
-0.15482687983493	0.192798979904953
0.076294690946067	0.0947046956131472
0.49139913360113	0.934257781396397
-0.852869135744505	1.87544831610368
1.16882745515556	1.11312898370901
0.0423218679906933	0.0345181959847988
-0.57036347565474	1.14098702647669
-0.541362268592977	0.59331334848781
-0.222610324003232	0.228731674541805
-0.0882358921117759	0.0725398983082569
-0.397203987392858	0.28419916937076
-0.39227949073952	0.457843563677918
-0.17647188131987	0.140846787094562
-0.463099791443488	0.325226093211028
0.446499172187887	0.496571394417871
-0.0576520416718126	0.060490004682713
-0.151348725887463	0.157534621096977
-1.1224097696268	2.6379629376652
-0.534347042082247	0.655225495366855
1.17865103761435	1.3492719427416
-0.566899722461448	0.855675331336158
0.155443515424537	0.151558668252162
0.676225536201256	0.535010567672136
-0.170063326918612	0.152430014703124
-0.680303285165583	1.05712372795318
0.146587999525908	0.110325909487942
-1.19135859841968	1.35724199136306
-0.288671310792992	0.372468363137897
-0.00920824173604782	0.00917293741120036
-0.416583803675943	0.569842935471759
-0.577818799423934	0.732750573565184
0.986425104645827	1.70290566080408
0.0508891927483867	0.0480558457924803
-0.0506156266256692	0.0489132127058016
0.467344030118362	0.625023088056908
0.0716107512002833	0.0672010663681787
0.084628886438557	0.0979613434266033
0.135641719674123	0.139771294171915
0.513965044953428	0.761969515710462
0.393347883763556	0.151433223447889
0.136920705038257	0.0276544244584546
0.0764761818975522	0.0271301868168257
-1.03800965128196	0.511803851299008
-0.140111519677156	0.104901967054504
-0.350853414367029	0.270085935910926
-0.0468344549444353	0.0373452290845038
-0.186151069494166	0.148549179618011
-0.171073927938759	0.120707939341985
0.796348489646403	0.553548451674688
-0.485217772262832	0.492028708477803
-0.326843085061999	0.32211685911556
-0.265443196769837	0.314310291031906
-0.379472140808078	0.721141246424317
-0.292716917072508	0.488222417799504
-0.343575838309298	0.627420484211933
-0.39503523698607	0.245668372941369
-0.0918666855304056	0.0447690865210648
-0.543905518915747	0.287449829807422
0.107277023818586	0.0466179213638564
-0.165023770064692	0.100834310728321
-0.291727004933384	0.199518610691388
-0.520090754088693	0.671950384027178
-0.0274083270037907	0.0298272653713558
-0.368898846232118	0.616604080527995
-0.615965458670379	0.75755095584055
-0.423980593668218	0.583479154889756
-0.472285639603793	0.74537041615497
-0.133330613759202	0.15303112684148
0.175975222525029	0.238210929018819
0.49472148619257	0.85277319293281
0.182639869590686	0.257051461305376
-0.142226353974142	0.193888706997808
0.0101708147906878	0.0104994919299784
0.238618837892403	0.394527951275727
-0.452590595614839	0.791193734921204
-0.168497569636191	0.255852188731977
-0.820657261359026	0.968348169047415
-0.273817713404748	0.332316010315583
-0.0471654457990103	0.043654449832074
0.331119454386521	0.40297648508067
-0.211616259914415	0.21849326684011
-0.4890450885817	0.375787378202152
-0.208430842338308	0.175414314764058
-0.952845921808512	0.878697749907221
0.0751103133682802	0.0567880753801846
-0.785562730354612	0.284898206481168
-0.714671875469403	0.415941082741319
-1.10792719817939	1.60654680217707
-0.617479996442898	0.613093379071493
-0.313806578369332	0.270568238310961
-0.148780837259048	0.180191907111041
-0.0303927584757543	0.0340981459883174
-0.0822756274320685	0.0927703457893331
-0.217587497160941	0.209844742173294
0.305872432413206	0.274882537865977
-0.379789196528642	0.617621729445001
0.0702267999845206	0.0630326755497836
-1.28891040209784	0.984060887841028
-0.322863906396885	0.340719102527739
-0.732515248306411	1.18279468758563
0.232840018222375	0.166575489344458
-0.760835918360357	0.818489011583822
-0.219923572458741	0.252044362820206
-0.127282074158241	0.154143284660689
0.0550810512113337	0.0554076056188291
-0.0112459018537155	0.010322439825984
-0.345939511832551	0.422189000039651
0.561650752530555	0.698719468088059
0.279280793326684	0.385309911281782
0.14673441638848	0.16956626995542
0.275226872226909	0.43676633166008
0.279033147568492	0.386804760499613
-0.195690027284195	0.240792849465739
0.485704530121847	0.7721825694018
0.64164078975748	1.04576100509864
-0.0183591252103617	0.0127885120134331
0.461471226091374	0.167402222187446
-0.779582344087862	0.276846471601307
-0.156710029381652	0.141184397587073
0.228230499396151	0.192886893739728
0.0920756878484635	0.0758937000081239
0.245057854157533	0.235221039621476
0.236777524009232	0.173985259389845
-0.184547639513581	0.255118537463983
-0.43185164436245	0.965322694711369
-0.308080923215507	0.502796800371371
-0.499674206609428	0.544750819259059
0.446193237783795	0.474018196827199
-0.31047764204929	0.27648179484444
-0.590646293522689	0.937026179317865
-0.108278636014056	0.123861402599575
0.378596723419652	0.550125947822578
-0.772908534187948	1.52112594424574
-0.104171297407481	0.142480528800668
-0.687104107469116	1.46476157584517
0.552787714449839	0.730362814341944
0.378523809818406	0.638294479519325
-0.227440027874881	0.308070211088463
-0.222362624299851	0.289128317683114
-0.495229772938751	0.811491708611356
0.321202961513794	0.422951988912051
0.172112787979106	0.193753180978361
-0.00122955020317193	0.00126685098596083
0.408748097922996	0.577337922429766
-0.509608568802233	0.904995810480606
-0.0989284722746488	0.125198442703846
0.159049071594866	0.213675353207446
-0.107700732332399	0.134362203522242
-0.0928019897929116	0.100290744365757
0.16509389451385	0.204659326114146
0.43907649307386	0.736936915254668
0.579461050347532	0.865133473045256
0.176551380884603	0.170411214541693
0.102169501376916	0.102810474899206
-0.185412153380053	0.19092088937055
-0.345997755441782	0.287117836087612
-0.410246907274629	0.557927523517125
-0.243359479478118	0.298165296995541
-0.00436537584076366	0.00400028096145633
-0.275075266565026	0.312671144975782
-0.268168778891452	0.307827615471009
-0.729757832064612	1.02910329336573
-0.223021816231895	0.300674728190711
-0.0286197796167299	0.0280514836819256
-0.282546782763532	0.334839160724318
0.0716701151577506	0.0755497225105527
0.223024599296354	0.238190895388609
-0.411601863990025	0.584208524057177
0.18086073907354	0.203244629381454
-0.112936402102	0.127251764497104
0.165798697140771	0.151703930093652
-0.0114021811259173	0.0104635713909449
-0.0422391109192384	0.0378419933238359
0.0153199670651535	0.0134882817109893
0.441210135722403	0.4944586180766
0.298916736334774	0.298493625733326
0.166719604717415	0.164711233427161
0.122562078394124	0.111329061238082
-0.469723826821147	0.515079431281746
0.155909273107024	0.133889809612267
-0.467400202614754	0.511992661956531
0.250474693265496	0.244044347807581
0.350728485018614	0.470283556836153
0.152805128549356	0.130405337088007
0.596098281240982	0.511773399750817
0.258041808536067	0.14817188003772
-0.446117959995301	0.351181247846993
-0.447583138416613	0.499070577456605
-0.0701537935432083	0.0515776473433914
0.240115872285552	0.253604196214005
-0.290742424897738	0.280704478759903
-0.439802351111592	0.877489303363083
-0.173007611036369	0.234382151538673
-0.227063567996845	0.291190590048818
-0.260322520513185	0.395301281282517
-0.408776303911393	0.685097754904385
-0.217821719528561	0.291507567939451
-0.803718236634939	1.12498746119898
-0.696247894948124	1.0007391639277
-0.862428627412561	1.38656842868072
-0.134169124715656	0.133449880089186
0.0970322755901983	0.0994698490100806
0.325169296582512	0.499482177307159
-0.339769806388514	0.424427995362939
0.42678168195095	0.727186556824917
-0.108340359094781	0.117505478026859
-0.272729030062542	0.36187811556396
-0.0390263521101896	0.0427932155714143
0.369861776259171	0.578578724054095
0.398134120275806	0.647888796389174
0.426845143635447	0.652667288483469
-0.544857553954286	0.934335773376718
-0.300567935835553	0.404415369358778
0.0784609424889176	0.0916900870575346
0.245450717250837	0.331429532802321
0.173514219976612	0.221869533960622
-0.562887348907063	1.16188138603013
-0.254194926569107	0.369559288273933
-0.159397559840376	0.188375136918165
-0.228012363894814	0.325063425921213
-0.200450267947454	0.278224757359448
-0.0162383362151397	0.0161656121394391
0.111905028867869	0.123106880787226
0.185312087079593	0.215968673080494
-0.313085925760635	0.370491578646654
-0.151574434376153	0.143884245146443
-0.626352607497122	0.822967864484568
-0.212259133106416	0.249682441996196
0.0931847899020707	0.095279593335008
-0.25646240253695	0.281295371650995
-0.738361633670804	1.15192418728476
-0.0422706119193281	0.0379168690540894
0.0663163080739949	0.0723029758065432
-0.291322650120856	0.386697008811784
-0.16841739871126	0.191897173064939
-0.344288637075941	0.366062016401281
-0.440816299379948	0.502097808003768
-0.715159542478738	1.27876160266494
-0.145437448458883	0.159899686768343
-0.497042624816651	0.739744886559355
-0.126972204772801	0.140610395721645
-0.504061231411486	0.89043633944669
-0.864594421275127	1.09515251481305
0.0208890097482219	0.0171071281101259
-0.0155778028790465	0.0122429042086575
-0.094677374215708	0.0843203252601864
0.338096795679929	0.391326486190253
-0.202250499042381	0.203020719024945
-0.374428736077044	0.437939496529931
0.305642379368901	0.296896221048331
0.177541156440738	0.166162598559452
0.308820833854808	0.280485926717842
-0.499292678105266	0.532179720356202
-0.0365128226869336	0.03299424315588
-0.428798064376516	0.473577942485075
-0.475536919753842	0.581383950273684
0.643470536252305	0.787290031039798
0.712123777695448	1.07972606856909
0.143609635458554	0.151405569644136
0.239823485068075	0.281758083622908
0.514559722949522	0.574669178878223
-0.577697475270375	0.430306202586315
-0.152543002398263	0.120818126808797
-0.105394106237716	0.0785250329829841
0.447485221134483	0.491318156299462
-0.479488175761634	0.493442042786495
-0.443648381076895	0.535981286431009
-0.124080323114436	0.170156683041504
-0.292217412223757	0.392031400764911
-0.0621615987877049	0.0628100311730613
-0.113980777766428	0.139196350512202
-0.566054551540788	1.10324829014935
-0.216481146709055	0.248479613320048
-0.251011882774784	0.397765175245805
-2.34029733087391	1.24572126915907
-1.56604496579463	0.564875959314675
0.6272371749002	0.293097721202786
-0.997907989200754	1.04928347115275
-0.853516722781916	1.24567660359876
0.61790559263958	1.01976137729616
-0.757043772682036	1.28569555720293
-0.108433674640984	0.0871520171091473
-0.511700078900227	0.71126802263411
0.0373655148302818	0.0362210469975967
-0.00797861946616635	0.00722711340452809
0.141034574553591	0.156486953093767
0.0777988726401627	0.0873782450809584
0.268355555924123	0.372025883534423
-0.219423889240983	0.242739387553518
-0.28788964242207	0.391470252425104
-0.0214855913402031	0.0230236631243717
-0.589286258929471	1.0577801109553
0.13569464557245	0.181668993558904
-0.430043996380891	0.383903184357757
-0.107734437280166	0.0822194507556773
-0.538643146082743	1.03500032683088
-0.171069751110049	0.22447733442046
-0.0423024504558424	0.0237938734167654
0.547288089927529	0.266947141864516
0.117987604701781	0.0780286853102181
-0.445340484588371	0.366171874179741
-0.113410241355501	0.050182902405507
-0.586516685742705	0.236255488541399
-0.703670117206496	0.857962134944146
-0.457302786134738	0.266914491962567
-0.523662775842352	0.456554478757627
-0.234287386840912	0.248887090506287
0.388350838042965	0.484171599558733
-0.446666859892057	0.583083802497994
-0.650426994326911	0.775401252257451
-0.533746195112779	0.462205707382852
0.463944785319746	0.628994556667362
-0.142343007217689	0.139970975359792
-1.26049389285875	1.24892700170705
0.271187737911659	0.273926933763144
0.0890246877045131	0.0710802828487265
-0.144477726321412	0.0881997762000725
-0.132396042149855	0.0975932899058408
-0.442498507816482	0.540518430285953
-0.396173197005614	0.544338600267469
-0.471708253924263	0.697786224568042
-0.18566174481525	0.204351775897642
-0.70791700853578	0.428041592821321
-0.808339407320021	1.09967247378833
-0.0389497853453951	0.0340643475245127
-0.116881072087137	0.117682167496798
-0.318323394698537	0.375673614080497
0.0118862211910957	0.0102538421244413
0.071168685307411	0.0669005493426953
-0.340286440569228	0.383868292671977
0.34231734595534	0.39606178035476
-0.0449972517482757	0.0395347297920692
-0.517010575526406	0.6931724197875
0.128355352227345	0.135778548638155
0.0253922030775856	0.0231662949664851
-0.776456309227528	1.17036444998378
-0.678878445845948	0.978235548643273
-0.656017677493866	0.962561024547652
-0.520096380384814	0.762390671208781
-0.150016468395932	0.138109175628837
0.959057352325371	1.10965977621944
-2.68620170076898	1.68323129490471
-0.245686622242579	0.164537577250566
0.669741304905226	0.546459921453783
-0.44398959008126	0.365928690499492
-0.339407179784733	0.21938514602579
-0.397563685637576	0.513796076354616
-0.308196779658519	0.484966535735209
-0.614091756146711	1.29027350661389
-0.122499468630716	0.173669124006729
0.62126047483067	1.50922171214868
-0.168018582007852	0.222845063414091
-0.513823930672909	1.16450693888183
-0.630139029997559	1.52611494574314
-0.593491325788768	0.491252128467636
-0.500482707763228	0.402618391375901
-1.15410245982461	1.07872027402743
-0.308248103698197	0.148009412603132
-0.453124880465039	0.199044623772574
-0.503474771908423	0.400390700192701
-0.55888853456035	0.807612140724874
-0.302848373048148	0.443195230370377
-0.220632820550923	0.289607752600347
0.417881623528139	0.491336830251983
-0.258970610253055	0.33124499016427
-0.751432543348202	1.43687697429393
-0.226304684626846	0.28733192431829
0.578467463485051	1.00218166533632
0.313114720494846	0.473626327704584
0.324870603030064	0.479955322725335
-0.0299697430002838	0.0347517881771226
0.273713741396507	0.430724161971038
-0.326521335651668	0.523960324349413
-0.298805296753284	0.380568938956904
-0.313202547354405	0.524936926038703
-0.0489637790677748	0.0331969522270131
0.63476085070197	1.05962427136927
0.0851774101576131	0.105181069561273
-0.161911862284507	0.22827481619796
-0.266833141565248	0.284836698426499
-0.054391080539921	0.0550041732339657
0.0773880391971375	0.0743799327261644
-0.177934052484855	0.130555555004408
-0.404071733344979	0.29542127684176
0.695492916110428	0.836786190922686
0.0000375231095242122	0.0000627694487464059
-0.468009928971473	0.26195901260855
-1.04230168925147	0.549712780146479
-0.486279256093148	0.565918254152406
-0.399071735477642	0.547827674718091
-0.553783137223035	0.875257057547875
-0.50207337934521	0.896049075222275
-0.21114582440181	0.198119842242309
0.0952400631724079	0.0756250172674211
0.094098918596408	0.097816379514577
0.397322607828164	0.480059921406055
-1.10029918525854	0.893590339458045
0.348098525921804	0.402141998992271
0.133452350956011	0.147342686098829
0.12113513650145	0.0789792028397977
-0.205262598449	0.164383983940303
-0.892659564964369	1.74405059088574
-0.204604546776247	0.223946848899375
-0.570018247699209	0.85699326720351
-0.337744068696965	0.44357825583019
0.228638093998118	0.299367810731474
0.440583431346621	0.61116591205622
-0.30030421863846	0.22527961475182
0.779524969574051	1.09760306430833
0.133695336909356	0.129638033302981
-0.00687939822140302	0.00617119531127248
0.233880234728929	0.297146773517296
0.0277429887245878	0.0251835822162497
0.343504994022993	0.446131416678176
0.0923004896706296	0.0758423453623345
0.76359539678775	1.03833497284317
0.0091189102206016	0.00859607265170089
-0.020335065114146	0.0192652037083809
-0.282479717053822	0.341642074587377
-0.213457304096352	0.248653719704092
0.437332318758861	0.765595056443436
-0.0451809575206196	0.0427315231843697
-0.439067514871184	0.684872100329892
-0.630606302449175	0.916218785295193
-0.135726153878307	0.138515127666522
0.0112674638954076	0.0113292725227289
-0.436798771688122	0.44365756934048
-0.397214675434233	0.114521743990419
-0.197381417541897	0.175590400998974
-0.498611872978749	0.383156736913524
0.25250217338001	0.15523323552996
-0.380826133857694	0.659371984333965
0.504492158379936	1.31289486650501
-0.0807600312006754	0.119456185981723
-0.765911854303497	0.691308630813694
-0.0537967432241104	0.0283143449306699
-0.854559718625027	0.57627963285495
0.333956101891429	0.143645187609388
0.0880812660388529	0.0302818775225944
0.514223743458059	0.399177204507087
-1.02580949797984	2.18854521523301
-0.563687786280606	1.09275333193824
-0.478328015687009	0.741084010348656
-0.419128974083422	0.521489659739613
-0.297487499815052	0.418978575082921
-0.245145957583054	0.346572088972998
-0.113861779381114	0.139336809336542
0.4954170992211	0.902400486001798
-0.0784645810640264	0.0992980877118423
0.384281647643859	0.673341051241273
0.239635597583247	0.378043774640852
-0.204310328620787	0.287413240873209
-0.0639803884247145	0.0851222968422305
0.234721046628702	0.380363958578413
-0.252283942115704	0.399117830611226
-0.378359672303975	0.418506588325181
0.569080955846477	0.847454583378027
0.171741940221786	0.244508368844548
-0.266485580861923	0.438223254842911
-0.666029865571724	0.97670652182598
0.140998795780765	0.147985364553511
-0.537746321197031	0.838737495256355
0.249722263187197	0.16257050042643
-0.981622731687782	1.1167185285466
-0.249945904242429	0.171685677791267
1.1067221981449	1.3039178557809
0.100112623623721	0.0297526627982564
-0.424794946006546	0.566210204380525
-0.886419407033712	1.84052160323966
0.434079039091649	0.537955974471714
-0.174064307721955	0.155387348961842
-0.410955947962532	0.636039854463063
-0.0757688487873618	0.0747066801377091
-0.75336712483952	0.589084646368216
0.0810479035131509	0.0768519164479596
-0.602653673701556	1.04978506999437
0.120368687933648	0.0797990892232014
0.288081280025784	0.299948887712138
0.339241900273694	0.472593801986608
0.373267704972713	0.633713726223353
-0.185344625472117	0.247470111603976
0.33019113422187	0.485050837999587
0.214499849343595	0.270119821488346
0.0207154567561522	0.0204345540609052
0.0837606861568235	0.0643455458051621
0.368339543425441	0.490511055898823
0.253738491272011	0.341736634100325
0.407810186597145	0.646493928903757
-0.177685906153464	0.21792900813801
-0.0269657399800908	0.0269003677147833
0.0580948493559615	0.0600764637685921
1.0590661442237	2.04893376914471
-0.429310047619773	0.61410333031547
-0.225494139055851	0.287042522868661
-0.267599717905533	0.358149929989968
-0.236115727128396	0.310149016751327
-0.71028193161236	1.32677373068801
-0.332073498839866	0.439142042866607
-0.372322503674947	0.577078503293266
-0.209705400029609	0.260966034453189
-0.11373106323336	0.123080271540302
-0.380225945612828	0.549353146497245
-0.908945407130233	1.69620899247135
0.0235640245926116	0.0185041458661206
-0.347169114160418	0.26622793533916
-0.458058162160881	0.441385426901559
-0.291938659038113	0.467720779182494
-0.167994922416538	0.236739370014328
-0.302561875704461	0.234341370133342
0.0892583607227756	0.0337235220824816
1.02795436604252	0.61936575341623
-0.120769083729006	0.0546801491679296
-0.531490084748896	0.355937909372272
1.18323927051224	1.34330176603029
-0.221134139054267	0.256506763666072
-0.0260874391090816	0.0279302993791615
-0.655306551593203	1.108509732871
0.430928264515085	0.495482494526587
-0.33929709300659	0.424891383024211
-0.134040065847497	0.15359616638421
-0.369438560814865	0.596786047471364
-0.0433491816641412	0.0491526163516662
0.851022553190425	1.90959972763053
-0.0676856658435376	0.081506177440567
-0.186169810278259	0.257620763394516
-0.0648345505453047	0.0814601424109291
-0.102918271676739	0.14902913908715
0.39201333740005	0.700038132775571
-0.0514768989934534	0.0663125855935684
-0.382101985991885	0.373701472645574
0.281744941124712	0.29786698742757
-0.162306850656606	0.220348924809138
-0.125298624937846	0.169941540137993
-0.153768054207909	0.183776469838212
0.187502720875278	0.195604918927996
-0.0362960749395191	0.0358865582326871
0.297540524661239	0.316300060716439
0.468440043887196	0.379599415271477
0.491466649728896	0.498871500171729
-0.555587457344922	0.532632285650804
-0.0432565573258976	0.0304114123352117
-0.830572144801129	0.385608535071513
-0.647197984607698	0.478366062201622
-0.114603496365995	0.104958934442859
-0.496933274754081	0.40304531779712
-0.508925564699681	0.745376301798445
0.366924337112783	0.567100627649073
0.0410484141214922	0.0443938373708071
-0.508889422870642	0.68467738269046
-0.766749561731521	0.840158535904369
-0.835826431989806	1.57726658823129
-0.341946993707571	0.420352976667402
-0.0417423861822745	0.0234073585544669
0.463942931454244	0.557302707564431
0.727794540083276	1.17743271223593
-0.620497252411529	0.625972045726224
-0.765735876965371	0.832005733246724
-0.0244699962612017	0.0242078582135131
-0.0768362075458385	0.0784300539124677
0.179045582158272	0.191646687821992
-0.230369655232407	0.275110084898395
-0.19729196388041	0.25934707835888
0.740621395922375	1.03153523905306
1.0687095081167	1.06996027569362
-0.0432541979877289	0.0378447288100846
-0.372216487568841	0.485542664665696
0.137283661908622	0.136753031147947
0.0680554203864716	0.0634177540762382
-0.0334753152108663	0.0352216897440864
0.132348568798886	0.135769650089412
-0.356045862903995	0.488829568952949
-0.0122805962379069	0.0113731748703229
0.0424959328026699	0.0406589743419686
0.41207712704033	0.591681650752148
0.26175178145894	0.337597111989188
0.0908070299271062	0.0900978958012896
-0.190800823584217	0.237755637925588
-1.00043521736693	1.86246197568066
-0.17199829512751	0.182575077854097
0.161166657123305	0.136292257388326
-0.387363260617404	0.35514546963573
-0.592160199164796	0.516988562607866
-0.355067412768569	0.580038366425688
-0.294810371226172	0.444688962494364
-0.45786777468714	0.4294663327971
-0.301231014297535	0.152526224804533
-0.251935591102397	0.13441535274171
-0.150496946478202	0.0625505409845543
0.30002040238032	0.14771302368504
-0.109061980684368	0.0821528258391819
-0.433447339030534	0.648778790767663
-0.306507347033093	0.48167269381253
-0.000191541901560637	0.000211457350974266
0.426917632719903	0.487818923067967
0.0251164531939202	0.0255070888858297
-0.913484391848294	1.96857094740752
-0.552127890167326	0.871899079075903
0.433976404655465	0.678689248584037
0.258962405939946	0.395221923262437
-0.189668980277538	0.234074079865143
-0.245306788040528	0.34135481835375
0.194627364994804	0.266577304161438
-0.063489998687771	0.079520736675164
0.119912801764233	0.147466801104333
-0.530933173920998	1.01486259190813
0.394637972608731	0.386945686741334
0.534368173907406	0.749681808003091
-0.308039681472484	0.449695048406404
-0.0687350399183811	0.0732868230949096
-0.183724677423606	0.175647761777994
0.0262808977637589	0.0242461240027212
-0.487982244906348	0.628734428709636
0.0360467322672371	0.023350951768989
-0.821986908445973	0.900339235238934
0.0538893663540907	0.0374329028955175
0.121828800199946	0.0811541316032079
0.33809534276887	0.150429740716541
-0.391092294325997	0.357889722106149
-0.151053395266895	0.170235441510091
-0.839570618874418	1.53322640905907
0.131179410945878	0.146693423539195
-0.490438391213939	0.544864003314526
-0.356088475905239	0.465002269945231
-0.342990915816325	0.375648179360018
-0.45697155736826	0.448335554698954
-0.266637534069176	0.268220586653046
0.12374676206909	0.122147978309481
0.996149942356236	1.00103720862937
0.115906265547917	0.102223858265765
-0.0216156150654709	0.0216776184377562
0.118571613032551	0.112120707735877
-0.32541084627289	0.41086647413587
-0.193413647724656	0.186282149394456
0.452883994952052	0.527536332833969
-0.522158321687765	0.67517766463116
-0.849268871363154	0.813776258153288
-0.105488126355821	0.107752687694418
-0.0117196020788907	0.0115899801589966
-0.275128429914138	0.316509952282792
0.0685304364228454	0.0603110734957981
0.44164688182998	0.495093492387867
0.593783286514196	0.715432091189075
0.688664527144348	1.2266116804173
0.483019650348916	0.682798016746125
-0.0889648932147963	0.0917885044465491
-0.276383679101393	0.335870603657564
-0.252626020285781	0.221436448144107
-1.15806908329986	0.791804288529761
-0.28475306646995	0.266237256809908
-0.148987423293493	0.155404480636887
0.475747842075602	0.647382262543602
-0.0159888422522508	0.014735798251116
-0.730252170720685	1.35129242099246
-0.661080776598893	1.30960338412973
0.176596116677714	0.208935573022138
-0.622885080791589	0.951364019077163
0.0627770159199052	0.0735004483157879
0.175816104613766	0.232778716088997
-0.580116559342484	0.867920189013216
0.538556793322377	0.74985567885807
0.147615470646562	0.16320403901021
-0.0258424768347427	0.0248199347757158
-0.741408949852758	1.32473159216974
-0.177278665336608	0.181310014105911
0.328443839692246	0.392788930017257
-0.351127024943609	0.439364362908774
0.182502569592717	0.194915044623777
-0.417869824386387	0.59623051192598
-0.476148616924033	1.03086667722485
-0.150380191615004	0.219929817361049
-0.218738816846525	0.267135972437736
0.429378106202508	0.644942950329665
-0.464681315829124	0.631648085727406
-0.130650729932783	0.138718921877056
-0.118379068926869	0.146713176848103
0.0388515919567462	0.0412542306328929
-0.451467504715966	0.726038598184086
-0.357508815912992	0.562654160101181
-0.419547573206346	0.703022959045644
-0.212620800668914	0.285068637651977
-0.45483874224857	0.658460249748563
-0.0713371451687505	0.062055235575951
0.0394374982200863	0.0362187650468117
-0.563492863748051	0.526771362775643
-0.514646850728613	0.58912222456275
-0.251743695201949	0.282825812659566
-0.122070436930188	0.126493064788389
-0.0805095333508463	0.0681212947114425
-0.544771282879128	0.670468297737825
0.0453265117084804	0.0367426284766414
-1.20174719616783	2.84146829179875
-0.206823814108483	0.264052081415772
-0.356629845556384	0.403041544489737
-0.0329940196264921	0.0324923685245045
-0.192109947717487	0.266704844000065
-0.175887576307325	0.190929060273281
-0.110221398865474	0.11238863456357
0.298770443158589	0.46785247962747
-0.161341294884719	0.23509939889008
-0.592493238342499	0.771834085458142
-0.214870041814945	0.268013442358503
0.316284315972952	0.292110221431289
0.168549244162521	0.142353786367704
-0.351162452742043	0.392944502762723
-0.197544940725747	0.227786994495584
0.174258434739066	0.163874181512061
1.09722096606434	1.64435911647956
0.237000017679026	0.195439775402296
0.395856994791231	0.385537911885803
0.237067283654978	0.20663928941711
-0.052158847381524	0.04070855632453
-0.0649559252635668	0.0438820791972453
-0.264845509952314	0.342392068378837
-0.257060615973252	0.275713743649423
-0.777449251948318	1.30126440274793
-0.823284542438207	0.936118856161801
-0.646261066058678	0.675382087662769
-1.61691093514225	1.59030132194815
-0.396650928525214	0.246771200653296
1.17525677491652	0.955490118390886
-0.679026118040968	0.627369767957632
-0.257246301997051	0.347933751422556
-0.165339683955103	0.183214928246464
-0.452193741320651	0.759192572361838
-0.0553515665807352	0.0497474591015393
-0.521837205586869	0.905138893069043
-0.0284092488708079	0.0305212371263256
0.0404412731200024	0.0433753990293385
-0.0623548328871893	0.0738310760547594
-0.0963531691600841	0.10639293869393
0.478045887033872	0.801553313794607
0.486057102978334	0.83004730946477
-0.131412230126789	0.174313428260593
0.404133302413919	0.674561738983548
-0.339095211100042	0.49751570125457
-0.33177315567863	0.556793542341733
-0.304435638485776	0.345410565260411
-0.0583196436674609	0.0682706760969058
-0.0480518498392632	0.0547437645085883
-0.276109338170817	0.392321895539844
-0.36174511291332	0.374383686631458
0.221049165171447	0.260229226031853
-0.227903634160384	0.277009768330331
-0.0702043284902644	0.0548000572878635
-0.951713602780265	0.914080124650829
-0.438734978854045	0.495270798833064
-0.529245174053695	0.359294829382294
-0.58822668331099	0.497031573963647
-0.661384111372601	0.993809493378591
-0.0104580781152476	0.00942592480438396
-0.0694015927753889	0.0599284914924464
-0.697169105859794	0.725376247676753
-0.996239125473185	1.32082012350113
-0.217951081466735	0.242846778124426
0.623897199572608	1.14184019778792
-0.615567731870388	1.10327825071661
-0.360261841415444	0.402064536099844
0.860025224745563	1.14682058430424
-0.331802097806174	0.395709531914273
-0.65325196924202	0.982443079302655
-0.410039972430894	0.402097769497027
0.13696734349473	0.146652196128801
0.183823931221083	0.209709572939936
-0.0818548724091908	0.0633258454936394
-0.821653015514195	1.022346523833
-0.0131397041862047	0.0116029228727314
-0.791931512967042	1.3462387934227
0.405225204798578	0.560775267387691
0.788253945587398	1.20691503328889
-0.209410866502518	0.217448718440672
-0.171271816446101	0.181691915689286
-0.505781444924698	0.675423415745851
-0.350815755864281	0.391953039616413
0.394066163862552	0.556489905991353
0.187719171214003	0.214644354530244
-0.0831432806731867	0.0784636219830947
0.0261893125483302	0.0222621156345712
-0.147499384403765	0.156483723679801
-0.406280649405866	0.457861031176639
-0.182036139876621	0.177929749898023
-0.11418811767115	0.0520930855668073
-0.405834961922298	0.411153935633581
-0.213578839833236	0.122820472751891
-0.0857156094563416	0.0409946787807131
-0.210326060732969	0.0792469303225403
0.114884380494883	0.0720881766006708
-0.0215484652980823	0.0122020162995853
-0.152890818325128	0.158161956840467
-0.356136601510427	0.499852874757347
0.0727682716305652	0.0753605721535363
0.632927452913198	0.902541722371881
-0.773376040362178	1.23921797862396
0.219734655806901	0.236218664419102
-0.125241097816471	0.135104938093512
0.836082269309258	2.15051939473982
0.072717230770044	0.0801689347687896
-0.0255995510807933	0.0299616151213179
0.0403647457685788	0.0447248041843234
-0.0703508736925831	0.0836556486204949
-0.233971016016225	0.331300928217093
-0.589049531981521	0.738199550344131
-0.598878530131328	0.500920096018557
-0.475888397593008	0.488412006932318
-0.544390510497947	0.288368714643749
-0.311667347124736	0.363133389747877
-0.124071995178586	0.113916803829154
0.11292729650722	0.100172702536219
-0.349344308690508	0.268613872330797
-0.693304772263327	0.684190954202996
-0.286875513189944	0.365385770188294
-0.323880685801142	0.391761784289081
-0.364168812447787	0.541009716913917
-0.390658631889244	0.483808644956189
0.0746320688647763	0.0570909925239418
-0.0459283593797604	0.0452379221926725
0.236303089915358	0.265090713422768
-0.700604558398757	0.782070121515954
-0.306812376007832	0.407550093280946
-0.173284758599751	0.182494073637237
0.233396715608036	0.176550239694934
0.233479430195828	0.201105352172413
0.457796041493593	0.696376232763487
-0.370974232197756	0.47387958959973
-0.0829362023791189	0.086412758762907
-0.244696732784525	0.309762467643641
-0.178442744285221	0.19973293609258
-0.613985868673476	0.580424986840117
-0.208426128369114	0.227550114764034
-0.193134416154864	0.181307325879355
0.133095040460957	0.135455544322308
-0.144086731421095	0.163607931682091
0.411480217026075	0.556794973951494
-0.28236357098028	0.331779920754217
0.00315095346520561	0.00321672127889751
-0.281798350149813	0.358826914461998
-0.193546080636531	0.232816672240775
0.114974050612201	0.105730102803506
-0.0492786686518028	0.0487532760915873
0.352285119016503	0.268909129672802
-0.0508580022731217	0.0356168261714426
-0.207079981133809	0.223507115556249
-0.0633476202469125	0.0760754900206111
-0.0439823041662293	0.0464850889976106
-0.624415078196801	0.781259902911594
-0.0413626140049725	0.0400687819097935
0.44056870110372	0.562791219747072
0.249192850008056	0.373640921305073
0.170849866475208	0.233922903172471
0.00146179324315981	0.00185916522448096
0.18232721220567	0.267387812644733
-0.384319689462244	0.678492392530558
-0.0828068175022123	0.105965835646678
-0.785890983014059	1.20669999574503
-0.66241635047406	1.03062418201183
0.347255898675405	0.41079557183668
-0.966701854466461	0.819585532378045
0.0412468008473276	0.0281517180445711
-0.141029727963877	0.149265762757175
-0.245139029700001	0.342755646788271
-0.659160315270346	1.29086320487546
-0.363434202677701	0.394881885622242
0.236467542453334	0.220386805612554
0.218742206977113	0.23978783289087
-0.161646290482695	0.158370565862178
0.332096589919078	0.267126484778569
-0.290715598487408	0.335429946789409
0.139094940162085	0.153357742734232
0.23461111934284	0.222877091844358
0.243526208984383	0.235973154393341
-0.0932872402789707	0.107839852716275
0.0966880979545749	0.101658092264471
0.264391403644565	0.341304983140574
0.216782507641748	0.278513806274832
-0.170353394967986	0.206140512183525
-0.195877872486297	0.199481582779999
-0.592461140828349	0.615042417467778
-0.0653443258935291	0.0617855859901033
-1.09126123249261	1.9534559098417
-0.245985061513856	0.338710466443507
-0.0894296198448555	0.0921665245860118
-0.0540425185412788	0.0504096489118857
-0.274687220977645	0.364848410713589
-0.274677396107376	0.323530172232044
-0.00531268766056511	0.00489599801325928
-0.386631718335655	0.511211189760115
-0.011080001536257	0.0112369637621175
0.0395679936088568	0.0385517681965137
-0.505302737678891	0.744597746580162
-0.170150240407143	0.17905072544447
-0.494965400524515	0.388592486288632
-0.209924822098774	0.122768010930622
-0.248238315583213	0.131382842281019
-0.0801524536864232	0.0525331982556751
-0.633032466693642	0.936842151010165
0.306943201455207	0.539958171341933
-0.239285060310565	0.314273869701665
-0.0158168896060312	0.0158448381006491
-0.0481588676038595	0.0510054200805307
-0.351612302937796	0.584486597866104
-0.231896989651101	0.374760676062831
-0.189162116372451	0.249774092604771
0.350822681162069	0.635272458571239
0.290453061744283	0.442221743992116
-0.317775641887818	0.509746175140057
-0.211223810772758	0.249866374207947
0.549727870931349	0.606845904307196
0.140905770049052	0.104885287931195
-0.333475676586039	0.314978835092383
-0.166938939655745	0.182130181913331
0.209252053933213	0.279839596455864
-0.07432343137841	0.0761999862795862
0.227849736599576	0.257214824723148
-0.396891168460007	0.490104685722427
-0.284636531939456	0.402956056479027
0.172423051076503	0.173463886600451
-0.499449918820422	0.400187811824603
0.0703911878515634	0.0632642612968073
-1.27210642896956	2.82473482819095
-0.444103514915256	0.447319866559353
0.935645807160806	1.29967907730337
0.0581282405819645	0.0587628597847788
0.255164642458556	0.366929123910963
0.0498892986394266	0.0506712145541291
0.364137430407659	0.47037943742133
-0.00812145064196979	0.00821317346610807
0.9700870736113	1.73496372059787
-0.765682006100728	0.784399511362976
-0.00104483058505232	0.000964855069455837
-0.298844670287872	0.385180854332774
-0.0173587761515383	0.0179729580095238
-0.0134345178223573	0.0123835008424577
0.140563519788728	0.165489062217172
0.751129511704169	1.6069666171585
-0.142363232587025	0.171312282185025
0.00495640274858242	0.00511889315395334
0.398312452671951	0.64743548350674
0.25356814363673	0.339877197161375
0.226756784584166	0.309568156690903
-0.632977016304393	0.861995273433749
-0.525652527102959	0.737500072243878
-0.141272450040051	0.0915593617687726
-0.312849411482409	0.269508678253217
-0.0616036820426731	0.0649814209027083
-0.0122421426485373	0.0145348843235576
-0.194629945076898	0.252846633431662
-0.166562316606019	0.233266614022641
-0.236422867132605	0.335065267122115
-0.51233338782304	0.768532261359461
-0.261282952457342	0.244373871465937
-0.615280602644952	0.56154384664307
-0.0496064674565537	0.0387521706305435
-0.322783441448361	0.449329756086968
-0.132619236152561	0.154220420704647
-0.282205185400278	0.395568609165954
-0.400928087380919	0.474293086642673
-0.415834179376742	0.411273095799309
0.187101072018154	0.216977582397745
-0.0790922690612368	0.0818599238048562
-0.856968929372135	0.681375743259473
0.187642521031859	0.216994171505033
-0.289562534209386	0.332027396399398
-1.15827010615213	1.32466061735882
0.529113931953052	0.594885396204185
-0.258793422720008	0.325217623925297
0.364788172323557	0.495014237716976
-0.0469441420825415	0.0461878819915331
-0.345223674865003	0.447679156183972
-0.0530389730735853	0.0535130305763872
-0.255614198870199	0.286262237639195
0.0174988153760904	0.0189997984566454
-0.350770302639321	0.452246304490615
0.10215608932534	0.110014195744428
-0.0775780590654909	0.0806401815663992
-0.543146829582481	0.82313951770926
-0.0931945864264388	0.101112673230669
-0.0592660544493437	0.0609744085926983
-0.0178742394648042	0.0179908948312145
0.11309549126189	0.126780346282127
0.572607352568791	0.93236349970642
-0.656343161058374	0.95475993796959
-0.761276508491624	1.07793694318051
-0.0951890240890196	0.0611514604858396
-0.121175453829988	0.0548161106016537
-1.33184358747301	1.65719341369265
-0.754038560559631	1.58641586179033
-0.394420516426567	0.708939697102135
-0.27938778153462	0.36610087997569
-0.48961285036363	0.527942482969186
-1.21162520821558	1.52867532105202
-0.26873436501283	0.270680737806472
-0.613782512549693	1.04310743860396
-0.653278936049126	1.21150105667538
-0.446867617874853	0.743622301924058
0.6865658764486	1.10086634316074
-0.636600476700301	0.813736073727786
-0.448282905051956	0.660802032149661
-0.23096583439612	0.304446570778058
-0.432301664098871	0.473888333599562
-0.251793485744386	0.249276055470639
-0.79458918672108	1.58613018482066
0.240523856352726	0.196203225960884
-0.0156942064129939	0.0109719261767822
0.217154344856876	0.266004528545115
-0.523402597042991	0.791119223632621
0.442102701897738	0.576140317689358
-0.0652410498873908	0.0626244364947451
0.0186765345060455	0.0196761553869463
-0.0696629338969815	0.0818620862498994
0.117324874756906	0.0722830334154641
-0.38735096476056	0.502518523219796
-0.0944957693103668	0.11031836596365
0.154736468428182	0.166783713062231
0.0215784249664447	0.0205092125829304
-0.0899321573638103	0.102818307476067
0.0676388056579292	0.0694144214187387
0.226927633388264	0.297834476139957
-0.111289891842859	0.121645211600051
-0.650994565619861	1.20226406680051
-0.402375171778299	0.595084397628956
-0.822770045769414	1.66856355549319
-0.64331874940644	1.0226901583075
-0.54802086808189	0.508434338175042
0.282193476641088	0.330680765627927
-0.342988660728646	0.565322018549319
-0.431538152476592	0.596845034715988
-0.385051888544954	0.693115749782377
-0.0262131104086139	0.0321846647118382
-0.13309545963238	0.188352455676519
-0.825088632632286	0.968039841933978
-0.350400975516069	0.364650019727553
-0.433084006569667	0.609835374436565
-0.0125478527374619	0.0116192542659831
-0.0874865622684743	0.0928352941225176
0.499084630089663	0.667683843825794
-0.418149668925177	0.431732629564591
-0.548691235827916	0.836299308254775
-0.89125944165533	1.86355435866028
-0.390361174326876	0.340475631725608
-0.604862636911274	0.926266608235493
0.0952616417281813	0.112147372452055
0.301195748803362	0.308485180956194
-0.460320269304887	0.500737299711015
0.206258508528723	0.273059271458849
-0.0562452057021815	0.0620066380229752
0.0365318328610439	0.0388864183922633
-0.13742086558911	0.147715494507813
-0.0783409419923153	0.0816201858973068
0.134141727420333	0.145817385959523
0.013325138570762	0.00835466382564118
-0.326736799184979	0.381532635966064
-0.461945038495307	0.798673123643429
-0.352762513135693	0.431062479233813
-0.0813655054937832	0.0863795284650588
0.865419119873337	1.6015507572399
-0.232234990346646	0.281894802529641
-0.449631131587461	0.639098745204115
0.0898452132481057	0.105576231218082
-0.384701065724307	0.453939149405064
0.568281385330466	0.835847488247698
0.0740106049069403	0.0687232449677372
-0.124202769712817	0.145828400637194
0.0969270135234015	0.0935842535988419
0.0905915595573732	0.0908948737617953
0.0902112781487327	0.0725150988851332
-0.848488269695155	0.485823343611094
-0.919074465368148	1.29229037583556
-0.0854783289254951	0.0580680597326303
-0.467428223310283	0.262814243285129
-1.15257716518852	0.768616942728552
-0.253276312861144	0.30432560099626
0.0253743576333072	0.0304395722834268
-0.13915125164562	0.125925268921727
-0.0348256296314575	0.0353132884052301
-0.170174589375724	0.191521595859628
-0.177809932124911	0.240588423228013
-0.347330177895049	0.38092330634674
-0.0306767627615394	0.0354377284479976
-0.117888157028143	0.135446189797714
-0.449349638668949	0.745912573248057
-0.277209101054288	0.367471947675901
-0.0912992253608558	0.112079267996722
-0.148244337994432	0.157158485805049
-0.0963449153847417	0.0794897942010019
-0.293375243133729	0.353556593580202
-0.215262088642543	0.284681180061646
-0.505149889293638	0.40178006210502
1.06534368265399	2.2927552097218
-0.913715577755617	1.66102816630027
-0.620661547974456	0.61363969043386
0.589005354867955	0.694928983965309
0.237107587096884	0.320172860614454
-0.423422186087827	0.600632951780679
0.498474994986682	0.805070874478725
-0.059927937631284	0.0623238868026863
0.0275517994534105	0.0279081794050373
0.237571465404117	0.284582535349521
0.654297630870371	1.14763769545877
-0.985352372129414	1.59592530047814
-0.332337981894596	0.424345734172547
-0.00830978481996567	0.00822926380251579
-0.292078227250029	0.369139573502511
-0.625279564131731	1.03024434544263
0.173391622142756	0.190412015321056
-0.398930339601469	0.4745153536887
-0.825498780473719	0.369123072997121
-0.405431793923388	0.569502196936878
-0.084925045395217	0.0937331403314275
-0.833602204196753	0.850138068011917
-0.0909543761466784	0.061707299104246
-0.160612704930327	0.0664434773001993
-1.62311653829675	1.5295397793605
0.111952162410718	0.0693263978101213
-0.343627089150987	0.312807861234316
-0.145599182640211	0.163159097343183
-0.0182549155150521	0.0180584268285895
-0.0903066149708957	0.111795738252663
-0.0206783761785391	0.0162328517758235
0.148971036722668	0.165180772462856
0.0515245975607155	0.0581407938139294
-0.108099095066432	0.1246065358346
-0.449044693340881	0.838253136997271
-0.384801618943064	0.673478440408935
-0.26320491609983	0.387287106048766
-0.647624632002205	0.765142179027278
-0.153618407692499	0.173818372393798
-0.127939121411107	0.168313970730742
-0.229109515405603	0.359834484990022
-0.313297537145067	0.46080963519561
-0.0852872362309074	0.071770840742444
-0.77128189681175	1.30134082393767
-0.00685413639582726	0.00753636535353392
0.712647227711757	1.21703709889395
0.738903412449967	0.91110208628311
0.0580341580351323	0.059956764358502
-0.558154971365228	0.94150016406439
0.226294894894398	0.186485630082842
-0.312240234064803	0.339993851399438
-0.173599722185109	0.218364970426159
0.826442313687198	0.929678423786674
-0.47535117219999	0.492513614754044
-0.145451577756411	0.195392335224412
-0.0645032369310068	0.0636196738638367
0.129217271989176	0.131937571711256
-0.0975229184346929	0.109588919070563
0.0467891073453241	0.0469841119000264
-0.446395015216077	0.371980815797008
0.0124867051833897	0.0107473306314303
-0.429978740218051	0.613840401018916
-0.534224346995812	0.911154903258847
0.106884959519851	0.112018819621581
-0.0445414590800428	0.0472018682089164
-0.262176290786393	0.326704035272094
-0.423830519720904	0.486628836440473
-0.154700525361086	0.064415199637404
-0.211754936942455	0.236747981934558
-0.629444695196046	0.90592748809675
-0.275072002329519	0.300992259738231
-0.530008354395319	0.471431772327651
-0.458466495639279	0.249682946908398
-0.742167479076623	0.529992378597544
-0.441395217913663	0.364406382361944
-0.0582857772681632	0.056790164639597
-0.146640217267037	0.195484947069995
-0.615464605248328	1.29932071723197
-0.228494045888166	0.232578484857414
-0.268726111160119	0.334792594771836
-0.129923545683257	0.1461719750922
-0.584939996003048	1.09798744038309
-0.546518536115085	1.17667266703245
-0.302012218019769	0.510478165336289
-0.412585181750972	0.695134597238142
-0.319409479580243	0.586845859040472
-1.15765471886982	1.68094209912873
-0.253340865128855	0.268348348021026
-0.17488908270159	0.231335865808922
0.0646126756607886	0.0829922526705971
-0.140607882552974	0.172761249984706
-0.520908766649398	0.696955823216877
-0.385079223046959	0.604221191710744
0.29080636926462	0.390965800008103
0.195950979093782	0.242343318489021
-0.486429004019459	0.625659914795575
0.406586638850732	0.494301496524727
-0.140027781552388	0.168630342505943
-0.820379275167721	1.2569036713223
0.458155401558587	0.480849785361383
-0.80914149763634	1.54325251154101
-0.321135614788524	0.428841108510142
-0.349130434989102	0.321613530532717
0.158662785258989	0.119331845124193
-0.327849528186289	0.418014347088126
-0.407659906344943	0.70330246615429
-0.225031645013264	0.29342889550746
0.00877203300186473	0.00913192071269522
-0.00749645743310445	0.00692052335024896
-0.228339135499957	0.177841308437952
-0.215452765744061	0.243575034599586
-0.457730074457812	0.772745016892078
0.0353386855277793	0.0378626035348622
-0.146781811139095	0.175833424819371
-0.618223299567258	0.904300940516445
-0.296231253721465	0.403733689979351
-0.314413032607183	0.439628140077306
-0.321000631900012	0.454435181462406
-0.250606819560808	0.277210355415348
-0.223747063396727	0.311096948377591
-0.156288569874388	0.186243779284058
-0.539795556451204	0.79609307237044
-0.220936032508146	0.213055810320812
-0.666636427686449	0.296590742286788
-0.991207364096464	0.723879319847498
-0.124500385073768	0.14681359173701
-0.36641213120764	0.54840958990947
-0.481723487862081	0.648864232460889
-0.355339536810282	0.502163378587924
-0.00252859433443287	0.00255033241182348
0.0110664496646289	0.0134923766055307
-0.379892307051369	0.601163896445256
-0.267445115409547	0.374999901155166
-0.163026270849837	0.237535558006261
-0.63861598388299	1.46354406590108
-0.106792401362705	0.0814627081421915
-0.0733799546142085	0.0688925475969929
-0.650983893023425	1.41434594709264
-0.766053547680629	1.53981732462244
-0.110616375735781	0.0848292225102394
-0.519928574726953	0.539898780395295
-0.332113425340822	0.485398690746312
0.14879581416295	0.181799749078343
-0.351010959947557	0.525725821297716
-0.305360152863692	0.314931768945242
0.435692829140563	0.483859329239517
-0.29280644174497	0.413689695453606
-0.193310996248947	0.216662512946175
-0.108587773762141	0.0709722349579687
-0.142428798102033	0.151622714996836
-0.539122777185157	0.783942335347404
-0.825857913818585	0.89604711215537
-0.954908592024719	1.4474398801941
0.0444304003414484	0.0491154972956955
-0.76202865077456	1.49002124533337
-0.0925629572061823	0.0992539442815282
-0.0295431892539522	0.0292386901955325
-0.0471364064930268	0.0444320441141417
-0.305716434546201	0.363026729242321
0.330116248380378	0.257360118668624
-0.123143240916777	0.123042237110003
-0.26291890091751	0.375175271740223
-0.525172643419603	0.807476688952913
0.0343775632618873	0.0359752742805631
0.00129337568521487	0.00130707727976124
-0.235687533616785	0.272915801232335
-0.294271540037353	0.377450854585916
-0.475013748018104	0.686685749519552
-0.242895850464478	0.314055408114713
-0.272496161529757	0.429469223082181
-0.205868267818461	0.310252743939258
0.261053967605655	0.288731013710548
-0.129526197554222	0.150551689039557
-0.654281603668888	0.735115610437125
-0.612402595270246	0.392770532549037
-0.562685728689805	1.00517606496193
-0.148811514569295	0.189312998348555
-0.344863328323277	0.553562839123925
-1.0096548424557	1.75854447007799
-0.531836639308436	0.861071184000378
-0.0148755788693619	0.0156679584990432
-0.258530323960888	0.379956432660144
-0.668155113327101	1.30477223892375
-0.105801541110769	0.129149750168937
-0.330650053382498	0.620075614617775
-0.262865821168209	0.470415311145672
-0.116649352297656	0.151475998268339
-0.309914560167353	0.562938554692127
-1.15994114524078	1.82213039628246
-0.17320615742584	0.162608161243726
-0.357933593044367	0.558078285997938
-0.578104126311731	1.1127852786728
-0.479155005787267	0.957043715867259
-0.172735238409297	0.230353278748899
-0.143735043892823	0.164117309198563
-0.265052679248886	0.401583593998955
-0.430985104573249	0.665359947382971
0.237142514619846	0.194967831016084
-0.531507985471894	1.07718861699104
-0.326232883931053	0.570010962385597
0.0624108325953198	0.0532506833258698
-0.0791824754013573	0.0754438048401867
-0.389997804750607	0.731101018285733
-1.01969337214548	1.92873510088833
-0.020516684641976	0.0221480384551325
-0.231501565592702	0.219297295678181
-0.00920677203684015	0.00981349651850802
-0.422927300722324	0.596524671612462
0.112540993396456	0.132810692274285
-0.063200345481214	0.0595855422171778
-0.313370286018175	0.411164159489923
-0.131513628995118	0.158029069662093
-0.206634188866873	0.295994489829908
-0.574255699261664	1.33199775609717
0.230824260297602	0.37368778857657
-0.283858093600633	0.492794548004442
-0.341758175195572	0.794903714498866
-0.558663707006683	0.780452080799405
-0.599501607376798	0.807309276034083
-0.561320005379608	1.28306232969193
-0.155019785411974	0.139594889981696
0.593127265963968	0.793814992545383
-0.606818575410046	0.951889246081764
-0.191177859541683	0.365934516817678
-1.15376055801774	1.89898153894881
-0.599507565441092	1.32003812120288
0.120152982645027	0.113097725824403
-0.764962020247311	1.20446313911887
-0.529982995137459	0.447912793528517
-0.452885632071137	0.991952109844172
0.125811205318785	0.16831120984341
0.373687188754951	0.391732063583709
-0.182577045697974	0.226556900545878
-0.228818058927559	0.399807086173822
0.0990490054207162	0.108635080545043
-0.185256032156988	0.217729328938418
0.248726237949753	0.412627460537138
-0.293313026255372	0.587887574231129
-0.920981162686171	1.27187787639767
0.153923172317627	0.124138119051626
-0.162866239665809	0.1451384056152
-0.137149994084549	0.100390926302293
-0.221992088055767	0.18755918815728
-0.234327460066807	0.373607467902771
0.0179829346494949	0.0229441814000337
-0.293295105247001	0.465928653154801
-0.704741749435363	1.99496342008537
-1.15266878961496	2.04181014897975
-0.31838936366359	0.574635825633213
-0.409023427376433	0.573691983431301
-0.287622422389712	0.327590095666285
-0.0699268577143155	0.0675084504707713
-0.208680553189439	0.194067676727341
-0.557951131788271	0.738403732747961
-0.10558115195705	0.0979267944267476
-0.251645282028343	0.251943150073027
-0.0952145575472852	0.0978635924762469
-0.155799496460486	0.125943347803028
-0.268520474513537	0.384708986566505
-0.197649738431824	0.320042721704924
-0.147920928895108	0.17954419075885
-0.32532053594731	0.47501355471986
-0.434585430756063	0.47904690920298
-0.624424938560739	0.850635538589348
-0.639031840549078	1.03040060371852
-0.557276624819633	1.06206584466815
-0.639429626407489	1.33683122032151
-0.394891502623548	0.595016834684191
0.277729415940954	0.301503452346827
-0.370525930163126	0.435228826428967
-0.320977354336753	0.383827758130089
-0.279548843502564	0.441055313487728
0.180307939795629	0.231948192227217
0.064757828447092	0.0574955511125397
-0.195549594988419	0.230574969091924
-0.162459472794105	0.239940285962498
-0.919608738946736	1.95649293529498
-0.591713165530206	0.932121970093541
-0.730795760300776	1.83500514029918
-0.448819831381612	0.866787248420202
-0.204274514546053	0.161262118712709
0.235499604379254	0.234438697122088
-0.299016829484856	0.330089509639245
-0.181895208987558	0.161661517779915
-0.586546357740364	0.62953621077023
-0.442126651514616	0.588427484288747
-0.166423457079617	0.147195482551598
-0.621412951962279	0.572511115396497
-0.214521601651141	0.308742175358196
0.173800935946087	0.241981941227956
-0.390528671949188	0.999352467201813
-0.298957241148197	0.580116998297112
-0.127760400303178	0.117101654899359
-0.0157170739530602	0.0128610359900346
-0.217798477129863	0.154198864839751
-0.00509028412898856	0.0037213374680826
0.88421944766646	0.817259583304423
0.957644941000021	1.08637459497903
0.16268719758977	0.294960375276731
-0.371252091857822	0.877499031470539
-0.452287066516196	1.05062779847794
0.130354614223952	0.0930150733564188
0.495673470427209	0.59161778824713
0.253816993713752	0.236549292226153
-0.132843784289673	0.14350775003731
-0.252578877700499	0.423288128975888
-0.092624429052617	0.113668599378167
0.351033800057015	0.343049065982612
-0.304006638285514	0.255138017658852
-0.25501249467101	0.138802293313811
-0.0135481841378092	0.014876940378169
-0.607318666361532	1.07276725726307
-0.0629585101044217	0.041106357330856
-0.40137935662624	0.326774972047515
0.532494003881345	1.12017854832635
-0.665577037967065	1.002004748618
0.104877734699652	0.0579849817365427
-0.344080925546545	0.254786236220056
-0.844597625356757	0.824574096723552
-1.1953220232209	1.33460556414242
-0.586552578093166	0.629444723405822
-0.0272882124577986	0.0248883127677684
-0.35039193164236	0.296682898544114
-0.16360779938335	0.234315068931196
-0.180140432623719	0.344074685229286
0.592380850950638	1.72311488081933
-0.222245960432588	0.431006604205705
-0.206957746315766	0.376161760050631
-0.858743065112685	2.24811820621894
-0.642422365703743	0.696144281153965
-0.666257412763189	0.538340017274902
1.47169262697199	1.7064907147859
-0.17918472766606	0.12997407787104
-0.25105537358319	0.136595446969596
-0.19555424307242	0.368785314547015
-0.166817304442263	0.282194831598057
-0.145056630375285	0.237691737695993
-0.109678206920749	0.150868329547408
-0.39271447280135	0.330729584392494
-0.606580533380233	0.729048961601761
-0.214459636595839	0.173775164866109
0.280617317541761	0.346964171078892
-0.244112357047501	0.418966129750116
0.150896711915958	0.187827384316088
-0.945408336742754	1.09960366406753
0.134691607351872	0.0952614662502877
-0.399817623419429	0.321568307020938
-0.282365165573283	0.437547066022493
-0.211447786812852	0.269037654173404
-0.760774087367357	0.70418809643619
-0.255305728510084	0.239884998987529
-0.147329144756643	0.213025143917606
0.244463367209012	0.217344233437509
-0.464825349078955	0.589161065924515
-0.219980278832682	0.366293119071328
-0.310384431984717	0.229380217544671
-0.455311113021891	0.534319301084974
-0.0497525229735892	0.0656272528460493
-0.0591598353063274	0.057741907051941
-0.30864673302804	0.233803624108734
-0.151256789071119	0.112949535069363
-0.0928498613542489	0.0616975182793785
-0.89446120176527	1.33531191141295
0.239892577761918	0.229233243253792
-0.819168175249877	0.999998932042566
-0.490269070380705	0.613528886060549
-0.00204228920673863	0.00175638314962651
-0.347257990664119	0.405582068413445
-0.916490455222737	1.24632128773823
-0.544524519331533	0.843129186022631
-0.146443402893231	0.193785825236442
-0.059419297432528	0.0785439802844001
-0.340033747722576	0.590696612859836
-0.198907588023317	0.259587683044673
-0.168617131839197	0.200748764737622
0.088918670334292	0.0720744607805531
-0.0352121044292107	0.0350411276040407
-0.0973312254119636	0.0967367168029241
-0.262635736510737	0.350964643028605
-1.08803102721954	2.92905693987245
-0.136916665095834	0.140265981318745
-0.973301978729727	1.37809918360038
-0.61027291760859	0.802351585867142
-0.160476374656159	0.143900802439022
0.0355398081012588	0.0383582210961765
-0.357279483787233	0.525106095495943
-0.753285829651681	0.872292510216746
-0.372850347134469	0.436977790349006
-0.0397673266250362	0.0412661679685115
-1.18618903971796	2.35555835764911
-0.228190280422894	0.283304812427993
-0.272142956336465	0.389245009156803
-0.304173533749387	0.459909379084662
0.634870545856461	0.736808879423935
-0.437042968535697	0.544270808529657
-0.837420558529549	0.8603988240091
-0.227889557959881	0.25168301511588
-0.75768116705274	0.776770440426633
0.235699479914035	0.18655815903739
-0.273610642592347	0.253032109190899
-0.478987573945881	0.415432769922726
-0.761775488191333	0.678085505170189
-0.855483619063593	0.786099013327951
0.0514874914743069	0.0423582329619497
-0.0661219429772979	0.051747744048634
-0.0361494827975815	0.0288219544534922
-0.767178147876339	0.904855488317576
-0.523483941520572	0.532538911342804
-0.293064839845987	0.287899620086713
-0.0406957215662163	0.036580831196315
-0.72754789941148	1.51118174120865
0.229099347829619	0.219344751185967
-0.498813449141243	0.480529177598417
-0.0336921582742632	0.0228958451358573
0.0537828359442669	0.0460502992171587
-0.598269607548662	0.67853730509393
-0.00578745818612152	0.00666671985735516
-0.261934882017369	0.371323414404455
0.056618465652967	0.0662534318027524
-0.634885155526017	0.887185308023668
-0.515733552184472	0.589231553525824
-0.31795163601879	0.631576954886227
-0.278200857465903	0.42818783223047
-0.524656791243258	0.958714786540674
-0.370113790694345	0.464105389211483
-1.03149907621347	1.51963480614212
-0.039405136998993	0.0317622487296985
-0.0907721696454024	0.0651517881598942
-0.0872866241614397	0.0586887565946666
-0.103129636942379	0.118303106539874
-1.01670889078079	1.5356123241323
-0.327079471767467	0.352581115760057
-0.325926442318851	0.411001793008536
-0.308202283722013	0.403900786111696
-0.100836475626433	0.108585733700953
-0.0167720304389885	0.0154528020711103
0.243652641967647	0.248275324071235
-0.660340994807672	0.814294982662303
-0.853201406602782	1.15289058651557
-0.521959058810525	0.890736016433475
0.125886583265972	0.134671067902638
-0.284688080423239	0.248210098586694
-0.77837303945996	1.2178846225995
-0.341792467169192	0.504982130520317
-0.269530869701709	0.296105843201069
-0.480999184563045	0.657173029960005
-0.455467001466833	0.824104609473322
-0.434634645285491	0.803478035184379
-0.370478951555078	0.351449970985433
-0.465399710096111	0.687443457209586
-0.0704731377885554	0.0547336103985954
-0.208466593755037	0.18173216543015
0.499529247470254	0.509957287704178
-0.381655522230758	0.364300543020682
-0.238086294716098	0.189308117213068
0.473793396903943	0.477247520021861
0.237863271728715	0.196848416186709
-0.323010123608839	0.28828551632843
-0.0176068454276596	0.0140765161385622
-0.113830526893927	0.0855900307421609
-0.22622763963778	0.200510659572982
-0.474097698444514	0.413705739748942
-0.227581955234324	0.194306899215734
-0.254761549741388	0.259210197870504
-0.49610249251818	0.474894588513111
-0.538219438154374	0.593303156380721
-0.780008365282989	2.07565397318937
-0.350196461044804	0.482621995175842
-0.0248829114404	0.0176896750150172
-0.663473001579746	0.7616877414929
-0.610426787732204	0.389923340665596
-0.290339922159656	0.195124079425581
0.306413033884862	0.1535818136043
1.40254209143616	0.858074989499257
-0.567952710251242	0.437724209125364
-0.469058377213395	0.266450718893532
-0.0417448402066627	0.0673019831321945
-0.0378695005773552	0.0492934541132791
-0.427669287259194	0.497009747516757
-0.112909315794441	0.0727592560745534
-0.100778339961599	0.081991769116235
-0.359896192528382	0.295503651119513
-0.187518833326831	0.131412692583707
-0.386698918270507	0.231800448185416
-0.459212890030397	0.261268195144996
-1.31641568144758	1.24647692817664
-0.0140789219912892	0.0179194251087003
-0.052725314173028	0.0736955932024303
-0.0609195223362293	0.0319300261982999
-0.603907489157048	0.379501795716297
-0.757822952912908	0.675893070670425
-1.39828207460109	1.96028636916932
-0.0713527966686419	0.0478793121088529
-0.0883123958907575	0.0808674536115437
-0.181647379484479	0.276542888002325
-0.553847518085914	1.18746941806916
-0.45319683203286	0.320500095577327
-0.844075243225266	0.471507633468132
0.542675838105399	0.392014378364101
-0.659138160746273	1.05405607914674
-0.320790736442158	0.458490572730083
-1.72881076445926	0.990033730901325
-0.400745564706529	0.244842906830414
-0.399828070152531	0.827273732961855
-0.636406663978322	0.708150791612762
0.144280901479087	0.111013162271298
0.22132991030948	0.419595660047133
-0.484400518844475	1.16306236886085
-0.458328539733405	0.311841709928565
-0.334440908216294	0.216329268649042
-0.454651816882088	0.200627796102784
-0.345760774734107	0.221401735152593
-0.089281325884579	0.0430315139469886
0.993401822173139	1.00112985926792
1.21399683913427	0.673941905692906
-0.120200051922684	0.0534763593255995
-0.469901346380989	0.256439646435511
-0.2491503706705	0.13580112756294
-1.28588497090428	0.990190364495995
0.628449870419122	0.280321149432668
-0.560305837387898	0.215377519970377
0.896673671094862	0.595423495961413
-0.0864262031867256	0.0421290918811557
-0.666456121694288	0.335749965175824
0.547309798354921	0.284674180526666
-0.557180518533335	0.281911519530632
-1.12984351740347	2.38440240162656
-0.52911567375003	1.66644889166104
-0.727948042443232	2.19860367966256
-0.668153634088579	1.2728495643283
-0.176877886603225	0.372269175021135
-0.456932063202479	0.266695822782252
-0.387147375543709	0.496033957626256
-1.00256284243432	1.31497818132345
-0.82737784921443	1.01046039510979
-0.764975008952409	0.820461407618759
-0.349998543772428	0.417429163372502
0.654336310888197	0.835193286103109
-0.598132933456591	0.674474289526713
0.122377933542217	0.139627900633006
-0.143129113385332	0.171175484172983
-0.0253425050698647	0.0274148023777213
-0.444438425287971	0.552878010828058
-0.161387697683277	0.182942514329222
-0.452421868506259	0.490697038559113
-0.456864011882558	0.443904547315294
-0.583709353632796	0.623009767079442
-0.133720566943999	0.160000047441324
-0.148628761973645	0.176356401282508
-0.506449904986959	0.800911114442618
-0.407876891688343	0.52143684445979
0.200855488635721	0.23069397413228
-0.694423840747474	1.04046890844352
-0.15551736011953	0.145474602038375
-0.0976800239222447	0.0859469249090865
-0.508336878790497	0.657786355083868
-0.0319310278550722	0.0310635332837458
0.374427079158292	0.449590002333855
-0.0858934241528776	0.0743382065622683
0.0169616914501587	0.0165977949949514
-0.577084087250679	0.827718956837563
0.0240407468908126	0.0217161588856242
-0.562505626692671	0.839554408516431
-0.247473922601944	0.346311478052681
-0.411793585399472	0.575095001471334
-0.116789994880363	0.0994850312933075
-0.35320962857248	0.372962477618282
-0.42600792358638	0.47448623491066
-0.196660405269763	0.18085038858083
0.230848543419527	0.21153155340124
0.636900682326887	0.708998979363137
0.526015877391669	0.678779293676505
-0.140882524405596	0.123448763524406
-0.397741397624598	0.350298738440585
0.235324455331281	0.216197984785194
0.574847113563961	0.710217239175397
-0.0246997270790784	0.0176225927458909
0.245979041165329	0.219905663354317
-0.356220373596004	0.352474519898502
-0.236311826098265	0.221084751126594
-0.766582825742387	0.968193905388431
-0.149418225192016	0.136977001528728
-0.853892294451015	1.75884035420228
-0.316052915897106	0.377794054711444
-0.638400928407452	0.854943248163347
-0.465027488187463	0.686731306290107
-0.441343194256459	0.784726076021674
-0.638464446531554	1.63530960219515
-0.55497629061574	0.807239885485588
-0.126210455086057	0.0955266002902765
-0.287183326935233	0.271447285265009
-0.374611523399526	0.470737188068322
-0.0378802335387451	0.040874018620438
-0.174961593899664	0.14410514350907
-0.21397943136354	0.202686330879247
-0.436800418237652	0.595996859453479
-1.0367386810968	1.45643725639904
-0.429010269416914	0.63805092851886
-0.213042505260415	0.185155398017672
-0.254057578987246	0.235620494918827
0.237614549628036	0.202454080865153
-0.174852718951891	0.156800033603295
0.0534134819405972	0.0458680804452345
-0.70008021692777	0.690893639246056
-0.440734826113248	0.665555192287006
-0.321071239399425	0.453985005477968
-0.275056024055973	0.419251178395346
-0.255432788453456	0.305590806209983
-1.00441353025971	2.18518805222316
-0.0784495024368228	0.0751271488419402
-0.171759958109655	0.17611751031025
-0.221241219166849	0.193905481795488
-0.759669298492603	0.844739776896503
0.117656837615307	0.145189033779835
-0.108605219011242	0.114384572081632
-0.17704928726771	0.213562844201204
-0.233772496529283	0.34634801163833
-0.252165012733658	0.357780840594215
-0.458805523825235	0.611432537446262
-1.13489367584924	1.59096517259607
0.0349344279909456	0.0279019514005107
0.483465880640588	0.461438231941396
-0.0656086659112669	0.0678200645624795
-0.579256321480352	0.806281698555983
-0.337536357443646	0.327789754441498
-0.216689228568667	0.204893800754285
-0.17888456078259	0.213474889254901
-0.237808668810853	0.256313177970061
-0.12495689257284	0.116331323371411
0.475517913383444	0.734252055071534
-0.0287382760623162	0.0283767516307798
-0.526950531349376	0.881891847660683
-0.532871466713037	0.637905749681229
-0.530414471590675	0.467959048993592
-0.429464967509522	0.381463819858371
-0.158445462530076	0.130577330499205
-0.615993753737176	0.600561341408574
0.835697065827798	1.14307639888291
0.239696687974164	0.189514635149921
-0.0160450300137773	0.0114847771964759
-0.0174370362038701	0.0121422217743932
-1.04250510431827	1.2635231874629
0.922434760507821	0.971213066710722
0.241139168447257	0.219436972985974
0.33153860942897	0.276291084684641
-0.491361552496998	0.532457380249106
-0.432377562136267	0.606875934707141
-0.566274176882511	0.836676690173618
0.243268646271899	0.261616383192825
-0.26179866513036	0.328641017734583
-0.628896608366583	1.11821083918656
-0.695553088974053	1.45307408598728
0.388577730456849	0.576576811247009
-0.177604859194706	0.154848949655235
0.0843735257495638	0.067461045993827
-0.348828786764358	0.370345063414455
-0.638640211230575	1.20245478449621
-0.0315453113413063	0.0305428631482135
-0.287374118128608	0.267992866756412
0.0609805358948252	0.0529379869742622
-0.148875524876377	0.133685584788642
-0.211367908004963	0.286595978839244
-0.164187194230087	0.243294373966786
-0.2825152263436	0.346500381013973
-0.843728342567906	0.850205019599767
0.891984702403134	0.581175128190719
-0.477929566103365	0.40755245066998
-0.311557513084284	0.26657628786731
-0.351209094838457	0.297748793026025
-1.40594548334013	1.85107128098645
-0.668056681434287	0.556224963717616
-1.12045530062187	1.1905060318284
-1.14574627678351	1.39339391713906
-0.769163533274538	0.851719875624698
-0.73363377017843	1.09593768683261
0.04733448068093	0.0599929184968335
0.133840135292051	0.185694590473071
-0.209039502220239	0.23484210653696
-0.912643367916353	1.0118374191411
-0.445831919479262	0.615777308356413
0.0143999401608468	0.0102048400576168
-0.0513868978008406	0.049893140909824
-0.00772033908759338	0.00720971013330535
-1.17528040734582	1.52121167181324
0.21234927071628	0.332078964127919
-0.228284101777062	0.325527466184753
0.0104873203323984	0.00658128122566689
0.027701736765197	0.0175397873983899
-0.327013367531492	0.359338380919533
-0.39925281732205	0.528847429555906
0.0143369156099825	0.0170235621665214
-0.517322154833749	0.625422221644112
-0.0588643265051374	0.0455195159670619
-0.0264232508712107	0.0214789742146053
-0.320037101356241	0.450227691887972
-0.204307433878355	0.252816257918009
-0.759446779100768	0.944842325366953
-0.450420035310947	0.432563157789183
0.138778774387581	0.0957753273810162
-0.0883371757304678	0.083397483982506
-0.19202314139477	0.213329328343428
0.102109049660809	0.0578426310535359
-0.34785027743216	0.314532152120778
-0.0699842440561612	0.0794032192468704
-0.164397951941342	0.147497455047539
-0.34917425637722	0.372323584341626
0.285702417760427	0.471556560306509
-0.0467349116205022	0.0526035609296336
-1.03247788954881	0.986553251588296
-0.859548926588086	0.576147577165788
-0.406553171664974	0.294076154340545
-0.397198742401724	0.320693683610223
0.00282219148676653	0.00155755970041334
-0.394683305683253	0.283783132359374
-0.852466427390718	0.833073629381406
0.788760349870855	0.780046833248413
0.248262642391459	0.164421233764419
0.730669554161744	0.631968625319236
0.456982787245272	0.382777071821218
0.439317184276929	0.267307631297192
-0.113489324535182	0.129685018990793
0.173612850057138	0.268573663564542
-0.2701710175297	0.434034531196699
0.350567885226638	0.633711715621326
-0.535198615134619	1.24845051483005
-0.0312707419454404	0.0382619320978341
0.285723517814387	0.450235453520991
0.185597498394198	0.256438606820548
0.528097400202626	0.839131182184257
0.345321642791505	0.63749568279901
0.335820683773062	0.71288303066103
-0.595999202088252	0.910024702071673
-0.44088336813461	0.365181566647244
-0.563562427126004	0.422595682257485
-0.477344188781857	0.420405512442829
0.0734589283135982	0.0697148203530242
0.659241214606833	0.808632817547786
-1.06365827664549	2.46464573179731
-0.17553441807172	0.310039678033418
-0.237547038387288	0.276014984252552
-0.0240522163437355	0.0240275207149171
-0.46158319500361	0.252843996052289
-1.40986689188755	1.17574264159761
-0.836504838122542	0.434036634129204
-1.33632349955194	1.76758183280749
-0.302760125205694	0.635597187532056
-0.113589059988887	0.146351322786478
-0.243615560105973	0.232598563151513
-0.491317139590482	0.381022365682148
-0.45113227874875	0.190636549746617
-0.545854970121937	0.294394919858091
-0.17699198520594	0.272768796353842
-0.101158405665184	0.105922255057871
-0.32171574531818	0.305639500788307
0.0970491725686063	0.0469785759267487
0.0978827121739082	0.050999670229547
-0.117291693479155	0.116118491662477
-0.713059730938005	1.59736573973716
-0.303030987666583	0.157515733037936
-0.0624868351488024	0.0330571597336107
-0.119810205408015	0.0541617528166064
-0.0456448827149194	0.0303736984347223
-0.311053537500907	0.354372291492076
-0.183252253921365	0.163662134165206
-0.0360836674494143	0.0323925909848045
-0.208347467546064	0.343941656663503
-0.437422141962227	0.89733367762776
-0.194378843197127	0.345105684887031
-0.67094423986548	1.81622402266506
-0.459219450857983	0.434275006867177
0.464827505400896	0.38305644921311
0.525101835357127	0.76349686888434
0.519933502649521	1.13129727705207
-0.0603747263876311	0.0618402217427246
-0.352036767989357	0.324713598860897
0.489886859951524	0.26727477466628
0.255688023435337	0.159731165216973
-0.20942977840356	0.27748653357045
0.140648707268501	0.160783388585199
0.636069549830839	0.282712498447141
-0.350856429093288	0.318656573072284
-0.311529495858315	0.50627105056106
-0.345874348882565	0.342803871439679
-0.0893972365910482	0.069565564496833
-0.124934234452573	0.193826065872963
-0.123867853033447	0.169599872506232
-0.465009078906405	0.272908545659549
-0.300879523607785	0.157647302128395
-0.109525048830868	0.0689305248333805
0.0959645014474714	0.0446012353498772
0.456553530392768	0.364803093248953
0.48139155199753	0.372343752658769
1.05870152938834	0.909381706033444
0.887619441077185	0.829672023842729
0.798040889309747	0.554002912488291
-0.214477115653972	0.470932849219723
-0.469861834166437	1.15682891234845
-0.506544320406552	1.20451092387694
-0.381043759868028	0.852412901557431
-0.01296191353579	0.014493953601687
-0.19465089136453	0.380544497813146
-0.137701580958405	0.225937025342106
-0.0654012726168365	0.101960417803636
-0.645244293771759	1.94287338565107
-0.313251346520812	0.723898773972098
0.265176917791538	0.312914307661996
-0.0192501493779845	0.0109005565820432
0.654510349907752	0.420711916672806
-1.2239196092171	0.723644438443023
-0.223014285566409	0.248843064645672
0.422260703901161	0.392582090042041
-1.31943229959044	1.23280066141066
-0.221950181785334	0.148381011235932
-0.520654056621591	0.596750259338929
-0.0849515587310078	0.0905059857993887
-0.23429252201621	0.308208603117706
-0.403306226811566	0.454403041598958
0.125360396422583	0.0842604803645618
-1.24718952944586	1.25741258921493
-0.88129925643905	1.07382252660982
-0.348768017753952	0.39225843219835
-0.546857834109278	0.94460166222545
0.1858618112596	0.242786750984067
0.0427987504524902	0.0449845355428879
-0.530983348331417	0.807027552410586
-0.875154972369338	1.08025558542072
-0.118958531434855	0.0887373415511313
-0.553114084137156	0.874949978795133
-0.346056047715339	0.282426687249269
-1.08564111098942	1.23024024271271
-0.349521860062277	0.320263094144948
-0.0572301607894802	0.048601353063864
0.408014455464547	0.575468899006651
0.336465512290272	0.368511277340106
-0.0952950995836592	0.0894896625575856
-0.543774473223175	1.3332301003609
-0.0939075191825971	0.117792473491095
-0.074431932192863	0.0747016373631422
0.1358073106161	0.0989844636322713
-0.0205412830595985	0.0156532056727345
-0.40949779877121	0.416994422884997
0.139067962902386	0.144291871936811
0.0816871760778697	0.102282276416289
-0.836611746002113	1.44490103855599
-0.599453748363041	0.79491427147885
-0.633206990982477	0.651732003294803
-0.695882571077911	0.779415195868188
0.187850156946483	0.22239790546706
-0.144923333579032	0.166516776963956
-0.762762043197455	0.868038504103054
0.0232821170439411	0.0209889608081574
0.100136410659806	0.1137175538087
-0.450239657192531	0.526453237536008
-0.149951465686696	0.146160276558131
-0.831599373657071	2.12226460010371
-0.298916867530192	0.197391845579712
-1.1091984586628	1.40142345537808
-0.757703885675821	0.774970089552167
-0.016889375117639	0.0120801183504575
0.107107152430768	0.0579724657335372
-0.0764598446033097	0.10224620439322
-0.138480333038457	0.18857877854197
-0.344832090262196	0.501584052541842
-0.156931824446287	0.23713273895408
-0.551540999991273	1.24201559654572
-0.0212170991351836	0.0230577418829289
-0.0400143686519275	0.0422221243246957
0.291226198247604	0.413669925175436
0.289965330495219	0.383116931786944
0.440868499760402	0.89104105659964
-0.0817190883344434	0.0876285702526119
0.232807342112909	0.176291932449428
-0.105665335045714	0.0786077763944128
0.236278132163967	0.194259112067884
-0.00264894111565608	0.0016169690309395
-0.247835860845222	0.188884126638771
-0.139991294792208	0.128334848377153
0.168622453999205	0.149730472713543
-0.348144709331968	0.2596141461278
-0.0658792889296736	0.0348997337585233
-0.250813529848045	0.13802436150748
-0.245699054328301	0.135840872556132
-0.506847002913242	0.39497464618857
-0.687825597070235	0.625937146443249
0.600894799040749	0.712660831121878
-0.260146696750681	0.384027311034824
-0.0259952908415611	0.0141718329001978
-0.392701417503749	0.246038272502255
-0.205424362765927	0.12152194375463
-2.28984390943441	1.84540833185618
-0.585081457235263	0.797347755123629
-0.846655095410798	0.739259033922765
-0.267023193463418	0.208267614459269
-0.856488384130681	0.73798099457239
-0.245676842099494	0.229589716443561
-0.630411015141049	0.658753145902204
-0.378293880276907	0.698258768988437
-0.258647979324544	0.311491048818075
-0.114698772462431	0.101871945590665
0.497532472812956	0.486956379752791
-0.007602422071458	0.00442271312801232
-0.496744530832251	0.835135734248872
-0.362508750718484	0.409215814191411
-0.599267244982856	0.51110716765063
-0.109984208770345	0.0707957473290681
0.0455354008973264	0.0312310406773114
-0.707458730051132	1.24279290504493
-0.323102431850728	0.341872970850804
-0.429947491676511	0.60430084698618
-0.573804128371983	1.62859107475454
-0.213435129211487	0.377333342085189
-0.324106689557722	0.612164028130406
-0.202091572643759	0.163563186304364
-0.458568177413063	0.326215249717829
0.238634750840717	0.19457791976832
0.223044258056945	0.237274629378369
0.107001925174531	0.145994882456997
-0.17518190344815	0.218052741014708
-0.457621459160694	0.427297340208404
0.315386596243766	0.286828999846333
0.111208039854325	0.0665743129839784
-0.443082770364446	0.694860075346276
-0.034876946334686	0.0375427006308559
-0.593111780282827	0.483562152241536
-0.948690078627202	1.19614421799483
0.191354526093479	0.250575230752002
-0.52131359849203	0.608176162761742
-0.0522541032122748	0.0406509405057373
-0.253420023943622	0.455381148276941
-0.853839669814218	0.748494336246153
-0.927297430366892	0.927262341568705
0.550910415568628	0.289164757680891
-0.0622193386903807	0.0328739570995698
0.461624207109889	0.38213810974094
-0.113564281698059	0.191660810577659
-0.25717196087083	0.459682663929434
-0.707025292591753	2.29338537121046
-0.319734492744626	0.684143609320861
-0.304832173006173	0.657926297133827
0.115281758790466	0.194324526592079
0.0406257531281239	0.0631570644828396
0.0350450758153946	0.0543869676189432
-0.0893575092610086	0.106228810026282
-0.988835095573862	0.735619833258299
0.097523541024496	0.0553647131322423
0.00472588329928819	0.00301023050720919
0.115286820931046	0.0670407130481261
-0.232660072405223	0.177724355477305
0.101543893066959	0.106362864625767
-0.469124879679815	0.604294221307305
-0.697328208576007	0.721847735518636
-0.353352939721467	0.302984652871795
0.330858208995724	0.28566620487024
0.985163604607416	1.2421426871888
0.791396341129582	1.05187470165076
0.679548534217945	0.755597045332485
-0.393426109935314	0.327072909777343
0.842092443796632	1.17721420561208
-0.266735858957719	0.285230989047997
-0.0489446449265149	0.0432522176916832
-0.692977845151137	0.694850343585343
0.408355751302567	0.375300859201471
-0.208672455552019	0.147156753707985
-0.186610812702737	0.1369524627252
1.14703093947547	1.72711745495861
0.105660704330169	0.0957751790840972
-0.232499550343	0.203774960540452
-1.13702797086296	1.57904370110939
-0.140302612957241	0.149636157134226
-0.770187583120034	0.804762998874151
0.602990844971492	0.76813059333481
-0.135234838906173	0.12464647670005
-0.200716885062717	0.200317333063781
-0.258078345846469	0.325984611705325
-0.518329265681123	0.659382747621833
-0.482003168532485	0.565319088857126
-0.234707979060424	0.286411686236259
-0.177578755556369	0.138453668730501
-0.478228844315416	0.584569352249942
-0.00709062117053322	0.00513912742872006
-0.551092969920283	0.970108082978229
-0.149827479866685	0.191978136643427
-0.604314307392631	0.694727554570943
0.0837119305292803	0.0673467877977227
0.159131062899001	0.134598296740742
0.102953577765855	0.116700118841255
-0.123673254795418	0.127694501759991
0.0604071283698665	0.0619193448418248
-1.11043137467251	1.99731101992338
0.327359900738459	0.347197520868097
0.291972678060399	0.306113173693905
-0.649442315209424	0.933487913632018
-0.133990602547381	0.119845215524299
-0.856785683166481	1.19603151077931
-0.535589129508057	0.656635777093695
-0.584429767941073	0.751103315478443
0.0880064750697714	0.0694299831822926
0.236731644098676	0.189516782441447
0.0585528748504986	0.0518960745750254
0.537288937880632	0.497292185853464
-0.811533503419946	1.15170610401195
-1.04609531248401	1.88104336081704
-0.0265367555054293	0.0151732426101732
-0.210730307005856	0.123413969246396
0.178196421937844	0.194004989393689
0.475268649896859	0.71331434494977
0.240707687887937	0.226593352894066
-0.615938923495805	0.567608079152392
-0.0649052464082438	0.0492780819768109
-0.443723220024	0.369086572136601
0.597740720268772	0.518177166044171
-0.810708974455063	1.13517828739566
0.773626188753784	1.19867355893523
-0.3825692476441	0.350644452037581
-0.753889616981386	0.86478229384433
-0.558500547431846	0.41837748383965
0.0171321570655723	0.0105452592042407
0.437959444609555	0.261079857936048
-0.130739170781465	0.098171946424098
0.538173037110907	0.489202805224782
0.00187162487686934	0.0013926509819799
-0.102851118349106	0.105087181273478
-0.115892421534427	0.131983864397486
-0.289247368580697	0.196623493544274
-0.307480096505661	0.240836204257481
0.309742331330823	0.314589572673401
-0.454995601092048	0.421387918401974
-0.615050499095908	0.585536061482331
-0.0879922942896352	0.0578374452123897
0.236685389265817	0.18549880241342
0.835771230834102	1.03937807917083
0.768000814983506	1.14485031595962
-0.0972852778244919	0.101081448542582
-0.708895222940093	1.63463444683172
-0.764235289992518	0.731098631597748
0.0118111021911582	0.00869477345304868
-0.0687089050149058	0.0542454121220379
-0.199054948201656	0.290423301585641
-0.237941193805007	0.347689573103773
-0.296218093936017	0.414141533899643
-0.469122718521258	0.736669369857797
-0.162773616627298	0.216896826890543
-0.356859080988675	0.516667342817672
-0.408895831952139	0.428245781044814
-0.318067158034765	0.293786505002281
-0.696421949640494	1.10867007651597
0.00291610909392448	0.00415407961742571
-0.167849126361817	0.19693193816309
-0.0899142206469043	0.112548332237919
-0.0636313416046772	0.0494805882893748
0.695772136492896	0.9193029961642
0.16974488133971	0.155243360441052
0.122880146847252	0.120136040874451
-0.39001937204473	0.552808164708095
-0.187152515908327	0.207534311322404
-0.474104145829098	0.540956188779911
-0.706682049902897	0.848142383826051
-0.354224127731622	0.327639914290645
-0.774345673312877	1.34132981175281
-0.60389647948374	0.957085758957039
-1.26679063559585	1.54215749367673
-0.477016577996769	0.420429609931204
0.411606294100527	0.392914788681482
-0.614120445290392	1.26125313457874
-0.422119082607539	0.601420353016178
0.594148471162916	0.953049764418185
-0.214519372730347	0.256903188772171
-0.153011575602127	0.237680986022981
-0.451586519516152	0.704307840823449
-0.352117252140916	0.317435239535457
-0.348409637537696	0.285537816687497
0.155093747814905	0.121403668269361
-0.635523137521688	0.688055879910808
-0.704198896162422	1.05683417022473
0.658740560356216	0.901271519892601
-0.596111797884262	0.5251755048329
-0.152950815696608	0.114066640575032
-0.855719863238786	0.585161321321865
0.61823023793795	0.488205394795109
0.113074020993785	0.0694365138697013
-0.0884806295440437	0.060151077328555
0.770746975246884	0.969231149529492
0.0473031249474266	0.0529114057384844
-0.101024177691098	0.1539273744885
-0.0380753389453671	0.0438222037359377
-0.499813033671883	0.89164227039466
-0.132870918931646	0.0836694847023255
-0.0441055846966354	0.0243798693277098
-0.197266570463889	0.109874055908319
0.234995836899719	0.152106763578067
-1.40516899299951	1.1194881662129
-0.588660864202241	0.507496803328673
0.728187155618798	0.555278382921346
0.793534290260735	0.918508930434019
-0.167269191555495	0.101189621572946
-0.350173381158995	0.343357595489541
0.569793481345939	0.838978668206615
-0.128813991029267	0.233825955898707
-0.0924201540037472	0.0614728578672231
-0.458292249852554	0.319434387010561
0.268893141452202	0.155186270681586
-0.352281365490555	0.42795801810682
-0.327328085191445	0.521207306645254
0.0843902873194795	0.142208870430754
-0.307211742256078	0.644369992953917
0.124441663187844	0.212425703991058
0.298246714329264	0.615447290963185
-0.383433044984445	0.84036773866868
-0.0675632374144586	0.0804344799961644
-0.539659812297535	0.582057497891682
-0.352743783684659	0.266917794583859
-0.270553744851799	0.215290470648876
-1.31282530808873	1.22659748627617
-0.659748172511302	0.317394398205019
-0.307123417685756	0.240589666447656
-0.202570949514558	0.285827504479343
-0.296502819357959	0.334104334379282
-0.373101898969115	0.859783311481763
-0.382745317989506	0.712348253831095
-0.14228157974029	0.249890592715003
-0.0124619876385081	0.0176016226784578
-0.0173688371845345	0.0212058990629186
1.1198859143087	1.3941390678266
-0.431106484663657	0.368438512827813
-0.351652391052998	0.320679338971573
0.402680421900023	0.536265317990884
-0.0651401549955587	0.0822000561981742
-0.22676150160077	0.322969293005533
-0.437107929135048	0.433099899362382
-0.137186995524252	0.0859204712411737
-0.17321498224333	0.104169764905063
-0.601235847777409	0.700739287693145
-0.399780053596824	0.880900289387431
0.539515029382259	0.374897768875204
0.354265805910628	0.272993083272699
-0.873801612163678	3.23521738253172
-0.63100817895615	1.46397523544096
-0.335635615652117	0.786178984333154
-0.585097025918896	1.63117325619975
0.00154147205103036	0.00204627663156909
-0.0151797116463928	0.0232671809052297
-0.718769449891644	2.5820690125376
-0.522745184097311	0.357030418822288
-0.41221259648355	0.536618687997053
0.283498871912634	0.313172055704289
-0.926657673297164	1.25748254094798
-0.316825405493086	0.286028607643972
-0.574248791183104	0.580911179396918
-0.113638022080054	0.0800156580261691
-0.477055863643808	0.407493348503357
-0.714146689719341	0.809910807670005
-0.272457299218746	0.234042645545986
0.126722790487676	0.0772021827928794
-0.699114899459231	0.748185914968482
0.682483252625263	0.763356459760729
-0.34585628939409	0.362056944269062
0.0895566131532837	0.0927161726925096
-0.258077688747164	0.481717449854397
0.0315572381007149	0.04880123066585
-0.236652884994188	0.382129486570879
0.225233814448442	0.347866346967384
-0.102356580073417	0.0781862699220798
-0.62763344943504	0.639473537366328
-0.571323055582091	0.430620263581262
-0.637921258101009	0.621731225067798
-1.07158054370539	1.12822108789194
-0.906094338448752	0.979487640828214
0.320477407673625	0.278952325733036
0.0443905555609974	0.0307092509986224
0.71699319695459	0.812889946673353
-0.246555053779585	0.292090315380522
-0.401699808619519	0.641929827225188
-0.344908227859208	0.935942095385843
-0.29676973487952	0.589625209610066
-0.640714306508182	0.917005066681073
-0.110495631769778	0.0721230991507026
0.525056614153855	0.508959151439436
-0.104614348938352	0.0802963424356009
-0.178536449775217	0.145662515851367
-0.267051288638731	0.292051704044542
-0.127979407828531	0.154485433393469
-0.0928192356225951	0.127104615361426
-0.00908691453228382	0.0116653181458297
-0.178033597583341	0.361223236287355
-0.125966178540504	0.21844261560486
-0.303071571265961	0.712837037917578
0.0237464208816725	0.0338648938968829
-0.209295499005404	0.354124687672911
-0.725129276462388	1.58195798273203
-0.454289614883043	0.673660441085401
-0.180969705452392	0.163548101559137
-0.471919523618844	0.516048708577025
-0.766164899180569	1.74969886535908
-0.114708727918765	0.117957885202179
-0.868029056431825	1.14105572247932
-0.284473827942086	0.263298185246284
-0.65799816322235	0.860557587114086
-0.592251539338343	0.639834304496124
-0.850767810932874	0.66726100995187
-0.933657100837079	1.24570822568363
-0.153714492123955	0.280774953459357
-0.350774378652524	0.625080827975857
-0.21530706507785	0.207170914785619
-0.352132622710454	0.348949266402235
-0.701608911559181	0.712004951239985
0.611451919626633	0.728295166240127
-0.363284539305761	0.655042691269686
0.356646097629741	0.571823004526817
-0.588153537996024	1.1412185417795
-0.522144132401335	1.56705359354207
-0.260227371549899	0.532133311767993
-0.26642089195013	0.549019572821318
-0.147310932071742	0.266710931868222
-0.797465804646667	2.45692239534856
-0.70348781736781	2.03549661271385
0.316113184695016	0.301539573880342
-0.249464268334106	0.275362588161489
0.106259355731884	0.0947062000349969
-0.38107749294859	0.585571044585415
0.0266582246088451	0.0351202812799369
-0.499643620627372	1.07377687032653
-0.245198820596527	0.251971374078376
0.374540006825034	0.387153926959465
-0.823245964096869	0.904835081488257
-0.238161967886204	0.395175072385753
-0.462778852306457	0.868398921056469
-0.860418872246919	1.22365411066033
-0.540297838591478	0.720362747910461
-0.436923758427986	0.95968248561765
-0.788776320805038	1.28124207586245
-0.531862849729539	1.57477699730883
0.363197260337629	0.262486580426843
0.428281706702979	0.363744919651726
0.692378589957767	0.64288731285678
-0.144088599333644	0.238492147553008
-0.454709516803077	1.29582733593121
-0.497490713522782	1.49487830414502
-0.45404827571943	0.773707197556967
-0.273164011148144	0.235542618560248
-0.664778514707403	0.567798269586073
-0.115435818512193	0.149173834653525
-0.351275008676887	0.464045685587203
-0.603028691862637	0.984942787949985
-0.273014270858059	0.289349594653144
-0.584033716856917	0.844315955758449
-0.203385509713167	0.201076235294971
-0.690318160091636	1.01912633632129
-0.437044368564489	0.5532471002833
0.171788483234393	0.176887252111173
-0.170443803551006	0.200730673631212
-0.2608729086355	0.27415264686285
0.0309904764931134	0.0317077924115596
0.0149005251581549	0.0131791955818572
-0.153044548969184	0.175120683488914
0.0197026142840162	0.0200708986265489
0.265092506002342	0.357475573234007
-0.230116661208019	0.318896488683754
-0.281093615579937	0.36262998888175
-0.108242630909302	0.101059131214049
-0.364631415653944	0.485947281112415
-0.257019346262506	0.285328155155708
0.0351272361883849	0.0330132988895356
0.132995264418539	0.120390857235641
-0.0705140059305349	0.0609567173115966
-0.353415008615794	0.458778211949057
-0.281123525306754	0.379495191769142
-0.354679228874369	0.634468451130573
-0.462266268631278	0.794982259122467
-0.0540272485989888	0.0711315508987339
-0.121051880662263	0.154314001369027
0.309161527155265	0.406881154189553
-0.644999548733308	0.930274636515645
-0.438185748562522	0.568825327001838
0.0816708604390518	0.0752859151045217
-0.31257374463169	0.388933145687292
-0.186415757757927	0.235764205489316
-0.0955911721225485	0.104633324483777
-0.304966155307471	0.45857138814274
0.119693244535994	0.136951481583741
-0.0210801822300051	0.0251807803991018
-0.767501684537757	2.23549214640593
-0.0163259360028199	0.0159177756008904
0.614176066451161	0.802526655226644
0.122826372081319	0.117528735830908
0.0878216281299328	0.0705175888844905
0.769787850155882	1.14578855435759
-0.962164786137271	1.99959429740746
-0.629186113370626	1.28749490467583
-0.533162846773193	0.832097124443809
-0.174417253596541	0.181093280629287
-0.21791637176939	0.334910546468931
0.214574142243988	0.318287435211813
-0.108710339488466	0.110013369227611
0.13698880964513	0.140126749556912
-0.260285590205673	0.312953411914863
-0.159300386611357	0.156224954496552
-1.09014554672432	2.15373731195383
-0.440519670408538	0.542469318028399
0.318018872756448	0.385223060527608
-0.523343011389799	0.674075132303937
-0.617253210374025	1.00304015844155
-0.544624801355933	1.09491429807121
-0.0786088637520756	0.0998416617600047
-0.315038798665244	0.397522092421424
-0.108768297371071	0.102531783736093
-0.141585174061771	0.1589137123316
0.484914761941812	0.702331937810422
-0.17187259528799	0.204661896896775
-0.343875990063176	0.486140947861838
-0.589561865766217	1.30801347028498
0.0422299415454968	0.0495136211976896
-0.0571394378615369	0.071734113844952
-0.0934656215095975	0.121478531593952
-0.589511524487233	1.17574053225328
-0.01598458627046	0.0125960676182103
-0.083876969371017	0.0786705189333746
-0.266440257933494	0.284915130163528
-0.303296797339221	0.429533609343231
-0.0930602700453747	0.0953709648909943
-0.343160686293982	0.449174766066208
-0.453887666240349	0.693545116897058
-0.437534043357614	0.6015966668107
-0.523087129163469	0.733433124458118
-0.16997052361701	0.165789438786769
0.322166231370648	0.397349323532713
-0.20383706185134	0.282161823719125
-0.171898011654802	0.186258569607135
-0.326363023960382	0.38503492154166
-0.448664539551999	0.713759714233265
0.22008272384149	0.288115131058946
-0.707111179587304	1.35313572498714
-0.858519310055326	1.78356608563349
0.559772086729415	0.702242097917766
0.379475924741525	0.480205827054401
-0.88491734005139	1.37656453514619
0.282522144576802	0.384305255561225
-0.67275748292081	1.16454792911726
-0.422148547262849	0.671718081353324
-0.324179791113675	0.418840895608574
-0.230160420530779	0.286580426108729
-0.0971912575957478	0.0985730624490562
0.309965478293513	0.365229770678306
0.534765012932567	0.901965301468152
0.105228172025786	0.0971081705765286
-0.171610728717402	0.205188639996802
0.150437540857885	0.177811663388714
0.318360628323044	0.390474117150893
0.446120221413432	0.664923860365093
0.716712655584926	0.959602370364776
0.162382338862035	0.135169361963588
0.496757299246701	0.715336118626853
-0.262963553883378	0.284192000200916
-0.180200368359217	0.204708662210743
-0.685111898336865	1.255607734129
-0.162797459225432	0.218484961053421
-0.334555520920886	0.417712595254791
-0.434216046426067	0.65421876486472
0.0200894292599418	0.0222123547587158
-0.353170793105672	0.512720205631366
-0.381905531059815	0.602319429129343
-0.478525166686104	0.802983519918497
0.166940714113158	0.144987839705898
0.459881138190689	0.681573121040045
0.156914820941609	0.225154604801715
-0.237760473752144	0.342258984517183
0.457664942778435	0.807566933135276
-0.0683285263232791	0.0823153538230138
-0.218692121673035	0.301431255574329
-0.426155547966379	0.649594498432331
-0.280587541820499	0.432392311301433
-0.387657180714132	0.598356414001797
-0.0300354015892721	0.0328533474307704
-0.733440274925748	1.50994920404704
-0.286866744599096	0.367508962423842
0.0507928312103403	0.0558054557361978
-0.524825675356965	0.60827652535786
-0.351084639670018	0.296647914877441
0.780434364050569	0.748544585067262
0.958880174157498	1.06857543949847
-0.024220677103772	0.0137060292409095
-0.217798547138438	0.216174043021445
-0.655903601423156	1.3589271654851
0.188401874317607	0.24031913999512
-0.479154881575134	0.768681759233831
-0.805170727461598	1.24111820061464
-0.0547202359128121	0.0627120451061484
0.267404633097709	0.368939033293739
-0.637613180511583	1.18603819696739
0.13908141257877	0.150551548443011
-0.260150553986767	0.3209309968272
-0.15173322411915	0.173317582106942
0.00122385709208209	0.00124801178320775
-0.0122511336795118	0.0132947534938195
0.133619720262964	0.170486090318517
-0.305581935718406	0.383221670884422
-0.251206401727602	0.324549507757746
-1.07889697668781	2.64371240133313
-0.0622265596888756	0.0645684932942451
-0.186205465004395	0.234299868733526
0.0183125722480907	0.0197466509658858
0.148296181578741	0.179935503735273
0.195782184638412	0.255470772383061
-0.0588301932083857	0.06001808802214
0.916736342897207	1.38549261313308
-0.215675106055347	0.207025807792051
0.943975436970963	1.41305909082303
0.018720127766179	0.014552625878795
1.42359869682809	1.34605508550584
1.47903875666203	2.11869220773318
0.0104076588819459	0.00657450936697415
-0.137144072981428	0.176242018295114
-0.541693013517188	0.952933451302133
-0.55087350721086	0.897493136105944
-0.497148996044163	0.536871704213834
0.169306972121185	0.16114776024872
0.34209683642278	0.453470273391667
0.377373194658897	0.545025526116971
-0.844714238859943	1.61170611762029
-0.264267147044613	0.305426757125214
0.452867404853738	0.650844983029369
-0.571389938155078	0.974919192019925
0.532913353134686	0.819573234099494
-0.755247781820757	0.890973320952315
-0.370405838240698	0.573748259675098
0.146180822557665	0.184460454129042
-0.898985455548643	1.01851784303685
-1.09535851634657	2.01579044824835
-0.0969799453764724	0.0968047462214279
-0.0291927063369881	0.0236640742001939
-0.170487180469399	0.137833163887602
-0.292898545562564	0.448833594511635
-0.396491503739157	0.497439131568071
0.208664956305699	0.262556133449144
-0.467417742117881	0.764295081256889
-0.0627684347861445	0.0586226080986711
-0.0683960607805693	0.0696451760958513
-0.417978185495525	0.518779614164156
0.398574299091746	0.531432571732077
-0.219226662400822	0.238073732529153
0.228630020289279	0.26980490494982
0.00358064221245106	0.00310641154266576
-0.226180366766027	0.275306400970002
-0.273908603457621	0.39612922305803
0.290343918736374	0.399277817761782
-0.258343219051248	0.318977688521328
-0.399039490542681	0.551034352954092
-0.480362549330887	0.800827689303576
-0.000958521654103713	0.000944774952880416
-0.180508089704411	0.250592532173436
0.348770672212329	0.56131412812642
-0.114966461836638	0.140555241078796
0.297718724699838	0.314228264978252
0.327438174790421	0.461402371819065
0.105186379047291	0.132663481942258
-0.0519783997760026	0.0609933806699624
0.299003471820524	0.401700467574533
-0.158184109560465	0.194739441255268
0.316986193413323	0.499629147731603
0.32968148544328	0.559659645578481
-0.35855669047832	0.637808952947134
-0.424981671075721	0.695578703383664
-0.366389874316084	0.595492345857438
-0.803255432137213	1.73731482747677
0.766082798380251	1.5190343745137
0.2979404945948	0.314929519893006
-0.238002968213284	0.197890283198991
1.15006932548332	1.87661233617912
0.987242167956405	1.2122763693437
-0.141683106658333	0.125672872489303
0.164600519506816	0.147723989523814
-0.262770379981693	0.370049980146242
-0.194453767471959	0.269653507241353
0.0558835655818517	0.0591475104851731
-0.544924326195119	0.836338358660298
-0.0747829911113759	0.0837718244096352
0.41433251538377	0.665074407221602
-0.22026478566479	0.313243631559551
-0.0403403294458738	0.0458726886534533
-0.216930591721457	0.285020698107363
-0.710682110573147	1.47767923005223
-0.603861109014129	1.03243109182054
-0.127133542873652	0.134949826894319
0.307730431559895	0.43889422892259
-0.0816739356438532	0.0824284322475135
-0.359989484751193	0.568448060675397
-0.0330178822063037	0.035495286478613
-0.121104688746553	0.144714540927819
-0.109346137189874	0.135688719056558
-0.52246877392458	0.932636859599176
-0.388410538995991	0.666044276779423
0.160553192546206	0.198183507595242
-0.484922392080825	0.875784285981913
-0.535342241236381	0.857951128251297
-0.0753236997406415	0.0962372982847913
0.239080532590112	0.252012087482906
-0.249035758384317	0.268245549974902
0.104534859768282	0.120452018691477
-0.742663696217672	1.37448008664661
0.632570799982745	0.648880142295983
0.305379846649162	0.309042775952362
0.53133219473941	0.485089767347889
-0.27538317793503	0.408712882615671
0.188253418039018	0.25919577698645
-0.37070488679266	0.537472607838607
-0.224513607808449	0.232562126355399
0.370490042396978	0.400856298254123
-0.307533346287088	0.462562770329357
-0.106184935932476	0.152282536323042
-0.166926954311921	0.233151351648112
-0.153249253430478	0.229048930921358
-0.108346045814668	0.118143320783336
-0.0180581679561138	0.0196408995888533
-0.593840348952549	1.15506417661896
-0.399676648059328	0.527321391693614
-0.09593427984702	0.117615244488122
0.246508688597506	0.344180724001555
-0.616231769948494	0.900463212400307
-0.21178877177632	0.235693313729762
-0.346487248876627	0.416513774210012
-0.60719231587817	1.02050677687653
-0.782374941324539	1.80169363047061
-0.233673030885283	0.322811150790245
0.334888392064966	0.496126469565583
0.139767420471964	0.177707280150349
-0.500408627516502	0.947486306121448
0.480508061660594	0.792871609641941
0.236542751172492	0.264445090849349
-0.248310883482515	0.301296687373365
0.884803835505627	1.85872584330967
0.190570823097559	0.211135088326523
-0.503876246646075	0.719637155391429
-0.299759501930991	0.352525999531011
-0.299330076972072	0.299945635344715
-0.084408034043976	0.0851379014003441
-0.387652715635065	0.514273797997964
0.167993394476818	0.235274561828839
0.0136152224513984	0.0146199915285738
-0.175872107084427	0.218411807622372
-0.40380168820407	0.709215727974486
-0.461185018977646	0.860613391074257
-0.329236047955096	0.514052508287801
-0.557021380101947	1.0191373271574
-0.158995884502487	0.197110712040015
0.0527553991615469	0.0609253746679234
0.194482644151331	0.282784486842129
0.351808472978048	0.400020617127043
-0.0196020820691638	0.0223951535592176
-0.267254034870115	0.444028735857137
0.0564664485084502	0.0651987693421894
-0.0409794305999174	0.0472830425013733
-0.0696708454024907	0.0821588960897023
-0.273959405067296	0.424075878172877
-0.353219668894025	0.580527578187125
-0.524750393393157	0.964503477814753
0.527630188313014	0.856595066327777
-0.242401994686599	0.341929319253389
-0.584575842272749	0.713420959658617
-0.586380356272381	0.493609794367547
-0.035396804047311	0.0194078930762218
-0.261131662507007	0.19963595544555
-0.147948346946861	0.0907150750284277
-0.183919040360222	0.192398308071704
-0.193886706341801	0.268842222488284
-0.81833338605311	1.87600578618624
-0.663457212436195	1.41919910471094
-0.468305988112758	0.688620704131713
-1.37708864065424	3.98912600030464
-0.491340812294788	0.753776478353294
-0.143310806793177	0.173582743117407
-0.101461111454131	0.126919551145396
-0.2995429697997	0.456364957271545
-0.13082508797163	0.146763349933866
-0.258682453475937	0.437996919966974
-0.425468381552542	0.77627788930767
-0.355545473314104	0.597785190140306
-0.220182558673657	0.269864383997742
0.53708286259091	0.978158474366768
-0.457209076621897	0.859862406956788
-0.366440676275807	0.651114888165208
0.090951827545059	0.120096724449816
0.167137493547528	0.240260306278809
-0.458348760825629	0.743600075992483
-0.0172294212699338	0.0168084099410129
-0.108179283691323	0.145538572416468
-0.139725063838811	0.138034581519317
-0.27426816675007	0.348052987533708
-0.838362747861031	1.48720999176552
0.0158173116942638	0.0133539090083752
-0.249861394068119	0.136433525103679
-0.0644001808491035	0.0507038676920267
0.135038495098329	0.0997665700107239
0.0127153715834014	0.0134681409847426
0.45400855138676	0.759021766434381
-0.238660136796308	0.308595589364893
0.00386341836323207	0.00322286957167331
-0.219379116929172	0.268286403640425
-0.202309933277216	0.274666152583975
-0.166873281140374	0.238105445898937
-0.482925332439499	0.898003694432441
-0.34233738486027	0.539379667196472
0.145927407155185	0.160026662489308
-0.0988344890674461	0.127441344346503
-0.00939206881397061	0.0110219756906802
0.00244015020972662	0.00218290240463718
-0.621394255780546	1.31951703322945
-0.266545461563392	0.421886127866729
-0.34990668440668	0.448024929896015
-0.246275126617815	0.136621377520251
-0.113782381604144	0.0514181470221269
-0.662596968381291	0.318470898034799
-0.392869344011546	0.55012298264614
-0.289059004912756	0.370823717840153
-0.0989041243881973	0.0974916309296163
-0.0740845347583611	0.0647663581354143
0.0845024631935756	0.084180593165279
-0.219478302168676	0.300769271580285
-0.090478092900619	0.106622999609089
-0.0071254341094887	0.00710074082141695
-0.097951407129168	0.115325089869363
-0.168404966861156	0.182791179459792
0.313595821719648	0.448273612248689
-0.292187668492881	0.403901972042856
0.114395568357962	0.103871054711618
-0.358569275705617	0.532943584687111
-0.0200438857181486	0.0206840861405663
-0.251111526146217	0.3258162850343
0.566986468795801	1.00260157317633
-0.236262225657177	0.226745375205655
0.301899866071034	0.267662105803591
0.109719376438957	0.128764861196636
0.337287038650915	0.504759944233566
-0.112580769517652	0.130120171932024
-0.0985850997325083	0.10812213877524
-0.341598844562764	0.43506287706836
-0.631318230514398	1.09160686278678
-0.183771050509778	0.231956677440858
-0.380118613111737	0.585663906767478
-0.67148597270039	1.23067764448273
-0.147363166953284	0.185170806611364
-0.228618415091737	0.331180889935083
0.182563491584623	0.183927034036697
-0.329185200722766	0.500505089252423
-0.734804155183377	1.64398712943396
-0.156514462985614	0.195663964951663
0.0559031563730589	0.0682058371914659
0.0404638033236355	0.0447916672772609
-0.383296057642927	0.759551801586295
-0.0322530978816724	0.0386426062973586
-0.243449698576059	0.344682269635103
-0.759771216453791	1.7714374909447
-0.278814229421189	0.298356508319906
-0.238414763555659	0.184138711816744
0.963007252685171	0.891628856727545
0.684881115973326	0.859278563689938
0.144867555695133	0.108461482418379
0.335402062566196	0.398627261444248
-0.822481433692383	2.08743694744495
-0.257449923753734	0.348813968616943
-0.144988084915322	0.194927271103663
-0.0511067611309155	0.0558167139949624
-0.387489440249622	0.656485794369333
0.0569862023869614	0.0612086856749201
-0.115290007093028	0.141390312432318
-0.230698550238362	0.327042594431167
-0.382679285011488	0.528167453340548
0.0661991345074834	0.0720328469741351
-0.043807849421167	0.0494291108431586
-0.572434794188545	1.07692906857226
-0.564545351482028	1.08753167165328
-0.0887005537926139	0.104004257744292
-0.108325451997697	0.118417110892655
-0.59176176827845	1.08156326100231
-0.56810838649231	1.04751720472558
0.178955740219482	0.183450340705429
-0.728696024896746	1.07826515944117
0.0340764066112076	0.0352586731051414
-0.158294703934056	0.178040224841375
0.139263048682977	0.0970834003596327
-0.0567219060678743	0.0448174242348244
0.230913643809571	0.229636246083859
-0.0413463349865065	0.0466204498606733
-0.318360925513465	0.526840824876986
-0.294077034552552	0.355945182318511
-0.525963631776941	0.688515058227504
-0.328047169883101	0.409234406072631
-0.205702913420128	0.285320597248889
-0.231915196331309	0.330054081551427
-0.702153959182837	1.6438114150343
-0.202849496973413	0.312549661413062
-0.0737107955621544	0.0796987434505802
0.475495361820642	0.768105413195041
0.0487339437172323	0.0554710524984321
-0.272969520172603	0.33178556696238
-0.239354745805383	0.333659204105889
-0.664953815456582	1.56531122111315
-0.978561746848038	0.703637146357754
-0.463018620359677	0.192072604805153
-0.361784286504784	0.498193997506991
-0.00271803690774774	0.0027952639943529
-0.23343940960098	0.300560941790231
-0.604589365326297	0.910968255290598
-0.550838280706854	0.996187539098384
-0.173744083809557	0.194574157794045
-0.449979220539315	0.70515217167061
-0.221348520663382	0.234152855446849
-0.16178336509714	0.146215660054312
-0.319252588007168	0.293670731668829
0.68193424602024	0.842166160596428
0.243378038266833	0.238547711228766
-0.572359335283966	0.747395163418243
0.321722805765065	0.284176020368141
0.315360246743595	0.322860861098679
0.00269298104129462	0.00195120638069957
0.0224541975858602	0.0145226220356421
-0.0178584315128939	0.0126545283086735
-0.205470499148473	0.192474572139716
0.652537907512251	0.81652219505823
0.741457565745815	1.421659088235
-0.559546933298118	1.14582366813349
-0.0209126943132485	0.0274101015653611
0.100456035764298	0.145260648539394
-0.185944542757455	0.254804787456939
0.498200269807693	0.593267382011453
-0.393494270453858	0.284402876778233
-0.403957539183395	0.367672921282288
0.139144766745021	0.0941892448388665
-1.39033436677778	2.07079622530585
0.162785188868303	0.138820334459203
-0.107347533614685	0.109165364137477
-0.095375556561033	0.117180349660956
-0.0507737456199844	0.0798728069427826
-0.401835849797897	0.837837473742975
0.163490318195113	0.228207336530756
-0.335743239234049	0.390909388872275
-0.753906841900491	1.01544285364843
-0.270526146292514	0.254807087741898
-0.50201991473284	0.629670148395316
-0.677507178569329	1.23449684498333
-0.414601521217915	0.811543973230262
-0.633103558779792	2.07986289387198
0.0351763952065701	0.0481909745772677
-0.506462928143945	1.26573581706262
-0.603050232313604	1.61643051992533
0.473841855473325	0.951917299457221
-0.656258455237617	1.67254215395555
-0.416837580886677	0.497755245093344
-0.3293454140993	0.403532735005564
-0.0744881170319239	0.0636350560535399
-0.513002936415126	0.572896168577935
0.0176629800165269	0.0133714070758826
-0.105224248571675	0.0945683981885104
-0.626697053690197	1.64493754193789
-0.229258656902436	0.388436754434768
0.014570421381691	0.012483329497352
-0.17709270024397	0.171679518468079
-0.36324727817585	0.35988514816662
-0.394935573574667	0.484818189392373
-0.580754183531336	1.4002891220132
-0.664179771349413	1.0718163844551
-0.178950049734431	0.281074679225433
0.0792034125605488	0.134682511476822
-0.140710976443531	0.258800560899395
-0.234587488445041	0.446173596127765
-0.302176947442186	0.693923868023953
-0.333810455590016	0.679007370450352
0.0390900368655678	0.0534048047894687
-0.692275907798323	1.11162183119252
-0.663843221179087	1.1955603576442
-0.079429885205806	0.0870295908970839
-0.548745800978466	1.12515059092039
-0.148440986925325	0.240511486592289
-0.352489140756859	0.437454227672879
-0.345732147861874	0.597670561208477
-0.498904072423363	1.07913569987508
0.299520360868857	0.31427009917385
-0.56942651101535	0.939884522694472
-0.422653543113655	1.01626649734743
-0.511678064921018	0.804586786181508
-0.473458671549274	1.15542618322368
0.193001584945465	0.359346294403712
-0.411924216897483	0.939043611060203
-0.558174461780366	1.69593959668632
-0.205538248620606	0.28162528738717
0.163253116807347	0.130051215097194
0.763977836998917	1.04718775823976
0.156781194665798	0.120554050606773
-0.412349458941357	0.455443600726951
0.577842666698188	0.684390385526431
-0.638018900441623	1.10023809175576
0.273751240985347	0.335955130028156
-0.281583090206632	0.0938537601919425
-0.208463491210572	0.0797823684807007
-0.581830152059278	0.234765102071671
-0.212723145906758	0.0798895959219519
0.397215383344403	0.144327519979518
-0.830857503304244	0.362641237800979
-0.158908008793069	0.0626986294739526
0.553449967141542	0.271645431049273
-1.17508912165844	0.368145189989722
-0.775442657395057	0.268169816749533
0.636696948152985	0.295278698353028
0.616876996529404	0.193783775309866
-0.398838184250557	0.282077727891067
0.103007435735784	0.0986695035654455
0.299311085510272	0.497330726288336
-0.237963488236109	0.224087912044158
0.312599522272081	0.308223805498178
0.72623779235379	0.404843929972033
0.165334417973155	0.147485776429885
-0.829278111417758	0.386096464131832
-0.268058258390175	0.228055174693037
-0.157328767731212	0.249881517750727
-0.174034573300374	0.365702217836559
-0.157955514467276	0.29652649468302
-0.130945677648598	0.208447164767578
-0.308908542826555	0.361845419171702
-0.0673664416955676	0.0342649167012155
0.0969427320136504	0.0315160301563082
-0.373095387105145	0.165026255481824
-0.669118553613572	0.324121052127189
-1.09025327399605	0.461739342382665
-0.0800304867525638	0.0619472733927952
-0.0221817751115937	0.0325809764437576
-0.0243024556294403	0.0325007354764326
-0.170459220842133	0.236588974380507
-0.54068440970448	1.71096671356043
-0.420486159280202	1.23964465920107
-0.217094355546394	0.386480024572041
0.44489311755054	0.266068398878248
-0.0883971109069244	0.0580290687364763
-0.367204534413384	0.173674181219386
-0.758451667504319	0.894247832485254
-0.257813932322037	0.31616579859233
-0.420833885747738	0.590821964042874
-0.185932448418406	0.221731993415264
-0.281059761961824	0.0969057351345701
-0.33637902793264	0.211320738221026
-0.491270692396707	1.9105067824819
-0.104742683323311	0.235091812212463
-0.219481682399118	0.664280556946393
-0.462787358858378	1.43669336533006
-1.57205223611408	0.543541872403339
-1.00113019397879	0.610001841871166
-0.279816877703953	0.093663070375834
2.50600540221606	1.41881156130313
-2.12467277733254	1.01252669078238
-0.741363213822113	1.2890029720154
0.238758222358892	0.215857639807109
-2.58475812768928	0.723077298597346
-0.581830152059278	0.234765102071671
-0.587928610885599	0.231737484543186
0.913387292969594	0.241144258169423
-0.119405166835723	0.0536661292018191
1.00068978047621	0.478216661335163
0.619669786755726	0.197421523304085
2.05962728398453	0.92459385858772
-0.656493603036432	0.164060826310612
-1.73839890928773	1.01346339687113
-0.117561119609434	0.0522675992444336
0.0171137364547272	0.0148973662001905
0.227482002329842	0.272662949231136
-2.40127170329316	2.14905986005062
-1.08475325391888	0.442911391819315
0.0230163321694938	0.0149141170634686
-0.29179503535372	0.193494599567997
-0.133965032879107	0.237227812377878
0.0671858621340839	0.100821295651633
-0.128598768582837	0.173242292719393
-2.12677660791132	0.994148447671752
-1.17347988883405	0.361036157678615
-0.397989979346878	0.117974320602497
-0.28031128470501	0.48447255540241
0.422561841577989	0.685123689229589
0.504408137400831	0.734963048505206
0.341587633140244	0.720475196894416
-0.498445596564522	1.2630202813206
-0.42297603437941	0.711412317121787
-1.21172809792489	0.626771631924107
0.236039185082809	0.149524414492667
0.0821173891996222	0.0304788243581673
-0.668709938904447	0.559408647394298
-0.250017963043547	0.27518082084921
-0.837335556822045	0.372960928761568
-0.267774674762354	0.778275308114494
-0.273057321876274	0.499959911136296
-1.03835006124396	0.543804603495701
-1.87163703513491	0.798055703152648
-0.582528161751644	0.236819836271703
-1.00552230354011	1.10294502301591
0.658137964972643	0.41684227519737
-0.209776109071104	0.077726205557241
0.0847849256210258	0.0291165393016752
-0.203947550890466	0.0770693750317304
-0.207569128116019	0.0766443003024573
0.0938393317863641	0.0313770759042782
0.0901941132362445	0.0308407942379423
-0.784679002346375	0.272511739339325
-0.280245260443984	0.0943901859916087
-0.393571609509699	0.242388065875004
-0.275561145391059	0.244733336090804
-0.239749870397919	0.340299309311078
0.0924228742985507	0.0398479224992087
0.00695850094736748	0.00421429031730201
-0.0987391541250794	0.119260045240271
-0.325882750959412	0.677258417267401
-0.658213786449221	0.169205854171519
-0.522735482714854	0.672771446016829
0.098898040778389	0.0462438470521919
-1.56607184397722	0.573530057955278
0.101098070169308	0.141097932175601
-0.408135492573482	0.610467147075467
0.199221537544967	0.255296653484858
0.208981287376009	0.356302186151357
-0.346910810975014	0.685316266636366
0.132930736917786	0.170487363007982
0.0909643209252637	0.0340606237177862
0.735702524994131	0.543797960232741
-0.711600003564713	0.43595292555073
-1.56277444491032	0.550689635088834
-0.315737112897512	0.669541519963318
0.020621345083551	0.0130578434608942
-0.406942406412473	0.394329411506376
-0.0640547246303491	0.0325274578187786
0.103285442253107	0.0302841025552511
0.138719287628381	0.0278738142929699
-1.33246882241607	0.623814192542301
-0.291045895871263	0.0905087590676352
-0.393621163963244	0.119864422038082
2.50231583403362	1.39100871114273
-0.367710406429601	0.172044079736809
-0.550799153344666	0.293969251193386
-0.281162437962585	0.51094834456023
-0.116622293903928	0.106071815901241
0.472827357432236	0.166462099744829
0.105707159011335	0.0310955090395657
-0.576747757792219	0.22047273860704
-0.65731518627677	0.167926311118685
-0.592866081232066	0.488751202917858
0.0402899813292223	0.0460831200253185
0.12247063105636	0.12460979466272
0.214322566355434	0.33767425629128
-0.0854032585148514	0.121986188406752
-0.563671622503509	1.18084767887309
-0.365056233714507	0.176242143041049
-1.66297737144127	1.22571994845244
0.469889066600882	0.171638071817207
-0.628836803197336	0.618165896101247
-0.221963889761476	0.516683115342065
-0.106330457143132	0.148374716850488
-0.351198106824631	0.291081809091028
-0.402148629233394	0.295599942343851
-2.58475812768928	0.723077298597346
-1.09020272419055	0.439264735657733
0.123958640083443	0.030889091157911
0.618849939816202	0.201943652777816
-1.55845636674702	0.563664174440847
-0.992382470339659	0.707066187003231
-0.531873131477753	0.431967869473093
-0.0862272705696131	0.123459370262603
-0.265757776316407	0.387840075777827
-0.813260503614507	1.18240902790015
-1.56277444491032	0.550689635088834
-0.363380932725441	0.684202007683047
-0.133872473497342	0.198218582844634
-0.544230073473089	1.25509923348759
0.000124929347041267	0.000245621546832432
-0.393621163963244	0.119864422038082
-1.65791565390342	1.29872065480785
1.18990407752501	0.811487689830038
-0.170805334552022	0.119808612387771
-0.408324664564275	0.848914504605926
-0.389572910828492	0.112957102423711
0.097920385788477	0.0289855038096373
-1.86923226907539	0.770863727873956
-0.252721489212506	0.178189468760805
-0.106792081803779	0.123781173593808
-0.0345135523459849	0.0434115181264193
-1.86848416116638	0.765368909050255
-1.19309370952859	1.273951946835
-0.150157959420977	0.158568104742571
0.0908885422417073	0.0427520216625622
-1.78291282816034	1.53768990523898
-0.283080569839144	0.0959765452919975
-0.294277149664549	0.193909116912988
-0.829925057414067	0.387233606315498
1.02700581303978	0.625996930523181
0.758438069098347	0.325281331262212
-0.394401683291924	0.117397243044943
-0.209852255419365	0.0798965300948008
-1.08324079490897	0.447865363040501
-0.452787079903148	0.197823615731293
-0.254101020664484	0.178183367269599
-0.899806360726184	1.02071989528319
-0.235555166653888	0.190465646782649
0.00847347949815732	0.00958127855749102
-0.299924887149297	0.425286723127401
-0.490141874272223	1.12974613151912
-0.126571351182519	0.188418648762039
0.106048409652223	0.124441526528315
-0.240575922784545	0.1815296393925
-0.283445581530108	0.51138431072723
-0.692222910721446	1.2567809316217
-0.293853580975712	0.145693401942117
-1.00529620193272	0.642361197783845
-0.855666606787135	0.53252910252417
-0.590374631294491	0.225265670223388
0.466441594983451	0.171307702237758
-0.460879565459489	0.195700272587969
1.27170683299913	0.559229882339998
0.618849939816202	0.201943652777816
0.0926617617877423	0.0343859981528925
-1.5617523438299	0.577189828073677
-0.236233076098705	0.332218895630064
-0.453124880465039	0.199044623772574
-1.00549077855733	0.639084272185793
-0.263524526035347	0.332456819007149
-0.364481283858191	0.44298431738072
-0.780658864741897	0.269513807338064
0.238520334946213	0.188205134860271
-0.35246311229381	0.263760379215417
-0.839606823593552	0.463329079952048
-0.0829804267275128	0.119696211295562
-1.89268555185382	1.2169027006478
-0.257415938994834	0.473531845149364
-0.207661800015065	0.0767807401345586
-1.21964967998033	0.657882813062333
-0.331317153892558	0.209285257082969
-0.536056047040068	0.266302534752137
-0.781460424757037	0.275190134502986
-0.67091616728578	0.323957185256736
-0.0921681520722261	0.0439202747002884
-1.17508912165844	0.368145189989722
0.37997091591998	0.153647288650886
-1.18010938144518	0.361863679322192
-0.452787079903148	0.197823615731293
-1.08732491004469	0.445497671761072
-0.191622224217766	0.276555775513596
-0.226104447261904	0.223674464595162
-0.453698534132167	0.190217079350865
-0.391207495247828	0.115655091665361
-0.581830152059278	0.234765102071671
-0.211523945422259	0.0786460672415612
-1.5450986990396	0.76662784274273
-1.33542969806099	0.625307527713718
-0.215826142776354	0.214937347840387
0.252534920709249	0.155874640275338
-0.452927309667716	0.181571789450862
-0.212169381418122	0.0804801791991472
-0.354719829445247	0.303218915379274
-0.168978477917587	0.297491615223479
-0.448320882729215	0.675705385945953
-0.610290231082778	1.49084217800298
-0.135257805338651	0.246662156675736
-0.130470437369181	0.19654841712311
-0.738434266350722	0.537756314658013
0.125627183001861	0.0310455014134657
-0.155812836739679	0.0649792565798239
-0.337371278975131	1.11497972934561
-0.170321586799607	0.315856250565572
-0.388481956495621	0.354677264254419
-0.360269793663182	0.173255154711083
-0.436846940588548	0.910745435844675
-1.33246882241607	0.623814192542301
0.550743248668699	0.289007200605363
-1.55148526641803	0.845966802301822
0.0805987294964668	0.0298063349059028
-0.206532035621351	0.122426861356172
-0.659836889394608	0.323692232823412
0.0807420472840117	0.0300078182889342
-0.827888920594037	0.380320823475935
0.0989413575651221	0.0291090515910476
-0.296592220678031	0.148470430475378
0.0929482856739525	0.0359666501068592
0.335968453105809	0.151037591118941
-0.669545505057192	0.32349366096165
0.0862328806400998	0.0312577186987963
0.119758667615109	0.0303981902496583
0.10562749875124	0.0311657521171974
-0.0819680214760477	0.0377281010914022
-0.393712484702733	0.430837704816098
-0.0829546232910144	0.1040783213725
0.0922197551125897	0.0959515402572167
-0.776980438509092	0.275349689854244
-1.86928527139059	0.786620203398239
0.629977543331343	0.295071200113915
-1.03524613536878	0.507710413374963
-0.779440710635908	0.271138879366855
-0.549428289377788	0.299737186304744
-0.668446780804628	1.46543623111457
-0.212169381418122	0.0804801791991472
0.102377542387077	0.0310111431631203
0.489272043269654	0.584245840594856
-0.958785662119963	1.36040838913015
-0.74141615305533	0.52656382907273
-0.299136838351235	0.15340715717305
-0.185991918799529	0.150549754813568
-0.270605269185398	0.21452059328202
0.0195562193973812	0.0274210908853235
-0.0750487244520243	0.0868553392055341
-0.239546571137554	0.311922472188929
-0.27431106619202	0.467782010949255
-0.0194631133201179	0.0280446837915402
-0.341866885487889	0.617966045293971
-0.161144186062173	0.0639199006988277
-0.172048400350054	0.107798119814968
-0.27759573936595	0.0948442160696842
-0.116993953226095	0.053758346911291
-0.213401635522478	0.0779193857460226
-1.22416634035385	0.691122821312279
-0.0738971497849971	0.0367706508235348
-0.159340374913788	0.0644476171698162
-0.208463491210572	0.0797823684807007
-0.366891252038089	1.10791298906652
-0.343143812244043	0.78843274484413
-0.416029990514447	0.415000787160581
0.666894615227905	0.52458782648148
-0.453272973823073	0.200410674346318
-0.150496946478202	0.0625505409845543
-0.657392185827201	0.165268089701776
0.104900312130082	0.0315424460194993
-1.79771985651342	0.446675792418859
-1.79855097632956	0.444373754165809
1.95838308976339	0.512785793969077
-1.79771985651342	0.446675792418859
-1.17347988883405	0.361036157678615
-1.17593414403549	0.3709145036914
-0.659068154597198	0.161931270968355
-1.79855097632956	0.444373754165809
-1.17674783681612	0.370172278890225
-2.58996427788281	0.720596294884041
0.137755951151155	0.0278992132091276
-1.79855097632956	0.444373754165809
-2.58558390776956	0.743326333733362
-0.00265898177506727	0.00155154794199601
-0.563362872118406	0.426888195217336
-0.345076308871951	0.276538362454266
-0.850103437754688	0.558919873629185
0.0890375932176695	0.0817103285349163
-0.200558223107211	0.26662946504636
-0.222464472727309	0.251940927614293
0.167998012617064	0.138687920888501
-0.662158348488813	0.323915082895355
-0.446067669581666	0.18835908516462
-0.243475149532038	0.163757030722867
-1.08009694747427	1.20923409381486
-0.143319166178136	0.0923784525608572
-0.250650841132689	0.175795538779823
0.136103264439056	0.0994091336394511
-0.147159402532288	0.0909586439770184
0.97217709242535	0.843547073138301
-0.0492414526534244	0.0334642850638322
-1.71547435833656	1.77581498713865
-0.247201670277674	0.170822299284187
0.782175561734472	0.671789845176725
-0.0298822685976974	0.016843052250106
-0.406074333753153	0.29504303160205
-1.03204677989624	0.965717048980253
-0.12119375024378	0.0505385000176761
0.782417229730553	0.685941625882538
-0.0389953732555577	0.021487034851507
0.0804071245783634	0.0334557884431127
0.425417332797353	0.262116073765789
-0.0907587980726485	0.0440698913191578
-0.184157181246875	0.131944722763616
0.231447116752485	0.255212249642736
0.0214055030468899	0.0218282563068065
-0.0333574293766257	0.0289369360030459
-1.39167678606783	1.98128328694188
-0.0201522079085505	0.0114805577823977
-0.683698367936806	0.639700601427779
1.11718431858862	1.39418275519573
1.11996126518297	1.37108157111189
0.246330740702996	0.175307126037142
-0.841360704857352	0.696138933179121
-1.84922844097178	2.87927570279236
-0.641113451662894	1.31249745768735
-0.371174497947837	0.488978979589024
-0.190870044056877	0.249803448029525
-0.30481794293386	0.428578776668657
-0.223274303150433	0.277555074946173
-0.402804707515597	0.291979378409541
0.122016698747937	0.119251735074432
0.888061176183145	1.10000809174336
-0.281709391595412	0.183037857755744
0.235042003774389	0.172916773990503
-0.0694618077341908	0.0472496809185482
-0.676771597719383	0.621364198334561
-0.0601051510738651	0.0314496436702143
-0.107985515725999	0.0701530184140111
-0.971110743876201	0.825411096909661
0.27775759860677	0.147981110958809
-0.426803859896563	0.430503078967688
-0.241786061725316	0.204686097912408
-0.505714954798351	0.402786664927695
0.490529293674257	0.507165707981872
-1.02683140950113	1.31170870022335
-0.123753884702468	0.088315361867724
-0.236440697564143	0.188323646168369
-0.342855124252492	0.334181531111448
-0.161177999673187	0.116216019676696
-1.73918367972319	2.11602254345683
-0.248595865141599	0.215805756776099
0.039781289313387	0.0274801177754347
0.0780199867268039	0.0585313640816001
-0.236341490328601	0.29177761241116
-0.447847120353181	0.610434138353806
-0.198929043871485	0.215289320856746
-0.183099467787868	0.213707030212923
-0.455896130462933	0.678580028030595
0.137849194234111	0.149059588770312
0.072399905487785	0.0556562725210483
-0.637677502186916	0.681556457460556
-0.160721949436339	0.202937454776272
-0.405929875090289	0.584515102568846
-0.320085842442906	0.547289060660317
-0.0528053051139049	0.0590896663999248
-0.207374786771831	0.239641077840328
-0.161799305175489	0.158438265351454
-0.482333037801051	0.652084399169803
-0.166581528039436	0.223124569557165
0.0481722056824059	0.0488870707911773
-0.214810875004151	0.26887131963566
-0.0911875488961926	0.0891175136183292
0.457364643452011	0.558273558539441
-0.104287402669887	0.111832196476149
-0.150120409055385	0.181513698507935
-0.390298986597136	0.469050776570021
-0.148836513907264	0.146409068935175
-0.0950221637013653	0.095302084458594
-0.147368046159272	0.155231044466423
-0.092593180910839	0.0880842250685821
-0.295622560809667	0.302007554832139
0.100611054120858	0.104179400222751
-0.172024738783713	0.152699895205606
0.247316559673602	0.253572109430709
-0.736297882248965	1.17793221668578
-0.684705398180299	0.947641072316752
-0.0435647299664652	0.0434250173141815
-0.0722199163422724	0.0617161969653085
-0.356293887565152	0.584489570166224
0.188563966116628	0.224976103932452
-0.168280949459737	0.211799381638897
-0.0946261753808074	0.115838171651713
0.0376523672766309	0.0395937148071798
-0.770138838564233	0.913839962852709
-0.0834395062925449	0.0655436193160408
-0.57420146867135	0.797245566153267
0.285635274012462	0.333504876839358
0.495843383566156	0.586106490509177
0.191837920468913	0.197413981525178
-0.147542361954397	0.157712782886971
-0.257911664001475	0.264139112600568
-0.139192714775034	0.159464840185259
-0.55804254118218	0.874919999444819
-0.395291620318947	0.682513322605706
-0.341229929028886	0.631749783853295
-0.145941722312139	0.199987646510634
-0.267239765892318	0.361179205489633
-0.381037626814759	0.577610400456278
-0.397454020644037	0.610810844500479
-0.0207574534419809	0.0218733157803853
-0.336907820050046	0.546249724379684
0.36745068796341	0.49787505286327
-0.1647449859552	0.197685495344383
-0.384995883002907	0.534793439973909
-0.146004915112806	0.175744177373393
-0.0832016039472963	0.0751373630121728
-0.296834501957055	0.456845682707537
-0.093021553455786	0.116872133335895
-0.384315832606601	0.558367961448513
-1.16777310955559	2.34734225007456
-0.65833445702226	0.979594849453561
-0.647860678379714	1.05661290644371
-0.36094634752961	0.58022177667714
-0.0342004977446392	0.0379145887538309
-0.349789785764015	0.503184685774486
-0.0017369613325664	0.00190844313216689
-0.302458511423262	0.327782652037446
-0.712964383706	1.26307012503371
-0.446452560729392	0.615915998482102
0.0936166344136849	0.091943142558063
0.0173425536354396	0.0170891939997646
-0.146719024960624	0.187277327521489
-0.217279472466631	0.255635177688105
-0.0444939518853954	0.0451153362512209
-0.470646744110862	0.686713545647101
-0.111399862020157	0.112570222978045
-0.169705095632345	0.20963793037196
-0.0778158899907224	0.102950558733836
-0.105266506264025	0.113704550235585
-0.252189425583106	0.337189585381737
-0.0824185915642258	0.0856797617164212
-0.471830488703645	0.859599632442395
0.211008998539658	0.301260980244437
-0.53964059804776	0.778509619645859
-0.232452160978808	0.310294277928276
-0.233556032129856	0.339104180798122
-0.171962684278399	0.223773564988844
-0.825555270770191	1.44732375428149
-0.16186378175812	0.181807147817236
-0.284158188184022	0.331815766439521
-0.493903021558139	0.72802182417771
-0.238900966305594	0.296409072399185
-0.216306798453001	0.235251862999614
-0.160556812440577	0.162945987338662
-0.218799596775003	0.260218408189211
-0.404107564341255	0.609330892803218
-0.412058813368909	0.548530415592896
-0.434202550357414	0.682653037390431
0.0777229876435837	0.0729774978914031
0.463596544205316	0.622944100582956
-0.592922868012855	0.978811754793788
-0.136600088690259	0.146055772980254
-0.447768543174975	0.628057694318975
-0.0885815158758691	0.0918234686755592
-0.280925237079903	0.323639066889145
0.497582545686597	0.742115521073107
0.247545412772083	0.295390688403685
-0.809374175296734	1.14894279035744
0.178680619431679	0.192785141489669
-0.0469024413793266	0.04616414003191
-0.43971431844333	0.537161588671127
-0.0295754740385983	0.0267712740160698
-0.980231039398205	1.59187635514729
-0.0703159157847498	0.0732029263164197
-0.440243245245569	0.755763114023285
-0.190038087825718	0.24632457664457
0.0321298207343229	0.0300766026008568
-0.570839244283732	0.820711914217637
0.649657859715082	0.88437620492089
-0.840158392432568	1.57648211358827
0.283272657771479	0.381004559869475
0.326543838767698	0.387937331381874
-0.335142613053055	0.461166322533619
-0.136257557963261	0.135368236923337
0.322456933366536	0.406968599312324
-0.218994749520998	0.25390404883626
-0.106445980500679	0.124882576724375
-0.841526311093333	1.58514065201481
-0.622181296757735	1.00108222451682
-0.531260580673983	0.757833962531531
-0.50001565224645	0.724754772052753
-0.538166629452063	0.858888672366156
-0.0962113287505062	0.120040178134179
-0.397452882397491	0.642696089035773
-0.99695419515268	2.16853961798406
-0.027998781998371	0.0267767452097888
-0.0583414868067995	0.05006353445206
-0.0864904209893064	0.101367303913954
0.199248721913597	0.264450003412754
-0.615873315482022	0.878816091064358
-0.476216209101498	0.678170913125965
-0.335353500850901	0.424825797146811
-0.415519262659248	0.530707775906217
-0.586360657764057	0.819109705638119
-0.996460196799849	1.85525926340214
0.27608573788105	0.396439567626959
0.0631607189146706	0.0759868885727783
-0.0942735444604723	0.102611852168113
-0.0377770378587084	0.035628634265463
0.102844651145606	0.107422385387303
0.210006941971881	0.251491292284717
-0.571857496193346	1.03207337156481
0.188807975131207	0.224996896003703
-0.0356010441240583	0.0415157809668071
-0.18934867574143	0.230127323687484
-0.290934624478944	0.342532694951049
-1.09886183536419	2.72603920345968
-0.739887812040734	1.37289505040005
-0.674727586828717	1.12736166301132
0.019284939407438	0.0191404843726991
0.13643255191969	0.148760595454691
0.0554931860818496	0.0568448472246207
0.00978747445724389	0.00915991334282996
-0.827178091753378	1.41813779722457
-0.168667182137907	0.175638603474604
0.502988324206971	0.796674587876085
-0.36160260035557	0.492101275206974
-0.507308639370645	0.78813437898939
0.107502543733562	0.118398282098287
-0.150461470286455	0.183011277280578
-0.216336907416303	0.222076833254561
0.0116251737319751	0.00878218072933345
0.174468103127691	0.182828114490324
-0.228645877782293	0.179767144229954
-0.755536426539539	0.87602964386686
0.001429183457256	0.00134803233824701
-0.473828554277169	0.929077694270975
-0.444783340927741	1.02033263158388
-0.314026746699317	0.319430215613765
-0.65583738245574	1.17084702182598
0.242483553490007	0.231155979816388
-0.445534231217883	0.359101157159776
-0.143385759657681	0.115198400133133
-0.312529900284616	0.270594494837263
-0.752967911563581	0.882169854877558
-0.378124226243481	0.709843778197055
-0.340237252003834	0.430811421322722
-0.413509765719884	0.397503716048232
-0.408991545784291	0.395024761061719
0.0413972788822315	0.0336166506491237
0.516589865769077	0.49252021245652
-0.29259830841247	0.269785206254897
0.0421038021251108	0.0337062661763158
-0.155799950157707	0.11343844788638
-0.499365938937827	0.478558403859641
-0.0348000931653743	0.0268037690635772
0.600201579360218	0.728022747074199
-0.0225476858511798	0.0174267593387398
0.686146151784856	0.745533392075103
0.835671183399318	0.818297613433954
0.0786063595422107	0.0588187416662693
-0.177223939167929	0.145612989420413
0.445049408088799	0.36526193881958
-0.152623880030395	0.114718441791554
-0.322864437002062	0.426008482984696
-0.407573150948073	0.888963268364521
-0.224969114517118	0.335566148958468
-0.29464849600777	0.362785943967128
-0.658789470324684	0.752508482124406
0.0518717319459499	0.0341825638699317
0.488131183942029	0.483892861411571
-0.892771193657181	1.04693453657693
0.070433036327664	0.0523984655624962
-0.348663688709007	0.283383133153683
-0.135966728315104	0.102167399472942
-0.450792824706019	0.432729723610757
-0.0605267471592211	0.047260954091986
-0.279686815820609	0.244439929594918
-0.673376492275076	1.20487499940304
-0.423126318906101	0.916094658888377
-0.734008614648663	1.40224913627459
-0.873493237283025	1.08848548516548
-0.0067876393517652	0.00487012815239769
-0.212475821565569	0.203931782558049
-0.470228894260145	0.631179250643884
0.0556166493745649	0.0483673512169004
-0.580981002371368	0.752532324618463
-0.488746476306267	0.753488084902427
-0.955754247918029	2.52344277045704
-0.683971623141554	1.418925377774
-0.315058033933387	0.475397051114852
-0.141868782468609	0.155295172179505
-0.349644889064473	0.434581895402536
0.371417452974485	0.397200311871084
-0.547373653636964	0.59344484736014
-0.565349909708649	0.636569824758797
-0.653196463348861	0.73804227430672
-1.17310099391128	1.54789289089944
0.416462232448535	0.391417193427804
0.0853123938458797	0.124745606624298
0.00865636299378981	0.0105504258009321
0.243209348431064	0.21052799132561
-0.0921021187194504	0.0687674999301016
0.308608453262256	0.302261214798789
-0.346500589152801	0.289218335880906
0.387901180179704	0.607888563712731
-0.317240013919381	0.376574203586908
-0.0692488206914262	0.072735830497443
-0.330690490976883	0.593779523399505
0.0238697186709208	0.0303613890383944
-0.340080527290474	0.546967524021008
-0.181664048905217	0.178422950634442
0.550361658363395	0.612355889716631
0.178863573409975	0.162920480459388
-0.417143153887278	0.413006179861134
-0.152517604523543	0.113174974049514
-0.266124034188817	0.253026274127162
-0.467696697939516	0.47436640305654
-0.437170246529819	0.356986515285162
-0.207205653705565	0.167983811286991
0.609067306108994	0.601485691158889
-1.07408909194064	2.82790725865877
-0.317555950422611	0.717612380503264
0.00937672530789713	0.012724885979698
-0.386681633114786	0.798567956238784
0.00800768834607313	0.0104850994871103
-0.0939649558821562	0.11646546900111
0.0615760733736989	0.0843922046504257
-0.427790767013988	0.827238379589504
-0.43546925548492	1.02974861037983
-0.46054977074544	1.34767024679576
-0.0819701174256319	0.0910578667276668
-0.553520772293836	1.47322929131523
-0.158932653169596	0.127349195995937
-0.587141599118192	0.952771354598265
-0.062753977759431	0.0328288209056014
-0.293960603345679	0.202298543955598
-0.151430417536553	0.0625750122800197
-0.71452256319953	0.42717616117164
-0.0361003215773455	0.0198332821806683
-0.427451412482088	0.778663485385257
-1.25588691560731	1.98546370231924
-0.0883553065010208	0.0422921304704539
-0.160109059940085	0.0645362953644545
-0.537524246016328	0.83323078576009
-0.0630035653498555	0.0311508353818117
-0.160012075192063	0.0662717997001122
0.929518181819493	0.653848261164375
-0.933372277972713	0.797493089274151
-0.252785982563233	0.140571507318376
-0.297584886195902	0.145408774602
-0.337769386858296	0.213604478798368
0.406933906650195	0.269169054154767
-1.41027301175587	1.12358942970067
0.934119842564972	0.723150811959276
-0.368743866822036	0.176757890163002
0.633190609950402	0.293721740896973
-0.247251274560918	0.125127510518636
0.414210257494439	0.258349125757223
-1.00763882176767	0.587373367913274
-0.352385448795312	0.268477365046308
-0.374594909782026	0.693921968708698
0.201199532800166	0.392721305927523
-0.105029849872823	0.134494687547605
-0.521841422455929	0.826040318885852
-0.495737788812989	0.384184614344996
1.17137866286679	1.11026750495559
-1.14914703185811	0.783099003673744
1.83981447828652	1.46944079254621
-2.17280436857592	1.72429888883612
0.440901421340067	0.26601342350826
0.762190137536513	0.307447862455086
0.854473907942044	0.676657720503103
-0.0682229680259797	0.0343837489957053
0.484057653214159	0.433089908630259
-0.653548529523468	0.957233001536132
-0.671294361428597	1.76272125290723
-0.0126122297428183	0.0117112416957053
-0.560499087740151	0.440289434512412
0.73739660257439	0.427718068002105
0.982105535003164	1.24097567142557
-0.856790526857514	0.814624077318773
-1.33835340018036	1.69605813707839
-0.243426737952788	0.244598017032266
-0.200352109066363	0.227152869448481
0.166262054937413	0.153545569450883
0.234439648616326	0.168847508244602
-0.333571141019149	0.215560032837776
1.40193720964696	0.886311752408508
1.09872612252392	1.32218496917442
-1.00828933591091	0.59877503430739
-0.397862704518185	0.247984720963352
1.21275559902409	0.645942900423926
-0.367559436629383	0.176589290216707
0.062614623761811	0.0863856177927848
0.192161973178304	0.276802103470861
0.799205364799066	0.567262677695297
1.41444115642927	1.31159790550771
0.0882183230375426	0.033843802868227
1.03163510523465	0.6345583266362
0.310449265459488	0.502303734398787
-0.802072752825153	1.13376116516438
-0.460311780559553	0.622542375864355
-0.069940096454091	0.115345923327042
-0.24494174436467	0.450739957335426
-0.818800323466554	2.12202362691294
0.296039109058245	0.140249723742509
0.0398902727901974	0.0261496990199675
-0.45249560111994	0.254921326763393
-1.28622402977264	0.887646478586031
0.387544872274826	0.158055588629721
-0.208396768433714	0.0771675872767351
0.550743248668699	0.289007200605363
0.101569685131412	0.0307149682701934
0.62664066629179	0.520451992166441
-0.208555149753553	0.0789780098782792
-0.308500410183217	0.153911927682752
-0.157434535489764	0.0643249285279739
0.890613037434088	0.576337900128725
-1.3130889972511	3.63406333210408
-0.0339430668973458	0.0625168496488327
-0.111309926148046	0.222376718570145
-0.55240368434599	1.73489773899775
-0.17698205049236	0.333297608651555
-0.206724866161257	0.292206795555591
-0.305605858803661	0.864821302352433
-0.301219914500144	0.833108144711903
-0.304739299811187	0.389027858265645
-0.0601859051803155	0.0317844749259409
-0.520256536789764	1.09657186828947
-0.362344437696675	0.918261564626802
-0.572419927452787	0.424612767871628
-0.00214321580909752	0.00212886586637361
-0.151035482506171	0.0556117333532927
0.252202134486225	0.150840109663476
-0.85976628744169	0.577027072616474
-0.67091616728578	0.323957185256736
-0.85864059565455	0.682173973986496
-0.853258629482305	0.570997351779537
-1.27838225487435	0.962888954288461
-0.519406732921083	0.355081443238951
-0.264709164162019	0.403394480875801
-0.134365182705092	0.151213107277249
0.264608759178077	0.15623083993968
-0.758304002954579	0.693226173004268
-0.542643470134102	0.286954345304268
-0.143640589390112	0.0927194789592218
0.115110850100247	0.0718797988535355
-0.306431329246582	0.240791483775011
-0.371906265259738	0.1647874334969
0.410532974710276	0.262669411289463
-0.39918836940451	0.291420601660323
0.247318200210066	0.161480741720072
-0.556604115692262	0.420562051259487
-0.606150210987935	0.401733448263376
-0.200335006439529	0.111259356207046
-0.581865581784757	0.408160421336443
-0.0203776235568366	0.0119044330406691
-0.18106710555707	0.125628617496186
-0.316197675904238	0.106492636793417
-0.528668127548432	0.360673487940227
-0.279944837030863	0.243497474735022
-0.253536767747872	0.470041306710019
-0.185955248690749	0.38417950841578
-0.0897376650364948	0.113194149251017
-0.0104267838289924	0.0101818670176707
0.0879464083925876	0.0406947752868833
1.34693192707167	0.932278012446499
-1.3331614766706	0.62543341148645
-0.38888647954693	0.239652470183625
0.54765348467444	0.282727462429351
-1.27718198064625	0.909767849242061
0.095673106400756	0.0499501180079539
0.627375935170323	0.293244123835198
-0.206622300896269	0.0778821872397507
-0.475700737602442	0.42593878833453
-0.145372120241974	0.141486279453109
-0.181833427169915	0.375658845637185
-0.351776169536608	0.681839050196875
0.168123552924255	0.159184047138637
-0.986703883441913	0.730976329771294
-0.55802342098398	0.419890165385245
-1.00648527108228	0.630514425087773
0.0933462140456815	0.0395352713627891
-1.40897863165845	1.16464219131992
-0.536397384939339	0.467125958813975
-0.38726801624908	0.232963181590801
-0.332222934379285	0.427929739885734
-0.76966235739461	1.12570844812432
0.128285420392985	0.0870408594355441
1.33865357299011	0.984612666630243
0.330623976812392	0.139152403606369
0.105222069386445	0.0525249902775342
0.338435379217622	0.147483928036095
-0.730865590317051	0.518062413251734
-1.77981377307903	1.52397709468506
-0.212169381418122	0.0804801791991472
-0.448824710479539	0.19091769692231
-1.01364419385075	0.630528914100287
0.443068404656723	1.02959376290554
0.378322677166916	0.578866669465904
-0.371726483129192	0.165852513320702
0.417858941040736	0.268992529061864
-1.15577847586409	0.816316075384491
-1.41088614696797	1.39675729836354
-0.225495663993631	0.294116557988588
0.0488870280551474	0.0405167061566622
-0.231438502197291	0.202865733574949
-0.0422046247162833	0.0605977528617953
-0.438853438290719	0.890912689501995
-0.303685625953381	0.5310160141243
0.885619418936128	0.89271992538159
1.21595929482844	0.661170820065436
-0.351509739792677	0.267117242884993
-0.127345870130268	0.0510615073328733
-0.366967557897962	0.174614366826506
-0.29835055415189	0.152145087765167
0.0922493953598685	0.0395661671236788
0.0931340533771799	0.0392804659779841
0.590897030781892	0.412571112195111
1.72066859008097	0.945968183303507
-0.155646922035117	0.0645180885508933
-0.252964870521136	0.140498423129284
-0.737809273090887	0.528687959726097
-0.859548926588086	0.576147577165788
-1.66328119081269	4.05858028510507
-0.579903819046391	2.20638315518656
-0.109315339025447	0.211900150701973
-0.463354669072081	1.39877473973233
0.0228858189764658	0.0267156605919958
-0.224671270452865	0.54294321111079
-0.0507772038081633	0.0911875144594812
-0.225858125424231	0.524804420761607
0.0112098950846943	0.0111895869712637
-0.0840607723777857	0.0412058208633172
-0.335793421062933	0.22091934684652
-0.856664417789707	0.584064786076812
-0.289737009326029	0.578140367919144
-0.162112740540791	0.257498259157169
-0.272713740022482	0.362066662475858
0.237605995312642	0.238860695462581
-0.454759238329366	0.65323770695744
-0.289249332736127	0.193239582614549
-0.0875280240972951	0.0676283296832921
-0.459397230801972	0.444966493043684
-0.765223864416704	0.731759597791177
0.059780436431629	0.0420683997006362
-0.298371911359147	0.223153062325934
-0.343785143247031	0.283022982747603
-0.156425483425548	0.20186287169612
-0.737111683855494	1.57554471150826
0.0644071260591008	0.048095563951081
-0.192114079770298	0.165167667440619
0.699922474248953	0.849695032170295
-0.629773132456208	0.640778241842258
0.293937617233049	0.309774445545904
-0.0795709190977113	0.0615814858912588
0.245708717948126	0.193068341495553
-0.233158203137699	0.181957634692778
0.236766139251779	0.172413987294223
0.413447829549697	0.397267994576681
0.508571446687004	0.500827450650984
-0.0415203454570577	0.0290617069481319
-0.346042114320307	0.312777394039165
0.229726051343897	0.175433057306538
-0.303196572263971	0.154828642410622
-0.0841189804385468	0.122337086368013
-0.288191679665488	0.547392750763221
-0.179124177077944	0.243668943692954
0.179768164692578	0.238405072754222
0.302082892136885	0.293626381905248
-0.0837936213442212	0.063142602804002
0.668390991539023	0.515244879509214
0.340863846769375	0.273190757394734
-0.709217591275446	0.825643331843423
1.0829414224696	1.12173165975379
0.434839798465463	0.39646755904022
-0.257749311265747	0.175897336211404
0.0680862196709678	0.0498859983530449
0.457424602397334	0.499585962719959
0.181425489669425	0.229454803573835
-0.364913662412458	0.747349368512852
0.0865039463885047	0.116435129317454
-0.377854259678955	0.550652887789281
-0.206054059934274	0.168361034254165
-0.490902169177822	0.514844987620219
-0.287991552614107	0.269903438212617
-0.313420930186655	0.25925860893237
-1.2452810706842	1.7789669462089
-0.337567111923028	0.553680271263368
-0.308365959242874	0.629663204138761
-0.39119996183023	0.826171192593258
-0.333843792395148	0.495909612952007
-0.0174362525174769	0.0140861306139326
-0.78088925891967	1.47720467202738
-0.123500401747914	0.123957467908091
-0.278030196361794	0.255283106231622
0.171898430257384	0.17760581888972
-0.821211865854393	1.03331641820444
-0.817338047757466	1.09170894291677
0.325856663378957	0.294221728943096
-1.14893560642429	1.38768145464781
0.243060587564699	0.178381596183165
0.504260363398682	0.501683499081625
0.651472200338931	0.408448081206267
0.131001097100345	0.0852516695892026
0.484341756681132	0.836849865806064
0.0785524127469337	0.0851839334138294
0.478789706778491	0.378802553175015
0.362969204371637	0.262814275694019
-0.255518056257946	0.176325780831306
-1.0813158340008	1.58453159685421
0.481759214027488	0.715414675046619
-0.326664112475923	0.345826544412936
-0.0248523812421822	0.0240568705058271
-0.464537021925286	0.856973297062499
0.0551881020316268	0.0457493221587532
-0.0682960929148147	0.0741657574096286
0.0297731107217506	0.0231931735015054
-0.808017235871731	1.08527218527119
-1.33518973086072	1.46260542554207
-0.371913963865401	0.318115314767009
-0.312426474691182	0.26863815279061
-0.207930694395352	0.169867169827169
-0.860837382702802	0.73549787419207
-0.759497397282204	0.693114330453439
-0.85195069654696	0.837771068009919
-0.526092361799302	0.943559521009375
-0.21090395214513	0.369159867904984
0.168730865029165	0.247607195503892
-1.04470561020113	3.38798036081756
0.0157494128816649	0.0205272135044435
-0.163051336171516	0.199273519713574
-0.216394738512971	0.371621367813712
-0.220491945575481	0.431444555538672
-0.0261531367433799	0.0256718706241693
-0.36904898742192	0.818417919896471
-0.284007152349498	0.518283780371967
-0.176239127620649	0.312439408749254
-0.455108739519905	0.750571860663398
0.277440087750951	0.332366006489205
-0.209986517428291	0.287470019945657
-0.159096678036787	0.13162995191613
-0.880203613362684	1.55445856681154
-0.589377232828633	0.66855520510873
0.39703215713321	0.397258834681006
-0.0744520485314209	0.0501736976960239
-0.401212785580893	0.643157012172827
0.121058117508929	0.158382793676999
0.0956935927963452	0.0760594972339711
-0.495892530397156	0.460686137779756
0.938943031325047	1.42428290880153
-0.286233156114018	0.269594914400989
-0.163951459173647	0.174280080598355
-0.0509653115185463	0.0431201309063984
-0.295353059989698	0.297893223405388
-0.39051620199448	0.339195440229256
0.163252713916888	0.136965605699112
-0.854915500544301	1.2910384082431
-0.00648329517787464	0.00470382147818723
0.242990417617033	0.240179700164295
-0.0284767202889904	0.0200191088745604
-0.285127566972764	0.304905025975363
-0.223822083101827	0.214243528466713
-0.173143984779166	0.103509884871887
-0.766444335650031	1.01126603262801
-0.171829986645838	0.137085805224388
-1.00106412338047	1.33359079084112
-0.0599907080318178	0.0821268017174148
0.0388253722900854	0.0540933588713561
0.271303539950587	0.435917551767337
-0.531516131658287	0.924572050543523
-0.48032053317721	0.560424726617769
0.827583285428848	1.10863927627467
0.0230222110672811	0.0171358376698211
-0.259377237299234	0.277223082035476
0.180866926584809	0.170475003195739
-0.21905005969165	0.194095739756892
-0.0745894783740229	0.0562166176513178
1.02038201818946	1.39603186706677
0.502235574823796	0.67979398472681
0.278666741023197	0.329363177300772
-0.236079860607632	0.337626910623245
0.151303626626034	0.271388845766723
-0.215072363302443	0.346525874826041
-0.175099762488796	0.228144521243476
-0.712544139140225	0.986525399422574
-0.540085000463124	0.725425108003439
-0.21567340583103	0.314216790498716
-0.335020845175518	0.711223613543659
-0.0806521842162124	0.102844768832752
-0.370849890071178	0.788211208092905
-0.666366079124128	0.824572523695728
0.169027237320689	0.151020229069501
-0.488452828562669	0.44669768460722
-0.69789055974854	1.26516168860762
-0.214547412755126	0.258425890859297
0.172782595640302	0.155449321483428
-0.349198123470578	0.364475481156525
-1.00130286823257	1.28972649767953
0.0934603961077443	0.0739190911323228
-0.541348680151313	0.596107597973063
-0.0990234764924647	0.0756682930790856
-0.264850185093896	0.249912251795054
0.00158955421540796	0.00116999956380478
-0.812622952513284	0.910412650026344
0.0836333218548667	0.0666990402180295
-0.0437923693025766	0.0558232658599137
-0.253986632104751	0.39561046620669
-0.571855495236578	0.588105446775218
-0.277788539663437	0.282336813052938
0.0910193370172063	0.074545296273171
-0.869104428374144	1.15645936561823
0.0655001947259028	0.0677832952445919
0.0092942507083127	0.00761105091277735
-0.0994487788026213	0.0929903375429208
0.16239663072639	0.282048133567986
-0.272474095668352	0.429428233433435
-0.917080280528987	1.29535730959131
-0.169948448148275	0.177158603241288
-0.220831887193272	0.187522800569696
-0.544520168240819	0.648854141465126
0.0639728554074321	0.0532515247282639
-0.253366328527383	0.238674540750656
-0.641618072963943	0.828053867249468
-0.496543973634914	0.524124294937709
-0.245656698705385	0.246765073959853
-0.687369817033438	1.81353506364037
-0.378203119333033	0.769878875176473
-0.261477771562246	0.436648094237356
-0.417444378915461	0.8378443887233
-0.111998841042472	0.150800588147858
-0.413962678414952	0.757497764799497
-0.345295525972464	0.693236730172195
-0.207676791073596	0.360922480196209
-0.21334282681209	0.27770170207604
-0.769158442833299	0.88302048318485
-0.543779987662715	0.64451892193311
-0.543725637392262	0.659188426677779
-0.118367081417718	0.194880936496445
-0.330865415207448	0.629739560847513
0.460985000184017	0.81430524964574
-0.459719871713252	1.08718532100541
-0.287879093010865	0.385087706271209
-0.159899116612845	0.17866804865562
-0.21829734472967	0.321992964728631
-0.461172333224153	0.526887657282784
0.0519747883046293	0.0453212652788293
0.342407740824081	0.591350450734782
-0.0640930156141609	0.0894979330201989
-0.18218257674979	0.199352036255025
-0.214686468173442	0.231560237835092
0.657483675637692	0.842992755173533
0.169354287732919	0.158193291061848
-0.153257749064544	0.163561248232443
-0.254853339468593	0.34331506660713
-0.32424826039579	0.36258427705851
-0.00832794185730648	0.00763207049118948
0.0612257655941508	0.0628359751114573
0.6601133212337	0.96944606042228
-0.0493091019504462	0.0520714018045588
0.407211353219369	0.477079420009219
0.202313070627305	0.226329021079806
0.384956225413297	0.486299425304136
-0.330000483156888	0.306830143581376
-0.385684699026635	0.542168355891154
0.0674741209153007	0.0761173521616461
0.0860917624595595	0.119422777724914
-0.428304682897173	0.873989787393232
-0.349947784067023	0.576815934276007
0.324797454936138	0.605948879240021
-0.00160938281264083	0.00151626086736178
0.465487325253096	0.537631947452774
0.164470680293774	0.151369915792
0.405301441372794	0.478506977451828
-0.864290217905842	1.21694812426338
0.0461214983251662	0.0394326256696615
0.110470280282155	0.0990075469796151
-0.285251248145718	0.318249243482526
0.221326391913187	0.254333640280363
-0.125198602207633	0.155102783298633
0.0523597925216071	0.0614576298196609
0.297436419421957	0.696656741695674
0.359571668495184	0.758428690965874
-0.122962199743879	0.170629164323387
-0.16302501607664	0.241730715423557
0.129676148776978	0.180292741122517
-0.789395928115213	2.00693900216046
-0.091670140418981	0.105429125572932
-0.287459356428851	0.364610057754672
-0.00168213909190904	0.00130331267927783
-0.767496122639201	1.78336375554813
-0.441031953674445	0.74098187863756
0.256644290277618	0.323501696163333
0.216504687166208	0.273175468258309
0.180826978191457	0.189951981886692
0.443404887643853	0.570729005579723
-0.442075983730225	0.548010304377212
-0.265462427932711	0.25248495069302
0.129630778644347	0.135941479796802
0.424628339014579	0.529803635550744
0.238635765903788	0.236534289451655
0.482342905117595	0.662699985347988
-0.415368774409309	1.0093818827023
0.0197478019508599	0.0260166755388037
-0.394702102390988	0.543041233586875
-0.664507276714338	1.00301364546114
-0.464114589660843	0.586115545418129
-0.327482629483993	0.355513616712707
0.348722865597555	0.567782992033252
-0.312853002830631	0.477796559443451
-0.0041849107114229	0.00500570285703227
-0.26966946437011	0.467200744739076
-0.103397997445027	0.15080397251044
-0.0574961785397389	0.0786553236554383
-0.107829220104338	0.174293464152115
-0.286078620894738	0.325944166773315
-0.364559310258839	0.568006951115462
-0.295369560659069	0.270655655187746
-0.571369420788023	0.693772491412806
-0.352655658531434	0.360254915334849
-0.555258486992374	0.64608285412334
-0.853405963963912	1.3770696857861
0.0304858722746389	0.0287669366367649
0.393782345888604	0.464501168500177
-0.721969634271063	1.05161917471973
-0.344575376739199	0.386880298616004
-0.0659928381414582	0.0726296538004076
-0.373663455163689	0.597814236356166
-0.0674148307260161	0.0752706003323928
-0.0264520592639429	0.0253421468227943
-0.445576545521571	0.987617896145555
-0.357234835687498	0.573105245338606
-0.0454637707237	0.0441417141607455
-0.653709454034944	0.803763922892566
-0.232090690683557	0.220252137883698
-0.505352955636185	0.672405132932808
-0.439259757189654	0.784422167794287
-1.2497443454218	3.03225303927003
-0.117404541281907	0.167352587460827
0.133424533788842	0.216176860406661
-0.239566316175075	0.388024345416732
-0.0708582499978766	0.083617365825318
-0.337724074650308	0.608662808020834
-0.102261540130866	0.145248308740053
-0.488337515776331	0.611929239697965
-0.268569224771953	0.438418071834951
-0.329951832343533	0.552501587902699
0.419696316996652	0.652111551353908
-0.267671309410029	0.339925779102526
-0.315401891632713	0.494762592899649
0.0262011704546323	0.0331953701908364
-0.514233742315327	1.15578914573273
0.179449306822979	0.266436451794362
-0.541030598649168	1.09636623023137
-0.301943729739108	0.456194658852911
-0.709745967905689	1.71135523154485
-0.0301004818829917	0.0345141052936004
-0.106860258591355	0.126072487247285
-0.0820137967879627	0.107216643613315
-0.136355013717325	0.166150030231933
0.0752773072920779	0.0994024765204152
-0.0806065848551147	0.0885874794709077
0.264083575835992	0.407013409340718
0.286614613623381	0.406769542045298
-0.386200040027034	0.681183649639627
-0.177251803434698	0.210317259411275
0.269860412705609	0.350339860235471
-0.0800250013294629	0.100366730789587
0.194149458091734	0.258065667058207
0.509171013589962	0.910908888158528
0.234881502870778	0.266696627778145
-0.0203731869984857	0.0199026968808069
-0.23990314940563	0.346334496955661
-0.192439987647762	0.268569175130264
-0.216715922638796	0.357157595175913
0.270959174567497	0.376953092957595
-0.41878623257727	0.603232140731538
0.246508210016092	0.411969907401364
-0.0778415838588608	0.1048675600944
-0.669891930555025	1.4740513656274
0.177072847248074	0.282814867453555
0.0928764657301754	0.128156607989526
-0.118190226901684	0.152132728276316
0.595945512370491	1.43950309764167
0.117341110024434	0.153543635618857
-0.0753230671222657	0.0718687864056356
-0.403236482850687	0.637052271784117
-0.0586355917158191	0.0817144669933743
-0.206873040124242	0.351139338943328
-0.397857401622676	0.741321905799708
-0.086821609653136	0.119066267841433
-0.094702864317582	0.12607144475725
-0.0241148435984563	0.028656081371922
-0.509285607207145	1.13667524267696
-0.350066265602673	0.635077703155689
-0.172183885371268	0.285155449015633
-0.110693503173687	0.155129621185123
-0.0961747181591458	0.133572791102581
-0.237947577757882	0.355527318766184
-0.161061352330185	0.155429146871525
-0.761888530068585	0.866780486867542
0.12495427467209	0.123669641058081
0.0362254406681771	0.0425475822138678
-0.126194947111899	0.185773169610687
-0.258574040094782	0.441761780509161
-0.383040802440847	0.618129072217515
-0.272692461779178	0.426466270639226
-0.194524471291758	0.269002028562368
0.152351190786353	0.180277356788525
0.0385478546779062	0.0421482834585051
0.196083619558197	0.275526851533754
-0.24717100751668	0.389784144917301
0.091305483273526	0.114611454554978
-0.248456595697297	0.389687673216499
-0.549249751999804	1.06487648517814
-0.132288698308077	0.158933886924809
0.0153258204712567	0.0188061747789168
-0.524949540071122	0.80333035526703
0.285590620710031	0.471723943998257
0.098698588041025	0.137537185543512
-0.0573717678015572	0.0741534449465061
-0.0896576536168631	0.116856189994044
-0.0544172048715609	0.0716173254231878
0.504835128596164	0.968608218428034
0.271977274228468	0.430989813516786
-0.0511441883734808	0.0667424012878794
0.495837367117963	0.676264813248381
0.477998821670546	0.622947270859168
-0.398189585175752	0.541605154458952
-0.168312456304378	0.186371259787339
0.0693817128415908	0.0862040665465949
0.400489720334208	0.773434290901141
0.279060854029034	0.418885028990819
-0.0886578428304385	0.123120436743443
-0.489353196410935	0.797674925464591
-0.470750547701113	0.870577370298365
-0.5493681295896	1.0248553079457
-0.615263337466813	1.13572890610316
-0.595591909819788	1.14633034877943
-0.447769673511559	0.835918706484155
-0.650324372801048	1.42069806373676
-0.476962664377514	0.992140744268547
-0.147371481205974	0.196055337026259
-0.353846925091	0.685453705052282
-0.444699943206803	0.915210142502519
-1.79843660743956	1.96645623337629
-0.237673310417509	0.225855633783445
-0.00219732358904456	0.0026016078753063
-0.492590122170028	0.790044088766787
-0.413096847680749	0.659013122145737
-0.503197340974622	0.391845583265681
-0.199676544189382	0.18537788373851
-0.064700802546524	0.0567402548616398
-0.231522289042506	0.359350376022381
-0.549326588529234	1.33836508306042
-0.160099595929041	0.207898806643135
-0.171899582902956	0.252837153256949
-0.231321594652004	0.347512302468201
-0.467672521338122	0.515911450594702
-0.416964290924943	0.8294805892797
-0.757286393391901	1.81647467435256
-0.189086643711946	0.315739532108402
-0.145343074373507	0.230550725181709
-0.112101268446683	0.148295506395752
-0.0710195217752802	0.0613502045216418
-0.754227876815189	1.47350645661699
-0.359907627881244	0.672760780747179
-0.00762125406257264	0.00956230143826996
-0.212808915949315	0.35559376669024
-0.386982013638605	0.681874559225777
-0.0931679854199377	0.130712655766818
0.0673627739263492	0.0931428974995242
-0.0719846046281882	0.10634459679232
0.133138839799839	0.200107388575368
0.15954795632965	0.230389220369995
-0.153580022832678	0.231310101424573
-0.489039217718934	1.15149462912426
0.349110461248633	0.569834811044329
-0.147942800254126	0.181239586390486
0.0269511487682505	0.0310408076867073
-0.425127438821199	0.728854826129045
0.0285287289811793	0.0332579427078669
-0.241485007509837	0.31265725810147
-0.484178598084108	0.569182027621019
0.407511353178752	0.401911497760069
0.790362952744235	1.4662285699849
-0.0978744354591259	0.110482747241555
0.0308763702221304	0.0441919871866891
-0.0323373253375094	0.0411222002281188
0.158207536505278	0.207686289666375
-0.0455817650907046	0.0593942580643654
0.296511959374221	0.571275557102
-0.273299012153379	0.469809028974929
-0.481693049174003	1.11011184322089
-0.0521552295343273	0.066440769189306
0.10806283631344	0.149718603958717
0.107148703203043	0.138336255607953
0.0593742737637869	0.0623644175918569
0.393733050537822	0.392479480969311
-0.682959797870739	1.19199693658596
-0.264474899514722	0.4378591580501
0.19502268244609	0.331518911389717
0.0399625152541416	0.049890941758703
-0.435646881980113	0.981995935691449
-0.0573246452612201	0.0824350276063632
0.0270672813573836	0.0354700375392929
0.321409788543316	0.593003581008021
-0.28710978433951	0.50618916960331
0.0125427967390911	0.0161092552830779
0.345084349253015	0.650102547739575
-0.113666558836829	0.124558697547639
0.0607563670392832	0.0665054776546489
-0.761276570725498	0.890375425505402
-0.537710331767027	1.12754742072501
-0.294205290600371	0.460826252535554
-0.294098195854297	0.55491993257788
-0.183730482502901	0.204321868530165
0.172295248697113	0.218362895992185
-0.502892592183946	0.822598680232958
0.0609314616932997	0.0722251387560005
-0.106600293851962	0.148474133513021
-0.404174892559819	0.747284059405655
-0.095569523497871	0.137613438363784
0.161322450950441	0.228653902682917
-0.15498510375062	0.209522214322468
0.160243062677966	0.225200240204065
-0.163038942852914	0.238487461088783
-0.0269401797696158	0.037252830503756
-0.0248657858099293	0.0226743256113856
0.404847826270082	0.641707893339957
0.434205441826454	0.948473932500765
0.400981719649674	0.862802502865286
-0.0513734851846126	0.0643174050869512
0.170435555858968	0.293308951065497
0.0622216590881735	0.0756772345537334
-0.179160944154731	0.238863025722128
-0.294761208632102	0.466378079440802
0.591058869280146	0.631273652602608
-0.1367496590221	0.12501810476218
-0.155160495349527	0.140094795312858
-0.201141746106162	0.230218052805936
0.0174219998917087	0.0148620635268415
0.0200473526291835	0.0198463664663695
0.431128959743457	0.892983210588797
-0.177908947533269	0.255626135757485
-0.143583592385361	0.19175368034082
-0.0291171484321716	0.0354345717677196
-0.27961566835254	0.50760225776927
-0.185098945678989	0.275107979741292
-0.401007657771746	0.722435006712508
-0.603925401821856	1.43212809236092
-0.408737073957592	0.864028401575596
-0.664117368227666	1.5448173674415
-0.215515882434687	0.33739763566032
-0.285403720945213	0.471738686744615
-0.26649354151351	0.398380266850384
-0.161937379440799	0.216802814438513
-0.456061679811118	0.898997683829299
-0.548196550768559	1.17414775525665
0.196427837619676	0.305229576262742
-0.181400848628642	0.299648311979606
0.244220621676732	0.412652991604017
0.344615731307103	0.709998621474598
-0.289151755804009	0.514408317832195
-0.26778488079064	0.471531696861618
-0.164744901766284	0.252237455542894
-0.55913058735026	1.31397497511328
-0.394401683291924	0.117397243044943
-0.0286870359058892	0.0202869610911857
-0.279881110775379	0.378865703021579
-0.233013162734558	0.323346254577549
-0.237771874753657	0.362623391946895
-0.665417242192885	1.38944994399504
-0.29242038208681	0.427304376009526
-0.239014370259833	0.291200277198459
-0.16979491943123	0.189244507298732
0.27387949415339	0.336255604097657
0.0230195225152488	0.0198809617755776
-0.561198645052304	1.20142116338786
-0.433787515087276	0.862308838815696
-0.188841485107975	0.275044309451405
-0.316668759362177	0.510422615546735
-0.331016513866904	0.670598324561301
-0.279677965704338	0.424123096886372
-0.296482040721873	0.486722901074048
-0.427802966352983	0.806837120576108
-0.089706340467357	0.110946775554974
-0.0641584055830028	0.0620136593043997
0.178530794062066	0.254667262016187
-0.0653955685816343	0.0820802001529257
-0.505843413112375	1.03339029110017
-0.157528035673529	0.251999182762942
-0.134322867840166	0.175323407840605
-0.175095470615135	0.242480778473824
-0.0552167015868961	0.074127209893684
-0.229187125693157	0.396504764381063
0.0262646875621852	0.0323131068079528
-0.54925313932324	1.22398414426765
0.130446151009446	0.177624167198703
-0.291531040637926	0.435345750341437
0.00690365170831355	0.0084607203279347
-0.0264451899777908	0.0277688100698737
-0.301093209884784	0.478851932592676
-0.901003305712625	1.86402848879062
0.189191216380066	0.24069365833048
0.333122509742785	0.401961429009842
-0.141364411303492	0.128051737953453
-0.0900098819653265	0.112983255066102
0.0295688457288724	0.0349770145731235
-0.513488167670342	1.18708582721488
0.395426983500184	0.698903545697128
0.229853469575129	0.320079344567665
0.125126550020063	0.173759230198574
-0.432691065901121	0.772878054671613
0.159356459091966	0.213533759515005
-0.0806158807678321	0.112071162102721
-0.0670686393004437	0.096782914799878
-0.156506438368468	0.252763146502761
0.287533331838457	0.486884000976317
0.204493051155109	0.305153943151598
-0.0432607596965033	0.0346428041891654
0.00768364967680025	0.00799868781689214
-0.270093895451506	0.459922692119439
0.228822971477493	0.397753885900497
0.123976586279511	0.173328401361943
-0.539686999435908	1.1667560917089
0.65989230569689	1.69582919656362
-0.155377541524902	0.241245629326487
-0.0254177839464251	0.0322880887766723
-0.294886108102342	0.491070212274735
-0.497485635423064	1.12348078579341
0.381539521743438	0.631269662086763
0.0243093832641943	0.0263436246833337
-0.0675117936363724	0.0748535293582383
0.807419470876496	1.16818176964161
0.157400901140321	0.130740637648977
-0.504889902737001	0.389454981421311
-0.269036368801707	0.38733035543193
-0.373493918142789	0.670546069121529
-0.644679055724366	1.33849825118184
-0.190624085378015	0.23882280735006
-0.545317674266693	1.14690970779578
-0.564653489916405	1.19536524438189
-0.0659371920922723	0.0835562899398224
0.067899634019773	0.08491908465026
0.105328197202727	0.141241183379775
-0.141874412493495	0.191020959754719
0.106734615842003	0.148412359951736
-0.470243386845552	0.872111532859469
-0.197292389802406	0.295391299005058
-0.120483418330544	0.15974486635324
-0.261578365899218	0.464275878331351
0.228700700583739	0.250005347647003
-0.051897555270299	0.0609239620181538
-0.259609226563795	0.449458682547778
0.025326239929916	0.0319040462102102
0.344573881815581	0.700924794449953
-0.0890991514403944	0.132454918774312
0.0529495666694824	0.0574289848275156
-0.054131650933284	0.0633184776214438
-0.0853685531349566	0.125858916450216
0.508426438980524	0.667751950987585
0.345726871360432	0.396416594370043
-0.29736618785996	0.292068329495167
0.000571953887406085	0.000672167637883593
-0.275527200840866	0.482512033096347
-0.170707775700145	0.231683283798992
0.24777606616544	0.373590061915262
-0.149884869255017	0.231424911114851
0.342440438698235	0.639022969259152
-0.0821562214278745	0.0899734609510819
0.00513256991256528	0.00650457899521006
0.133434865824412	0.174546654767707
-0.133645548405379	0.185801839840759
-0.0980816657841816	0.129984121834657
-0.195880627627636	0.27076550196287
-0.223085204061178	0.344446956597079
-0.718494801874579	1.47695259238506
0.0151930635677371	0.0158718629858377
-0.54089182597834	1.06075604133519
-0.031858716345634	0.0417792550578743
-0.517001447150716	1.12911582594293
-0.259635326797577	0.431417346484712
0.0456849899729261	0.0597157049118115
-0.587173406752675	1.39862424974888
-0.00371877619031254	0.00434457652094191
-0.301503892493985	0.492145338794319
-0.673096621478797	1.68029786819101
-0.239930972158309	0.394955347750717
-0.463421849980858	0.270641868076155
-0.204592209189106	0.0778365810720541
0.0964074111689116	0.0517364788856709
0.153054572123243	0.125366710500613
-0.0222220724247074	0.0261221976640583
-0.119857988424611	0.144380905301775
-0.442701404899288	0.729323115599026
-0.330107913583932	0.49946134194643
-0.376817027863769	0.626997721365263
-0.0234860863655427	0.0260045377988809
-0.169958829747706	0.224546385454522
-0.299463413282121	0.565657544353385
-0.0898517870993555	0.12051575614737
-0.212345059895732	0.308311264043195
-0.275846036709654	0.361527938532439
-0.101744726713052	0.117998935569298
-0.269737001831623	0.322779234691144
-0.169726411926643	0.204765729716039
-0.231594309850482	0.276277363537033
-0.0941624572031915	0.114016042347691
-0.154972221362964	0.217467325227918
-0.121826490063005	0.15031825940523
-0.137489869672242	0.169294080087776
-0.814218897226323	1.47458582358209
-0.76757373906837	1.6884777115278
-0.595000474883876	1.17918727885334
-0.184603424174479	0.26354520014633
-0.141869695587579	0.164238799522508
0.0651086752851699	0.081092671646213
-0.396588603036921	0.540993125509831
-0.616275060839868	1.09702503099704
-0.43376405701366	0.644272996490141
-0.120926999892819	0.1495837472045
-0.12464702190983	0.158051695951365
0.524004169422489	0.957474265687821
0.1117769566052	0.124983725464391
-0.11917763077463	0.115921254637271
-0.214751401558114	0.251766070612824
-0.21493737656537	0.258959626721306
-0.360235050271116	0.559112258488039
-0.147113024982579	0.192009703206351
0.320095563776988	0.536802938259034
0.0702524710520146	0.0901992870334711
-0.332321176999049	0.656718371915229
-0.576742858988439	1.11725333573603
0.102653918067024	0.115473238099678
-1.19160528908772	2.32432767588124
0.260608334810287	0.361495021930814
0.058944081653091	0.0603413838834402
0.155845462731233	0.200470861785203
0.26148160616342	0.354680232319341
-0.0796526397236316	0.0988872709240144
-0.214899560384276	0.275695603524794
-0.8632031921824	2.15185560298744
-0.100354379319111	0.132341404154251
-0.155052801751519	0.23925187372248
-0.149779720172215	0.236134621199905
0.202846088273855	0.310710895438855
-0.0337887417967962	0.0381325629276018
-0.655530565052524	1.1797546999246
-0.00120115878567047	0.00113938612930124
-0.410947395757107	0.635540341324099
-0.666240186185735	1.43848850978435
-0.189393963503	0.276982810332542
0.0219892765110131	0.0257458575872786
-0.24901351574612	0.407763799067955
0.171586549419276	0.262360059949324
-0.146534061474422	0.209128617493889
-0.644454576960672	1.40054401853799
-0.797219441726679	1.65165447054398
0.181405147375595	0.185290797287862
-0.214347494605341	0.219459357453379
0.0930735316827405	0.109409418454192
-0.223143732396756	0.335192818798504
-0.21012125296918	0.263524854299643
-0.752198486902859	1.484113458538
-0.0391087301186639	0.045370137802439
-0.28093609875263	0.482178631846113
0.0635733241240211	0.0723397484629215
-0.813689241043438	1.49219916590865
-0.586919916771795	1.05958685364483
-0.0163705869396276	0.01628062918476
-0.0196191325082926	0.0193529631878681
-0.151449570476886	0.184064082954955
0.300637431165633	0.444317756449709
0.400808838641007	0.65056107451357
-0.174761396726397	0.179685792896701
0.0198121339752518	0.0240274996284159
0.251330392653993	0.441169255207369
0.288657093007095	0.475322516575078
-0.220033720339108	0.296331052236221
0.252988881398819	0.337382346352895
-0.355265641970668	0.540461020039945
-0.0294742108300361	0.0337325453621224
0.556450562691186	0.998256516949517
0.447878673639778	0.764839455400721
-0.0768271822050052	0.0997150376718927
0.248466318561912	0.375852489610335
-0.152492879953852	0.210851464467169
-0.187357498966042	0.292715232920411
-0.380031414752064	0.527328060521155
-0.264456864175682	0.335954841936117
0.0419307341899521	0.0399636147806347
-0.102631394803691	0.121711750268951
-0.341604508251212	0.546940031812376
-0.114780518312803	0.158952102771191
-0.432481607962177	0.819854017053684
-0.415330564392884	0.590021910587739
0.155397325660923	0.196224605274178
-0.382893369910939	0.565888881233899
-0.225334530126232	0.301522446084482
0.0230606531693093	0.0231507034932777
-0.192385985385924	0.236602915040007
-0.478992731001723	0.752375645375144
-0.579120994611334	0.909440760339888
-0.37445217637356	0.613664296924
-0.18452445773217	0.240337060702381
-0.286047301936699	0.451844522943324
-0.193960622216854	0.25588203466272
-0.120796539957577	0.143851422073845
-0.2937283950522	0.446944452030571
-0.552246929227053	1.02573301775659
-0.03346923750679	0.0319224562286997
-0.178553765993783	0.232233947820751
-0.361990897793672	0.729306634208898
-0.211541134445229	0.150183629033765
1.07206287714245	1.03128764769172
-0.436366667228142	0.388414741464108
-0.0910595725537801	0.108020610398064
0.0137088504299595	0.0166161314841554
-0.609365116833904	0.955047348319252
-0.523550614113883	0.761090886215739
-0.107697861118237	0.119254975750294
-0.488557698219668	0.711116723584411
-0.829191785131193	1.59642685372409
-0.377608592997516	0.981762786380022
0.0567846287069872	0.09100893236053
0.403105475770185	0.972647495490767
-0.286557955498823	0.560508880982551
-0.0604506217524408	0.106345878240548
0.432141113491473	0.83295505120493
0.549153373116072	0.660624190803743
-0.355553897548135	0.674061811117218
-0.54998045470171	0.578219072439137
-0.646793842979869	0.686477099038411
-1.28439785709872	1.86718655399892
-0.859562141529591	1.14901006913892
-0.136264305229342	0.113143007915504
0.405913224134726	0.380288184134925
0.483966592684813	0.493656182727933
0.0366916923343687	0.0282763744492053
-0.673121616461616	1.08689921010106
-0.246573063540315	0.461978368496277
-0.347597757591839	0.967733371150871
-0.553089216013443	1.39303441248355
-0.254414035320959	0.224149905688161
-0.511625915980267	1.33551470089112
-0.354025509152012	0.320142333658849
-0.552950384209191	0.711426890119546
0.0404190822338042	0.0274766103059399
-0.0665196818185055	0.04465580577938
-0.337813354680916	0.240499531086885
-0.239440136313264	0.481718171007677
-0.0616255157716901	0.112431188841048
-0.072752501672695	0.106000841544483
0.219085359321913	0.395008494286722
-0.0443634867802302	0.035566025319787
-1.00476168969382	1.10678638644446
-0.2315251459131	0.202400369063331
-1.00017025218066	1.31817730705129
-0.179726806934555	0.148514879436889
0.46000791707217	0.389854620789333
0.0299928130625831	0.0196466557519135
-0.0879864760965777	0.067710769484458
-0.445882626923129	0.372091569347013
0.0490803342503746	0.0480686081880755
-0.907181263750931	2.44537288517523
-0.104670173750825	0.222924452466708
-0.0407317410042666	0.0694232036755525
-0.240006554379726	0.37924559768181
-0.816963158869034	1.10909106487707
0.598857535514438	0.694234501777592
0.491412826947026	0.508643884166979
0.657154379752846	0.748077318889797
0.410638798073745	0.387010159960973
-0.206703036412769	0.242665953013791
-0.249639345380896	0.252281407104863
-0.309917168316662	0.351396422993605
0.250841833666032	0.373494288282939
-0.261798878685675	0.469105973839709
-0.153934917035554	0.256060842607998
-0.635541494912367	2.2569945579152
-0.170554831125291	0.336055880660556
-0.225899274603513	0.48574863132155
-0.160542754328296	0.307283107274455
-0.255230592101707	0.461483079301231
-0.0233060119702262	0.0316555516402802
-0.0722008026794546	0.0649616377070318
0.380241889173788	0.392133970227963
-0.374441148852139	0.414916940532644
-0.113036798993249	0.169480646871412
-0.0277637758270658	0.0328916510218435
0.238207118135286	0.229862109880399
0.171670174419079	0.161843491999006
-0.811249934927088	1.04815639236621
-0.104963517582457	0.0894016506815113
-0.350766657558978	0.297788446680095
0.895184473523052	1.09365294670724
-0.0306509181172311	0.0218159209784218
1.19461842475059	1.64273366716543
0.62733433296141	0.516106975902717
-0.266719735321535	0.224454901243354
-0.105762478102098	0.178168361174507
0.119071592987514	0.185774332103723
0.138323373457582	0.101404265725111
0.734613137833755	0.881285530409784
-0.394828572670448	0.328826176998383
-0.221992317532709	0.200000923152194
-0.0268632919311618	0.0328122241783611
0.51484662199168	0.868564719124321
-0.10289713435092	0.131403300923639
-0.0026298937665885	0.00382160110284499
0.323589414488736	0.268983341920767
-0.0939468128644987	0.0594726202116975
-0.0610018596740085	0.0845733817432815
-0.405737316542673	0.899423081053173
-0.175064002101547	0.143535219988014
-0.0379280392174595	0.0336538253150485
-0.100888090820261	0.103514817292726
0.144794604165876	0.113323525004019
-0.665033796776888	0.572647600565565
-0.827662992682282	0.925199766110939
-0.291785230644139	0.292079238905994
-0.241992685132751	0.597198341437377
-0.532881068277601	0.461323059534234
-0.400843781673507	0.301018409624775
-0.207523566749846	0.19624812572386
-0.00062262319905525	0.00039478031863232
-0.450167687861754	0.4340122558928
-0.940906719200571	0.837277106474499
0.34309686835823	0.274574912538716
0.0693040284383028	0.0505939172320289
0.240137422318193	0.184905508768931
-0.349815365793257	0.349025552033081
-0.0893451426233869	0.0604762253229863
-0.305415835368968	0.615357238458535
-0.381940139562275	1.0471743101198
0.0492322822210477	0.0592100660418977
-0.0224580563169809	0.031180341094846
-0.212739639536602	0.445162099696554
0.00664177176790996	0.0123188369387558
-0.325259666773925	0.596470440346891
0.869254162629215	1.1627138513399
0.246595388725518	0.223172557488073
0.00458943471950878	0.00244957192234975
0.242363704782027	0.228161344098156
-0.482341701489814	0.554110877135133
-0.285610338908635	0.57495102849933
-0.202508596190563	0.374413891543131
-0.320293243147242	0.594743564971063
-0.0932587446364375	0.150900156958311
-0.162773926957277	0.228244011336489
0.277200172880185	0.308925368041833
-0.369208799949378	0.666981050346832
-0.0620715320500618	0.0584118794104218
-0.0715570622021381	0.0542644941608173
0.835257644073595	1.04143318255662
0.240012543286916	0.224148856102488
0.0692740685274513	0.0528300630694398
-0.758233990056322	1.00321075176964
-0.0621362213516737	0.0485768587117171
0.0157383050802922	0.0136839152398301
-0.258884082411959	0.563257988217076
-0.541489500468014	1.39175200052502
-0.307544813921374	0.330606986726506
-0.414008534268539	0.454154027705039
-0.0312250317728764	0.0434840875378601
-0.225647323163565	0.486132589855222
-0.233242732447692	0.425988053106555
-0.533427643241341	1.07758095089526
0.918340602729535	1.48288893795678
0.0750530751078077	0.05834199317583
-0.0427694232424374	0.0339002429460038
0.0126838015802004	0.0108590721876103
0.0553957914298374	0.0471159519602717
-0.046847241877137	0.037150871460932
-0.375885054197159	0.399059932632198
-0.546264817644855	0.770299722808375
-0.718739601374993	0.996949328661689
-0.23764607945889	0.286609873594578
-0.0290361948327457	0.0334188968791557
-0.227734747254898	0.481593387887288
0.0197669215241841	0.030805764680961
0.570400400994579	1.23612032865657
-0.403270283700849	0.481075657142132
-0.130919115867755	0.108471931702713
0.459046630273413	0.562757060490039
-0.408086830165894	0.454006917497407
-0.369728224144085	0.438164447341695
-0.144092488701113	0.170754284648069
0.378403774774172	0.57210356717952
-0.120714214268056	0.121117904282202
-0.0487194440259982	0.0564805271259334
0.00111627396309412	0.00137584323793731
-0.00128680440543491	0.00152549946526047
-0.0935352471735247	0.15816905307937
0.0177682055413071	0.0233326108615219
-0.296451898785728	0.578671626218493
0.236311180511248	0.427225411775729
0.50488787265424	1.19378670363123
-0.243652648565599	0.371709153922798
0.272941927491297	0.329836325822536
0.333598936093092	0.392628260482025
-0.372112561710128	0.435179010549243
-0.182062053366734	0.274320901344079
-0.082864679076534	0.102427515502147
-0.123155493782617	0.129342368472518
0.59806567769837	0.616851624006666
0.345833706765721	0.400521836442351
-0.00630574218937495	0.00517176387988172
-0.332191174591962	0.315260804746841
0.803804538717518	1.10869712279471
-0.29704826219252	0.269816761299355
0.359661993495716	0.391579593273023
0.151871175554503	0.121156497514588
0.0884933403284425	0.0708343374251873
-0.271079077634786	0.520865994983992
0.455424657039719	0.923401273852408
0.866949931463774	1.16682834114227
-0.236624123833053	0.252429249114401
-0.291036331363402	0.268019223526773
0.0704665378155971	0.0645887139702938
0.245048233173549	0.392655327188365
0.26046248671256	0.313186364678982
-0.0814299658226873	0.0974617358301681
0.047264951838939	0.0440204389869728
0.233825915039005	0.175426450456375
-0.166529202418901	0.151397671654723
-0.369448836867729	0.594878366148031
0.49288437065099	1.00216239659155
-0.137196997474114	0.125241157948088
0.0701149573517024	0.0662024111114679
0.022959897964589	0.014864005631705
0.109654782734995	0.0923150191600632
-0.286790777168289	0.274735290958549
-0.340143027390928	0.444741580445836
-0.198081006648934	0.394098442390518
-0.452642467228974	0.51192957930081
-0.537967533599228	0.720271013653401
-0.226204440721566	0.231003588998954
-0.120340431581134	0.11194983382285
-0.296975042961014	0.302315549810038
-0.0106432624467439	0.00864375150976753
0.0549251611369029	0.0450566680597781
0.106874868902708	0.0907382257374088
-0.370063363405148	0.384100448819035
0.23226448686191	0.190324183044605
0.415487541687795	0.474246698634143
-0.465133022176786	0.990330795435104
-0.470670877200662	1.41273268054297
-0.371937162306527	0.703536070055589
-0.000220239769225677	0.0000787730279057749
-0.0790107134788868	0.0934826437516928
0.00492448789540603	0.00448984070559571
0.184790914402661	0.259583089720884
-0.239040329960619	0.420424064145503
-0.109533280590093	0.20005231820817
-0.836260015933373	2.39909722024517
-0.0107482120006849	0.00980611908372199
-0.379796547690921	0.339266186386341
0.401637420285567	0.385294633212419
-0.324901314104921	0.337048712438375
-0.557623412232212	0.691187060276113
-0.450825268461476	0.849472677013588
-1.17323052196061	2.70094074019313
-0.137970497122917	0.212527165549709
-0.145811575980775	0.240528276257583
-0.264822361530917	0.457733865392052
0.154957731994216	0.21920328936841
-0.0433823707091454	0.0653204195454445
-0.3023871056307	0.404940492341271
0.571105678903931	0.777223519244453
0.123892968800337	0.111916702220354
0.423406042597085	0.528956185137099
-0.0248642203068292	0.0243277545572215
-0.181959400579695	0.175932488637455
-0.158182164743999	0.152256318270774
-0.29453635890301	0.549518859146956
-0.13462121269021	0.248064762389305
-0.0470511322475887	0.0708584498798256
-0.419404040963608	0.94675711069381
0.615387278188907	0.882598673317179
0.00515364340321016	0.00423882354973832
-0.279698431738025	0.321221586423967
-0.0400301487097811	0.0390491578558366
0.215209665490039	0.238750553365918
-0.44217047285291	0.658312430222787
0.363800307113783	0.403792832780463
0.0739206347597947	0.0680554628726698
0.0491671284653162	0.0458579383054093
0.043963277605024	0.0478131941818401
0.191432550473539	0.286089806470387
-0.154454190679172	0.314038847680676
0.0256533985843691	0.0388353091218211
0.608257427186011	1.35930620488754
0.188309698230739	0.211922471294375
-0.062221723210821	0.0539088258538622
0.064261953394575	0.0551147570092584
0.388398592791778	0.462659608668609
-0.452784843057953	0.728881198808709
-0.0871878855618088	0.106847305064508
-0.129404722738469	0.147436131798057
-0.390398173952477	0.62592500368746
-0.169763896633124	0.262776604624636
-0.586298790142678	1.44273832403027
-0.189553789175485	0.342470781902861
-0.372007113290463	0.843201341933811
0.396963186809107	0.802033480442672
-0.384715116142091	0.784976390589075
-0.180809635821311	0.295668043935356
0.0225260230744713	0.028377976590807
-0.096359892666302	0.128300726368929
-0.139984001388586	0.191591688363388
-0.380341884361678	0.477846867552385
0.946331470625241	1.55406887129336
-0.0956057348245131	0.136694606196323
0.355069580148906	0.659793445991954
0.179343636981241	0.23925364821984
-0.142001694494999	0.138492151644431
0.22342245835803	0.267856672220871
-0.0345428040108427	0.034190251426514
-0.312640719612817	0.354661135125131
-0.0720976210505256	0.0685740018749624
-0.0873940200757324	0.0832184359815879
0.470648441216384	0.653806175891563
0.636613405429935	0.812289748112022
-0.0505450718628656	0.0513340688313845
-0.0957045064421481	0.145414643250637
0.25053904843314	0.440497133799304
-0.0115415625871791	0.00946704968670374
0.220173064691224	0.239072867534608
0.0459004130384749	0.0439480877384578
0.0254008144920198	0.0220166574526061
-0.337107649529774	0.552938523457897
0.135260468763843	0.154714418773225
-0.115463046205741	0.152111361474232
0.326965155992837	0.559351039227566
0.193463609090012	0.29618712182136
-0.113887436024386	0.113885512231909
-0.253117009464091	0.289573498858977
-0.897403909203792	1.25642779399914
-0.619624375119478	1.54098239527259
-0.45652264527609	0.920748808254915
0.790611520306043	0.968737949921679
0.619696622217546	0.81145087616333
-0.125019633744823	0.142623033872968
0.0522647376170244	0.042670752361149
-1.05348557313031	1.64588851339968
-0.340813122262572	0.344349379016837
-0.198973029557905	0.240591014757075
-0.0754601775299454	0.126998569230457
-0.181479826189562	0.279223253327835
-0.219447030888133	0.241529064786686
0.375690580015381	0.48666962104686
-0.279217059478682	0.316116621013152
-0.683591055063998	0.931547654386348
-0.116747102639647	0.113539639233437
-0.330059953000172	0.366878765930771
-0.102024169813587	0.111733506334004
-0.401918030647236	0.499740816843447
-0.328277014097245	0.430189119165493
0.176589423454245	0.183225493358775
-0.223798455740992	0.248318431972019
0.276256536427035	0.28670528940032
-0.209633627474243	0.213078609028829
-0.496883692440525	0.723618403407978
-0.438976085569717	0.946475826156679
-0.0575948097218571	0.0838977404495919
-0.00216608460152682	0.0023758805606786
0.158467042477295	0.210429820341346
-0.103518325672573	0.120886727296984
0.751530988905235	1.27701664778768
0.0290455942215824	0.0290248790781523
0.00857860639774897	0.00936364947258775
-0.283920067780145	0.59007578769023
-0.439965923500471	0.86926010737142
-1.20705365670728	2.31335183739638
-0.645939708904931	0.726452708010395
-0.156450464649606	0.123832065810102
0.174755461783997	0.18768179645327
-0.677563358635169	0.922116521683065
-0.114300458759505	0.158071737465357
-0.446965175530283	0.767469104720061
-0.395495460608041	0.469405775992998
-0.0601354197692837	0.0782142463718564
-0.0496828201789374	0.0693828691472983
-0.283373839721425	0.536436598899619
-0.187251136328552	0.30513767209836
-0.0501343092677767	0.0724853278931956
0.152140096406769	0.248053144970351
0.166787518247158	0.286092804447918
-0.0760526399636713	0.107562242499455
-0.056623539719632	0.0721846103284536
-0.003739934702926	0.0044459899304261
-0.456787487536115	0.95362270837637
-0.358055020745427	0.67512899422274
-0.111172678188707	0.15253038592576
-0.15665924834965	0.257884468022916
-0.469439810653343	0.706920113626076
-0.0872067468105891	0.0884676081860916
-0.939326046506762	1.41589772632406
-0.037365874151006	0.0434867152287609
-0.185732441857794	0.294600233920778
-0.616808764440005	1.68904517608986
-0.614310176386425	1.19009692842044
-0.180757671807822	0.25965172657406
0.281368634119373	0.505756735239272
0.0818929383037037	0.107173961319972
0.483786209781139	0.911126550140095
-0.123990125034453	0.192919653043195
-0.37623972394501	0.734444472580667
-0.439946461478465	0.922122443369845
-0.433147095522046	0.86662107765497
-0.237621645572751	0.376984140415154
-0.259337639507554	0.390123263652768
-0.191223641336206	0.299857495637544
0.177856602222258	0.273841748554966
-0.215185891532081	0.339157382951915
-0.164709823785243	0.255843896663946
0.184931713626207	0.297333338915565
-0.606261666166722	1.5474260026761
-0.121368395231896	0.185340306993147
0.110288907724219	0.157696753992474
-0.0506120959331338	0.0704523053858148
-0.528686482417467	1.17685256306959
-0.294842633376926	0.310291586922004
-0.855166705339109	0.816829487565923
-0.440795911024791	0.568925424754541
-0.652974498776119	1.5119833794672
-0.587482880244371	1.26956003035646
-0.794901797599207	1.92861481097041
-0.0311592536418109	0.0390638414873652
-0.467152052633607	0.924975149143235
-0.371355704171015	0.67294470205565
0.42970717572383	0.80964534329106
0.103095946559413	0.147972329568165
0.266370080977048	0.458736932189311
0.417374237138689	0.891883769825555
-0.198537082937179	0.293925301724559
0.0810292713966628	0.11011873303824
-0.278296805686234	0.47402030669629
-0.0285069673212219	0.036229913735579
-0.336258623963893	0.724288963732717
-0.694473066517498	1.13751444627246
-0.163151367908887	0.239940506668645
0.409456142928755	0.855049869861628
0.238637289262132	0.411565636682258
-0.105486611068466	0.145825615423367
0.219642379005314	0.388659486892348
-1.12115558923895	2.97106312049885
-0.088259202008139	0.107445895795229
-0.19787783635062	0.310203596712946
-0.23522117050818	0.255884539033734
0.393690547741215	0.553302702254451
0.711100527218619	0.767940957182165
-0.0264905153794731	0.0283757912366617
0.225532609062776	0.357940035396638
-0.415274549759889	0.845217246471653
0.0679142089124285	0.0964770480844494
-0.59773911064249	1.34046329219789
-0.647423485533086	1.46046787547162
-1.08388518518375	3.36624702158408
0.461442115487034	0.972197265866468
-0.0537980501143658	0.0565010412372453
-0.0229483590697699	0.0250140641510083
-0.458857018019007	1.00737939856638
-0.0273133594490861	0.0361619366602402
-0.664597399517106	1.39354548812926
0.264062471087139	0.417130927752726
-0.627890758122424	1.57219184100169
-0.210582181322842	0.300540055917793
-0.311010297932511	0.473005890115949
-0.450696659677889	0.935974698262665
-0.630395728924975	1.5898251264586
-0.203434986913556	0.344035505685493
0.0353654012679144	0.0445227623710005
0.277495600870436	0.450009668255802
0.180976264445158	0.271900915293761
0.132900968624917	0.18947916342452
-0.337968309674013	0.62113738193571
-0.0261284021061601	0.0331753152577058
-0.755784824719301	1.73525404357833
-0.464695425268032	0.996293886755944
-0.19457643841793	0.304354784511838
-0.450913513419513	0.931161451967601
-0.0188898275805883	0.0242273061176215
-0.747788723999786	1.77859604897061
-1.25343964799338	3.74428734683644
-0.625347867464189	1.5340172621197
-0.711948439856799	1.7183492191798
-0.429155245199121	0.555356807727442
-0.0898716045802346	0.0601290151056983
0.0882105293693008	0.033846485037699
0.0937274225704798	0.0399670806868234
0.928609434903771	0.98624128959281
0.593756236568359	0.688517997911519
-0.018616338117725	0.0220866313890917
-0.626876805934711	1.21058848086277
-0.68687482179596	1.43539795146849
-0.703984294094602	1.49988937428557
-0.546320606090424	1.11232904247806
0.0395371276629873	0.0459171918853733
-0.244499820806462	0.312823187090229
-0.465863068819851	0.7167665344432
-0.127967214152336	0.171580386888858
-0.615358104303437	1.64201098255523
-0.307286010485154	0.489836620129861
-0.388030183843027	0.859137953874177
-0.103644522872904	0.164633281666921
-0.242224114143931	0.491308059986069
0.238261941776182	0.415952667965558
0.284398270178462	0.535009857484211
-0.0307960675022079	0.0434070979548575
-0.208106976233351	0.349702116248776
-0.601573402806613	1.31807967119159
-0.515998092628034	0.977536156298218
-0.234929434757295	0.221218411645905
-0.174062374999511	0.124368852561899
-0.128622717248185	0.140108600210761
-0.314482633083108	0.658873780395125
-0.394429332165413	0.888033598090618
-0.408017587701488	0.912141917193556
-0.422007023257926	1.02683165925293
-0.364776265677302	0.856335762031066
-0.374193759859183	0.727319951989236
-0.237025764364427	0.256152505769652
-0.203068710261455	0.305663488097945
-0.186316377251985	0.279781733767672
-0.217000500579991	0.391775168313479
0.104162336773377	0.153959435995082
-0.305397641984366	0.548217230728756
-0.165716495238719	0.30598522651324
-0.131537058277508	0.20375268435545
0.188528111649174	0.341739621986013
-0.131587882772873	0.21367973865873
0.0286150158545708	0.0294904649643846
-0.355766137088118	0.632948553993698
-0.495302728282904	1.05806202496928
-0.143972757253012	0.236037158189789
-0.269759192366651	0.506456559090837
-0.243134869348914	0.475275005473623
-0.0693135682887527	0.110995588616698
-0.271490952264507	0.50398892853474
-0.375816649309712	0.783492294412921
0.0432297883933139	0.0588005969860048
-0.24181824838121	0.163338488139246
0.786335062753066	1.11186711832672
-0.123976467364206	0.162551978223712
-0.0811800916816206	0.115169245595577
-0.488684849248439	1.13776108709129
-0.212154986064517	0.275722306240164
-0.104425550576644	0.124015650001334
-0.332798388129261	0.544415800682877
-0.00590913063225245	0.00698286311997252
-0.157123156819273	0.257333216061112
0.189588594708903	0.325004548027848
-0.121746597564312	0.193481150704884
0.29388620753929	0.571996119387393
-0.160297350332008	0.264759899198273
0.109087583986298	0.177900487983023
-0.181816834705296	0.318413930994164
-0.336309525393495	0.68698150576646
-0.905634666970259	1.98808339544634
-0.165843830384025	0.251846518053955
-0.251411250357452	0.505997824225309
-0.515909816345393	1.35798937883914
0.136478626627993	0.207123721505899
0.226461431280874	0.457243898223428
-0.158679248846917	0.212898278180551
-0.5443412440139	1.04259983010831
0.568888585478421	1.22354969700041
0.7454630346997	1.08021050264888
0.903668215091058	1.32932338915475
0.0383131369725616	0.03089026201415
0.3973630610425	0.487369401636895
-0.154532312288124	0.0643465553557801
0.129084961653501	0.0922831207887969
0.0341977902149984	0.0437514877733764
-0.423697328491591	0.827251194740725
-0.144200395063818	0.251564475073597
-0.551793192240613	1.13719979504687
-0.100037220234622	0.120738495651616
-0.272505077908211	0.494168013060443
0.10119491256864	0.145040613445525
0.114312644711443	0.130543437538435
-0.491927534982828	1.2249080522131
-0.0949966108604447	0.131649462287743
-0.528472097210812	1.26158493944252
0.105266550291178	0.174778586360664
-0.769247048047292	2.34435169548915
-0.0181344927838976	0.0254077694118568
-0.0459382249645068	0.0412292283918611
-0.323293294681448	0.583733129756337
-0.463252972081347	1.10292916730792
-0.324887371868659	0.615930326385901
-0.530545422747743	1.19866031589779
-0.108339310287457	0.158775091949412
0.243885745892535	0.376453549137907
-0.165689383087185	0.275042690455228
-0.260222632816823	0.525038053275737
-0.567809326029193	1.51841306437864
-0.18005716058843	0.326640533255811
-0.052129569777384	0.0757866927206147
-0.133254823765456	0.230919708290334
-0.335665323086646	0.781379676268764
-0.207893570467128	0.402233556513783
-0.266169531330802	0.532958911600561
-0.180579655047809	0.320987360751963
-0.714507591494115	1.66333889927174
-0.759581926003215	0.873619031294609
-0.784756127649715	0.285078992973345
-0.15058751988004	0.0597885554650033
0.0964744394161687	0.0280925811648142
-0.187224280516807	0.132372078896198
-0.489940139225041	0.816092097359159
-0.224917051558387	0.321537266276551
0.070462684770315	0.0900406377940055
-0.494940535602737	0.933269980308667
-0.537897092131369	1.02973013915224
-0.441353767708918	0.739141866129347
-0.408922526004259	0.523839211080776
0.272224211677328	0.345697263062915
-0.204284167362071	0.181196402542077
-0.165632474279608	0.209897877834357
-0.419805689685265	0.930944169218086
-0.182777583670606	0.260736203779048
-0.14085368186601	0.205836570407842
-0.0208933110457687	0.0258693152744837
-0.0885305609602493	0.137629020523339
0.0952363601771609	0.141341904497907
-0.28214544088424	0.532857701911972
0.59865582719936	1.40163675663506
-0.215234001011018	0.324948780645593
-0.238356840289129	0.397308460846132
0.263077339608209	0.353230072006164
-0.437941312177408	0.455505160147885
-0.243005917291096	0.242005308747044
-0.303453879401084	0.556593120332069
-0.509588787377534	0.896087859993485
-0.380828550640093	0.557585727460343
0.1962296626201	0.331594600462556
-0.0611195605951363	0.0841509308247119
0.279614659427896	0.427849061221212
-0.357116671178247	0.736699074684826
0.430322582144582	0.970545093771496
-0.291446033907659	0.502102414754326
-0.265496999382254	0.507067718277997
-0.188187325898955	0.345161865637299
-0.555092650800113	1.20386702985519
-0.136187747478254	0.0831173732615455
-0.177583972004568	0.201208822685149
-0.154429231360893	0.227800252708962
-0.220916434075664	0.345220170472282
-0.293263133838598	0.535585919630238
0.244169554337715	0.458050360447279
-0.12861255498674	0.216583648287333
-0.221789080210829	0.338915374020359
-0.0749678458892559	0.102439112306553
-0.175133755470743	0.279664088462548
-0.59617196464111	1.01065098862925
-0.392680463530358	0.451264518938989
0.0294870020627382	0.0397571680967199
-0.0898749004240836	0.127836166153497
-0.117893486481533	0.160788902729383
-0.277618226740419	0.359728804903211
-0.0882266666593035	0.125537007335951
0.0387718875978436	0.0538771783585622
-0.389885500931088	0.844909251148539
0.4324130129081	0.919576456476964
0.0455458200295034	0.0613959234864938
0.00119251953639426	0.00168316837736572
-0.167983932166644	0.254078454304452
-0.226538232440519	0.418868556131835
-1.2604547175373	1.81766909144335
0.535310813001568	1.08851329579561
-0.217635419847712	0.415272340946129
0.508940025262209	1.14797119985552
-0.42096169754929	0.943366290275718
0.116850557987396	0.180625561320447
-0.59052988464017	1.05524214147997
0.475433834992783	0.808124231008112
-0.0377362783501753	0.0465663034655917
-0.0770701176210143	0.0512789195607395
0.293813937759372	0.270217326119753
0.0533945387814492	0.0380945363154191
0.0119606026235104	0.00913389890212151
-0.12254024467229	0.0547436063450173
0.4138419676845	0.713708640143832
0.579731052125819	1.26327942242963
0.127128905667888	0.129929218111163
-0.173116650343006	0.263471991458399
-0.498572763837556	1.24359271189708
-0.285729339474621	0.59054704026337
-0.275909279324362	0.435339409761351
-0.0956550726384197	0.098363251562739
-0.0588281806747848	0.0801455378580792
0.0637475040988269	0.0807658169074932
0.0717291316612642	0.062288773488299
-0.0897752795024329	0.0919419319075202
-0.035852211238768	0.0477613603493048
-0.108845415988409	0.160046713236799
0.232603619666161	0.37188571347587
0.363878230997695	0.702902540760505
-0.611122503242169	1.67192393106978
0.0907123256142154	0.133026292882156
-0.168567978784749	0.249688054642951
-0.356896109907473	0.66279950689927
0.291378413851338	0.495383414250205
-0.132477659307728	0.181744537289635
-0.0976273697692431	0.138504466368055
-0.102562791193803	0.147503220942755
-0.263300636154612	0.472904900867722
-0.170470230061292	0.29427027643563
-0.475500429142925	1.06261397639588
-0.522338568887537	1.19765423774218
-0.685834040719167	2.05342605200652
-0.262126889707878	0.502590032725084
-0.430602794706333	1.09805457767132
-0.740844729527067	2.02861649256418
-0.146344935777161	0.193369614042785
-0.34529727346718	0.255027258756354
-0.670751625650887	0.302859859254259
-0.854133672063078	0.436635210338422
0.588810100177522	0.513519912944446
-0.404483313210379	0.647309730144869
0.217248688431455	0.312259253809133
-0.0189302942814902	0.0200780612134442
-0.789263989626646	1.56288956503292
-0.353922053337226	0.562557048132766
-0.161784348971501	0.202098652058255
-0.315779125356295	0.378024607271897
-0.270494044717567	0.275208206414205
-0.438358535473546	0.759338737728553
-0.276485242656145	0.372069227727243
-0.169311080939499	0.198289370000099
0.0615611287297832	0.0628171594271614
-0.0229282084916954	0.0210483331959221
-0.0615790305740345	0.0645368390346602
-0.0762139231033135	0.095013850832979
-0.218362126205364	0.322252871007996
-0.45622912092544	0.846372731503728
-0.410974920426467	0.847735480547598
-0.140436165722401	0.24712952735092
0.292687983995087	0.446560641951171
-0.762088124382616	1.09557686185397
-0.530996906370871	0.88274810865186
-0.115529708721979	0.118212543439021
-0.169167994661238	0.202779657838166
-0.327268419892383	0.63584219561857
-0.314934151199366	0.466235494370276
-0.373630179687042	0.540108890681802
-0.0210739736134097	0.0232608930436225
-0.420328237714441	0.775873802675395
-0.307947205632838	0.533421103812851
-0.444396498727278	0.919604064415346
-0.199232723567601	0.324587310889094
-0.067297093682764	0.0841996961041038
-0.132542790785266	0.161735191431644
-0.308316686602018	0.412953719188021
-0.173659078602825	0.204107759417395
-0.696475731395694	1.81778116449914
-0.682138796154852	1.45741221341632
0.00283111433142655	0.00276583537017937
-0.111415483154156	0.127965255478631
0.185550555967833	0.205348562178917
-0.275727434104866	0.333006114990295
0.183400914174916	0.224091961146208
-0.35504768627409	0.465000781028799
-0.284641131442436	0.643126609489019
-0.377797119273803	0.959862978399286
0.181890239802381	0.213265335911073
0.497066584224901	0.748703048525298
0.0235234992641047	0.0230010203473212
-0.178008844792405	0.236042311113654
0.626205545851178	1.52605997805847
0.141964742411462	0.196666920646927
-0.162530712882665	0.255390483782282
0.555646735614428	1.40505885238543
-0.156197889749235	0.235461697233709
0.220724042118444	0.316084895983892
0.19693013353921	0.317407138697014
-0.486467087587225	0.857502245419338
0.331427352338981	0.559290775347074
0.0109892489944013	0.0108551485697059
-0.0439516343089848	0.0575484418081587
-0.363786502005065	0.499998062223422
-0.341467685298883	0.396270628337562
-0.187315486407258	0.222643521664953
-0.145735094871487	0.224864520967282
-0.0289019042743233	0.0398779258911815
-0.465442580837735	0.712094154099318
0.196324748026928	0.247266339404099
0.0638111551712647	0.0776810856629475
-0.179811231945758	0.324078698829445
0.421090339736446	0.560204412172606
-0.75697877598098	0.999706633434669
-0.432956129445715	0.699686353483043
-0.0138653288520934	0.015896303028759
-0.252707319591548	0.468466633778727
-0.384413967686504	0.461403075272445
0.0948803639328701	0.10306131505863
-0.405436488296267	0.514945869329552
0.234892429306904	0.292777522566446
-0.182981348404026	0.212212104455119
-0.562702501786113	0.814887643672005
-0.947032697805749	1.87859848049288
0.11077949385167	0.127213294005665
-0.417496154589675	0.65888597982207
-0.122539488682371	0.151536013890238
-0.119579749924697	0.129064947721293
-0.352009112449283	0.513234767677096
0.459450991164134	0.711135346657392
-0.51196449263528	1.14284634034918
-0.113011237437165	0.168878376873262
-0.264681465179138	0.332827279118034
-0.435524543381728	0.737199485010321
0.0454873028769717	0.0650489196756499
0.200500808017017	0.316058098559126
0.180151612044062	0.183427237166915
-0.114484612037367	0.0967063164840185
-0.923155045524379	1.68109351151939
-0.411732616374061	0.490503724142525
0.132818582522516	0.133580379509708
-0.29216184260709	0.448023098024588
0.0929898457390248	0.0971136331072164
-0.286024825554737	0.374397901796044
-0.254755179780545	0.291973647005133
-0.0850343488744405	0.107750016819665
-0.474245323744876	1.19184464610481
-0.254835614855443	0.343082918255386
0.0897348749230184	0.0841418009939701
-0.417465689974793	0.581463797663874
-0.365631475690769	0.469874057363348
-0.458450994228194	1.17565641907678
-0.226896055960235	0.3962114958861
0.0235826716210065	0.0321891151304663
-0.0993177407247907	0.138450835521264
0.11423146338627	0.157206516370355
0.199269592978927	0.294678580945241
-0.130751421292703	0.155532005572237
-0.0229395255814555	0.0203305935584043
-0.239506712721188	0.279179714200878
-0.180050106358266	0.314669826232923
-0.409502535166581	0.848096944900827
-0.363731205223979	0.548084020064367
-0.519161877866444	0.716449324324022
-0.867978493421692	1.17893312728735
-0.146585628145642	0.117047824448313
-0.0983710326855943	0.10043980365026
-0.0711072174298039	0.129344276121577
0.131228195979347	0.245689313343597
-0.190906818187609	0.19085177103515
0.633110818952159	1.05743263340151
0.537775614912871	0.751973086151115
0.67224653324465	1.23174704679674
-0.399331965750291	0.717200907260064
0.054099472994193	0.0693826268364704
-0.479660198480728	0.982624446523557
0.0255668659153269	0.0377317808085809
-0.14484198496286	0.243768658966986
-0.19826745484835	0.362381550406489
0.306571023407606	0.643231666368642
0.640577135123853	1.49874394597744
-0.045866487594404	0.0620622841532437
-0.183577833251563	0.193587820454923
0.0434343139981082	0.0480080444548731
-0.130133234468081	0.155591431311672
0.247862654290295	0.376168964141179
0.176186855883795	0.282541024354448
-0.0107020552618939	0.0137078433287024
0.196938790126753	0.227011798972686
-0.166190717782024	0.185671579768805
0.0810224301141938	0.0782639642104274
-0.343631611752154	0.73468780762086
-0.183413544371229	0.311295401313376
0.0518031518337148	0.0420254997559525
0.0365305217794329	0.0341998011263217
0.166425808158122	0.300716625923621
0.326917123110354	0.510776207493725
0.463051190296305	0.591367108595097
-0.0622789775589988	0.0600852801594795
-0.287422869032117	0.304558358349527
-0.159744956846347	0.215167419160833
-0.370677836068862	0.988269503309352
-0.2832775121201	0.547641143226347
-0.357481174286444	0.468465141462967
0.189427656116945	0.200171861225328
-0.149793965891572	0.156046099337419
-0.0352468602563201	0.0300991090678155
0.189963345895255	0.218027554172886
0.344555986086109	0.391786262485451
0.140470529269933	0.152785870567054
-0.113089873962492	0.113158762149837
0.177966689037461	0.195704574096364
0.0130742034201198	0.0117227891463143
-0.0320949834365046	0.0312338318789585
-0.211465291659248	0.26150793889017
-0.561855508443993	0.755082850876482
-0.392029136093163	0.883507516283626
-0.247420253186243	0.523404658146526
-0.0374384451408511	0.0371422870343456
0.00873088114522633	0.00929981114859433
0.0389709635753755	0.0466497217403953
-0.150225343556089	0.289313671091668
0.124646403398358	0.202857893299621
-0.268976596532266	0.304791369162026
-0.0457081170443927	0.0365303479510507
-0.554635132560374	0.783752577644864
-0.102759678810525	0.105746441142263
-0.298503158658398	0.399153485739058
-0.785691009660958	2.03104198693265
0.162586547533975	0.227481337830829
-0.153097278366815	0.227162606492035
-0.542442663475948	1.20199327376894
-0.156252936947218	0.200175100457103
-0.283888577202895	0.433619574931336
-0.452914655828472	1.0089526331847
-0.0973063237640492	0.103559562954174
0.30146648793985	0.304239655171818
-0.357247124349341	0.303672076424803
1.39126985469207	2.11281720640199
0.583365435980683	0.713306765609311
-0.0658012139283943	0.0614148061089767
-0.708458657953095	1.70247437440845
-0.311430597215952	0.537599494791848
-0.0856892430728904	0.106637369410594
-0.0672309977086458	0.078686408312519
-0.0564706826117863	0.0726978989276696
0.00495418729775067	0.00509178335997088
-0.101450925286931	0.14587307515082
-0.628013723097191	1.27700216156624
-0.0979169603328462	0.135717461027545
-0.24454454240634	0.357508345000197
0.30952913745499	0.488821550054119
-0.36370000071632	0.626530665646482
0.103699658133481	0.139338385917153
0.0713050970339776	0.0823490165013628
0.256233154302332	0.343990979699406
0.63747433028914	1.68145765071822
0.485211708992672	0.642592826994583
0.120757879782961	0.121850889847001
0.149360870911041	0.162955836097453
0.318741110728956	0.455718442154601
-0.0898104056646899	0.059104733720041
-0.370173721088298	0.380604956168147
-1.13960906548666	1.56808624798488
-0.235494695769727	0.36349344632242
-0.226709823010155	0.353662934949174
-0.240873002231701	0.35537102107516
-1.20906593215071	2.58925246826717
-0.758361598836912	1.5396184057441
-0.442801948709532	0.736180503020267
-0.0936827183672731	0.118380484359915
-0.755548014369258	1.91486135691429
-0.483123828883343	0.87535366588038
0.251564872979988	0.354490727149533
-0.407573060541121	0.730094564080064
-0.162444147644065	0.220799235714584
-0.119054899145733	0.124905555519668
-0.271611079116764	0.342879462572203
0.476075906731658	0.848509003975881
-0.0576466163710379	0.0684111026146513
-0.266590355131905	0.443771262767334
-0.176376326780464	0.228116965044016
0.0693645144226709	0.0742309147210786
-0.711117885511156	1.5412711798865
0.039803367623218	0.0526823817833171
-0.0264114318648392	0.0305507731618207
-0.316138402467865	0.55309950699016
-0.290766265385475	0.439718204453367
-0.229124993900784	0.338669724652573
-0.501259279539168	0.925630861064773
0.094304574393586	0.118874723286369
-0.108964058549428	0.134771470855208
-0.218822167224513	0.316869279710813
0.160979882923939	0.229027101108845
0.23631263194258	0.408943715148802
-0.150376035636369	0.212002603982318
-0.517534613690437	1.08625792926669
-0.109465315882947	0.142346272004127
-0.763265830597816	1.86857657712352
-0.0942952102397268	0.125904297152379
-0.334250484841017	0.576613135049013
-0.476469598470466	0.958651359776301
-0.0882327845231182	0.121662795997471
-0.177464592384389	0.201252606976365
-0.116947861602094	0.0759975379476648
0.00129296461270751	0.00121473289142073
-0.517681073057232	0.336241443548699
0.0290411668524347	0.0192432326994461
-0.2784871385591	0.327207054433269
-1.04340040263714	3.00842124365962
-0.273103909595789	0.362046706405014
0.0562556511596741	0.0573241963701154
-0.313104516763225	0.42647583672919
-0.284883371146426	0.386349777474159
-0.0406077322311943	0.0433310054105098
-0.24678644666605	0.335161855587123
-0.305382828872015	0.429987519041505
0.0136893912071332	0.0154502734671757
-0.273235024128457	0.466373132894269
-0.408453656831979	0.780666451217022
-0.287313429867048	0.286761275134035
0.438147731561923	0.488532091099439
0.658530075559229	0.841698108589154
0.528782756843319	0.670272845629172
-0.236574912732094	0.202168569916184
0.10016495479225	0.112345054940561
-0.845420350235388	2.30103669791304
0.0644240942558024	0.0765525204809165
-0.594498233126045	1.11962426448357
0.0104672633526289	0.0123152604908026
-0.0939881647005952	0.131837058285783
-0.111716102438015	0.144405957492074
0.0542775836802878	0.0684041888996614
-0.0666193517906922	0.0788569158736356
0.0168351716571008	0.0205303317201466
0.219699917018592	0.293048092686578
0.18180496560206	0.253334487781994
-0.0839682835091686	0.106023718523254
0.15533438438506	0.221173906066391
-0.195686790680866	0.275290338066099
-0.0379498867917192	0.0467788482158235
0.117539275181659	0.175712804870467
0.319912733501449	0.480938212885979
-0.422868548319061	0.699016029704178
0.307456086762261	0.415208466913562
-0.360271383503974	0.533889236968317
-0.999072165049571	1.24701138262512
-0.0118116533019933	0.00919407240016353
-0.409017182336279	0.463797836042892
-0.344452099733628	0.612161983442812
-0.253703482880521	0.412246397247078
-0.0579071434918228	0.0612391706914894
-0.199862895826849	0.248873974348514
0.306783439200748	0.461995537903317
-0.612237725396431	1.30090220928116
-0.0113757282202099	0.0140445343637839
0.0185146449118111	0.0207686596151411
0.0729274277663735	0.0958708992521025
-0.315200656894484	0.498069535129187
-0.121851927208318	0.146352389046195
0.134053072208223	0.19077744658074
-0.815917258959859	1.55398371273798
-0.336031200239818	0.581727353574042
-0.336428883079843	0.627731253750067
0.220839960469244	0.268274393037848
0.427796481918657	0.845233849197317
0.0625463347960587	0.0809939463292757
0.231266001304609	0.341252692538406
0.516593823559612	0.961454686856903
-0.562045800599584	1.06524872126571
0.266576672444573	0.382679174475965
-0.0115831643330946	0.0139674198191035
-0.227334941488419	0.358206487797688
-0.395833129933973	0.607685552808008
-0.575839832220282	1.11617896047306
0.145923265238417	0.197510309581645
0.535830135577439	1.0344769143187
-0.197142164805337	0.31865791111365
-0.122590437556408	0.165098544241118
-0.280905597721682	0.423149354501268
-0.142431455765353	0.198663961122436
-0.0116333449930552	0.0128906289559996
0.00218739830822227	0.00283139459626859
0.0759370828615603	0.0968925456241406
-0.327336060790356	0.540751104611139
-0.331000377134223	0.590812261064163
0.0579514325240328	0.0765328891650076
-0.490775620454973	1.04092405785562
-0.289449784310886	0.35487964110682
-0.212596706552913	0.252877433006259
-0.0669580438171494	0.0691507616868482
-0.585246745223055	0.644338011863658
-0.643357567825589	0.47684057846097
0.843446532858147	0.68285344414802
-0.536932658701169	0.459540176353191
-0.321153998355376	0.409320523652242
-0.359842559940978	0.71113074747934
-0.82883878638169	1.72319787645448
-1.11310210643746	2.7209044281461
-0.0919603479875615	0.094695962584733
-0.214472688790666	0.282275571241045
0.120252323254814	0.122559911244589
-0.254867131787423	0.341944771638717
0.332431635653098	0.419119599064856
-0.636433210833394	0.879289798476737
-0.501883811985668	0.767979014159525
-0.60229753308146	0.903506830957871
-0.223336599147056	0.322514945248022
-0.468120844576924	0.697962001415082
-0.37840381822245	0.716592651192273
-0.248117508578992	0.440757818687531
-0.177861922132172	0.23567030186921
-0.14412603638004	0.150504652638824
-0.280145168090923	0.37547959008935
-0.106457178590901	0.10575045280585
0.893950255537063	1.54701685771105
0.0719244869785074	0.0883157131737684
-0.13577715096421	0.160898527050034
-0.556017520816091	0.810497939343038
-0.0368507389808084	0.0395129138836543
0.233821697705105	0.330357896517769
-0.0304150182518164	0.0379405913118071
0.00065354912990604	0.000712538118846983
-0.580982939246897	0.912601612703366
-0.22984009592577	0.365333791110735
-0.371352438597806	0.560655295855054
0.129793804597884	0.135347797924038
-0.522848911092335	0.802916354201348
0.570795691569739	1.01693591483841
0.0772942081551258	0.0984104518775358
0.148126174592634	0.181003767612728
0.144195257276159	0.190329037122251
-0.377215532643723	0.646786507223265
-0.939762379534344	2.32385695280585
-0.0785871818412672	0.0947703265691228
-0.0206849804405088	0.0222458515946238
-0.594298214422729	0.954751128330941
0.0685787628558439	0.0733206028650637
-0.694021068951342	0.79581998225261
0.0421270318989206	0.0465124507560225
-0.515041290210211	0.719994834557338
0.103856137557053	0.1139937522633
-0.159183360094228	0.221058532249748
-0.377225513842849	0.579330286527223
0.112308850161543	0.124173998649249
-0.266724054406664	0.320050018069932
-0.419970656665883	0.646808572703072
-0.731828946016904	1.95428159543221
-0.0595413090858139	0.0718032597392127
-0.0257084562527694	0.0254262140756608
0.0572997834488676	0.0633732810431164
-0.761713963081178	1.80456818102551
-0.343972059091825	0.483622888457254
-0.214500899630915	0.270755640201131
0.0299792947747251	0.0375962633189036
-0.171386883317544	0.292320724005751
0.269745467136534	0.376082926655603
-0.188123331922957	0.266017188660719
0.173691032145347	0.188674196454974
0.700658699816253	1.17475145324906
-0.192544655401509	0.222095402868658
-0.875967175822572	1.8712315988284
0.0751891205903996	0.112219632683717
-0.876825006496406	2.24333519046638
-0.618491016536392	1.03511025600568
-0.466073825227483	0.577925182322264
-0.138845619672025	0.123218664001721
0.465514535486796	0.572104303577933
-0.12424311708805	0.140389699465582
-0.204501224651576	0.222735966815546
-1.1069145423365	2.00329791663985
-0.499007901894184	0.766165368941085
0.217444340437496	0.268421063735165
-0.0421987086261146	0.0414528332219964
0.0996890162543853	0.110708878400575
0.179905660180908	0.182509353191021
-0.152854876555635	0.160496942103995
-0.0145957335756746	0.0133875832397469
0.139030119092729	0.148079247460901
-0.343402192177654	0.500833595851726
-0.366756032770939	0.503250197473247
-0.390009696409651	0.871099214117951
0.0160352392490009	0.0203844247937322
-0.00122305475414046	0.000985293461150771
-0.297718191829298	0.38967804753812
0.118446510938634	0.112615391867745
0.086026809750104	0.0816432642389936
-0.683947434456507	0.96373410389751
0.414540953708572	0.381093089650228
0.4187988794947	0.560800518947641
-0.364901736494008	0.651270965466079
-0.0796129284270415	0.106369444390661
-0.758874552320554	0.985752471621004
-0.454988171802315	0.532375667362539
0.471861961375531	0.582651273349445
0.287972265592152	0.323210390353168
0.277039802449723	0.295117018493235
-0.219234719119764	0.321015746139472
-0.259304370181855	0.330519875262007
-0.265868631543796	0.403450316971768
-0.478430971768252	0.73902401596412
0.0350154269256863	0.0364490185527267
-0.503599363338896	0.971903703623586
-0.104690201712717	0.131128410139744
-0.0300360327677923	0.0366558981549784
-0.134253266062947	0.226099928648327
-0.0962879977150237	0.152991679524686
-0.130527990218142	0.194893629098759
0.0219220053926032	0.0276289202765413
-0.0886054972525794	0.11669984042948
-0.0443212898931972	0.0498824053257301
-0.491746472573898	1.06436480390866
-0.475618135438291	0.844976807097306
0.330972748140987	0.465976016018909
-0.177227610989382	0.198283146828163
-0.0353100717546012	0.0460269657598494
-0.305303374734748	0.52518779416178
-0.140166221444211	0.181717850493906
-0.302065826302363	0.429516743767256
-0.325792107618747	0.385083659965045
-0.214769911746446	0.247760528003435
-0.225350655219175	0.259257487980613
0.385859349875688	0.541074753719872
0.260670934528461	0.347376979804065
-0.181118850655865	0.222771316103592
-0.184755438821209	0.290496437854894
0.0202887387019493	0.0246344530760325
-0.270395528043372	0.459007681477352
-0.0299359144111828	0.0413573378033077
-0.0283035050274755	0.0411258801199362
-0.191417013352927	0.296888596860761
0.186743404014019	0.29785777037136
-0.645316500499538	1.35181147778608
-0.335648223055826	0.559670526574398
0.170731865638999	0.176408559316954
0.187792877806278	0.216136940285543
0.0230681212996271	0.0237472723569873
-0.84319835296207	2.04643028144195
-0.325130153232226	0.593346278260309
-0.27757010944771	0.432839540946884
0.349376038039532	0.48133758865769
-0.048515438619696	0.0543411744525887
0.229749542293841	0.260420476895933
0.0122600433050017	0.017100350910316
0.161639803477391	0.261142382912829
-0.185463594175923	0.178508816075796
-0.534873912788569	1.04363557368685
-0.345019583229028	0.703507334402456
0.0354740319318153	0.0369230907969678
-0.106399688438427	0.138764658711654
-0.0985537512695761	0.156419780793889
-0.2535975768657	0.479610897305225
0.453985342111689	0.7233528342126
-0.0691315554877294	0.078911411688126
-0.621600086540361	0.807535717311931
-0.0966537172375022	0.0913365229695121
-0.2834556490392	0.327672575962144
-0.167999265258409	0.34324009203488
0.195188678402052	0.313384351007787
-0.239939221160269	0.248202011083264
-0.159064507161472	0.168499466983191
-0.245570242818207	0.267812234225412
-0.419467664893082	0.573945796889062
0.525385590105383	0.859407646649388
0.0369892277867345	0.0356785764218317
-0.648136019665422	0.925918766606013
-0.712388074952437	1.18416683306844
0.51333029752666	0.814773380162555
-0.0974153377288511	0.0959994801625518
0.308696387546675	0.37862329613157
0.0261485358688723	0.0226398964905049
-0.42937204811282	0.576421737989131
-0.509786145864544	0.753970372728953
0.0672538605415307	0.0608376510026325
-0.240702876080667	0.438574830947107
-0.414830859734485	0.929360703365228
0.146538810478006	0.185418614962998
-0.0282288656240777	0.0324575677406261
-0.288826257724311	0.436428095947919
0.0750493120319763	0.0892554577590508
0.232394350397652	0.287156277507944
-0.144897702320648	0.170103315742715
-0.153156792538243	0.151100649925469
0.0638978977386113	0.0748262304330304
-0.349741873282694	0.709867921632772
-0.421453242109876	1.0082144303625
0.432104055886936	0.519179592320178
0.22285728995153	0.256410497057377
-0.388233679589446	0.520066342294888
-0.144037276970696	0.152111510258543
-0.708921515983209	1.22659632354187
0.0678146484870209	0.0935648486381712
-0.624461375353749	1.11804523740554
-0.568373556125107	1.01912780091696
-0.117772910051881	0.162716876796752
-0.314149442289615	0.481502929577828
-0.241220519701208	0.369243713009808
-0.221253359503438	0.332097685425084
-0.0318429911117239	0.033903604277848
0.0310719581969701	0.0340820006484272
-0.466861016531142	0.860086094792372
-0.736977614731066	1.26346780497963
-0.512772008741919	0.986029918486251
-0.230824718450705	0.383527167847964
-0.0739218734347895	0.0993151145616561
-0.455469895501049	0.704712740705773
-0.35169439797128	0.548273577272323
-0.122508793872336	0.144696785762977
-0.399934509703559	0.616569538702674
-0.115675219532124	0.126297440870702
0.3303597065529	0.476508846449426
-0.039022272575537	0.0448866722591315
0.0172739876946815	0.0192075436717852
0.334231273793047	0.548517373038286
0.0425253996602402	0.0525958735331926
0.332304575514986	0.60540815796868
-0.0533465153231503	0.0639030497381363
-0.580688166604781	1.17457138040248
0.0158410657554526	0.017449778282721
0.41824689040016	0.568427306524126
-0.000138406151371722	0.000230384319751851
0.425990038974974	0.46459683120226
0.406855896291179	0.575429569774901
-0.239595682269133	0.328098142889297
0.0936741164697244	0.117328184945151
-0.332338755218217	0.506234058954809
-0.236305700948608	0.354642941160746
0.485803088894914	0.670778374866817
0.130262464786191	0.144523167133257
-0.456689265116962	0.66718885036003
-0.137432682283738	0.204097148648884
-0.13326279858495	0.187557706624323
-0.314469236658194	0.376307492689902
0.0260449563571857	0.0272125756634998
-0.746008811787614	1.63544247724503
0.0579375825448965	0.0607700252861975
-0.54537157180366	1.08886087790571
0.0244778680332589	0.0329974442169963
-0.422589892349825	0.850105724534939
0.205188405883444	0.229273779391931
-0.222101951162527	0.316540080740998
-0.173585499203199	0.265776653457171
-0.270545993387243	0.362954808134805
-0.301261788658694	0.378437672768612
-0.206432809001267	0.239252504884811
-0.117784675889494	0.12918550740036
0.357688158706463	0.487712396902414
-0.214839719995728	0.252140827903672
-0.209132948716695	0.244258877451798
-0.526766580355438	0.815912795393168
0.536671489234129	0.755822454285789
-0.288923704434454	0.389781975480076
-0.146938989848273	0.166699059773401
0.0882173703565933	0.0899420285485995
0.161195454852843	0.205228824908099
-0.352512085269621	0.485524205377605
-0.335125588027426	0.662723608412395
-0.330720370630035	0.58657520968728
0.230475778089654	0.28430413412018
-0.0646360290681637	0.0545859251952303
-0.203937468275811	0.179296232497875
-0.170519304174697	0.135867724545597
0.565432845840954	1.17526615401139
0.107098986825822	0.156140753930388
-0.832005430640777	1.48942762431586
-0.00234729041149057	0.00218584368419459
-0.0224115775081751	0.021722605889722
-0.125851651875109	0.146223785572121
-0.35027409031858	0.486316927824264
-0.254156722128023	0.392977747030098
-0.493847085191258	0.760756942249303
-0.321234184227149	0.62133990110198
-0.027758531062998	0.0326050940489776
-0.142233142340976	0.190118347936328
0.0561866426635251	0.0688209259860846
-0.152620179387763	0.205599131496631
-0.468189314082866	0.816076871389488
-0.604576360488606	0.386104451661409
-0.134181406662092	0.119102324241625
-0.0777871744137596	0.100909924211395
-0.250865440977097	0.422646938219608
-0.018091127502587	0.0213596505555033
0.0601199121643688	0.0702844683968223
-0.171977156460947	0.220293066673409
-0.151307535995978	0.216776325930561
0.0291973518569512	0.034015173792633
-0.169169266858297	0.214537495905223
-0.0220187705082178	0.0279813946275852
-0.0812681656789587	0.104278053426583
-0.0342786086319273	0.0444577238124182
-0.423108774292102	0.764982471588838
0.172635144740173	0.258112573034732
0.061864238536652	0.0621236178391807
0.774723503204144	1.34341725906059
-0.30071449117909	0.409031931358178
0.280818825429544	0.319190088519379
0.17537684340279	0.16732558896412
0.070839741073473	0.0654759951472001
0.148371439193599	0.14852016019553
0.37072693187833	0.26892106208519
0.337105417417481	0.263105262830721
-0.351658354175936	0.370919780520328
-0.18477252176307	0.237966283165277
-0.480173472715906	0.828672812325725
0.119851550190574	0.133794522783222
-1.07658869322334	1.43847438586674
0.0238056017558293	0.0183080161969466
0.00147561655817319	0.00141952525185181
-0.185907001388044	0.267026164811675
-0.60826787810704	1.34719277561419
-0.174583343116216	0.253133887464084
0.128692631380682	0.136275469912971
-0.328369941387824	0.514570844412487
-0.118387551648769	0.147853206783998
0.310793007950125	0.314837190427734
-0.217742937451162	0.330520905069315
-0.551461759480961	1.12878012857219
0.0745535217976669	0.0684608497891784
-0.174974567143682	0.222701171181521
0.373996542856568	0.711459458444229
-0.415784133319589	0.792502421260051
-0.175084212256743	0.228898278562604
-0.274351015523004	0.465789329408235
-0.352948935260273	0.637932838775134
-0.4454334474348	0.906241272842911
-0.251597869799617	0.373881932351336
-0.0331593001975833	0.0438295246284075
-0.390531599895281	0.74092486475384
-0.388918831818577	0.756542969829431
-0.329670188688873	0.594880211060829
0.0337024034126602	0.0432252427676006
-0.446527384114369	0.831892780064996
0.142837612507312	0.208533175701161
-0.689745462072512	1.5891772332848
-0.159340374913788	0.0644476171698162
-0.578852492250181	0.233014554599645
-0.340744944191378	0.26471566784422
-0.114246934410463	0.139506845040411
-0.764695089253421	1.59922477319336
-0.200486415999664	0.243590141249462
0.429123844643494	0.70755604532565
-0.130795309847231	0.166692950402725
-0.755233707848407	1.46982704754884
-0.544655094514029	0.972535094640085
-0.394299675509015	0.443242358199157
0.0161630728531763	0.0189107583642623
-0.324641544444005	0.639647335187097
-0.558397855156217	0.816629755204421
-0.457497562868548	0.323998785271371
-0.0929256912963812	0.0452307900568068
0.0143895136690793	0.0110115311479683
0.12084528514247	0.155086167924712
-0.0764020814984567	0.097659718417402
0.147494812238579	0.212296705682495
-0.0163609039892891	0.0161975073926743
-0.439451583239482	0.664687082149801
-0.0689287754471511	0.0924214023953144
0.125899823136101	0.174299493073496
0.143766491688458	0.208928280301421
-0.0464429285330078	0.0633989661758727
-0.0492786686518028	0.0487532760915873
-0.0352112610452989	0.0370695648346148
-0.0974890186655012	0.108535056880081
-0.185621734638055	0.149750371415836
-0.558784530034749	0.52523631929832
0.312467848260784	0.29582624846964
0.475575668627301	0.450986302705827
-0.120769083729006	0.0546801491679296
1.04185681532268	0.772703890886536
-0.0345667369941397	0.0235351480115185
-0.0454072329925819	0.0502803135620165
-0.672422940189999	1.47966338971306
-0.391696183342688	0.510337591142963
-0.570713128265145	0.575004316746254
0.167986803172419	0.13985043822919
-0.309994731827309	0.523961731323204
0.0000432015030706612	0.000142911851796154
-0.535188781529938	1.04644718447557
-0.108306245926301	0.12663474402749
-0.331786755234579	0.364070555747386
0.0982595626195254	0.131074823342178
-0.0743732710594209	0.0833615070848838
-1.00357461621489	1.28473234447206
-0.275061668383908	0.432719045427021
-0.127426242494456	0.160679157613561
-0.214254215513862	0.166386707574068
-0.646911616742933	0.939889185447666
0.263767043688715	0.451656558002823
-0.0050677802293389	0.00627884352191334
0.0954354135771863	0.124672748647031
-0.327007558018528	0.614773369411351
-0.125808734752036	0.126306779609523
-0.171181360258305	0.241159517371027
-0.631401354181766	1.41096776767963
-0.0302425118218046	0.0363907701441877
-0.0147386402930314	0.0178833024832039
-0.048503985429916	0.0625080264788817
-0.388769506251588	0.760174467967358
0.0696922652065567	0.0895835333988648
-0.102249443436887	0.147197375777129
-0.191066498453085	0.326353581457561
-0.114611516452381	0.172603947677519
0.000664848176074223	0.000911889505177423
-0.096130956219148	0.140868484299625
0.265003291848024	0.318124626540321
-0.929392705050591	0.957139463849611
-0.578158171933202	0.231020724047211
0.100461150542424	0.029440662067896
-0.768790330517837	1.45062344694455
0.182152342623508	0.244409745789914
0.25241133103408	0.34186130644285
0.0358412206813804	0.0428953839527024
-0.170555214311904	0.228332461503546
0.105142388658031	0.109199015877475
0.375834494204654	0.392338690491764
0.183485080131619	0.190944225709205
-0.15941323975167	0.193218863282289
0.0234698465667069	0.0174386894569204
-0.0420629846212547	0.0489057246603533
0.0515522629809786	0.069866070184022
-0.322605073527377	0.619871154963995
-0.732853623352793	1.10939224027083
-0.116815951837115	0.188799915490076
0.265759282864555	0.484135259989587
0.258751775153769	0.460302937399716
0.140323559162742	0.15410769637813
0.451153901782978	0.746378671061614
0.373740665296907	0.666378620746829
0.724237004597919	0.941889526626473
-0.386410949686526	0.377657011139293
0.156837537511231	0.126963230677124
-0.699659581488978	0.890449087509545
0.301651021045155	0.151028184773619
0.345223027243413	0.274070913679391
-0.384930994436429	0.356234661968201
-0.353766619023912	0.565625344675741
-0.150280791193646	0.182861574113177
0.595579746047353	1.10759743291525
0.233376398854944	0.227581217683188
0.0531997907151778	0.0536371650712189
-0.61597281214514	1.37583800690965
0.100664063154043	0.138322138177791
0.042328058156941	0.0552538038427599
-0.438873281971099	0.708178143955377
0.32275248881653	0.485653108140048
-0.703410585755343	1.5740200528403
-0.0441591664726564	0.0513176181754565
0.400322026226578	0.404699362109216
-0.0159173647404208	0.0180024213937985
-0.161817161983649	0.227389084696592
0.511148434782208	0.598739481470562
0.134921123787298	0.147881924842319
-0.00656780259071794	0.00731799059874832
0.0338614047095927	0.0426805716346766
-0.235241831168693	0.374685865502179
0.0894753272298643	0.131914348632926
-0.376622311203456	0.771989142618521
-0.0782256025616514	0.0699613044874222
0.112204248757673	0.15488410988203
-0.243189958505254	0.413384264415934
-0.323715564813952	0.636545633058497
0.0323536756651719	0.045853457618156
-0.310401124537882	0.58543708746843
-0.336913928703392	0.649273297077679
0.149651392256083	0.240796434411572
-0.170916905473197	0.291565833063149
0.0892925710285217	0.128792007511982
-0.17089106627055	0.266940614101838
-0.1407394764051	0.197279507634871
0.308546465243721	0.465127679477103
-0.275898527014206	0.20927362848232
-1.17593414403549	0.3709145036914
-0.485137335759648	0.910476691848662
-0.222175721042183	0.329389583410503
0.162602750135422	0.210319522346067
-0.164735947416142	0.225839759316695
0.10728072242998	0.146397922760086
-0.0826968048365306	0.0979364502427378
-0.314800596009596	0.421878875489559
0.178638052534639	0.188073256228399
-0.2353257583951	0.307382912468926
-0.0810974817767044	0.0963932790975834
-1.10737012593269	1.40646224125362
-1.12376169123396	1.93753684347239
-0.737644466261084	1.81672746967923
-0.146199964362347	0.218152076014344
-0.332968319860122	0.521370249542196
-0.295412650453653	0.387215485396958
-0.572488000746392	1.18023765846903
-0.0161672139135969	0.0143623855513821
0.0475689429498657	0.0686199661382918
-0.0376468875341559	0.0494936965587423
-0.0613988537134207	0.0831630254526728
0.0192251410243791	0.0194238136946037
0.097929576562548	0.115813712829092
-0.385106173405075	0.760399990759273
0.187773099467529	0.165031106831634
-0.404469574605042	0.425678853832598
-0.1900205323379	0.193449403454087
-0.441638179902036	0.578321765832672
-1.10761411425168	0.914040860385935
0.0208941994372309	0.013333094101194
0.0273310109885564	0.0176451211107558
-0.250476177633581	0.363895884249958
-0.302206761512746	0.454406531680892
-0.201634825602683	0.240106295025343
-0.204743409436571	0.212911306254342
-0.916332571943737	1.34588231491903
-0.114379217524902	0.165402853463653
-0.153947640985956	0.226229659560958
-0.44246997786237	0.918633068768254
0.0993169270056949	0.113479393644601
-0.280851398327886	0.394836950794216
-0.135387604905207	0.185812000108055
-0.450805665136686	0.800159809535754
0.17252513240162	0.160975476103683
0.419068743311664	0.638948410562809
0.139028831121285	0.184028073680996
-0.0888558392503709	0.0768982934398078
-0.0744029978597755	0.074843043061722
0.0896417062045155	0.135268576079225
0.0503333307619227	0.0658521524385189
0.0795092020178913	0.107895367730023
-0.183093775925566	0.274116015114828
-0.235637012364841	0.39441921507088
-0.0925737567159081	0.0893881275009212
0.197636888031398	0.315044942108752
0.163262329463779	0.282361070355241
-0.21365098592819	0.368750124177468
-0.420126757091867	0.865045639620251
0.0577117684780427	0.0771173914967774
0.319099525020249	0.703576029600801
0.0806930683119043	0.111017503549259
-0.402436671571183	0.880663481554977
-0.210692544718694	0.363719596766538
-0.306953087881733	0.559311746792897
-0.0840424396541947	0.118751444022205
-0.00564895868760367	0.00724945988116187
0.0563012930529653	0.0676943686260459
-0.572763377077488	0.576706976835173
-0.536088551184654	0.467438047972146
-0.466301896289517	0.263382179101556
-0.745496409352901	1.80703095152057
-0.0129212673340899	0.0149749373821718
0.504908472714142	0.968265239008503
-0.169269696660475	0.247302525052592
0.399297503814891	0.696986397605572
0.00272387044003891	0.00296817741296469
-0.184906849545434	0.219615776961968
-0.209703412197527	0.254144659804928
-0.210839110553401	0.350325699399235
-0.260776956177466	0.416825570644262
-0.918082736817172	1.87318233853036
-0.305209842970979	0.489039388582065
-0.186703587083742	0.232344359422742
0.106766887923628	0.145483932820063
-0.224864811855307	0.326345243828808
0.0868087094489363	0.109150869828497
-0.302474664831238	0.479664508555637
-0.0193582302463131	0.0229301771843322
-0.217208039644692	0.298282789470011
0.256966882797688	0.365389266050258
0.445532980862652	0.63019767464665
0.518984224794895	0.971578543548864
0.465965953380163	0.661738435782167
-0.302954505307753	0.471275172588266
0.480006431217965	0.655826373036178
-0.44455325031102	0.631680579800902
-0.141098427760511	0.137203213962088
-0.451375220464187	0.425930291010131
0.599608431520105	1.09094579685413
0.178804522483127	0.231520338984386
-0.263041130230211	0.354298263394751
0.379842637890743	0.481287785725356
-0.743704785348958	1.35873633414572
-0.595197872691302	1.11064787838603
-0.0117908981422726	0.011377410689394
-0.451196576633362	0.722508627817252
-0.183517946888081	0.25797274905898
0.261090093355584	0.337597867050878
0.296205130526754	0.431951666972453
-0.0979668196669812	0.127347986626207
0.00737819416743461	0.00791747425732648
-0.25152793212681	0.391114212673132
0.17820554083052	0.258688627010411
-0.114006798766828	0.133401383693638
-0.213344481516354	0.307382554435665
0.0409689467103942	0.0442558603342969
-0.392506352821342	0.677683568275973
-0.131591292320431	0.156785469623199
-0.260642710656401	0.337151145026253
-0.186074367284212	0.278390013901456
-0.252330603183377	0.399684711543496
-0.0539896290927641	0.0699230312318696
0.0295798602557373	0.0328138402228463
-0.00344102049842492	0.0037837806351716
0.0623238438810014	0.0723502315422957
-0.0853821914530889	0.104654089502469
0.16662839193555	0.211147405781536
-0.142463125779883	0.173195895310156
0.544259969584463	0.978982061007602
-0.0788865078156923	0.0991839713242419
-0.108453768289426	0.131265234201552
-0.152384985304837	0.19646780085881
0.225139702931443	0.300770143721681
-0.149237001304929	0.215246771891935
-0.383848448992164	0.343588869971206
-0.646159718025532	0.470965955110314
-0.302493877478738	0.498906109540616
-0.536878022805917	0.878567294171489
0.420590315404441	0.547216516981822
-0.282820362994673	0.367460068105396
-0.0911894578331664	0.10965715467025
0.345654790105144	0.469233304060846
-0.213498853505147	0.281485957355211
-0.177288402302988	0.211851165423332
-0.353516277782586	0.677316515399465
-0.176653096001455	0.208774792644107
-0.298097795065874	0.493516012987321
-0.186074209800461	0.293308464815273
-0.450511724496841	0.952362073546378
0.0166238183995254	0.0236449310412901
-0.0552556823453574	0.0807387740982844
-0.189588457188309	0.294769190051107
-0.402422739004393	0.83139503603663
-0.0729551346495212	0.0880150034165125
-0.387815446386194	0.530010558890904
0.27369987673854	0.327612943477724
0.0372308636575941	0.051159903748769
-0.126789103931751	0.171869780958968
-0.555684642452267	1.05121535506198
-0.522901616595051	0.717316892701861
-0.48352237103343	0.793652569255907
-0.164424664930897	0.196891550473431
-0.637164835614593	1.03439657568489
0.12781450546437	0.131198722494541
0.0818894714802069	0.0924474311355471
-0.10523693485076	0.191350747159729
-0.244056622699383	0.497177870323031
-0.167091819435057	0.175937375580131
-0.154705025363596	0.164655351135729
-0.0445743007813988	0.0635838623316024
-0.0839884976679477	0.113714552176757
-0.176537671524794	0.271125579936026
-0.226878023764922	0.402219676070082
-0.155680553808725	0.260327045936374
-0.0903816601780252	0.111504471286168
-0.0610737001789529	0.0875912568515723
-0.678685804159996	0.984493015420471
-0.321289896293456	0.428111642312314
0.0723971704461486	0.0830292128442409
-0.378258296972398	0.689548587085596
0.0284830745939405	0.0359885824466666
0.344873164479008	0.398827017588483
0.0260978530770224	0.0221251574993242
-0.662889463996645	1.00093965614226
-0.0868294457620327	0.127949756120547
-0.379206362948761	0.708219880619164
0.277108264753473	0.351521352634632
0.555770136189962	0.924075273997606
-0.520675339311102	1.27830231951313
-0.337540347656312	0.531030344143884
-0.340217705961968	0.589547078111747
-0.175064557122223	0.298492760848812
0.16010332587715	0.278151646888935
0.509682991565389	0.851362344500311
-0.0410798641207512	0.0475134886837752
-0.296237729626711	0.317481579496633
0.00957100519489447	0.011874577501313
0.271557994214352	0.332610686246013
-0.581219299607804	0.906282129242287
-0.141217557773869	0.135248859496613
-0.180040836429509	0.180384615380261
-0.0615938164747177	0.0601535889564195
-0.113830994990775	0.123820383063566
-0.776582374907908	1.43235008960157
0.0203829514150483	0.0186836459814023
0.116472752108451	0.104393061833031
0.417587376586463	0.561155185305561
0.253199622480959	0.311730371245984
-0.163936355560037	0.266670837547379
-0.0205986827865671	0.0248444905711333
0.175080931770712	0.166762135773197
0.0580617438081691	0.0479830665651823
-0.45945123340752	0.505511158855624
0.0552271148520641	0.0563166504175756
-0.410408819636802	0.532626211309262
-0.348135022128453	0.569623684519226
0.108712367014479	0.139372531229792
-0.248031425496111	0.249247585394017
-0.101757835685905	0.183130725383369
-0.195101935936484	0.309201734111152
-0.127959702944483	0.152199192739284
-0.343105279033802	0.602772180165167
-0.0371636318749602	0.0365430697851423
-0.0196810700676115	0.0212979134821085
0.0109750861069732	0.0132264880821642
0.0074978044059034	0.0100088197169076
-0.0227690217107918	0.0299452966331472
-0.0299245983503402	0.0390472894449954
-0.120967502941712	0.130524371595486
-0.37197275082623	0.463327992152398
-0.519785762896473	0.766041168318497
0.0181075829195299	0.0233586114061451
-0.407407966244786	0.757268826435221
-0.443693453842576	0.597192117012885
-1.02409772103481	1.94090557939994
0.0160569103216051	0.0141528673019933
-0.996313142038835	1.60534317294443
-0.276908439278911	0.341300755132275
-0.768383045670118	0.984647608400049
0.0319032850735096	0.0293558411326012
-0.0917013745981965	0.162867534283884
0.0328330809759094	0.0461605144710787
-0.228577480189273	0.3306857929367
-0.00997235835180799	0.0140254302107847
-0.0767066754828524	0.111153381785489
-0.480728482123325	0.54302557119406
-0.510719058159061	0.750873692223569
0.0785167009146076	0.0724670859148111
0.259419357153568	0.344998980610715
-0.488255138547015	1.12077243128836
-0.398845867465145	0.82744980282183
-1.06853296816626	1.84661043021185
-0.187736092239365	0.172822659248335
-0.956135297889599	1.33336205857975
-0.172593717812905	0.292914621230863
-0.542996900375571	1.14403934983066
-0.226255867721424	0.225991853733659
0.134409556520469	0.162202654808289
-0.292528908013372	0.632244367611829
-0.152164704369103	0.183726017053152
-0.256573533954703	0.327963074299985
-0.134272233384068	0.261819138825982
-0.164205029872493	0.290500679743015
0.12445789505372	0.124179654972875
-0.128020110992749	0.157864117697963
-0.319025411728138	0.319132978686597
-0.0455124950978249	0.0392757185831422
-0.388492312578057	0.556808016891898
-0.083280490218311	0.142695265247758
0.112370430606942	0.154792959466006
-0.0389335924573935	0.0311379563670489
-0.0698622437339305	0.0598423038888436
-0.665991679695596	0.871333722896327
-1.02041144814899	1.9338039424789
-0.0878001663366465	0.0750350122063931
-0.676071611996046	1.00083175378777
-0.568456645969748	0.751948794717913
-0.444030419816506	0.563865309814449
-0.324628395271729	0.333676629721944
0.368765225933253	0.482129946778505
0.44765151597169	0.553104227984104
-0.340681836073882	0.413055156254344
0.0473211080987303	0.0394445652915028
0.23909493216383	0.24652051148709
-0.261286827208076	0.499834931291749
-0.0602295025769824	0.100903727071385
-0.232725105477679	0.479583603203739
-0.116849524504139	0.182437345219126
-0.77854455802316	1.19038072560733
-0.0367145433800279	0.0291788927692592
-0.292910454539171	0.355964053057522
-0.550898958384577	0.839103729002081
-0.563312580508711	0.765454194136931
-0.266594584285912	0.444573481159513
0.144838507569396	0.200397756182578
-0.431603013907851	0.702417059638559
-0.402680054367569	0.542746871256034
-0.401170229538397	0.632147330292483
-0.620584785052602	1.03755230904539
-0.575312216672927	1.28009695676709
-0.501121889798171	0.897058858981664
-0.0484426364011544	0.0516164502014587
-0.278199892282843	0.384977939802158
0.510662524827326	0.929158683901576
-0.293386021819109	0.477990980425069
0.408580506362033	0.745156899006297
-0.214808597936125	0.349516961764113
-0.652435938026386	1.58117862544871
-0.482046272166399	0.860009761010535
-0.259471147887546	0.37344486630218
-0.624237550722689	1.21529782596603
0.226294746759366	0.318362862605657
-0.0123854158588187	0.0144055723072349
-0.236372697196446	0.383124324857145
0.196345093646822	0.240919100208535
-0.671590620742272	1.12180708658895
-0.0863836376571997	0.0888191348181871
0.0565573837045135	0.0635698642374912
0.0573889773830577	0.0588632970173483
0.0201307003648417	0.0227106100497146
-0.451635844226073	0.595634870707663
0.0595185210805181	0.0634974159645444
-0.340785524355002	0.621628761329642
-0.0597559777402488	0.0837462249515652
0.0468104632082051	0.0517227139058588
-0.0802561931206133	0.104896362677691
-0.109365217265939	0.151370874838661
-0.263403704090544	0.263351595073583
-0.19227321299256	0.221443978944398
-0.843066464455706	1.45153004415407
-0.612998394542203	0.965422231153954
-0.257847746237448	0.391944531824022
-0.183955276519839	0.206507335684362
-0.117418858670411	0.134119424683927
0.0636943383013406	0.0645760974060516
-0.197220464854022	0.251838793210127
-0.420086893692329	0.721358384635553
-0.50959304441329	0.946018647861838
-0.29822172098824	0.378829403156407
-0.202799037319888	0.247526305567389
-0.31020908214286	0.451169950630955
-0.54022674613829	0.951377458156056
0.0131841103272203	0.014653647686547
-0.23053967200681	0.327312676699546
-0.136514650547923	0.222835045842811
-0.54854183285102	0.90764408762818
-0.00569700624869631	0.00636267313809036
-0.0245192581858525	0.0223186639387852
-0.199888370469046	0.221220016514184
0.0674128354896959	0.0713248824322842
0.00583864468425509	0.00634957547810053
-0.471663839676059	1.0163926485126
-0.0274580960958788	0.0344009468438674
-0.488143136219841	0.913281644799816
-0.723316313850416	1.38794560397049
-0.269656198917323	0.350615627396348
-0.114479148113305	0.128818733900037
-0.194336721308615	0.254321454463415
-0.186973892340171	0.188651757582357
-0.351594126487317	0.514843414050583
-0.0959522511461657	0.111524235127706
0.164310636823393	0.204708147105921
-0.499925801606949	0.827119226174872
-0.642720454554006	1.19961852868555
-0.248881581073139	0.323170607279449
0.151942729356069	0.178605582195287
0.0888901796811698	0.107386005323214
-0.291791759017598	0.516785873701276
-0.0431192288732897	0.0609532676626024
-0.488100582285494	0.763276790681158
-0.697972225819984	1.09822313427389
0.227254348438268	0.264188588730445
-0.0542209578600997	0.054790751140746
0.151698789180216	0.182185262188107
0.409316330597602	0.73144761431516
-0.367003502574759	0.594247965454756
-0.596203106369375	0.977846475516032
-0.893842062301415	1.44689140361956
0.889210303713656	1.76440005485867
-0.715412549337742	0.952098727002384
-0.266962981385606	0.324020986516178
0.0227396742772024	0.0270445760475301
-0.0820207775091857	0.130191871362745
-0.198706182691881	0.403967182586035
0.551818456088786	1.19936362470044
-0.357527867340278	0.493940891039903
-0.176515524260426	0.203805663721798
-0.558809028176142	0.812464607314618
-0.17205657400177	0.186208941122717
-0.513952493301845	0.810243068142423
-0.0147941570810286	0.0162622844033457
-0.200847885312119	0.239023613503505
0.289164725675019	0.392933117645345
-0.403961897207513	0.769475885790776
-0.278281434044158	0.481908334816447
-0.119009093260267	0.177735805707716
0.068054715184484	0.0965114317917095
-0.532730653981802	1.17147398811303
-0.334546635890757	0.555576846270247
-0.0416775893616729	0.0470597657749423
-0.400603104586826	0.479900077334125
-0.407826939737554	0.46908283959364
-0.196272222272648	0.29971275113023
-0.240370834716933	0.416286577741545
-0.295742931518649	0.383266660469055
0.0800743506413257	0.0774155068874435
0.030656337606293	0.029138438731669
-0.0337899708139086	0.0315232285516392
0.224518451567369	0.289489872094755
-0.153257749064544	0.163561248232443
-0.0279302336930012	0.0249716388065176
-0.36972444486316	0.50785683744299
0.128009349448622	0.127121172842508
0.266865422005348	0.337168933386273
-0.000275735524349652	0.000495384599151725
0.0479445106783685	0.0879517127902268
-0.222977434439291	0.254662775747253
-0.015947502865149	0.0159426339500459
-0.100757181876956	0.114762863271437
-0.404347971626052	0.948505476158978
-0.154217191256874	0.246508821907767
-0.869836797980713	2.26535100101864
-0.239789223090665	0.414138178070609
-0.310681159865565	0.352838600807167
0.177396570091531	0.178902880069309
0.123147461061448	0.130606402604896
0.122337038171568	0.15286732111898
-0.101993799403264	0.142493361487102
-0.389884110071617	0.762385276989765
-0.103248114826536	0.101880854080291
-0.844275581200268	1.49926136096749
-0.148468910754018	0.170246360553219
-0.304218966891418	0.555952916461134
-0.153934051611724	0.227233969753889
-0.232882106213422	0.286996794075358
-0.74828713811034	1.33167915863203
-0.17836781350692	0.286582633859508
-0.623898045140272	1.2256467576672
-0.579375958603809	1.09418388397535
-0.259546484952253	0.582500950352359
-0.201037890919997	0.430349100211398
-0.746096833159656	1.33645196267267
0.426461261273405	0.791148834124323
0.58255779085649	0.782738152728873
0.112415253673587	0.104129103807193
-0.231760321629986	0.236210451863001
0.72206385500332	1.48346841181007
-0.0301217476985352	0.0536128585182392
-0.330979760609594	0.692247813296233
0.0808172957710794	0.0770906938343205
0.664933056058298	1.02294865251961
0.268387525173347	0.322502141731824
-0.238983382916716	0.297116627015227
-0.303629877839532	0.347499395654886
-0.582738654900061	0.903155112365012
-0.365819050649036	0.468157485530798
-0.300492521008483	0.440197912521199
-0.316116481457228	0.356827401828374
-0.326563242976646	0.514144277712631
-0.0843874353252365	0.0899577353173155
-0.457909119397922	1.04450686590783
-0.163977331508779	0.336984021225775
-0.456727180173996	0.903798099204796
0.0131347106180574	0.020530087409876
-0.33438202145281	0.641083617185812
0.419323001419188	0.568574985234809
-0.000140328862992351	0.0000121428224228901
-0.0183583502013205	0.016442324306353
-0.202928154455479	0.220255645847896
-0.556199390645627	0.873672871602225
0.0803926758090737	0.106454120897242
0.416084643896986	0.696797634385552
-0.285598346098987	0.49067449539446
-0.3741499698275	0.761864982519115
-0.357642457444763	0.650513872808469
0.139865179707718	0.202412171566718
-0.194060256498189	0.295865569497358
0.124062044201066	0.118341552741399
0.264259272334255	0.364662121630001
-0.55224344542779	1.18544923070802
0.117730009217945	0.159838211467154
-0.0540979415206801	0.069259183890977
0.28664376522761	0.442527565782591
-0.0619602795267263	0.0802690145081065
-0.178659299892641	0.272830473085541
-0.0943964752613285	0.120840778349809
-0.261826821066526	0.468591102214201
-0.499840502593122	0.997932508130358
-0.0928881406512356	0.12264426273335
-0.178040514864128	0.236145189780644
0.0896746338401222	0.112712072548774
-0.425924182894114	0.388431440262338
-0.471469442003547	0.905385440107667
-0.580918462360914	1.25264285071147
-0.548068858269171	1.04897061978782
0.264266956700849	0.327655396106532
-0.623287858083161	1.23297703825882
0.548146168170878	1.10403589455705
-0.244718903073522	0.376259391670312
-0.391527670060129	0.63767218012312
-0.294639015181038	0.500704105157844
0.170903289664218	0.241843716999854
-0.714349736588818	1.62227487050167
0.204875462695379	0.291574103826586
0.105034500276315	0.144909690717921
0.274671936374656	0.419845340041246
-0.176612430356406	0.242987729651164
0.0983842955820477	0.108743651364297
0.217543839496504	0.286678522396938
-0.361957330368756	0.670884395834652
0.0726487961182102	0.101072789151995
-0.171471628123973	0.225802543861768
-0.099396405630431	0.122032629527748
-0.250148301744399	0.353816426118204
-0.265199588664599	0.280999070701753
-1.14026925861175	1.77205915149977
-0.0103449730299168	0.00856920263146569
-0.00476507812747141	0.00338262556673493
-0.137493396162566	0.163604080662229
-0.0491406541771751	0.054227207055669
-0.0826008490919856	0.103665177270698
-1.06159967983628	1.60903142267278
-0.573020675090706	0.798444639773952
-0.581869675199362	1.21809227834586
-0.181423831880307	0.278403996689299
-0.330140293594406	0.559112792688663
-0.642428789050994	1.26676992842761
-0.0715310660173711	0.0748727042441296
-0.682368693972775	1.19098357806003
-0.49665595937075	0.775062477433943
0.390309253604295	0.492611974750258
-1.03150564296923	2.59515450845166
-0.223272399097693	0.331100693582689
-0.342062010233051	0.443315111389402
-0.427563706152099	0.611795053688159
-0.241937285252297	0.343779244895718
0.282794485040172	0.47705172951655
0.18330220239094	0.285748107897617
-0.0395981201966109	0.0426645616846825
-0.00303437754192858	0.00385950503404039
-0.0196697679481861	0.0231793379940348
0.418404958023821	0.64328309556476
-0.0329897652651251	0.0410124776128821
-0.424115039407804	0.821392491571465
-0.195922227226992	0.283645561649127
-0.056332800447717	0.0729158262581556
-0.267112505218622	0.472500976021366
-0.229586831224795	0.37586493948192
0.407330012374771	0.770766351500605
-0.370392077336672	0.614038564237559
-0.162184346433406	0.131499363691007
-1.11105304219327	0.900574875495235
-0.702743286581941	1.09636975916364
-0.750717604443123	1.63090465512526
-0.483821319003	0.871223975018402
0.182965480987437	0.231274047731329
-0.000892349285536526	0.000844471573915947
-0.231046636636221	0.343695734075062
-0.144149838508994	0.165997693788597
-0.321327391107257	0.42490482605975
-0.0156831957162456	0.0172627422965558
-0.298517054474219	0.493829896458557
-0.431055660549003	0.773286850973079
-0.148875878839258	0.221032108213069
-0.00274746070943602	0.00304031312422038
0.0434868111609357	0.0495209482375855
-0.267583636321951	0.424072819390132
-0.052532455673866	0.0692960740160329
0.117706264313574	0.139682250386077
0.281249976509177	0.461251873402588
0.258136012612667	0.417608873213191
0.0201638696378439	0.0238320359579441
-0.304856574087028	0.542064131338641
-0.117387812447268	0.170366914285399
0.27902642211484	0.471432808267528
-0.56338169753317	1.30963911029752
0.48360456545735	1.01244633985671
-0.126029629036836	0.172036551455768
-0.03269673236032	0.0294178584671287
-0.113652882462723	0.0751541488526446
-0.0650765239697335	0.0703940547368827
-0.462242048856216	0.877010072833238
-0.0914589626742991	0.128656019902112
-1.00866444030253	2.38747074719907
-0.196472722229851	0.267071438995994
0.0471884248055156	0.060808975461965
-0.0116070805512564	0.0143581324519612
-0.147488607175911	0.191674715947947
0.0670177113378215	0.0781985518937424
0.0581001673009136	0.0715525966487472
-0.0422222558664667	0.0527761337678337
-0.0286519807932103	0.0346565689592314
0.309338784490958	0.487091502772629
0.140428262486094	0.205990164314337
-0.0901924424051986	0.104430433012883
-0.115821552458924	0.153847979532002
0.0453808124816788	0.0515132914991067
0.0277507249472095	0.0336400997799744
0.339765658466034	0.564200598286131
0.210736348879604	0.311701823767537
-0.357470506138954	0.664572102326745
-0.257739052564427	0.409799354403297
-0.811412672130023	1.28014068947818
-0.339275357286865	0.426156747654941
-0.402271084550838	0.544338839086941
-0.0850858703644145	0.080193824695033
-0.22220277580085	0.280890873463189
-1.27217522720008	2.82196710908613
-0.805917695801912	1.31481403385307
-0.204012052727656	0.209663868127333
-0.4649524608602	0.836265616670456
-0.490278113141488	0.772635552799048
-0.591149721593746	1.27784111586839
-0.391643828055525	0.740707422753349
0.110113093101115	0.13161675110928
-0.482369893511708	0.884305624206813
-0.082675822932485	0.100604743945468
-0.242332216531708	0.330543447698234
-0.678832176084445	1.29027373753942
-0.552378317554906	1.20807455107065
-0.175885257127893	0.214666063623896
-0.192206893928248	0.244742735769672
0.186778037517882	0.279506473272295
-0.434110853185035	0.874857679465433
-0.128433640915516	0.148147014363275
-0.372845941536935	0.581861357663279
-0.504817506678935	1.02530494973022
0.10165604878322	0.143363153471498
-0.601976791455847	1.03442534994728
0.0306274184375526	0.0391064907096603
-0.326676871364771	0.569337650008292
-0.0477434817142805	0.0618517957937717
0.00271771467058324	0.0031318124563769
-0.35889750940879	0.597010875140931
-0.453738388193229	0.927845480940092
-0.321372077552187	0.640116692702252
-0.586675003585105	1.25639694835047
-0.392970642422336	0.633707751969185
-0.459236303246086	0.949885713500059
-0.545476876777028	0.278724319805665
-0.0567907193447853	0.0540127739202169
-0.0867977184513211	0.114402746444777
-0.0597816730860562	0.0671032049789867
0.0367518398783873	0.0389335912578821
0.111860821999517	0.146792213781258
-0.756726139336132	1.70140480549394
0.110861572619825	0.13056620278276
0.244750875079586	0.344861872017691
0.387822319903711	0.555217204252364
-0.0920238221789504	0.118378073376987
-0.111155659909274	0.150610825022533
-0.532500659598676	1.37481019276506
-0.278546575958841	0.435183283648282
0.25842920500383	0.36972112509598
0.0683979607393279	0.0741224916989205
0.192010066527715	0.243766385247766
-0.158339838146885	0.199754509803828
0.0450790314929221	0.0491689235546873
0.573241175580472	1.12320500011469
0.301378958328773	0.405811028266987
0.0255635841119707	0.0266894032785526
-0.23943884032054	0.370421909337467
0.118676131015156	0.158842993351757
-0.230933284242649	0.384930684885342
-1.30279805102053	3.8940487110613
-0.480785414607435	0.743316114656115
-0.203314951595451	0.261908677985085
-0.289323933446577	0.350453688079078
-0.0147210130704923	0.0149848726942291
-0.231559379091168	0.293575372346099
0.0105982674299902	0.0113217956371161
-0.219805238359222	0.269035851087027
0.113368804707853	0.161786468586681
-0.314759436631881	0.514263509813463
-0.207589407838232	0.28094792188734
-0.546284212282269	0.948390293137668
0.107361921709721	0.124302128281629
0.775730243508724	1.22910575542864
0.0335491070989699	0.0347943610965701
-0.0878423290649815	0.0907495352984296
0.884133354162743	2.12408410945467
0.167549049414428	0.2187544030247
0.117204269339043	0.134570103324648
-0.0873338649077074	0.107194907802316
-0.243389917560725	0.415881187085018
0.370077243415449	0.739095976925117
0.173258591835861	0.230041395782157
-0.0528299794783475	0.057066555208697
-0.40466635962346	0.732114165652434
-0.019276288468387	0.0206250010961892
-0.425477433794131	0.649494577179546
-0.221665133158019	0.289540222983419
-0.10162825053107	0.123456647950373
-0.210761798999561	0.294708091404818
0.127581590490686	0.133399511542329
-0.430358271121152	0.660979296994479
-0.432256639968855	0.696371622251828
-0.526630246615659	1.17359624842244
-0.554295854102345	0.956120471686696
-0.344319337599682	0.434719114699548
-0.302317646563931	0.446861892915634
0.0395356936020892	0.0483773323373304
0.119414380646775	0.153018670239543
-0.0912841269975465	0.108280071868206
-0.186095785789063	0.269940439496922
0.385023697923661	0.708114302538707
0.227837312721487	0.263413619711133
-0.108162835064173	0.127470567344577
0.182818383445736	0.205965075908193
0.0537696119342053	0.0476733984397665
-0.230220554529311	0.255168372805943
0.00824492036113029	0.00960843285585272
-0.435194713928232	0.913834811938962
-0.195925584082128	0.285891224391951
-0.0507818059505589	0.056698030681465
0.391876897315409	0.567868479689931
-0.10538020614506	0.121778355938128
-0.388929977829683	0.543484363523609
-0.618218458860206	0.860288600125464
-0.567927931391068	1.07276795977282
-0.387717106240574	0.642688530346943
-0.571366559241513	1.02778454559786
-0.3394111802751	0.616237992847779
-0.358688275296157	0.597272871555978
-0.458674561345415	0.650727103923102
0.0300529933547362	0.0389100087005462
-0.479903812932155	0.992692937496584
0.179626863902339	0.221382039470044
0.0135883010736032	0.0131587531564223
0.489716762697465	0.617898228419296
-0.174867068200455	0.225471157158355
0.0555412054597904	0.0558481306820428
0.0277062468005519	0.0320243781791565
-0.820724711214117	1.83043994414652
-0.278525070281498	0.442689606207395
-0.194255691049888	0.46134164566683
-0.339138709400949	0.800211093078675
-0.343723325334375	0.603229129067204
-0.231522375315464	0.230646698937357
-0.966761788543802	1.5739776327412
0.632953944587601	0.799971593915874
-0.818894496431963	1.0947988293121
0.108494190363596	0.0912037978904614
-0.557774121338181	1.09067159996944
0.114568445389234	0.114955672615733
0.623101796767319	1.06742761486721
-0.243139515012993	0.36952653843052
0.0288990717841374	0.0363380821143651
-0.0476651898112247	0.0646554707121949
-0.281729185877896	0.611814646562519
0.146844442993326	0.256021908171289
-0.381014683044697	0.844371284248887
0.181709687958356	0.309151749207371
-0.347421487931354	0.661586969623072
-0.589283747248252	1.47203244948787
-0.714067080443255	1.2879822474236
-0.271742838493104	0.320256480004583
0.166759499764543	0.151587556298931
-0.0699686828130242	0.0936159927312963
-0.0499072931433431	0.0620008365399416
-0.425002491102757	0.571777796121101
0.126683457126037	0.118576889042132
0.16491872490697	0.167408336030603
0.581080190910621	0.703525965475269
0.111842451789706	0.0975365487563292
0.031176361512257	0.0295176773977008
-0.0190462055397228	0.0181083004582239
0.620146853385809	0.892556879398788
-0.497263993386979	0.54754041360485
0.351996893027643	0.447593575487916
0.128939926356601	0.240463499465969
-0.750920463472988	2.22926826158825
-0.276588306285527	0.630005829390162
-0.268115721007464	0.547373723946458
-0.358112458441898	0.669894289443327
-0.631035963229213	0.832598266281715
-0.185787921521312	0.255529991285957
-0.171829522498653	0.291270535152628
-0.00842692668142189	0.0108242946170099
0.410560001135527	0.489680462231956
-0.327169548081974	0.342599066052161
0.608739593178211	0.788491622469945
-0.412944864836678	0.794926004474332
0.00872477715263791	0.0117456409509899
0.117540727633888	0.103766712114435
0.0136256116260892	0.0134357045228411
-0.325774987650678	0.711110016627993
0.599795492341219	0.924529132416359
-1.05901504820164	2.11503971367928
-0.502106769534574	1.39246250799179
-0.360162763748317	0.838425811312437
-0.224573537965716	0.206901351269107
-0.272548115481099	0.354941717579602
-0.186520788848142	0.170723748028504
0.705437045416829	0.854437034370914
0.299391894344515	0.325447962292947
0.138479496759038	0.146384159489412
-0.189220411619333	0.421158221848118
-0.373522425242297	0.71747834571337
-0.0325354158058564	0.0292678527179029
-0.0539267607991785	0.0519093746627164
-0.291515637816384	0.347017015574833
-0.612155777928294	0.75593613349344
-0.261787855465849	0.279502727868582
-0.525885850414703	0.636024275623485
-0.265435341292549	0.267214865431727
-0.501153954275927	0.66585309319109
-0.275072701814613	0.541385580382123
-0.151163302985775	0.278546697243299
-0.254602410859035	0.603828259604899
-0.110276673089273	0.159428926788061
0.278041421316111	0.320805008123009
0.288051759651989	0.328599027521838
-0.861046545513778	1.21904942080508
0.661976574127502	0.855875502681633
-0.257367145803732	0.324111282302461
0.14006121729696	0.202585886122747
0.0569024889866925	0.0692018558697644
-0.0432083658830163	0.0675498244827836
-0.101174438615654	0.174257299135576
-0.312258589381149	0.560629582825252
-0.488964624957467	0.767040262735346
-0.434034476366456	0.584691342807229
-0.142310456968199	0.190004733983686
-0.167373196139744	0.202336626744066
-0.632783826735713	1.14031085424124
-0.596363298021771	1.40551676294192
-0.0545303993676596	0.071480635300208
-0.341664869779441	0.738125839046135
-0.00414861009106341	0.00488485430646905
0.269133806207575	0.434915835822243
0.0251078015781209	0.0295178160849639
-0.068574524515292	0.0874715001469596
-0.157500283361273	0.21248030538822
0.0189091746715752	0.0201782676536828
0.335765309214454	0.460975962899827
-0.341072653764863	0.413281928995081
-0.112460475112331	0.163485785290082
-0.6910197859538	1.85826652139654
-0.189733413996275	0.22449041191344
0.522052979431143	0.737978237309433
-0.117304938817651	0.137182688566002
0.0144739151002445	0.0151093665606695
-0.177190398184789	0.223902239049007
-0.287944153153666	0.34294458500072
0.348596302074204	0.412691440251945
0.261090745960866	0.320894786481893
0.650486294315769	1.05542093188001
-0.581939918489237	0.887844269670703
0.0431406607708135	0.0644593498237602
-0.209524470901035	0.374212718400349
-0.546266690962742	1.1778856883271
-0.604827736681309	1.21353180206723
-0.721591722436826	1.0273640611402
-0.0608018535501515	0.0524060170296822
-0.209752380467473	0.225039153540423
-0.241514657324759	0.337945460825424
-0.170238224471495	0.267278333100148
-0.563778612641853	1.15511649165954
-0.444486963747922	0.798694124833466
0.427993634640632	0.616449035849135
0.487946707793437	0.640784090551979
-0.0181847546635081	0.0238674459076191
-0.488417909865148	1.05756590034027
-0.0493963888538294	0.048441521573761
-0.17766940315327	0.212526045865594
-0.481306041191933	1.11447603325488
-0.372684119544174	0.60821148826121
-0.233855264279399	0.289127729602627
-0.572150878085349	1.63656676043376
0.0763001789670187	0.11326150200029
-0.308666754362522	0.42695472733623
-0.0645337253715837	0.0864502870494457
-0.097822557754834	0.104293695481834
0.217499189545012	0.239905480390637
-0.389838004607978	0.534164532619394
-0.0831270305198436	0.0936568612815031
-0.0179259607297217	0.0273767521437916
0.376744118371874	0.768149636139542
-0.408123405740112	0.495048215447699
-0.185844477998543	0.211609954794253
-0.609442342354412	0.976583233948271
0.492820459499207	0.739653866190877
-0.248650206198027	0.273431599786544
-0.038484314186388	0.0376904420933954
-0.695383746496562	1.08533391231812
-0.473144620993907	0.667819087296034
0.168726304758199	0.217907404058418
-0.720253686081145	1.58364588852762
-0.677384634102393	1.1965840113152
0.0228258613156686	0.0319307249936992
-0.126307779319579	0.195784230256001
-0.0166609273758681	0.0136349674010907
-0.650035258468393	0.937332950464414
0.162797830927077	0.166457301367778
-0.396886441508484	0.494190004317917
-0.275335806208576	0.34374494506265
0.0509384159648791	0.0661444175958709
0.0515113194642033	0.0609969067314686
-0.213916159369521	0.234064500244211
-0.767107542392123	1.59112246465429
-0.246271443451022	0.324588615700328
0.0212834049678273	0.023633280177347
0.112162677425563	0.0892639231595486
0.121828800199946	0.0811541316032079
0.105956584841801	0.0641181876984801
0.236450424839995	0.237860540173055
-0.699130188453885	1.40976422925036
-0.133648593509217	0.161111913333725
-0.351826847402697	0.568138487335778
0.131531128596628	0.152940519060168
0.0760816378730119	0.0869144635801366
-0.0504730257400711	0.0569897245277041
0.185204067938682	0.230917827477666
0.0369726253607308	0.0445003308961591
0.12483861476826	0.166044648054848
0.446540335541764	0.727570428533534
0.388592779376254	0.579957748684717
-0.405592249961328	0.733978583187569
0.150083631221128	0.202956770789352
-0.033308192835373	0.0380235019465398
-0.261763422531302	0.460994493019325
-0.196983053774796	0.246630905898549
0.0168045644932092	0.0180368349963109
-0.254032925937334	0.346388701504075
-0.851558943746552	0.818625650633857
-0.760770399233177	0.855749696228323
0.103448728299874	0.0881917715245213
0.142558717714261	0.186796491623799
0.0350646412197056	0.0376732887158285
0.576801861085195	0.844595168402618
-0.761432566806796	0.936114365709713
-0.317265790957823	0.350190435833741
0.011130143009862	0.0116764601066309
-0.698055850047297	1.19941809110862
-0.209296303709284	0.265861096543742
-0.57574544551399	0.982529301136219
-0.151205599018346	0.157708521092421
-0.272625742547192	0.361137731970007
0.305169915051103	0.46180415249007
0.0161780270831254	0.0149520481914933
-0.334612897918024	0.42661197118539
-0.155546344165051	0.217487533185102
-0.719844394137246	0.974225314585618
-0.241651300693162	0.32363571752876
-0.157970862704829	0.209620008930731
0.104980696097296	0.135305661604405
-0.216925755102624	0.29574251381414
-0.332932071934603	0.548804796166445
-0.398465245174322	0.662779163795795
0.28244900776517	0.443844936060019
0.066756890419521	0.0719901626586667
-0.354938837269554	0.596933505845994
-0.412492013049942	0.711693966862979
0.0611063845709173	0.0795292877838338
-0.40826632398891	0.704173048602166
-0.479348754750044	0.905630084989251
-0.261446079070702	0.41493069008855
-0.21868967302101	0.328371981422824
-0.12425627219752	0.168305950616442
-0.398680444208348	0.729486878418536
-0.237619650458071	0.356582653525468
-0.224052390797592	0.301470008154891
-0.14802107347139	0.211615338390713
-0.261557869246135	0.424285032463524
-0.394611139239926	0.75521818046352
-0.145574270185475	0.191125774589415
-0.284509161936771	0.0953249756486629
0.318656271288797	0.298167042256793
-0.554711040930158	1.01169993474352
-0.15268280808421	0.183265895291593
-0.501679612628931	0.720897507540789
0.188643270702413	0.241517940624999
0.0565285041026957	0.0665674213327076
-0.164353822715057	0.204845066618899
-0.112707895892206	0.112449391561406
0.589309793055653	0.938912989143544
-0.0236438857470661	0.0274977318542991
-0.0941674250924746	0.127699121697994
-0.340730731998931	0.52886921426759
0.270866839824033	0.300133700508219
-0.686990360607261	1.28105554160971
0.125398312646959	0.0816296746053103
-0.39503523698607	0.245668372941369
-0.137721106274112	0.0860051224590477
-0.162428372797025	0.147957208164035
-0.0527531952034306	0.0577593732163312
-0.0948890811381274	0.129999407577886
-0.450788951529254	0.78077553188611
-0.0337761499833216	0.0306862546758495
-0.395515718031445	0.618883626943634
0.245300770239902	0.40072927793508
0.0866305739599786	0.118064194273208
-0.194313330047536	0.33737981342357
0.0922024660259874	0.141670949033095
-0.0713262401372638	0.0910591389647698
-0.0586811351397724	0.0864880871599673
-0.550768593870113	1.37040574234855
-0.151167207786595	0.233556401486615
0.00154836533802006	0.00211895704203896
-0.855355975780145	0.578506368879204
-0.447830639131349	0.362532988031922
-0.109371957377543	0.0704140969216996
-0.065558584889385	0.0725635564613522
-0.726964748726779	1.45464000338565
-0.639424123998145	1.00990046914718
-0.481528093470361	0.497337829391753
-0.266736720584209	0.278072918683968
-0.261835945660117	0.382033201223497
-0.175300987031136	0.243419286268073
-0.285520732971601	0.485108104444705
-0.485278987002755	0.874761763383227
0.262747939744535	0.321532266875924
-0.354487458363589	0.627679840523012
0.11163800840684	0.137178345170716
0.535235125544707	0.61236565498086
-0.52172310700249	0.919685944486647
0.0699106618499104	0.0902480160377973
-0.441321959625206	0.487981180655101
0.339716506238121	0.399178733937138
0.139546936413808	0.192176471110832
-0.232909884285574	0.375268245434194
0.187463718102152	0.277068552620169
-0.259432070924342	0.442484624514862
-0.0632936190870762	0.0867700472909643
0.221622219004246	0.356538084684119
0.345974058439134	0.391133325414316
0.00370398294328054	0.00444368154376717
0.0161052356170258	0.0203522544629356
-0.0231256734829193	0.0292029183792631
-0.0749418135702787	0.0961496337084344
-0.295833448974385	0.527079203205062
-0.099014994385656	0.151428325543097
-0.354461817204602	0.680154181036895
-0.269700011790649	0.226667937195796
-0.715219112645695	1.2747067639724
-0.098951745391506	0.105629184140465
-0.0935877816537237	0.114106685732766
-0.0584854713475668	0.0723457808463706
-0.161440333588659	0.220423986119172
0.0141165230288837	0.0162048585307609
0.533181140180836	0.821756001745807
-0.18746875344743	0.215760562729301
-0.367526462776113	0.711268812393778
-0.274211413295842	0.574917518257826
-0.375057833959174	0.875140421248591
-0.643456400580542	1.48947554117839
-0.489656691937089	1.12735497760842
0.211569860720721	0.347551145524942
-0.159150218587899	0.204602201611442
-0.028799146217413	0.0284706431852716
-0.469149664129007	0.599485207370096
0.405111364135939	0.386593999857816
0.105448927372289	0.0581259376544149
-0.113258781878437	0.074220203289006
-0.455928957107618	0.444192424885066
-0.544252165187933	1.02284258575392
-0.401351698721507	0.878405386618454
-0.306274562887071	0.540536423432081
-0.715512140081013	1.2006729642189
0.076240659880804	0.0853998057057757
-0.378752875481183	0.696634896670574
-0.236368329860572	0.429389815872488
-0.222831017319497	0.40544225168814
-0.0825977195983334	0.122184252991916
-0.195875794272043	0.175546081068821
-0.290472559814624	0.433607529939882
-0.151446782221491	0.250805814120931
-0.211793773562684	0.406998460166572
-0.120581022110144	0.0875619682690801
-0.473005974728695	0.482127449940667
-0.130515896415805	0.175883983500234
0.307692022484682	0.505679169420585
0.444100162657508	0.548240253302882
-0.962351280707585	1.40927825183928
0.295863320976117	0.316365415900972
0.223808797322444	0.352530885090956
-0.0972649606578959	0.129207531211944
-0.616187461345278	1.72528627246435
0.149863766997923	0.182984890258706
0.0031447481931848	0.00309233783817165
-0.270256577875143	0.493016319081291
-0.260001667406493	0.417456920278506
0.699613448513145	0.941373458267122
-0.562904718562427	1.19043293683902
-0.437381249833648	0.898860235733852
0.378007518456454	0.455331191714043
-0.029537312967101	0.0266019870260522
-0.348583612168192	0.691953671471795
0.0710180863674052	0.0973684181617514
-0.672620393201915	1.76659448980675
-0.0558895474574461	0.0820755763885255
-0.211041723345273	0.351963838169195
-0.147701323087378	0.228701997095942
0.52750959332629	0.689908741443752
-0.215513207230939	0.352966281048986
0.321683431464876	0.636484464648895
-0.316841673119662	0.658058604359082
-0.369872079589261	0.868086128388514
-0.545675656251046	1.29610264425684
-0.946962859078265	0.890741780925366
-0.117268321409312	0.134223408843778
-0.632381726774562	1.40852559736278
0.00541936652118128	0.00649203936107497
0.0430455414740726	0.0553024404008918
-0.103224467629118	0.152574703849599
-0.178025740262679	0.237763653364316
0.353860291715037	0.487487969477789
0.598513474762245	0.958404030447535
-0.319028126302319	0.562675893350655
0.701184774549832	1.48974853560448
-0.291447718770769	0.524290970508397
-0.282945965656597	0.428606794039654
-0.115124341803574	0.141888410473502
-0.0625437476753371	0.0756925935694566
0.0630215623727185	0.0465817302363304
0.128419620766189	0.0837540683144198
-0.305273059341777	0.32626851021868
0.0142829379800596	0.015777164075783
0.0204567962199392	0.0279637849864445
-0.294511579293265	0.469756268792612
0.131764655610429	0.165194771498457
-0.204948240308604	0.322225789867238
-0.315305551874643	0.509401346138899
-0.18961928838758	0.32909991558451
-0.104463719813437	0.166033592429214
-0.920192433677727	1.7270794896701
0.493038625955798	0.936617776888767
-0.360311206855698	0.749746568404545
0.0785532478733525	0.114570356474745
-0.122587653193949	0.184264514480958
-0.564360248233446	0.820041667496597
-0.219156210153092	0.191878257228462
-0.243549479851092	0.231950240778503
-0.390140894442089	0.243572507248807
0.632694964124909	0.641521560248007
-0.467934017887234	0.502925829447729
0.0237260030049596	0.0274952459165175
0.392963012178525	0.739373174513993
0.0154318337434728	0.0163581254084401
-0.355503982425205	0.372296077521994
0.126227078909878	0.128980234323521
-0.907645494588195	2.85748267718734
-0.235457042107656	0.410534300658696
-0.313292088620419	0.552992949445783
0.124609856309461	0.158809390428212
-0.398308537064888	0.580633981676103
-0.2416817961561	0.39892800946585
-0.266300724692767	0.382777599158344
-0.675663853360582	0.860931609251328
-0.358334685254973	0.66118160743532
-0.376072223594883	0.732235476118724
0.295781278768446	0.372639033785741
0.0040632780996494	0.00412183190338846
0.0437842847283602	0.0563308551549514
-0.279710028514338	0.49607393315795
-0.12652676169849	0.218238643385258
0.0579251151065036	0.083322800894575
-0.133891810113414	0.145188945082384
-0.245275084109143	0.408529115250882
-0.134036950149839	0.216666479126046
0.0603922920249081	0.0886077068044931
-0.352367510017637	0.689560255261069
-0.341485645575323	0.626729956399949
-0.150890004155294	0.21246833895281
0.0886884435976563	0.0339785317442027
0.593011373145217	0.509936658083146
-0.560372331025187	1.09030146225618
-0.538334293386138	1.04422489010545
0.0000981834240371211	0.000150826997724212
-0.115549612645293	0.152133926245361
0.0331199903959344	0.0375575135108334
-0.216659734118629	0.249538715196022
-0.104598812349733	0.114376366902046
-0.258637109712586	0.495532809473547
-0.271481646843197	0.50004326179828
-0.336715080897498	0.70354892845928
-0.288777321344899	0.575717460278472
-0.343272601550029	0.707763634224986
0.0451157182677565	0.0556393917140793
0.0544081726283404	0.0714699021759768
-0.389084569584403	0.422775120031351
-0.0876651054482922	0.0895532487395503
-0.403457773728755	0.77317201261175
0.147554206788864	0.224709719503795
-0.216134643547048	0.331977031675805
-0.422567026179449	0.736968981101421
-0.3540672810147	0.693165624017326
-0.705377943298351	1.43416264166137
0.0777723966882337	0.106113138380757
0.266749304587971	0.513712740720431
0.0667745120996376	0.0922190394904461
0.117947457612075	0.176089098407215
0.68203834381153	1.76040036612429
-0.0572361987023146	0.0633466022621923
-0.307020079124573	0.427026068769736
-0.326120964670274	0.445684437195163
-0.51539991638038	0.829480286914043
0.567270893619406	0.600010222927042
-0.200576283615427	0.179520517040935
0.837189383248428	1.13525422048183
-0.444159415298472	0.711305586472598
0.0699382975305869	0.0930584242502615
-0.417819064706929	0.754282725523212
-0.0457981890620362	0.0446356059648085
0.0690594638412433	0.0779677153545508
-0.0686296816669865	0.0937442762235149
-0.105480599248707	0.144699781725006
0.0491944590886636	0.0668700823690423
-0.255999692280975	0.458275270675444
-0.242410152160864	0.376165783925433
-0.410243135911854	0.763027557487045
-0.0162677982443133	0.0188719959930159
-0.276857947572616	0.365699740136691
0.155986427487162	0.231997769103124
-0.355467262267645	0.76594987939963
0.00551424883485679	0.00576642824646377
-0.506539764357189	0.925794005501487
-0.359143201388059	0.736616061704604
-0.177398831082289	0.283774865661848
-0.0676026638202018	0.0950816262323724
-0.340853088408163	0.546102675620108
-0.211812439498868	0.364656585214432
0.138467207673981	0.219124772558192
0.000615671098192849	0.000860644831852629
-0.243968245416902	0.412742323744311
-0.524706404551341	1.2281454016672
0.00502899608074869	0.00391668921874769
-0.306313164456152	0.229321166183944
-0.531867692723763	0.453534533329823
-0.391207495247828	0.115655091665361
-0.0446894391595055	0.0415095026559571
-0.483014660383586	1.07021780829359
-0.498561613818699	1.08357615590759
-0.617829716394416	1.29500834387715
-0.541913299426593	1.04930026864016
-0.272135506273916	0.37835304892639
-0.279963104774236	0.303239636172306
0.384416689416947	0.657128456068925
-0.471820123281731	0.684480807943508
-0.350103862583435	0.718943881449421
-0.232069556876835	0.442618620062833
0.0428090965889665	0.0668579572468582
-0.219113280505373	0.543683080244152
-0.278869304730654	0.607696681538045
-0.0173371501629157	0.0278334177602869
-0.085739671291478	0.145217877881897
-0.159124277251089	0.28693465143635
-0.0274861563173569	0.0382929411561922
-0.25912390445834	0.349552972913182
-0.180646959231034	0.210634228149147
0.00329829046712812	0.00296958744280025
-0.696235850034593	1.04288961766611
-0.229505119055572	0.568590401706154
-0.0703772715521318	0.124679863678165
-0.460329140367042	0.638703013567142
0.0774280918690436	0.0694706080653982
-0.207443686213193	0.240205201603665
-0.0620195191766171	0.093607399210347
-0.00416375821495206	0.00469049408797626
-0.0778664823477252	0.10262877448322
-0.0547905485655251	0.0939868014852787
0.0239108252356521	0.0386191599985885
0.127449421189827	0.217278191190742
0.147045538307599	0.275064882912357
-0.174864652828301	0.382602751377415
-0.234830608463615	0.517383725594631
0.387292098776778	0.481682023088262
0.0239292460957085	0.0278179770151891
-0.461771302515591	0.767062471148258
0.126390971314258	0.182308496828776
-0.396702863706486	1.14419392431725
-0.0237167864971946	0.035627610889927
-0.318016437097811	0.411847152143037
-0.464503761778235	0.594264128946829
-0.425867596106647	0.499470269448952
0.0469276869516184	0.075934780685835
-0.691100097858043	2.25747858710593
0.115444405351661	0.106324880783247
-0.196357761245385	0.24702148014906
-0.111391926117103	0.203871341067378
-0.321985394664793	0.532205672182306
0.314151166830701	0.397267053425713
-0.315707334343249	0.909583457498621
-0.26737266234635	0.700492965942357
-0.120769691412341	0.122172584940847
-0.458386911263563	0.67035448151119
0.0502432115406775	0.0960693711757228
-0.414459015074194	1.00306983734769
-0.812459045980737	0.961790448756972
-1.05285944937466	4.29997975873527
-0.298224619429971	0.921046714370779
-0.337928842632951	1.06934293635365
-0.344035360281451	0.440350418312504
-0.304427184452639	0.604699674199458
0.091668526075054	0.130482258424857
-0.209476432956321	0.315037428594993
-0.385693750339115	0.615111450117597
-0.41173124356606	0.912941940540076
-0.156715937049172	0.261713836746168
-0.232609855453495	0.421678926640414
-0.231836480183795	0.411558281463201
-0.513095321963562	1.15275634356412
-0.0732583417104838	0.0924184395210375
-0.411518509963409	0.666875456099132
-0.251699050886975	0.36806146303705
-0.519374664125391	1.32027348432858
-0.0915791284846641	0.112953794815783
0.0809303563181746	0.14420623499763
-0.232782173260762	0.459082230980291
-0.284400505517539	0.349669969596143
-0.0709384344791654	0.0763919271151572
-0.436555355867377	1.00374941586319
-0.241302619640409	0.375136215777221
-0.194087166528805	0.367215653302403
-0.200492017021676	0.367163136068036
0.130166381021514	0.203205385023965
-0.360643572499437	0.78201621357476
0.222733982704857	0.403638708455174
-0.33218734848497	0.683750994052933
0.131085555746694	0.130190225054778
-0.119115980434983	0.146083173055491
-0.0805862997626395	0.0894669179342213
0.0902021278968615	0.107107688446495
0.0711840856191317	0.114217377589371
-0.264591201565199	0.517397510634026
-0.122093389993623	0.140919038043304
-0.183617501221622	0.244599894177923
-0.44241158702358	0.685627006000356
-0.627460626182764	1.9437900140408
-0.517111869394807	1.32720428243007
-0.339906419225297	0.465712504131733
0.214218460402672	0.323816570037656
-0.0257655594206791	0.0392289751142968
-0.414258478533048	0.803443166156541
-0.710967563360387	1.90201192219181
0.0324894257636192	0.047810442355966
-0.157786447436194	0.315485346751396
-0.366598993865882	0.536488828628374
-0.117992734427874	0.135201583745717
-0.60609614324475	1.23953423390852
-0.1534908615483	0.316648310238406
-0.009367553375671	0.013254715077894
-0.284127011764332	0.649793393362383
-0.24754307335087	0.562065912943256
-0.262958931741966	0.381429933511627
-0.16464960949058	0.299217768920131
-0.865857451769369	2.49281527003575
-0.276258619076069	0.531019881480332
-0.614486880257322	0.576978289212259
-0.487917095165225	0.974118889614513
-0.143422478100119	0.216582029626683
-0.151828157733471	0.239983897994895
0.0229826763109951	0.0321826822432759
-0.00611605129989189	0.00820558206225667
-0.236999563901306	0.494521629128598
-0.0842219391860246	0.123309768016577
-0.29256781963387	0.598611273783625
-0.284230604992457	0.388831999165195
-0.229295866480935	0.461941150502456
-0.0506578153877952	0.0616186055752156
-0.460998316297726	0.684092612157928
0.397397228039142	0.482187967866629
-0.142976076612393	0.137573679754163
1.47038249216534	2.23690883099159
1.57010539635047	1.84731918960589
-0.332959828367381	0.326093161949167
0.00370029646407284	0.00440821460160818
0.0881960996084213	0.118689915154225
-0.432766650196975	0.775178701959284
-0.547422716519741	0.765760285436156
0.130211324324526	0.135230129258006
-0.240900482636426	0.440091277651957
-0.302629013811544	0.576650241979379
-0.178551709155095	0.320661130157866
-0.779259076454275	2.11297334547723
-0.515070278551629	1.02550029041028
0.329987096461176	0.612574248170578
0.225855046498386	0.396311697809963
-0.0768760198383834	0.0730298114252794
0.0720474587380237	0.0913999141296047
-0.176007064654014	0.270238446294778
0.0822795597848163	0.0835834560817044
-0.421131469989501	0.932759844111022
-0.49186290328199	1.29537828180405
-0.146716682193317	0.243619936387463
-0.373032373403412	0.557481656505184
-0.584257465729577	1.60826505433246
-0.145368205733534	0.259129257324905
-0.30424467450181	0.639593671157359
-0.337127639808102	0.590337874388515
-0.34410596407475	0.271764575494457
-0.0704230581681931	0.0354470193458639
0.10313842796731	0.0596282798372955
-0.404851758118234	0.398479470737651
-0.184316654465401	0.241675993721229
-0.300652771048157	0.424021644513183
-0.501822580654046	0.879896383662322
-0.142205163809875	0.201319741090036
-0.296911591149132	0.539202887566992
0.0560799923879037	0.0790613172397452
-0.110934730694598	0.174498146966354
0.0528880307339312	0.0763919126463921
-0.334284642934517	0.669822529020892
-0.129762345143268	0.222799229239554
-0.766279932538717	0.926309648734363
-0.31270051544562	0.329112383215657
0.505058611244192	0.38381419276729
-0.0955842149310519	0.0611600565807617
-0.533285536235659	0.577025148364402
-0.0991635449977547	0.133628050384043
-0.232336425560813	0.396047284784654
-0.236272016960088	0.279969145359054
0.368182636308925	0.361356693747237
0.122656199952824	0.121175501099498
-0.0879090551701326	0.119537603629117
-0.217923492554938	0.407105626594655
-0.481332885012779	1.02956000605539
-0.167137102638548	0.232029684985811
0.0166769469271562	0.0181032225129059
0.13607650432069	0.218815738770678
-0.139912881870234	0.196071301986218
-0.0198416423813484	0.0160782751814833
-0.62177771697602	1.45760102961895
-0.381743564196573	0.785634780456407
-0.0621104780994277	0.0863649731590092
-0.15677761312555	0.247320521720254
-0.259059831657886	0.526648338506071
-0.0882680597491573	0.143961358200743
-0.232999164524223	0.339949354047595
-0.11603266645599	0.0528089392528785
0.494548648297339	0.264013635788197
-0.605575170582247	0.399765861536501
-0.325251596127908	0.195147891378953
-0.428107648663707	0.80758148596243
-0.101976354849061	0.158762401995368
-0.63442430249097	0.680232387197525
-1.06861752333803	1.39746437603532
-0.364554458779673	0.172492497926856
-0.184447351226874	0.248894153979577
-0.559849777998622	1.07407420413203
-0.352905069874084	0.46521996818792
-0.0693469607545997	0.0596596693403178
0.373846416971736	0.399123467643835
-0.223680280905718	0.317399512655816
-0.17826321709537	0.290211600894208
0.00990666315491749	0.012959921028136
-0.431460073654699	0.700208348242636
0.407332418164254	0.55915405138638
0.316041975791928	0.532254646012108
-0.283515162592662	0.44261193663279
-0.105822559640718	0.103409498223882
-0.429779964639264	0.842113267732786
-0.0996135966155099	0.14619099906439
-0.236184227498588	0.396815453324868
0.637285809350198	1.24346424140736
-0.133612005153394	0.0962956441004514
-0.0903821169737849	0.0440776177351582
-0.0832582867270729	0.0402410494584354
-0.508077847231035	0.78234312025759
-0.8913774579485	1.05608654010419
-0.00694636770462497	0.00758366908084424
-0.148580520394984	0.199110754175646
-0.307330848603779	0.440161748861121
-0.182368229398887	0.17882696434282
-0.236308245019219	0.396452229260884
-0.3748300887777	0.795144557209511
-0.209457411576117	0.343546346825218
-0.326710734148384	0.475735778956311
0.31153462583486	0.535973929572322
0.0236211387924098	0.021088830861974
-0.195613502981352	0.172359377614001
0.630241876535405	0.893237550552932
-0.171553450892949	0.248883852982642
-0.580767580570129	1.29990366856601
-0.0787690923223057	0.110062937543341
-0.208729287129919	0.257400463086062
0.0546475513827093	0.0484167388497662
-0.106074640434103	0.14009272008413
-0.261829062089356	0.413013245892509
-0.231246715148148	0.399937526209623
-0.394534836287201	0.864411167773023
-0.591806055975487	1.41254786357263
-0.101659526266844	0.150565714034144
-0.0757978833604467	0.0996461038377909
-0.302796636473693	0.406457209766216
0.489087771566453	0.276398143426175
-0.804236259512903	1.67959465177442
-0.0250638695729434	0.0201478503724728
-0.18379720711225	0.229029637550058
-0.32889178484129	0.61413137183827
-0.297664799535722	0.54773204045114
-0.317656653020138	0.4100247301596
-0.643086838758345	1.5443552510246
-0.509724242345212	1.20617218600798
-0.30434666143569	0.233390496497218
-0.0953985815207017	0.121663290233592
-0.0674091098606005	0.0888102537327234
-0.190590952253451	0.226757321058515
0.049763174931417	0.0389580572803081
-0.492435817401016	0.68044845946373
0.00583357596880647	0.00666428627911709
-0.508642519170208	1.09050463216131
-0.466407715612277	1.09408513747223
-0.577560272308608	1.14598018156146
-0.0723138626376908	0.0697112585534156
-0.697052337826458	1.67796363575262
-0.821951218627942	2.10871963087138
-0.544582097989246	1.09110463444471
-0.0482536635442458	0.0673756935901966
-0.214809600696102	0.411275040480318
-0.293221776790963	0.602191534982512
-0.201251767399707	0.362644412350504
-0.4555732081578	1.15271873445015
-0.414252736884823	0.999398335013065
0.153990611230618	0.253277873229024
-0.592899295013891	1.59733806411614
0.310007308229093	0.489604986190662
0.0940177748059858	0.0426584103411456
-0.0647353035881505	0.0343880137343827
-0.852195022379811	0.66893381114276
-0.0270437871345397	0.0293645205826145
-0.344415412589498	0.353968621278217
-0.324080504990839	0.474176633290279
0.00413403033676235	0.00448655899563739
-0.294237516831396	0.523640306396779
0.548174886007702	0.909514165546559
-0.237533081193272	0.324704798721116
-0.230759836927855	0.339909463290328
-0.337304060357271	0.604510163670017
-0.702883940030661	0.723370588026853
-0.494749723764808	0.828806902753902
-0.0302966188364633	0.0366999410619499
0.468772784373567	0.682777006268053
0.631317761390815	0.803607161403081
0.111757974057007	0.102618963494221
-0.169324107797775	0.248326329319191
0.343937546781844	0.603093665124485
-0.1466812237983	0.214678408069031
-0.317910683786742	0.49727481704256
0.0490100652845776	0.0486007595101776
-0.159654625596168	0.211587144438337
-0.105139190280332	0.128779844774619
-0.804299991347618	1.08217741614205
-0.477297170472584	0.867294384046634
-0.256325115772062	0.423013905255544
-0.353230533035689	0.65653201156816
0.120439540071205	0.158307420071184
0.391464915410126	0.870728955517004
-0.37547317294828	0.764548684766851
0.158203151675554	0.247271116095727
0.431639311021164	1.01879615298276
-0.555410270266928	1.28001957859457
-0.319885493421283	0.580740296747643
0.164203971114398	0.220955545595858
-0.327738160037088	0.500869085788477
-0.190672632670534	0.272177009159052
-0.0610940115577722	0.0865666515222035
-0.319866038429497	0.574697634236753
-0.218218109267306	0.295067071332133
0.0717240967529568	0.0860008796192463
-0.310230949337187	0.486466761658686
-0.602405920554944	1.12163833811971
-0.0345821342304607	0.0450331863619765
-0.434018140496491	0.890406161827849
-0.582782991598145	1.01588998603376
-0.353053490283261	0.597841512979984
-0.405186551762352	0.479948378592796
-0.189453793681568	0.259021641858194
-0.100971861750569	0.122174281942289
-0.140723582353361	0.201794126201602
-0.564464656227222	1.19566110578483
-0.0706595604131802	0.0893225792327402
-0.535317318308245	0.89518431286959
-0.768394135152451	1.58251865029128
-0.188442212946804	0.275834893569892
-0.127277703905734	0.207798353135231
0.041289200581744	0.0523968054557681
-0.899656169863702	2.03976486935233
-0.214783271416656	0.330547810207675
0.0716964621313946	0.0964850776400316
-0.521673275988111	1.09545190305811
-0.29020957123414	0.551622002191455
-0.315026540361231	0.550526142521262
-0.366100889581859	0.577235974939266
-0.479762106395237	0.910340996083833
-0.201823503940693	0.306254027436573
-0.23693200140019	0.347093459476995
0.0560071700032208	0.0641297917963903
-0.074054105953136	0.0987798848436426
-0.389806320976451	0.622658140859704
-0.487832005935471	0.925018061488368
-0.349348606671173	0.75047769054784
-0.168423139786201	0.205778812128237
-0.363518255184079	0.602613256334672
-0.428793650212397	0.645772486025888
-0.362625629475561	0.56597638498205
-0.565064849994072	1.08979567786687
-0.253896496856674	0.289147013758476
-0.186081932656548	0.27708557528619
-0.775107841890934	1.57623985186366
-0.594718109010543	0.931773887055619
0.0500548103523732	0.0612082806708116
-1.20197584244106	3.48459181017887
-0.476588387794961	0.769457654027347
-0.482950233148025	0.691093890108912
-0.602451575752016	1.23632228670102
-0.260644665281136	0.367975169529652
-0.292896983686927	0.395014701236968
-0.309884035220497	0.323398946016793
-0.0363739221737066	0.0381430196298694
-0.153704294263849	0.190968985640091
-0.294433974233934	0.353962921370709
-0.0847681963265061	0.0858445883265119
-0.0493626907745154	0.0516695226952562
-0.245893885244105	0.28442024938581
-0.660538611217299	1.17075003110972
-0.138392986856158	0.143649693513177
-0.256240302880031	0.379844053726499
-0.143046631606218	0.171128227079658
-0.411155421378706	0.599640527983179
-0.842990966485877	1.94892428073938
-0.240409814162287	0.316298129465412
-1.1190598845485	2.82644982589718
-0.352855694866802	0.607573098913897
-0.230503689792857	0.321272617715074
-0.22436560451205	0.308096788652657
-0.215539500389593	0.292050494470881
-0.151421691195521	0.19202958412156
-0.0301561317558079	0.0337828086087439
0.0429127710894348	0.0506547432091115
-0.139373325443109	0.158246459804077
-0.175564201974418	0.228451204073665
-0.226248759770874	0.326627969664333
-0.537083657596441	1.24082691722606
-0.967384981001446	1.57192982046371
-0.473928977138103	0.72791645373586
0.241378998295681	0.344658098996755
-0.256476853799152	0.41697530380428
-0.216211772895252	0.363281329122515
-0.202084927830087	0.368234142368671
-0.00427943262318187	0.00532309914035212
-0.339269171679345	0.622200166011459
0.0222759220070585	0.0279840049568943
-0.156139849919977	0.212657544493174
-0.02157178224888	0.0214703574275243
-0.594018063843044	0.789756547545846
0.559873895263478	0.617822741163779
-0.395871549181769	0.688385795703236
0.229929822377021	0.338167901613101
-0.394161077956366	0.489477347560683
-0.601075653403701	0.774214899446559
-0.513969659090937	0.532304342074334
0.469096162295899	0.473081721420793
-0.392987942727669	0.357757452228307
-0.227660309515595	0.389280141091374
-0.196112226158836	0.190550378463691
-0.114565366897794	0.115399836210434
-0.0879662593978068	0.08301127248728
-0.538535875777546	0.799654500780496
0.0773948469412738	0.108206507494105
-0.0895346629457621	0.0835668980588521
0.367181230064375	0.403141881876246
-0.682168297921145	0.672957974759173
-0.00919970745420131	0.0117622449159752
-0.166992393852842	0.259153492468245
-0.322939794916898	0.311434855532302
-0.530891762301085	0.84563960063721
-0.355071019662582	0.725984972212479
-0.492982476406929	0.801303459218532
-0.237048543571215	0.227421644721147
-0.178805991527906	0.173386781058714
-0.433660123936069	0.509470857692725
1.02973881179169	1.79043138488214
-0.218414248128534	0.209006245488008
0.025930933487704	0.0230089218623413
0.131348729322689	0.0871359721154232
-0.318167191912709	0.331676729145879
-0.14869225055314	0.122415373541261
-0.334138236397829	0.472562058850523
0.116035366327599	0.146493664749712
0.00395800866180923	0.00467416966318394
-0.367943410467968	1.01249285397301
-0.46975700441067	1.08927304833075
-0.279944439467787	0.607606075452746
-0.234985443545259	0.507752529603161
-0.0570643595573069	0.0889929542658629
0.429418893272741	0.800725556014964
0.405274659317999	0.390152631875113
-0.289249332736127	0.193239582614549
0.454645922949544	0.375547581499136
0.143372447748807	0.177918672251151
0.0936796565627404	0.0959591467132791
-0.279285285082654	0.239668787993244
-0.842153838803472	0.80432012139165
-0.766562713381808	0.673316196231255
0.104887720675704	0.0630270431844152
-0.248704936666053	0.169365190751115
-0.300957950359379	0.668910413604019
-0.417219007279331	0.978622038978012
-0.323890986227623	0.736243187848159
-0.195305840502577	0.404853452036195
0.167198153923165	0.139776501734383
-0.611186005415952	0.719252461890292
-0.216265674881902	0.200506133502773
-0.263607049393858	0.203906400716521
-0.0415049822333201	0.0226120403618255
-0.313072255948102	0.551851049796271
-0.399031703696359	0.7308765328793
-0.119405166835723	0.0536661292018191
-0.0911171573727895	0.080651785338357
-0.300710172449498	0.624526581262712
-0.616426746825001	0.746551712171941
-0.758805050296756	0.804327589526126
-0.34984416335065	0.295060651108572
-0.594670484563397	0.492858550900447
0.748121627487481	0.791141742597587
0.834299692498145	0.795277760575046
0.872857978031606	1.02432095093332
-0.356955554314705	0.426521995426896
0.0647901588491875	0.0577077694766007
0.669602756599579	0.848200465401185
-0.153973850681855	0.164667644844693
-0.183957479495388	0.263259687532164
-0.0380749192480106	0.0441185774110846
0.175523312843152	0.297074477090799
-0.215285949993995	0.340294773789583
0.434430181735404	0.786482758738545
-0.347804424496001	0.524334396648599
-0.20039639992424	0.290892843178136
-0.283026214920821	0.397280604284996
-0.273211590357621	0.25254847341513
-0.0957289809786086	0.0784412207781963
0.32001226173384	0.285379114055837
-0.0211513548388471	0.0232427086407176
0.405331480396164	0.57270206232617
-0.307231446482963	0.338206982414851
-0.383912318054292	0.34254988694539
-0.509577477174917	0.4844665310554
-0.572226096727458	0.551846163958125
-0.700925395713092	0.743690712103146
-0.275214722014807	0.252444386536071
-0.218311516549409	0.154728307143125
-0.0137674826265475	0.00983010671110945
-0.666750952787293	0.562723472771363
-0.473034223572423	0.610459914434224
-0.54873430838276	0.8636770448305
-0.395131060339899	0.782797125710888
-0.507170391897533	1.18139673946355
0.0255568503553569	0.0325965259818762
-0.178925017914163	0.250982871053854
-0.502874994842885	0.601674175104427
-0.0352357966967174	0.0282541882650903
-0.0633239576799388	0.0487595129302319
-0.982910955106142	1.38163275442251
-0.296633325280733	0.42732069836362
-0.709942010873928	1.3016274813624
-0.315856226341633	0.265923800737369
-0.94252570099195	1.49446059899628
-0.216130237939148	0.310754091738527
-0.337483924999613	0.378540067495417
-0.576190680720442	1.39289655979897
-0.77162627247725	0.74519652577601
-0.54186938257117	0.581174265721997
-0.00347131018461858	0.00319559803714375
-0.0127519473073146	0.0100025109924481
-0.118191847481216	0.193122362425349
0.147066400854789	0.249713551216921
-0.131004660580358	0.228605765114724
-0.395879879980568	0.884654654632846
-0.345609127713929	0.654129634552274
-0.157399618292382	0.167687130950837
0.803312531233179	0.56200600885574
-1.99882532812287	1.97350052958476
-0.146954831814935	0.0928996392005646
-0.0520545097274699	0.0446636840357428
-0.47951119617456	0.589140641615362
1.44030838590735	1.78630957278014
-0.336947714285592	0.209042648431567
0.733319594661165	0.668285025289213
0.407220867921255	0.253459066877994
-0.739571637186966	0.533974556521473
-1.10331207189227	0.877096593818986
-0.740023940238272	0.533896780347921
-0.123832766595898	0.198013706883489
-0.137697447727033	0.229326363904716
-0.379355878687902	0.604549595984881
0.0793448670356554	0.111206966799573
-0.161693513478316	0.278870971573513
-0.37884433271612	0.835784121025467
-0.64503113810185	0.484426662052542
-0.98258258908138	0.744342659334961
-0.602735519709154	1.02102721681856
-0.560825332412264	0.890792059505961
-0.25068168897161	0.135942448612322
-0.112143996391204	0.0737368350193268
-0.0612493649733599	0.0780179961478862
-0.44874537923305	0.458829454390778
-0.984183578651304	1.15308831687654
-0.405750546331742	0.918107413423686
-0.292410193472566	0.463713642606835
-0.599728101866056	0.382949850476856
-0.398303824588575	0.405557710540364
-0.272625294919185	0.335001663247907
-0.142515389469386	0.234301398150832
-0.0786621114005253	0.118377247791761
-0.347331664975801	0.835509717156747
-0.262238065629746	0.544884018920117
0.309410758590205	0.566059265796122
0.582137517047875	0.81575037073781
-0.15202950504694	0.0633765186466487
0.789633304671253	0.660105153813378
2.220905598969	1.64110861820927
0.0454139475949297	0.0381250855118496
0.0246078824938251	0.0193884999324084
-0.00219725475542525	0.00137021845506046
0.0994840856409086	0.0453897566170921
-0.975223464177897	0.804619848239453
-1.14993869490743	0.79252241580258
-1.3880936650066	0.850161587720382
-0.278865548078056	0.562272220765127
-0.214937447908339	0.353774072868631
-0.242695381644788	0.327337614749076
-0.307405401892551	0.557984747238224
-0.371172298242859	0.838781975714819
-0.154220510799537	0.234579010837119
0.303274116333668	0.143309505354727
-0.155203516935859	0.171327649986179
0.106507300939097	0.120252622761424
-2.33727455064448	1.20752980248899
-0.213557703120524	0.122793192828073
-0.298279838288932	0.48516295408453
-0.431707301407192	0.503226523829608
-0.146912192900228	0.090776596084007
-0.0606343762702264	0.0863163456962558
-0.431953268478124	0.775897547809463
-0.255469075152075	0.289931321093394
-0.229305640028801	0.437614072724904
0.199789982232936	0.403374296128788
-0.0341688111778121	0.0500050514995257
-0.0261336780659153	0.0386559537556282
-0.104658534057572	0.145900384575483
-0.115918327648672	0.124841364921371
1.17595377323999	1.37777587632518
-0.0422834158556896	0.0230260441277707
0.256631080241446	0.147860359859362
0.0204759589265966	0.0180480711588498
0.124504036236913	0.0868434034249827
-1.21277039111818	1.08280557698561
-1.00772393078796	0.633720824013153
-0.494679662304436	0.956629490343052
-0.327455218050061	0.694346946773186
-0.6098486689925	0.394437055997683
0.375002478391281	0.489888437211681
0.233092402029626	0.297879597692367
1.00505155197154	0.483420642067797
-0.554360576558529	0.41313863616723
0.271281940730078	0.443749748503844
0.125090532103533	0.0859354349870246
-0.357790064395055	0.292100331048344
-0.188161113728102	0.317540612621504
-0.470359317062782	0.803173723020552
-0.389457549000692	0.24133367672972
-0.33855811694569	0.469962898473623
-0.506309102750457	0.999287179075827
-0.177161437242101	0.268559471260392
-0.647316218730341	1.4084483329766
-0.217784860414466	0.299091286494922
0.159415898910391	0.19393870281171
0.0390940408758118	0.0316283821196106
-0.893070258646594	1.04583665450125
0.539025495732159	0.508036902207344
0.0187652815065731	0.0176060921067001
-0.76608230580702	0.889320789254324
-0.53921564714007	0.587383980594743
-1.04837783865994	1.27396448622898
-0.315014967115116	0.550804710454363
-0.525418822663203	1.25995448962055
-0.453537336955315	0.428202682456082
0.24627492358756	0.209677880815901
-0.331849367867367	0.423502185506309
0.0642816857289824	0.068502574867417
-0.224878769993228	0.198434649418009
-0.24140861239385	0.246712261678744
-0.21713562363166	0.290128963493668
0.163661255026385	0.141645714975239
-0.328563763772731	0.370732302871297
-0.0754313702022859	0.0959952608131479
-0.0676089446095581	0.0816170361994298
-0.540743220742924	0.4809234125067
-0.0562730389269764	0.0496145022256393
-0.105478221622822	0.106841732801458
-0.26766322486461	0.27233844864149
-0.258734390454088	0.2375726915694
-1.34518478223571	1.7779489306193
-0.22551005449119	0.301006124721178
-0.0477083792200379	0.0326107795270481
0.0489312086402914	0.0398353857315153
-0.533901125898193	0.776932547923506
-0.482617368470823	0.548011822695014
-0.128982648180114	0.106450649788015
0.311613068851196	0.445008896134883
1.1115630856138	2.40443306488725
0.637301465229532	0.813217760454658
-0.035247772422722	0.0277774690152771
0.0635256931361907	0.0647090703829319
0.227234855799236	0.239457017201291
0.0290958992276477	0.0258814550348901
-0.166711555057065	0.235761630713486
-0.430423187245191	0.684508932435629
-0.359186126079607	0.451221556633031
0.261171233683951	0.150847385316067
-0.00393210155193216	0.00237355024839684
-0.268388352613703	0.526116274685019
-0.340725728669777	0.702007060690328
-0.134904603763162	0.152870304804091
-1.6596557383062	1.304367413485
-1.18583757662539	1.24966519604364
-0.0541130874167906	0.0517411193319641
0.0412468560154831	0.0445614809081041
0.093971539157833	0.0386462715910139
1.04213361203358	1.25097216699156
0.418548473982971	0.835584160849296
-0.462896768883959	0.493140665401452
-0.526640466900754	0.546470573862318
-0.262498865199803	0.416004451342046
0.103243712317049	0.122617952049229
-1.49539966417711	1.47292073490054
-0.559458241867691	1.42165765271601
-0.84176294661046	0.453110006456718
0.242253346163673	0.245016274873899
-0.19417048475796	0.185779350447511
-0.00120075483365497	0.000752870432802974
-0.0355435733689566	0.0193809810926125
-0.449011645084678	0.298508398285024
0.926761642552537	0.987142257035939
-0.371570922888155	0.172722026219135
-0.454163017740759	0.200239328908891
-0.390939168454714	0.868637750993295
-0.406006851904444	0.981685904025013
-0.37528772718537	0.849832287150796
-0.254845799908474	0.446667237713961
-0.319831776042022	0.483472649615104
-0.352034205845559	0.284072342118393
1.04126923550154	0.776568418601897
0.795733544892206	0.547412687070954
-0.156126291323267	0.196144325549444
0.417994343788011	0.644250072526339
1.33806442740213	0.998829917288757
0.115537749067793	0.075334674998639
-0.101380619439375	0.126986841366438
-0.236438544230799	0.199816452181771
-0.00668648109870829	0.00400264302185973
0.0343199054203043	0.0512383720218912
-0.173874874196769	0.258747992520389
-0.363102695513676	0.17389620762676
-0.604909100230906	1.2771074882265
-0.256630389634469	0.26026509187894
-0.216507506148933	0.152899125261103
-0.33013493323451	0.211521938294178
-0.299308411645138	0.221148492016181
0.1099426280247	0.0682337157247728
-0.0820039720676675	0.0397198528513011
-0.475339756565476	0.39684338434792
-0.305129132102227	0.534378010971134
-0.210402166117704	0.146821307027457
-0.475827012181858	0.67803112720841
-0.530200030972604	0.470907635864965
-0.0095826349846674	0.00554221309521326
1.22022171348861	0.67902464114843
0.0995688594166078	0.101617691226332
0.137723802831271	0.165194439276107
-0.854914409682916	0.779530201961284
-0.556105667661642	0.531084826058031
0.926857566769555	2.16387996564731
0.234933396036459	0.215004629981936
-0.341273135982977	0.308150251466944
-0.428568231086295	0.997236964777375
0.157998976616076	0.196553887382657
-0.142645494544742	0.0894376925274079
-0.526699228103217	0.367065103846182
-0.00487318713546979	0.00287871987791377
-0.589491933851587	0.328099797987748
-1.66006019390943	1.93867502475845
-1.66099481966858	1.24206683870454
-0.17222069953507	0.297986408339639
-0.175152061986789	0.108878801849886
-0.0695703788560981	0.0329490914245121
0.337834906348284	0.149010425056619
-0.463410043044113	0.266227799939127
-0.198746525466186	0.422151234378743
-0.382189669654835	0.931006492412764
0.120963502643615	0.0805331854325117
-0.214154187076965	0.142664467283914
-0.528354534468618	0.431764628298401
-0.1849089368399	0.135472918703055
-0.759078617674355	0.607442070524821
-1.3361252533938	0.626926997860543
-0.498800171310749	0.76759538948774
-0.238828821030947	0.3428996842879
0.0901006529482707	0.0378652042662819
0.233023217067759	0.196509738314723
-0.480436333209766	0.9621122427548
0.313957360097656	0.305709948329897
-0.691906751449131	0.739019023582527
-0.0880283250391356	0.135362711337633
-0.291486281670413	0.483704809170848
-0.457800009207352	0.323556706877571
-0.0608517622127134	0.0410577241450554
0.251084837371749	0.15265127442615
-0.829925057414067	0.387233606315498
-0.602065175083803	0.331191967364699
-0.309833778711612	0.149310663700822
-1.0290506587587	1.04129152606835
-0.157477532160554	0.12336670864617
-0.335793421062933	0.22091934684652
-0.121754150321859	0.0539028899517186
-0.752697985443712	0.665763196542148
-0.271553513170411	0.564961391495404
-0.171593238317412	0.197211763976571
0.0428061286209662	0.0295348258758221
0.0270496155194883	0.0177927249171488
-0.102133600317966	0.185733326608806
-0.176552870150973	0.30008110839214
-0.0965837820538292	0.0621022088756375
0.104137005175783	0.0909306391001109
-0.183853589120861	0.135607057900108
-0.248853328383971	0.171971745404488
-1.15552219256176	1.05569893729247
-0.749782876244154	0.562635135385147
0.244782809016917	0.347589041857465
-0.0482868988962818	0.0584106841393221
-0.185813427869417	0.127704673259998
0.238153174093385	0.223370971996578
0.109569756748241	0.14518070872838
-0.246083019629377	0.236606282636366
-0.474185658828566	0.473911163449041
-0.32141816216796	0.690435042516627
-0.0575034693058416	0.073702138711145
-0.185232211301187	0.136818023662282
-0.478398140394284	0.549216492283765
-0.249526563098619	0.134838832166591
-0.429729617113327	0.392351796356724
-0.185691970510178	0.151724168023555
0.126686025913498	0.122525875412931
-0.493413402678624	0.638469081670881
-0.223597633414335	0.38893091019101
0.00733953184838083	0.00745107789943506
-0.0387789273207395	0.0311398285048577
-0.64764566508776	0.739942139562555
-0.184065545473644	0.269862684897988
-0.47606018004241	0.886759644138782
-0.271697724301683	0.329454715276543
-0.440582226609967	0.400475203386395
0.0851774298975142	0.101770426128147
-0.188988082790236	0.260277125710316
-0.0552191255213248	0.0490270509345133
-0.627136949295149	0.82830899296149
-0.110811670619983	0.0823889906055502
-0.360277484691978	0.320457991461295
-0.317700821734993	0.314123210813047
0.161647709235415	0.138913232998551
-0.319644139022415	0.273065292883362
-0.169319878147076	0.303232577663278
-0.342942290067776	0.666465391329964
-0.5893786414915	1.39361033462849
-0.0087195133002793	0.00705872043613705
0.302650289880353	0.319832014617722
0.521283434811363	0.642985756927663
-0.317082855991286	0.460765046048136
-0.449424052474292	0.921836621121681
-0.0650812813444754	0.0773955359489193
0.0148286153498638	0.0111363101012734
-0.0791482275737843	0.0649430276636248
-0.531115989802312	0.64086129621138
-0.510948872991418	1.21079859093847
-0.456672787719626	0.753502692051175
0.076760489139134	0.0593862599570878
-0.660433687340403	1.03164219090583
-0.0688030707877605	0.102669032328439
0.0021490881139973	0.00220530179653632
-0.130073487444921	0.126913414788925
-0.0702869640537223	0.10465229788269
-0.730735917984644	2.17740983198759
-0.15875146913193	0.143642288734956
-0.222170985945373	0.22959680406299
-1.10617880965319	1.39752480457074
-0.222338304265668	0.223552165597161
0.435433413566523	0.496639961188478
0.171095967862589	0.150372165677367
-0.28696046065235	0.422521907166509
0.0135580716655992	0.0160385690418512
-0.274427906333428	0.46299636840526
-0.221878340481447	0.219460061529397
-0.0612623080287811	0.0523644380196122
-0.765786006109144	1.16281699948317
-0.162207615634991	0.201781689211679
-1.04482270157913	2.12822127954643
-0.475144127598629	0.773436923007695
0.0914033156960863	0.0910041333643752
0.0777133645796917	0.0982136503747888
0.335661538062133	0.498992229757758
-0.397770096671216	0.466465926119365
-0.566971168272707	0.765885306400458
-0.372080874284929	0.44236532487192
-0.638094441574244	0.852402717439525
-0.146404197892892	0.157035754705022
-0.767620450413465	1.76554122381435
0.343177444097719	0.409216072636173
-0.114182487221071	0.115463972199395
-0.0835643689175503	0.0864898738648665
-0.182868742330424	0.239004111335735
0.0144435777693219	0.0170840404469651
-0.114245854930474	0.136866873602398
0.000493251654197301	0.00036354763289994
-0.0132328525155488	0.0118261614486584
0.123591273428673	0.112502828083794
0.478522651995502	0.767151780284067
-0.138599914277326	0.192377587159103
-1.5598363370041	2.89461380097361
0.0696525855190933	0.0755174570735603
0.0227142653841713	0.028098444987957
0.0808473577509388	0.0781208558005029
0.171819906837187	0.213508906643162
-0.125141691163073	0.195641269459229
-0.263613037638302	0.450389030028894
0.529463545928914	0.847638751857487
0.104634740080746	0.118853437973729
-0.868504235228282	1.14935425879814
-0.762855037561178	0.913285569864527
0.548984798939081	0.691522138699286
-0.213014323733604	0.303897251955111
-0.102835952517883	0.201489998834697
-0.194256306255965	0.352013810827316
-0.0938490928711453	0.107882380017134
-0.476214506723026	0.481493012567496
0.565559286005501	0.503767961297521
1.08263810855597	1.19631196011447
-0.303958027159815	0.233689760708925
-0.108322633523612	0.0823139665018032
-0.0376487077932724	0.0331086695608988
-0.42932207626183	0.674409701564332
-0.339236704565326	0.581251020794834
-0.210549327685898	0.328629483504631
-0.343524886691357	0.849130297798112
-0.235601069326422	0.471065416272482
-0.320032613003184	0.709864588477221
-0.369377470096872	0.783008009960549
-0.233658288326202	0.391879122650614
-0.40991398872822	0.859619489554941
0.0932843419751561	0.0766470456658471
-0.404079435624106	0.712266082488585
-0.536614120060981	0.92244681093284
-0.575174293071728	0.699134572589438
-0.490801835951959	0.455517814561353
-0.348328724464981	0.318785678345925
0.867564065632273	1.12950473805785
0.0914107660932191	0.0749754304853648
-0.280213255699085	0.232188826814189
-0.635407002379329	0.68420642498572
-0.136754066900397	0.239859476409646
-0.216984900769073	0.435384700562061
-0.0894808116688214	0.145607419768702
-0.238694142195451	0.228195124423057
0.074329852806529	0.0673812417541312
-0.00913566556087523	0.00751440149902502
0.444145391952215	0.801343140660244
-0.289961311461049	0.61740600753796
-0.221519752958361	0.384875378450569
0.30170369316735	0.30742954870943
0.241850470890853	0.218856585737928
0.328719979921916	0.286828479378097
-0.425198403207243	0.909499542120907
0.115716532939232	0.169854411551592
0.384949915908323	0.405566591158258
-0.072921572319293	0.0702023597112632
-0.308895856385335	0.681499386001816
0.377244186109311	0.475075749544683
-0.638373140525527	1.00283712094497
-0.542786102426511	1.68130323902429
-0.310841014508048	0.695367427878248
-0.613607706463488	0.768402019230706
-0.10942960270666	0.118532125518924
-0.554924865355463	0.523661010353931
-0.555681523342694	0.957073681718004
-0.210094643674612	0.267999335023705
0.13249369620555	0.174985077636248
-0.1767560487579	0.241958293177765
-0.120682073151966	0.174082526702979
0.0350093004906375	0.0455314243015028
-0.0683469799794727	0.0748749385142827
0.275356178574483	0.346980664035564
-0.500372420119693	0.65852209716005
-0.440302697076772	0.638875946747195
-0.137995059022549	0.166340788699216
-0.258161691516452	0.367521993099932
-0.240171348944169	0.340547687881355
-0.19782765603328	0.307849820263492
-0.325679654936766	0.495289068618507
-0.434614456939207	0.748004732365553
-0.203436999427231	0.293819082239208
-0.179181407315055	0.216474138904258
0.431675349865282	0.667079052553203
-0.225670923606424	0.319925219255173
-0.278177810248281	0.429249415781202
-0.0747435021317266	0.0831878048598471
-0.353728751345955	0.450946877290832
0.086649591735474	0.105857878022094
0.0814103422555449	0.0814913809447513
0.380901657855253	0.590092986989813
-0.237838559385596	0.393277513576596
-0.112093485298402	0.154480692300281
-0.0953408789052288	0.106107122322764
-0.202080181863706	0.191837232081197
-0.75743923298297	1.57011826848505
-0.458848718987239	0.755765478699713
0.0763490453987065	0.0889723045968685
-0.152868968030503	0.209470754708409
-0.114100220851865	0.142747545954477
-0.0423551562382972	0.0454356147087745
-0.355072568128824	0.533506708933492
-0.851631209763257	1.66207523579608
-0.578032621920759	1.42279466226802
-0.137268297858182	0.18825627586325
-0.603751705821915	1.18976242319828
-0.314265968329032	0.517529813795862
0.137344925681127	0.194841415342915
-0.704245691560961	1.26612499830064
0.250193952762894	0.389541826277807
-0.144219450191802	0.21096661874448
0.137873538122291	0.208942277069762
-0.471157129871307	0.766017868527682
-0.294508603441201	0.516167143503579
-0.490995030132805	0.719381291108298
-0.291707748737503	0.472731312695646
-0.182666992354211	0.237488633246233
-0.490151296039982	0.844406354552834
0.296224505937859	0.332383434832834
-0.254079443537131	0.324327996823538
-0.641562890763127	1.44562438302432
-0.344456833176096	0.555563882095935
-0.34728607111187	0.527805631613451
-0.403150064787634	0.727340709660873
0.110289270705034	0.124490617284143
-0.288904552292818	0.452039301111407
-0.0602727338205136	0.0642815129238043
-0.858938893227862	2.11266021866554
-0.432461441133545	0.378799922081947
-0.0377149681726077	0.0334572133604822
-0.457182476100871	0.845912978137306
-0.543194482083737	1.12312740443774
-0.163357889820008	0.205239248933101
-0.207795083754497	0.242709923031038
-0.293099806065131	0.452293387903762
-0.392540145116846	0.599630354694537
-0.386241062055367	0.599815586430869
-0.192446790844645	0.264838177411827
-0.240247732099423	0.332461194240248
0.103530559692041	0.13161348391669
-0.468913135147466	0.93167419459432
-0.596726610438704	1.21480195112497
-0.151771897175366	0.211731778639551
-0.428980252281381	0.620317389042464
-0.314292082859983	0.509641896285529
0.0128090471984522	0.0140852576819186
-0.538375930243253	0.730567798704443
-0.0423181162891504	0.0413583417663725
-0.136343991811775	0.177833818230498
0.0900433961303408	0.124931128605117
-0.361662558468868	0.593538752076574
-0.0987585795331787	0.107876029563504
0.0323541243728434	0.0336945973695475
-0.461296984090686	0.833421936990446
-0.051281184636834	0.0616135707654888
-0.126863114325028	0.133987174524026
0.280127922136798	0.428786007575556
0.0344691781519833	0.041736136765608
0.0309928957338457	0.0308112412876834
-0.122675361200613	0.127350886503081
-0.324627303670876	0.568481339008664
-0.359815114097035	0.546004809731808
-0.106713809411569	0.126175525597866
-0.338715777350111	0.656499631222128
-0.304712318497945	0.620437588600968
0.068012919328272	0.100437558215135
-0.461577876156169	1.05514139293983
-0.358617591237068	0.624008303232413
-0.777163653912395	1.40123141488426
-0.132230221014721	0.160792679295782
-0.12935107573084	0.149581735801789
-0.578926479121876	0.915126681126261
-0.364770259394571	0.574791051054735
-0.608639240933743	1.26790229660355
-0.604043214179841	1.10397203805668
-0.121158917114675	0.138672715550591
-0.575518677705587	1.31028125307365
-0.0138320237727948	0.0167980447389017
-0.682559787487614	1.33043125338765
-0.219937520514388	0.287381294520632
-0.076369045006317	0.089230324229428
-0.372562208409843	0.558081821422901
-0.00956509165726727	0.009332421124183
-0.311343372296904	0.511693165196693
0.0180806557522282	0.0240580468179752
-0.171692876795249	0.285162037861343
-0.095232239130519	0.136808360015399
0.10071290773347	0.136043712477661
-0.399865230938575	0.710453362252911
-0.267383963449395	0.364046042064134
-0.382515970766503	0.64818995816886
-0.77984872364279	2.24292237821454
-0.227794081657911	0.406168092492408
-0.274308505506779	0.363701142776668
-0.771194098689	2.00536172741686
-0.327023641520663	0.609917734291947
-0.299146695322572	0.520407207586651
-0.595952274800596	1.51079336675977
-0.453660262498492	1.05302026220371
-0.641950327972232	1.93798179114207
-0.38238620310744	0.637776763502004
-0.38093826047873	0.772244620447285
-0.51475462904615	1.16355917912761
-0.649352554902147	1.32374833554149
0.168205631969812	0.22725666735035
0.0493099671109644	0.0394700748420252
-0.0641394317816734	0.0726282986872393
0.285529090904751	0.541583018747493
0.0517462026710237	0.0653131464828673
0.375575951693595	0.612111353880898
-0.330058134086704	0.635820755077961
0.0860191961769729	0.116263576902037
-0.533290390442383	1.27138614872785
-0.319236634920022	0.321178842376143
-0.349436356281515	0.359010262309185
-0.0216962546112646	0.0236336358919781
-0.237741769764027	0.361397206472263
-0.448614158406559	0.745821195848202
-0.450263692515213	0.664837787922982
-0.314791886989737	0.644614218615046
0.287543987918964	0.500520450477055
-0.347010984204777	0.735474040063043
0.0355148573451902	0.0338726102078928
-0.178343925094547	0.261005265375418
-0.203573542070202	0.29716052423527
-0.38172922589005	0.452562332869145
-0.633687194805675	0.837773250281516
-0.243445355600726	0.392874776994021
-0.284957037305001	0.380822127593505
-0.293243305217586	0.485871224892713
-0.430739790190388	0.89860114482419
-0.400340910621526	0.804411874051622
-0.200238073471936	0.299454504435419
-0.404981165378053	0.850540546852105
0.404497565047656	0.791884569681584
-0.296780817966795	0.469168478924658
-0.102543486206388	0.118117964223491
0.931489404190133	1.30828028392412
-0.202656009767567	0.200714531826108
-0.147394143710879	0.206269838517419
0.134498118739242	0.182358030333183
0.0187951090348915	0.0230370843962084
0.239728653734593	0.412349904063996
-0.383368975744408	0.734552279406001
-0.184751450817409	0.293206613758278
0.0407484459890615	0.0429116430738327
-0.172867615566194	0.258254801938194
-0.229855600169445	0.37041127471671
-0.229842022959331	0.336788276300709
-0.00103976673558549	0.00116575872800137
0.000591659791263974	0.000680868876387486
-0.0298397580427939	0.0315554779486391
-0.109164292344917	0.0895558084611402
-0.282805718614374	0.356897486641113
-0.658152562677983	1.62682247151579
0.0598116109956309	0.0830299088637526
-0.206164101206928	0.338551038340597
-0.197500039879592	0.302578309959658
0.0874891528902258	0.12294610887487
-0.172093680985473	0.257019063559652
0.119281708902125	0.144869306287274
-0.0633306494391237	0.0655924156395899
-0.119419018697459	0.095023490134945
-0.28958929257037	0.385609803541185
0.048636486964801	0.0536937623472103
0.438706640437819	0.850657702464012
-0.190729655113459	0.260297536616685
0.21023316536621	0.322937894947285
-0.0288936289650226	0.0375334211446469
-0.284623512643107	0.490526196257643
-0.161229828041041	0.236195967805312
-0.259468718347324	0.376310388002844
-0.534637044640137	0.826343175283148
-0.519131989043435	0.353559918107495
0.0265541768978234	0.0197440008746954
-0.0872142058989768	0.0970223172534349
0.197444631466314	0.294095746392463
-0.635566529732457	1.3042154196401
-0.220157193316156	0.396542412071196
-0.0733135178863878	0.0700788419061721
-0.34533814129943	0.555097531775762
-0.434854156614089	0.805594637026764
-0.360560365299919	0.514955533002967
-0.484178598084108	0.569182027621019
-0.431220360682553	0.524387122323591
-0.465020240104333	0.48194561389796
-0.458203980065357	0.906221386060249
-0.368262346312893	0.775486435756046
0.0445544254775412	0.0601024761502968
-0.0512962999973167	0.0593430847599397
-0.303107288226166	0.567285459071776
0.419171129491617	0.841785010274013
0.56794790561958	1.46773271719894
-0.0982543612614537	0.114412691055918
0.601189467758971	1.07742742530066
-0.495933649066986	0.544843608345154
-0.781954433495815	1.38257736078534
-0.246640929949486	0.35008004124774
0.552278523746131	1.2784145292839
0.618524938746345	1.50648636672084
0.330495076855146	0.672368545761345
0.749520718266029	2.28522308288656
0.0610488386164446	0.083100432897405
-0.0652697946379946	0.0832341622138994
-0.400196545538793	0.66666316636923
-0.396464784726704	0.538224764329434
-0.479388447760494	0.728346098124575
-0.210464368416126	0.123436718991442
0.13831928353013	0.098855805193164
0.171987449434512	0.158705084826266
0.131111999987489	0.153473580858013
-0.420035809653947	0.709025144002171
-0.167373204898118	0.220578077286338
-0.18170588427724	0.192396598465479
-0.159730198001115	0.191324003808407
-0.349328148315863	0.680911083643275
-0.233419245829334	0.179116147771046
-0.212728665722866	0.152656424749973
-0.200314652476339	0.255120145597855
-0.596491112876655	0.676841826708776
-0.447637290908096	0.915735961100156
-0.0236464247070405	0.0302734712449342
0.297519831605602	0.535641444814991
-0.0948717046052957	0.137249869427395
0.0439871051484704	0.0624765458146027
-0.139006471995648	0.234367230576224
0.0821230851006018	0.0991143265516038
0.887688472113276	1.78675663057657
-0.697713886078028	0.84842678201818
0.632649955345948	1.13793650705304
0.412712468140645	0.699618124002425
0.151129987767947	0.220024772857083
-0.528774126434867	1.19771203068105
-0.362225384637531	0.683888221587567
0.3650276448876	0.731742953873775
-0.317075422406077	0.589755676133111
-0.187286156509748	0.273348913540983
0.107575949657804	0.137913058832554
0.0738368138062595	0.0807910407722481
-0.263169217462056	0.297958267447208
-1.12985231223735	2.15271599157047
-0.179382725244218	0.145082858538623
-0.765225206219983	0.653580953877069
-0.343027110661825	0.220858930145771
0.143401527675043	0.107474550233925
-0.685189462211184	0.697138643677885
-0.377921062798785	0.61207336978419
-0.871575201241919	2.10794844459186
0.00280027794182056	0.00297291421166381
-0.210477909427715	0.121865987663591
-0.416297698199735	0.680122445131513
-0.277934806645073	0.32599636029495
-0.383683411585165	0.398759169773808
0.00951984487733036	0.0119514327098785
0.0821531353669374	0.112828803569398
0.10247889533156	0.15807227425397
0.253281381442763	0.399504112494064
-0.346192995895701	0.629309731792325
0.551479320813412	0.991172166603979
0.464111043139011	0.758019082272559
-0.214209234077496	0.16803121437069
-0.0419227304416665	0.0431485474866592
0.0253084796805784	0.0267956110797621
0.59204664551275	1.45074293998602
0.250241423765454	0.407052568358957
0.0125416218754246	0.0161760150194517
-0.255778712511565	0.413029383387336
-0.121543601120159	0.182886976477624
-0.265983928916443	0.396060844598579
-0.0516633880970175	0.0635712675322008
-0.366885285794521	0.552114787637319
0.300813950171667	0.314803527218921
-0.505908891820122	0.707015579311789
-0.276281417632904	0.232385842914441
-0.0348477350780424	0.0191287730726634
-0.638218558137562	1.05321450223356
-0.139608856009126	0.169404922493934
-0.300150906292299	0.416052838995972
-0.107883306134193	0.117666705770248
-0.291791580946713	0.188991683766194
-0.338486885316083	0.210109294192405
-0.469825086126993	0.687557382359692
-0.520455244630355	0.823867873135994
-0.21796836003829	0.191319364557999
-0.134390869594199	0.121559792800838
-0.0619170391560923	0.0731155677259258
-0.283681006764997	0.474742287597583
0.232174799381198	0.377383494750883
-0.11648683971472	0.147617156913666
0.48163314229992	0.858644446475058
0.0879069417679067	0.0966233772124418
0.763636517750828	0.846838220381983
-0.428873208015819	0.535109690028075
-0.0848218336799779	0.107943096811694
-0.328600350403956	0.548949654308545
0.0929559341672233	0.113502943690105
-0.233162613766796	0.400947753446868
-0.375616529182825	0.536353849055637
-0.422155245363211	0.680078607648737
0.57773831940992	1.09691947521289
-0.565004441127579	0.742187930327902
-0.375472801215239	0.500307682022842
-0.40589476083759	0.387487262835871
-0.726665697911373	0.481126155207827
-0.632203571615436	0.678916089722099
-0.419847020251483	0.681316039545331
0.123355630161166	0.159824111751638
-0.355449324025541	0.598171091231321
-0.453804854725302	0.327958447877671
-0.775471455834244	1.07824639210045
-0.0925648517943143	0.12380924501586
0.0644633995300639	0.0926632544433036
0.82249557554621	1.89004757071165
0.296357486171325	0.421450578194759
0.0740713600436465	0.0655862988916582
0.114420297656836	0.139897025015533
0.0407673316435412	0.0507899152302048
-0.316430563352867	0.544753669947603
-0.224729899275969	0.317615964324681
-0.401422374430078	0.748178501134258
-0.037541017318736	0.0426138234533576
0.0441396350070833	0.0552275717396147
-0.230242898893272	0.324137903633906
-0.10196120749092	0.132858804808495
-0.433503857739836	0.485981662521327
-0.263590813475589	0.299288215110084
0.348414123291555	0.585407335573842
-0.0412245321843787	0.0520034842890419
-0.64777360092277	1.3766638655506
-0.565826271954376	1.20253918072522
-0.595832109924084	0.905089210638343
-0.116034329264193	0.18093079329565
-0.124439125705629	0.135846627702051
-0.279975061417276	0.373731123558616
0.28458263984264	0.368409396705361
-0.313216674668271	0.52789546160549
-0.35351507536411	0.536333144435347
0.0437582883445066	0.053113946034039
-0.0321004375856623	0.0383010009064897
-0.0180104255068752	0.0199333830873478
-0.384149764904644	0.630098882441248
-0.161348023941317	0.203707463415198
-0.225075703424229	0.311749207947988
-0.0402071275035825	0.0501227394503407
0.220689620351664	0.263044305386386
-0.23177849736479	0.312305266827794
0.0283150328806113	0.0274511414744505
-0.00607821481927289	0.00664607580569859
-0.482874826848679	0.874365841690135
-0.150364178249045	0.156637774152718
-0.229417888731348	0.27811059399891
0.02054698537474	0.0183891860956373
-0.171733263544623	0.149407289516851
0.114683614627504	0.102699565041011
-0.175315561414718	0.189422282087941
-0.468654137515167	0.830344807428966
0.0430579360177574	0.0699704620289137
0.0827497779401144	0.119946776800428
0.224482578226195	0.343940395440748
-0.530954876165487	0.648618353772257
-0.358600935567812	0.538355113048814
0.0606894202639831	0.0560229413977632
0.606274648316965	0.723753379571195
-0.462906231050642	0.834908472109706
-0.372453398014784	0.841797614198033
-0.144777857536885	0.201986966960731
-0.0813242014273903	0.0942171664944457
-0.0535250872302796	0.0611420781631151
0.0773725912698774	0.0739878206163052
-0.721314367860714	0.988986114479197
-0.0565535708363119	0.0652279345901803
0.00161531843525159	0.00172488087969444
-0.21207750738504	0.235427229684465
-0.114815195330672	0.107020729823606
-0.258572208984194	0.272825801228733
-0.0846766239435759	0.0808659954787636
0.0268895234131667	0.0210986477580091
0.00957200221931357	0.0078688927914203
0.306566515218237	0.291697087297299
-0.534611641978964	0.467420671669358
-1.12826284073655	1.49656963038735
-0.274758784671266	0.239286926207887
-0.392248308310788	0.387663432692189
-0.695667177853108	0.782526538181997
0.309448892632319	0.29474034779809
0.727858480995409	0.644671273883198
0.0378613330697401	0.0341564289755306
-0.200547738783429	0.275209644689741
0.0230166088107999	0.0434179448353829
-0.287764824269089	0.691468063627525
0.105775859956562	0.0924459417898416
0.365282513320566	0.388370876615417
-0.134965343188194	0.184334666921274
-0.190714678455808	0.299083261487082
-0.289785753684146	0.510759787147028
-0.016292208096271	0.0267195303117854
-0.277499819786445	0.689565921191609
0.00364367787146584	0.00570627661950769
-0.0562680081647563	0.0871907806992858
0.109480150840927	0.15097176982408
-0.122024383713528	0.179043588062129
-0.356438392690593	0.574450705274404
-0.0172852832951365	0.0158241732674937
0.0919728566543431	0.0723681883701013
-0.314889657278088	0.308565033977769
-0.128205086004237	0.161134423359495
-0.277271896765787	0.34482206650479
0.158056115496361	0.205348212124669
-0.347591786794874	0.439159317741357
0.929626479378444	2.07856818987461
0.049032277065179	0.0488384589991027
0.0025651823635146	0.00245137882101618
0.14299051926261	0.159973352630009
-0.158261016360149	0.179185684776068
-0.417863006342491	0.750642194394901
-0.603952260027317	0.546808079884214
0.0797599842167578	0.0767015649350897
-0.271088627444574	0.289719546045166
-0.16899059507743	0.150269090086587
-0.112559570998962	0.107881911555326
-0.019492429973007	0.0176175623515202
-0.0524749134757338	0.0463271197126397
0.177670115480816	0.208006960857925
-0.38303871311569	0.717764273899653
-0.0393448842713826	0.0675700327579061
-0.269775234136544	0.59174901613961
0.0132103253728846	0.00930682134863723
-0.175929334685269	0.187247335458608
0.0321536651457166	0.0297709967837976
0.375221795641525	0.473308098953395
0.71653535760995	1.85342097646347
-0.107575566795863	0.154845935523705
-0.220563340763435	0.367615950393437
-0.148611697776302	0.234899947952426
-0.0916449466911693	0.107218603123769
-0.218839697929108	0.319643277911276
0.342712208655798	0.505017348285564
-0.0312142473281812	0.024136395684563
-0.891929940862084	1.45955474111611
-0.638765592566145	0.88841772155533
0.150203097933822	0.363711265573273
0.00656334913495342	0.0115621087447645
0.0644809460550398	0.117607592351114
-0.268252547385618	0.643629939075895
-0.3680044357786	1.06596750357724
-0.243897030081421	0.55819624504435
-0.177268316666654	0.297953614319414
-0.457771105173999	1.20529009515428
-0.376636430553557	0.8408864541617
-0.118606177385927	0.181956922117911
0.426964403008354	0.901126781723329
0.0974061430499929	0.152017679318004
0.384810466417454	0.653192110415006
0.41189219935346	0.792825567755198
0.692516783568445	1.65361922063144
-0.0277273904320601	0.0330587242175749
-0.217851074456365	0.29756073038594
-0.598957479934511	1.45855506951143
-0.676599578331871	1.82067048509467
-0.43801359245514	1.01113452293248
-0.228049047130751	0.308058773598398
-0.472244702703406	1.00602014917534
-0.196848347773265	0.354030904199449
0.440464680809371	0.859531392349499
-0.122162970994566	0.16579486599766
-0.407397433870011	0.796229024939782
-0.215099581183622	0.369895250243867
-0.125034996820988	0.169840178574654
0.028419828108686	0.0319022861396536
-0.130004761700381	0.144970393929441
-0.282989858115605	0.480486576644901
-0.363928741696029	0.588864522159975
0.120884044962681	0.150124844760245
-0.121247141173937	0.174629993739954
0.0805275173528621	0.10600226918131
-0.00487181141652065	0.00566497157893412
-0.291932260566791	0.436325254793231
0.0658667098312523	0.0857647060101315
0.243487438057879	0.381737649029966
0.326130938849124	0.49698126655444
-0.425760774460581	0.66122480161554
-0.0381540222648974	0.0367401695618504
-0.528051872628888	0.658785450274139
-0.0163559502703349	0.0110839398747651
-0.357066808138762	0.334337679388824
0.252591861542731	0.28051690113791
-0.33207697960948	0.52921622476047
-0.0622753566681702	0.0801854139831227
-0.365581512792751	0.615512656593412
-0.210988407374622	0.326183824843285
-0.27645838775167	0.408201827162139
-0.193228752352389	0.286998935631286
-0.172759659175344	0.259507258526138
-0.476541186708151	0.938794305328532
0.0779142592134147	0.18753383341885
0.189396831369444	0.498950105830742
0.1009424985429	0.220144141084493
-0.259158704035112	0.72056119167861
-0.178419138995718	0.446995464616224
-0.292938652548231	0.830541449358148
-0.417700146310594	1.34772185568812
-0.0970803008584255	0.18468766337583
0.18281770021683	0.389431173026907
-0.0123724137488757	0.0190248584658462
0.230735142338922	0.4542702783945
-0.207000312688787	0.375797428863168
0.14247908971815	0.219034747376962
0.0830463407041488	0.129535204215314
-0.0200595645357157	0.0256668796818466
-0.0293341374385212	0.0400873665057264
0.12453868120107	0.184249211382973
-0.114293039977642	0.146866745704519
-0.0926696932599321	0.0942985049379093
-0.0868050646362692	0.0904113180314276
-0.214756318526668	0.305247832814617
-0.286630582443285	0.541205674050402
-0.187242672738089	0.316776722282239
0.0968875328214114	0.142134079954457
-0.313854654837645	0.67043138429081
-0.460653771801043	1.01890803837583
-0.707505742348678	2.04447533608013
-0.110825639047826	0.157483760861446
-0.0692386838286964	0.104349996581638
-0.493534402523337	1.05641079457015
-0.352193806981819	0.553952928425137
-0.194224633263922	0.260468261024748
-1.58099956776175	1.83292701314662
-0.0829220946938154	0.11531835398246
-0.074968868183336	0.105571950858072
0.163989984233409	0.261616219841409
0.0886441631012223	0.118307624669852
0.267355067420316	0.407697837873052
0.0683947095306988	0.0868526966201915
-0.339690708060234	0.504448128335099
0.166752853919096	0.174041499102932
0.674349801767059	1.21074724682965
-0.478451521699903	0.430517173993693
-0.130129706143683	0.0941007351331632
-0.287291789482655	0.197327633113138
-0.113628395387131	0.0504605463177978
-0.472780567160524	0.411603926425067
-0.276829678767963	0.339066269662313
-0.0120486645843757	0.0141664867844219
-0.496617862628536	1.02380451726072
-0.306223707733277	0.535468213461483
0.0118180311245274	0.0216743721818717
0.079711246468645	0.167920738711729
-0.163727934863768	0.363229145914056
-0.0208812451947883	0.0367036616322891
0.0238290314784263	0.04043115892467
-0.0487173745824978	0.0896727875843468
-0.169284673150784	0.340544276031361
0.0860195565847555	0.145202470693482
0.373829420545592	0.8838248234812
-0.0395903453542097	0.0549646371263434
0.442804608160239	1.11317596576586
0.301818216262792	0.633846293346963
0.808079321149667	2.30883327879073
0.711601389323878	1.78820742915094
0.00206178233746024	0.00243627467176303
0.534968424984087	1.04124633895432
-0.556926880554082	0.872266581600343
-0.142912134219332	0.175252968683157
0.690527911915744	1.68943935274354
0.319481928844566	0.617635457548792
0.157456875415749	0.258274582057389
0.581373455155591	1.47162077956453
-0.133035959237231	0.213297517115614
0.199436714099456	0.355926027627631
0.0457691112041781	0.0578493913474737
-0.272951776455183	0.490642610239889
-0.131357195165919	0.208504049947343
-0.288229208683432	0.530185053983182
0.903838875623634	2.10933066922897
-0.706518853441449	1.39708328220818
-0.611680809990144	0.573737391810088
-0.222800173829176	0.381812015644934
-0.0546993840209767	0.069361684734689
-0.292426965006335	0.460627365896733
0.276278808360739	0.421067314343767
-0.0756341505652776	0.0898949672049318
0.373333196928585	0.494137468638455
0.0562651539287734	0.0565176189616923
-0.843441174998495	1.45151197905175
-0.135724478039688	0.0836387653336984
0.117033071401782	0.072719440626866
-0.829847080430735	0.372347219430154
-0.163079527055807	0.097551339553855
-0.343186831049964	0.297809481548673
-0.53136176720917	0.756754884595595
-0.327906447745611	0.57286467812874
-0.213369405585722	0.307519862808636
-0.29510218931214	0.93813448042986
0.0753245960245649	0.162837578380056
0.0713440891079459	0.149116968714795
0.13020007071316	0.290809115057253
-0.185539275768638	0.398338409773134
-0.215237747176246	0.474851006243337
-0.0103713757935014	0.0160654056154157
0.267345326557234	0.564942815665838
0.350123471850246	0.89142190525544
-0.158347069530981	0.282422351649362
-0.306170775041895	0.504095009928553
-0.223605376703865	0.402133195081386
0.17069129302488	0.280119621290358
0.304108183133166	0.504849025301891
0.405458298354612	0.649057559291288
-0.338964676909435	0.461515596219784
-0.153880403870391	0.125990745735507
0.369904406433959	0.562300391968124
-0.476544911082465	0.854252864976288
0.00648256477904624	0.00957586828198269
0.631957088915179	1.8525657745865
-0.266973992939217	0.484479212409893
0.061822463928194	0.0995149598435028
0.277880720539251	0.566306157446341
-0.0557396790915705	0.0804444908321697
0.02132439531755	0.0310131376268701
-0.0851794541214845	0.13599749849377
-0.0923683884763092	0.135812999732341
-0.0290622621137993	0.0327324092544698
-0.223565474791491	0.318317748556379
-0.0419982917087148	0.0291748763526
-0.0273180057881449	0.0344843755174795
-0.129495076872294	0.191229633335182
-0.180543726374807	0.30399509715241
-0.0190676204871148	0.0242947946089363
0.0655370489755596	0.096432874608611
-0.14384395020953	0.198974259822043
0.449259337314781	0.845325717342145
-0.0251133383248812	0.0289344733532847
0.835568910639586	1.71113923064278
-0.235619737950532	0.251328559238258
-0.242388604904659	0.287467127082288
-0.383842245959046	0.346666072278053
-0.0251511776172476	0.0143236118261531
1.18133651535215	1.08391508018931
-0.214417242768031	0.12389318969433
-0.135968652694895	0.177995146545605
-0.497905072583682	0.991654975921021
-0.0804460697873168	0.196831425793483
0.0944740988491096	0.248704130208442
0.00764885974506919	0.0158197454204012
0.0130012940999668	0.0266007889306611
-0.303424627261168	0.996858371351366
-0.158134668899256	0.413463235985527
-0.194983965866873	0.483751074642799
-0.173242657917953	0.415356262154856
-0.23613014699047	0.576878998362241
0.178455277962142	0.365420371187763
0.137053308304823	0.248564614965512
0.440316912559599	1.25247800424752
0.15844440700429	0.291037768346621
0.31602049406153	0.634477326514574
0.0368454356668251	0.0534974828191507
-0.143527968178237	0.229727475801047
0.458312977348869	0.960712388614301
0.0765255007663509	0.0891445125121277
-0.0906172669261143	0.0985913838554865
-0.403400243138613	0.437074308133172
-0.00182333913342274	0.00204015052776455
-0.209881514578011	0.34284546692542
-0.479706074603724	1.24069509465564
-0.103271767418283	0.162978745841212
0.356565129159409	0.785029409278088
-0.324827910698912	0.756844070600063
0.0297139913573626	0.0436779004960682
0.291427613662735	0.582783702260457
0.0157552974674358	0.0236379448151904
0.0363570656522971	0.0517119166640068
-0.423406702085836	0.975458246670769
0.0368144317698294	0.0443412541193164
0.46829273399996	0.85197327612749
-0.762983679516454	0.941498844267523
-0.102265824922365	0.117761976905111
-0.0671144988623015	0.105274300754748
0.210071075347418	0.384965030062655
-0.149426719386967	0.262434738083838
-0.0544129676410014	0.0740208082470907
0.0237234914622874	0.0295445412270327
0.257653509099476	0.379844252172254
-0.126511569170807	0.146479882555059
0.302387426077031	0.386097275070355
0.0849411027303543	0.0998617610670539
-0.111794353393728	0.07385617034565
-0.0203776235568366	0.0119044330406691
0.859699511847264	0.696503289025123
-0.209892871033693	0.12342008982236
-1.27130430628814	1.5214649076912
-0.154949148862142	0.195989594518618
-0.245033930286616	0.428659314986113
-0.101224782254405	0.255309830138673
-0.0981168963129952	0.242504786333451
-0.0360089049728305	0.0717098662035292
-0.133739258402751	0.299086268999539
-0.346193551017436	1.10216554117922
0.00450606346430087	0.00806418296342719
0.0932505364093121	0.180790771450197
-0.134442688955476	0.250909147645659
-0.190199661803063	0.408979925224784
0.394203474445845	1.01434739910778
0.406089076262576	0.968688980992388
0.0687206871311558	0.0978098111065067
0.640211247067202	1.86593101256634
0.40010955626817	0.73858005352894
0.0864785164083753	0.128593127623154
0.506763405232573	1.01488081110234
0.14058173211862	0.176662915652293
0.224716087824973	0.300397077025974
-0.194268188949779	0.217368478981666
-0.125641072419062	0.11471162189388
-0.148298909787659	0.201411840691158
-0.0686591605346691	0.0816101570914636
0.0759524142874458	0.121233509873048
0.179871088249516	0.252221050433949
-0.473252274988817	1.04006394460362
0.45149693036711	1.03477029550675
0.0691992572933964	0.102239547793021
0.210216666150777	0.364822479569545
0.328973485608887	0.635244739704981
-0.0240353986355566	0.0322851851994623
-0.296840852220746	0.543470919643415
-0.63308304288883	1.10036663818909
-0.00297068733851876	0.0030868565356476
0.0414415229836682	0.0283792987061965
-0.212408070214854	0.226126477603367
0.0116961429151076	0.0133926224375808
-0.0386795678628779	0.049196903273208
-0.434472925308253	0.819731941190634
-0.180387047291841	0.275837474411315
0.401805197735736	0.810430159816913
-0.12492084003005	0.176240185194608
0.285019364540691	0.393225289296193
-0.317788447990221	0.481567661845996
0.516870762424076	1.03141763605854
-0.269765656147164	0.343599452034273
-0.354753698790334	0.44558722309606
0.794911832854784	1.38867946020715
0.502667620654905	0.503905863583498
-0.264276054190869	0.208520327069924
0.0928571275618666	0.0475289226803823
0.0159156005012509	0.016175837247853
-0.321100945400567	0.526284682181844
-0.103341065026998	0.226442865323668
-0.245052321615222	0.552201072079506
-0.104296588470064	0.172542355776268
-0.715046789688138	2.56480687227683
-0.258705596592265	0.526033509950079
-0.762499692164874	2.23618052542404
-0.322548908740477	0.521394550739497
-0.180684940422973	0.255962779573674
-0.197439350228076	0.311812054592575
0.836675868193617	1.59691650071929
0.24705846427884	0.337257822291527
0.267037905038256	0.365386654619894
-0.187001769059287	0.194814067258148
0.0310847150941347	0.0305223592302231
-0.61870817767131	0.889729027751925
-0.0577930865167174	0.0626456908766749
0.16034031951418	0.230403366804809
0.0378639574104566	0.0637914051001876
0.0284902959759162	0.0493632664199765
-0.474560493548942	1.33100684342094
-0.418798664447254	1.18832812633056
-0.234210184210305	0.282198766534411
-0.0854036039858175	0.0819751200401746
0.578279440612752	0.793425100879368
-0.246832399617474	0.284060816279946
-0.177304187278432	0.184422879367248
-0.855984557685915	1.10948955558307
0.229823133498184	0.210471644891719
0.0788988981764325	0.0745528115045662
0.128319105453738	0.134374054210833
-0.46110154640477	0.707308696009613
-0.0504930563545539	0.0652087377555956
-0.209418292402638	0.453772105042291
-0.367219787765011	0.813322172463465
-0.548723484208275	1.26069608517449
-0.102682472929655	0.103833064892964
0.28579917538384	0.311902994995041
0.962626605164135	1.49217882487588
0.0251618126956214	0.0226272476311483
0.1210066713977	0.120788717176576
-0.534070617429812	0.838755170673164
-0.27410976055955	0.287760084053497
0.431382394690109	0.576951018685064
-0.221871956788219	0.309879294835986
0.0580038748067313	0.0787549461052258
-0.318619306489569	0.551052313112614
-0.411565642663467	0.940119430353956
0.254666558473457	0.406534360288937
-0.267799167505563	0.474185694191383
-0.251069155252346	0.37274053586315
-0.0156847413667608	0.0173034958918586
0.0423886907122026	0.0408848961349224
-0.674592332154297	0.825632465620944
-0.482124715661691	0.613669002604279
-0.683189117649627	3.30638261740363
-0.878352792253261	5.065223604866
-0.855391334491779	4.09869748848509
-0.699566701403506	2.82462981128147
-0.918818940310036	3.94540799171165
-0.558077218111463	1.3701227162966
-0.0874150607467884	0.135047572147124
-0.263409708789732	0.530945600288541
-0.281494293188349	0.524854985420286
-0.587617904503485	1.6361369262374
-0.514319788454398	1.17777059857716
-0.486047176459951	1.09867572577386
0.0153089626836762	0.021977691323561
-0.444409195555513	1.30130773065536
-0.23793684572596	0.563112280032717
-0.525695451950093	1.87400239847711
-0.718271533913447	2.98400232744703
-0.42445443588851	0.870225399437758
-0.231063674655325	0.297238969456797
0.120793853094532	0.151615082316411
0.19419681900529	0.302354612483835
-0.514718121129135	1.1009595594807
-0.358836179872817	0.635483340988985
-0.629409858593407	1.35341076504038
-0.286008907105552	0.434207798528527
-0.306097704103693	0.484674761457181
-0.0878550464818135	0.125802093376226
0.0323068115916058	0.0448655898966762
-0.150682065957926	0.314254586893269
0.27356854888822	0.637910892232517
-0.219165076077125	0.422696252651527
-0.531673232601565	1.17072687081229
-0.124940898842125	0.15221509196808
-0.00781708393095124	0.00870292060664972
-0.480467014143636	0.930697076533348
0.281053735713119	0.430744267041531
-0.181930351347441	0.2778457210353
-0.0158252813840212	0.0176166410530499
-0.391388459708441	0.744828083617077
-0.222043593319588	0.387318955188613
-0.167640905350201	0.291579754505327
-0.414333607813286	0.937159523077386
-0.0363035468995307	0.0495721292467987
-0.0124351986878583	0.0136283846868639
-0.721451953048584	1.46955486012745
-0.18064645079281	0.262452480151777
-0.455087557326023	0.897751513995758
-0.651901074896646	3.87501731496842
-0.589556036041892	2.77091847364512
-0.0946895351123912	0.173988379209789
-0.0910405883801042	0.158420147365328
-0.126185267763301	0.221920660590589
-0.171930825785766	0.301957590237635
-0.212065775201855	0.371592171895049
-0.319532633974155	0.68201510497888
-0.114905449136829	0.140833663597215
0.0165975031682554	0.0166439759989747
-0.0652763776638298	0.0882319351736894
-0.476971177515728	1.14879314118666
-0.361546286136976	0.781242563104764
-0.432856688051182	1.10860090854457
-0.221035523923856	0.442488872007914
-0.199538896803211	0.351298829169303
-0.265728209536099	0.474756779925376
-0.149882306565769	0.249619354979419
0.129287456764732	0.193368564016616
0.30303199507924	0.519187231781068
-0.121044809790209	0.108381334513603
-0.256998033226452	0.348509445362599
-0.364780615402923	0.649179835433808
-0.168712114101558	0.2583168717883
-0.511336013451996	1.27018110634339
0.181592749221387	0.31931651208481
0.407055688649522	0.783243839993539
0.133835126082746	0.190849063000056
-0.194966240043568	0.317857890012251
-0.121870533078615	0.15537190694952
-0.346616437409934	0.495026212464573
-0.10721881623621	0.136538847231852
-0.127752492296001	0.116193921396384
-0.165231062070943	0.133539318707804
-0.0663251165199763	0.0446225689291132
0.150187652583754	0.121155032989045
-0.313877690968582	0.308646660752429
-0.324299955713191	0.463664852289057
-0.290168750330243	0.358869887809212
-0.149970942598941	0.211757800308306
-0.0675626345754227	0.104087286501932
0.019844524805606	0.0240527034770919
0.258690257768974	0.367906529863061
-0.0642497260637133	0.0624625442036524
-0.220181222217162	0.371149539657448
-0.599998800261637	1.64673048496156
-0.358183899206382	0.859733432335169
-0.10557423413364	0.185711650351301
-0.0663874386930706	0.104761036457583
-0.122654612100376	0.18502497785703
0.599478844744562	1.44958801977254
-0.0946016250106435	0.0886342664621446
-0.237045722529161	0.339815772188656
-0.264894709854901	0.488706042564334
-0.2101032809185	0.388549082784853
-0.00981666674128142	0.0142580247387535
-0.0338832519463752	0.0473665078334834
-0.294312457957992	0.508859013780342
0.270358002188206	0.475413251595354
0.168058332383888	0.286953965852736
-0.515707294172889	0.917555176784163
-0.0975418915397819	0.120566184826107
-0.399176290751427	0.577846130235461
-0.371250326311821	0.362341397553905
-0.216185704947453	0.155974098515754
0.464990835028292	0.583292378032018
0.0797568395420289	0.0951083963119002
-0.25787102240336	0.456360440060179
-0.226363507349335	0.373936777835967
0.0721905135787673	0.0931506252217896
-0.457931173726425	0.893921233439812
0.144847236535724	0.194890456565133
-0.072539877859691	0.104806530680709
-0.344501932095548	0.732261929035113
-0.0982533291136515	0.139954331958232
0.0145614723133229	0.0206036240215274
-0.021297802937141	0.028781191034274
-0.0677179946471029	0.0823509381901829
-0.084962749407856	0.0803991885050101
-0.101319483324838	0.164347334426419
-0.0874133161823593	0.153592354306661
-0.311731475296773	0.740528124498487
-0.0712875247862992	0.0958017862136515
0.364912430065092	0.641047066424858
-0.697984790998197	1.11655429373526
0.148940941002147	0.180717418830991
-0.122269545714628	0.175921752703327
-0.179499774134062	0.317258175419293
-0.187993683477357	0.341787634344663
0.10260506912319	0.155116548356193
-0.0897519138888009	0.132196442477053
0.224726309115815	0.34803013714128
-0.223555416997187	0.319933860990018
0.340464700655301	0.498578971734481
-0.219637986492524	0.289093430959495
-0.455241826790509	0.258049072785803
-0.291667612851058	0.281259064195944
-0.00552372428892257	0.00611332784008518
-0.231839643133134	0.383918959120104
-0.0853201786555734	0.107982365056447
-0.447925838732813	0.636932858164262
0.0561662059246654	0.0640843777861704
-0.0979676539255687	0.120145592826727
-0.0739083370130901	0.0974431596588032
-0.140650704171767	0.228936507915097
-0.172350712475618	0.281647386580373
-0.0393978247646842	0.0520572310890175
-0.454034666770076	0.782185982645975
-0.684049913311651	1.98107535588235
-0.049323031139564	0.0808194094731273
-0.093650212302197	0.146936381050631
0.0884022179737285	0.121454612280982
-0.218236276167039	0.301464902595418
0.165432351393026	0.162363605775162
-0.237728535180831	0.33323584318767
-0.724626767958825	1.86427712655957
-0.0815528363362663	0.109642328735006
-0.260017888638938	0.45094424555737
0.00399208541724512	0.00450701782818192
-0.0603755010605867	0.0635456997561113
-0.215932310774401	0.282766064710887
-0.536612997399853	0.586958796504874
-0.609077838307578	0.561776236182255
0.123479554394188	0.0840920619507231
-0.21374281528083	0.285860109524243
-0.275403396326135	0.399165410599034
-0.275027684554217	0.436898921074213
-0.12923051838562	0.236447888181959
-0.354101616146668	0.827547332742348
-0.0136429128020643	0.0201855275392843
-0.0129100154943809	0.0157271745666177
-0.160654806930327	0.250086825478385
-0.104193234731452	0.131402331987651
-0.0291366505355551	0.0369381273375703
-0.289965645717162	0.539996765152078
-0.279810494136037	0.546099477735768
-0.206813872650782	0.372198835630262
-0.138835437913214	0.208642101631247
-0.155214424748745	0.146846056947352
-0.505713815841567	0.549934058048389
0.0289421709421136	0.0337131385653198
0.0467204861017051	0.0538680590520629
-0.19553548632299	0.243582503184803
0.00240876751957634	0.00257641868012964
-0.0340027485558616	0.0474615761066091
-0.0802691036431035	0.148927787591372
-0.93162737777622	2.55166236373659
0.00955962282301305	0.0130065667531477
-0.531054902623885	0.911071303606677
0.0965019202008254	0.0799475646344878
-0.638700398813371	0.70626289974649
0.234715882103242	0.180465332420975
-0.837891249764849	2.19421757187293
-0.0785681980858332	0.100498103872284
-0.175150646726622	0.235522373918506
-0.0230578012259931	0.0288409704369007
-0.13931324960777	0.20991645670953
-0.193190773515159	0.31495258761053
-0.0677803004355368	0.0794820380873336
-0.119047632519012	0.140252126865532
-0.965318559307675	0.805551887756076
-0.259685176636866	0.397573674148185
-0.0864040167064433	0.105985987046678
-0.0672710689379966	0.0785804864414126
-0.249863546566948	0.307920700197333
-0.0901792954552683	0.111605749733265
-0.154189306627806	0.228803562714239
0.166745571553306	0.276616685390291
-0.0786722931373174	0.105911815156216
-0.220950372078715	0.358273333372989
-0.270823933791663	0.362186412966684
-0.217551157345961	0.154992891082015
-0.210481623343709	0.151777424336414
0.238224873982627	0.167901193375247
-0.151596043052021	0.125177812895083
-0.865867578199636	1.35272363422154
0.0334026403643784	0.0355512737810731
-0.290986693352853	0.466191021073341
0.154202151184118	0.220646828646212
0.225654721677266	0.314568156173596
-0.3145062119276	0.533436453591607
-0.162872030841708	0.21709093879059
0.526718310957086	1.17334215687663
-0.539980630074982	1.33058642814013
-0.0559477043966406	0.0721205993516971
-0.228688012087098	0.434544860550432
-0.228226055372678	0.268898385757694
-0.158729910480829	0.20472020483641
-0.282220695301924	0.234628501947326
-1.5833003009387	1.78699653063036
-0.28374984281133	0.243132899944687
-0.197906856300155	0.285802389076587
0.269907752162761	0.400624194033378
0.381868267543376	0.499947815548112
-0.0960993546320785	0.104516900642103
0.0606554162521255	0.0758842528950026
-0.0741349798264673	0.101165066369398
-0.152986631864291	0.232408932070799
-0.426427056123284	0.951494693745057
-0.084680518442791	0.135399856482025
-0.0865925931983497	0.082793997275276
-0.104136254273139	0.0956204391575381
-0.198234949658563	0.300171217426006
0.0172531758225359	0.0230649340000543
0.321284748872644	0.625304110275217
-0.395740951122431	0.593566635063459
-0.180190422776095	0.280588177959489
-0.057014369011404	0.0800674107832439
-0.141731404615277	0.218900936805133
-0.180214340628991	0.175310290053321
-0.0954378502046621	0.0862777275763685
-0.289618136961572	0.557216212943936
-0.140660256254867	0.189337059018268
-0.430103130085735	0.63908545668207
0.00707078377372351	0.0058264980816693
-0.310939823679011	0.527121751114914
-0.220438495296689	0.256841165712259
-0.501662733964661	1.05287751234084
-0.439731415629775	0.901981098708094
-0.376318979176633	0.873773175977194
-0.211159789531572	0.422767555447056
-0.293657656051287	0.577006292072716
