x	y
-0.834157679409812	0.86697503188344
-0.441930666044934	0.453673194974676
-0.601529732128003	0.797288753978681
0.140609257575049	0.141994705818513
-0.315209028648224	0.373468517633354
-0.517414245455382	0.344819220454081
-0.855181265396325	0.570411249385379
-0.954861011733135	1.16698317266422
-0.301343078521029	0.31747054076351
-0.802577432078855	1.1772568096245
0.0234908710141323	0.0201618114484739
-0.0237230668428072	0.0133086858097193
-0.301859471876475	0.156353679909139
-0.0220277025652636	0.0199447871491156
-0.117768353572952	0.053748701036197
-0.587928610885599	0.231737484543186
-0.299302866629719	0.157643767869358
-0.26035682573254	0.244956800462926
-1.38553295824397	2.43644662851723
-0.476209822590079	0.404644306641759
-0.0882837384781381	0.0665898070643992
-0.440502732463694	0.458166540056573
-0.290092969075081	0.196347503548075
-0.0723440004321456	0.0564943490010886
0.0334596229924692	0.0271804333398399
-0.520108340592941	0.531234172580887
0.102913327538993	0.0569409222794664
0.61431698759559	0.478491563060507
0.440831624136666	0.372503137752852
0.0601348983434	0.0406789394450944
-0.475481668744372	0.424706887901301
-0.283888423416376	0.24489165289974
0.410024737017816	0.252246237358247
-0.666456121694288	0.335749965175824
-1.24892160195652	1.30931767414537
-0.782262280530244	0.27504033764378
-0.588464694102669	0.507177792650029
-0.220197171849148	0.184018879250365
-0.697606033628616	0.682006002744875
-0.686639846647772	0.672077992368394
-0.210886972130616	0.166884751780917
-0.278664067944325	0.250755675876477
0.585545598060527	0.800178158990303
-0.756285296351892	0.778315839634853
-0.210915765294059	0.146779040112731
-0.156411061702283	0.115967114836051
0.233468233941602	0.208243302106251
0.245461054683057	0.215078231154618
-0.106935122699446	0.0696963675847086
-0.478290112084244	0.432694478907719
0.0935492528110988	0.0768664899833145
-0.155030338430167	0.129253261309141
-0.357219230438547	0.260616029018725
-0.785562730354612	0.284898206481168
-1.32193800429468	1.24305120202196
0.0948556652122504	0.0276094365306935
0.759151709455524	0.328075522385039
0.274105617924041	0.146996093426088
0.0154826898830586	0.00972191957944979
-0.523041629712938	0.530772414906367
-0.104694854612355	0.0899560353360852
0.0613545266463948	0.0539184867592839
-1.33581296387477	1.69202548221414
-0.108687303551346	0.0836307119176935
-0.610099243442707	0.38354401883791
-0.209111432031922	0.0799154240759525
-1.55657642057454	0.790249164465115
0.72946147129241	0.416845094952145
0.249170456923507	0.151091123123847
0.0441548924360564	0.0299539589778874
0.261099812564949	0.149137627996494
-0.437933302533088	0.344555211822681
-0.0832376487222257	0.063123442526931
-0.925321116770421	0.944675917446599
-0.316526828290232	0.243634721371553
-1.08050182959151	1.21904911348463
-0.578352610022314	0.692036756315819
0.129009309435574	0.132282360425485
-1.14035027639534	1.51814599650599
0.0909805697734463	0.0729531092947563
-0.679809674762668	0.659706253630636
-0.388381544198256	0.351712451466824
-0.355608881389848	0.292403030777677
-0.858678819356323	0.75221048160323
0.463289544948742	0.379624804024339
-0.398809556423235	0.120190602946701
-0.659035817517921	0.164780868926832
1.04628227125774	0.746705219507834
0.80162756658919	0.575468103927025
0.251908119995597	0.155643610407112
-0.140632742059133	0.0865579856705318
0.804476235125959	0.575589108283174
-0.306577897793418	0.23867928005655
0.237617214374668	0.21160494268393
-1.1940402022353	1.67322497379486
-0.28242358752962	0.239168586857487
-0.458897706470046	0.327845995670816
0.24678987940382	0.149804952227667
-0.397841856401818	0.334985731786798
0.783753185855138	0.837738447479997
-0.351011088377238	0.272531480188981
0.238727039506395	0.197560899251571
-1.03228097921367	1.01818381605832
-0.118392947930674	0.0863705054057918
-0.478623311822114	0.478474967355936
1.17186189546728	1.09109275225198
-0.130482254157874	0.0989193458003041
1.17442729825788	1.23445745121341
-0.561098674242639	0.515857278914954
0.246909353523986	0.160093466063674
-0.242015005104698	0.13160469123266
-0.961451832574378	0.817572493523482
0.15712923966621	0.127566019231021
0.0802897351191881	0.0607762208390664
0.471853118126751	0.384544640423168
0.238576971232324	0.17292392761215
-0.0924990279443095	0.061358514383422
0.508667068515834	0.389214664321367
0.338440702777843	0.281494500586847
0.346281343546837	0.266968264461954
-0.0742503360883108	0.0502185635803471
-0.824050258667091	0.97890912850313
-0.0652580996232649	0.0448811568004655
-0.732183442149911	0.504245085686891
-0.385990187736067	0.305147465938741
-0.248928219366537	0.235354470324762
-1.14814183230514	0.79793753845267
-0.394438559044978	0.119807256282002
1.19859101309417	0.787430007760796
-0.209018707200633	0.0785306364585597
0.635323027305285	0.302973712143562
0.00333259246315433	0.00290496522227292
-0.208304067244736	0.0785550389891566
-0.346358298116594	0.293073346705343
-0.0632136933850898	0.0320417402998978
0.23538581365888	0.16806021076185
0.299782545749434	0.308362333211009
0.0222722653577612	0.0174313659469303
0.0230876715900925	0.0200979811757334
0.235583473565575	0.276670115266417
0.25939784108529	0.27392027762642
-0.625737412372466	0.801001545161391
-0.18924885639071	0.152806562967436
0.190480107171475	0.197139441858074
-0.07221912791642	0.0745744014865933
0.238948077340022	0.217467798714863
-0.697923023747967	1.12896947965787
0.063114193893457	0.0644371269636368
0.0626359712937149	0.0580635524624997
0.109430894504756	0.0976145953903948
-0.357512779340271	0.461827053459195
0.232516755370668	0.174933639165736
-1.15461453683428	0.813379412416961
1.02820169549319	0.61183981897955
-0.199494428803135	0.156594367424211
-0.691944821288833	0.998902799936556
-1.00868038086694	0.623628112006791
1.26745927544266	0.569501645243817
-0.28399576499319	0.092992455528639
-1.09101004174505	0.464055649344474
0.631203036882166	0.298692462225041
0.219051770336975	0.280270428303843
0.307070460851417	0.300444924688867
-0.29540463772013	0.153405372747614
-1.56525603468173	0.560819966798209
0.243322872136869	0.162186767646873
0.0788048212740045	0.0256851962400766
0.182952500006521	0.183770428584161
0.261106258481918	0.318608877653071
-0.369101343205962	0.379628616330417
-0.430210922055453	0.609273143073161
0.168476222149006	0.189409946463766
0.185341171221362	0.235949603514041
-0.194175044473793	0.188094429730696
0.00586405258973134	0.00416288965308041
0.485823683873866	0.667846203011744
0.0417749377980226	0.0499203867154983
0.137181775792677	0.143659329153644
-0.0986088222883332	0.118428851976965
0.150704629216271	0.178124606863934
-0.00827688335789885	0.00758262552587079
-0.433633434828399	0.393722759665545
-0.262302218780576	0.296489547402372
0.236245441472783	0.153903588367139
-0.765292947623248	0.689436885558701
-0.398085483289109	0.288328554095382
0.763826342301193	0.975486627219486
-0.453950834522182	0.57285561191853
-0.0713029790515334	0.0622721293475548
0.635604387135995	0.298380555355534
-0.202836664038359	0.0733939950803739
-1.56173220635248	0.57875292770744
-0.0653072000763375	0.0347301277677537
-0.394763525749926	0.238376020352199
0.288968393274479	0.332392968630848
0.0757802039427471	0.0588212524462558
0.412545966706164	0.270965151767997
-1.55721790459166	0.789578064869615
-2.12618393028377	1.00961428224563
-1.11155509148367	1.36809836603142
-0.840602575950505	0.47353464317356
-0.0000665876766758253	0.0000404324192724477
0.231130000643833	0.284458950874253
-0.0364310327426259	0.0281844835038739
0.017415648442129	0.0155962425748837
0.113708941017926	0.113795651770069
0.0646367617819009	0.0576594616029704
-0.32278391053972	0.343917648884109
-0.35093409255159	0.325602740938074
-0.137340301809825	0.121560084289649
0.0132184352470358	0.014230299369809
-0.439752307415479	0.448350595580239
-0.418921875495455	0.562063338438757
0.225845087654162	0.231338258483613
0.33794509229089	0.396491872592507
-0.287037887352095	0.244461110352258
-0.759829895952152	0.700978672514276
0.035192667662025	0.0321692156707286
-0.00486574673522138	0.00437157930661974
0.37855563128139	0.398103923462739
-0.480044960883161	0.427144511864014
-0.596923478670047	0.686704121673128
0.228177174460506	0.212505471958979
-0.477579536585378	0.396102668837854
0.931702274565411	0.976303237355264
-0.57735225722051	0.547999130527265
1.56228178168817	2.30103865399417
-0.284141793542881	0.320336105861893
-0.18222978466089	0.175921782361652
0.0279559453074023	0.0215203890923866
0.367277730028526	0.258998754286001
-0.429631090931759	0.391863871573995
-0.502388259707319	0.410273799262641
-0.613570581171443	0.561928208360603
-1.77850890539278	1.47962995795516
-0.757611767395581	0.603091074811046
0.0732874971340175	0.0526156748472022
0.326677701933808	0.270438633634395
0.539085713154718	0.513379498527693
-0.351255915370089	0.298356602008272
0.269406098890275	0.132570266955423
0.304971719022095	0.147790249389335
0.574366230391175	0.581172932229553
0.443181304874859	0.386099481396333
-0.747790737585192	0.616952174985016
0.26064475127628	0.151683309157835
0.385226343410749	0.262617661570608
-1.3373269086768	1.46298696858427
-0.418586355617745	0.365671964850876
-0.542289248889337	0.715222928689631
-0.166289799770299	0.160259200216933
-0.109002359784805	0.0992811769672898
-0.55103859782062	0.632415302765102
-0.970090007720566	0.832080729685164
0.976727350858693	1.38158160151982
-0.852544517702518	1.23113959750989
0.331805397806908	0.292809074471952
0.168164209247056	0.145967592565639
-0.0346172734721876	0.0241607690816203
-0.327512698587258	0.386447734210795
0.386243031688729	0.384951279982715
0.435144854665662	0.379020037990817
-0.950539405761434	1.19929676246781
-0.055055522091689	0.0436615477213282
-0.554399919591105	0.513001264432343
-0.0207343615735626	0.0146260398210055
1.13618473558154	1.59534428946995
-0.0303177911304226	0.0215005123435695
-0.240336603040465	0.238968688004739
-0.287929690533975	0.270155563213179
0.0416984426886972	0.0286935117749545
-0.208794738060218	0.119216740096364
0.647420549713928	0.40656995862107
0.104656332130853	0.0632987719062204
0.98418887119118	1.16716834868351
0.93607342122672	0.749220253252601
0.0990956236351372	0.0466180398994058
-2.16864106737814	1.59720738960228
-0.598542454890961	0.683068187630329
-0.228574041460219	0.196636601691008
0.4027727150603	0.466915474210734
0.899353497604549	1.23485108247265
0.125960396532711	0.120286429284773
0.0892905608331351	0.0680148369084694
-0.965036761617418	1.4158890531605
-0.494698662163497	0.530794764541139
0.411385941329936	0.481218055752702
0.110250389065084	0.102191480255302
0.151189745609939	0.118621087822111
0.104056149398565	0.0858249360912787
-0.136776762629206	0.110646221604283
0.370589931922556	0.400468917947382
-0.356643065812073	0.298352368438272
-0.474108609661909	0.420160537759659
-0.384458123841854	0.355151903819566
0.625071137820132	0.608485105248492
-0.0130464438067472	0.0106080632032586
0.396870741943589	0.395937388412152
-0.429631090931759	0.391863871573995
0.117923874417727	0.0719833838494596
-0.332492491608615	0.212789493038769
-0.204811108963254	0.214105095742628
-0.0888364554580827	0.0598695502946508
-0.249672776299667	0.141081381006251
-0.537520388022149	0.456288161811682
0.306180073470842	0.292136879394443
-0.348990378187213	0.369351032063942
0.287055253614078	0.317200401991913
0.445950384381958	0.479974201132412
0.472236184100015	0.658824979428257
-0.16978258319856	0.105381731652023
0.0179053023552977	0.0135887913128793
-0.334716535021238	0.36106228435411
0.44193691854316	0.497620019738972
-0.0581379790918148	0.0487892897428227
-0.155068070997955	0.13640745557979
0.304412219377282	0.307904521396541
-0.120406824465509	0.0992739677561141
0.0859658435250588	0.0679025391839643
0.703712596331293	0.866947453917878
-0.364286550228297	0.176560152215839
-1.08399689985213	0.44740735851017
-0.0887004211805745	0.0422960489763854
-0.160408656907376	0.168664157301976
-0.169533574729194	0.155824064652337
-0.76402340298488	1.01575263138602
0.371584404880094	0.403177401427428
-0.134354351544472	0.141361207526186
-0.558221692348802	0.424934960678253
-0.532481633868219	0.466361127170422
0.652820644264689	0.810419226657977
0.061432692085594	0.0562267399480489
0.0240850332888834	0.0182854682361328
0.241559573336968	0.222811913710943
0.225408656339463	0.186998348677594
0.514938950695407	0.579777231155374
-0.41141124789989	0.428120734383297
-0.0213531960616939	0.0150111228928098
-0.242403928013804	0.161736221576896
0.749982993385647	0.30103391492194
-0.303818860644853	0.15770377281715
0.310083981993235	0.292556447169068
0.0675726616272112	0.0488547959757668
0.292777542654607	0.312917023661873
0.360595958844817	0.357783498256837
0.601156932083424	0.402321373172121
0.721686150829115	0.53161698324065
-0.182793130107616	0.178030312956373
0.416081591552083	0.491138709354793
0.101613832901513	0.0849638358977441
-0.213285556118492	0.123529593906042
-0.00179157464006815	0.00123814285429116
-0.156857034580035	0.128428046366662
-0.34401401914314	0.316490185576498
-0.00620627153117418	0.00431353461008905
-0.297356166801882	0.14235756947977
0.490272838587885	0.278914913903265
0.106540803769335	0.0633929573277933
-0.591635705997856	0.650975778596606
0.0981199341194041	0.0460144076543864
0.685285025285854	0.647373767090084
0.164926481264737	0.142338829851883
-0.516163357546237	0.591392746702005
0.539259309435698	0.592495361612291
-0.0744520485314209	0.0501736976960239
-0.00191054118519819	0.00118198708666665
-0.174602304215542	0.108673557784052
-0.176265535884353	0.107654946930253
0.675347772681489	0.539619275193899
-0.0858574043110419	0.0645472717880346
-0.11187641972336	0.0905239957625001
-0.184753074053694	0.129247250317232
0.351671317856096	0.269431275809816
0.141051600132766	0.106407441194898
0.929473652525055	0.971926538507368
-0.132589209762325	0.0973622098838521
0.137798850117886	0.100638593490929
-0.314579712418679	0.270052663274216
0.0258073685693248	0.0170652622946363
0.482542880324529	0.382264168616771
0.154201616300804	0.122138584307447
-0.106935122699446	0.0696963675847086
0.136858701718306	0.0978795863619896
-0.174296904383225	0.140287052514202
-0.505413071259973	0.474254795009169
-0.278122793384646	0.239254609326825
-0.961451832574378	0.817572493523482
-0.763905687098838	0.768268114033069
-0.117602109454407	0.0517237503418309
0.425730885977652	0.383353791778056
-0.438040424371927	0.356043126520915
-0.253139622321353	0.221259813746112
0.826343987578042	0.878514961126987
0.424248494747054	0.370034377246001
-0.250239802662745	0.27508580719772
0.328579219069705	0.278993362883321
-0.61036388448993	0.573535643060369
0.0886959104301405	0.0707729011145086
0.104548686247373	0.0880911349909723
-0.929116004128116	0.914157345659701
0.68114474617151	0.754935641238861
0.626128474450571	0.631504766188349
-0.441137312259093	0.46362859170886
0.799452418719698	0.995947347975546
0.446034154365689	0.481059796094031
0.440937032544827	0.38306711981186
-0.732573542102144	0.524178192880152
0.88129032685956	0.972289738014135
-0.394828572670448	0.328826176998383
-1.01173421679315	1.07887609644387
-0.399469926180151	0.326134048881
0.508792886505412	0.581804303317404
-0.487853808756081	0.571368487801716
-0.385372160456979	0.311770794944022
-0.594884722689936	0.520185922387532
0.342853732636864	0.268138351661146
1.26226276361891	1.65933708088036
-0.10845050489728	0.0767955046375464
-0.99842694005744	1.33429004649626
-1.65859388971543	1.960013196425
-0.519397682083925	0.352580161095548
-0.66719763084639	0.548300334932395
-0.273044746155607	0.274616372952387
0.555146384789143	0.567522490469242
-0.259303495261447	0.221921706851128
-0.819419327654454	1.03165605468525
0.122870570327584	0.0824547271744366
-0.154097413013462	0.114832519782588
-0.521048429041864	0.52342672066635
-0.559100602753806	0.426777882651898
-0.290075398917482	0.20042212278788
0.442756961624445	0.276304953676113
0.0946639175093654	0.0401090495603001
-0.564879337129843	0.413310294945965
-1.54886315463411	2.02430253574527
-1.9960012732241	1.90795071191763
-0.347479665123536	0.295121908251471
-0.137556591450566	0.102108820194484
-0.856436620842382	0.653518652087779
-0.313161789168736	0.240173071798937
-0.0432268446348326	0.0238249690188186
-0.0638438553024784	0.0324712708391388
-0.17259309437334	0.103299586454852
-0.454676770063758	0.331432908096553
-0.524768517960213	0.349386326405847
-0.708654157524296	0.440333619958756
-1.02956078596584	0.924023769692176
-0.760095609192206	0.663186989804423
-0.299302866629719	0.157643767869358
-0.597756595170531	0.375656950805876
0.100317512592897	0.0503323165562564
-0.0203986987848457	0.0117432074000582
-0.458893905093083	0.325198499649179
0.259084087299742	0.159666413848208
-0.154880523191213	0.0635648105692682
0.107659976530883	0.0665899670071106
-0.367204534413384	0.173674181219386
0.0864403652732023	0.0365374725845476
-0.089076849403915	0.0429426840688347
0.0887304224152204	0.0414786659705464
-0.0910465225309608	0.0441555610076737
-0.537773255093363	0.592017470828039
-0.0815917415917179	0.038643495484977
-1.87607774195759	0.78623883305938
-0.36473057255636	0.174119113674407
-0.141133159966538	0.0880709532079647
-0.35832039120076	0.168340704499602
0.247101764017065	0.154626258749098
0.259923940670677	0.148100519262007
-1.04767183150127	1.28059040764339
-0.287291789482655	0.197327633113138
-0.645867513775745	0.482758623838983
-0.341269325230426	0.225384136296899
0.412822616560648	0.248874417702454
0.0918287947041019	0.0395491183322516
-0.967813143686038	0.810570186196694
-0.456877934509864	0.31665286808477
-0.112365935822773	0.0488856185984109
-0.752819063845097	0.594146455977686
-0.544422282569502	0.502298293265266
-0.856425695354232	0.535480988187519
-0.780245506188676	0.277934862087594
0.0955697343225397	0.0442198650100538
-0.667482965056018	0.332724553064533
-0.734998137193879	0.541103405338098
-0.96508037695947	0.799264482212709
0.101488666372748	0.0292406717601105
0.262224161568936	0.146984619448345
-0.586515120448025	0.639566771827098
-0.992454653590876	0.721678902140688
-0.841962242118397	0.47349339814642
-1.00490497292316	0.628833175866884
-1.41069576764103	1.16998285306574
-0.578158171933202	0.231020724047211
-0.655825502465438	0.161022527561944
-1.03785621091186	0.536523328770437
-0.248651689689042	0.173933176105292
-0.116790117231089	0.0523752985520836
-0.829925057414067	0.387233606315498
-0.397214675434233	0.114521743990419
-0.457847014540066	0.198922657823656
-0.66636668361156	0.323163274772275
-0.0245436254488416	0.0142174065443246
0.619669786755726	0.197421523304085
-0.830572144801129	0.385608535071513
-0.135634322660866	0.10205644733734
-0.309834084462432	0.285534361151883
-0.682995309131776	0.623136250395906
-0.299085346360342	0.359528234939583
-1.29347323350718	2.14265451132173
-0.276183082557467	0.0895940900149041
-1.21972088758725	0.687690037180194
-0.465734799812772	0.400023222309968
-0.570781369578298	0.435497479100331
-0.153681587486598	0.0632277546998936
-0.212723145906758	0.0798895959219519
0.0206963150430966	0.0136402360320131
0.107709640751545	0.0531537227726469
-0.28481610891529	0.259075231349922
-0.17691059031631	0.138673497301978
-0.856516238127744	0.587458101684273
-0.337947633204901	0.384235325898032
-0.218703166044274	0.186418906178089
-0.263072277118809	0.251226882115279
-0.834365187554925	0.378111150882301
0.0819484063483299	0.0633159982002605
-0.182362310346302	0.134700265566406
-1.5625457696614	0.581574072788025
-1.79771985651342	0.446675792418859
-0.394438559044978	0.119807256282002
-1.56686068885023	0.577817962429415
-1.0461526473387	1.27726435058216
1.30319990942421	1.14034178404065
-0.0597915185955233	0.0397083123487057
-0.669847208629953	0.579616694395919
-0.294342787111822	0.374278614085112
-0.222045356988289	0.189899406744005
0.614478989136667	0.194606563884473
0.505450265407531	0.747711932605494
-0.251759323021897	0.22173532729048
-0.654182600115942	0.161467673167478
-0.353843431193519	0.302998334655692
-0.16224251161852	0.133589204471265
-0.263395295004779	0.368939220395
-0.837657114481803	0.851534508167602
-1.41020410396745	1.62148603946949
-0.674078166488963	0.828554669463313
-1.55084235591383	0.836173915402875
0.278321949827541	0.153244318178152
-0.250726898717953	0.174245137997426
0.69536331453058	0.842132405707598
-0.507567600054665	0.474478112334209
-1.15110012256226	0.798807671318542
-1.16000974097312	1.15745160370807
-0.847443342767993	0.466374414955153
-0.663392040825292	0.548097702101811
-0.49686395289082	0.608515427163349
-0.254518439910946	0.137533851315219
-0.399333716543839	0.300818467458084
-0.848324364209388	0.739429011866448
-0.523157929611033	0.456766664825636
-0.173466812604153	0.105210055141323
-0.435541457131214	0.434609709708492
-0.516376228937274	0.510891751850594
-0.843598386604181	1.49405213559528
-0.347808079266304	0.433413753533834
-0.567364660169974	0.580774570841666
-1.2824110223614	0.973098860131152
-0.336069233293817	0.221905195424039
0.474790765537539	0.370333220893983
-0.340649628723102	0.423398449395055
0.61929843648749	0.733965743933657
-0.855719863238786	0.585161321321865
-1.39250838062608	2.00701174717411
-0.851129823882099	0.466757979321115
-0.274328902021247	0.231946771349469
0.604102864025915	0.618645992792218
0.0675545878054856	0.0503521180276207
-0.495721476602578	0.604341255181212
-0.936281521690265	1.22500331795298
-0.359063229375371	0.298467011436863
-0.577887748572606	0.750546563030535
-0.0863601588438188	0.0667914841169677
-0.640302326697035	0.466387321553457
-0.607302999483437	0.38533621010594
0.122275474565129	0.0802124168663413
-0.0720761276447553	0.0627432692557471
-0.677037840106855	0.618642603954541
-0.85281484009333	0.729303141574789
0.153190384435854	0.12079465939163
0.128258550727504	0.0892033790269602
-0.180750718630024	0.149479539061456
-0.397374963244677	0.292389495966759
-0.45144273935481	0.439369298440116
-0.18093590146646	0.129841144458194
-0.180857989037856	0.132603913888201
-0.872093956453489	1.69941681853628
-0.278607225803501	0.321368842990346
-0.311618896760097	0.397197068776041
-0.1207925412511	0.118829462906207
-0.706887141528194	0.840253713235937
-0.61191221277371	0.709661114856884
-0.347729367351087	0.364238918869873
-0.898662038608953	1.00525064037046
-0.0605782850358108	0.0392132236238288
-1.39216240350265	1.81847924525917
-0.533915796979175	0.571317024034879
0.782742211725332	0.657908187816048
-1.5625457696614	0.581574072788025
-0.360092445601989	0.17166148112676
-0.733537663642416	0.524603045441204
-1.10346309087885	1.60724311079605
-0.560030576309022	0.893574270505542
-0.504108515948793	0.868992804704355
-0.435895267360321	0.556265349221581
-0.454591274116052	0.4372241516483
-0.684302093039258	0.948289458482858
0.321325527726993	0.408295602879668
-0.240750864814653	0.277911437689615
-0.346123372897676	0.38497552125084
-0.528950259508754	0.755634335091178
-0.510769968251356	0.850564303265143
-0.632530956788193	0.682302696759279
-0.864587308603693	1.17281657585107
-0.116598422760575	0.106263593919257
-1.1547731775895	0.804653806783051
-0.420365780110932	0.403583323838299
-0.520096448888306	0.604122621740373
-0.861733376148972	0.645122174733863
-0.578876546681922	0.227065497559871
-0.837335556822045	0.372960928761568
-0.85600412851333	0.544589475326319
-0.554768175510473	0.292593459358646
-0.283104547848399	0.308676048889156
-0.543731179427715	0.816347462146028
-0.490884703647902	0.687392456041608
-0.0144174380183139	0.0132018144169024
-0.919638295225881	1.61492849438957
-0.529537604870824	0.542975090050596
-0.557016844928664	0.782988596650965
-0.52632598139675	0.690761153050201
-0.18234576497241	0.175057290352001
-0.332048738401155	0.313273890469506
-0.445216061681661	0.548830355740093
-0.271751069480121	0.212769848582415
-1.27516688985961	1.7921623662292
-0.0335890677126068	0.0265436005631957
-0.349615399512691	0.299707883026207
-1.39638299500613	2.01184100993277
-0.651795134703669	0.781890438916553
-0.345610946548264	0.32000030103805
-0.269676733843803	0.213054599951368
1.0211896746271	1.13252469085021
-0.457476038070251	0.333417292152016
-0.293163966878582	0.197242040879795
-0.622787848015194	1.18029197520329
-0.848308362699544	0.718624787012487
-0.206250169076524	0.120035118151078
0.104870248429962	0.0613661720737431
0.658970737821764	0.746536991305399
-0.293068295051194	0.401669547211398
-0.214341066799584	0.233806819274459
-0.830713070252867	0.933848779100827
0.102992326685424	0.0463209909844761
0.485779385444212	0.270284864293797
-0.0768217262806136	0.0589698782683934
-0.151143867954936	0.137613839018969
-0.0143547214328083	0.0102082180752604
-0.454925920943284	0.196342269984932
-0.568802767376171	0.442865971618058
-0.0674532166182677	0.0691027877473537
-0.00833195589808107	0.00678135846265946
-0.906559201757902	0.971077349028188
-0.413781827537808	0.639603725946726
0.414955339043874	0.487464669072328
-0.239573877459439	0.283014074186546
0.169530618522915	0.15478512444098
-0.528438554790677	0.617687351471101
-0.943870125942252	1.22129312714045
-0.618128259021332	0.788611881642027
-0.349296694077203	0.216620488179181
-0.355018361322197	0.541680256855871
-0.291045846300934	0.390003037056743
0.101285765631005	0.0855958970545228
-0.122318499631958	0.0906101217325695
-0.676742389068739	0.574888039627894
-0.199750029717477	0.187886332939994
-0.179247614113118	0.211711345055071
-0.0824792728491169	0.0768469812422922
-0.429350068053592	0.505239255495812
0.161130667196622	0.145223381656504
-0.179372734025423	0.108433715228896
-0.399333716543839	0.300818467458084
-0.0832952036413773	0.0714451827549164
-0.0730895250579943	0.0733573095223243
-0.111370622984601	0.0484798172120263
-0.604821274348358	0.383577621600823
-0.398760470434422	0.243643648365478
-0.457302786134738	0.266914491962567
-0.454110726020577	0.316395828354273
0.0314049244711179	0.0281455327849088
-0.552487765313338	0.520046767855006
-0.743006005010428	0.529746577862308
-0.694552964605842	0.694682392249228
-0.723772168919913	1.00260706549083
-0.413850928112661	0.450741840890127
-0.588441074316636	0.853405965669893
-0.447138164469152	0.440572279808926
-0.631180420261218	0.797291401246169
0.175107641766076	0.16196777629701
-0.0906257325060331	0.0831882267510211
1.48946159441156	2.09722452515701
-0.312096046956191	0.319104976154285
-0.159968189167491	0.14247599562702
0.0700524227862721	0.063868602867341
0.0684773534639926	0.0641435193005565
-0.85424162943557	1.17928071436554
-0.566188031856427	0.756329333845573
-0.256624444264672	0.291927231599857
0.052683579952477	0.0375893206192027
-0.0952534500319284	0.0723315589394613
0.115401388063664	0.097732766364618
-0.523953187748437	0.689412450416129
-0.439328089966149	0.454440814861194
-0.250936438974005	0.228278101544176
-0.186844999044841	0.155662148694839
-0.589082236926516	0.839261711121538
-0.655432057044987	0.790914938211337
-0.91378808544479	0.949267809953436
-0.755225660691578	0.735387070216763
-0.900440436804771	1.06192058548924
-0.00678909412457888	0.00402847415578699
-0.771726144010434	0.796985053333107
-0.0591239341146426	0.0390367300142091
0.051145122763362	0.0354669358550673
-0.133751160147273	0.0958135618381866
-0.0821412662439321	0.0552727719768628
-0.290617081532488	0.200528515275177
-0.69444222453791	0.748969568480711
-0.435962467820466	0.348391298725252
-0.358351737480639	0.295986223841483
-0.963072160737601	0.828966710354635
-0.635568899767402	0.650878906228089
-0.570805900699083	0.681352955330647
-0.360353194981976	0.267213690233159
0.09389857088555	0.0398483536112293
1.17584339053999	0.934523127437168
0.092410436271206	0.0389304793486822
0.67035433955148	0.534152886818002
-0.712391042696682	0.437624021981928
-1.46413937130046	1.93005555446926
-0.406369250018587	0.450900492679822
-0.186615267746107	0.174226331807185
-0.394860726945532	0.434801218387955
0.287887222957197	0.342486567065647
0.41126344498205	0.558721170250741
0.399495531171615	0.442847831752173
0.0338916369883614	0.0275683994167344
0.230232059301694	0.230981820510092
-0.420832648277439	0.577744810110562
-0.0242793938046087	0.0193271788040604
-0.095739280471027	0.0912499067164237
-0.143788234064557	0.131513110508943
-0.861063805930628	1.21531661706164
-0.55864372053416	0.620360806277615
-0.636228710053238	0.686225425367793
-0.180075918620706	0.129419270241729
0.131263938985482	0.0926020271197616
0.127953602895523	0.0859547134413092
-0.443012956768302	0.347322742302405
-0.643080201655019	0.493109990755315
-0.123715825887192	0.0918697231731657
-0.525149841525531	0.45568651330321
-0.357476534123886	0.262897386656123
-0.158645563257381	0.0657137457425839
-0.663453482364967	0.331489474032257
-0.174865972071041	0.106906606815273
-0.405155814108978	0.381812642906533
-0.722254583811027	0.928279713703611
-0.634495019494892	0.464166085920407
0.0989835317846528	0.0541237251141489
0.248627491409197	0.157839907756009
0.233758277619479	0.167964125650732
-0.838064379520921	0.864613152223696
-0.848079653117079	0.795041961597839
-0.197639397564945	0.188043137647785
-0.172221765627164	0.171937133639373
-0.34598158420727	0.458469010551762
-0.343048255720385	0.415203592453101
0.0924487451541583	0.0966130455036948
-0.294280182980157	0.312236394799067
-0.265270894679208	0.285936865535661
-0.65733647180547	0.784785702015718
0.624518194853934	0.943013712968099
-0.554085281228699	0.727260014848835
-0.152052923456575	0.170114304976557
-0.117627982634226	0.131286763520333
-0.0900602424108007	0.0781250942940443
-0.392282347301619	0.325351201896504
-0.55104287889248	0.607281367387485
-0.437338772178156	0.386932878627917
-0.457757371282937	0.537942460846
0.247248126940977	0.152381030787927
0.019803846182526	0.0120311841436253
0.385171635232175	0.263549029204761
-0.666456121694288	0.335749965175824
-0.155792259883054	0.115015267061172
-0.596974700689655	0.508769659140794
-0.594129835363856	0.510637062064595
-0.316478911499862	0.28553469866986
-0.843457145128385	0.863934939887112
-1.73604073098455	2.13399184538256
0.245508303302763	0.16920740613881
-0.161073903522776	0.117405933762182
-0.226477437611441	0.190129715337416
0.395968031795686	0.388614695383303
0.689947889239726	0.747961334857481
-0.0618982159047478	0.0422315822742698
-0.669854206684502	0.57327852048129
0.130159936240193	0.0908804042939244
-0.67799210428174	0.617570187240351
-0.456703305693004	0.502503769535096
-0.541773215913875	0.731401636215403
-0.50963964975038	0.783321594433619
-0.427390093750004	0.458579081086612
-0.91377392654264	1.02559119769798
-0.304540892939035	0.258521459954469
-0.324837924513489	0.325777586292997
0.410876076258244	0.482718602522612
-0.178256688128026	0.18409592395811
-0.305042178370354	0.347544219424333
0.400301788683561	0.38572279746404
-0.181597701026619	0.131238497052581
-0.608781942615907	0.39823717144782
-0.60999184723546	0.738818928315077
-0.351141892670112	0.283660566868567
-0.304309027916519	0.254725072220236
-0.471670133405772	0.439283403818435
-0.15329447402483	0.132046066720451
-0.22228274028564	0.1956052804394
-0.443365117301434	0.348663847461415
-0.399333716543839	0.300818467458084
-0.523655580518052	0.337548007183197
-1.01391022019252	1.10276063395635
-0.963404760188307	0.793009020401531
0.0534944652681158	0.037584281933855
-0.417402109146984	0.394562156308775
-0.607363686175115	0.382240255437911
-1.28450829234339	0.981996621757425
0.999228709147617	0.471951393698828
-0.363694510887887	0.175887559757721
-0.354898375136449	0.301711239007867
-0.418845133253069	0.409617889920752
-1.19194834171004	1.32743600923622
-0.463039320753375	0.256420640272192
-0.256149831212869	0.172916157927624
-0.495779491230478	0.384136703473406
-0.614197145584562	0.863380814414789
-0.663718794216798	0.553872356312001
-0.0606783038752568	0.0317052715658619
0.227020993055629	0.199896988038151
0.0638170607755856	0.0472932387310532
-0.705770150056619	0.810841920979461
-0.197514514548541	0.190474804020277
0.909286487401603	1.08800756597831
0.638962002052677	0.741513739439191
0.237591486521434	0.196724494344868
-0.550669634685072	0.521608476850535
-0.532015502526653	0.458114781728086
-0.625896350287332	0.648422666665756
-0.612080770627928	0.538245337863194
-0.273513602669527	0.235469867726976
-0.745593438342291	0.491302056185726
1.16685336810483	1.07434765412382
0.440551604028817	0.273235232370105
-0.432941103919693	0.444654756975728
-0.646829157121492	1.09858997655944
0.220112626191008	0.248548961894934
-0.124934619733863	0.134984986437024
-0.461327445860549	0.259364902869196
0.0887975739019546	0.0302922408181317
0.0914307959005922	0.0731545395226123
-0.728681729190517	1.13905067803023
-0.38298374646197	0.225682934775812
-0.360605034336958	0.167876049345314
-0.829827717121194	0.384062868979006
-0.5851078312608	0.229920655062311
-0.532285300189891	0.457888571911259
-0.235080225943633	0.187433286064362
0.0967251228020207	0.0816416442686768
0.460919775954922	0.501616876680663
-2.53744447685834	1.3242666995273
0.755976005395078	0.31809893525624
0.887110549089329	0.548276938297471
0.391970547325279	0.154497954953268
-0.71452256319953	0.42717616117164
-0.470516448783504	0.648706200737493
0.0024113523089543	0.0017555495560054
-0.456140488857997	0.265617582943443
-0.462328620378029	0.264008696030022
0.846938234363846	0.462404479348132
-0.193293888771172	0.168654521578376
-0.444317440096038	0.574602574906532
-0.766212703046964	1.13479449444573
0.364757437684797	0.393252590937254
0.0957693301827366	0.102138476505542
-0.431835072900162	0.666870288129046
-0.144868562789433	0.136598758545645
-0.280229217385716	0.255033288159244
-0.0548542570649876	0.0430574866512032
-0.146428099519969	0.176541725436595
-0.603832090630495	0.799508736049227
-0.599969705564693	0.90794275876476
-0.224181416021743	0.24788338201056
0.534888596462884	0.578122292324163
-0.185735204267279	0.149779838380458
-0.0927677559238519	0.0867830747486157
-1.33824367242426	0.638917853433033
-0.825386382590378	1.63560028851358
0.0637373933647173	0.0474335741206488
-0.290347649776693	0.190469357758904
-0.0857237674868961	0.0559024119747508
-1.11055167176823	1.38751778418164
-1.32288686140326	2.61303356041978
-0.458257402759738	0.591227025735799
-0.378104594185995	0.373011314849343
-0.187222556273283	0.134458400548671
-0.289563674004989	0.18790820058981
-0.850870371135287	0.736752488018844
-0.0712389881018019	0.0521756854722821
0.585476667432093	0.765246520210901
-0.836745194999292	0.938295005930325
-0.390841122425614	0.356171953801248
-0.286632254911589	0.264172594709805
-0.141946182695283	0.142000767600237
-0.370799506402318	0.172019028894047
-0.718986844681282	0.414759855690708
-1.08491272426627	1.24467523771618
-0.448139829727124	0.308973145778845
0.0070889194785964	0.00505311412209451
0.74096889095948	0.956683510045034
-0.41003014159851	0.426429310773402
-0.366790328882873	0.175842014724534
-0.0420614373566405	0.0224469459660934
0.101417119823494	0.0509342472203732
0.665816692441668	0.527025731213945
-1.06248170617057	0.96526165539007
-0.249156210292936	0.250926063750014
0.716505359788576	0.953575648714316
-0.249021894036787	0.13280319885918
0.0894452759620531	0.0333579136130541
0.233815049807827	0.16311893160569
0.728756945317118	0.552611078493722
0.859254431865225	1.11232794233272
-0.237460847030523	0.234979780104772
-0.708311125710374	0.844351647736101
-0.151129888403915	0.112307674720169
-0.237320392219884	0.195375352945954
-0.541675320818059	0.588665857979905
-0.0757842165040128	0.072943711989132
-0.284906540556059	0.286234938979114
0.102426046224031	0.0867610686998507
-0.0571976961473998	0.0524083368237414
-0.765101251278353	0.810831749081491
-0.759858918038498	1.01114016452829
0.0437853758781505	0.0364259504429699
0.865059059736684	1.05417597996934
-0.197037502603443	0.172941292513531
-0.45120087897673	0.438140647643112
-0.172645267057358	0.106765909401944
-0.29286321190356	0.144111196382186
-1.05466191898473	1.82248169153077
-0.545453579012451	0.832076317520159
-0.300105670563948	0.31526256695767
0.242935158353697	0.187528044185071
-0.607089693752577	0.713453988629504
-0.2477339033111	0.2506836749237
-0.280805069339804	0.302175893250783
-0.477939793573045	0.577029467733093
-0.209129418505445	0.198838469784969
0.0861361895517892	0.0678284461284357
-0.186481029060354	0.136852173270224
-1.4105590563845	1.55917487073419
-0.568921854838863	0.574890149030068
-0.443180154682228	0.539606022006178
-0.0618725353922275	0.0542904287221064
-0.429393712183513	0.468857206230158
-0.287481361995293	0.284246565633916
-1.1305453487878	1.56750942801316
-0.552158558779229	0.496927113114331
-0.255721504899686	0.176718726151862
-0.182047114047654	0.132427217890017
-0.0539270841665939	0.0258101386438725
0.466380338897666	0.386491065857201
0.792900866137154	0.668241087860536
0.764161661369232	0.881661510810873
0.326162495296972	0.292381311216064
-0.687406891052497	0.65813759711206
-0.402645897180259	0.293573770607922
-0.756170339896937	0.689975154401047
0.00197198189367631	0.00106897052525762
0.503156815377058	0.371911521568348
-0.0845499189845728	0.0558377525856961
0.560065238278751	0.51408178987655
-0.760724618194405	0.78237697734484
0.401670385625043	0.36889833608232
-0.455757322109826	0.318178149751385
0.498028976969682	0.498872909524334
-1.2716681755298	2.1994304626707
-0.266721106580971	0.312273788713903
-0.212237590681872	0.202438178049325
-1.12196142028023	1.36536047406883
-0.36099970991113	0.403695544137077
-0.292368390598095	0.189721992789375
0.445231060529535	0.551054078216648
-1.05103801640375	1.23231580795066
-0.365249587347804	0.168423197433932
-0.351178011540899	0.436195371112277
-0.818518245243389	1.13265936206439
0.246052055133441	0.221146287535024
-0.252502473447933	0.174761383348663
-0.568165208796628	0.636348370436194
-0.591744551062211	0.671309562209497
-0.806806051452646	1.39463672038711
-0.200135786335508	0.221382551176291
-1.06616578409699	0.946729858787422
-0.349459248949233	0.295926290577532
0.455086697853398	0.465500229548227
-0.424924940039332	0.384472189554791
-1.23061196036579	1.69607369585383
-0.915985262370736	1.29999942363038
-0.561823653289194	0.43168068408374
0.261431118352902	0.155050244255673
0.938955735044414	0.742063975288149
0.275372840758566	0.148610130039991
-2.17696857414152	1.63210785912837
0.391607729959079	0.271742769810711
0.0553054126327463	0.0393751392334044
-0.355173761678721	0.294777242900253
-0.115442704769615	0.0524421557666881
-0.304405004835165	0.156912595931227
-0.495398819395745	0.382686251731725
-0.388840871947844	0.27753040445224
0.241192932938799	0.210378326299214
-0.0361494827975815	0.0288219544534922
-0.318876495731882	0.294065046075839
-0.0527684419066372	0.0402842141414805
-0.850312514327655	0.745107885785661
-0.234367325845201	0.187254699746954
-0.65553412993162	0.789068937147663
-0.435492487440484	0.562287269756603
0.0258843449646952	0.0198685605996996
-0.24036558609665	0.224312404490221
-0.764487218687021	0.818385453288581
-0.822821103276244	0.98050371596642
-0.239655460191313	0.205863773466271
-0.490796310608661	0.553649499050983
-0.241098833124483	0.191684615252522
-0.938846471879519	1.21634162329422
-0.455119704107478	0.198333386035113
-1.08448711275882	0.44445435265624
-0.27835392034096	0.0929700973991833
-1.54390197438139	0.808347483525551
-0.54631052843953	1.29220111043585
-0.374029880022414	0.610588151448332
-0.281765732179288	0.0974136923132923
-0.464586820233552	0.267689305727995
-0.251020309280857	0.215603682871003
-0.171741308808926	0.154003702380104
-0.346562294366114	0.319598809801938
0.0887632992808198	0.030498596118456
0.12314188083723	0.0313348936138455
0.0339971432028023	0.0308080019091378
-0.0940357907757302	0.0607963222783204
0.46222552590308	0.164781776522234
0.804197339330319	0.518078680225078
0.302641398331312	0.14893493447525
0.916427215395361	1.07555248889254
-0.588331830367477	0.876634364497898
1.06954010432073	1.0731531775721
-0.0318587990011187	0.0281551815098076
0.178417100038202	0.185825283440673
0.359612671269558	0.460685081050107
-0.0319164624151646	0.0251529354417538
-1.13474868481145	1.58389915404449
-0.129614518637556	0.127920436651946
-0.702482984771689	1.2757486527223
0.878480777998663	1.19906143077464
0.227221494947251	0.261455624108025
-0.171535081955426	0.168117889438282
0.105049418343436	0.085408630927835
0.454614240860717	0.369816724716775
-0.764884137599649	1.00519198705132
-0.542442018550215	0.292087877527626
-2.33890750047946	1.22228918861754
1.95838308976339	0.512785793969077
-1.80188224075767	0.438212560338483
0.918345124738017	0.251770863873478
-0.485125158030758	0.704248765220592
-1.5625457696614	0.581574072788025
-1.5625457696614	0.581574072788025
-1.34154985414299	0.633122587919885
-0.974211619412059	1.10328201872625
-0.17402414819065	0.137203445180387
-0.113224588717942	0.0507081053703573
-0.663273305735618	0.326739593719127
-0.349778552049198	0.280066878269197
-0.539642126541569	0.57308561742192
-0.751695515724318	0.767261127132488
-0.51825061776083	0.597809723649317
-0.592519571303735	0.224386715550796
-0.273088855371425	0.221795577098718
-0.250753821618232	0.25465270119569
-0.665564915506042	0.574661832715301
0.124793148559194	0.0316859887487473
-0.587928610885599	0.231737484543186
-1.87963710751746	0.758805378884949
-0.779582344087862	0.276846471601307
0.354243814764548	0.447765807513248
0.247460180995375	0.190117981775928
-1.08948783635861	0.445889528865871
0.12314188083723	0.0313348936138455
-0.656493603036432	0.164060826310612
1.41302712954348	0.474622792105401
0.0854756234850317	0.0327830048433171
-0.28602797283023	0.0979113462793498
-0.310567535745162	0.263076172270819
-0.846198457623127	1.67344840625769
0.591990131647098	0.705885845297669
-0.0572247587147804	0.0544445795928569
-0.692949081944948	1.24992981791377
-0.712011242826619	1.28118442203538
-0.283485905390264	0.239665835882332
0.314660095724268	0.307963455418277
-0.172475212275417	0.190391829232814
-0.361010968521868	0.58706069975045
-0.308134279550933	0.284690176917323
-0.300596298085613	0.458811454158603
-0.15857011644714	0.168825151440859
-0.384854720866937	0.442950120324624
-0.593257314779982	0.517401627346921
0.0336124388386438	0.0266360824909521
-0.153848352128186	0.063375650277379
-0.208203119280873	0.121485185149536
0.757020874444759	0.315712964616297
-0.655825502465438	0.161022527561944
-0.601592252705943	1.40415910576782
0.27162907566837	0.358097450450004
-0.376864248788774	0.523646195560686
-0.410438301133434	0.427970446269964
-0.604179447195485	0.398257535534402
-0.780316056609353	0.286242209067478
-0.568475192708443	0.568720555060193
0.155725653890057	0.126346355105971
-1.06621527456174	0.997186321386708
0.242257498191814	0.166446407237113
-0.000916576960966136	0.00061208633275276
-1.10982989859907	1.4367423310457
-0.670616731579894	0.562923798771986
-0.0833075476053435	0.055282202656214
0.0201403567292107	0.0130422938529825
-0.171999508668497	0.101420219851914
-0.701333379307104	0.984304785034384
-0.849621016170621	0.837499647588705
-0.153492310489222	0.0610403990349056
-1.17674783681612	0.370172278890225
-2.34355424465163	1.23580294182084
-0.155812836739679	0.0649792565798239
-0.246398476533827	0.289876490284513
0.22879755456996	0.176750066523261
0.0924489677311661	0.0317142458206075
0.617252894763946	0.19109165365643
-1.87003347535541	0.792495066482564
0.123958640083443	0.030889091157911
0.918345124738017	0.251770863873478
-2.58475812768928	0.723077298597346
0.339909799543734	0.154831528440666
0.100841618220157	0.0306037225182791
0.433304384499572	0.500565620335866
-0.30190674448606	0.307748839953272
0.424933494660485	0.370904208527455
0.023475070473216	0.0213285584445654
0.0667596466960464	0.0554679651188621
-0.0329782707854122	0.0297785614342613
0.2484988569685	0.218679753764274
0.131379485316223	0.0912775910242753
-0.043990104800304	0.0393270737649676
0.0068234087593989	0.00652586578075168
-0.0995122165814967	0.0840310709785479
-0.138985856711856	0.142821462286481
-0.0922683072064526	0.0864007957436257
-0.538631530065992	0.651912684736123
-2.3436125667852	3.43564455750833
-0.619661446468243	0.803795931878464
0.0918519581022969	0.0422348670035966
-0.779582344087862	0.276846471601307
-1.15475359385203	0.802634869236103
-0.669717547719884	0.326775975764723
-1.79855097632956	0.444373754165809
-0.187134818731179	0.270458230584937
-0.209236506005628	0.317147896637393
-0.767115328091488	1.71975537157825
-0.198465836715818	0.2463848813419
0.00772034517681768	0.00659568701417228
-1.5617523438299	0.577189828073677
-0.208463491210572	0.0797823684807007
-0.833719906584425	0.37502683911259
0.363316011239502	0.259107771402878
0.326414355601998	0.290346309641041
0.490272838587885	0.278914913903265
-0.0812148715991252	0.039279629750611
-0.393647207451147	0.281672170106113
-0.113245174185303	0.105849251561369
-0.305368327153576	0.229765460646571
-1.22049228175165	0.713221764448928
-0.218371184691426	0.074910841050337
-0.501234783371532	0.40187526911346
-1.08324079490897	0.447865363040501
-0.0192501493779845	0.0109005565820432
0.00556387603587312	0.00402140280383521
-0.322893026670729	0.268653302123388
0.12314188083723	0.0313348936138455
-0.832334970099514	0.375533441502988
0.0617079277318648	0.0549276079341269
0.129140802028717	0.089500867636871
-1.56440655803204	0.562160297076648
-1.87003347535541	0.792495066482564
-0.282473159879956	0.0953723166400078
-0.550604670454663	0.301505594925904
0.279328951131747	0.148348898210919
1.21795879364804	0.68978248087887
-0.162264384446205	0.13924350564934
0.148547176199943	0.166841269437381
0.0131461258208755	0.00945837772590994
-0.379990487065779	0.481172434268715
-0.0337741465823411	0.0306389407282623
-0.134954816217869	0.131473085270352
-0.768012547540303	0.943335218031681
-0.130435040823424	0.0970638116525228
0.278114834491074	0.298679321123478
-0.695416056292653	0.770499268543818
-0.34892343646692	0.283506501753451
-0.725876309466374	1.07731626146489
-0.561346062541991	0.440226313776338
1.77938968105568	0.70194307081804
1.26892444000319	0.558701135901297
0.979634608666688	0.371541260252725
-0.656493603036432	0.164060826310612
0.469121440715567	0.171666856078845
0.126393621153963	0.0311080364966984
-0.563304735938143	0.824370436360765
0.24888952903642	0.386219435774391
-0.364548778146814	0.721927249669646
-0.218674971440756	0.27526817787486
-0.539880229702068	0.794654873782141
-0.139333710701397	0.124815554858117
-1.00985493959145	0.626840644714084
-0.750920630985741	0.626071745331416
-0.286780569329101	0.0980205838031131
0.981172282856903	0.372017532625154
-0.0657555449186948	0.0452386688250877
0.0780108713341253	0.0570391152641247
0.094201648766896	0.0481332256991111
-0.166719500636297	0.0639437354788224
-0.644090623146052	0.468072495926841
-0.117696865173234	0.0990199853749519
-2.33589172630313	1.20281705215085
-0.28100536854856	0.0967870177370662
1.01433869596187	0.4321477841204
1.044769779431	0.769003415899604
-0.273045105584228	0.235346831039194
-0.68704958389276	0.748760469989841
-1.33319239183699	0.624792864981833
-0.118375011977808	0.0523076009606951
-0.397752962586629	0.333161593282048
-0.377312981757984	0.39203529306842
-0.285039912926019	0.21217645183956
-0.65813719984399	0.16358739594207
1.41386367877426	0.473155121604025
-1.34149498446623	0.621185886652253
-0.658213786449221	0.169205854171519
-1.33778358880877	0.625838636262737
0.0772051545324952	0.0757341615491669
-0.535267810361239	0.461578244399823
-0.780245506188676	0.277934862087594
-0.282526351498272	0.0969540381962041
0.61692723352674	0.190712979024442
0.0910613253789132	0.0392828309710464
1.21823046240672	0.662683622504812
-0.0853526583919176	0.0666124347176876
-0.258610918986008	0.321318596506177
0.309430382012814	0.311849255336264
-0.0430697566875504	0.0457084336656933
0.0162734320884225	0.0122220506993571
0.4827282623463	0.392978091865114
-0.393511596696489	0.462477675718074
0.0136858696523412	0.0142201793313661
-0.0745769328719292	0.0782211693111666
0.30793094000939	0.321348288466191
0.151775034005519	0.114448555708738
-0.563546953131576	0.434658091871472
-0.471463492795396	0.603069715535698
0.0880732014716776	0.0338742930393662
0.381351571795321	0.154170805239629
-0.664319242511555	0.329663463290644
0.0795712956678493	0.0264367475398471
-1.17508912165844	0.368145189989722
-0.658213786449221	0.169205854171519
0.137755951151155	0.0278992132091276
-0.377208135778687	0.419072213017581
0.181182103265312	0.225824459058782
-0.512489367608077	0.783217892639176
0.461892633867992	0.734451712944923
0.228337459756959	0.274571033688872
0.850996209072679	1.29800398382795
-1.5146330604375	1.34598170442783
-0.541007806079748	0.279992760908843
-0.204592209189106	0.0778365810720541
-0.460374802471338	0.265125519735976
0.848252842401163	0.700278346073094
0.145966544941293	0.109618955240997
0.00807746430129187	0.00515758582532352
0.235840889543316	0.170682519051586
-0.482091433247722	0.427787291594605
-0.313488766628967	0.270729994357559
0.0938545140658217	0.0352554095431644
-0.15717796138832	0.0648318937640375
-1.0098694373889	0.643841059526592
-0.755607008125083	0.840388425371543
-0.457725880266825	0.438299421818584
-1.03832860428932	1.04574694788566
0.923870743186796	0.235597751670541
0.926082716622951	0.689284339964737
-0.69065783452644	0.687339411055607
0.246655856534728	0.223178936345732
-0.757436069984462	0.800049178099635
1.26816091680392	0.574381438846744
1.27171699762171	0.577695266385675
0.46638197959005	0.171492856136262
-0.703593486526188	0.428425132847599
0.0866159352975191	0.0654141316227828
0.805057768079645	0.574643989316158
-0.398809556423235	0.120190602946701
-1.79771985651342	0.446675792418859
0.123976331196576	0.0321704885802751
-0.281765732179288	0.0974136923132923
0.462998245582766	0.167235364284125
-0.00299889689419935	0.00209110474291115
0.597458784473768	0.792837178008128
0.0176302396707756	0.0153445471957948
0.176027911968937	0.148066157658838
-0.0799585686583974	0.0616669377691618
0.0315946036770741	0.0204743402866202
-0.135098305418168	0.113855012739136
-0.461978788804517	0.311722952483658
-0.251309422123385	0.140415251434735
0.100914877238246	0.0587644478214381
-0.288295986382253	0.0943810519797889
0.0833766322870551	0.0285283370328973
-1.0867603664005	0.443197813012176
0.339022184935353	0.146240333142174
-0.658213786449221	0.169205854171519
-0.584904539996831	0.228483302615632
-1.03973009207678	0.531159476758536
-1.12039145921158	1.16096027263984
-0.69484499412449	0.681378490092187
-1.28591066140124	0.949802473026537
-0.0613666640290459	0.0312244233944651
-0.247933242625567	0.168495155852974
-0.399542656964845	0.300240033910165
-0.352724435918574	0.293483798104848
-0.223236508797151	0.193190046574639
-0.150204098046246	0.112073642367193
-0.217374568736191	0.155998810243474
-1.89772132710004	1.72960277564993
-0.248092845942171	0.133684963731773
-0.566877813894053	0.425650672358837
-1.23815596860492	1.62110531188359
-0.664174822109479	0.570188545157117
0.864334048716563	1.01037346761136
-0.545132685343783	0.502994132111404
-0.354057740588077	0.293272167512993
0.125024611039259	0.0819124334281549
-0.760532921248744	0.742073974498274
0.110690206275273	0.0694329142118222
0.429259242670943	0.384722793296293
-0.00604638419682898	0.00361557277041844
0.0293010124897734	0.0189499630508654
-0.0921723351590936	0.0625465853657836
-0.143319166178136	0.0923784525608572
0.337834906348284	0.149010425056619
0.363279777599331	0.260233644444616
0.796573512081357	0.553268727259798
-0.57274099629312	0.440573937405914
-0.302226937003825	0.153485140359684
-0.0877404035463674	0.0431148857399043
-1.3338858244493	0.626415376188355
0.408070764511432	0.259597062454335
-0.735889380757292	0.515278977003528
0.845574788079457	0.463024390677815
0.115112925431992	0.0699406350864541
0.484810522771073	0.268330521246301
0.728191376594728	0.423881779865849
-0.70791700853578	0.428041592821321
0.0833766322870551	0.0285283370328973
0.0973957984848767	0.0341247370463915
0.849438298801304	0.688356671438478
0.917450959998032	0.245901902240519
0.0895935292708857	0.0343424139443339
1.71447416480646	1.29786067348807
-0.606150210987935	0.401733448263376
1.90295207581531	1.15260745407951
-2.16899442474142	1.64763857265006
-0.1598462829655	0.0665737363206495
-0.828631306779161	0.381838959581457
-0.448675606011994	0.195224226309949
-0.572432174657994	0.441896225494764
0.106864611217353	0.0585392782898455
-0.305243429691725	0.236805913725816
-0.295026948836335	0.212178188543957
-1.00925486478906	1.2079191746501
-1.00335080857048	1.06856287167129
0.515484891675519	0.497273154775913
-0.443306418052324	0.570057747025113
-0.58416041792145	0.920721395678036
-0.112239568323996	0.111390675396495
-0.653038146153948	0.784914023572522
-0.41489269308035	0.349498827571023
-0.416004514142565	0.561165912955481
0.640000022867295	1.0435275860319
-0.0104603335812227	0.0104776958116954
-0.263553957990732	0.332218169628113
-0.323321599324986	0.337287415938807
-0.498125495703727	0.642874870129751
-0.353113329378506	0.375807713710923
-0.463195897310698	0.690494644286616
0.544389056177957	0.76457769660876
-1.19228353224656	2.07111568138444
-0.224440458702971	0.193857011433573
-0.823436084513518	0.975316928507512
0.936665875718488	1.18441947956505
-0.813730566989454	1.01776792864677
-0.957797996878541	1.75307802418147
-0.70006525472533	0.884634390270276
0.143992058682268	0.14946727764141
-0.0671535928649138	0.0579842736080586
-0.250210865441415	0.235462585568894
-0.452052772698845	0.508725692182128
-2.2038546903717	3.67693602150243
-0.19579443895942	0.151677846502197
-0.501620715212628	0.630740290752741
-0.182099255696332	0.131908278253336
0.0723271648801354	0.0554529072479895
-0.50319479317662	0.470781417860146
-0.522406272115157	0.513230033414008
-0.665980484680732	0.847495842026954
-0.323515763665681	0.306991660962138
-0.0617928884242612	0.0518743777944965
-0.15189346248277	0.126527678068248
-0.836797470705039	0.867437061905
0.633727808843154	0.721769764930265
0.627953179097948	0.526286391076107
-0.291297765059079	0.146363257349232
0.108097523608052	0.0679876526084936
-0.346615201299408	0.336898931659146
-0.176760503732276	0.144732099116295
0.136408042530887	0.0960250671733504
0.514812005267957	0.394279106485608
0.42870304396478	0.387505341982684
-0.0148463574043206	0.00848119341464229
-0.212479113029181	0.153197881387145
0.128276746453783	0.0884418296478316
-0.149805482103436	0.108578438865726
0.0402186229255794	0.0274344423494692
-0.0933260480065021	0.0577230779149058
-0.316501332927552	0.265130116889689
-0.134574257406009	0.110839137123197
-1.03775800770624	1.03226114139315
0.390425292550301	0.266557521555014
-0.965035080022446	0.837667517077912
-0.291432978048851	0.189348217995536
-1.1010192045132	0.882359849611883
-1.55084235591383	0.836173915402875
-0.715107404441318	0.429724711539322
-0.45829072625408	0.195787386826525
0.0934366526034731	0.0477323353603485
-1.09646583805402	0.436622876204058
0.621299130100455	0.19765529034279
-2.12967934466104	1.01602033000555
-0.119509626919869	0.0520650137978431
-0.270142066959333	0.211495895661101
0.021242396605327	0.0161615594532573
-0.210195632599562	0.121821196186429
0.0987072289993318	0.0460216597464104
0.544092092698337	0.37427396315512
-0.422662802841684	0.356596788219562
0.76916438787853	0.880034980180204
-0.258362931047133	0.24229728435676
-0.248840506040255	0.251929504927297
0.0403421926959966	0.0316146773831276
-0.925410424890854	0.92941331789776
-0.344243685719625	0.339053876972823
-0.347685662249494	0.314830414112561
-0.104232012562019	0.0792737056010822
-0.647523683003205	0.762709671251841
0.0974913084428036	0.0803531167792405
-0.210315758125578	0.175269931327962
0.627620353984981	0.636835284502111
0.242273777343906	0.204097059447853
-0.255565883574677	0.178546812779746
-0.0515143946782844	0.0393949189148985
-0.309771110737345	0.243154707347198
0.958407237521564	1.12905188273751
-0.886283826716764	1.10122203967445
-0.0678056052541946	0.0448744771622945
-0.0607315725302988	0.0410502853896396
-0.0278964430786302	0.0157862683681078
-1.41343894550196	1.40315816612579
0.917658207738293	1.08612407954897
-0.1108334741049	0.0730710440785198
-0.0298929155829	0.0210486552638974
0.32881535414925	0.281909355723545
-0.52969378162745	0.471153732056972
0.133715882191533	0.0972953302540753
-0.454876966531307	0.485764656115027
0.748303285404139	0.774310351437318
-0.146990471994744	0.0928006466318453
0.258259119382441	0.145572944379718
-0.751422630984613	0.571939146945064
-0.333050354510121	0.213743063960789
0.411068688314286	0.384938505379743
0.484877466556487	0.385890362560211
0.0978170497070772	0.0490767958600973
0.85267230040217	0.434321043507877
-0.1598462829655	0.0665737363206495
-0.11242155949726	0.0506024317214938
0.334604582986082	0.148801100795643
1.00826011966175	0.503239495375577
-0.1559001372362	0.0652725260241526
-0.656932865086067	0.319281876283878
-0.159679790194258	0.0658031318788505
-0.173991308749698	0.103775011830798
0.626505511600716	0.621782502005551
-0.0278861969471786	0.0160380305132254
-0.310428259887944	0.235834588686975
-0.274587399848826	0.237856171011411
-0.206940991387791	0.144477304738289
-1.10761411425168	0.914040860385935
-0.45394309894582	0.412386261803332
1.03774682620051	1.50024244812578
-0.176469400030958	0.159353498435413
-0.959435609306204	1.14475094167759
-0.345546839679282	0.28610593929739
-0.474899806348257	0.659288823418987
-0.257674524039939	0.304771540961693
-0.509135847900072	0.657916398022555
-0.146213029420358	0.144851050624979
-0.242376763399606	0.319863589706915
0.0162721753793563	0.0146333473047602
-0.318136105547419	0.418188571908515
-0.530037704428901	0.870500239473708
-0.419663084372072	0.546364406426095
-0.181829438903664	0.156198049825082
-0.25240276533767	0.247139654723252
-0.329824489755495	0.389678094574046
-0.0595340194038789	0.056011272774233
0.0644078659562759	0.0573129578260236
0.148303402011339	0.109868606630916
0.594952510024994	0.484005504459146
0.990960865796279	1.01239555611918
-0.0918531054991157	0.0695233536271255
0.390971754851442	0.3947945861361
0.190459985311707	0.191434094473447
-0.0222060114414388	0.021248861362664
0.892880160791204	1.11369330480976
0.0358527309272592	0.028274040156562
-0.462173738951735	0.485256143417088
-0.553349837500615	0.699577654455744
0.245535879839691	0.228479619292172
1.09070940711667	1.73214938580401
-0.110666355177449	0.0978374120631031
-0.188455430032393	0.132748191939524
-1.11278338310391	0.88078516622984
-0.434407114978326	0.393485811986721
0.326587395313012	0.260112025593559
-0.0330932701656358	0.0225614726336482
-0.423896173754961	0.515227926683141
0.174433688299659	0.191462257007102
-1.40634552527214	1.8511042639473
-0.217439589430379	0.148676270310783
0.00318476059885779	0.0017480294846956
-0.693903266727002	0.676494249770185
-1.49780783067025	1.54358767286675
0.349515927680347	0.276739976749669
-0.539374231303371	0.635276236391853
-0.521156452467543	0.598045322817826
-0.211576268377956	0.200443825005332
0.069936300725354	0.0653168392579816
0.931684865928885	0.961624824083969
-0.381599648926226	0.345777798662838
0.151207977822856	0.115693564473248
0.789376866123842	1.03598174506726
-0.0784924884585983	0.0670938122939122
0.415601286772349	0.391349834364541
0.124729268642563	0.118506798989608
-0.653869336379168	0.735762264474739
-0.457743400069335	0.320839052101433
0.23140353922288	0.205261139903297
0.132187995559425	0.0952113994287688
-0.452658288050732	0.321782377994834
-0.859762338464371	0.565622874322632
1.17869306585253	0.964420138569278
0.896080352627403	0.579600909897343
-0.150496946478202	0.0625505409845543
-0.654688945404038	0.304798161924875
0.80202486853763	1.26045348206557
0.714615304679382	1.02164249771331
-0.154280261878329	0.118922592198971
-0.857531123897601	0.673993944741389
0.103012202582586	0.0521964472967671
0.140048588913404	0.101500737857832
-0.133803820188413	0.101357503522979
0.0517586068336398	0.043453674023065
-0.577247899127772	0.97981427563627
-0.212869687769356	0.238175830191155
-0.623117122230137	1.09940995928847
-0.269179003514871	0.342474500436488
-0.765281039153913	0.768004793674151
-0.981075884002731	1.34915080019203
-0.368018281749299	0.55181983729667
-0.328967805307372	0.365671900559911
-0.442913753866184	0.442994229803295
0.812570432811652	1.19544234847395
-0.228316840785952	0.253724141596735
-0.200213976856194	0.174886282540912
0.452368950413233	0.579047979835824
0.137338086774624	0.137105792001759
0.18260019437087	0.162579718068335
-0.82694661908461	0.958243426620558
0.366430171761819	0.385990467689156
-0.463094050458596	0.438408115114411
0.899159506639419	1.21497766752635
0.113446688836531	0.104078871568335
0.0211811951841185	0.0189720588973029
1.05686676937714	1.37664073145505
-0.182381455622091	0.127921423814508
-0.0957169586527021	0.0910398107283054
0.386677519694887	0.389821993752757
0.00623290221733208	0.00514593123100504
-0.410310129150643	0.536054149337688
-0.483322928763662	0.689495352768111
-0.577379418178576	0.734221423789423
-0.31535859254698	0.289954225360028
-0.148284693986544	0.131599612467132
-0.00626378309609461	0.00428957893028668
0.230860813032876	0.197279262731485
-0.482289396673473	0.490872668577354
-0.000512337787649293	0.000340799006430521
0.1735833707972	0.162197039592569
0.541534372766559	0.690475401158469
0.236317332733565	0.164995320403878
-0.132455906935917	0.0817854509773452
-0.507096085673208	0.401318293793152
1.00236537879802	0.478433997926789
-1.5617523438299	0.577189828073677
-0.0808379279832781	0.0388912776416323
1.19032950809555	0.790283031047856
-1.00772393078796	0.633720824013153
-1.87324212694941	0.766256810581392
-0.204567426164636	0.121249313654854
-0.303756831047721	0.226982252320589
0.238923784541736	0.174056175069278
-0.657955442385169	0.512072638258472
0.242795225225577	0.189432073635325
-0.540972579221805	0.591846950227704
-0.958502783148771	1.46501837824168
1.15800843499786	1.75279168287226
-0.346562294366114	0.319598809801938
-0.232725719015085	0.185316566519918
0.122620714262558	0.0848784974739182
-0.581808051220463	0.23581956607277
-0.156667628725133	0.0653539445676703
-0.394401683291924	0.117397243044943
1.0109425470607	0.448049258277914
0.745194218081305	0.658370015223559
-0.216440191586942	0.0787057413932176
0.0870346463908968	0.0368247930905864
-0.766938837794944	1.15210207752887
-0.372934407858153	0.411759663702683
-0.251807618757238	0.173397160601599
-0.457513691398055	0.503506686545681
0.719386404484203	1.02527449469376
0.00950475247959824	0.0101376885930584
0.49289893443445	0.731104943566323
-0.115611772208604	0.139038701315806
-0.42032213890832	0.512863135687443
-1.21449511927298	1.03891394272864
-1.06242620305321	1.59440450652268
0.00827681861041919	0.00788778798327885
-1.17326497973466	2.16707105387245
-0.48375005096462	0.611683635019914
-0.539831563526019	0.816516284238265
0.168446120458434	0.15269725292347
-0.401129911942555	0.404456032859747
-0.384872879600938	0.311288154564658
0.112277317764914	0.103276304513893
-0.0487394401355233	0.0326930293218976
0.0661893586254729	0.0604887859017663
-0.117927332488568	0.106312911955989
-0.768106731875933	0.946004005190841
-0.593212318801108	0.631254709949858
-0.340059000451426	0.300604990441017
-0.285048432275339	0.310341572477804
-0.152472529355326	0.139504139538223
0.22695669320816	0.198447443256095
-0.388076081676385	0.351774626082863
-0.179608249710645	0.161922356980022
-0.285728092524898	0.272550310869966
0.326541902568478	0.279637676899087
-0.0334398077083488	0.0260534348901387
-0.000357162577988562	0.00023974131870544
0.0701139914737072	0.0522482082522943
0.0332625923549597	0.0256158231728105
-0.54353939816383	0.503848871556277
0.763306338599463	0.876622724691839
-1.28450829234339	0.981996621757425
-0.138574504074265	0.0871464169508275
0.0933862250107659	0.0476841960581245
0.0895878844941303	0.0343501620173928
-0.285275586931952	0.0958290123214358
0.491244300917439	0.277244738562424
-0.0923401802340668	0.0440633359213395
-0.459984626153333	0.274169246887854
-0.062907951923928	0.0321598130431933
1.00631010792762	1.08446606484019
0.543858066641223	0.383069169461427
0.695733176550267	0.946959612697309
0.507714704906101	0.463399349749671
0.395790283661084	0.392203693870282
-0.416457145574574	0.425773448283831
0.134022250837969	0.0933822293985504
-0.866179273893148	1.09871434158371
-0.0625661162485611	0.0479301334779123
0.0819738573293367	0.0300069757625887
0.339146758505969	0.153380923211097
-0.394922625663971	0.286044346799892
-1.7757956606942	1.39791491189207
-1.08732491004469	0.445497671761072
-0.0409969130738924	0.0222342821325049
-0.182157152313887	0.1592582002451
-0.178677200146191	0.159691540038663
-0.0595884148361059	0.0451657903575348
-0.732678172870955	0.500865403521169
-0.97381752361349	0.812789693349085
0.144138224827167	0.112466483926562
-0.394093948465274	0.428708765170536
-0.47244677754206	0.716911553954466
-0.257730706694665	0.285391453740453
-0.0134300064981025	0.0135034663369581
0.241546151989373	0.241015681002418
-0.533420014593153	0.576877021082896
-0.233234296162937	0.222864320179409
-0.181118065659877	0.162184199600749
0.00744679045031814	0.00558239644894845
-0.304541613827603	0.325385543659287
-0.0883045757729942	0.059842512854332
0.444649502241194	0.502216406493314
0.498487734826959	0.468039083188393
-0.550168993274281	0.726478834230492
0.0994636922025779	0.0856295436905134
0.0575188386082168	0.0415211598711768
-0.813589246123578	1.18316330594161
-0.813972767085988	1.17115317740083
-0.63610080506161	0.668094967656005
-0.229012273054063	0.180473546928729
0.513279292177369	0.491623933640704
0.365325848332633	0.388450877746367
-0.336358754424527	0.384001555748288
-0.250517551624437	0.252821062254413
-0.853631026404281	0.80208288185131
-0.640573078033326	0.489794584458849
0.488947080013995	0.386800090466031
-0.180210825747994	0.106439050883052
-0.151862655619261	0.0636538604805551
-0.544390510497947	0.288368714643749
-0.157100599638396	0.0637075100548226
-0.0415541432460713	0.0228264520360663
0.277558003892636	0.146333501150134
-0.855318125172536	0.450344372125795
0.653726861705033	0.422204544711183
0.00816933050439739	0.00514540538029583
0.258923821258068	0.15302364152795
-0.261741038373728	0.243385461039048
0.242161046387762	0.206875013363457
0.586838256765918	0.610021820675879
-0.619419260262187	0.73898805764768
-0.619654640684386	0.609901663769167
0.015411690499392	0.0116057400241224
-0.10365565543048	0.079234697064502
0.392526343733872	0.378098691559137
0.497890187339909	0.496072345251489
-0.160777747707732	0.0650937972068826
-1.09171712387372	0.451816650294612
-0.840964851382575	0.459422201615291
-1.5289992935663	1.09069950518663
-0.285260753813349	0.0973870046642128
-0.0774184071772558	0.0356872628916481
-0.757877299875234	0.794223551009404
-0.813269342916894	1.05732395160928
-0.392214755492674	0.327573302732065
-0.0330239147465767	0.0228231915009263
-0.302814571964015	0.229978587771768
0.351090909585426	0.394917031503046
0.0219269796704003	0.0220508254300398
-0.707714868487184	1.19372227709136
-0.286560354088028	0.40688580007639
-0.210925036490603	0.215574262616065
-0.245490284774731	0.208413039990958
-0.31445360045847	0.235567687421434
-0.157808299413356	0.136717116850897
-0.0485462084768398	0.0468131700183272
-0.43666543501839	0.663894803358171
-0.201698920108461	0.210445853562087
-0.152385183130434	0.148048328327128
-0.233971116494337	0.214950809231649
-0.431986784465255	0.475228485004134
-0.18770611638772	0.168245117853439
-0.288828263503034	0.316046860211161
-0.338117377031781	0.426229623924922
-0.27142832182538	0.286305358921568
-0.495437975268301	0.535337912309242
-0.656639792194419	0.93806706458959
-1.27042794924505	1.52357363489918
0.497499049655077	0.576240088562758
0.00886075383156635	0.00557020518695675
0.226562261430511	0.21602023328409
-0.365859193818218	0.358931395079352
-0.273472226977008	0.21678085075935
-0.305978653307641	0.152300347713186
0.25635661735374	0.159153622575047
1.71956218813165	1.28512337823969
0.285016501579845	0.153504058788292
-0.209347175679165	0.12282642702747
-0.208463491210572	0.0797823684807007
-0.646981461811181	0.469556452293674
0.159135441924166	0.121616946807845
1.3069927023951	1.14806175786628
0.4250492088929	0.385922155109691
0.0998453221813406	0.0754165312001816
0.0245884865148004	0.0155138470955921
-1.13800194994005	1.59622303632593
-0.0947106970124949	0.0717378037243928
-0.426144691897339	0.453399356771336
0.39764420227915	0.367054078356924
-0.11015537721838	0.082151226510181
0.539630865955916	0.478929702676705
-0.405052601966507	0.297650392580212
0.742726529076084	0.674579441825
-0.375953855321282	0.353940923955128
-0.402058646931044	0.334734125995902
-0.347839392071304	0.258929035050858
-1.04924566507157	1.2905613615697
-0.440295840383564	0.537104421351687
0.124686262096064	0.11820685193959
-0.234827460422377	0.216486082284584
-0.274845621770496	0.218063657736028
-0.252318765905311	0.280568761619095
-0.244237702948136	0.297092859079232
-0.126852204914124	0.141653596591983
0.482518746710636	0.73899816287322
0.174420449377591	0.193085924164517
-0.0706996345530899	0.068575915644471
-0.182033505196404	0.176341215738175
-0.0166635302253062	0.0135935739538509
-0.571258755380525	0.753872336670801
-0.262362655076688	0.334930023241159
-0.126566020318899	0.127013296687818
-0.169592053178516	0.181294382725235
-0.487884702762942	0.711925583215228
-0.472184895589946	0.654941843239959
0.0451373634953951	0.0433410162327984
0.0835904520016783	0.0845150225082404
-0.692159258493899	1.07028448341187
-0.412399142177342	0.576455663758456
-0.265411090904372	0.26885866905251
-0.256256105591595	0.296159066517419
-0.311072864337343	0.355226125232965
-0.000259946600090597	0.000348082879790416
-0.422509967021622	0.457885199014619
-0.044274389494143	0.0388967944513438
-0.100266299762295	0.0914439956291398
0.229005556354076	0.189413745763362
-1.01323941650858	1.25504119196745
0.95635287490711	1.11769175530723
0.672262002888751	0.549598166911435
0.676779123232864	0.534795510008843
-0.313578991360879	0.291580094830802
0.0286243554729584	0.0223401090330794
-0.873868624139745	1.12564506828386
0.39314564634503	0.379709421672977
0.111448861556656	0.091502609783283
-0.183862614974845	0.16093663612727
0.486305307796987	0.492185892683592
-0.266698017658913	0.210207338615756
1.09106574514826	1.2123943215471
0.59826373149451	0.515521976232162
0.0251684808408581	0.0164178736841423
1.47738775241946	1.69236601084927
-1.54704209969799	0.810155554806535
-0.304751008152537	0.151495531006519
-0.852679331477688	0.570067751131521
0.327966292513894	0.393615964298183
-0.0252997268671392	0.0228888699152989
-0.501332256668849	0.552012370025623
-0.630778180153141	0.636039406575914
-0.0563478845263197	0.0427911632956008
-0.376764520847084	0.473370189436902
0.098628822138912	0.10585022467036
-0.118418256496098	0.137773929691622
-0.479960114272704	0.825833679640551
-0.0665972744854148	0.0749841861440179
-0.31674310704138	0.27198723575251
-0.526348825261831	0.529195356455507
0.581188414019279	0.784974478025825
0.0324412536954817	0.0365707185682512
-0.759916108305168	1.20742993920213
-0.273510224786248	0.382078475751822
-0.300419547952406	0.372088278463668
-0.268757408112901	0.35165974646207
0.00364030966584096	0.00329652421821868
-0.143386171567	0.139159270461682
-0.236303355152579	0.301814820974149
0.0288330926327846	0.0265431611257649
-0.0621225753702994	0.0543815882471389
-0.554940870780332	0.627338352157149
-0.802252135664535	1.09529323351556
-0.634014498033811	1.10692236048278
-0.580956436314808	0.563537115753342
-0.252340495103267	0.246547084202758
-0.279871280628169	0.271221555415411
-0.0977088466883442	0.0902826953225062
-0.274992063610353	0.278073875641559
-0.559528680361381	0.642536998839708
-0.520224362148321	0.594961241455087
-0.478401308620323	0.432981065144356
0.325271849953997	0.40643754256042
-0.0272635179055799	0.0213955807827803
-0.168091203883955	0.151237541124968
0.282008785784895	0.293959405628561
-0.447411214142112	0.467140332089051
-0.0534208832248809	0.035320231213236
-0.780245506188676	0.277934862087594
0.224098336772797	0.167944743263898
0.103472430977428	0.0609585526784846
-0.0529257967401794	0.0369012518755464
0.242269417736265	0.230044947272965
-0.195837195186748	0.187476500305331
0.0541703918437762	0.0463370919172324
0.681954156919555	0.84036695003067
-0.691043679789293	0.764986765653162
0.232574852335117	0.225487821729894
-0.0464757554211072	0.0323940376733658
0.905610405764088	1.05497773591634
0.0139538727553832	0.00856984570603465
0.136294472070613	0.0968817787447901
-0.752754153988072	0.822971066153916
-0.185795464234203	0.134026551192325
-0.158319049096127	0.167484388056248
-0.0594299840019209	0.0571707268744934
-0.354124315580142	0.438064041766115
0.148609192228363	0.181911019169179
-0.0982150022430263	0.107364061756493
-0.207499357510759	0.233402186598585
-0.3244282752339	0.383222630997593
0.187016531234184	0.219065338416937
-0.41086540087968	0.551665669161288
-0.386210532749911	0.552530179930449
0.0421219116760692	0.0447845350137315
-0.258794301485722	0.304686871359902
-0.973765257299469	1.6223978406447
-0.571343688949337	0.552196716302123
-1.32917249479801	2.80939249854747
-1.51218678810562	3.84729954796443
0.175924108779412	0.188998909826963
0.0564361530099672	0.0596323183960602
-0.190197470718949	0.231516703659333
-0.515609816732088	0.924279133224367
-0.608997334867235	0.968065252297371
-0.474097106923304	0.721207675485363
-0.20304067508456	0.165355927479878
-0.378405808330392	0.373664830747106
-0.289501945243951	0.273929422231742
-0.0226717208450284	0.0208262795148495
-0.659281954270378	1.03709842259928
-0.866463080692817	1.65705779455091
-0.375310958632729	0.390397977934806
-0.218241577244615	0.156668541708509
-0.135562180110087	0.0985117939597353
0.320500292162396	0.284732827782739
-0.169777451745802	0.103757040663069
-0.355310776492353	0.289202022610141
0.705221744461593	0.756206114340011
-0.109896072544492	0.100507171006118
0.231974883109616	0.242651583609463
-0.918814611064982	1.28849486815848
0.444061322091087	0.48924935836303
0.114458426397082	0.0741676015042241
0.106596408049248	0.0614433964219896
-0.281476430904147	0.245606874656606
0.105099644132754	0.0903177576067167
0.2360148948743	0.205573738675965
-0.42151896619296	0.407995331802939
-0.00895565139758577	0.00645464150771387
-0.125314962620123	0.115949148736466
0.635507401906461	0.63372503016331
-0.861197247693008	0.674825484411687
0.448677536188746	0.274632620538535
0.784737806161618	0.801930816929436
0.715258650106324	0.491953582081307
0.466622817177808	0.373280595705556
-0.210513150515366	0.119525465145952
0.412587491416392	0.396327730374157
-0.458094475600741	0.267999226110095
0.186802257734417	0.201925716500354
-0.848946926480944	1.40261635955461
-0.154973804237987	0.115309918523174
-0.20626071413235	0.123089250532236
-0.0746232325107431	0.0579921829948742
-0.13607954407693	0.109724578947689
0.0832627325558992	0.0810068811975379
0.1793777454933	0.205240473710073
-0.321596415307561	0.355465021213155
-0.085454274227839	0.0794709963620883
-0.127290381760831	0.147851038368509
0.148952440014888	0.12106854758312
0.502777080297178	0.626063464847717
-0.202840078424083	0.196267286713442
-0.290129052901717	0.374734499157645
-0.366929914217714	0.402609151503768
-0.428491455907689	0.486935946877178
-0.125828368664652	0.113532050230774
0.230891532293054	0.273420912252378
0.501211314545402	0.746599246511811
-0.393916036853474	0.529986343741575
-0.919764429545751	1.46231113057426
-0.397799643273882	0.441616690286786
-0.0489415619277306	0.0413728900413015
-0.179676437648157	0.181893244389796
1.09955653141079	1.22015853834059
-0.304592546700578	0.368757418390978
0.209154559564312	0.209451962864814
-0.480197709019365	0.649914503880764
-0.317380410670446	0.312145450879804
-0.318448672624457	0.321208425615164
-0.568375619163851	0.576319161189019
-1.58126582662068	1.75076897909604
0.00257134034697365	0.00136442263197807
0.072399905487785	0.0556562725210483
-0.219013898759266	0.157353087139909
0.168239353134601	0.174670951283102
-0.514759980658144	0.627991077475442
-0.123464281955624	0.0934146243080083
-0.129295917065558	0.0974147933219325
-0.395583892255073	0.242939288136007
-0.0705421468247534	0.0462344989520951
0.073252082586024	0.0553783072473906
-0.599482013717568	0.382099410438925
-0.281765732179288	0.0974136923132923
-0.500561027549867	0.455169763692709
-0.357700934229336	0.32009953251694
0.0109230012687904	0.00686537802886917
-0.24695963834043	0.241007944899482
0.0673671573234297	0.0502820159930332
-0.471188594956985	0.483112592746234
-0.231970778381162	0.184626847977977
1.11955084863656	1.44496464105588
0.238479813226287	0.177627327224145
0.359925685560655	0.271049000891505
-0.232840889558252	0.196393275273768
-0.269503478793727	0.212433743499791
-0.886917551001831	1.51706456924313
-0.267547670618917	0.288547200165376
0.0746702548794183	0.0684703259846332
-0.596953547857872	0.973726410460902
-0.371313416776046	0.448888576589468
-1.13981425001515	2.11328281133892
-1.02177566819471	2.17151598362166
-0.170560556254009	0.177321886315619
-0.73797161245735	1.26101788898878
-0.141970181911212	0.123764966990245
0.932363828108873	1.29907909816366
-0.312369591601095	0.372916106512845
-0.68065019449903	1.18865161752693
-0.203619857174254	0.220617319177029
-0.583683843206139	0.840231704478846
-0.423081715279651	0.496638677525943
0.87338112567795	1.43256171129777
0.558118863332012	0.591466100785891
-0.639151568832707	0.929639556332119
-0.238439362527484	0.299145813776927
-0.321578280009739	0.405764946247856
-0.0315226575738479	0.0280044421366061
-0.0524063639018968	0.0512535270169659
-0.029581032559028	0.0294689724109391
-0.423044467206132	0.567694828588758
-0.708052898366054	0.927478626645283
-1.26091867774456	1.38687602356786
-0.843866617761993	0.881893743179227
-0.867642941258017	1.17391259716768
-0.208488303574989	0.168492420771823
-0.664578890553359	0.563183515485447
-0.490342658860203	0.601944766079455
-0.354114013795793	0.463344894755991
-0.211915332222498	0.230818401703344
-0.395207497236929	0.332512224161396
-0.687133447152115	0.672592069253583
0.103166631969745	0.0574944932767502
-0.246420822430033	0.174135353077533
-0.170649966551682	0.106266822476781
-0.866670739293462	1.08597197753198
-0.596466106188657	0.670844886670298
-0.0309991582491633	0.0243068179732311
-0.162357180142086	0.145409139090105
-0.352681233598312	0.299262874329164
0.0376531833580385	0.0296603315893416
-0.704869693630074	0.841284895329903
0.0979717515328875	0.0831441992474704
-0.0417394498022532	0.0285240105416974
-0.202653262383476	0.179492716010715
0.132649592838782	0.0924595078569816
0.58084575160809	0.716189814816818
-0.875048438466854	1.09295577924012
-0.354683731914655	0.404166497739965
-0.567671922087181	0.568485247572865
-2.02978907850559	2.42674788404745
0.483752262700728	0.661602328890435
0.325868975598922	0.29149769023016
-0.0885864995155726	0.0654059325219251
-0.162252005829709	0.236740019890704
0.185238232709909	0.206542420823747
-0.21414299085126	0.252628479531926
0.302544710183111	0.309246661582739
-0.190148912665749	0.262231179785273
-0.318550092080854	0.664554822965728
-0.205076049877626	0.356721116554361
0.284639487702255	0.447760059995365
-0.162604975440145	0.227129684519077
-0.534709662936798	0.845144449359856
-0.0203776235568366	0.0119044330406691
0.0909643209252637	0.0340606237177862
0.652356825473349	0.418321727191558
0.483020448356494	0.488576217661258
0.0995223345886736	0.152614488637096
-0.0723068842196136	0.0813926574249402
0.0257369659753769	0.0266303090534083
0.25773135622398	0.14993991318311
-2.34029733087391	1.24572126915907
-0.546231749599602	0.302168228497973
-0.656661231068139	1.03008735037496
-0.43233339606115	0.655295948424247
0.0206963150430966	0.0136402360320131
-0.578562985629305	0.566731606379595
-0.079772845355835	0.0637211799200359
-0.568832833625734	0.818955932776663
-1.08444035854857	0.447981904928777
-0.285061867443733	0.19288491412689
-0.219290848456819	0.337612638125983
-0.135511658822455	0.156303661827846
-0.391170722573965	0.1160160294706
0.468605792003962	0.167251262805583
-0.393658686964282	0.116150392877874
0.0961002707731075	0.0401270742389987
1.26739713079873	0.554604139276196
-0.957556454337506	0.852624509316682
0.0901031233961909	0.0424560893324133
-0.143935652401476	0.163377427849591
-0.131986178174075	0.179208403949693
0.0793751281592142	0.0624326436254253
0.126810541863313	0.123797227272878
-1.13459363571196	1.75574274278871
0.0538576144158231	0.0458916016599118
-0.426425129573933	0.651208028647513
-0.229312654401804	0.331924752377564
0.462138363886027	0.655224848764781
-0.283770102627786	0.479664059840711
0.200640591783556	0.254400417219316
0.0713486026652247	0.0634484171693904
-0.229864600464755	0.22996561956312
-0.960482577737307	1.7535966845137
-0.934316896970792	0.954164345794163
0.758464122123968	0.316701116016018
-0.767496983174389	0.821270505819472
0.614428036976078	0.193840908662857
0.630734981231192	0.298378667440295
0.918275442591791	0.247308948421495
0.124793148559194	0.0316859887487473
0.46638197959005	0.171492856136262
1.26809787014165	0.553736624957976
0.437342058692571	0.261456465302071
-0.0553394446265166	0.0470572609218819
-0.0430807407182691	0.0293315024266565
0.0590637201841279	0.0419786510131393
0.220222032767388	0.247685590352435
0.114011088258953	0.100688821419478
-0.415026776101696	0.584646966065175
-0.562951758698277	0.921626783539951
-0.111072389949897	0.136574609842718
-0.653555509028238	1.09546569302497
-0.400448523829608	0.584809803177618
-0.27391526548502	0.334321902587039
-0.278592116227553	0.252124592931007
0.0428505433186261	0.029483585381678
-0.828613045835737	0.805380978225187
-0.496153503771581	0.599518893764431
-0.17513692873446	0.249632925166923
-0.414495989650888	0.624155715389983
-0.337312422512076	0.494687544122857
0.30499001349282	0.294265192320756
0.441568582175916	0.265143011242095
-0.391417436444172	0.24158939154068
0.231778192867353	0.263401261704078
-0.245963142143891	0.319595026414248
-0.342724865181051	0.33032632844765
-0.0103686172825604	0.00958127089100434
-0.123719398936183	0.0998598919103654
-0.546817015658637	0.292954162683333
-1.15065688247145	0.817488965944625
-0.963911832872001	0.843000442313208
-0.155902709075242	0.128419644753016
-0.148329100766536	0.16862306259725
-2.03383060173105	1.39888211005385
-1.2142174324473	1.03589126036308
0.344566693324212	0.269533430261048
-0.613746441936835	1.13330201305429
0.120046380914639	0.117009072704515
-0.150192971807968	0.106652003379485
-0.56693910555932	0.438528119216204
0.277918276600284	0.150736396435558
0.335808139514256	0.148495890413776
0.894338538952035	0.582740450197756
-0.742694722024101	0.528119976824538
-1.23077878492345	1.66100946882677
0.951717157221713	1.23042934644318
-0.139923064399129	0.134577173792015
-0.226357317317669	0.243987551966212
-0.0749076524775592	0.0574776740536027
-0.470376621211991	0.478063582370165
0.310821315419055	0.308324630092863
-0.606003856119959	0.848136099678278
-0.104863183675222	0.0874247961363666
-0.658581328355124	0.794796123650524
0.00834957670136091	0.00736211559135299
-0.130006912355272	0.106310054925823
-0.181795720652609	0.175741423935147
-0.683913160062995	0.882562581848053
0.180425767747748	0.174008903350975
-0.0823180009602059	0.0714742566198043
-0.111081106180672	0.103727073906093
-0.11015537721838	0.082151226510181
0.410518120899964	0.266865366869215
0.576110728785301	0.785694224284493
0.248872765800174	0.151195657051647
0.249434880501979	0.151783833464207
1.41584719112369	1.36297181419883
0.33809534276887	0.150429740716541
0.086235261090638	0.0330097937472267
1.5611801680234	1.05145872702782
0.302050238623172	0.147917764462783
0.101466755058942	0.0558610257220748
-0.0170583956775897	0.00993020029559628
-0.00874135009964478	0.00713071277112725
0.639794374579723	0.830325567013257
0.377446592115676	0.38507004409404
-0.453888371858505	0.201097824917303
-0.393621163963244	0.119864422038082
-0.448001925237025	0.635873092469837
-0.150876783976356	0.16687601511792
-0.292651816865746	0.392953746711376
0.18039968224043	0.222115888204918
-0.450268475125578	0.615802173235959
-0.323668671351687	0.376769173943577
0.0334167770900835	0.0317374588489577
0.526211547424992	0.916838333594129
-0.307698772299493	0.527708023604842
-0.33726849520395	0.608941270370963
-0.356384977014241	0.509674760325846
-0.556122142725958	0.938707356092706
0.162050302564018	0.224089623961815
-0.122592386338946	0.0921278590775423
-0.562475691607173	0.55151188484337
-0.357025808534186	0.310757166764924
-0.459358954706462	0.42962367486789
-0.247798773164621	0.414784910459999
-0.0956667204393915	0.105517444195104
-0.495487510141937	0.802480708581738
-0.206528599739622	0.167782392857189
-0.595401685198531	0.517647503580852
-0.131681092174826	0.115094039168302
-0.406803377939594	0.684355059941277
-0.0502019232391973	0.0553045915627627
-0.294377346239654	0.298329326141616
-0.176182038030911	0.169925649926419
0.390662950141602	0.476324312568236
-1.04700958203004	1.2602350789532
-1.66203341888702	1.31514828159637
-0.195311029559358	0.152765623032273
-0.248106646736212	0.387882508430133
0.278802697295018	0.317373237353004
0.119162075495015	0.079710204208595
-0.209682826040443	0.0794901611504617
1.04580014428124	0.771036373194346
0.0947164295884051	0.030972341327047
-1.40840664805334	1.14930656005676
-0.296191023442624	0.154132435933985
-0.150204098046246	0.112073642367193
-0.494440259211134	0.385145210807196
-0.0386867759315874	0.0372558107721252
-0.10207429603994	0.10880408137882
-0.259829273431464	0.27448258143782
0.0716070814755549	0.0674984628056706
0.128235352026475	0.12570152064002
0.294233405267612	0.381965280426494
0.0956606413314687	0.0776718537643732
-0.110001551867762	0.10032671290956
-0.277359141907029	0.322529210517797
-0.0307014689527599	0.0260496907591812
-0.0130370277708561	0.0105572767573525
-0.0849974850741648	0.0951854615180717
-0.39112835491122	0.50893990458044
0.0258678202393441	0.0236549490903918
-0.2235568296477	0.224076366773894
-0.502956249069665	0.804372615136343
0.241208737433851	0.2290188351191
1.17322910983161	0.872188960508741
-0.843603687070859	1.32947972926673
-0.458094475600741	0.267999226110095
-0.119609001973595	0.0528734085524171
-0.543615935458398	0.295151414237058
-0.395583892255073	0.242939288136007
-1.15475359385203	0.802634869236103
-0.0417423861822745	0.0234073585544669
0.097197885377116	0.0288722127158445
-0.0483687929613204	0.0262571307097187
-0.273865340541999	0.208822845915303
0.426504996907397	0.485909472927678
0.186990485579673	0.21649442948137
0.061588079365572	0.0549087391061645
-0.0453669579674875	0.0245842379226621
-1.5617523438299	0.577189828073677
-0.282473159879956	0.0953723166400078
0.298433562055697	0.1431859719393
-0.582528161751644	0.236819836271703
-0.338328022644621	0.214542977830066
0.154470917164038	0.119899159354773
-0.493290251626443	0.57047060153664
0.346605714427751	0.26157500849767
-0.641727691857504	0.469611394448266
0.667210219311195	0.538860087829694
0.443142018503294	0.37299109124357
-0.55071165352137	0.48062980165342
0.272043094645627	0.318799236359618
-0.116407421347721	0.123497813102814
0.366699722439585	0.496486140851869
-0.865614408124811	1.67113040744588
-0.601725774108571	0.938555316332609
-0.56443411988587	0.569761483152225
0.239969992429152	0.209636592589513
-0.803888680763433	1.12075829143356
0.358817399121975	0.475909555323998
-0.505953516639754	0.71220793461341
-0.492215155211086	0.693402553681816
-0.319874176610257	0.382375931091735
-0.0258692854750049	0.0182367340665329
-0.769040136449568	1.17369897980283
-0.924355409144477	1.56973856422058
-0.881002402436518	1.54757534705256
-0.546543574520275	0.704717367281239
-0.424432242458107	0.374269956755848
-0.205233293555406	0.198256785002146
-0.0880533050332829	0.0675179072702554
-0.977956525256325	1.48784260359206
-0.794266585530539	1.12714062427058
-1.04367107713698	1.66725622035005
-1.98918115113161	2.8254111656047
-0.0286954405979345	0.0230790622279105
-0.360248974232682	0.448744900550862
-0.208051458491945	0.161538107327032
0.287112205179167	0.284973419911936
-0.616955229171361	0.743248506444042
-0.316319697632437	0.273110683286576
0.236350446720477	0.180846222567123
0.1257100197033	0.084296394594804
-0.403537931981346	0.296015854745047
-1.55037189800492	1.9655881890445
-0.455686373443926	0.560692306946193
1.30840602824402	2.10347281187678
-0.000362084879168169	0.000236232898395406
-0.758291657662811	0.741209749092671
-0.0810434512608163	0.0382912131320648
0.754458526787689	0.321554482797228
1.00375081074221	0.495531598524905
-0.454110726020577	0.316395828354273
-0.698135398326657	0.825887350330153
-0.4589061952489	0.197413126078523
-0.451561908802451	0.319283252646487
-0.609483608055352	0.563742406905264
-0.586380356272381	0.493609794367547
-1.3421064569794	1.42533396588151
-0.385416753601105	0.378862714492254
-0.832771659433494	0.887003003923972
0.0159215717735728	0.00974049820057879
0.237221387367014	0.20837865270044
-0.0916376119525792	0.0605439539337682
-0.226589274500372	0.17825723487761
0.62871741170113	0.507950532198265
-0.00816757695893404	0.00486078232454987
-0.853939551007689	0.748563719294505
-0.0140584446736726	0.0101152615274014
-0.383352324981133	0.348173636838807
1.17719372359111	1.2642135055424
-1.09834106782588	0.877403105192191
-0.565520019717445	0.44939009992349
0.0940974257755418	0.0472748100732457
-0.664455259026863	0.534755473531369
-0.367117308428828	0.170579736364939
0.097197885377116	0.0288722127158445
0.0840886830532353	0.028853322386182
-0.112052088536402	0.0506081594300962
0.0641672870743123	0.0472903639295971
-0.0705094146318763	0.0543462192405745
-0.165271451973823	0.100157124794575
-0.29835055415189	0.152145087765167
-0.152628804905103	0.0637412540518174
-0.501243886328965	0.379354309860334
0.407501938259681	0.2594980975703
-1.17590148420106	1.50188812413406
-0.071967054503135	0.0737602780310503
-0.455332848053931	0.734536443346715
-0.084470702700601	0.0937867429819207
-0.135577605929117	0.141279359320803
-0.0190045278521587	0.0108484631152349
-0.351986016454332	0.300299069107759
-0.645435025034216	0.763918725067859
0.222800271201353	0.272547212590886
-0.186779456307285	0.229886988284298
-0.701172227644812	1.33880633079822
-0.0277441729097821	0.0218244489317391
-0.463348312435257	0.442619475895789
-0.295215799815827	0.378306922796718
0.0540085343464376	0.0506250624723197
0.0310537610427245	0.031256359834289
-0.190651064993668	0.209965822759698
-0.00515126684277473	0.00417912850611856
-0.25409836375155	0.236315094205445
-0.833190784888473	0.863819177068057
0.0195379652822683	0.0151543322502971
-0.300409496615838	0.347776878879569
-1.22784570951085	1.71104396391027
-0.754856458842187	0.946456760201862
-0.471741568934169	0.534396775427348
0.482508872471522	0.643873368907087
-0.225587825389462	0.177865532017075
-0.239828156619636	0.228777468087328
-0.188815270001138	0.215923140783865
0.590435799479652	0.759772346777669
-0.290052356905493	0.27841371930146
-0.00478062557072366	0.00286995171623449
0.114011088258953	0.100688821419478
-0.231418594122882	0.246411080337627
-0.474723023134859	0.571890439800089
-0.503211279623231	0.605638419184696
-0.207026871054939	0.145069036546796
-0.175401372758753	0.106591727466157
-0.303400506304538	0.155915673456908
0.917450959998032	0.245901902240519
0.982539560703236	0.36964123336201
-0.141892204770361	0.0910024537362534
-0.172889294328726	0.102972999358148
-1.08948783635861	0.445889528865871
-0.205331189301212	0.0782414697189114
-1.79855097632956	0.444373754165809
-0.582528161751644	0.236819836271703
-0.525809218530493	0.351756456869297
-0.496016126063768	0.391157244306047
-0.402148629233394	0.295599942343851
-0.501718364548362	0.483544318753442
-0.17737529948461	0.160458362840925
0.485467611893894	0.493063924921307
-0.883207292086763	1.09248129170255
-0.378827168684761	0.37629828691781
0.444545157225592	0.480895529040307
-0.0927204031920032	0.0785835937202732
0.0643101957248806	0.0477245774606192
-0.399320224911819	0.440112704045059
0.0130745927800945	0.00823681133656089
-0.0847574453607136	0.0620599126632713
-0.102480187895011	0.0826830030446348
-0.115442704769615	0.0524421557666881
-0.401292711672957	0.294181397668851
0.242889234885584	0.167971941876975
-1.04641070086757	0.528783779537568
-0.522215080589866	0.36539883123555
0.0720292237361141	0.0525771984105203
-0.179603190750317	0.131802720883287
1.04187222286221	0.739283657907755
-0.0428757679485402	0.0301790341841092
-0.0882158047859241	0.0733256943389326
-0.268213920508435	0.207222150764913
0.10573775065042	0.0654362885791929
-1.19209101070429	1.36704720934626
0.517678254383037	0.49968860423192
-0.577441141293651	0.225911071611678
-0.212169381418122	0.0804801791991472
-0.394401683291924	0.117397243044943
-0.28647555199105	0.298324683077195
0.0896293393953696	0.0712698290617007
1.07316266618764	1.04319080359679
-0.28100536854856	0.0967870177370662
0.621255761839474	0.19539411213957
1.7127381687054	1.68858678699875
-0.0209760247285644	0.0121995858653627
-0.174187903917173	0.124221563046511
0.531906671652965	0.715299907740496
-0.444789811529554	0.764329911146177
0.287684463950005	0.340680036470925
0.160900322224092	0.136443022936196
-1.22150383179719	0.701133569968235
0.727393414290602	0.657530924457136
-0.0964772959754789	0.0730115529681753
0.647464063412231	1.11213497138223
-0.0427400722451283	0.0451546441081024
-0.205915781217681	0.276626068627839
-0.428483946890806	0.477486943610665
-0.2462944468077	0.167452573204397
-0.941442835456798	1.54046723963546
-0.46894434224148	0.516795765658275
0.218158553056323	0.27841952685404
-0.203984153876692	0.231960034366407
-0.142289738665192	0.166418625327992
0.629723948246689	1.23451130590813
-0.70354364330977	1.14869220715966
-0.0829230232667993	0.0621203219192425
-0.406443340936776	0.297460888898687
-0.130837130999426	0.109906901314006
-0.680158566198194	0.589427218738407
-0.196130290164056	0.166178480334537
-0.108633159688882	0.0982498591369
-0.846963526170898	1.43945108640342
-0.398610079516058	0.626512739915346
-0.693283784686185	1.10024481330132
-0.101641910250747	0.0763677360439971
-0.0518601761552652	0.0409662689466739
0.142546182046796	0.158276417924524
-0.208909239020703	0.244644909278013
0.213053614405748	0.267023213857548
-0.659109519221253	0.986279526313249
-0.132102036376312	0.136583284059524
-0.576891467326914	0.877015650367717
-0.043219384876201	0.0378747790308739
0.350085411847224	0.399752874425243
-0.120087939353913	0.0777380912715489
0.0887975739019546	0.0302922408181317
-0.450332547529286	0.186530402990465
-1.17508912165844	0.368145189989722
-1.08742811582886	0.451484255457576
-0.0378762003745624	0.0205943868215499
-1.52126522403886	1.32028036100237
-0.277542403878331	0.0912625630245346
-0.453400075699457	0.19952764395817
-1.32841531230108	1.16352299244282
-0.643920885046386	0.645858956143469
0.23943928029267	0.228287548869838
0.0399568620023934	0.0275023303652293
0.0222942913315783	0.0198678493301037
0.336402093740497	0.399120390695336
0.284264192223704	0.329053264043111
0.16336122991363	0.139952291801438
0.10681912100581	0.0948733112568079
0.0164106158080656	0.0122378639362898
-0.0671748903400188	0.0604616192695081
0.664417668710811	0.992798400380047
-1.04514399418021	1.27910003172691
-2.03636737034411	1.45719737763532
-0.429972825203078	0.423896270825568
-0.226383138478424	0.208213730447399
-0.146503486602982	0.130606412792899
0.324818419534999	0.29963341428925
0.00707078377372351	0.0058264980816693
-0.705253941306961	0.796066895402278
-0.838836544612773	0.461891032068422
-2.0856167031476	2.11181087608451
-0.717394677980189	0.407896178414502
-0.351474233297035	0.326027527892982
-0.407148568373091	0.441532467524881
-1.0444251353571	1.24925375459444
0.00849343148476212	0.00615534560526072
-0.298305531713496	0.272651384387821
0.30140050839477	0.305962172357455
-0.347665868293907	0.384103926747833
1.25452653982816	1.61797960956545
-0.766674775296318	0.68427924645843
-0.174694241392427	0.138158454489546
-0.318534497748451	0.290513032903072
-0.38080875151675	0.339512288548742
-1.40304760565321	1.15566713271558
-0.394401683291924	0.117397243044943
0.0847849256210258	0.0291165393016752
0.125558752831849	0.0309617988135801
0.388191327916678	0.159552284481566
-1.79855097632956	0.444373754165809
-0.92994557060651	0.955845248694504
-1.20625563784207	0.9626941914399
-0.604507622659957	0.40302515119635
0.13395984259197	0.0266654712001409
-1.34154985414299	0.633122587919885
-0.126114815110379	0.0548843030538739
1.39877061430718	0.867854760121412
0.488757433011481	0.375665394732627
-0.154314607101098	0.146808885042093
-0.139059189424175	0.148903466054871
-0.860508131609628	1.48784348416542
0.0510138563817836	0.0422389749691136
-1.04107581194386	0.541935079610571
0.938585926374064	0.705044716382765
-1.62004696821214	1.58030382533715
-0.79885786245179	1.29058818116754
-0.450164403388903	0.784650806593451
-0.124600592841829	0.140819686303423
0.00730576358562608	0.00533234647106565
-0.386748668021336	0.35522365471563
-0.855868104139745	0.753361117359558
-0.638580795931797	0.669103785115092
0.349593481370866	0.280491163751347
-0.445151310794972	0.567840842083408
-0.138857302384282	0.137600191065599
0.451749182568067	0.641215612555567
-0.173057855281067	0.170082189002395
-0.532194037909123	0.474432355115889
-0.663430270357981	0.519911465456051
0.0524499523759983	0.0450852783661859
-0.0272211421983334	0.0247260554330412
0.235991806289489	0.249012966658554
-0.0337602594572732	0.0318356030994799
-0.079979991235462	0.0747056281041851
-0.0156958655160186	0.00900885648743755
0.140436899196929	0.10192303889447
0.217558144381166	0.251156627369153
0.544215109997395	0.83928039153201
0.0609304921953351	0.0584337669487098
0.448625849564161	0.560466015729172
0.0633243649185597	0.0728001872223776
0.179741204435015	0.193206216359176
-0.187889482784772	0.183422324762038
-1.61602073239091	2.10764885067039
0.089415107102626	0.0446475077705869
-1.17512088467504	0.361405005837757
0.986940209170102	0.368065198638508
-1.87521429964116	0.794135742019452
-0.211243228658864	0.0778995076825206
0.102572791130446	0.0516505320022716
-0.820978400522338	0.345110026788422
-1.17590287195246	0.367420429263891
-1.49743961392211	1.50672078901358
0.0885659810666184	0.037835309398569
-0.0493303583862237	0.0344726312119926
0.177134303922359	0.166914383143454
-0.475363263526894	0.418766342394517
-0.629509348576798	0.827737389703074
-0.109616439101813	0.109922472140497
0.536740230560533	0.668785939303888
0.0754352765039467	0.072677915134114
0.162198958280141	0.143905191277505
0.0708147560014514	0.0650025767547181
-0.325702431068785	0.3267056421707
-0.76455964482254	0.895328331814687
-0.834816110421446	0.373455479617572
-0.323184144751045	0.299564037614711
-0.226589274500372	0.17825723487761
-0.517175233156073	0.5324334570817
-0.214348709905591	0.152218643503588
-0.150971606000551	0.112688850285433
0.0525710134780984	0.037291860560303
0.478489068381405	0.384871253442782
-1.54400569510009	0.805284192427297
-0.5954610412355	0.501749156094632
-0.534726377081348	0.468437197851896
-0.276546063814952	0.239841952317196
-0.459270047237434	0.438567403454749
-0.932771919403844	1.24915162658825
-0.397698077342117	0.385013435230414
0.0234050607194838	0.0181892507288519
-0.106263078758503	0.0796333870175714
-0.267102387046331	0.251210190461104
-0.377579871579825	0.427363859925977
-0.0695481560888047	0.0481990919571985
-0.0114024498567769	0.00819823789011665
-0.260889081466039	0.248022033334894
-0.255754379767718	0.217555024136905
-0.28308735601033	0.245814653578104
-0.184606387634253	0.128273802283191
-1.11067763791539	1.15484486742333
-1.17508912165844	0.368145189989722
0.613706781524745	0.189916286385992
0.387702588579124	0.151404356590699
-1.18008462823788	0.366068594755104
-1.54834729434831	0.813195306436409
-0.0730802768097775	0.0489329391183425
-0.75803631795704	0.843495315657472
-0.506611558259418	0.406341403566223
0.136920705038257	0.0276544244584546
0.138719287628381	0.0278738142929699
-0.547009295932673	0.301321060929197
-0.458209822275636	0.257615207335097
0.129548389420817	0.0871331124428346
-0.59608515622286	0.899202851235171
0.0236448482668965	0.024005066830451
-0.0358798096443993	0.0353237444739147
0.0665790054021224	0.0584818495864876
0.547478063627825	0.286615594200139
0.258586228556264	0.143714412983972
0.73042434683027	0.555760742691872
-0.187722125324505	0.236430352912788
-0.24775140372432	0.318951384460689
-0.147556580922248	0.197374455741171
-0.763336984770206	0.843105422265236
-0.0759822956233655	0.0773906931044779
-0.346584775598433	0.425196273307485
-0.229248310225004	0.302384970718276
-0.0439662016662739	0.0422929268730848
-0.347479665123536	0.295121908251471
-0.209653652209833	0.122431775788237
0.0700000668716706	0.063275140938877
-0.0285478070712502	0.0305888179604446
0.0624611572174263	0.0660742708799822
0.179054396512013	0.214963847237374
0.00769364184540115	0.0066450781855638
-1.90164926219667	1.53978800672366
0.128789750786416	0.0902607424452231
0.115659058616287	0.140867960785098
-0.971910722162566	1.9591939915569
-0.681525587302906	1.13615800699859
-0.0306254578219721	0.0304595159395807
0.0840782610996776	0.081624952507588
-0.324677326667195	0.452506338839855
-0.753809910528019	0.980863939696146
-0.351959019392141	0.347191861610015
-1.78384148521579	1.50012792819116
-0.457995568132231	0.20258776894597
-1.5676768487881	0.577081584384922
0.613656498860624	0.194210317184637
-1.33319239183699	0.624792864981833
1.27247113122907	0.561845184114915
1.00614621920852	0.497723153844463
-1.17427580477756	0.358809802628489
-1.3401353700223	0.646033218417456
-1.11017540501393	0.854565389272565
1.17267896255681	1.09713465403294
-0.164645601928395	0.13201313141684
-0.601436787402678	0.805217967581051
-0.0280000476489181	0.0197868810097009
-0.0968111696091078	0.0815844008996479
-0.202520625430717	0.191561037795334
-0.404579027375967	0.491853153447947
-0.0103041990592072	0.00829852159573382
0.528523635228314	0.757555203514029
0.0758256266880603	0.0589247037695459
-0.164064918707682	0.149757480587904
-0.432761434027202	0.389887892902815
-0.0607707823673809	0.0533917286680792
-0.250650841132689	0.175795538779823
-0.241766433162886	0.16441855170681
0.26059508268155	0.155240805511821
-0.398765859223418	0.115667052413358
-0.499862858985442	0.401377144511698
-1.2232448059208	1.46555766554615
-0.677166594134169	0.955074892185156
0.140562069105496	0.105688449130232
-0.235788957408879	0.180141615890059
-0.585413733415461	0.642638773115967
-0.119866894298727	0.0955721511197413
1.09087640749549	1.69054737279876
0.717277983413493	0.916002697267239
-0.0391984557564986	0.0331792993384318
-0.164930590246265	0.158126482078569
-0.478451521699903	0.430517173993693
-0.394714658745839	0.330585284980104
-0.00798992248692575	0.00462638117947867
-0.106691150891002	0.0799388096590529
-0.267023193463418	0.208267614459269
-0.14879079359102	0.136391956153019
-0.955480012582027	1.13667253655251
0.00967485709166349	0.0073102328964091
0.0484941880175017	0.032797919826652
0.112193920163855	0.0709935828131491
-0.286780569329101	0.0980205838031131
-0.829925057414067	0.387233606315498
-0.779582344087862	0.276846471601307
0.123976331196576	0.0321704885802751
0.550704791212348	0.269744782109147
-0.283413721509704	0.229697442638963
0.240508399846564	0.184168161773825
0.494475733707713	0.387050878735549
-0.281819825832439	0.0964528527221734
-0.249914185058144	0.141565918714601
0.660377649032664	0.391411519423122
0.337703038654299	0.283462787876204
0.401444237775673	0.55916155705154
0.117922952898442	0.133988627205146
-0.133034534554725	0.152579020493802
-0.434962643265896	0.43848068314116
0.275863876484467	0.146951512153959
-0.855031808042807	0.77302962092772
0.506366603256232	0.501000698122909
-0.772993092792867	1.49547769779476
0.156556907721648	0.20809235799886
0.566812043327307	0.962316215048466
-0.197922181125216	0.174529719261372
-0.111025888514601	0.0700275097201734
-0.359840041422857	0.400412399233549
-0.0915580553740122	0.0612452275385528
-0.170487180469399	0.137833163887602
1.02635038119669	1.49096493588619
-0.195897717663423	0.201215146870795
-0.0939374391520044	0.102954101922934
0.085924410398532	0.101338217653349
0.00289596363903354	0.00285779059951268
-0.223038087214678	0.212033779050474
0.228071446571347	0.164072178565426
1.08005077153518	1.03409449308367
0.471514715371729	0.586142349461745
-0.198117243752576	0.218355008058003
-0.220375253311895	0.282022641502339
-0.350785717325711	0.423540345611546
0.165597398259087	0.180458259776956
-0.210185433336177	0.124380083848594
-0.264119377443998	0.250190761240784
0.175195596346004	0.19716023076449
-0.479119030308583	0.697072750623275
-0.620924807903685	0.96769544837368
-0.687918324594119	1.2314606944931
0.0410341915844225	0.045883153941187
0.177035171227084	0.204607729940582
-0.650447083396721	0.949029979135637
-0.548632944584371	0.506214824024375
-1.28588497090428	0.990190364495995
-1.18008462823788	0.366068594755104
0.138719287628381	0.0278738142929699
-0.245412798263136	0.136396827979311
0.441918368092579	0.263746123122649
0.333295789123573	0.148763737365012
0.466675903697198	0.165915368940833
-1.87527437187244	0.792004216943924
-0.175163983046064	0.107242266590596
-0.398554151602346	0.287803056706063
-0.453124880465039	0.199044623772574
-1.254198487596	2.00166327663423
-0.371779505389045	0.463249748415222
0.119245440312899	0.0770132344713899
-0.110811115016237	0.110063333368822
-0.294377346239654	0.298329326141616
-0.114312241971371	0.106185454790794
0.0778796218386844	0.08639975027097
-0.0029277242927765	0.00243424986407162
0.775148483163194	1.22753375825223
-0.253954487091329	0.223350024284203
-0.260374722083279	0.24562845768962
-0.294248914504093	0.198297525639205
-0.338848604683341	0.217797190456137
-0.24284228065072	0.18929656155858
-0.232239820020082	0.185997260236057
1.18913741408633	0.809999526093607
-0.840013678604579	0.472536588677515
-0.141806792694368	0.0917900264804897
-0.689684041405698	0.760269622340093
0.121159940111746	0.121993707682171
0.0356715192899653	0.0289162862182343
0.482433622907591	0.491951617900164
0.171192053139796	0.159727686660187
0.0814587664219467	0.0649537856946873
0.874111505625137	1.42981934316986
-0.164109319346072	0.161925006453318
-0.153760660076464	0.163253459413422
-0.34860415855674	0.334583182179316
-0.0441935781245935	0.0347943546807131
0.442248372733946	0.388410199692423
-0.910935735478793	1.34682682886705
-0.178160417489828	0.142031991922062
-0.478724084152365	0.419198213700776
-0.308329935299199	0.276574369468823
0.00810623351598722	0.00609695880778729
-0.20666985448031	0.16734764970534
0.0854810106465792	0.0288176932390503
0.0908222550236086	0.0340076151102981
0.622032139953474	0.191854981562394
-0.878727606132211	1.14902476486885
0.0761667527222208	0.0568086048740517
-0.0642570611564665	0.0325908077736668
-0.739201966676047	0.534150174489057
0.11377919466981	0.0721201747772286
0.542310891114519	0.513113210656974
-0.488535164101591	0.683255457625658
-0.270169860094163	0.354239041844771
0.0670689882306696	0.0714634965827808
0.0750915391421903	0.0570646582014894
-0.707278273380124	0.437244733017541
0.243322872136869	0.162186767646873
0.630157655534424	0.639187710068211
0.226093929610711	0.26436457416796
0.274471835796853	0.397024570194267
-0.112563443430528	0.113577783867099
0.641555438608266	0.741875936980478
-0.345083824910768	0.284045957641071
-0.0887656590645314	0.0831707460296947
-0.46855109221385	0.475439702157901
-0.631749595062669	0.636182961905003
-0.838288951743812	0.850930664970752
-0.346695003823564	0.422959309555942
-0.449735326436221	0.665472446340043
-0.550229644021371	0.692408231842347
-0.252658102597703	0.174031668080137
0.577547730129069	0.607335316345288
-0.421725787460279	0.526501625863695
-0.0840741051956267	0.0780007014396116
0.219023400080432	0.250111210931487
-0.0233391896305653	0.0213887376068545
-0.136946593509878	0.134177406213201
-0.656981993528874	0.78880311723966
-0.307539783134683	0.410411338646786
-0.0753093384092806	0.0772440588546475
-0.00418856242142353	0.0033199403585011
0.324795174196245	0.406194703713071
-0.332300026620714	0.460706981725452
-0.811376650429726	1.26344584617149
-0.122006730582785	0.123670257407406
-0.810723459169097	1.03951787875752
0.240763121573174	0.169686584416357
-0.852312929205974	0.459540777377144
-1.21393483369772	1.04435375477383
-0.15092643250573	0.059520561096021
-0.399603721105686	0.244750890669699
-0.523329101967957	0.357267809743343
0.758354950804645	0.324178134181371
0.104172183965817	0.0308550491060492
-0.393621163963244	0.119864422038082
-0.395540500255089	0.114333917092572
0.0928036158669535	0.0355473053790657
0.0795712956678493	0.0264367475398471
-0.245136153336952	0.130606119152127
-0.663531878714078	0.804475416092613
-0.497566033385334	0.434393696572822
-0.322617126916705	0.312667942061984
0.00990319555962814	0.00822564335780551
-0.252837786589041	0.259435603995994
-0.344509524815015	0.37266437532393
0.101811279625315	0.0823565685385539
0.162760217877255	0.143827911037375
-0.215970031587174	0.20395861792252
-0.250115315184229	0.208056285093499
-0.158925657666712	0.142497145854051
-0.2521444084264	0.140245167479889
-0.784756127649715	0.285078992973345
0.157037008987805	0.127598930665919
0.789256059696478	0.91329150314178
-0.254434848727813	0.137842474342287
0.30305435796161	0.146846364029669
0.796131874706014	0.570322839726853
-0.357814555267548	0.266316343555066
0.183369553855948	0.178739380798815
0.467605800027585	0.487951483293612
0.0501309389544741	0.0358967103196239
-0.335655795963633	0.37696242122529
-0.351544721125941	0.386474543583542
-0.372143426693319	0.365053825395976
-0.341374410605781	0.378456234298274
-0.761597585197156	1.03446735156668
-0.137472117039015	0.125000610054287
-0.546627142604438	0.49272547415687
0.0727829858808715	0.0562751210732583
-0.221437456873486	0.194310422273635
-0.400892617452186	0.335585516992775
-1.71899983135541	1.74201703818198
-1.33897183400035	0.621230543623696
-1.08404137429543	0.44218427211267
-0.282473159879956	0.0953723166400078
-0.290378279335121	0.19995154455372
0.910972612449252	1.0428554431968
0.241931631443107	0.158109373094878
0.753760612373712	0.314436135757955
-0.789947602492187	0.276027167423089
-0.243502755853605	0.130338825982446
-0.14503822053306	0.0887980410714243
-0.472735513416219	0.411843531066217
0.0311969162971424	0.0285374818952778
-0.017399272710141	0.0187403652105735
-0.351340613333789	0.440240760164445
-0.802868192234937	1.0214496981578
-0.737848328331833	0.511633583585236
-0.564365600880882	0.449711365270239
0.692438999039368	0.645617870345793
-0.127794235838251	0.155873151080961
-0.714864077923636	1.32814846242492
-0.184959770328288	0.238106455851856
-0.517299512985346	0.524752314000703
-0.18982877239748	0.137692815771816
-0.251400536885573	0.224013993129957
0.170064926037106	0.143652033364733
-0.35054719177085	0.327003553010832
0.0141883993768622	0.0106722952104202
-0.75570363332287	0.618488564482257
-1.40872211072251	1.17865276558462
-0.129473451355749	0.108109124966906
-0.21255190734359	0.203169106043022
-0.966587385246038	1.71494330558921
-0.269737920570615	0.398188977028422
-0.373144232219813	0.355672514880853
0.283904539343053	0.320288886845232
-0.533451725468742	0.865687261921689
0.0246524290836171	0.0227826436537095
-0.297800180601996	0.374892660343155
-0.0231168605576994	0.0227850473539717
0.369732723140899	0.407138694140892
-0.30601955264742	0.332089599493408
-0.316829181538302	0.315133746301757
-0.387591920310292	0.234450163949514
0.0895935292708857	0.0343424139443339
-0.461149380303862	0.31366691753557
-0.0810796793953607	0.0539241416247513
0.384324450126459	0.157431951292729
-0.786292013348442	0.278154557067318
0.0919695511505615	0.0266147072529748
0.119768733677103	0.0296032485712676
-0.282331727100919	0.0958651525702269
-0.242015005104698	0.13160469123266
0.00039073334160098	0.000236604144893618
-0.0987470577776756	0.0918502086095833
-0.408045130823579	0.455333088685578
0.169579420941858	0.141909323900812
-0.76090982402865	0.799765433904584
-0.451763102925435	0.437535954934822
-0.557180518533335	0.281911519530632
-1.6502810601964	1.16222895484482
-0.64948271317244	0.723762689203988
-0.48986420170823	0.622328367550681
-0.106464424817877	0.077845752838701
-1.15806908329986	0.791804288529761
-0.0812148715991252	0.039279629750611
1.06204753578375	0.926611836283877
0.101035839145483	0.0460054150591873
-0.671816518378466	0.561689731912353
-0.0223382110375663	0.0125154758150353
-0.141808525206456	0.119073501133181
-0.386699735661291	0.341309825637692
0.318767553159735	0.281194650696323
-0.250167241049737	0.250205434660065
-0.41138562644663	0.451033268201757
0.488967954860593	0.483101249722465
-0.548915460367619	0.610383421791715
-0.288306150765056	0.272842273621397
-0.682995309131776	0.623136250395906
-0.683489623618214	0.637902168781318
0.0888418179970383	0.0707978811835236
-0.311554262226805	0.238703622962619
0.0537164294546831	0.0380653391709917
0.622658101515204	0.610925305181489
-0.667132098319741	0.840225517528806
-0.0432565573258976	0.0304114123352117
-0.861417622035726	0.669059562922156
-0.159245816531595	0.0664016291369381
0.302243223023815	0.151552238569888
-1.00549077855733	0.639084272185793
0.0894793729975313	0.0308356082297688
-0.282473159879956	0.0953723166400078
-1.09176081865597	0.460935700988077
-1.16408116644091	1.52498518330721
-0.652132776820997	0.790718596515233
0.407773386933653	0.264035373197873
0.094144404859595	0.0393976177574853
-0.246231490432346	0.137135268952629
-0.252544495900276	0.139594858958848
-1.00510087271486	0.624009631361412
0.0151624733582289	0.00925743029376427
-0.708435456867458	1.29961397225213
-0.461669774659262	0.671711245396925
-0.655165945819625	1.06609564586978
0.172763814418049	0.159340879054416
-0.474492296858016	0.425019570055872
0.54554914321054	0.382848496528924
0.238476692409184	0.193961580225488
0.45681194483351	0.666608691085755
-0.47886879975754	0.836881712898257
-0.534383317189331	0.905330254993905
-0.0710489599299542	0.0556758589596759
-0.419558041415141	0.394296043952909
-0.220804284826366	0.155252908600058
-0.454968844069535	0.437811494936499
-0.881475102228823	1.08190231225287
-0.0289915704451962	0.0232712532986171
-0.293349795209988	0.312988752946755
-0.421380516472782	0.517814433076599
-0.311081205399499	0.33514568873
-0.390281770238166	0.530990702955695
-0.0306542274271652	0.0272824518619426
-0.193178711427997	0.200072994491451
-0.424292108116026	0.58293004854261
-0.662770142608912	0.838418925231193
-0.211758746196871	0.201445093271566
0.33700898852149	0.274294578083465
-0.582843102919598	0.223532705857672
-0.283080569839144	0.0959765452919975
0.0987389113769381	0.0507231669318899
-0.456948995039216	0.321142385486019
0.123159074419786	0.0311724352253345
-0.368151539550556	0.177256470241745
-1.0059001981647	0.627800593312516
0.0805005202894387	0.0612382444863114
-0.158788870713335	0.113828465625807
-0.813210033065026	1.1659818079383
-1.10302781452652	0.839047375008597
-0.194569850264519	0.171672746322514
-0.199083877994797	0.174916682524807
-1.33630063041026	2.22826669067089
-0.306013247542749	0.306426208540801
0.0817071661546354	0.064273789566543
-0.395011768509395	0.242893182662525
-0.844482485286428	0.47795209520875
-0.733680039220554	0.507087451841632
-0.0367852572998545	0.0202021475882175
0.707054179992685	0.751220136641575
0.00303561770984314	0.00217477147458992
-0.0971514378837032	0.0815789924121557
0.0123943094341039	0.00757696490240359
-1.06793147672698	1.40214512711053
-0.155299924018362	0.115498492528676
0.875165827040399	1.02422761905845
-0.182525683722446	0.133375761013734
-0.646593148500982	0.743013612358667
-0.103258479305263	0.0782253949994658
-0.459614633239863	0.268540674520265
-0.0204333881724384	0.0118334758349254
0.0745196077043049	0.0576620911173957
-0.345430709960573	0.308934336152815
0.662660711225727	0.640735837241067
-0.559424342946124	0.640027270040328
0.158470603251243	0.12871675779971
0.108825493247812	0.0668201379246176
-0.283080569839144	0.0959765452919975
0.0922493953598685	0.0395661671236788
0.0998732125041146	0.0462375896272277
1.41302712954348	0.474622792105401
-0.657392185827201	0.165268089701776
-1.17593414403549	0.3709145036914
-0.651410953789713	0.770843424034328
0.0845679363090334	0.0314084589970796
0.622852637035919	0.197576085447396
1.26745927544266	0.569501645243817
0.545506679861675	0.378011999304282
-0.210730307005856	0.123413969246396
1.8000168099086	2.44158109410439
0.0646021814697633	0.0580730099143248
-0.20968932292147	0.244922612447161
0.262847067912512	0.305480065223191
-0.27827477282668	0.240622228158888
-0.170348031976986	0.10078675342404
-0.0218481738281249	0.0148833712895461
-0.3518371939672	0.261297606561276
0.284647553937219	0.326727832784021
0.430044226184908	0.686213330170507
-0.197538697680915	0.212135238748862
1.12212161023148	1.51818563236839
-0.032626421026696	0.0176782184557116
-0.346526087728294	0.288709223222174
-0.246437375547625	0.244594852117031
-1.28161382220858	0.960870898444724
-0.677902672223188	0.966894845568761
-0.0356523363317376	0.0349290022518236
-0.566462497589699	0.85718596456731
-0.071442216130129	0.0561774466192602
-0.394663730543063	0.247937712491119
0.123976331196576	0.0321704885802751
0.300689896598906	0.144854050564285
0.467143883066304	0.172207431346016
0.262267423688404	0.153973373152458
0.123976331196576	0.0321704885802751
-1.17508912165844	0.368145189989722
-0.366020379500441	0.173496701272927
0.058977245550987	0.0452393739500724
-0.201257512567899	0.180103728901213
-0.112482237926696	0.0735032498171679
-0.149397788580119	0.120154614695841
-0.158391894606773	0.122286333185605
-0.504589449782334	0.546534487343145
-0.298165215722622	0.299394481729607
-0.458202360620538	0.444910424233144
-0.0482322616942834	0.0329705172047622
-0.0883242871030953	0.04388835725838
0.0961738891454695	0.0317139567514868
1.068149418544	1.02581747797015
0.143360057450798	0.10234762880141
-0.345833272045875	0.342919461741275
0.0218968085857348	0.0142661445397827
0.33019976198617	0.274104664331032
-0.28268905214505	0.243943477325687
0.38878996661782	0.484868121734434
0.832682712282876	1.18484572842995
0.148481477565833	0.117116558308188
-0.360990518702098	0.404671480056425
-0.0637694475847653	0.044173223240739
-0.580290829946055	0.220171493105625
0.780221331475689	0.674608465920123
0.353147586440068	0.267442905898412
-1.04978165368266	1.24520006129909
-0.762023174810117	0.960904529009653
-0.376876191989723	0.338090655603842
-0.344106960503777	0.284883265155142
-0.985625035411127	0.733923686434258
-0.249672776299667	0.141081381006251
0.44217636367127	0.276542896331464
-0.392024164305074	0.113448228677451
-1.08804803297657	0.444040648068345
0.104012824322776	0.029952181201792
0.308572042537898	0.145206102547819
-0.365648565956777	0.175744963707011
-0.392804209152594	0.116893234785917
0.123159074419786	0.0311724352253345
-0.215380460108846	0.146094019439047
-0.252130438439524	0.172161093083656
1.21337598483809	0.671816824980133
-0.659035817517921	0.164780868926832
0.655125826550475	0.406370616809413
-0.141272450040051	0.0915593617687726
-0.83999648655761	0.873253139152435
0.290418714308344	0.305117120811873
0.229040548286153	0.25839247758371
-0.971868076044673	1.52940543563189
-0.0181083529439241	0.0128880234838887
0.597786366305757	0.402830470828502
-0.113158945298718	0.0734531745485601
0.347550005539181	0.274904954566259
-0.341478007422662	0.411382370149329
-0.236545162539458	0.280988442700219
-0.593692649822012	0.868487252439617
-0.0481489877270667	0.0337718023499259
-0.0906955253805052	0.0607612933408094
-1.51363679727325	1.33176669199394
-0.24101375977038	0.255919315196485
-0.352739013338282	0.297356037325586
-0.203543633319015	0.190876179059287
-0.420252069161291	0.41167947484834
-0.302654139080978	0.254318268626045
-0.764091787032572	0.666209812802516
-0.359096919279067	0.459570655265496
-0.224125103630721	0.227734387471497
-1.21518942036681	2.01794840608835
-1.31641214784274	1.2294921738683
-2.51872360670186	1.34848951946426
0.0944918724975884	0.0405488542452558
-1.17427580477756	0.358809802628489
0.136920705038257	0.0276544244584546
-0.395986195432723	0.293842540070126
-0.461537569866075	0.263916172968378
0.097111391524782	0.0292139208575234
-0.160777747707732	0.0650937972068826
-0.20920363058287	0.0797633948199135
-0.367889145529616	0.170316882787979
-0.0850552860784339	0.0417903520639942
0.00800505645430118	0.00679898397118691
-0.457516271854648	0.19388578693253
-0.662257513675549	0.33371791677446
-0.755146229421848	0.61424183549519
-0.283018709269266	0.242548425553687
0.520191554049282	0.680997105562759
-0.650331035508463	0.776024860480845
-0.375965791036121	0.442344041546777
-0.526951545420596	0.614355743165807
-0.342699997867956	0.311891299039481
-0.180800354623162	0.132356704288529
0.1294700991636	0.0909085573906751
0.132136053855864	0.092965328935524
-0.17902661740775	0.148108706689076
-0.457757255600824	0.324932122443705
-0.545643415661959	0.286476249406606
0.550913074000832	0.501476893558204
0.230526667858162	0.15294016988736
0.170188600550255	0.143104441296849
-0.258745205883847	0.243649951193345
-0.206448499652446	0.168585505711415
-0.11051587984615	0.101828556780965
-0.519538365055664	0.538645400609677
0.300595235921925	0.297886092565189
0.0077035610101288	0.00559408337612255
0.0420880222718536	0.0346798665420302
-0.453277632766795	0.440747226891159
-0.499989928836574	0.386745752550535
0.093821481657774	0.0449807690186664
1.08010770026998	1.06932129604958
-0.238108039520471	0.183282143179453
0.33114129259816	0.289169053840991
1.03937913049377	1.28931098106509
-0.288390090847972	0.270005635494943
-0.290617081532488	0.200528515275177
-1.48294896551632	1.84989244401231
0.0880812660388529	0.0302818775225944
-0.394401683291924	0.117397243044943
0.0989413575651221	0.0291090515910476
-0.394401683291924	0.117397243044943
0.101569685131412	0.0307149682701934
0.0954055927268256	0.0350697438138082
-0.587211981565063	0.237504745075074
0.114695816929712	0.0281480292948841
1.40119246588722	0.833570756899823
-0.4178353772633	0.399771950644021
-0.929930590291717	1.14065150116343
-0.106599136759083	0.0691006582549108
-0.661489012778326	0.330240966294842
-0.58039281958899	0.226752391518296
-0.396976205021475	0.244506369007903
-1.19337508967899	1.3765528017949
1.05808965119372	1.40563330783372
0.00108893380421724	0.000829069275862997
-0.541050702751705	0.846303472197364
-0.511882754869429	0.75966964971546
0.0567171855212278	0.0497953896449697
0.936903182721798	0.743897053832144
-0.350524541917148	0.267688856299327
0.414057249639652	0.36889827566294
0.106034658156633	0.094021511818995
-0.731930442627833	1.35743972385267
-0.179479754494398	0.228545885379294
-0.709259470379569	0.896144113467332
-0.498499068011141	0.538086305292497
-0.118103298984038	0.0999598635438172
-0.08754879513054	0.068107235414423
-0.15674530948734	0.12986491152529
-0.0632891019127983	0.0579362243199778
0.146268850222193	0.163679498650241
-0.074950389491493	0.0505407102389311
-0.612073757729946	0.392988941150554
-0.315908332897797	0.414257939748827
-0.68336162480095	0.988747908120617
-0.639631069352025	0.694176994889571
-0.434727273352156	0.393538815399611
-0.453124880465039	0.199044623772574
0.389572467920816	0.158366184621759
0.137884050032568	0.0276312070347514
-0.552429872375503	0.28945005262226
-0.389703372076367	0.239816348204216
-2.12343623835709	0.988182111052426
0.0911040439443932	0.0299159054500272
-0.731685510013672	0.520039742823358
-0.0631374831094186	0.0547128437612241
-0.284710109070592	0.302521474983839
-0.210593775670832	0.0783678375381497
-0.0592903269106235	0.0307972644761303
0.0798762558881497	0.062138772713278
-0.0924496334868005	0.0789131089769528
-0.319983183777185	0.340486656252941
-0.450962583860583	0.53233307329894
-0.942777667117192	0.899126609886521
-0.19701816133718	0.188357356405113
0.153179838814695	0.122202907460171
-0.0087805295521291	0.00635935076734221
0.241864179856031	0.190496270847043
0.0578717670722673	0.0401259514775835
0.850791494036639	1.29770992236222
0.420666652828421	0.38992514482684
0.33031022473987	0.306537998482714
-0.00819390767879686	0.0057375319071683
0.932333672373566	0.975082137331903
-0.847859260219964	0.564520875290037
0.110252048631032	0.0641713056049274
0.241662018455979	0.162787518937377
0.233115455471052	0.247899282720829
-0.289955845511698	0.29793994673231
-0.1974755164104	0.185657845343375
-0.502700699935238	0.533228277335463
-0.167641689332388	0.162469180333743
-0.374310263036824	0.384429513953353
-0.614297722881899	0.55573163652233
-0.20920363058287	0.0797633948199135
0.114144417158004	0.0676856574795605
0.321748844734665	0.307644130970934
-0.967965373258364	1.15676694267911
-0.481585622619085	0.501539654491111
-0.190698294588862	0.179586505994979
-1.72808698157068	1.98360800845799
-0.982664619248748	0.716480938707328
-1.09648651560745	0.434539035182135
0.467203797027238	0.167465311350541
-0.661379432949713	0.164520081151173
-0.395256394865299	0.116958803699567
-0.586536604574653	0.225506044046811
-0.45128080685708	0.198120766383054
-0.397989979346878	0.117974320602497
-0.829925057414067	0.387233606315498
0.982891387383066	0.374042819653967
-0.179660664774661	0.106502456600809
1.02951966705313	0.634575438197172
-0.399825985041133	0.288688121241799
-0.166295702872213	0.169753185065459
-0.410816004932978	0.560082165519083
0.324054141400755	0.394769923587593
0.515021376812725	0.588674944700588
-1.08591065802584	0.448197733425892
-0.163448347443943	0.0651371965551749
-0.85612709304465	0.687178390698197
-0.0765257309145676	0.0652064182315353
-0.189783951268053	0.254053718419961
-0.279538964190515	0.322825427273165
0.147732662061607	0.115173202881105
-0.0667554292695744	0.0442834672247319
0.0600159598288465	0.0394698703760162
-0.0175889955523325	0.014227151471046
-0.112832602649459	0.0746606111909512
-0.384059301902015	0.354356607754096
-0.136596138273474	0.100070775985665
-0.105256895467463	0.10612615326345
-0.00626472585806939	0.00624249242391916
-0.494892478749152	0.386544382094087
-0.244556518629722	0.29678248346522
0.221321127865739	0.227387746466584
-0.180243330295981	0.128449980806035
-0.219292646511666	0.200583512411533
-0.353095660313635	0.444107195543496
-0.286030776140729	0.337749902059634
-0.119161544278661	0.0769308692472204
-0.185965060697805	0.20799126602009
-0.125360737827381	0.145963919834032
0.269058148084001	0.299616927015752
-0.388625655867512	0.504304838116589
-0.534985513373641	0.649786099811223
-0.372277250077659	0.384206372866174
-0.706258218496403	0.821370108102726
-1.79771985651342	0.446675792418859
-0.789144437788365	0.271833661481678
0.261479824639855	0.150569394029397
-0.525809218530493	0.351756456869297
1.51071347348245	0.771385833117798
0.137884050032568	0.0276312070347514
-0.160012075192063	0.0662717997001122
-0.252502473447933	0.174761383348663
-0.890299650136369	1.04586873638821
-0.0235510057938597	0.0161832880808758
-0.0678828933978885	0.0581565415512971
-0.239770430950445	0.221041326760135
0.00240162912615186	0.00127424400075597
0.569568705973618	0.522335231725768
0.546235114615481	0.695064378708036
-0.461739704064927	0.601052433696112
-0.573068392546885	0.689178684100155
-0.900170338411223	1.01909559164771
0.842401679500212	0.45401840587187
-0.499535084944413	0.406849000310618
-0.102051465192697	0.0782095359348032
-0.49959496059485	0.486733772829413
-0.334461165986132	0.322068249980146
-0.120217355882255	0.0884495930256854
0.116085599869775	0.108417208122172
-0.274408144875456	0.212079683747829
0.308783236695766	0.295300340312339
-1.11295018432127	1.6096950647278
-0.151289805143229	0.109938527897997
1.34795549852689	1.49603311752784
0.295858302580551	0.139851699650543
-1.21025419163986	1.0147481901917
-1.10368766132896	0.874541766062618
0.229229692433973	0.177860744544184
1.06760442618825	1.8746582637227
-0.659124974367309	0.794388588528213
-0.348949217847509	0.296636253190874
-0.429243810362332	0.376846591305201
0.371596340007757	0.397798744661533
0.243576303119901	0.193826440654943
-0.0890580378415944	0.0686609936888285
-0.850560909245916	0.743177610107895
-0.392841205484787	0.116190355727902
0.561965411761144	0.570498974043981
-0.523159929495574	0.532355622022656
-0.285096306265988	0.246500037431246
0.0464737168756754	0.0374552064390349
-0.176040573203163	0.152863529518634
-0.163772570647066	0.127579999120163
-0.388719498022233	0.315986332533922
0.0381705668731069	0.025035678925087
-0.17902661740775	0.148108706689076
-1.09875843160186	0.853860966216109
-1.18008462823788	0.366068594755104
0.120330802156939	0.0276453175280903
-0.785562730354612	0.284898206481168
0.0908110574044149	0.0343073891667017
0.118173886043908	0.076948756438728
-0.736390409281316	0.544242506103267
0.330557176298878	0.264742375412252
0.445652455326228	0.706981104210763
-0.145370049015172	0.148404137951528
0.105692359142313	0.115726407536505
0.307933694863527	0.309851461467586
-0.178252475522091	0.107955455037696
1.44385855653061	1.74223193375081
-0.274587399848826	0.237856171011411
0.0372522518966021	0.0407192761618309
-0.0901581378471411	0.108116925976635
-0.0835260290901873	0.0779081585190348
-0.495888961387596	0.530403336030162
-0.351513275187184	0.267143245064592
-0.179553850857063	0.161058693064171
-0.267955689824038	0.203369990939918
-0.436205676040704	0.38111676782625
-0.278366943468656	0.241224603051413
-0.233388065958836	0.234529588223948
-0.433112933724783	0.501447051680623
-1.0069454204752	1.06652042422095
0.0586061889982794	0.0426128579167754
-0.383756105436796	0.401837390713311
0.0720743887654754	0.052901176901326
-0.970839787741963	0.805081595393448
-0.94480454794816	1.48668186554831
-0.165694774323409	0.163524185106512
-0.153415071049859	0.158054210611292
0.387105516958455	0.482908846867417
-0.660776080544319	1.02061555694952
-0.298954674765298	0.322459237511777
0.00408162174781399	0.00324313116957689
-0.392736103748841	0.454551780960054
-0.436629782173019	0.565717613504902
-0.0583279391059559	0.0452848698161858
-0.437595622310235	0.455118972653238
-0.392841205484787	0.116190355727902
-0.393621163963244	0.119864422038082
-0.708443384361492	0.413961764457554
-0.984382588625772	0.714657139812764
-0.368303729195984	0.17214407501314
2.29765302518783	1.16341027229319
-2.28627487867113	1.79670974009342
-0.781856260848692	0.277428855653007
-1.17593414403549	0.3709145036914
-1.34082883678342	0.651675633707475
-0.0917569030587111	0.0450174931029065
-0.187782724317898	0.13757621724732
0.171394414552827	0.163543450418774
-0.375340785606993	0.398605042096778
-0.279011811000785	0.274630908450871
-0.274138309875564	0.265575537232652
-0.544386155598551	0.614463165731987
-0.427271399877501	0.471899143682621
-0.400174547814864	0.245464715563106
-0.0875353952224357	0.0418390095333289
0.299248617958505	0.147557155557774
-0.611111893551009	0.756880995630963
-0.120108017576278	0.101318527743589
0.629607916608755	0.72564294141444
-0.449087433699115	0.549930492694585
-0.564949223032597	0.427080066055586
-0.763568784300538	0.676752493277817
-0.892564789170076	1.29793562485271
0.103888330886466	0.0846006191494221
0.738331089799275	0.941513497489279
0.297815061968246	0.322814270252765
-0.184428078368939	0.151514103626718
-0.115163781786458	0.0962895317427104
0.941733870251719	1.20294402064926
0.600373310611061	0.623072960364167
-0.520000670835125	0.538372349013561
-0.391169083774852	0.329600877025525
-0.75804158697986	0.649806081344725
0.626128474450571	0.631504766188349
0.100602305386519	0.0512310384851867
0.306824714104705	0.151707661278356
-0.40051294596182	0.282001213389509
0.00860981593380401	0.00528890671476807
0.0213273225347566	0.0165287522778635
-0.204663942581027	0.161815886327529
0.335507922404882	0.297080802865395
0.058682050956489	0.0428378872608773
0.0727137405308065	0.0539272551279252
-0.696690613218829	0.723819826640324
-1.19985873078608	1.31739932660165
0.563233789363037	0.516056890368739
-0.751029329691497	0.633192845232507
-0.487707319163055	0.477503413360818
-0.38382382343218	0.34645304327329
0.686906958759528	0.613620383289759
-0.0215977140867648	0.0149761249075121
-0.227467598826127	0.199643463754076
0.145344164550988	0.109386277563042
-0.396763525679715	0.293542662098991
-1.21842499737993	1.05423324518014
-0.606725453746032	0.401556299271954
0.137755951151155	0.0278992132091276
-2.13039802572759	1.02344855689264
-0.855910685687201	0.450180796508007
-0.219310876567293	0.211738045594567
-0.0652262038820155	0.0658251109877732
-0.334217606622982	0.461520241506548
0.264565123434019	0.331573141875078
0.147429797070753	0.168375384749382
-0.215806580946577	0.148943940020646
0.923752131170357	0.982085396394237
-0.447063286815934	0.360746248865052
0.248291785577488	0.324026509414171
-0.450735453024885	0.641174285357127
0.128566431106643	0.130401388887034
0.66233930819695	0.84611431909603
-0.11588730761952	0.11650352887954
-0.521434935891999	0.67083044906895
0.0560875801681081	0.0465321402596396
-0.41572156959575	0.623168785372685
0.0265513223729734	0.0244329578125942
-0.624869622783334	0.786699816020516
0.110890660758071	0.0962159667783705
-0.612005704296935	0.765759531031642
-0.0322764287776469	0.0283023243648313
-0.28665968707856	0.261386413793019
-0.0864926429891311	0.0682895646934178
0.0385775558357773	0.0307323503235487
-0.636231120899209	0.790894742071087
-0.217474003626874	0.222832836711161
-0.238262379426317	0.26282589532997
-0.273988942187378	0.310983368351698
0.0473864018440001	0.0544775178861248
-0.234401206295625	0.241206402810197
-0.184017174084325	0.201232517984142
-0.0548796376430369	0.0465861129836209
-0.0558708481511015	0.0439762301141156
0.0417498372406074	0.0338633991881673
-0.072666310282661	0.0702613045735933
-0.291593777413749	0.291767323556645
-0.99086968029605	1.82910628933557
-0.185878412856503	0.181236827381408
-0.413002257158547	0.433470749846271
-1.17593414403549	0.3709145036914
0.492819743544381	0.276171985609374
-0.294792028990516	0.146685773884306
-0.858984849720396	0.784933744730343
-1.0497383730281	1.27571567853641
0.27811981023012	0.15307512420747
0.0842423512602224	0.0322539176030753
-0.986541093252904	0.738359327608823
-0.164723229320665	0.100155430619118
-1.19339104085866	1.30068849954769
-0.193747060609528	0.171083945197465
-0.221500282630068	0.206161273510259
0.441983761253344	0.494295580755391
-0.23664617034976	0.224331847707959
-0.462848806640906	0.44614234167531
-0.810739997289783	1.13948134913772
-0.15641144181436	0.125760967336403
-0.404195255571728	0.296231970418196
0.384657295801304	0.148359445731601
-0.212154710700009	0.124145447815648
-0.311072776943073	0.286595455468571
0.0700394622992057	0.0519836984906191
0.160618674893375	0.137620012527814
-0.247875932346349	0.215492525895256
-0.875026545965803	1.14809064607403
-0.720795144215175	0.945051516197351
-0.839724738097953	0.888681408732133
-1.07437282490099	1.76804004255609
-0.346689045479487	0.302952838800115
-0.406923806756493	0.455965765813374
-0.0925929247927794	0.0704817795222821
-0.151819731769131	0.117530770948941
-0.375456539862066	0.399557474674103
0.0900901649044645	0.0714260252150049
0.160664597776803	0.130154636044015
-0.486035947874725	0.503734521959098
-1.22343727794507	1.0558816722831
-0.0387019028341158	0.0307750285089598
-0.355075254206871	0.321209005748549
-0.0183160287338175	0.0128864404272733
-0.449537820774586	0.313742291311514
-0.59542721672031	0.514727512065228
0.241362675105238	0.189255904477827
-0.4157309807383	0.407073504771003
-0.838981201034337	0.747352855922712
-0.34956370689349	0.294940655579463
-0.448452689025054	0.359622787437027
0.756162214940859	0.832910483412083
-0.691906751449131	0.739019023582527
0.600398065460403	0.513469901194485
0.238845613645848	0.176877313075221
-0.355494694552442	0.267288003928612
-0.0649559252635668	0.0438820791972453
0.267809694296007	0.152046782895213
-0.444021171770817	0.456239774192065
-0.305230449413313	0.253024129386648
-0.392782787779451	0.325331398557904
0.779709203429499	0.778170539378247
0.636626742212377	0.723248246365512
1.18642945551575	1.56771637546639
0.328185622596316	0.265407449727705
0.623584716073021	0.622569685267161
-0.30440309476846	0.255845677006966
-0.527811740970872	0.537364205711341
-0.216681584750408	0.154769731358798
-0.314685019943282	0.23960252045084
0.086190129316629	0.0288397333698396
-1.34010916006381	0.627957519214809
-1.01020450015896	1.07229967386955
-0.483513916518267	0.42361948779432
-0.615929795730886	0.580504228996287
-1.33344285417176	1.63584240862521
-0.426166011495259	0.515995864091955
0.421563299374792	0.480053366144638
-0.259124929285108	0.307026296730303
-0.0963717998249945	0.0993611076467217
-0.310687260239186	0.326175091248441
-0.0209619438900585	0.0167045792904984
-0.241667331509791	0.263472890581673
-0.475406130082513	0.66482742959089
-0.063068505068025	0.0543890838678157
-0.421875183489605	0.526582373702164
-0.384915842413578	0.461637597073941
-0.00208252984860296	0.001749478568165
-0.973540113759766	1.64788099298906
-0.573867000133388	0.801146597281371
-0.127000963505226	0.115530704130045
-0.813677322209589	1.07218603492581
-0.551719695233573	0.633683667879552
0.0131490124497637	0.0111115852913829
-0.768368809564047	1.01758863526655
-0.755428775029916	1.02977774283226
-0.167169868965434	0.1642415245492
0.489975150590779	0.656719046129706
0.0815627721174568	0.0629096684636621
-0.705586470915699	0.844130252106302
-0.756612951304551	1.05951168750015
0.0916336937648478	0.0735397281172901
-0.95910517195434	1.1028662149053
1.02055868068924	1.12605030269044
-0.210193127742776	0.146942491859105
-0.395886276189637	0.456499107889095
-0.0529937618594554	0.0502600737395075
-0.237278226701514	0.226812312587297
-0.703813046392364	0.851112495818542
-0.283281535273877	0.244349862772634
-0.211955412876317	0.167751637721435
0.242951435127622	0.20165793593656
0.0275706676360382	0.0203500109049614
0.563993333600154	0.622482296638466
-0.389948825931111	0.457724496249831
-0.539285597532256	0.656564266806427
-2.48335549179529	3.15388732265987
0.486759843915131	0.280143344274786
-0.209682826040443	0.0794901611504617
0.0977252885204061	0.0463904218065037
-0.00375208293155396	0.00215124161130915
0.0228077100564404	0.0179127902645869
0.104316821977068	0.0586582232324081
-0.248949307544426	0.132978459849374
-0.389352593308681	0.357282073773378
0.027308529680493	0.0218719179885674
1.18302899605108	1.42436733429082
-0.426226398076834	0.502100305845936
-0.446713329842692	0.423885666565992
0.481490367504825	0.570923135376684
-0.874384676234522	1.0916657071524
-0.281145350995279	0.263661181335731
-1.16334525512239	1.13077002498713
-0.547704820425299	0.60835246847496
-1.51903915644395	1.37928663640559
-0.943110613501826	0.890388610717048
-0.250889788523378	0.17254187464149
0.0820159209838984	0.0652791734205434
0.161955684926789	0.140920144845417
-0.8576773466571	0.583407196557244
0.510373044704123	0.388816849772683
-0.175425496495576	0.144325071744329
-0.4159695994885	0.403527738785472
0.232081519418936	0.180712176486182
0.231290649455638	0.175259491089997
-0.402403597432895	0.286404195398003
0.3336778988062	0.254892679000041
-0.107533327567501	0.0681223601326608
-0.0404239953148894	0.0282595564791875
0.394505677904567	0.405881169113758
-0.582462207299998	0.633046638889159
-0.571764972818331	0.437315759303526
-0.851895392159238	0.814859621958629
0.0504036812082285	0.0360144419942298
-0.043215233113832	0.0223778788364577
-0.762155968946855	0.706480969823586
-1.0059001981647	0.627800593312516
-0.352465976393923	0.291329859000707
-0.28242358752962	0.239168586857487
-0.206614528468478	0.147469018671721
0.238583061007119	0.191820256995398
0.0117853903720965	0.00741194696923941
-0.874654262525432	1.13864380430967
-0.853776810463516	0.813637771711471
-0.147551811734097	0.105732523632996
-0.132271563105861	0.109729121340937
-0.470583853736929	0.402918675105415
-0.256411117549582	0.139704320922298
0.106267653778663	0.061211879534341
0.243085868168999	0.160381167130346
0.102617255430139	0.0569897576022713
-0.116018301027623	0.0521049152262973
0.127263168169025	0.0846293344961556
0.334215000037559	0.274376602928358
0.369430331217368	0.276073768346059
0.243102698800308	0.167908497416992
-0.666540152488789	0.570360034788867
-0.4677716987327	0.411448409165787
-1.00648527108228	0.630514425087773
-0.401292711672957	0.294181397668851
-0.0704756663690691	0.03602405070248
0.104316821977068	0.0586582232324081
0.352174979878956	0.259171043919621
0.963491739137969	1.1370884834214
0.441363754280359	0.275726601221191
-0.175347610167842	0.144300350038088
0.0448822954297182	0.0310945338267543
-0.482806013950164	0.426451927121823
0.242492829615174	0.153956486413983
0.089462891662928	0.0300790279467185
-0.460213061691272	0.255091074698441
-0.523078023458269	0.349612370694436
0.851150964770459	0.722742168242623
-0.737782588086255	0.538160833102458
-1.0468091575033	0.996920991255263
-0.459421579644224	0.330046945706758
-0.852100244383523	0.566407845285493
-0.690980357042723	0.693132174884635
0.405249890327536	0.253447192916469
-0.244651013148599	0.218485108407913
-0.533148263089979	1.06323427324829
-0.303197510347027	0.428794888392067
-0.151610002625565	0.193945501677932
0.792189557550114	0.922216965410514
1.05670705343196	0.919155083951146
-1.03323715297801	1.06458955132904
-0.173426036021674	0.123802304818653
-1.30000434398628	0.884847652943248
-0.24471656633647	0.207464515203142
-0.152031865870233	0.150024539034584
-0.500784081197317	0.40230144656351
-0.402211442546463	0.328221381600473
-0.105836571065059	0.096523711854723
-0.247575462241867	0.347149089948322
0.0171666118181292	0.0182569477799987
-0.339555005300122	0.221597731638296
-0.299505658006342	0.158270724344946
0.728280631484604	0.410850030076409
0.103215180020595	0.0566697879885907
-1.15234707532941	1.3997126326633
0.463424014943381	0.915696329953354
-0.0706382390641547	0.0782795106211637
-0.00367186337407757	0.00220906067208199
-0.601252626571555	0.364462900228626
-0.60647967018174	0.402090494774234
0.637152373179263	0.271948007167962
-0.657702314345271	0.327924776727781
0.547309798354921	0.284674180526666
0.0477674415714529	0.0392120643288492
-0.0943091430662227	0.0633753837135538
-0.402194407056995	0.540037288760739
-0.118798232969552	0.125212087435372
-0.444814790005521	0.583929734004524
-0.18240217521368	0.175586601416004
-0.660644215163139	1.00019142786395
-0.377166626287749	0.51449156533285
-0.179500094133866	0.225613707384143
-0.532010637531611	0.832747132722413
-0.18706947988477	0.206985946612941
-0.234351832673914	0.257566129815298
-0.34815796059466	0.373508830310161
-0.556457623950373	0.987427144588631
0.889842534249112	1.25179192698274
1.16882745515556	1.11312898370901
-0.762246483622453	1.00397588746877
0.0957683599509362	0.0450315442232225
-0.00699528728466174	0.00415416101083721
-1.0071381989788	0.623727011873424
-0.825301740017261	0.372386876450631
-0.829083986237384	0.371756514923234
-0.853015665197208	0.752689383659904
-0.668347635960069	0.320956936333214
-0.845529949111803	0.829447643427466
0.120025793036523	0.0801550904538464
-0.265395523346628	0.309779757075412
-0.309450191390648	0.528426418554802
0.131910366268581	0.145037719471807
0.0379217664797005	0.0256750054743616
0.630115844330314	0.29560603021401
1.22267597805737	0.671607313317384
1.39937588628148	0.840958248860588
1.26816091680392	0.574381438846744
-0.203209969758869	0.0751844316661087
0.0264325337817555	0.0259045396971849
-0.0663515011778276	0.0628208643521092
-0.119220178928786	0.0537947124255696
-0.756483621743524	0.603632490594021
0.804250292559233	0.573407297911611
-0.70964052225064	0.42999001097581
1.04893419301026	0.770738639263845
1.04326527626996	0.711708422363982
0.089114264787931	0.034301111489074
-0.780316056609353	0.286242209067478
-0.157711538444359	0.0649909891919734
-0.0322260708069504	0.0255569931083625
0.900187223282724	0.595597109701053
0.303196203286044	0.151352866076988
-0.662086730901114	0.330130808924937
-0.453272973823073	0.200410674346318
-0.0802552299797051	0.0381587335555203
0.48422063360014	0.265150424844925
-0.848267714677867	0.737188127494978
-0.0298416675643828	0.0212496064152389
-0.123036851652987	0.167662217313184
-0.770621701602668	1.19419450075756
-1.39569493095316	1.98922161123798
-0.454503948587715	0.200448601242469
-0.062907951923928	0.0321598130431933
-0.282526351498272	0.0969540381962041
-0.428345409736615	0.384675323359926
-2.03578214288346	1.44784712162454
-0.457629087943841	0.255149806700043
-0.115860276530713	0.076215406062423
-0.645776420010721	0.724088967006848
0.43260499726638	0.38841444787681
-0.753895606126783	1.09480642054735
0.138212140381111	0.139810612828999
0.184104303615429	0.197872900263597
-0.48349060375231	0.69552011131903
-0.300647066155406	0.295917527038019
-0.76019623950719	1.04312185597913
0.357973004926656	0.484107510761872
-0.286233156114018	0.269594914400989
-0.0198652742007915	0.016019560356721
-0.152788325824218	0.149937296479723
-0.00196779061347153	0.00161597282601201
-0.437859422128959	0.450874607796607
-0.0647584064224563	0.04962402529003
-1.01696057897906	1.35460755385077
-0.636488359189678	0.686692137370637
-0.259550750446122	0.242831408578016
-0.695787052595809	1.08996712180578
0.181901432852215	0.169469858013349
-0.30407683838972	0.324558715408506
-0.264176826119411	0.249538828937591
0.398861261137393	0.381358524554503
0.38011599322183	0.40177016143358
0.171784136940706	0.157118139286235
-1.67710865878725	2.26774426926272
-0.55624591579774	0.530430207238738
0.344377991234782	0.279131223303283
0.356751728857391	0.39328672273992
-0.44616019905844	0.509081095022672
-0.403715073551466	0.408519235529427
-0.285716756944573	0.311508712412548
-0.352071963074237	0.34645779184394
-0.27242279095767	0.216825595549776
-0.178936720627746	0.131857796931279
-0.0295832167073752	0.0167957773347202
-0.179563855363431	0.129223914506533
-0.393185229481562	0.351859258777085
-0.495031689395635	0.688660092253108
0.0215999658986247	0.0157104103888477
0.173686863260012	0.175252151229423
-1.07750543346904	1.45713246090491
-1.02243623741422	1.27950929467664
-0.243407082128876	0.131896650768493
-0.55398956927599	0.294404829049994
-0.0041674818338922	0.00239406797602647
-0.0964772959754789	0.0730115529681753
-0.250160335269248	0.171185284247172
-0.595085698294549	0.502343510728961
-0.18435566405088	0.135810539757573
-0.646424823857716	0.48468935116611
-0.0661992519899137	0.0442169462943994
-0.693155518259656	0.720698632123614
-0.172643648566337	0.1524359290887
-0.665780529461121	0.775917499201179
-0.1227390982916	0.112136608291967
-0.569186333925749	0.578023886248316
-0.937059621660214	1.40889076767381
0.089002018301012	0.0715239769817036
-0.697992912951201	0.725544001727635
-0.814986904807975	1.05230194978213
-0.445103143083254	0.367933631661925
-0.350722964200579	0.324361485300072
0.238625817018417	0.179434451253235
0.930152492515316	0.740170970271235
-0.201756695146898	0.116565227573612
-0.0266580651359874	0.0187655925003742
-0.919922539320285	0.890094024454712
-0.270969856149114	0.226221848101035
0.479024807467251	0.468272352125172
0.135555761498024	0.094789830822568
0.460804914086332	0.379121370283956
0.00265427018879678	0.0017626541306032
0.366936044701843	0.269141318159538
-0.461747072210425	0.265227014485264
-0.760963605232491	0.69111590877984
-0.496182231129811	0.464993569930373
-0.516944066344566	0.59981405295773
0.0381790350527908	0.0261831938983685
-0.326886521637424	0.326767998213707
-0.34660288018498	0.294267271750904
-0.440963521232429	0.360898636791055
0.0502730810485163	0.0356652224074863
0.153320897625412	0.118695717889596
-1.15110291894489	1.39601108810097
0.156304774607751	0.119829472979259
-0.209924822098774	0.122768010930622
0.229572499638251	0.157860216272715
0.27811981023012	0.15307512420747
-0.30533242317397	0.23288615655759
-0.0639635988060935	0.0327179297719127
0.941677211070476	1.18522605520168
-0.859202657061048	0.683361272074801
-0.814372531828646	0.939327655057316
-0.318803205182151	0.320314550770889
0.131025284639693	0.0922217897991585
-0.291410644963542	0.197070473092689
0.261649413661665	0.14860515282064
0.239492037383943	0.167691486775092
-0.543238847110093	0.289912221759656
0.277172415965781	0.147439191597505
-0.117584053247857	0.0541336365377053
0.363197260337629	0.262486580426843
-0.215284517263421	0.148441828242645
-0.0203471582938218	0.0114490224775187
-0.397202055453957	0.277886976717527
0.315513090257616	0.269024770459952
0.169910476178309	0.155639373484677
-0.121309435961412	0.0776603422856298
-0.532908135023531	0.347600464116673
-0.847898033634915	0.486115807587734
-0.137935767863387	0.083737882608594
0.269155026656282	0.155163946814057
-1.33641418698645	0.621269798130482
-0.22081023428823	0.149580979646657
-0.0575539191268869	0.0392011439837578
-0.464798263304269	0.27210166292837
-0.704257560243734	1.13997629825045
-1.0100399415615	1.53563376022336
-0.069484032908813	0.0469046582525625
-0.473930511062958	0.414015352658002
-0.765041264454711	0.962862649410621
-0.679160550881444	1.12647518678061
-0.267787694975393	0.307677417729532
-0.939426336856025	1.7175465005548
-0.612624523750781	0.851617027243815
-0.0673892587506574	0.0640006076742484
-0.215751265900084	0.205330335618852
0.40309835095556	0.488827307157218
-0.616624517989992	0.894162611710081
-0.381413152784311	0.49729595199855
-0.0635618194779164	0.0436636739035464
0.583544814167994	0.785623285581711
-0.142555827052299	0.0894077770057952
-0.193413647724656	0.186282149394456
-0.386098116477666	0.460175899138528
-0.446949182024175	0.354772750884685
-1.70886418889978	1.68760386055234
-0.349206849289526	0.258736492552596
-0.348990378187213	0.369351032063942
-0.182436747828743	0.163871944203775
-0.377489053840091	0.445602041615815
-0.258651834128126	0.277371042774893
-0.519124631500439	0.58934696801021
-0.308771107808464	0.334102979458279
-0.596742002925104	0.690970919996473
0.657681047750357	0.717998738584779
-0.569458305591696	0.547388951458547
0.236988522031413	0.24938578400152
-0.0462488743759895	0.0410890672354715
-0.497351291043837	0.400815255547882
-0.583445530901755	0.233680444039623
-0.179660664774661	0.106502456600809
-0.276852399294566	0.0927923372020062
-1.54724501156307	0.801892069602549
-0.17424625761549	0.102765034501615
-1.24990415303174	1.29621208813302
-1.15282662099628	0.79671393899304
0.629899751563588	0.52842064609446
0.0509954102490883	0.0366233339771585
0.799430269005293	0.569297277707016
-0.250888551626126	0.220009518292793
-0.180009151302423	0.185729854905515
-0.807446978722841	1.02697543901134
-0.349831420512012	0.368599178406534
0.0671961065812661	0.0482358013755539
0.0868971098571346	0.0696720759515435
0.0283716601042026	0.0188094045301833
-0.478511714997927	0.424796560452042
-0.707423884289297	0.813916903986347
-0.0788972595527418	0.059058975527856
-0.400075591735883	0.298312074009001
0.169980071920214	0.143172071359949
-0.751418251546163	0.849778065511028
-0.769396919504161	0.840895023560644
-1.21959530823956	1.61481747234669
-0.181581306184008	0.1478192681549
-0.0969553674908507	0.0892838628282323
0.111013568726756	0.0993631296181052
0.0775568281205365	0.0583017058315258
0.0412176150084305	0.0331231322576847
0.665137433380001	0.752406645094166
-0.279883429372139	0.230723651141087
0.0444393414826532	0.0305805026045333
-0.311681064643745	0.290982741428948
-0.0021187530136718	0.00126370604801566
-1.02039510198828	1.45683032867621
-0.232566775974658	0.235480407585559
-0.500267765074116	0.529936431991671
-0.422634479520196	0.359854523936726
-0.425617323149265	0.384726693087265
-0.565398789932697	0.637000686581399
-0.352012402496458	0.259005405977303
-0.313465544170172	0.240253070388849
-0.855284978686557	0.6844690171044
0.242206329945218	0.175489039013706
-0.153289447740562	0.113507534921787
0.374925922245853	0.267959839275957
-0.958112155525503	0.787699629833207
-0.15233699064371	0.113242588857893
-0.471343170344274	0.411349861698015
0.524069231126922	0.512022656890803
-0.182047114047654	0.132427217890017
-0.0709197649928697	0.0489392970494644
0.0471959132151557	0.031566432703227
0.32577339377504	0.2907921940191
-1.79824335204023	2.24739131900292
-0.862263166992634	0.671552152154528
0.0856191087170895	0.0329018776193963
-0.767465980476746	0.74126835071004
-0.452231682345028	0.425555842143673
-0.759166845263565	0.925152074407954
-0.758911412218036	0.657415553070199
-0.397841856401818	0.334985731786798
-0.56348769836	0.891691475683769
-0.467737759190616	0.716178543916694
-0.526344986294786	0.727311534409099
0.609538213554679	0.708270003946593
-0.410153938204181	0.425346952866029
-0.516175956931772	0.599854346167208
-0.301805429306923	0.401845377508679
0.110411778969004	0.0963719719882936
-0.11345839420553	0.122138767475319
0.300553829624569	0.31316649858249
-0.131783136511586	0.108679713434018
-0.270057030224859	0.321677341378067
-0.236112902366961	0.266239568531488
-0.613771493020864	0.712011158244996
-0.624527969266407	0.930124136061023
-0.0493774113340753	0.0477945040527385
-0.176677126696154	0.167447591203485
-0.248685133563767	0.28889894208392
-0.102254211967893	0.0861878969421108
-0.537817546941208	0.588988483266128
-0.337532579621912	0.372815887866114
-0.0242596261084526	0.019331080475189
-0.44439511730338	0.412090481058898
0.105473718218845	0.088794110161981
-0.503291523098812	0.588592644241777
-0.464653169649241	0.512059493543244
-0.818032603828292	1.29930867946519
-1.47944558011811	2.3890920209427
-0.0248826788049379	0.0200491222910364
0.709505802256324	0.768246213587569
-0.169081924627504	0.174503142927595
-1.0144991139842	1.51261475136515
-0.580421504059418	0.579459135483275
1.71544082723383	2.05704004092386
-0.736641812582143	0.538933621258782
-1.22469161461135	0.726679396255938
-1.53237369220995	1.05247253205181
-0.530660961664638	0.353515890705662
-0.0373449258065408	0.0204375853945257
-0.391248911205355	0.276578220409615
-0.375974805774786	0.352430421104302
-0.944944061345974	0.873597475037032
-0.914869420456953	1.2755572168628
-0.173867889862425	0.165613544139094
0.110081470894571	0.099265145565622
-0.804779963508538	1.23157526033187
-0.424829759464423	0.372943850142578
-0.310857729137056	0.265362378282877
0.420470570446929	0.388089903427928
-0.434625329144342	0.384692575339319
-0.477837550478426	0.421971091093051
-0.309491357320109	0.286022353138156
-0.684872438439231	0.631268279248731
-1.48364707167553	1.78650167855823
-0.856109041465184	0.771415235005772
-0.387038425949853	0.353721801575804
-0.0339556567206623	0.0239178143228881
-0.630997977125061	0.6426302317762
-0.0509013680669421	0.0398480939180541
-0.532840684465601	0.570965622510368
0.463966611298324	0.485291923494879
-0.195542954850123	0.152783498051657
0.0496478595772787	0.0355539297883497
-0.31416228558921	0.274541109196291
-0.351654189127965	0.257263102960665
-0.627537557965029	0.642813419323159
-0.384065778778328	0.343777571934673
-0.0880917487585385	0.0684660808304177
-0.025992774313163	0.0147958130031932
-0.153789836591132	0.127872928661444
-0.212187225416364	0.122288739056547
-0.765645881159607	0.763323077934644
-0.763346507002089	0.877365933843158
0.790114872987105	0.81775630169866
-0.856123659490183	0.756970179626417
-0.151513438145324	0.109076564414738
-0.446395015216077	0.371980815797008
0.0143532735879067	0.00873665612978537
-1.06391163338801	0.967172876523986
0.325429867243216	0.289376069819877
0.152930798759185	0.123807255225375
0.0961774889458145	0.0525809657271175
0.0914033869090493	0.0755338607657632
-0.127397492325266	0.0796450319732232
-0.848634497941457	0.745131146816777
-0.552313543024717	0.522087169890297
-0.517438690013334	0.514404543292512
-0.501993550953552	0.772675018118794
-0.616454329673255	1.12760978485099
-0.137730959657427	0.155305083048849
0.0137427268401495	0.0148421417521047
0.0849029591626152	0.0869082176874467
0.295405320090461	0.292844754290487
-0.0762191056794522	0.0575007217287949
0.275294383361545	0.335899210251132
-0.368771105836452	0.541196961948836
-0.186459465154722	0.165343347381207
-0.00694783124222628	0.00500579800841425
-0.212381172422187	0.217481625474961
-0.291015517895647	0.282254514508913
-0.478971474296693	0.633700719280903
-0.784563396930244	1.13713127993253
-0.30756179707786	0.35178429820684
-0.398883109919098	0.296480578749859
0.1223676004314	0.0843179611222379
-0.0582023903029007	0.0394051837632934
-0.209460859263013	0.215833253088506
-0.185081611967293	0.193599769128828
-0.480798396984617	0.652042749787792
-0.797349874712837	1.04999053183265
-0.551394072292609	0.67445970688334
0.0247100699825234	0.0195188843841496
-0.165488414425541	0.165357364796948
-0.150595922183231	0.132376953837228
-0.0637176643676704	0.0494482366235009
-0.498019643823229	0.783629204694919
-0.292558974471526	0.195177712030094
0.239754688529104	0.155634977444672
-1.58354159278275	1.83742765703056
-0.693155518259656	0.720698632123614
-0.417536794159534	0.411788073863895
-0.345356373721645	0.34129389561036
-0.505746504355501	0.554393377282353
0.142169452754695	0.10027929145479
-0.456538671790218	0.441581594121196
0.824513290242009	0.868054275735158
-1.33394776942453	1.64447668121607
-0.206250169076524	0.120035118151078
-0.741598561545107	0.527442369483079
-0.142997260222528	0.0911863038723639
-0.270053391275993	0.213529215092984
-0.497302291270185	0.399963247860665
-0.287021021657043	0.192923627721367
-1.23092396751699	0.980919165857253
-0.297765963362436	0.151655426678965
-0.528491743586262	0.469385379786065
-1.40863296737459	1.37859315997811
-1.6162906493368	1.48320274359593
-0.608128682320566	0.398564552935196
-0.210111053633272	0.164773363182487
-0.146270072082394	0.155607693800487
0.124743505268202	0.116861165280767
-0.185954138573693	0.130475886105401
-0.898109498692796	0.989024608916752
-0.499581223896455	0.549025605014317
0.284216697105911	0.304841464314995
0.310454143947722	0.383190740821094
-0.00982803410405125	0.00866174121655375
0.317528535314238	0.418143798642389
-0.52410657611837	0.674090555653718
-0.353295344527633	0.328614023916675
-0.27921243544001	0.232895352489436
0.742270988780803	0.980440415766888
-0.24284954715361	0.265770645023998
-0.00126191190164246	0.00087426952191474
-0.0791490005269355	0.0688272404637759
-0.0791591779750725	0.0809585020512091
-0.698162881883326	0.788398847296537
0.25635661735374	0.159153622575047
-0.762427586710681	0.85808979688421
-0.495391070892877	0.539887602121857
-0.255188359517406	0.252162597240939
-0.397453235503937	0.525482839308631
0.419893666927646	0.472594936902986
-0.631249230714211	0.667127040604886
-0.734783314391722	0.519621087554632
-0.150037862348664	0.108812844361432
-0.97375452922221	1.35758923036236
-1.0033585263235	1.30326960520083
-0.122185589016559	0.0917613382310839
-0.598995404628265	0.502712291806347
-0.853612012324894	0.766665496317545
-0.714881748766478	0.410159147869484
-0.253083956549185	0.221240658184883
-0.474158841986889	0.428436095238168
0.492055781659738	0.476491190296406
-0.230198134800308	0.179192772436606
0.0648283089098929	0.0485153607404861
-0.225738839058402	0.193917882271627
-0.360860769234015	0.173334160399411
-0.603358087623677	0.396690169993923
-0.209746243214335	0.143927994004049
-0.566360580819094	0.516066562649347
-0.460792351591704	0.309899276231333
-0.240052105659665	0.224285019371771
-0.412145520819666	0.468323424901521
-0.227494810661023	0.199691440436957
-0.402820980298783	0.466754722465693
-0.339131159470018	0.440148576832276
-0.366689851892859	0.477302708772841
0.431488398702941	0.631478241956144
0.0616177016396779	0.0441664947258188
0.339671937736279	0.284243795557804
-2.16864106737814	1.59720738960228
-0.473538880077433	0.49062367086518
0.170353402907179	0.177118560028871
-0.0717861401047927	0.0562366057416455
-1.18860538058013	1.71696647364022
0.0989544714844243	0.0527607506932274
-0.211100190371173	0.199772221904254
-0.136396185491345	0.129525375966989
-0.398577495001074	0.325770897454319
-0.0165166831488674	0.00961860412966329
-0.409245057687813	0.427303793498284
-0.204274514546053	0.161262118712709
-0.199454511891442	0.18529230003349
-0.394179334761937	0.284988156025104
0.251934605909442	0.159049836085307
-0.171480009740064	0.104755867302902
-0.0210818796479098	0.014759599494535
-0.181644083913157	0.17376176008995
-0.0951305745246714	0.0885431499330005
-0.350446012467957	0.322403655545567
0.342250121091538	0.268954909531498
0.4125427909746	0.274455489434643
-0.944383162707109	0.81667669758139
0.103227664906353	0.0526644110246943
-0.0818548724091908	0.0633258454936394
-0.186737411644335	0.134052118205202
0.623458967738319	0.505530535873406
0.797155686034092	0.557102628165091
-0.47487519340747	0.426178256724876
-0.338578384218449	0.224864885498349
-0.500122275568574	0.474538703313168
-0.199066441576505	0.221628263056716
0.131944485084064	0.135144751037625
-0.183905976216443	0.135067666629118
-0.894248309723338	1.02741132951346
-0.101686920388793	0.0861484604970888
-0.243893687331113	0.209521331916232
0.430214544651066	0.567061907094972
-0.0710384400460338	0.0597714767537512
-0.112873672244137	0.0849545181573155
0.149316638186148	0.112165639452987
0.225986699338001	0.257968756216287
0.0154469606692606	0.0118025082090852
-0.200022905023575	0.171093948562441
-0.151082663705753	0.13057466128142
0.0373062345308077	0.025631777916229
-0.311502797628114	0.24342251886855
-0.242429276624073	0.203175532810723
-0.179357667097484	0.145412702243151
-0.350824839307914	0.298988489887375
0.0147048879992476	0.00906990851207824
-0.853073058295534	0.770852579382105
-0.693696203437256	0.680676022409261
-0.699337849397162	0.755169899917344
-0.825330075808448	0.95933451678817
0.661310783747131	0.639844067264661
-0.1736329140025	0.122207316610954
-0.52757818669742	0.361707600920936
-0.603047131659785	0.509781385579557
-0.448525859392927	0.192421964588174
-1.19318088607089	1.35154885178115
0.800388985955128	0.901766520396739
-0.442680747527201	0.367490888845419
-0.476688077909845	0.428936313756951
-0.313191415667826	0.266143328418023
-1.79838076221921	2.00679384656095
0.140642496943162	0.0966310777388915
0.0998060478041405	0.0547911422028335
-0.757592281124789	0.691400862420652
-0.252302567667008	0.137067263747075
-0.109683598279656	0.082090062707998
-0.246313365929978	0.169050441195023
-0.147729361741985	0.109830065252502
-0.467468000363383	0.268624735221902
-0.662343266330047	0.842106701065346
-0.1340636000752	0.118317280001389
-0.54908221629164	0.688201333992938
-0.118708520248904	0.109799402261731
-0.124929827600657	0.101759514067489
0.557182068960302	0.67133841066836
-0.505764225627149	0.664455628889407
-0.441638179902036	0.578321765832672
0.797564156256118	1.35546635918647
0.368986945913994	0.381387088684476
0.0435087351091425	0.0360974503368753
0.164492646763211	0.150654516033957
-0.102865424843043	0.106038759872937
0.106152541433701	0.0898283137503132
-0.165640847277031	0.160600192837318
-0.269589230988877	0.328961981463539
0.0581056493920999	0.0496341694871367
-0.299512176905342	0.299991364558573
0.099112672656742	0.0831219068514949
0.227640649246313	0.229177435664409
-0.0689112796994298	0.0454269460078529
-0.393706851193053	0.323055374602361
-0.409361557443118	0.388634393185052
0.0593299620004213	0.0409799336175887
-0.385141411127598	0.349687335315659
0.00249957377647224	0.0017038973696102
0.0609306377196154	0.0438438582526913
0.329860890296576	0.271354365727675
-0.753875727952814	0.893283595234273
-0.220235660165191	0.157765725856832
0.238910483438183	0.194439437048055
-0.152229861777566	0.124037832275714
-0.448540333716837	0.462234324485306
-0.624011061789825	0.630139851833215
-0.95079083530634	0.894977507452491
-1.0761840438686	1.44045542679337
-0.715282535572857	0.845057994831637
-0.847492430304599	0.775851084615784
-0.348844521941606	0.323469704372782
-0.263398287543291	0.205732571785761
0.044354356066721	0.0298965104347078
0.319021401284373	0.284390399431175
-0.593011841965005	0.521043537500328
-0.388069129376134	0.237664444108571
-0.526999876940982	0.350082073014603
-0.452530107369521	0.419146567684121
-0.551260299113158	0.509024104720803
-0.451130069721198	0.360723343512052
-0.933261712615282	0.978354331977648
-1.26324742554953	1.44963975716006
-0.59801420391358	0.508181309996803
-0.350873424484262	0.338055791009495
-0.270854709386956	0.329568624880728
-0.217054372504441	0.186660351748165
0.29945379900949	0.305367157116091
0.445181368662052	0.527786688152008
0.600858875481567	0.90127143526061
0.590285462032338	0.79829554176873
0.00894461096093576	0.00736529170768121
0.972270771549191	1.58505443656253
-0.195744666313133	0.173696862918075
0.0993713547629992	0.105756951388417
-0.810945130925348	1.14063336718218
-0.152852777334886	0.121445308607487
-0.279326988829629	0.243906913521788
-0.581310014488865	0.738113394548661
-0.199782417740084	0.181017772320664
-0.492290999819007	0.475987997033214
-0.221999949931845	0.213600074273685
-0.108905972935688	0.0929297080670569
-0.253914165556157	0.230215459678173
0.246651140739524	0.185680353934065
-0.807757994133982	1.04789485067738
-0.0619179653083391	0.0485221846996859
0.481007650929551	0.508244463541197
-0.0666290225032214	0.046029648980153
0.329182364309241	0.286650445704784
-0.268014918231611	0.21205789784395
0.787568369211664	0.790422561812647
-0.507957718941377	0.478821067487867
-0.115159506220604	0.0834847358494996
0.843866155057044	0.69319381059902
0.249653573904772	0.155333120064622
-0.0871194700929181	0.0678757828697832
0.11466548910332	0.0729796926760265
-0.0869461898550451	0.0650923564370129
-0.536691667843126	0.455209675861434
-0.388155287890368	0.357819377803173
-0.351131872252067	0.287158183432648
-0.181679913542872	0.149908866155773
-0.338578384218449	0.224864885498349
-0.849262978105766	0.842151428174737
-0.347321418963381	0.442605202417223
0.230469211457976	0.178206919843552
-1.21678992098913	1.46073367527516
-0.300096393407434	0.294859700381203
0.107802022635114	0.147531063700723
-0.291595441068141	0.444862188451568
-0.182973185943278	0.231641507883707
0.535694582885832	0.483120871014773
0.0354123891906852	0.0237812822056432
0.441799223784859	0.262719880692359
0.581068500047737	0.860166084700714
-0.0813694308829327	0.0956680354420248
-0.275880188991787	0.263203596714684
-0.0531754994911881	0.041368184547548
-0.0521050473989198	0.0458665826663295
0.0729323028737026	0.0816926527484146
-0.0272404097573662	0.0194665914788856
0.123500449645052	0.128691156459377
0.0699927387076035	0.0502436715051878
-0.151456399601777	0.124620321090792
-0.595960444380267	0.888159966758471
-0.536781261693068	0.724602904479926
0.102759194755177	0.115296321063473
-0.62440660567005	0.626130862850383
-0.353048833819465	0.247450973668166
0.120906309961976	0.0685823213116072
0.00756193364959964	0.00481600212593486
0.727617172464649	0.553723692414701
0.590639483319187	0.408250910405562
0.409686934738201	0.269712049318856
-1.10934524116237	0.896158066936074
-0.304020013603999	0.156479961506362
-1.02248387691517	1.72351866843049
-0.252969908758575	0.344396388821245
0.0743751558984676	0.070067858346786
-0.756334676848742	0.787732804716823
-0.606413937932396	0.382298712256894
-1.73490423978495	1.0525065820306
0.246914341769056	0.164011107842011
0.102081912222921	0.0561346951825628
-0.00806408080575612	0.00476427711792609
0.0936228576759516	0.0480438895806229
-0.0901746314556064	0.0438403049150389
-0.0693371599333629	0.0351581536397266
-0.363372299490278	0.1733000009106
-1.73141597673782	1.03618930401339
-1.2235108442664	1.50147925504913
-0.358273381023734	0.442136050261006
-0.0665454141653164	0.0449644197800713
-0.272802564979608	0.21742906101487
-0.644474141450658	0.480129872067335
-0.648172361991601	0.878769699970319
-0.487358239747428	1.15355666253928
0.382751724384721	0.613849558837449
-0.311500490407686	0.463081558157628
-0.215319405341443	0.155301842156038
-1.61613673950001	1.56756945491079
-0.458348777303866	0.326457151121955
-0.0878481717744643	0.0863295371393389
-0.127563351575673	0.126143506955903
-1.58776973904612	1.78726059164261
-0.204610001317868	0.113659108621824
-0.503060904898498	0.681599038232321
-0.705075434649857	0.820547213990852
-0.558290404920688	0.916379657817227
-0.170852481128122	0.143233632498778
-0.551285131573631	0.631796616448735
-0.0204333881724384	0.0118334758349254
-0.119995040364739	0.0544106144576973
-0.521369971921602	0.356459480064239
-0.852278096531328	0.590450522072314
-0.848079258894777	0.481458043990604
0.410842256356617	0.262049777343077
-0.207367712169232	0.122424895959725
-0.607375703910581	0.569156676891525
-0.85976628744169	0.577027072616474
0.104970865929269	0.0643651460663904
-0.283234334109265	0.0949519170819898
0.389661646520362	0.155358233403068
-1.389833903779	0.853629467221745
-0.446470049641032	0.304606129632752
-1.06590410448678	1.00549398791937
-0.421215340438841	0.454049637531433
0.126690735538015	0.0816704773358347
-0.564550646295457	0.646295369069214
0.232656339943678	0.260981594031763
-0.899297044253425	1.62216282125617
-0.301634793819163	0.366940616507103
0.292168897010316	0.287391085360244
-0.474694514994341	0.422779770573475
-0.132162803385501	0.0952622606587666
-0.431782079908187	0.43371142384884
-0.324971201744952	0.392080842853392
-0.916012082158918	1.28263481120829
-0.135107020171971	0.124001855446039
0.00784762465547986	0.00648663026146965
-0.0291362289438254	0.0232564121931395
-0.162156124729589	0.132699555705826
-0.623225930736425	0.805427401991505
-0.111785167920623	0.0687382508003899
-0.498085915523976	0.379870289294133
-0.462137099487771	0.511556477815697
-0.263479052114849	0.266848214661463
-0.105593343710577	0.0860151668974583
0.011043816231261	0.00832628792721276
-0.220194470414113	0.190341952655765
-0.198165712300227	0.159387786950906
-0.61529975238285	0.566771400877187
-0.254953149755382	0.175954859823085
-0.307836133364321	0.238999142563189
-0.981436985573153	0.729618765800991
-0.0187069928006594	0.0106926671180558
-0.356250236895448	0.334333517090005
-0.173017934201881	0.123118093241082
-0.202874124905009	0.118902869969827
0.101285595718598	0.0512149387828475
0.258923865830778	0.147382336040458
-0.756443604804103	0.679131482099342
0.489298659126766	0.269673422668671
-0.0228821818126227	0.0127979316469151
-0.761915257595279	0.908061870740831
-0.393002361486303	0.478262875425625
0.512964195380559	0.65289352455935
0.0432018179513387	0.0416789510172678
-1.55990270262843	3.10870016710047
-0.330571106596438	0.374867426984131
-0.00245006633843371	0.00201617116295881
0.0386068052981538	0.0365786328844426
0.773534930448702	1.48247258225465
-0.0435340139039322	0.0365444453494509
0.546870105903228	0.609017018350507
-0.321562295362304	0.366923925492047
-0.313201460829602	0.31172182350963
0.683886389041952	0.733031510043036
-0.610276620711247	0.730312980935233
-0.764990599302099	0.975187835893534
-0.667374725997184	0.865478757844424
-0.352370332502097	0.39247922288231
-0.264408866218611	0.266870726763204
-0.583668386030551	0.593446039861296
-0.564894393906518	0.685283137909268
-0.37909132823277	0.424399627566127
0.0412561521944873	0.0343699846935344
0.35199964522019	0.404608017460351
0.299530623771235	0.319197395288448
-0.824040755378617	0.898243894003801
0.241912587024839	0.162597415336835
-0.585635992041134	0.631880380840885
-0.371696832566006	0.36415361114178
-0.255565883574677	0.178546812779746
-0.756056689224391	0.845747866702999
-0.756636823283895	0.672789434726589
-0.434161553038603	0.480904393638753
-0.458737073760394	0.505315930260269
-0.315012848027754	0.350323510815303
-0.433933175626247	0.534391599048472
-0.430409782368926	0.533528984249695
-0.233885080675295	0.210228023379787
-0.942592240969067	1.53991152257564
-1.2430719504343	1.78453051798009
-0.108978242830138	0.100845889629948
-0.338263291063089	0.341788141528877
-0.84865373722304	1.30404160558389
-0.099314154659447	0.0975190517318505
-0.536365313179199	0.583254569087068
-0.651925182246715	0.788793250951206
-0.695731634075557	0.797083438105917
0.0575985271101685	0.0507536316581841
0.173085863137183	0.154595426984674
0.0500190795619256	0.0353597324908114
-0.501241725594634	0.398774154308947
-0.275524039269597	0.239422026736833
-0.0382701235937723	0.0260018369637365
-0.00423648251600494	0.00297669943254635
-0.757158994764865	0.84938037878191
-0.360305407644678	0.293862017388145
-0.564365600880882	0.449711365270239
-0.391149610092717	0.593721789209069
-0.798915972448503	1.202980737671
-0.104892257784736	0.122446554101335
-0.598475682540774	1.02891517055503
-0.489870743803903	0.689321783801158
-0.129316711251109	0.119680090381925
-0.0384842058985094	0.0300486538710939
-0.276505831199898	0.294140689359259
-0.0540416252152968	0.0517986699599175
-0.984409814926865	1.11803389612255
0.304212344613037	0.297260735596393
-1.02134575452708	1.30087223378235
0.0249767335868141	0.0226830173066314
0.107824656207424	0.0887619241116566
-0.239707574576651	0.226615455764721
-0.435590408772871	0.444867242167687
-0.047717205181156	0.0378540526763191
-0.227765884495032	0.229532729562488
-0.0327523342927566	0.023098703181212
0.124608034451599	0.0787234377571015
-0.82028271950211	1.05076208130176
-0.138709154898404	0.0878956667285175
-0.268408633456715	0.374084852376829
-0.195448740695408	0.231295580723752
-0.16308570950067	0.182875161912947
-0.47390944125041	0.483038765961208
-0.214263047790294	0.186873544583929
-0.616699086678938	0.863046910531938
-0.0525013232911211	0.0468952483424469
-0.0703010913079664	0.0659456797461984
0.714394915613396	0.758881188210143
-0.757675129996117	0.596243228536024
-0.239435534098453	0.224314478750882
-0.457884255200434	0.265644142390347
-0.51685007133821	0.526630395012748
-0.189882914061989	0.174664418653654
-0.866237355040353	1.16807733172626
-0.0867805636196061	0.0826404980621109
-0.256429230836914	0.282449653958531
0.0746271562465479	0.0702282243571424
-0.180103836810695	0.159702373855198
0.69363275452325	0.747279277280087
-0.848802342368634	0.635323639928855
-0.455830653065142	0.328993664467396
-0.659074683074659	0.790916800565722
-0.46655252841399	0.562084558718981
-0.267876798648118	0.27689293165708
-0.407669097635778	0.607943313669
-0.253037495281856	0.306941275179055
-0.0689089999721272	0.0535539754954178
-0.82127657280273	0.881081741422779
-0.341359219990956	0.221266510821788
-0.133611852443297	0.100168235817636
-0.395234308870999	0.351862509141988
-0.17421601178101	0.141935906836225
0.86341678043523	1.15483636671026
-0.0137900796626988	0.0128326339843633
-0.568143861592179	0.757782527570928
-0.070906497618044	0.0610635715166841
-0.185597384348265	0.181352199689587
0.101264201350223	0.0846430498949985
0.261547775562278	0.14788621017569
0.511754782851767	0.391638346128279
-0.319082490346538	0.293520721380324
-0.208322458873664	0.217168820923362
-0.530432863661527	0.630937992149433
-0.0342053087043725	0.0275580185332641
-0.117396025421577	0.0985458305550254
-0.66903290123989	0.550354445027816
-0.30993694498966	0.241257763181581
-0.870271200509725	1.09490990703286
-0.264694908622527	0.316464708654249
-0.294607216635311	0.387846686292752
-0.264524222265053	0.258345544166731
-0.38509193104146	0.363675214582094
0.346182490050856	0.465519874224136
-0.560020309848879	0.815553053930214
-0.17662062149758	0.174501319694092
-0.201695619170885	0.210160279289421
0.0328219570947554	0.0283101261301097
-0.344965592896781	0.389275085233304
0.321692181897736	0.294466319502858
0.542883407708677	0.504099388802274
0.10016199514832	0.0519372946057694
-0.360446393850848	0.171899513337598
-0.175174608997961	0.105898484622356
-0.325747502476922	0.324207102707845
0.170214945614164	0.183868724943138
0.109826727033416	0.102167764520617
-0.133872571764498	0.145549416540883
-0.594874880772164	0.667129317518725
-0.0520279607426855	0.0407524901699902
0.0742735122247699	0.071254230669691
-0.106704914772252	0.106510762900147
-0.130340542859905	0.138420552915728
-0.354561874644884	0.286808123318999
-0.0156292331815629	0.0125739390431459
-0.499496727059868	0.477581971124107
-0.0978951852238689	0.089924108529454
0.334324491491141	0.401879242367922
0.319564926237579	0.406337932533958
-0.0815051410849196	0.0760140603205671
-0.133415701751544	0.131304410257059
0.0171152159481628	0.0152384638437757
-0.154278401606253	0.153288731282065
-0.585177839880973	0.630581500393293
-0.297084390952805	0.2225623482906
-0.28726101247667	0.191579960218647
-0.860592445032657	0.698257387434654
-0.58420263831953	0.70931830549103
-0.268681327251699	0.341691528669985
-0.363540126151848	0.429984041458522
-0.172264999012747	0.218302748149529
-0.0126981114615537	0.0110891192614772
-0.231263273536919	0.182007518583344
-0.175063128977567	0.127417848557892
-0.649838105368617	0.74568111461766
-0.253742238479659	0.327092591110875
0.0967108685322156	0.0974296028731884
-1.08872837548729	1.23223099781754
-0.505795725134245	0.557580808501615
-0.135821301864939	0.124871703899968
0.062402286856098	0.0464451207969167
-0.0314527836502994	0.0275841363830229
0.435798125082688	0.544089152331591
0.405711819432533	0.54454857322981
-0.196614377904578	0.20324285344294
-0.507519796849672	0.617004872765026
-0.577170930225035	0.705237842400818
-0.42994014702818	0.472349925879864
-0.20455568168213	0.118719063160041
-0.294596638914389	0.354418917026164
-0.100577723050333	0.0947120593706665
-0.204968411012933	0.220606024381072
-0.323179265342821	0.393369767641382
0.104016083653572	0.0907003601867733
0.084749671618205	0.0802111278708033
-0.665108415842015	0.548433958977663
-0.348880343399224	0.260825450754214
-0.170381253993294	0.190777691637697
-0.00904337877576007	0.00968289812275965
-0.378030134675669	0.52735254621212
-0.140312168878674	0.150907355838467
-0.523092631853723	0.344154134719049
-0.0706490512614279	0.035705055205676
-0.0450772531965273	0.0247516890867102
0.244782577752814	0.218753707801414
-0.0368637113356012	0.0285900162863403
0.519305473454859	0.484611181641635
0.139841506939491	0.146150210697767
0.117770733348154	0.112448802976179
0.777313347388367	1.24887587930211
0.345751825951174	0.404197571571604
-0.515132477075046	0.654131994192095
-0.227861339988907	0.197499694296121
-0.473245533215923	0.582711583183618
-0.245948537098712	0.265043805184892
-0.149999860464346	0.155065356073315
-0.0710238557127523	0.0696500459732635
-0.346500607564326	0.406744520363375
-0.0497622258505348	0.0511831227734676
-0.220051734571921	0.243340704958059
-0.452115881136873	0.606022980283434
-0.630537902461922	0.824633497442555
-0.611297984220721	0.581408554091598
-0.394439213931368	0.543076260042181
0.0618198889128932	0.0544548372945093
0.255697677844588	0.144152347168026
-0.530200030972604	0.470907635864965
0.695621864870154	1.00872851357501
-0.326949941894197	0.203958554077412
0.371353206012928	0.46998183443973
0.659550799113879	0.999352577412363
-0.154251533447108	0.151381310539636
-0.956822885500786	1.45156985828161
-1.11794428066297	1.86997425880721
-0.606516130787813	0.73380062567857
-0.160628862709807	0.154905433026364
-0.201173701611823	0.228146058925163
-0.0234403654594062	0.0164548421544105
-0.132174588893239	0.110688746782524
-0.496081285111955	0.541170119968973
-0.941041421729678	1.69472964248138
0.0344145415616343	0.0328955042884846
-0.353479345109473	0.446260685951905
0.811632470495266	1.09289662497612
-0.00772542513539124	0.00706344658708957
-0.159775990295808	0.154101967403561
-0.129375205680652	0.143602397128376
0.0642525419684608	0.0692897951093336
-1.03661645377766	1.66678665620559
-1.57135365883759	2.67977463209636
-0.848845544912977	0.558391350043452
-0.988504323379391	0.718417941397202
-0.248219399270686	0.133844562108207
-0.347261306420592	0.259522133872352
0.724622378969297	0.393436193136314
-0.0253397054698636	0.0178877682687815
0.0707544923258619	0.0479972187914007
-0.155435974696512	0.12788673963638
0.0519338036014942	0.0438452467893322
0.0312392646618932	0.0249596948861448
0.919789752774499	1.27027087917709
0.171946239860414	0.17057988411907
0.38591125924734	0.454912685866436
-1.16472319739646	1.97726726556025
-0.562300121723266	0.73690740215955
-0.560297663204068	0.664786782535827
-0.241421919238307	0.209556356395373
0.00000498810023912207	0.000100492614369515
0.566337018915864	0.809418623081894
1.02546850772414	1.44153888043883
-0.297927646027035	0.155339713670935
-0.0125453747814301	0.00897466812401975
0.319434572667711	0.403187421349703
0.338148065697327	0.409228493591007
-0.250619554675844	0.307630165242483
0.0255423227431701	0.0228325877032655
0.576415652791713	0.847650572551109
0.102310767401768	0.107861430560961
0.223993645357291	0.27129155284897
-0.15934271080657	0.142968663354375
-0.168284026524112	0.159070085423754
0.0408859953792404	0.0384402771491907
-0.730544219443562	1.05209639830485
-0.584061554484237	0.599794162552404
-0.296675316572637	0.37781026137306
-0.81162680976791	1.10525042942285
0.596417143585644	0.528919291418376
-0.859185120932873	0.572146810444326
-0.605987813982825	0.386450237733354
-1.34152245627193	0.651016892062133
-1.18092506917026	0.368773047437297
-0.663025422475429	0.332669560571473
-0.830572144801129	0.385608535071513
-0.212153085111804	0.0672759366049861
-0.468263551784138	0.268693016454139
0.264298355336283	0.15626979463502
-0.0512637598955727	0.0271446970919791
0.0294492308154895	0.0236136326774602
0.630574087774696	0.796842563061597
-0.0820988310219826	0.0688717408085482
0.252934641280279	0.237395344907172
0.476048723033275	0.643412844401574
-0.148003084234631	0.142503901831301
0.0771213307755748	0.0749667360744722
-0.308566781822916	0.347551383070315
0.298361073784942	0.300282715521864
0.109302269678529	0.0970179494016785
-0.608505247152607	0.69513252502161
-0.228042729777477	0.181213055227612
-0.116790117231089	0.0523752985520836
-0.761767676939437	0.761503704986077
-0.310642940739868	0.273366168783104
-0.357989042695184	0.380081573321686
0.509804371300012	0.584159703231208
0.225565165585418	0.260231070776221
-0.121735701025714	0.133160289808742
0.546226817762007	0.684014990561304
-0.044815000154702	0.0247249874450412
0.0593855554701944	0.0436454379679643
-0.0689552442394168	0.0584074756404652
0.0111129027523391	0.0101810175612809
-0.322816394131416	0.423115948135232
-0.237504934780488	0.275195481071051
0.321842674968076	0.386991928285041
0.189307588822319	0.181423021164529
-0.195410811163344	0.187045578581572
-0.0183267238091997	0.0145221167085777
-0.108158058912734	0.108784928721691
0.137676307584638	0.151148651970253
0.110169840787402	0.0969656968561512
0.137104386454536	0.143405200442507
-0.168380347892002	0.102663704948041
-0.142875944173367	0.0911147912777485
0.0044445978939579	0.00287848988311018
-0.471862459091151	0.473827088147155
-1.27998330774202	1.75729431259239
0.11334064013962	0.0705360764957805
0.096159654066634	0.0451783113234835
0.0945704804875835	0.0406017561056394
0.0894959239584534	0.0307270486502312
-1.09098760056773	0.445192950965475
0.0933462140456815	0.0395352713627891
0.249732336695148	0.150196481753404
0.302007250728476	0.143067973769502
-1.1609885808084	0.771036807026005
-0.915757044456266	0.994746942595766
0.00408104839707501	0.00318500613701811
0.0574090589166352	0.0380327617445354
0.289598417159671	0.331148259023249
0.13653761735115	0.13563778232288
-0.770817635165845	1.09021733123873
0.063527000154883	0.0552830231835849
-0.256946662632146	0.239374168265119
0.524039682710964	0.594082582817514
-0.00823633323512451	0.00667627692681012
0.0851250631114186	0.0673421548624864
0.385985240755743	0.265214137834356
-0.605082693376284	0.402841698439154
-0.29236537938385	0.301117074761482
1.06948772896861	1.48987101983402
-0.120286006785949	0.112138314652759
-0.406870856411648	0.532648910718169
0.398361254555446	0.387949413999764
-1.55277149411793	0.844175134176892
-0.503068562238178	0.481080514791563
-0.148083620905222	0.143790827066504
0.375555499372488	0.473645311037606
1.20422443774804	2.34600561416903
-0.538607771772754	0.855092607760313
-0.0438481949085745	0.0381559448393607
-0.00119904087913219	0.00112480880582344
-0.156302601540248	0.137253079582131
0.016054540671873	0.0141596470784698
0.656891597678457	0.929165718199146
-0.116725362707237	0.106671085750002
-0.623930742777713	0.822736170084268
-0.549321819736642	0.699159271599436
0.0052936389241217	0.00381006117737188
-0.0849662566534262	0.0663476853485519
-0.151871014189164	0.13686843387571
-0.428096974313639	0.523965870554943
-0.0730946689913606	0.0488024518055669
-0.611471226444683	0.739571064780771
-0.15672687278512	0.163290462198009
-0.635428583822561	1.09686371857079
-0.739139327593296	1.15844233149771
-0.55502200351514	0.872874543224543
-0.55588222499478	0.59849596147777
-0.533313478614601	0.695964493283584
-0.554637555579871	0.521844959943267
-0.522240617490309	0.348145770644269
-0.393409482388567	0.237591978852988
0.0850027764687439	0.0324812434171116
-1.34221622851469	0.644182760698786
-0.28676456622175	0.0957529497182866
0.547279729854356	0.408329911098445
-0.360860769234015	0.173334160399411
-0.0675354066211131	0.0352315001913019
0.317984733743961	0.288658029476073
-0.891255696958828	1.32247615213858
-0.0762499519256171	0.0625380410688013
0.117585796591927	0.115036451025348
-0.239729339272055	0.279076612517941
0.223642554515574	0.263030732326414
-0.411678295435877	0.527912051408585
0.315149204232904	0.414025443773354
-0.889621954421055	1.46984134217711
0.362092926938857	0.393773690160863
-0.3241499123194	0.378795130829307
-0.206049257534116	0.161448422292888
-0.492754167998368	0.392326027057304
-1.54704209969799	0.810155554806535
-0.10071626982626	0.0854364931047833
-0.066488651568191	0.0648724680975698
0.502985396409119	0.671031977974218
-0.043682067761849	0.0427235507598357
-0.155327387905221	0.161103557097968
0.857716250939456	1.15902422369574
0.134871711732273	0.0949882342603646
0.301191420209728	0.290503346708513
-0.253334396175912	0.275284280284954
-0.030706640696722	0.0268789685315838
-0.645495919744799	0.894084746292887
-0.51504341249855	0.749831096032766
0.642941416229797	0.912830565085886
0.178228188068995	0.199173951552555
-0.268740122045172	0.294307831921551
-0.326365099267801	0.346665895539919
0.391089460426867	0.489234470727477
0.279465427291199	0.336203375571533
0.177557911692336	0.187075716523005
-0.953612604378058	1.40253117999694
-0.285069682662845	0.330330381698748
0.236597290970204	0.234588767014502
-0.0334432151859632	0.0296819420439259
-0.247469866388933	0.219182443119328
-0.267568961311482	0.292117251780077
-0.202323414093795	0.196374376455422
-0.188621892358582	0.224637989282862
-0.255019812519616	0.306357225689173
-0.289454670821488	0.44589490489894
-0.505546058818271	0.802097017313539
-0.347238932451207	0.39066646497123
-0.491013726704774	0.575227804817334
-0.344389476336251	0.538920090689283
-0.411712713752779	0.394983190146633
-0.503911222150068	0.398375902211369
-0.363441845604857	0.159750496292284
-0.830668421523666	0.854659430976259
-0.148263124161756	0.131931722723227
0.0145707965012535	0.0124705507628023
-0.331524842995971	0.352127736823766
-0.160124920721235	0.153893873949437
0.172619905939687	0.149148294995872
0.126368717818311	0.134408331470768
-0.402338914865916	0.380491625026697
0.723971914570819	1.02020929458789
0.694428485809893	0.84073663711436
0.439638253026411	0.539042337976722
-0.141955241278422	0.116473083552547
-0.30903890661705	0.286302115818883
-0.879133582502552	1.113267103548
-1.37734064255268	2.40555324470798
0.39867371855299	0.573743458052262
0.38916248618544	0.384507048216668
-0.309474827677062	0.349849462171079
-0.0221845081851243	0.0199896181904405
-0.135722739541777	0.134132407073536
0.753097184145584	1.07133078460637
-1.86769189212284	2.51275279319447
0.0634262013560871	0.046588980078137
-0.0412507728998197	0.0328403726339176
0.239511821771095	0.20352345730535
0.106410117719464	0.0907983244042542
-0.49592866148297	0.725528658637675
-0.471689239118736	0.567202796717572
0.760759096838583	0.973551160414539
-0.273879652018676	0.279240617180067
-1.11151481999925	1.40077752577478
-0.24557152065814	0.262577658048862
-0.359300134260542	0.430103708461171
-0.540428693604888	0.661686835463674
-0.092561060773748	0.0691427245118016
0.572314201283773	0.764810054661444
0.232314508114245	0.235998639231401
-0.10043902833218	0.0797817320081472
-0.379685932779068	0.338659571617708
0.798539835022413	1.04016864038952
0.0142401409646122	0.0107113613946842
-0.763463334738505	0.861971984894731
-0.231418292183968	0.217491370655366
-0.0707419926169627	0.061973621363934
-0.0503134318270106	0.0425297502288157
0.30652546903175	0.315423217732426
-0.447464718809719	0.576613891760098
0.181318110284331	0.20008038376272
0.0816177271831148	0.0926108024414595
-0.404141104157704	0.410933495919837
-0.551299698676465	0.782243842239063
-0.682086621786655	1.09097319518668
0.0487164917896102	0.0471578480554534
-0.261628996636992	0.303681493493082
-0.592969167828088	0.666218180749008
-0.860418872246919	1.22365411066033
-0.191957503922733	0.205671594000334
-0.201749567299453	0.241290364567677
-1.38300616637905	0.866291873094249
-0.196139581822569	0.10901733375696
0.0692861929695663	0.0635772892553001
-0.00713137801905886	0.00411469458369074
-0.485984653680217	0.56831172867978
0.0685126295005241	0.0657389230424834
0.0213267706210711	0.0207832681213721
-0.0266099340129634	0.0215661739243605
-0.280421852990575	0.280059546777187
-0.261586590105156	0.256634595391718
0.0842206499338329	0.0667483253433085
-0.292844124118096	0.272236861079399
-0.159295814935072	0.142992032296546
0.159493104508501	0.13752832418093
0.418721452707082	0.461167293825045
-0.349206849289526	0.258736492552596
0.384889987315106	0.256227567260744
-0.871142599787874	1.20091540541051
-0.0811281819334048	0.0770346959910568
-0.210085367009457	0.178088968195993
-0.313639289051812	0.281662804153853
-0.349751601026151	0.347033498538555
-1.43148797018673	2.40506829219823
-0.622515176386533	0.79040855314861
-0.183351648200345	0.13491178682774
-0.530911309180324	0.598083589040501
-0.321317369044444	0.38948134372498
-0.26970986948094	0.273582917542483
-0.178949976238337	0.16146947396562
-0.859252110134228	1.10698805363196
-0.11496263988388	0.0941146492593546
-0.812346886553811	1.05441579042732
-0.656442072330238	0.78132757057524
-0.200816323458025	0.178490913804765
-0.705934631735802	1.1444739737717
-0.26987085004115	0.248673256633053
-0.427877325699812	0.465099113306982
-0.218329795715389	0.211003704619194
-0.29773250577845	0.416052576614898
0.36455243288079	0.388836904068767
0.130146230264883	0.0938560631652726
0.465670929155896	0.575669288168557
-0.489094461816816	0.492188638254474
-0.369549747009678	0.45666847443376
0.219278944304616	0.352120196012199
0.102334853335765	0.13405522954778
0.109284153181089	0.0925788554538466
-0.151781780269507	0.110631933083208
0.0171533539220145	0.0102453754435548
1.47788299871324	1.18105939635854
-0.125015132330125	0.0945383285326616
-0.0833480172880641	0.0698304640325338
0.105212132557821	0.121184980125841
-0.569969120237112	0.681014058741179
-0.492742947084344	0.544692624830821
-0.842021515557972	1.47770150053397
-0.848299384004532	1.28146260898416
-0.558006394728508	1.0225800819954
-0.0868059243076136	0.0732502178781948
-1.01923042920209	1.28142027451268
-0.502529576628788	0.488749027663201
-0.0545674439359193	0.0412249459364897
0.240986423788072	0.175250068816034
0.635301484181679	0.727784339321536
0.130025481023185	0.092154686862364
-0.256565759634461	0.217591553093121
0.295169378470532	0.31843673688013
0.124341847747627	0.120078766646775
0.652853633645335	1.2096521928806
0.483229691456117	0.708277656335648
0.222157499830543	0.229377647661607
1.59772618292667	2.57524596791072
-1.32025044508014	1.25031944622474
0.335656835184429	0.255367033883938
-0.661471213275769	0.546453316813989
-1.10965652896957	0.90028520990059
0.212309450368794	0.257400409625935
-0.0552388741878	0.0600397412973575
-0.264650385546703	0.206819959536312
-0.15847085940011	0.141572078790764
0.161166657123305	0.136292257388326
-0.0137965895862284	0.00987450355118318
0.0456746200788163	0.0368375567634392
-0.554610772641348	0.53127955732846
-0.699693473154771	0.754048744411337
-0.969044394084929	1.24390361960803
-0.065627805878309	0.057622120929485
0.10042554979586	0.0875876399871261
-0.558083458088591	0.850446546899317
-0.0345187653582351	0.0344510707231349
0.235042556924836	0.19294634820145
-0.319645923471298	0.289700281402216
0.0392832306263806	0.041274678273498
0.501618638550855	0.652311428507717
0.171356384608191	0.160477071477997
0.352536494220201	0.393574819961103
-0.407632302998251	0.567140098342976
-0.660352455744995	1.06888677803549
-0.28346008177041	0.355952672314315
-0.686069647629752	0.677315438593454
-0.0447916590556476	0.0397382808676548
-0.139264336589294	0.123843483279215
-0.00810002021485978	0.00749639123230833
-0.586640173299954	0.810665259168492
0.0869246406979598	0.0847272627101426
0.451473262446921	0.567796556032343
0.172189191444662	0.170999951445555
0.0284723196946452	0.0262359300416992
0.163575713127673	0.142161605273467
0.248039790674723	0.163615651935657
-0.341387633388228	0.375394020278153
-0.207133569469043	0.144441464903431
0.800367680497496	0.539164216334723
0.2325255486862	0.176186145711735
-0.138625472815146	0.125307012168726
-0.379653250818555	0.46702267766203
0.235548749490483	0.24563840878502
-1.38550364141819	2.58549410650141
0.71306108885302	1.17201502949424
-0.351562110861252	0.416731905487578
0.00360285298053392	0.00261416569924166
0.0378204002355849	0.0311579243484072
0.060230331422466	0.0491839098870062
-0.24164131631972	0.230582979833572
-0.865128282243199	1.1223962109301
-0.201593570278867	0.189724353794589
-0.104247734440293	0.0783437539239123
-0.202054034592536	0.196534672376747
0.236521826240794	0.230817003455246
-0.0677326863665958	0.0693111153812795
-0.196919592570788	0.255372407077461
-0.353283825159403	0.297284518711674
0.549132544267734	0.651801411806301
1.10149967327579	2.17612184363783
-0.207197629637005	0.231224898086939
-0.353393605155294	0.436250674521366
-0.839271375802892	1.25331180150238
-0.393815802230296	0.4651284742637
-0.766448473598072	0.889040895485144
-1.22038246618414	1.06735696801688
-0.45785759320756	0.516878487143789
-0.356885715352277	0.323735214389059
0.0834742576414358	0.0646331037361678
-0.622966019640453	0.786994116194549
-0.0696720698012795	0.0586277406052926
0.602836848512843	0.93583196956042
-0.260917083576912	0.25808311436398
0.36156834543712	0.399909403105954
-0.589066182314483	0.708046340227341
-0.393571609509699	0.242388065875004
0.452960346961971	0.361615565410998
0.250798326230574	0.235912208241896
-0.514007938465641	0.657280745382204
0.171873258926939	0.163202511566601
0.295458723022668	0.316552339440592
0.178934757524757	0.205912970068476
-0.114038634643032	0.0954054750781601
-1.19942593302615	1.32614798570485
-0.214393764139869	0.201184176194341
-0.473472958321134	0.554409885726266
-0.13287764494198	0.109487536484561
-0.280475902432973	0.24184113194591
-0.526652324034174	0.528093571440684
-0.575006294958807	0.797437687473462
-0.242731525587351	0.220009748670836
-0.392149401036003	0.485326379957608
-0.353973143677248	0.440920725454722
-0.290735991734391	0.299969297357823
0.949310918653115	1.35848707524236
0.169760518955064	0.178990459741979
0.89907285360907	1.56127566219783
0.111907089834941	0.104345632188425
-0.178046698523684	0.172835309164711
-0.159650748379295	0.117119953665292
-0.214131307967824	0.220514041110588
0.137141433580881	0.102894434949637
0.216296869436059	0.230253279207677
0.368123424957727	0.383894327565148
0.121162732390926	0.1148235496525
0.00426997766279112	0.00355694761179662
1.35821239070136	2.32413262464767
-0.810987959607463	1.25445150991692
-0.991344919436539	1.55824733589755
-0.876951851604711	1.06702423032966
-0.570646346078011	0.5469058376894
-0.432790291288472	0.375059924120672
-0.405103331241605	0.428000397539944
0.00649430844902198	0.00554753839376086
-0.581365816396626	0.720529331017782
-0.148056790231262	0.130594724197929
-0.0415674752446091	0.0370318815091177
-0.207063179336614	0.168688497337275
0.161645120396212	0.123920189340599
-0.409129260819144	0.432988461513309
-0.914365926505595	1.35001213526171
-0.171741485379517	0.181515253604074
-0.01929354787687	0.0154238241954426
-0.0162933979529705	0.012900857551976
-0.247775638540518	0.248190905577961
0.125099931065719	0.113503592463801
-0.0779396026930071	0.0682464064375455
-0.19441983994031	0.171886637908577
-0.37538384561123	0.336085944379967
0.010965854859861	0.00932128218780341
-0.375523865890254	0.496533312219021
-0.454123365308625	0.616163779036628
0.0355030354657219	0.0283945318751936
0.00670684082425026	0.00637131395106936
-0.785770307935057	1.1656811872275
-1.00658731806613	1.07041548059469
0.148299762655771	0.115212193072787
0.135055582815009	0.098335004684156
0.0996421994597142	0.0815854482496484
-0.236755077014028	0.235365424883117
-0.497345917102974	0.646942542843534
-0.0368676495261479	0.0323900734065904
-0.0228569091152914	0.017957406961643
-0.318681279540121	0.334294201974127
-0.171636652608027	0.163684605427838
-0.406553481720787	0.427173790520168
0.109941291182463	0.0662640828713195
1.03686634659815	1.16655731684654
-0.672755652893119	0.596747889870964
-0.0724191169642685	0.0630223816549165
-0.217587550114972	0.206332047372815
0.911008543527663	1.41267141989642
-0.24947356696482	0.268759059916198
0.122876345286692	0.116412508476231
-0.483867847840186	0.491147845673849
-0.447993444501608	0.361915602151939
-0.230432762094726	0.233926215147567
0.647218286271806	0.883223859128641
-0.143160684348415	0.138760125440978
0.749121838396845	1.20232700507589
0.0103328977517546	0.0088202400926295
-0.397797136083608	0.46023407204551
-0.193249698691384	0.171655255768691
-0.292150182840933	0.323042417114736
0.0243183145243608	0.0188122996944891
0.0325989585876323	0.0305084137094839
-0.374414197579714	0.565003951962171
-0.472461567071547	0.581264259977579
-0.125223897749468	0.105444766986742
-0.468846986821102	0.268709943898746
-0.825400521479259	0.38030399432203
-1.34224425600446	0.632528806362414
-1.73157244676062	1.00769560656577
1.17482316459776	1.06373484452135
-0.661355663742778	0.563140291111673
-0.93133342867195	1.14679702961003
0.648390303440972	0.905350715379169
-0.684445762524702	0.683919281140336
0.174555560987168	0.172864294510967
-0.250584695807748	0.271023518896755
0.0279113779067499	0.0251660525011737
0.238112025937273	0.252217127033381
-0.637830538568201	0.474874394458422
0.546103504190286	0.39503789720918
-1.50225213396073	1.52662816999275
-0.517056431873671	0.563016458718427
-0.267845161224729	0.267703975448221
0.548779737668024	0.740248072936745
0.227524919023976	0.25879840277905
-0.273837135676309	0.350970774552263
-0.515454803733659	0.601275125694921
-0.300147184520419	0.209638478441934
0.380194858016702	0.391920617298986
-0.583337333288036	0.828198346818163
-0.102446270019191	0.104944740502613
0.091677607818077	0.0924360013697818
-0.214279551842261	0.236393710199769
-0.487488607803352	0.662171391037053
-0.172007658056148	0.151665941650153
-0.433977742625656	0.548251391334313
-1.8879477043241	1.67345878255957
-0.776980438509092	0.275349689854244
-0.159245816531595	0.0664016291369381
-0.759726721083621	0.696048424836788
0.338545421049177	0.152865544295808
0.136103264439056	0.0994091336394511
-0.151456399601777	0.124620321090792
-0.549148148844938	0.501788169395217
0.106170596403136	0.0854687685808591
-0.499603154462124	0.662153650186016
0.0788720837106212	0.0792215402087506
0.241351934483374	0.246236084310745
-0.521197062647668	0.588195623951911
-0.28119423033012	0.303684817706297
-1.65815403945235	1.27704718667882
-0.456932063202479	0.266695822782252
-0.147944991533813	0.121410090950858
-0.0379793041053438	0.0285331612524529
-0.0399654170956077	0.0358073241425593
-0.863493188871758	1.17009831450997
-1.33320108350429	1.65091212161769
-0.0409620605497881	0.0322731136478828
-0.243024983939443	0.245408639347915
0.082078301602761	0.0792152336548794
-0.0447467034789736	0.0371015832538879
-0.154047996111927	0.138769473123722
0.654898842515726	0.73246957676528
-0.896457999538315	1.03427222817019
-0.452042713446288	0.193121087152165
0.0995334043513171	0.0416618930748518
-1.10636650728791	0.906424380013929
-0.0809144165228063	0.0384477352353019
0.250817098740027	0.155749762251824
1.17788898885873	0.95796815445167
-0.482478645250846	0.431091578009005
0.530596555197281	0.601587412740026
0.332285339531974	0.294218497079565
0.0581403262105336	0.0521113067918497
-0.498997116821445	0.696322954858009
-0.240261692879315	0.276252154561013
-0.486047055080489	0.625234156442293
-0.0715526245882992	0.0675922415440001
-1.30360695002856	2.43277376610162
-0.0826878977616037	0.040007999828508
-0.899571974813643	1.36459309552961
-0.976638054956869	1.13351085629032
-0.729463622435493	1.04676532293917
-0.179307891738681	0.225494844276333
-0.083093354314474	0.0790564253328388
-0.0966458462672191	0.101782850289176
-0.223613978788686	0.209205078400864
-0.26290087709127	0.286237114938811
-1.49613244058016	1.63848718541164
-0.463421849980858	0.270641868076155
-0.663527780838218	0.328954408279282
-0.392841205484787	0.116190355727902
-0.398809556423235	0.120190602946701
-1.3223959426037	1.22963287797257
-0.740594562323356	0.532218525345243
-0.253121895245473	0.138643985797328
-0.247700002193763	0.139482944704855
-0.245615637341835	0.20823451504258
0.299552820022558	0.307546488855762
-0.0377724007593695	0.0303740188773212
-0.238004931351327	0.243013186788364
-0.370902554391776	0.412495392203508
-0.505341972296556	0.624550211002025
-0.101247954188432	0.0835698554122503
-0.367382363071965	0.176505430471457
-1.15863304074877	0.775713654573205
-0.685902655469699	1.01073356273898
-0.369620650833497	0.369803472521801
-0.0560393152878736	0.0444630520631062
-0.532473580430124	0.752751909072307
0.0715141455568678	0.0680570918863809
0.0252881853864271	0.018992717689187
-0.234862612718841	0.269261349344549
-0.122166840444746	0.101661744600244
-0.603918393300388	0.505802932201562
-0.667054724932094	0.336817180216715
-0.851873944277782	0.633990286806446
-1.49330115302726	1.59329632179083
-1.07601342292215	0.956008729856275
-0.216570480483553	0.121086906777318
1.39665279709257	0.845141422402087
-0.644520968836139	0.682116350126857
-0.0998910627326695	0.084462338891339
0.0200829093706344	0.0152273188230708
-0.0530052780561243	0.0458219540912084
-0.0349673327837559	0.0277424676265045
0.05453020982578	0.0455002578865464
-0.30987449716066	0.23475766663585
-0.312267101053877	0.351098569928292
-0.478362984524116	0.741140598583214
-0.23332748531088	0.188052998716764
-0.850487496728773	0.649365194829623
-0.120108017576278	0.101318527743589
0.643797818648079	0.803469390105434
0.128223113367157	0.132177398098808
-0.514816116181533	0.719949371006851
-0.244423589818778	0.233005277149326
-0.317626996218069	0.440139560329499
-0.67161657701274	1.288845853961
-0.354482780952421	0.462020179447256
-0.454532882517353	0.537083530018945
-0.104480671338477	0.113234474219413
-0.204593484758614	0.237576975811943
-0.134347751180652	0.124113346671034
-0.109623153700952	0.0708276153688986
-0.238338427767159	0.125609513630504
-1.17756196347236	0.360030201558138
0.101649572542974	0.0309006320571505
0.097111391524782	0.0292139208575234
-0.0585082645947345	0.030369627863401
-1.06957146517429	0.955043674760041
0.00369312512367586	0.00234459629260093
0.0912344879338394	0.0389466404316017
-0.09344960966785	0.078814417976804
0.659753946478509	0.912919123933779
-1.05311733002639	1.45590036324377
0.127054344958448	0.125178740232409
-0.0894274967677229	0.0598617789762752
-0.37676032552948	0.425480752370158
-0.573675521642177	0.872676054763127
0.184885057610213	0.194100863744468
0.0420289306337806	0.0424143442085925
-0.0989736184858476	0.0924865192123101
-0.0467022050800187	0.0460149258746193
0.324241769829777	0.270334908914006
-0.370807733298193	0.412848001249301
-0.319196875549154	0.3822515922343
0.193356626089969	0.244703525543986
-0.728306892065521	1.11562631790744
-0.538207404353301	0.791790117348937
-0.895332425103359	1.74996886007362
-0.208965823003114	0.262138984989551
0.919087911573705	1.70088297928268
-0.363472348201181	0.35613919542758
-0.313667426763286	0.255233427426907
-0.208555149753553	0.0789780098782792
-1.79855097632956	0.444373754165809
-1.33542969806099	0.625307527713718
0.275573127114378	0.148548284696965
-1.06873383999853	0.980919403938616
-0.0623348688890293	0.0317782214787958
-0.0711914469359492	0.0539720976629565
-0.770014836363595	1.06098585799654
-0.106726764565802	0.099157708285257
0.139333124686209	0.146144118164275
-0.0384476801854092	0.034628164718429
-0.302242376249512	0.156206790383793
-0.518829016190738	0.343700037851897
-0.282606894886149	0.345852188907267
0.489092449896874	0.678872931360527
0.0697540735432101	0.0617923145962171
-0.1732933026753	0.196817483727667
0.498239118557125	0.655836773521541
-0.0371220578591884	0.0316231515189956
-0.12619923290283	0.0509773453276045
-0.283301254819896	0.266579319901028
-0.843511236635223	1.4815450210631
-0.400163200391489	0.473377014889576
-0.0411254286333044	0.0458385827383529
-0.00498390004405811	0.00504587966800475
0.124785714246246	0.13235395535313
0.0486724353978085	0.0465303212011795
0.101821387426104	0.115296300412558
-0.435455720808573	0.664553895314383
0.0171392031198459	0.0158890482861487
-0.047074499234053	0.0455044966712373
-0.643446987939253	0.684684593782133
-0.211433236700128	0.0795986545216368
0.121338509861532	0.030008767203043
0.096388793268559	0.0291006075115741
-0.256411117549582	0.139704320922298
-0.281765732179288	0.0974136923132923
-0.210231687761112	0.0774131110019404
-0.2134606732964	0.0807704799169824
-0.362013887806918	0.169973375219392
-1.00348853179868	1.07101328965861
-0.247700002193763	0.139482944704855
-0.00872016903811473	0.00621972442365699
-0.463660351641778	0.671031163056558
-0.344199735870388	0.434906429373581
-0.488249672115797	0.565991794424144
-0.189958958902705	0.209895269239134
-1.00493006808194	0.625817276529766
1.28744979343717	1.26166270090944
0.0487931345694912	0.040860999117854
0.0201533087063848	0.0204762562121052
-0.457692795414778	0.565357233581652
0.0185174417013565	0.0168124491216697
-0.238230175369006	0.252940597554858
-0.470365251278971	0.55709538638102
2.3767199077211	2.80830688184445
0.671017393443365	0.921262130693302
0.125814165533468	0.122731898289934
0.228702943058997	0.238614003123567
-0.54015856049366	0.795971136737423
-0.300796849652603	0.347886769485387
-0.470519464805241	0.575849352011665
0.428894854489206	0.381283685894411
-0.756796191755438	0.62427254254601
0.66860763917039	0.516347855306049
1.17682181395299	1.09000335646748
-0.879018685027144	1.0998676350153
-0.368914366162286	0.347296381334709
0.027196642060324	0.0173260596644649
-0.400267978548124	0.328830159156453
-0.853599564588776	0.651925326157076
-0.551774780471722	0.793368241579765
-1.00920855060482	1.53927281412383
-0.98372747607556	1.33705269361024
-0.503461516794156	0.672739548894841
-0.338921355880106	0.430869771697807
-0.854173441271345	1.39609880183117
-1.2058178955596	1.85113827092355
0.13244547411536	0.0953261250784306
-0.352796641079906	0.363162123874925
-1.33676268099054	1.55925705063308
-0.242315355882873	0.204992431560245
1.13401104988212	1.68686767797704
0.0593901398550565	0.0485849979172746
0.0478013496872288	0.0391748336779935
-0.0301148641033792	0.0241517712508152
-0.0799609508545826	0.0762853730487181
-0.00515021829109167	0.00354071304339692
-0.0313221283951059	0.0223625354690835
-0.522530748965262	0.608499065929374
0.49559462710694	0.500144894818193
-0.00242779182731966	0.0016710739170415
0.551087126707275	0.470964207835493
-0.101960510971153	0.0783716922897438
-0.908187132350768	1.02101939669789
0.090689338240701	0.0746832412241138
0.525871484884816	0.595716037390581
0.525411659913935	0.371276766599268
0.0475862143739275	0.0319344901619751
0.175425073794725	0.157179748675898
-0.0685900043075916	0.0516652043053594
-0.404991095415746	0.503580853598133
-0.26345206551652	0.343790569259597
-0.453191717640109	0.476253408982503
-0.524549554338653	0.524825722023523
0.234951552904456	0.199551457505415
-1.04265600842536	1.22716664772732
-0.817071072789676	1.18932988059228
-0.415106999098743	0.423335422597164
-0.189079779100442	0.163606362476389
0.160401414940974	0.143241935333274
0.00425653209845532	0.00343404892541576
0.292295012423585	0.313774177965461
0.0633375227728128	0.0468576259009607
-0.156481282659073	0.129247889171766
-0.0120778665371463	0.00867556594070937
0.0290631641523736	0.0183513054567593
0.792930809002983	0.906891625719215
-0.689624204363818	0.725473939291996
0.229977192478925	0.244505650368049
-1.21710094499794	1.51538030772309
-0.457243409632425	0.532029380533712
-0.0298407217687503	0.0267027278176873
-0.405004064710541	0.533437193314314
-0.901412191997127	1.34329416952644
-0.0334084341768154	0.0231906596728398
0.327277588747961	0.258514992910508
0.242560130356943	0.14810535584597
1.02376519953135	0.611929904943899
-0.202910532035514	0.115489353622478
-0.525804610841144	0.527807443971446
-0.0815247725381267	0.0532530213032375
0.126439544862793	0.0825669936453597
0.440551604028817	0.273235232370105
-0.0208332303665025	0.0115580009581222
0.0853198059732624	0.0410359719883627
0.298477644477666	0.146555039095933
-0.0450409542002743	0.0315703623947358
-0.0575883955499655	0.0476003619194556
-0.290524587060019	0.269314381110029
-0.133952816192632	0.123855684457497
-0.200651994684763	0.192752696736042
-0.617317279624452	0.859621219351147
0.233699622354717	0.166348159740752
-0.0537769135797363	0.0457936714867097
-0.175327955206172	0.156023676684927
0.109358671931407	0.0950361308794513
0.0567976039646175	0.0410912014412743
0.0668340853925212	0.0590478839333903
-0.12788283898476	0.10236335468144
-0.0446490590292443	0.0303550120225742
0.320020814277403	0.310153964402909
1.11847967634669	1.94269927973861
-0.139237411331124	0.150976769469791
-0.523778132574415	0.669153724510154
0.0873115496608301	0.0895763438180505
0.0771940966806707	0.076636656483235
-0.094821593181556	0.0860445423469668
-0.345686946316667	0.396586204431611
-0.060409034512458	0.0415589113917157
-0.639778112979017	0.471191457713956
0.462739877899888	0.387432774840926
-0.557371704107248	0.282876760856774
-0.27759573936595	0.0948442160696842
0.385061149062538	0.157459754092218
-0.154315635233505	0.11538989481799
-1.32945495915041	1.45732989917927
-0.212906237301372	0.0804594204419337
-1.33319239183699	0.624792864981833
-0.448525859392927	0.192421964588174
-0.212814957365227	0.0810255857003678
0.142772226637385	0.100656272392903
-0.14404961850106	0.0917806882596092
0.0530747827936225	0.0455808509986153
-0.245533084531169	0.263645901168355
-0.451788123487014	0.557828544997905
-0.529415310313313	0.708340646960716
-0.09644460449212	0.0989527540642968
0.60341395628845	1.01178112138567
-0.17289575675849	0.174763114688248
0.162702556801929	0.160005509502723
-0.2893105331526	0.311854930433162
-0.534996608468066	0.757083719602019
-0.241982449994678	0.211324836629976
-0.113193682489161	0.0506197693878912
-0.695125810258085	0.701370641181448
1.0294536023439	1.12831812607972
-0.157376627882734	0.130672207785571
0.693409757680107	0.985613201943923
-0.124258173005481	0.124357721405811
0.101295398499276	0.110419591176221
-0.457099118428166	0.523445255793787
-0.0228821818126227	0.0127979316469151
0.17104821382986	0.147491137209568
0.219984595425527	0.232118209783793
-0.145294296528925	0.151429611134826
-0.052334149621499	0.0495138746841691
-0.124752047685509	0.136253818957057
-0.273219143596239	0.306532960112937
-0.213161346274124	0.23544531576477
0.025192847008711	0.0221952811678577
0.530562055697294	0.607093249700196
-1.08566743002822	1.18158060655514
0.843653270639297	0.454702105336875
-0.463667375894602	0.328392500244309
0.124793148559194	0.0316859887487473
0.916585472906363	0.24115462557606
-0.578852492250181	0.233014554599645
0.442959530847305	0.265991590165309
-0.202602327257959	0.119102611526086
-2.58913653522709	0.721036165997434
0.102085019344001	0.0556496700722397
-0.256897711716778	0.177018176601045
-0.356995626502469	0.164844207680376
-0.117169245527768	0.099407339418602
0.341130492200266	0.39232420385208
-0.51600680071618	0.577118246666147
-0.455890857285172	0.575767737627385
-0.328607901999853	0.385399921094115
-0.196233256908158	0.214782543943623
-0.324911175908978	0.318600224110342
-0.163938092556094	0.11947927790883
0.100448104541748	0.0458200344607441
-0.361628256497765	0.173040570115617
1.17321817576656	0.91819223005952
0.431644699716822	0.37412087529763
0.801346717265065	1.20597308795344
0.160739481300549	0.142108126378818
-0.32821369423037	0.371330225664303
-0.00936528924359935	0.00752671525430026
0.160151984963938	0.134372210882208
-0.339137258293676	0.223316068650746
1.06164456874161	1.77307707515395
0.0661969101682425	0.0608218267269919
0.18201450562347	0.181745958659367
-0.686267931144101	0.925777113668443
-0.20056901218991	0.201070301192866
-0.0726080709294998	0.0863596945284009
-0.148792740730466	0.167595002931952
-0.423288987618973	0.375009865953639
-0.15343536850459	0.136374034440659
0.858796084991411	2.01314318608437
-0.163207252585273	0.183680851985366
-0.169983503556951	0.165642237985155
-0.448173582864616	0.682278479526421
0.310374378393655	0.402532291009778
0.348943493534397	0.470687724604988
-0.941120321932843	1.20215483472109
0.118000151125173	0.0777996943061272
1.03895704715744	0.731620210831307
0.102066112911784	0.0573063205958409
-0.453740068604033	0.198416510265918
-0.779510969535437	0.284762697132641
0.297471348088833	0.141394876460392
-1.51297813142647	1.38518380908315
-0.383823395981786	0.225384413311687
-0.754307241083898	0.833140063416996
-0.604022603730807	0.825847402852016
-0.634771738374212	0.460768491433927
-0.735388379630663	0.512870831981649
1.03674721940299	0.727637627029149
-0.638083355452549	0.668944418035892
-0.0350133516212377	0.0307308067769233
0.517825243361278	0.763505895882216
-0.426534528097255	0.566271901721447
-0.362483040328607	0.502328028802044
-0.348874786375133	0.405265574826013
-2.28984390943441	1.84540833185618
-0.50290090246173	0.598866418189383
-0.170892163337012	0.20264782762676
-0.45258991447388	0.563057045803604
0.117538273833837	0.116083441481014
-0.291395120066564	0.356596692069582
-0.394990684405996	0.465587904457627
-0.157920239914326	0.178756866706345
-0.0568203487191092	0.0605322428426666
-0.135229741338498	0.0851852655801778
-0.227085983467219	0.1990349567324
-0.00982532336398761	0.00990124353943804
-0.455852209589845	0.649530940499995
-0.105725487269124	0.104700788657171
-0.0408515697607737	0.0432506688449347
0.229414383427911	0.26240305534257
-0.132402256469733	0.134132651421594
-0.0142957184245002	0.0115634442027896
-0.447562912931222	0.505269688404161
-0.252693605593064	0.170500010240712
2.08161672751112	2.05309236484884
-0.735820207732763	0.543248042841444
-0.579571648585899	0.228969299811073
-0.323492064818336	0.321814748541434
-1.40568072092296	1.19162339773209
0.853120151481952	0.723879535248528
-0.608372439948257	0.576546239622389
-0.537051032266679	0.620603614676221
-0.0515612693889615	0.0396295942446688
-0.405582689371372	0.484382525357096
0.64219761151984	0.876804758172581
-0.102087411967914	0.105326556204352
0.00349961236876041	0.00266965445473388
0.691400459943081	0.645986367921125
-0.00849088456450094	0.00600903301347009
-0.0416059725398513	0.0372713996582579
0.179658015279202	0.186776252899285
0.225970753512313	0.272645267550248
-0.101562987374546	0.094370966357001
-0.648500734113957	0.775298383595102
-0.380882443345304	0.386722038040255
-0.230780372517183	0.217671768788361
0.0979037373311386	0.1053146179099
-0.555216285611554	0.64306269748802
-0.948752958755368	0.893673660462257
-0.238801247606079	0.223373384046285
0.051752772247242	0.0426938029022559
0.074708667886966	0.0696290343545719
0.106997417115836	0.11157010260812
-0.140349024153209	0.158838084138667
0.0535545823902384	0.0519045917833333
0.137723745891449	0.158182654916333
-0.0301313756796177	0.0328469105282016
0.370313527205921	0.503680151253994
0.118321681723634	0.117201248757773
-0.197956656010153	0.21638787250492
0.0871974921566391	0.0682847205543299
-0.853450700685201	0.457515458774475
-0.846158783583558	0.471443246439183
-0.0869438729427648	0.0834126182559503
-0.399770751951493	0.442100010936507
-0.202088455454448	0.211131175388322
-0.426659823837484	0.549810880039609
-0.496498659270076	0.601064757488824
-2.2925683317026	1.89490654304761
0.0989370316346068	0.0506556410011216
-0.262949512919404	0.20496460810737
-0.808009626760314	1.1721102483426
0.341246105083966	0.395412599138307
-0.653155140000375	0.939072717980895
-0.239552600059152	0.263113750137747
-0.160892516125046	0.180899575454699
-0.181365023841634	0.174128107219396
-0.0789305320223989	0.0505070127379946
-0.222593493964747	0.210772671336541
-0.3816429110632	0.523912202753094
0.328774169971691	0.373039172106194
0.835345976124195	1.40109884529895
-0.391814824238512	0.533310855362687
-0.182463856731817	0.17855710547119
-0.381177502453348	0.488167378801508
0.0413279541136392	0.034060841670007
-0.0296132555887868	0.0276308369757643
0.0732842878721545	0.0860455256197655
-0.267406691610409	0.307035277912016
-0.197789316833068	0.257711367885494
-0.318929183908034	0.294949348312632
-0.820782621330901	1.02087524919209
-0.0910853088318283	0.0861610051493851
-0.0965352124052453	0.102278075446651
-0.665583555589493	1.27220802820197
-0.251217808296181	0.373039636477356
0.0264087684759989	0.026984104239006
0.0725764300392856	0.0718166648275624
-0.229881586769196	0.2706350287778
0.842407713034411	1.76445095893896
-0.389458578092407	0.572514554697325
-0.223279951149961	0.277048797687412
-0.87655250265845	1.05343096644267
-0.714668301164523	0.981217062299926
-0.236341153865589	0.290206139723072
-0.410601327982573	0.451263845865988
-0.279433207396513	0.368152522527124
-0.102134251292729	0.0954634317783345
-0.584285307433353	0.740986349576336
0.394558295374279	0.481800895862182
1.05091463172003	1.84823112075944
-0.738380932142429	0.504627442686037
0.251378975150716	0.156362634999929
0.47739162525926	0.367078926422665
0.888004709205373	1.60328172545706
0.00963815943979941	0.00917250113771034
0.37532677463496	0.401540228688825
-0.309815318993255	0.413518481945445
-0.709688662932402	1.27090168284679
0.236814862581482	0.23438851537523
-0.217970748121917	0.25870670953881
0.190781970978463	0.211021906035843
0.0754611233517845	0.0720014648714547
0.136562236226861	0.145159257935518
-0.167937130151263	0.162459135981225
0.0161207060565219	0.015402770397459
-0.37283180287994	0.515734559003303
1.50407577514382	2.52438600764451
0.49391644467523	0.869442359327355
-0.32524515376105	0.458900287523288
-0.0957182499305382	0.0895536896867295
-0.133611132904474	0.160369758389124
-0.372497824488486	0.529312234830728
-0.154449908091653	0.180031688692411
-0.102357772797204	0.0994896049760716
-0.127230682396459	0.105132288408263
-0.198431805845971	0.172067371375737
-0.109809444289793	0.0909536255408043
-0.0913208445738444	0.100521973569792
-0.286280761871434	0.366187825724317
-0.0452736257828559	0.036299478596028
0.00404942838801466	0.00363048638760699
-0.0914973034468266	0.0926070309491559
0.071903334061055	0.0673799093164265
-0.58575795082386	0.851076732619353
-0.105907055151319	0.0969876946423144
-0.112870287509724	0.114240035228634
-0.478227754691382	0.718356017848631
-0.209158804227242	0.244398727903298
-0.0461355167990574	0.0456105932400911
-0.709424199454061	0.950202951361339
-0.160623305165556	0.138980830676217
-0.360240710448536	0.374565635381276
0.00393325838609161	0.00349887567718228
-0.0479075066867002	0.0419775157004262
-0.284190398439856	0.257519487904232
-0.0220303888404669	0.0127305963148429
-1.80207911133098	1.98975202008717
-0.176147925249943	0.122473444681834
-0.0949564566211284	0.0889689835475048
0.176864898288741	0.169400657057735
-0.480594639078967	0.585775855521608
-0.399220063884226	0.447182717578416
-0.0263477846967813	0.0212668033671909
-0.453501045361898	0.326313323281055
-0.0458930945279361	0.0393051801106404
0.274369224102993	0.314579093982245
0.157606265640991	0.134593439423208
0.677252593267225	1.00030946977173
0.752274678254595	0.981395863649938
-0.536814311334169	0.793094483708966
-0.205998309125763	0.214206299043829
-0.105346158249565	0.0895719207606448
-0.305646593228706	0.325895976621904
-0.722380257186595	1.07471101842862
0.418411624784406	0.744144953197121
-0.86480928238573	2.12222714862277
-0.00821398137502231	0.00894394038121567
-0.396823679686664	0.646968466537989
-0.304098398826944	0.450388496849962
-0.246911297570409	0.344344814180124
0.0645053577577067	0.0685053236710857
0.224878462990845	0.268780789550716
-0.449354442861328	0.662842171420138
-0.714087502125416	1.39768874583892
0.372660896006275	0.573085950915304
-0.522857745516199	0.775930851282944
-0.600653423475871	0.911771243758094
-0.0147395785956161	0.0147080518920298
-0.191782513296956	0.265296104203219
0.0867742405323548	0.101566434887482
0.0417243175854965	0.0410784550423629
-0.152488784939412	0.147374758097943
-0.526807704938847	0.804300194949065
-0.274518587858265	0.327755326538509
-0.0228515783962788	0.0201941718309869
-0.0210795586963265	0.0193626636536163
-0.100900427959471	0.0846533008441135
-0.0508660901123268	0.0441784842815417
-0.0834325419866839	0.0776390140362867
-0.575922001970379	0.88131131035801
-0.183366197296211	0.106958257273323
-0.352589512929735	0.264213376653892
-0.608339579196928	0.846362631831195
-0.0633237443735806	0.0596444433114481
-0.714451798201514	0.947709961876851
-0.472993973297415	0.540905491678741
-0.29497119719072	0.26452894503837
-0.030427854988172	0.0243613610134552
-0.499693267579083	0.452233883783434
-0.625365683014089	0.927290174800297
0.238903987999995	0.243287596250279
-0.573847797628155	0.587587973703836
0.451295357915478	0.392282389001066
-0.174186810089869	0.140852884567543
-1.50148992328911	2.09948608303034
0.30291713738388	0.284278529266586
-0.208151651499509	0.14802061431771
-0.56202631767563	0.527647519845266
0.049266984342394	0.0350596640524569
0.24295964401759	0.237504172536252
0.163641803481339	0.134358679628019
-0.173163740097613	0.141706564289559
0.23008481038631	0.22487246523459
0.0358076502770054	0.0289359330045495
-0.303143184727183	0.31528661923087
-0.436329599705266	0.4542923019081
-0.583911943816813	0.609148828564362
-0.717403881642769	0.887688912905297
-0.219463132029971	0.207652422673714
0.426375382539463	0.564682617630553
-0.492942258033382	0.631975640401178
0.0617067156505815	0.0640264982442842
-1.15843866204111	0.743621619529007
-0.238004705689024	0.192023407005111
-0.382645188004049	0.431544949546723
-0.0427677959018272	0.0554046442727991
-0.092759224697144	0.0962985633320301
-0.241451551807146	0.363791745370226
-0.125108996063035	0.168409956491996
-1.01335929282031	1.04839630982335
-0.203438373502925	0.120298521926502
-0.34159248337822	0.218395889727691
-0.760661445117173	0.792967325272952
-0.177420813177461	0.159118286892762
-0.0401059881139948	0.0551232771905528
0.0860934291508584	0.106276714963404
-0.0690450859989353	0.0453987312124273
0.104591968798526	0.0616409573645717
-0.158612058906059	0.0916808730365191
-0.403299933643926	0.301479721842392
-0.0846138996829398	0.0393906051163536
-0.242994863068472	0.162305148248998
-0.632699009462794	0.9977137711753
-0.587012795721475	0.658763444434669
0.0471692783680235	0.0478725092137955
-0.154207300922598	0.177463929601599
0.15325684082544	0.203292027661706
-0.519749005946124	0.905031900619293
0.00188127820403639	0.00196471902008538
-0.181920428164699	0.202075408088886
-0.180708993597125	0.269123769317089
0.0784591602181545	0.0762840917219052
-0.211528588159864	0.166890747427933
-0.85555734993215	0.746432895999835
-0.739453515553687	0.532943955442046
-0.564949223032597	0.427080066055586
0.0104232800134104	0.00734124165848122
-0.161923943925058	0.180792944089541
-0.159115171865448	0.221644961410496
-0.250717820444274	0.332636982111511
-0.649994031171145	0.477269356529021
1.19330361666637	0.779169531426266
-0.361803798175393	0.169436325279875
-0.733858499982633	0.530263571424982
0.102959582095017	0.111785823700109
-0.0351267979984109	0.0191317177842203
0.44217636367127	0.276542896331464
-0.396518209078748	0.29569476572329
-0.523605214261662	0.351597501843416
-0.501337482343131	0.403146781597032
0.417902412411681	0.70923188309992
0.164843073868361	0.151011751489753
-0.373906205251918	0.38586969810609
-0.00652338969780953	0.0058972480000607
-0.140002642003301	0.176031917588332
-0.548579055318064	0.290556815108328
-0.666955266800649	0.571997712106101
-0.0910851053329782	0.0934150095045194
0.0314051780806639	0.0362575613042346
-0.499155590502772	0.544569022377329
-0.237605182348638	0.288484392906997
0.151951718849229	0.196468670351692
-0.538316903135388	0.788667472855568
0.877883670063034	0.929688331591466
-0.0370471361648473	0.0200677005538413
1.77020039907865	0.68168988675645
-0.0247612035543516	0.0140980899296804
-0.377768517594867	0.46380085997644
-0.85481583881085	0.58683307396017
0.491836576555816	0.273392132759788
-0.0948024314646113	0.0452994219993954
-0.398760470434422	0.243643648365478
-0.769309288605008	1.32300894284641
0.0553865399104352	0.0493774189642562
-0.204886944390542	0.255418791626982
-0.210340046087172	0.274249722491244
-0.513160092700942	0.822888804626323
0.254133582983252	0.335489647066957
-0.335691235207139	0.549650520765314
0.110454728721367	0.119604455717518
-0.222535388152696	0.306390412749111
0.188280106087112	0.224735931527779
0.413072264039354	0.68525694445603
-0.407338059001904	0.510325815335875
-0.678411579418464	1.37471280070439
-0.901485434969844	1.33752816991176
0.306727937510218	0.30095155407064
-0.852679331477688	0.570067751131521
1.06765797197145	0.899642810696731
-0.934827139481361	0.953109193987054
0.231153127625409	0.215153126293055
-0.550604670454663	0.301505594925904
-0.360185303870597	0.154166023428847
-0.302445120250273	0.157394308646993
0.489300837003084	0.279064658335025
-0.0642677508310689	0.0326344100746298
0.139832608407385	0.153475225857522
0.426508861241718	0.56201530307329
0.702040965954497	1.01301846730329
-0.00888729168115049	0.00888848964878601
0.0687052625676026	0.0771518821350063
0.159636224093451	0.209422412937238
0.00759174459984245	0.00647882326268281
0.080518047782294	0.0618854089120276
-0.072260538102574	0.0695586720672015
-0.00308506159517759	0.00283701797684073
-0.106330287944038	0.123422418493371
0.235358654317658	0.191330304761321
0.132126300318778	0.0906936527703563
0.233813688308991	0.160802854552935
0.130894308562937	0.0927709689079808
-0.0165901858674278	0.0149337152179065
-0.521939011508583	0.364903258159152
-0.363516027022228	0.174842734153095
0.113923686891239	0.0706381639963595
-0.56762216531929	0.864495266411928
0.0789310499755376	0.0625277514968578
-0.0411720901149849	0.0400401584770021
-0.140199345724367	0.1485382713122
-0.00672437638410995	0.00678332954239139
-0.191112767010246	0.182972983340512
0.444262506085947	0.637756718421604
0.0293294291042566	0.0274807879716876
-1.23593559716827	2.38301190117818
-0.433468651727981	0.625812432571976
-0.0477390399773856	0.0480840974953914
-0.520339006742048	0.830041918290273
-0.393346294974913	0.613915849324179
-0.48339155571246	0.538984439332563
0.0401830332189965	0.032700792781559
-2.29500301005195	1.81087675634996
0.649667627264691	0.421969096405057
-0.732254716299145	0.524526961984544
0.36600087136623	0.271456191750751
-0.352357782451519	0.263324889629444
-0.141749411945205	0.129479130748839
-0.254628504295292	0.178325541382245
-1.10605431455062	0.877123807381511
-0.841781032115376	0.467813407651841
-0.245016937518457	0.191704967572863
-0.404842834024207	0.293491464664512
0.0959822305186584	0.0451537224939728
0.322215652816069	0.304585986834253
-0.392290574801639	0.451337709950886
-0.297527504832524	0.419975221579773
0.0037965919953572	0.0027914544611794
-0.123521214042555	0.138477136239714
0.285662713724882	0.426285767790655
0.182312082001644	0.17351403884198
0.137161895172689	0.150389973700093
-0.144161079464526	0.0874809948479718
-0.119566605802965	0.14581052790743
0.279955852875382	0.333576933054901
-0.382231714655678	0.297790254145502
0.677897442544038	0.539263730785028
-0.848488269695155	0.485823343611094
-0.865521142959058	0.551930127130386
-0.0642382663880582	0.0675654215999013
-0.281327959596139	0.412721773894874
-0.52975854755936	1.03972066901784
0.112801225384217	0.129451687669388
0.0492952466475918	0.0483116710892478
0.290652272234578	0.425691891102714
-0.171421585027007	0.22958648425952
-0.726785132628973	1.47280361074232
-0.340852766896782	0.511157518634498
0.22782067909028	0.284068504773569
-0.454147709831511	0.817555977856353
-0.230517289155278	0.281362259258451
-0.345802412381338	0.661428952504378
-0.348114777956909	0.264730579886176
-0.394401683291924	0.117397243044943
-1.22451625872901	0.72300251812457
0.483833587242497	0.271983006757915
-0.252901635837279	0.133948005391357
-0.340155848627	0.22406484045674
-0.334889746974016	0.381411845036943
-0.256900314158528	0.333476688528688
-0.830572144801129	0.385608535071513
-0.357173455362202	0.165356008639284
0.551505313415077	0.289999457158964
-0.54604290721242	0.294810749556666
-0.510823539438525	0.551877312983226
-1.03743169351544	0.526081744940715
0.307550176606163	0.149686407100932
0.787428566313554	0.849716444222592
0.318330607207282	0.3074007003368
0.122849339880819	0.116728604817877
-0.785115581972218	1.48235776255408
-0.504136620444704	0.395363421142385
-0.0149855462779207	0.0121768891253557
0.143309342876726	0.159027967452708
0.10570638451415	0.0964485495253074
-0.513042750771521	0.940735760070513
-0.0610337019423403	0.062155489352006
0.496720947549915	0.267194840811455
-0.783949913526956	0.278891669070979
0.0951755904801713	0.0437774244110587
-0.212162304259659	0.123721436128352
-0.784756127649715	0.285078992973345
-0.295606335725584	0.153626721536809
-0.000144863972045698	0.000155077093808598
-0.145064073457383	0.203615235660054
-0.610198100937211	1.31947439598163
0.543087287952068	0.832406971534353
-0.181627085956072	0.254636636390931
0.306562921351109	0.513500424899372
0.0374812864420963	0.0448094834770781
-0.203128720703132	0.306611988438741
-0.457950685067438	0.997546769720192
-0.512800243855825	0.935443165952053
-0.357677411000759	0.464015812086818
0.580184606218451	1.02716930017803
0.544495373622295	0.686159856366748
-0.546231749599602	0.302168228497973
0.274586642633428	0.144219876382882
0.446768808801192	0.266113248003979
-0.462256179090405	0.196291262410686
-0.388069129376134	0.237664444108571
-0.0134893766401357	0.00771355497628308
-0.164483578698598	0.174007241014117
-0.0228347960882539	0.0243262008733225
-0.175644950186525	0.19909728127842
0.333897709380376	0.145864159344341
0.0954055927268256	0.0350697438138082
-1.55657642057454	0.790249164465115
-0.802942330016805	1.17349070575645
-0.237599541531615	0.188865863591529
-0.454651816882088	0.200627796102784
-0.116218737294391	0.0533158306582797
0.329346661301375	0.291287672782184
-0.143154817915076	0.162427977967284
-0.00657593262481374	0.00610469718133705
0.412254852542855	0.250313834619316
0.123716344043038	0.0807156568293872
-0.435893025606346	0.552177004853476
-0.162886171268775	0.229742715566197
0.817417718178689	1.35996307022616
-0.584217219506283	0.229683144382873
-1.04533820614543	0.514064024396761
0.631353933790948	0.297313196368188
-0.85226806420578	0.451440720772508
-0.0249206754634017	0.0311205230910709
-1.2883312699411	0.97328001662399
-0.777051020618112	0.276190659750467
-0.133406791711385	0.131138643804591
0.189727977655319	0.264781432325325
0.000997738136191793	0.00136807744067481
0.0584777738947655	0.0762340782462317
-0.0157532049547541	0.0158296368917387
-0.443225327146534	0.577676286381752
0.0819486879944595	0.110346511443381
-0.270983002747244	0.524230157065468
0.588013291000022	0.9542545080638
-0.154299198668414	0.252089311778501
-0.134513525742836	0.1995603426053
0.723786453195905	1.41870888916508
0.0452556763067328	0.0367890032233896
0.283457900058686	0.445874143697327
0.346014584456514	0.270577307350106
0.33630623289471	0.147531539005224
-0.601239133746009	0.684439857279469
-1.33615421081827	0.648939241803862
-0.394401683291924	0.117397243044943
1.27249050740962	0.540083760465437
-0.454163017740759	0.200239328908891
-0.982092361794423	0.710547445680769
-0.585802186030424	0.235276241265227
0.0875250021403949	0.0677711198688423
-0.397180162766734	0.114560956843665
0.0954866729167358	0.0316070899616247
0.104172183965817	0.0308550491060492
2.06589425747685	1.40471952007958
0.110187194191559	0.0928459645177123
0.22810551054455	0.254383480082991
0.841437210321292	1.45355581958391
-0.119539527157569	0.0538192625030017
0.732354446579292	0.425058891350913
0.0975286517485675	0.0460314159855768
0.0864150293825837	0.0289410274572583
-0.253363262790188	0.140363664683217
0.112631869042751	0.131221451115388
-0.337286677876104	0.430275820568994
0.303015340150998	0.152232703821422
-0.394401683291924	0.117397243044943
-0.416471747966926	0.488665771430438
-0.0937629241041757	0.110368574055457
0.106968774444191	0.128572787719042
0.0664782878379326	0.0806209110634407
-0.172329063351237	0.218701173893379
0.0491104040957993	0.0489716788284661
-0.167839834505434	0.218291100712241
-0.117286747076702	0.163003969701885
0.0283044634441522	0.0285967239475298
-0.105648195974822	0.149947843909534
0.099315224708354	0.123053717809685
-0.274122043636981	0.372721859137082
-0.63032528879255	0.821216636824899
0.196184735836792	0.283400481600868
0.610172048956898	0.622251211895721
0.0954300943456432	0.0400625747178976
0.241700149631678	0.204440601762935
-0.208555149753553	0.0789780098782792
-1.78818233881177	1.41745252658561
-1.22143706403235	0.693119539231974
0.12314188083723	0.0313348936138455
0.0935636797344369	0.0359544456917109
0.735350198759455	0.438048639067437
0.384324450126459	0.157431951292729
-0.61648691058917	0.755252449815672
-0.331528821969487	0.503256793401361
0.102457133923715	0.0304597904879839
-0.458143471555189	0.202077451790362
-0.454651816882088	0.200627796102784
-1.17674783681612	0.370172278890225
-0.191422989010714	0.208290277900363
-0.0952983712496133	0.0893808998891262
-0.399115394026194	0.542941181869735
-0.297693884857146	0.344731098105508
-0.00762939509825503	0.00625816642119986
-0.555295634747599	0.714274621147288
-0.496946878320769	0.646598982095688
0.0680083920450641	0.0620806373303547
0.51518030786342	0.671987550168854
-0.590504322151769	0.786702563218035
-0.241302993965642	0.206577427116841
-0.0285243261480439	0.0195321934707427
-0.291722998584916	0.310751069183589
0.0759923639527473	0.0733634281540342
-0.477987242417499	0.678101330753962
0.00878078626945243	0.00522032345040529
-0.180820199079421	0.107438386803762
-0.282942147912496	0.241990080888897
-0.254436752132887	0.258602868696856
0.23499242900008	0.186806657057685
-0.493434896385829	0.46682241505493
-0.774849747097248	1.65069965662404
-0.0806971750571049	0.095602394392628
-0.991101501050349	1.51597478241715
0.0236026191636464	0.0175119860253185
-0.195456494918237	0.192161229412308
0.171222760540328	0.153463473715579
0.232253047891769	0.236203119730094
-0.740544756046249	1.18301640311347
0.17897417533115	0.207021187570061
0.138619574673581	0.14512289372853
-0.155903885277034	0.163600699585594
0.085427942968573	0.0669972677166901
-0.198926691650236	0.187968571250883
-0.200930768005591	0.163048391444871
0.345401308354699	0.279728756266121
-0.503965531157075	0.407001837595766
-0.0137193235316441	0.00790055063561936
-0.108126733329842	0.0821466958534441
-0.240439519125142	0.1877599212857
-0.348865290884877	0.320492553110969
-0.0478002729614122	0.0377364951718196
-0.00774318522754828	0.00557349139767026
0.00723325131972714	0.00448613185756079
0.0420770641148161	0.0288130299707886
0.107395365625642	0.0594682856138993
-0.926552116938917	0.963950264411634
-1.06535879485768	1.00674843754646
-1.23015719023375	1.67369041562431
-0.0771775293508235	0.0804608766362147
0.944833348325235	1.96248895803792
-0.267290490385892	0.324094799230428
0.166409157993716	0.150836271662421
-0.208078614456625	0.224993831268306
0.172472325609728	0.164970837368099
-0.25966047581158	0.287738707010518
-0.285028986102499	0.397619232580099
-0.505926877346727	0.485798616659126
-0.462228547911147	0.431091472101894
-0.0861778829908577	0.0742009609144494
-0.139112604501953	0.165953143285966
0.0829082206896313	0.0837715424855246
-0.712966305522668	0.927383041654738
-0.31515410929694	0.263044014485421
-0.496495290128618	0.396016785797687
0.109114624803787	0.0638926117337056
-0.0448062860517429	0.0244193197467185
-0.514598339802697	0.598992894740942
-0.298424630228053	0.381052594265593
0.102416918157139	0.0898739192296056
0.238111561266023	0.229185522920444
0.00955250835100173	0.00975801353006933
-0.00753604935405715	0.00723451281730932
0.396562461642566	0.488541582859404
-0.647698740925524	0.984911899245003
-0.232913160719359	0.243977313065802
0.803808197146203	1.41637434224748
0.581080073290825	0.873577556585139
-0.570092592992441	0.87244516436664
-0.877713881847387	1.69840926042951
0.328709592295201	0.362663153518102
-0.121737247086905	0.111817257154531
0.11279715034105	0.0997077225769805
-0.108386948413457	0.107136164324429
-0.0279382723659882	0.0196485436130094
0.241727749438196	0.166476880418431
0.120930546165217	0.0787771481044944
-0.839227209888152	0.884607764174464
-0.558198776535825	0.520765388598489
-0.849173194840918	0.745885941486226
-0.0992142489695279	0.0747246552671745
0.0226543358622392	0.0168141667372139
-0.860524565249582	1.12899113021476
-0.249081621921762	0.270871356287219
0.0607670473792315	0.0530922107854025
0.227042204338795	0.207845701703913
-0.585078889970293	0.61602907985015
0.355038667541095	0.271442571572906
-0.299221629381302	0.230038021104723
0.103802337684311	0.0593781678721903
-0.400334750750767	0.480960751404663
-0.10044280777432	0.109690890200096
-0.731662567304444	1.09451772459289
0.241375476709526	0.249674012278132
-0.177443386807864	0.18185242995748
-0.220571957884663	0.193026705485406
0.230701674642003	0.238662637182367
-0.635844792269289	0.915264006791429
-0.33165557062119	0.347366624558854
0.243279184516208	0.225210037450322
-0.540524310855494	0.594691887686986
0.113593070046385	0.0638906159465217
0.786329759520962	0.672177681849781
-0.570735047420946	0.437122615929365
-0.208657757865678	0.213232263178875
-0.0674326291106906	0.0574465692804715
-0.0368274872820762	0.0333267709046655
0.52286953846739	0.680110844458879
0.449714929887371	0.553443528843771
-1.03969440695273	1.49438310034444
-0.0545952473425002	0.0458756431273108
0.218786339269083	0.216494828789055
-0.558015243577752	0.715405621727578
-0.773566274052961	1.34282144483828
-0.898510684576726	1.52157391299917
0.412009557492583	0.451313640918585
-0.173678577342652	0.180753258821606
0.176419253485288	0.169249017862418
0.343219296309881	0.387143965923147
-0.0383552026427397	0.0261099061354825
0.237318218657506	0.158898306016365
0.234680515586362	0.185075360959148
-2.34744058451712	3.49957441004102
0.798545212746407	0.557076976988247
0.127507435795411	0.0887426672971246
-0.204587742498049	0.119079386276917
0.243102698800308	0.167908497416992
-0.308112689440972	0.23346537697112
-0.307436784961553	0.285940308630695
0.235609521771544	0.183168983434261
-0.0962634944740268	0.0723956131632279
-0.352063226838158	0.302935779431221
-0.45350845216269	0.323248813924675
-0.667054724932094	0.336817180216715
0.337122013527093	0.272429831738247
-0.949984929366537	0.906773031486185
-0.248092845942171	0.133684963731773
0.110557597620191	0.0691633135825789
-0.38202347620316	0.37671501613189
-0.274067260924726	0.242108716420441
0.143526125406402	0.173163636286048
-0.363723604311807	0.525365528386886
0.304507566770821	0.394984158830189
0.838720911964878	1.4336888869483
0.159684454786562	0.140826773406373
0.0091364888585802	0.0075653436840046
-0.00216254739053362	0.00183337076630113
-0.431611439194956	0.550584830890167
-0.0806486041998144	0.0832741006547664
-0.27498462794023	0.324838971529664
-0.179311878661853	0.132119821439984
0.127398381680942	0.0875611343097761
0.236600179038935	0.166795105801458
0.368694558256172	0.268279016383191
-0.292783448206746	0.197492720358438
-0.415868083692954	0.387236161234825
-0.492577716387141	0.759859990386343
-0.370578444309001	0.460573302806163
0.550830539892359	0.693281112414831
0.238609160590979	0.267974440857173
0.103362875310298	0.0917172743050339
0.414373209102979	0.569632203070871
0.0177223514947939	0.0176013660025965
-1.05339678241624	1.90505510674306
-0.300037202439216	0.343078268851341
0.367233149114372	0.46822355134018
-0.388090664764712	0.514566849336203
0.186633337417557	0.213565339778647
0.0901395380272915	0.0924244054814339
0.230769872976177	0.215542628981289
0.641931502489593	0.612339032374934
-0.0599457473303123	0.053122176307671
0.137100212466779	0.100123702774325
-0.0846574603390622	0.0414221297060549
0.784371213409964	0.699137627178397
0.367309225105505	0.26548816385665
-2.83948951313818	1.88763616184225
1.71077468536324	1.16934189251669
0.544682245810314	0.38136493825761
0.235505125592681	0.195884915744263
-0.595792892080906	0.508034536413508
-0.638564347332158	0.712561442007889
0.372567463223949	0.47651190323848
1.04172573331667	1.57742191205195
-0.201115907115778	0.179618003739823
-0.389339651849548	0.321048738871425
-0.559859601107671	0.524422149799336
0.0624064523047249	0.0441252137979047
0.0971385808112889	0.0460529395089684
-0.00457270522461601	0.00425643977976239
-0.438563412266551	0.570501849704095
-0.634893194189648	0.878649206101759
0.561465386390786	0.50267943313135
-0.188600581146772	0.135408086449616
-0.375217941093723	0.468962446788289
-0.445197211579703	0.655602827879622
0.315399101870599	0.411373556115408
-0.763099875604628	0.683819108022926
-0.252961508204791	0.172094169948954
-0.460374802471338	0.265125519735976
-0.09234118850852	0.0452478038808037
-0.403624794141138	0.30140418305986
-0.348129235166431	0.431616672607652
0.0111737495839051	0.0100399292518357
0.565838997660146	0.617707863546369
-0.0326346073412359	0.0261808387932364
0.492932097303336	0.745985319297089
-0.0981461155516628	0.100455664409882
-0.0350474341889168	0.0333529956921756
-0.485992988680614	0.615140274449166
-0.151066046347997	0.157080493982261
-0.218765657081002	0.258799832325938
-0.620518082931077	0.910454198427058
0.405026823530804	0.549405713584056
-0.233295922788262	0.256410225466037
-0.585727246139059	0.636540184781819
0.23436708105658	0.170500165464279
0.35134370558443	0.408696992267709
-1.41143052700201	1.38626972892806
0.353722248961324	0.259360359641069
0.934472450161405	0.740526543635451
-0.450815614276232	0.19423772808564
-0.0458221429660224	0.0247409005895525
-0.299922387588857	0.15360407358895
-0.371132106444646	0.165000551026756
-1.55859810478227	1.91926567276976
1.29832707339769	1.12293470429651
-0.349422712371886	0.309084207345698
-0.220581235926612	0.23019476133883
-0.151402404271523	0.138440575481193
0.629782654563099	0.539337211110651
-0.856085534063446	0.582733082892326
-1.22007118617723	0.709155131923397
1.4005752203694	0.870963762909079
-0.52645428569573	0.450728052808949
-0.11597061092856	0.105998118430989
0.15005609745324	0.177213069288496
-0.0789268781681502	0.0947455454541642
-0.00991001734121782	0.00976060152423608
-0.2898334598846	0.3731022157852
-0.407337432878155	0.39376708856169
-0.278630351886623	0.281650760687635
-0.24448620076254	0.262012684134521
-0.569240497454353	0.725379360257372
-0.247388718758095	0.216061249863152
-0.245089690753776	0.123860741176977
-0.269825162166131	0.211233740322887
-0.459942219795251	0.436273336662151
-0.40438937723984	0.670362516987913
-0.0927778664029458	0.103083211233934
-0.363372299490278	0.1733000009106
-0.113224588717942	0.0507081053703573
0.0993604252810163	0.0411035150375506
-0.462001562473907	0.328511104392295
-0.519431229780801	0.670304436774428
0.391206411773376	0.557372937807636
-0.258496195191264	0.330986154940474
0.00418760988885697	0.00416153512059018
0.0307832421676724	0.0311282174123941
0.03071942568826	0.0324369142194019
0.335304505165428	0.495996803042937
-0.232781428132243	0.298933001043034
-0.402443373322852	0.581067869280969
-0.228300120762082	0.246361706499819
-0.689757204275285	1.23382465058731
-0.134122518168896	0.154934885985705
-0.175325299740946	0.141982110191909
0.332732541154094	0.255235114391691
0.0572679254497127	0.0512825234750491
0.252825039035021	0.159431251295801
-0.00700582328964413	0.00414435151624647
-0.854987464117939	0.660825490432461
-1.6547460212706	2.01650084039946
-0.243680745678649	0.163708774282043
0.241347273431382	0.225089781823625
-0.108296157569002	0.0892127797878508
-0.0792511564511141	0.0811205439329683
0.103425840528998	0.0847632916138628
-0.383799632266049	0.344993012828766
-0.456927415746813	0.333493102034158
-0.11524566996873	0.0515096080575511
-0.30354375302139	0.271083851066855
0.4418213096976	0.650162101820636
-0.190376764430716	0.24238126676728
-0.5558801201644	0.642963501832463
-0.14968235690029	0.149259147614328
1.64143782210282	2.06879498767406
-0.595240077350083	0.524640258468431
-0.149758526528105	0.14858589799106
-0.126472243105085	0.133989730031848
-0.571464321988935	0.767249991764392
-0.454681745028408	0.311768233266272
-0.341853525502608	0.214274605600719
-1.0066630378596	0.645859471730558
-0.38415623445263	0.616865249054351
-0.112336004771219	0.0942969238519111
-0.208555149753553	0.0789780098782792
0.102626173638529	0.0610224575775506
-1.38164607734479	0.891117060212176
0.0926509055559224	0.042133220491062
-0.452162084382165	0.323634378906786
0.0894439645898811	0.0848208023951091
-0.120765892421119	0.149685875172969
-0.418376014252029	0.51106018925054
-0.176296737778449	0.20702407486289
0.408056648574796	0.714673666713625
0.23837998934767	0.369593367537757
-0.197989766430941	0.227556950782555
-1.08051812790693	1.79149717945846
-0.804084186430453	1.70278192077235
-1.10187220825734	1.61861544865598
-0.0907952323012336	0.0426714828888187
-0.0327778471880891	0.0230771508267983
-0.669093269343634	0.563613121909421
0.273089065765236	0.140583904527775
0.0955697343225397	0.0442198650100538
0.123958640083443	0.030889091157911
-0.780316056609353	0.286242209067478
-1.0118134344627	0.614930107504317
-0.939426074952997	0.860712649168324
-0.34254919434268	0.376497230098852
-0.288076688904885	0.411484677548582
0.28536645021546	0.324085891876777
0.377786040820648	0.254239468175095
-2.83161935275622	1.92386292271398
-0.345325181671345	0.211958760452894
0.514475292112536	0.658327991075341
0.729612350891531	1.27985879154208
-0.0416138472526386	0.0291508116570322
-0.0513946236568948	0.044317291237433
1.41544646592389	0.463409052476871
-0.393571609509699	0.242388065875004
0.454042983331397	0.47917256875169
0.23276276575676	0.266425381889857
0.34970779888913	0.370493903464538
0.550148283132671	0.288176659673767
-0.154868038462082	0.0629058586271473
0.548074042713484	0.285654783019562
-0.28602797283023	0.0979113462793498
0.104172183965817	0.0308550491060492
0.137755951151155	0.0278992132091276
-0.138138529600604	0.0890833803820347
0.387455096500783	0.158631103032102
-0.159605599416737	0.172507781279781
-0.275389179073312	0.435374747279061
0.70526812855808	1.03506010394655
-0.115072577613933	0.137697180114499
0.323029050656869	0.413669311127417
-0.137681509174166	0.109234155829787
0.246448846069257	0.331078299035068
-1.03028608126948	0.978839613528131
-1.5488840054387	0.810391729239288
-0.156921743811735	0.129924515197762
0.629358014935765	0.292369740043192
0.102457133923715	0.0304597904879839
-2.34743283516707	1.18221712984916
-0.65906845928427	0.330860650534747
-1.04122329007979	1.71353720599366
-0.104087366139454	0.113477721089073
-0.0661582025545575	0.057038531658239
-0.160177168313812	0.0644450636377615
-0.74129353502808	0.512020057412756
0.265441657004323	0.149330139584218
0.241277600160957	0.231521831493695
0.610526303850561	1.05800347194517
0.585249717763268	1.30352721833574
-0.03499733053486	0.0311827007712082
-0.457528393528638	0.200349089822435
-1.19274115880717	1.36315583720623
0.0437743113097811	0.0423068192952828
0.317401479660433	0.508998613823588
-0.0319606502385918	0.0309942392635943
-0.393018851975033	0.24994451305785
0.548415072994848	0.282674452330828
-0.844075243225266	0.471507633468132
0.937479497062549	0.737031167657734
-0.0918045244896644	0.0423144657886704
-0.144467501625038	0.195784901339325
-0.274621452004422	0.296411863736867
0.100656435537751	0.0468986797476754
-0.0867422618620943	0.042954293216227
0.100723850118716	0.0829550917691994
0.776006997815056	0.743073093336791
0.324076905727304	0.397648169163852
0.148415554832751	0.185229200421909
0.187602341392933	0.200343650556144
0.138962242468361	0.200315234516387
-0.0416186980074579	0.0410799004510365
0.2387210271173	0.36882981826059
0.320531034158338	0.293996877684898
-0.738631629415832	0.533195133309072
-0.241028125721887	0.288196950063293
-0.157028577852023	0.237332578640669
-0.480331298013586	0.580364859909023
-0.582505441533262	0.235735959618136
-0.846527153393252	0.788492900958502
-0.18374183729028	0.134460222325535
0.441605805900149	0.359441860634703
-0.582508713490028	0.900042646989111
-0.0138079526760552	0.0136797464502418
-0.350187975033129	0.262862109482762
-0.119963763600966	0.122137653232831
-0.685800263477976	1.34109540927826
-0.101320651438609	0.106554424153594
-1.51580032706055	1.36170037064447
-0.300707202628477	0.152575765539995
0.859980706176178	0.701819819658938
0.0960232604443707	0.0407538224195213
-0.535073716171737	0.345002934546973
-0.251627538912931	0.322815994979793
-0.226358194157373	0.240179087876332
-0.045154564593989	0.0351227836386315
-0.334686874720771	0.219983977490064
0.110360196947785	0.0980787438040067
-0.357185245873026	0.518780509544156
0.471254891438968	0.662705660889218
0.0441721699954949	0.0435354347013577
0.135452374663836	0.137140262354696
0.27090495565824	0.358696279476234
0.0264835230223928	0.0268967924475765
-0.114013885065884	0.125479964831047
-0.278798748575172	0.402479348295133
-0.105499289743297	0.0791352291487479
-0.856516238127744	0.587458101684273
0.0873855409271446	0.039687337677694
-0.40459034855588	0.300544580668031
0.702280748345572	0.844032348621076
-0.3451510171108	0.477975298527534
-0.501185980936425	0.619460759060372
0.133944283534075	0.0983348450755023
-1.03758431411615	0.541615576906218
0.275200941742805	0.146428405771745
0.105102930710417	0.0629396044358222
-0.429034710564626	0.43482868263838
-0.15819159342618	0.166554274520683
0.0874804863214826	0.101295882432549
0.0209473409957164	0.0192342051784644
-0.0316607356873493	0.0223999220112028
0.128244741993345	0.0832476749671087
-0.416841307736788	0.549607079322333
0.0983573101131933	0.104766469109675
0.54392812864157	0.829534554040725
1.84307453747788	1.43585971484687
0.62525608696519	0.530648975060333
-0.394472127976579	0.238642283061009
0.650464633865397	0.422975361103123
-0.311245220108789	0.227536375442529
-0.181827349903862	0.239225253584867
-0.092842601978602	0.0943076360556558
-0.555246424451866	0.709029834666869
-0.0694580419725528	0.0589166569277267
0.103881085802842	0.13197801568158
0.0852446746847424	0.0883045935435401
-0.0657713999043202	0.0618754501119059
-0.0694439659596706	0.0704827316112605
-0.134617270967568	0.171260760965367
-0.301729850467692	0.268405540581602
0.236260368440375	0.173539009215153
-0.159245816531595	0.0664016291369381
0.356877610697837	0.273873800898728
0.0456868250681179	0.0372603205480031
-0.284421090066203	0.447793033402903
0.432931786551668	0.644198486964338
-0.34358663670561	0.219439608825042
-1.00307062435415	0.599992477438869
-0.449902875492049	0.198040492031181
-0.60475419961131	0.402634026184071
-0.437170246529819	0.356986515285162
0.0873082712204132	0.0853582311211741
-0.750332393583573	0.489654239658966
0.362758848006571	0.388354164637279
-0.476256065614527	0.490879956522531
-0.111463371485708	0.0501405613401322
-0.83113147757962	0.375223421018721
-0.843250410352559	0.467977043153612
0.766045896525013	0.302813163131131
-0.0707430359250569	0.0355791979391044
-0.217258519211246	0.191144314491946
-0.264326939387007	0.218317865262641
0.172008899757979	0.166420809221785
0.758709832916456	0.962377434046503
0.668065635768747	0.540962040647225
-0.550209686290422	0.294995236097208
-1.61044999652218	1.46069202374322
-0.548063398440794	0.294608783138226
0.0897311311692152	0.0345765350863089
0.101649572542974	0.0309006320571505
-0.843304804256806	0.473201613235351
0.101649572542974	0.0309006320571505
-0.36446412565522	0.175573977511138
-0.402766967282232	0.302898632149198
0.0863725536585391	0.0650418124451951
0.587840297688761	0.504955729635504
0.265595303820717	0.147888206598106
-0.829181311004835	0.3856706502031
-2.34351790397396	1.24123556622776
-2.34025764088277	1.23518776780225
-0.852100244383523	0.566407845285493
-0.550604670454663	0.301505594925904
-0.255096337077508	0.13380870579425
0.753738821849593	0.30543389719862
-0.920531002020584	0.910337367631154
-0.281114763524062	0.0936962304711465
-0.662331374511331	0.334019035976969
0.549958800476441	0.279072278036343
0.34040352290937	0.149287454595154
-0.712597208342232	0.435822778891302
0.111922403317089	0.0651488382528694
-1.56335976766165	0.576824494207549
-0.829181311004835	0.3856706502031
-0.366375903195917	0.170130797388631
-0.498247661875028	0.393845885625815
-0.080425064229257	0.0385365169442414
0.109390572480013	0.0658278387310836
-0.0442542508702054	0.0246848775204643
1.05067012710162	0.723620173638388
0.631492456270571	0.299304780944565
1.71129734415966	1.66257156713504
0.303607247970212	0.151399220700081
-0.163883150031215	0.0655907871131665
-0.27759573936595	0.0948442160696842
-0.359679041413749	0.172186206789872
-0.581830152059278	0.234765102071671
-0.786292013348442	0.278154557067318
-1.33778358880877	0.625838636262737
-1.3361252533938	0.626926997860543
-1.00113019397879	0.610001841871166
0.101649572542974	0.0309006320571505
0.127192694705326	0.0314595327684852
-0.779510969535437	0.284762697132641
0.137755951151155	0.0278992132091276
-0.357342720969032	0.158476652367651
-0.667182062450399	0.160063589285139
-1.09723547703995	0.426334190628322
-0.568998190350638	0.634788772291931
-0.291496609994815	0.0949319455652881
-0.546442181375814	0.293604504613769
-0.862458082719027	0.550046999873487
-1.08595621047459	0.464313506493711
-1.09171712387372	0.451816650294612
-0.842339719856158	0.356134032999468
-0.0237660039811759	0.0133705458670149
-0.360446393850848	0.171899513337598
0.123976331196576	0.0321704885802751
2.29980292786762	1.16618827500903
-0.659035817517921	0.164780868926832
-0.830572144801129	0.385608535071513
-0.153848352128186	0.063375650277379
-1.33545803735671	0.641581757468607
0.253406457565482	0.160560096348174
-0.0900684202363193	0.0429640307156127
-0.394401683291924	0.117397243044943
-0.780245506188676	0.277934862087594
-1.21702676837293	1.06937560272058
-1.08671451389292	0.463788626028475
-0.65813719984399	0.16358739594207
-0.613484990641447	0.581851285811118
-0.642066122544429	0.481457407903847
-0.525019104342897	0.3652219093649
-1.08671451389292	0.463788626028475
-2.5300479669262	1.43754832454235
-0.585782757934839	0.229386084697674
0.981172282856903	0.372017532625154
-0.038944137818862	0.021748597813355
-0.210784581018711	0.122225557201796
0.334764788409441	0.148723519423108
-1.54649870115085	0.82606802914951
-2.030716048674	1.34497022095357
-0.280245260443984	0.0943901859916087
0.118109569093578	0.0294401785752474
-0.656493603036432	0.164060826310612
-0.393621163963244	0.119864422038082
-0.392841205484787	0.116190355727902
-0.65731518627677	0.167926311118685
-0.663096640604795	0.165796663347566
-0.393621163963244	0.119864422038082
-0.549743231070451	0.501058809323851
0.335265048242286	0.15093527580494
-1.79771985651342	0.446675792418859
-2.58996427788281	0.720596294884041
-1.17508912165844	0.368145189989722
-0.394401683291924	0.117397243044943
-1.31605312528195	1.17300205818225
-0.611497933521494	0.389665472892854
-1.08591065802584	0.448197733425892
-1.79855097632956	0.444373754165809
-0.34365143455813	0.308463975736683
-0.60763157150797	0.396484708936237
-0.210697806281074	0.0773836839932841
-0.672022844522983	0.546679166196236
-0.389572910828492	0.112957102423711
