x	y
0.338703938113456	0.574674688189317
0.158337178247709	0.168400254588994
0.141936453189578	0.156072993496045
0.0188587786613346	0.0167918421502407
0.0807423109752125	0.0794891168492248
0.383183303428158	0.549068120405054
0.043951534767378	0.0493767873252692
0.124990016282436	0.212018947951151
0.149869673795528	0.165138482976663
0.226040480149923	0.245745556148353
0.0153893693387614	0.0137529891804527
0.172421935406418	0.220067589192089
-0.360890556809785	0.789225756635026
0.170247716953575	0.2547152614656
0.294479435272987	0.418306028074006
0.211043392366357	0.297183650126215
-0.0696022353689912	0.0843417264064179
-0.170314122333327	0.24192816101503
0.187818192164225	0.28154931029531
0.107441632659955	0.129805443664467
0.272165423699828	0.420908821459962
0.163748779560018	0.230299309712929
0.00504029223162156	0.00635520960932628
0.0343501020944328	0.0389787733607526
0.0545898855243105	0.0798549515863638
0.13933979596609	0.212804584274899
-0.0808922628296533	0.103805916128384
0.10115449933818	0.132815715364469
0.152513117413864	0.223601151573514
0.0304590208035366	0.0384097339250694
0.25503886210243	0.426874351136241
0.283843209686131	0.535740635890226
0.0595368109748169	0.0841436082693646
0.50935920341063	1.08473498817595
-0.1013253253498	0.127002561667539
0.302181593761448	0.543477609880394
0.177910887412204	0.278096757943252
0.175518446782884	0.301424189984322
0.67487654613922	1.82889745134742
0.089692263294404	0.123679561691481
0.171949491739471	0.286527974317556
0.226855876896826	0.398322059596658
0.114300198820668	0.156748114069746
0.0477338097592882	0.0608978682723588
0.25572704978909	0.457496654164915
0.217280835157132	0.312614659634394
0.60473195361602	1.09409707389902
0.198355712856768	0.268090881676088
-0.187261252384314	0.248651847333244
0.474645802159533	0.799264247752493
0.191754459555766	0.254175948319232
0.561492051251298	1.00938431496107
0.291019264030898	0.305654672618214
0.268416786174858	0.339180512887368
0.214360282724489	0.289815525856969
0.157425492085088	0.339847130946665
0.130600827573555	0.126595589077004
0.23775729064215	0.296108376320178
0.352646872788488	0.49637783904663
0.139072635117986	0.144105053025763
0.190472106063303	0.199379682004037
0.384412763405165	0.552406178848651
0.240706377728875	0.236901658168173
0.25567041636978	0.221648924042788
0.172997815098335	0.158002138446415
0.387163627425239	0.485673532423311
0.228955927207237	0.283618530378251
-0.477902211333265	0.815491891051701
-0.022254901031786	0.0250478230022204
0.154676517454848	0.179580139185905
-0.531838751954371	0.784992687922448
-0.0619303868669989	0.062024209261647
0.1973314308505	0.255250059129657
-0.0599459285514146	0.0582473098133329
0.31460365868745	0.403702765437714
0.215979699215262	0.348730993990399
0.0732050385450486	0.0947578993302245
0.319369567127443	0.582308377856009
0.133409040382259	0.184252351434905
-0.72914254692958	1.82114297472484
0.164904473987147	0.252831386003578
0.130739498851598	0.186357249002334
-0.0630519304271307	0.0846752835031035
0.15299415742647	0.223609581178597
0.0140704351669891	0.0179068881827337
-0.01060998748509	0.0136283080633975
0.17786248823004	0.235833940862828
0.0388392421149511	0.0478748849296385
-0.0786287916067919	0.0913769650602786
0.0565422924587515	0.0671970682426954
-0.34544297419284	0.61616849247665
-0.380310277352109	0.678102345512016
-0.00396465357840571	0.0047283249316471
-0.148834834852154	0.217052219391981
0.334369214835867	0.569121194252338
-0.0787087593796836	0.079086549200147
-0.195390324485298	0.241405490576831
0.075652411873595	0.0819619290525076
0.000573978807124768	0.0006379751831763
-0.0275486444359476	0.0275076175813725
-0.0140680585500477	0.0154308427164181
-0.0580742556019384	0.0561593164574468
-0.149940628732274	0.188797904421966
-0.0643123805058943	0.0741223647659687
0.0506222792567215	0.0430006843252359
0.54664616501708	0.695180729221941
0.176561612133848	0.163474512771556
0.304208282972563	0.298014153671814
-0.0447485241685999	0.0401528096557809
0.514984483524834	0.830731262269047
0.108235968229601	0.0963598408987038
-0.0234143472515253	0.0183021291044122
0.585621604367928	0.80160331349082
0.240064014905118	0.23788936664053
0.104793857223655	0.117943846900478
0.0309865607640605	0.0273819688569704
-0.447463386565248	0.524051100214678
-0.032205957229108	0.0283872478870388
0.0505076076083153	0.043390294956636
0.208109376969316	0.269424179216233
0.271787345734014	0.330175303553124
0.13225367579389	0.168604622662228
0.158618737281512	0.207205016539424
-0.599472229280866	1.18374534172792
-0.0341994759755955	0.0438838359803984
0.270862641204524	0.489340492633321
0.442937545247233	1.05736838120954
0.10460828212866	0.134166472011208
0.261110471007193	0.446438419704038
-0.0307433497402475	0.0388636010707626
-0.00500090483013319	0.00669405726551623
-0.0563607390434274	0.0704780361715615
0.1796824068331	0.297600958719949
0.159760048438579	0.260086524946272
0.211009452677684	0.327595866645853
-0.00177238970241247	0.00222833321559074
0.131729472989607	0.206843046549226
0.275853256302636	0.526420258449723
0.0846217486082847	0.119725429856287
-0.396219331137475	0.797796489877075
-0.161397655935197	0.25387931604864
0.437430802494592	0.914674381392834
0.33344065787206	0.715788625004536
-0.404126790078027	0.964531873573156
-0.0388568179377098	0.0580026749294731
-0.386353690221938	0.834252822527225
-0.172301529452682	0.304465179413757
0.203715124858491	0.408243339015032
-0.0295558407741457	0.0429868314757675
0.238988602096889	0.455601119840705
0.235177790380064	0.37332456116841
0.338995609781165	0.675619862134733
0.124821654875986	0.18443748310919
0.0258606605638199	0.0332909908942408
-0.219272724262682	0.363619154843911
-0.00244967791931821	0.0030481207359953
-0.112475974282299	0.163622393445705
0.11654684241469	0.16831254076899
0.0358474498146233	0.0493484227767889
-0.152851694825798	0.250641141799862
-0.0104480420122339	0.0131343388315452
0.272506364713241	0.570526572750841
-0.252714546319199	0.49160276602828
-0.0160639668856189	0.0217800594280204
0.302017511402297	0.501628047914749
-0.00495503082683923	0.0063080482189787
-0.186463922841408	0.295644942028276
0.331425884736129	0.63147002205245
0.309292417825544	0.606343815581081
0.0828745768499097	0.118014355098965
-0.234950810203934	0.429067331718338
-0.0813045489357463	0.107648984615156
0.297749018509598	0.543143465446392
-0.2162606601631	0.385153358918713
0.0583549342202377	0.0776657642796611
0.097265571911116	0.138466154499675
-0.0236043211995184	0.0325293516561244
-0.20850472115518	0.359156305778061
-0.227284305495299	0.403239920071993
-0.322733890545819	0.625249870851197
-0.281751453753563	0.480557587951094
0.156540275660748	0.247235493310929
0.346145374093663	0.634273145474265
0.60633116836582	1.20634836759862
-0.0427989665424697	0.0546531333311511
0.272045576738133	0.330640652559895
0.0610291267071153	0.0734549635168428
0.0707537871298608	0.0646975619008079
0.671934436519348	1.00845519438025
0.476978538876476	0.640316986105085
0.67923869193654	0.979604409635978
-0.466586044860866	0.5609631399008
-0.0064487445793221	0.00596557156488999
0.14138574182117	0.147584432035497
-0.298854360798907	0.356363312851424
0.194359029694709	0.219638532000989
0.287300962197557	0.329872643643467
-0.159126300299463	0.167984399969501
-0.483169387024381	0.631588693922844
-0.352202300497897	0.458276317336002
-0.0978798300160628	0.0916627375022422
-0.151215483218232	0.141519543408411
-0.48695515124964	0.595445880754001
0.432973734221498	0.548135436757365
0.217152341423108	0.221884346249718
0.230158964837282	0.428774118722892
0.660782561452505	0.970591549258258
-0.0779744566266498	0.0675461274543722
0.318747722204053	0.396612466206666
0.349321116940961	0.45211112126076
0.223887918919105	0.30037706155654
-0.212435684454884	0.32679597287476
0.115479835220465	0.105418248739088
0.209414301181082	0.258137354182314
0.0156479051461473	0.0175386954768321
-0.109396603180638	0.120456548115005
-0.61707451607513	1.22743859854939
-0.301591219798307	0.417937788712726
-0.059181029843458	0.0573362306718679
0.128451719947128	0.157250273794724
0.283983449609387	0.36310748715459
-0.0401772456218706	0.0424950030366961
0.738667305794963	1.48657878299347
-0.346842372914589	0.527064814807189
0.320025756058061	0.481422267195255
0.323198799525802	0.431151752340566
0.0495458192834322	0.0500125446407829
0.0347557791941277	0.0363843427848354
0.516253574254212	0.751198982258259
0.0543847980823252	0.0619430963427084
0.106106507318966	0.170095036693275
0.171478282544831	0.196650412854577
0.324917437984719	0.384239318754988
-0.324239468712055	0.425179103930986
-0.484452551985471	0.777769480183133
0.461689074053109	0.735670233975561
0.193622929615545	0.249249244760581
0.320613307931457	0.656153515591057
0.102029029566088	0.15169429907349
-0.16594700343957	0.267589966536916
0.241069033859143	0.444729275309993
0.192273024833897	0.344499824714532
0.101778698867612	0.148854821600095
0.328841598651992	0.650870035196444
-0.289540831922381	0.584215794176051
-0.234622850949173	0.43448458422774
0.409923425626072	0.871113795491631
-0.234879580761032	0.38345585411089
0.0353527568061483	0.0479701134143639
-0.144745781433136	0.242935980764507
0.0588201968500592	0.0865261586753671
-0.133469696215281	0.224697909532654
-0.0697571278486802	0.104257847793801
-0.24288575645503	0.447750835600266
0.145622478001108	0.233268181145183
-0.250949580186342	0.388461900274751
0.241961895203642	0.379367745488803
-0.159975205828494	0.235828155446228
0.0181963400112687	0.0226727683766912
-0.169638560298592	0.274246681022699
0.610543661704569	1.35905400769174
0.298469518211231	0.315964426900214
0.847282455479001	1.46032312796771
-0.100475341673823	0.151417673418613
-0.152788691403612	0.232102466016751
-0.377836161171845	0.777760380436046
-0.139266911187808	0.235297457827905
0.349497963150547	0.839749732569202
0.453196821262535	0.564578129000943
0.118240343880142	0.160630371208217
-0.14511626634983	0.250829352197454
-0.145118505859356	0.231974522802716
-0.00597884465379166	0.00818000136776975
-0.00169388053388627	0.00242711257738187
-0.397305319529446	0.844672827188671
0.0333622172276397	0.0423579004109024
0.117927890123568	0.183799330362723
-0.350506942030316	0.73023723624546
-0.00999417392074879	0.0130006257938297
0.158247588098811	0.270055593272846
-0.144000155400203	0.240799982611746
-0.196228130062955	0.361135480188479
-0.14840848481268	0.272208286963237
0.0532303267114387	0.077501557412167
-0.63620248983332	1.016756210401
-0.0411698968861203	0.0507175634896899
0.159678669771383	0.22469393334555
-0.112783944690562	0.159317056665027
0.0909045773305672	0.128393518898755
-0.303301337936962	0.482705781682255
0.45732468241097	0.646036382152525
0.0889491839866171	0.0864556980519308
0.52350125518876	1.0988989028276
0.174198019638721	0.179556776403768
-0.388492312578057	0.556808016891898
0.209690590991844	0.369095241789557
0.45537338858782	1.08418604612329
-0.0160910188765231	0.0204282552803727
-0.110901141411583	0.167783467288808
-0.287171690028676	0.573408463261084
0.224754512057192	0.354158636496825
-0.0361790211803131	0.031674383468215
-0.179705164887945	0.283308579734924
0.0621409411908652	0.0884650369199002
-0.0106192715262317	0.0150704134628612
-0.0195401795328838	0.0261613963335126
-0.484444296283883	1.13312906486703
-0.432847327096828	0.96397817662513
-0.059701190222741	0.0812181099470042
0.0746204765160809	0.104233414404373
0.0086603487114459	0.0116375085105386
0.0384338386827599	0.0555056741011407
0.426541464561239	0.906635133098755
-0.122300808233174	0.194582101439031
0.0372166741151511	0.0571480156059104
0.0645925190117441	0.0998875826144847
0.269430484491897	0.542286131380106
0.353579534238936	0.696987565932432
-0.248407007425627	0.351960759029788
-0.104122733903256	0.139117190016816
0.127981862139783	0.188303293719877
-0.0922986975027753	0.128058886003403
0.300181306723287	0.385163597133018
0.094572891184703	0.102037583405253
0.188238298220273	0.196717696826885
0.753675702819899	0.877827026668701
0.152442515801721	0.229865576940585
0.134705905015508	0.199321659683054
-0.806972532384078	1.02654486706638
0.474585988421182	0.594431963667178
-0.323848569841001	0.571983174141952
-0.161694876637165	0.242622309499284
-0.146481681438896	0.22017634987061
0.230360300845065	0.380574502687486
0.33465715169499	0.683861007556198
-0.233714786427316	0.34966355344149
0.494141568772023	0.668204945331312
-0.194202571371365	0.284889914959942
0.160763978821136	0.25486496147934
0.658132473263079	1.85634420493057
-0.265906465777332	0.462320407832789
0.0996462495326737	0.156573140151282
0.209920706785881	0.335752771072014
0.176342272829789	0.276203783515219
0.538651959613075	1.14538401191293
-0.0592689846169626	0.0784357253979181
0.00450843841715951	0.00600770895256731
0.0916668772433346	0.130335216379743
-0.018422303743772	0.0235431660490557
0.172207785338409	0.297041332466032
-0.32551899447056	0.454115308131115
-0.427031890224311	0.635192062681516
0.406145652086733	0.776210726725982
-0.128140304188085	0.161266027978296
-0.211219727376583	0.327480946413179
-0.188729258481029	0.257437482055381
0.0123625982151339	0.0118154705797348
0.0827668974619865	0.076364185835248
0.718845391754756	1.01734983180402
0.258762362507497	0.457631444552135
-0.339830260144051	0.430137965162386
-0.132329705683804	0.152656938158007
0.067815162331396	0.0922026141276301
-0.166026978160251	0.272460889160421
-0.134454063569837	0.214237081242999
0.213152628142646	0.383049145391793
-0.132511734889736	0.224740425668815
0.591507172799104	1.45327930287118
0.772518084654561	1.22525391133293
0.474252109679523	1.0425152144381
-0.274336649212901	0.51079097351712
-0.542285011970445	1.4231741544213
-0.218492949211559	0.404463681408114
-0.358717083822261	0.690597212518254
-0.0796393392328693	0.113082878154236
0.07514149732162	0.108598549986816
0.0517513526178109	0.0769849781055165
0.0229472570795792	0.0308707117160608
0.316642438045606	0.733479608947107
-0.819961889617246	1.7230808947965
0.296560412153349	0.440601552506831
-0.0222586984655481	0.0281547756022028
-0.0841136847065128	0.121701325418284
-0.181768478169081	0.221958844878677
0.740263633482095	1.43272710039178
0.129068156112259	0.1345009713084
0.0828361783527949	0.108334859614057
1.02746511555397	1.77774233893163
-0.227875021543094	0.246338293695161
-0.520803517206539	1.05371061137395
0.0818992051875237	0.112021717135626
-0.296197135619867	0.473705789848033
-0.0406771007992403	0.0517930693938346
0.00913856217726565	0.0117325234613919
-0.19080374534146	0.261358173718341
0.358443999414912	0.483245133176509
0.742993529999035	1.74453491816862
-0.339801199904473	0.591585315669829
-0.148397354095303	0.240174185606637
0.35048138540569	0.635273652182739
0.242303779540323	0.435574906358076
0.445013708501578	0.89200619746738
-0.395290345087705	0.624906830346801
0.170586527925493	0.255016431002177
0.164066704171362	0.258708617209299
-0.799102375668187	1.8958649629739
-0.710765170307513	1.54087627338259
-0.214069659902835	0.300065820316063
-0.0111122126366118	0.0128540612938304
0.0820587121223446	0.0931991509463847
-0.402673236101289	0.65706293294044
-0.348967559770403	0.434638467393439
0.079453208609417	0.122019670425036
-0.612816706664356	1.3360461881577
0.0455559187916471	0.0575131261966241
-0.282135321304858	0.41978512584737
-0.557177590270709	1.04663707233045
-0.045608276469722	0.0530792896782399
-0.227816008326319	0.368632578940094
-0.354281721963729	0.816098143783561
-0.0507845810938543	0.0701869829354128
-0.269314775636853	0.405941097790602
-1.06806858590724	2.94809864455703
-0.0411558924977006	0.046379949609925
0.276232646188757	0.416349947802712
-0.169227575271598	0.199762455434976
0.380321533171433	0.701565737466725
0.336867100097021	0.505315814535586
0.107609560652382	0.125118070586867
0.258431006558455	0.3696607096195
0.459668404335492	0.386410400275849
-0.226819568094931	0.154353553029257
-0.417448945468216	0.867008639426988
-0.758392084262895	1.3582921416115
0.315895782079875	0.469849557784334
-0.154197993315536	0.195330355260101
-0.18820075986415	0.247002287740265
-0.0656887084133795	0.0809151280245479
-0.440531977240749	0.870097530148984
-0.712260613348914	1.50159421066571
0.366863902945058	0.53075097036962
-0.457856178168498	0.831145049138262
-0.559615148940628	0.888513478001975
-0.278438819753014	0.435791865506152
0.142131589003522	0.159104326601829
-0.313442624020455	0.372624875311314
0.0365456603963	0.0373172910826807
0.0648090041646216	0.0805110435939561
0.692179142426473	1.51892423998442
0.219887650806492	0.316634882121882
-0.389244275728999	0.56526807994236
-0.522316927462345	0.791404212223295
-0.568926025896787	1.03880996935785
0.111772588228069	0.122276183437584
-0.332890794134709	0.477724763602351
0.182584019768773	0.215778034491391
0.37471866129339	0.564695387018495
0.285347369352469	0.141644055246794
-0.0282128192029684	0.034247848335596
-0.380183308012656	0.58283662115451
0.556243750525163	0.806885328870076
-0.4860124433204	0.66577445711795
-0.490750521695548	0.807523292962987
-1.14352661003254	2.56910243759559
-0.267695575295345	0.38082766583792
-0.253559963151663	0.337275436980972
0.121055176440885	0.119168764968951
-0.178373073887362	0.321165377509572
0.705757095383482	2.02579106265751
-1.1937314165739	1.97090585502289
0.484555636939986	0.645444156882233
0.0979864190714642	0.0800514318809136
-1.22944670326071	1.69200781546496
-0.119829970803183	0.089010006929478
-0.349517680393668	0.489185673872577
0.0799881463458575	0.122606117857584
-0.330010673836886	0.534689784275337
0.437242050834184	0.491773807237684
-0.00932234249037153	0.00756463250489235
0.369899286399008	0.40276168630421
-0.139807489836288	0.12440792382965
-0.0537952193699295	0.0423784742706399
0.147941072454711	0.109845269963003
0.428307633803542	0.468721650198219
0.238626484258555	0.248294970114269
-0.0868409968715017	0.122152518051013
0.222567882030543	0.318777601432405
0.0373168068246924	0.0456204932357529
-0.15283847229063	0.181655271320131
0.199439773746491	0.291741125387531
-0.0896293763358745	0.117704851238877
0.458990365229361	0.910593570945313
-0.0690077648995545	0.102081785839299
0.148746907230638	0.26911093399909
-0.0393979433804945	0.0498237934359688
0.135725625364545	0.134033152595704
-0.382764412213256	0.375168087731497
0.743289949892382	0.971143054251015
-0.139605232074684	0.136243447118381
-0.532330938287824	0.760951790834562
-0.356303551340258	0.623848494147141
0.447064937400827	0.702447382668119
0.691519151937456	0.924776250905542
-0.13488044764807	0.24706079049865
-0.0807855067570608	0.119761219473713
0.329142896479677	0.280902552872137
0.624106222689827	0.773656151410535
0.105974279542364	0.0622898762609921
-0.199229776476316	0.114148696926032
0.993015629655666	1.22255088264019
-0.104314094196579	0.0802822147194651
-0.0122862192815277	0.0167169684093243
0.597970299649258	1.1516725435216
-0.943554434164331	0.881641945796105
0.0412516553702504	0.027267139060041
0.51120811259845	0.390476587623407
0.466700397106115	0.388844235721349
-0.0823176418677451	0.0543952061935183
0.107465583558153	0.0657318331130836
-0.246066139468994	0.186305917790551
0.0632659163162235	0.0470115111700713
0.429398674085976	0.385009602088921
0.059875173806931	0.0424321442156855
-0.187701311767045	0.381359467741729
0.403658360486406	0.987321123930847
0.0293390257205851	0.0401813597241758
-0.00971381878798422	0.0118231071196051
-0.0299519301013425	0.0410378296031187
-0.182854634249881	0.320153277745613
-0.0129452788966881	0.0189439954987142
-0.42698063766875	1.26013929939016
-0.433004369545272	1.24645957823537
-0.0537108947146543	0.0646367338937089
-0.609253252101594	0.577141967238585
-0.00862856451282566	0.00506193710593001
1.17498412871173	1.3339683335596
0.324516970927124	0.304094069687621
0.55177548779464	0.700154875102906
0.0213270338569778	0.0237633226339765
0.139877967101639	0.161505061728805
0.174913040905407	0.173120716254665
-0.138452786209269	0.198585107607142
0.502303227887919	0.5710229193639
-0.470290787915381	0.61525210364566
-0.504136620444704	0.395363421142385
-0.236162327316793	0.189477592172782
-0.583445279194919	0.742768045886743
0.356505159997088	0.401960846699336
-0.362575104143372	0.723143443136303
-0.256929279640594	0.340617281746445
1.01871633629975	1.11197234877576
-0.092112105077356	0.079399581487567
-0.0226913897463271	0.0174111952252767
-0.765669642176293	0.76102960178076
-0.611847226191336	0.553190335512133
-0.378926935957791	0.370563192339148
-0.131221239124576	0.120485622880071
-0.200606439621008	0.161348690617842
0.169627597290588	0.136491189187953
0.695648641619303	0.75942229104265
0.0830850966671526	0.0642660434271597
0.133728183315935	0.127434450655021
-0.150757359464102	0.147146194249516
0.174487278914372	0.280865959016913
-0.186117590345587	0.28222004773244
-0.402720280058583	0.766928056214193
0.208430750189979	0.324359173755068
0.370700480767164	0.711137290111821
0.84488996016881	2.03567252331816
1.00604018820409	2.95645849589315
0.310611009625658	0.493008555813185
0.00385748510726412	0.00582243606240139
-0.362268908145476	0.635296219279432
0.169158447353598	0.155605943575749
0.355248288376556	0.390475476110126
0.106984590867929	0.0898678111579855
0.642382113262264	0.624206725855309
-0.697658727120772	0.788892050131511
0.110441396181168	0.123855280502428
0.626220453464345	1.06016755789728
0.70085769097485	0.652521940153332
0.475374877844083	0.474310779444527
0.435685360128811	0.255831805042151
-0.170881148534314	0.101111316971393
-1.7815591631463	1.40717086776257
0.231983039635959	0.153301134814647
0.090922729277548	0.115458947283598
0.0250728057357979	0.0230790503508498
-0.0223382110375663	0.0125154758150353
-0.138579822687003	0.0881886206327341
0.386832537998624	0.266107572111526
-0.293706362248388	0.198183842910619
-2.08247582403218	2.11941032727913
0.113001197817266	0.0592505883966577
-0.334095138864254	0.217937123895769
0.248804692911569	0.152852436682949
0.00894213800478133	0.00568125275213114
-0.606235136111192	0.389136343934329
0.0967253605059596	0.0505517732056246
0.645852527863628	0.400704603914324
-0.211621344895997	0.123312766835854
-0.236360295327729	0.509924582878777
0.0440919539964718	0.0654473465621427
0.0242922992089357	0.0346391462833691
0.00295175642659571	0.00382432065862187
0.148830693209196	0.199709427072158
0.301238441064897	0.614120932268013
-0.00968936551957199	0.0132768078283373
-0.0454481887982651	0.0666896851610476
-0.276053896736698	0.674257856875241
-0.189878621793574	0.384432633798877
-0.466999512024149	0.654595564901506
-0.726987158392656	0.487707586777257
-0.459402644188338	0.271791303893152
-0.65055185001596	0.478168129117113
-0.852931235993114	0.819896886714132
0.372517024145933	0.270945827056387
-0.970847031487482	1.79530094405414
-0.00805798905956739	0.00664938336231204
-0.704176116906517	0.430372300180833
-1.21610747613073	0.699840267189601
-0.578852492250181	0.233014554599645
-0.657453862657292	0.269055386724319
0.336435938924503	0.612096785105806
-0.102095877869833	0.0771986921680461
1.22343038207796	0.66479612480454
-0.706319248293983	0.430042007446501
-0.3662657854288	0.169364030530826
0.341169324697112	0.148729309713792
0.844525604446597	0.448641997946062
0.384412223673175	0.155989874143806
-1.06730503991655	0.968083923391591
0.550910415568628	0.289164757680891
0.0887388246485948	0.0376887362086666
0.389483812071247	0.155631806439836
0.0969267638598926	0.036145659982122
0.505917212671976	0.385487196076703
-0.0627908268493672	0.033211148782034
-0.0649251844090011	0.102117021269061
0.0278774085838317	0.0389689130450537
-0.239713332607373	0.327715677716875
0.0830682749153114	0.144521716732347
0.203962768049982	0.431920527392966
0.0539724136100522	0.095742032953751
-0.182567356781545	0.384945418162325
-0.095844816776824	0.179981124393987
-0.35122956656899	0.446926917408841
1.97098080726061	1.79754440198779
1.58861109337411	1.38397767289134
-2.68575079465398	1.67160491661867
-0.165269702311761	0.100224171736832
0.0895778036673898	0.0328160855635364
-0.284811879633167	0.385545902406823
0.110685583656559	0.0991218992799777
1.20574772556491	0.620969261694555
-0.259202337226451	0.13605991797066
-0.357150259345358	0.270480755729339
0.314571318507484	0.516538606755963
0.172530372158886	0.16375736558759
-0.253613777118538	0.136305212943798
-0.0912840600507633	0.0443999522690034
-0.394116143869892	0.237583072078154
0.260071302840523	0.153234694288435
-0.305542672086664	0.153862030380837
0.544737244762287	0.397815926910776
0.249455273644903	0.158895185861139
-0.560499087740151	0.440289434512412
-0.0599183337813545	0.0315184419550529
-0.98291447708587	0.713313546824284
-0.337185807920115	0.224186440957614
-1.09635152904684	0.849866690297312
-0.150268205649766	0.0936361397169385
0.653837679379194	0.411384548611818
0.252711360355829	0.549126746008058
-0.167996119669568	0.325928308604171
0.0381279565500554	0.057277294229426
-0.191637780751115	0.297298609330953
0.00602221115171494	0.00907036732462475
-0.353106243691173	0.860420271019675
-0.0198447926706896	0.0308588723735172
-0.300401812376989	0.735164743378758
-0.156083428445091	0.330588541756518
0.581611242858944	0.929073526131965
-0.296987656601214	0.196874441741874
-0.291882221482301	0.147584943399845
0.11439806513495	0.0663909913667536
1.06033116489801	0.917752914509776
0.121455003725661	0.0682828449130797
0.563287928117973	0.845439806689045
-0.46991978546731	0.597719093492053
0.52244774199734	0.497022614808561
-0.0114629210617908	0.00646800741443009
0.227752460140117	0.169590701433301
-0.544162138046735	0.642398603748633
-0.0824790010297314	0.116177484372285
-0.0693061541980027	0.0649195130014119
-0.538322474235796	0.576818044896415
0.317033950493061	0.297456717987238
0.0118006624727938	0.00873801932071812
-0.0937449496881575	0.0721373065930647
0.135787639517833	0.0998100728098681
-0.141648948881022	0.118584956912013
-0.343448386242509	0.362794036803779
-0.694931744545462	0.691048118980803
-0.901315765821532	1.05149389535316
-0.772261826764273	0.9208260511249
-0.833087680388741	0.904459423421824
0.150259654537553	0.11599832184416
0.311088643626161	0.303999778311522
0.0329067945583356	0.022101601488682
-0.110001842002546	0.159713067477369
0.0990563679167816	0.133194713450222
0.0852842105882677	0.121966309130796
-0.100433381178593	0.132882827701545
-0.172905849436968	0.247803028437146
-0.62162790814303	1.59727068350739
-0.14762744599958	0.283063586485163
-0.375281192990403	0.658491852593221
0.14138020942076	0.109634157972364
0.0803364306330184	0.0623306678992072
-0.406026410993546	0.386980802782713
-0.114512024932434	0.0950484382999961
-0.552909779220724	0.705173627244614
-0.147040140457926	0.164323294072073
-0.884163608022234	1.4655974057543
0.495950425892897	0.484959158864582
1.04916031971397	1.59889043315447
0.728198501732825	0.856589286207992
-0.0972870831019899	0.0718388600745064
0.16459130766838	0.13675541523173
0.578542958972758	0.783953241961719
-0.181980430264088	0.252051100792352
-0.0945383051432782	0.0960243686507911
-0.573417626674328	0.715925810302542
-0.285830053783478	0.24324421846066
0.526481099591583	0.49008298747806
0.375709088577675	0.392690580904843
0.0677602464907807	0.0476347410151234
-1.59325159558281	2.53060410126103
0.507298155214215	0.602970092107647
-0.169862417873199	0.152000433438563
-1.20255695378751	1.87010129699515
-0.717435459809806	0.89409416346133
0.752379468589231	0.844061742871329
-0.452421507213409	0.454920614754899
-0.0508883822671811	0.0453501469747383
-0.657131631363193	0.795185442835095
0.0528253079780777	0.0375629449350047
0.238052505843817	0.18429466958499
0.172515202728593	0.155735348097782
-0.209062629235061	0.338196883866322
-0.256054383481779	0.379633483368625
0.0415878620963105	0.0465631412509968
-0.72744217750707	1.74733771410494
-0.440823753301293	0.92304605006197
-0.104311672279517	0.134672784384693
-0.181276856116977	0.176673147442034
-0.295101039081801	0.311256162393379
0.00762023906345065	0.0057368136768915
0.549407425296231	0.744388771209136
-0.0701658713635586	0.0604862684390741
-0.306582000695486	0.430025596126129
-1.04648507797725	1.92265905610567
0.22440334377573	0.175677312780116
-0.390412553841923	0.240986910454644
-0.554950125745968	0.533769834274017
0.296621902568976	0.50427028181919
0.76801762645958	1.33251651921809
0.542221284502905	0.400876524033773
0.112728727874866	0.0672335051825042
0.349758226089361	0.255601598476285
1.04147610136983	1.26729448458391
0.99673696828905	0.995830347973018
0.997976461523899	1.01814362372799
0.549169956091264	0.370018972812816
0.566399062686967	0.522823756844586
0.792915811508596	1.00011798691424
0.625594917493543	0.534748591358738
1.18685047182202	1.37801976878099
-0.0061444348297731	0.00362441762328798
-0.458346644115568	0.323498654673795
0.660243752208259	0.412941029246091
0.728191376594728	0.423881779865849
0.988487610648964	0.999702978110238
-0.169777451745802	0.103757040663069
0.18354671673744	0.357171041973494
-0.0482718446300117	0.0608059798520753
-0.0400853861405021	0.0599479981675457
-0.0864610955806992	0.134075063852827
-0.111008510947375	0.168359233134642
-0.228187361106375	0.463368408105667
-0.388291217539609	1.05360194344799
0.389543258151718	0.494590856847814
-0.0358258243567981	0.0248809733439139
0.457312991172068	0.362249116895041
0.421882848135885	0.391873125297834
0.137371296415931	0.101995459524731
0.234910095108975	0.174227045255898
0.0715145159970288	0.0810878525784108
0.0537059475578886	0.0473835518209651
0.668604556426898	0.536033757371599
0.450647086527117	0.27058660134581
2.06630267466789	0.897561197895968
0.418732995107933	0.267317147235623
-0.0602666344260569	0.0801272902091954
0.180429232507562	0.201435677465578
-0.209295304134696	0.0774863737836897
-0.255833177667131	0.139547673301713
0.0943933316039361	0.0432631939122005
-0.620109518693136	0.368319005635601
0.0981098154467577	0.0541657480941824
0.351331275794018	0.267573690121052
0.0992853109395836	0.0516923298382655
-0.0856384361384329	0.0421203291355903
0.0884174817869589	0.0433921032123919
1.21946738064122	0.688306370489708
0.0924387933744612	0.0425540904022554
-0.524119747626372	0.342163023902405
0.303788266672715	0.151875364096805
-0.547873267925456	0.294470863087414
-0.156577902007377	0.0648595186504267
0.848183907364832	0.43221869943817
-0.210810544975726	0.477126117027861
-0.548062384533231	2.13040846894779
0.00820153874194988	0.0143227919535678
-0.186213216522666	0.196569189601405
-0.858386502612441	0.570015889576282
0.739700300743944	0.432266277976494
0.648295033974775	0.417191739958366
-0.442061820869706	0.355930351550195
0.112818051938704	0.0685893621680867
0.2446628096113	0.279934612725722
-0.139400004763001	0.125484205459913
0.636751247887263	0.726477925229664
0.387962137163587	0.2693873356953
0.650152214824159	0.612798104153201
-0.249368604711515	0.363889830824459
0.768928846160266	1.15086012375418
0.147430729279321	0.10697450022643
-0.357852657795785	0.266132744424538
-1.33403905500326	0.602031547587509
0.23425869028638	0.184010282693352
0.250255037312422	0.154391937990718
0.423641320698937	0.395304918647937
-0.0164235895667076	0.0113815602373821
-0.216107457468657	0.152511361021352
0.254221126741073	0.217920806536947
0.716804974004637	0.816815884457755
-1.21449311481388	1.05638348152835
-0.0778642168992323	0.0501247638332511
-0.0200423257002527	0.014091920782809
0.0574090589166352	0.0380327617445354
-0.612722580189023	0.555369005455664
-1.00165851360866	1.06272670354123
0.335308295230958	0.292305522300066
0.00158429468020473	0.00228008186472772
-0.134306855921211	0.2432187267153
0.0665014485382095	0.108870497744504
0.180119598109967	0.307846772017156
0.294185233029034	0.526234185943127
0.326123000766556	0.619883148736841
0.365282232872449	0.830512634277475
-0.354840294521043	0.784325021601779
0.180561595263058	0.208332963317476
0.628411617624132	0.489843466798176
-0.0851393826653363	0.0561284444557028
-0.554461239201422	0.529306660263648
-0.352372333112398	0.299782695273487
0.53015314028801	0.458992967897838
0.369114946839804	0.481046471480563
-0.60313056723574	0.691407055851042
0.25773135622398	0.14993991318311
-0.155998728586055	0.0883807205464217
0.218272776079322	0.329671830541001
0.363173025174772	0.493542501431378
0.0931263528911693	0.0311999900468004
-1.89631892173744	1.73188479813023
1.04046080909646	0.77305492861758
-0.548858796897054	0.285291893668541
0.591128584918721	0.515528913793623
-0.0644590771033105	0.0334359482745385
0.352840659663572	0.263040090288072
0.0950801446507247	0.0495898670356853
0.862244696441149	0.699318291538941
-0.500060723668452	0.408348114761294
-0.455929181813293	0.263244207268186
1.9113500847288	1.15860566655431
-0.363372299490278	0.1733000009106
-0.708861197345444	0.440331547461513
-0.375403446635109	0.16528151546014
-0.989803772753212	0.718968733553259
0.0891598974224175	0.0378339527547878
-0.198901226772644	0.502937737964978
-0.221592352589008	0.499557395012019
-0.207037371275828	0.415949073879427
0.441861314078843	0.855571792434417
0.137809958427809	0.264459597468063
-0.0606706347924311	0.10901928309479
0.0669038114942791	0.11994852292567
-0.213552439137983	0.574167970784149
-0.475959053887979	1.64472642666552
0.229044146019035	0.266595402992471
-0.609775422606222	0.397311433086202
-0.465009078906405	0.272908545659549
-0.341853525502608	0.214274605600719
0.0280564849980168	0.0184402102932127
-0.557962982733012	0.537529300683568
-0.226380150083628	0.264628782784781
0.0142646591581354	0.0127100234960854
1.26820002386902	1.41727141167965
-0.40451928748528	0.296340614269381
-0.176265557011829	0.124714237926673
0.00339167282665239	0.00415333657548846
0.518823534774088	0.808202080700665
-0.390383047791788	0.223573563576957
-0.185232211301187	0.136818023662282
-0.647755428341522	0.476930833165469
-0.471232930237256	0.481701627051213
0.510858175905847	0.375432135231541
-0.446399935293879	0.359905163940216
-0.446141387016904	0.362610701603823
0.536624939325572	0.481736025249386
0.667824444818117	0.518721677059848
-0.0232338463006416	0.0159128577405834
0.664691734796565	0.529236583157865
-0.148589088816185	0.0901905703596413
-0.348949217847509	0.296636253190874
-0.563914894405375	0.398491747714392
-0.15169787898843	0.0925782225838403
0.288920963385248	0.149850574423643
-0.686180935964136	0.629794982784067
-0.107857228892479	0.132295076824905
-0.317606182915106	0.831441795204976
-0.0785837873543853	0.142446705583929
-0.249795860091812	0.607372008840331
-0.0358689950435773	0.0555734876502355
0.101452216968345	0.13891278176124
0.431949996182328	1.11811012468374
0.126279995701037	0.228351477603336
0.114179981978435	0.212816388579992
-0.0226152408315653	0.0421812362302395
-0.0494625894527259	0.0912674882343562
0.304451297047052	0.446872634662037
-0.0146622774317362	0.00839923366232693
-0.251075171224439	0.170223353369869
-0.046371991433245	0.0257508594415603
1.08540798194386	1.51549841431264
-0.914975525998995	0.998197115020077
-0.337291542218513	0.532771863888614
-0.226539893494904	0.253938874566589
-0.149343153137517	0.120404289068441
-0.819028716724926	1.01858209230277
-0.337588608284179	0.40844999500848
0.0796295722269412	0.132287618519233
-0.454634784413846	0.83530923108376
-0.0641305886706194	0.0545943680960333
-0.158571719618368	0.157384789997939
-0.386565594890425	0.396746104141189
-0.58347830471103	0.630689408345364
-0.0350613565241986	0.0306249960927772
-0.647622481354416	0.765904674011013
0.0262953378876668	0.0241453577990154
-0.478338271717718	0.489859008192421
-0.281516131744807	0.298610048859909
-1.03606485350031	1.66329609793819
-0.139775378608741	0.124671501377377
-0.272023941575215	0.313351024710394
-0.602333924370929	0.791480255165362
-0.210854776937985	0.214198594293212
-0.121806208739505	0.0905390286966344
0.110580929721318	0.0952335161917713
-0.578353430747404	0.579562249014346
-0.378615827605532	0.760493986715508
0.355961107554125	0.868092443808525
-0.128473607538868	0.184766031386326
-0.157239051086882	0.26186198995321
-0.0586273826333917	0.0823144475318475
-0.212749804207677	0.335822019531997
0.421767315062376	0.857989834886628
0.444585030884233	0.733190451972512
0.279751973431293	0.423318890112075
-0.174181898484569	0.278413529499869
-0.185321368572575	0.365613246306865
-0.092664827704798	0.12421066719584
0.295518410524109	0.315829743688956
-0.0741843490402784	0.0649251466925819
0.239742658484908	0.243343408257629
-0.18396117573936	0.180426214915869
-0.170670543136789	0.167743869350897
-0.522589479407164	0.915515840995538
-1.05934673856464	2.8871931788607
-0.362929674570908	0.369532494771144
0.118782598272119	0.107032764822079
0.849342507873588	1.75350066556919
-0.252408931110183	0.49168539596802
0.54859826129336	1.10772180484387
0.285237256383496	0.295056601743893
-0.359228883601331	0.440133757458022
-0.0899136037414636	0.0845245802075618
0.309434801467425	0.407749126777051
0.264113624360492	0.325294333518432
-0.251128865157075	0.306918319695275
0.550843513286789	0.699656973012035
0.0711870446319276	0.0647925381517796
0.00678722644614955	0.0061772143152367
-0.120147223394051	0.115931896772335
0.165249483858335	0.180029158011453
-0.0103639876826967	0.00956802776224544
0.260380072695678	0.336130794889402
-0.0101029206125936	0.00917482561935623
0.184592237450997	0.218330208178746
-0.0485665112040959	0.0430718709300584
-0.181635653476608	0.192977469095536
0.148981103959691	0.203345372758189
-0.422559257560893	0.82712035713488
0.114898592168718	0.142169837130272
0.373098021781963	0.624637145061363
0.187738727280564	0.277786272215341
0.0396576759654778	0.054328632757087
0.131850443600083	0.166894475956191
-0.232477239839013	0.239675645816081
0.180878546275116	0.181545313435553
-0.322755288982026	0.539160798361835
-0.72798309468877	2.09063935542253
-0.832314892127744	2.31834288203763
0.608464984258069	0.796891965883477
0.008134625785595	0.00690262999969759
0.444278179217627	0.634398930894442
0.394108513912349	0.448771117723539
-0.0773137116003323	0.0792284998714762
-0.309091930456198	0.46277724848816
-0.525923481814579	0.960698127297936
0.231938538750606	0.173903458897399
-0.105863564802082	0.0797457954870184
0.430675543174948	0.567418552768908
0.105882393124536	0.200839062803858
0.350391577315617	0.539705364179586
0.625483767783445	0.509776042696068
0.168701432971804	0.131820535967745
0.463411452034391	0.493730556800082
-0.465146641387125	0.51119270088916
-0.134553951846814	0.13365521846224
-0.759270459254084	0.992580458085845
0.284133888562916	0.329788252455891
0.524327298744283	0.672955258017074
0.00561483820928625	0.00432299890817239
0.0876502524693444	0.0673089892375334
0.510235833996344	0.577750359936383
0.326845842010524	0.280545332630577
0.239507117523095	0.207920070685725
0.24956715010815	0.243360176811723
-0.268218835573517	0.660823688548611
0.0514065549545926	0.0778396480269739
-0.0810437548454329	0.107582385823126
0.193001624468867	0.304913810763943
-0.00487916701108304	0.00565400566352253
0.18250417469613	0.289152229831076
0.0891974899941707	0.114617166293553
0.372190769146026	0.69608127063345
-0.173280917240917	0.301137301100824
-0.550797295546339	1.990853223412
-0.659286836225541	1.45227237742027
0.914567972818657	1.38396307012305
0.169237569715147	0.145647685262415
0.618758700226044	0.728039497735109
0.292638702252205	0.323914085606264
0.429177780367555	0.529249567046738
0.0142336931922748	0.0177204703562017
-0.347668778566613	0.57482004256975
0.354941465300077	0.503282183073912
-0.668312674731236	1.39659469890563
-0.229450870847422	0.306075978109875
0.121291723155593	0.184763705603388
-0.287083429724361	0.506759289164516
-0.434194285712597	0.728492984725215
-0.25964948513523	0.368895659204007
-0.394606832832091	0.635535921866574
0.222829698377449	0.289216581254258
0.00659212711016686	0.00713949324097401
0.197866757322452	0.28035124719165
0.171681377835245	0.201132505522539
0.0762524976019083	0.0905584529888009
0.242651746965088	0.317706373472983
0.226514693581917	0.213514595753596
-0.0935772718727569	0.083970294361568
0.366484382377959	0.474536631202112
0.811336498174471	1.42637781556466
0.24581816051622	0.221160452387778
0.125579544152009	0.0837948811465557
-0.391144122362373	0.308343689879695
1.10588163283374	1.34750146336256
0.00995852035778973	0.0113027915894534
-0.581971207046902	1.39241530768752
-0.127756598748226	0.148355308527344
0.142788240193799	0.173180439729878
-0.330739510846283	0.439247443513725
0.000942513980216502	0.000997951833474206
-0.479868233954373	0.795838555370428
0.186181829247557	0.269570831364857
-0.471270812981609	0.881560412078188
0.0423110117347554	0.0576960991340616
0.184383030568391	0.240796936323503
-0.118694857052962	0.151743444237454
-0.109747076723399	0.150517250088583
-0.170379803484628	0.250330972430351
0.438382983787431	0.72175979326369
-0.407104078334679	0.871807169210571
0.0710703617130828	0.0930842215701707
-0.00583062589634594	0.00641604336943855
-0.462344784841968	0.89692571482967
-0.229977645636143	0.34613491814429
-0.565021489731929	1.25407774606128
0.271611980749462	0.45394265460404
0.800892591820865	2.09975416835115
0.298395572300067	0.456470482724561
0.266877146961798	0.444487027586389
0.240739439953301	0.175493728003836
0.6125735057905	0.71156078085955
0.610534331625731	0.785263111175896
1.2927351560525	1.19740278542139
-1.08751861981651	0.431717674861556
0.724544821986991	0.537140256962097
0.485977589653964	0.278349707917687
0.319443692241159	0.300195587435683
-0.581311735600876	1.30836899051338
-0.539224450803825	0.984319518659839
0.217497109398041	0.316185801343129
0.161386444128919	0.209205601134594
-0.239532932124483	0.307526355426466
-0.30732441742504	0.508289674966068
-0.099282943491751	0.109272597851562
-0.134676658060743	0.153622026030302
0.0339500743637666	0.0377834154601755
-0.233897757447572	0.307044644196647
-0.0729864499116645	0.0760557527422295
-0.153991756831322	0.204969545175697
-0.131282129200537	0.197709038895973
0.0940860554505635	0.153296079637047
-0.390927703948461	0.759288306345146
0.154076303490758	0.209743288494847
-0.283171347380025	0.442519201668419
-0.492819367198411	0.836620332137896
-0.367548442710907	0.603800123795562
-0.298840439932855	0.468806851306688
0.847727039463128	1.73477819039306
0.0606664263464373	0.0697039854505529
0.00103599205930357	0.0011856848957294
0.12540782123724	0.160630250306376
0.869415650719523	1.58116358707458
0.952543769253444	1.53579222064775
0.680280071475781	0.856848410788558
0.720934944528042	0.726823108084165
-0.175870126180362	0.153177372515343
0.0970553810114863	0.132098467940283
-0.497631102377444	1.1862978380691
0.598426181419946	1.04802563721361
-0.0432854086934318	0.0443291556801374
-0.257156053127689	0.340710070775229
-0.210210062859381	0.277210712500313
-0.142444780127893	0.171356585788295
-0.418731043825938	0.80766045322945
-0.311844141727856	0.567177362275851
-0.0797868758795739	0.106207206105262
0.258460648275312	0.415405944083777
0.133850440401806	0.174985151956209
0.482090488309439	0.722380171744601
0.0933793892851886	0.133918600921998
0.23190489270635	0.339141970464926
0.28257085530319	0.316894784622433
-0.125455187092113	0.135892997957157
0.0298114612336327	0.0396972669631253
-0.278373420398781	0.468852501819776
0.291110514996718	0.519785665509527
-0.427535291720917	0.982793786852824
0.515477193536028	1.26418409252776
-0.567914166314489	0.875416203297085
-0.0267559565134172	0.0327908726932553
0.129856796545695	0.201335813118545
-0.0283486400797533	0.0409329504308951
-0.0515793345151319	0.0685344624504693
-0.140157724403481	0.224651194167921
0.447767485618324	0.966811371240568
0.302709435020943	0.534449007442556
-0.0335688464784348	0.0430316783493405
0.00694915746356406	0.00879067391622481
-0.116767495094562	0.178801006977617
0.063727560638211	0.0938813157647839
1.39892213385526	0.866547997944657
0.985153399376798	0.372611114227612
0.304198931031225	0.148097996944911
0.0901137048254279	0.0403539782967347
-0.0897493420889099	0.0691735897446161
0.234517810134731	0.351585380577471
-0.0367800898782783	0.0421853531945102
-0.312261922775719	0.441214953002215
0.165178678225238	0.241505711516103
-0.010824564025065	0.0127822193243229
0.401172995763719	0.678713353957705
0.223484496550132	0.286954921141657
0.190339610676746	0.234792668837342
-0.0836287294576405	0.115348671605064
0.318916801914077	0.572240506467413
-0.38971461029607	0.795468737047099
0.476550089285568	0.848620024686666
-0.173863181490465	0.206865345805985
0.411728356034949	0.913264706665448
0.192821797635532	0.28034894946007
0.269211064827603	0.310635319361158
-0.12960279707366	0.178557714419061
0.526556874580243	0.59919742682627
-0.238046824045377	0.288700063327946
-0.272255862913733	0.488724956452236
-0.456762329367942	0.851740408592178
-0.160246676793786	0.241201625249539
-0.341915414007739	0.728980392520278
-0.360514839716599	0.724034821753041
0.255091186334516	0.412029277112037
0.00504763125570947	0.00421007547074883
-0.213538309950976	0.363276763932576
-0.285582596806544	0.558226554472728
0.11398748681826	0.168475316317136
0.252834222430047	0.451455944193774
-0.196627416383283	0.337539009077663
0.176474582547198	0.271648696441161
0.125616644043168	0.178333167463833
-0.135808700706938	0.181935920517709
0.0483267797786935	0.0592901494837866
0.335147298999184	0.684422190498523
0.202675251679518	0.333621972267226
2.06259203367989	1.369482459619
0.640192994588028	0.288096125878306
0.464825043986032	0.467082133665877
-0.183903902991454	0.241275741252267
-0.29126898679446	0.472989396562013
-0.35126511719438	0.629485441684498
-0.134188848520289	0.189738542641548
0.0843141597531182	0.120588531769821
0.13354295491088	0.172894725325552
-0.181813094253744	0.225047209263831
0.714115526939646	1.18133186830944
0.206658654609602	0.308600924516429
-0.00418321482013035	0.00497810524379571
-0.327305202383536	0.615972110670948
-0.313378435722037	0.488076268968206
-0.00343691467859685	0.00310131994545338
-0.0354134517009327	0.0483490254054932
-0.1624916646889	0.225818925786748
0.147002145016562	0.200522205581353
0.618893022139833	0.783909081986286
-0.0289551162558479	0.0283676885131204
0.192143236365781	0.29039061628022
-0.057677015497803	0.0759441187530432
0.337233424841987	0.6423989369933
-0.559897592675124	1.28331318173152
0.310391966740494	0.670542914545067
0.308769609694404	0.556219071911983
-0.00677883411878218	0.00628558740840283
0.224823260614434	0.390003692610072
-0.0545447119839473	0.0774431108428455
-0.250459195433751	0.443765191284809
0.240292320215696	0.419386393534328
0.381175267706013	0.814486097158239
-0.0706215355214066	0.0981565469978583
-0.238182060566166	0.430823518617952
0.208605249289802	0.346599082502523
-0.00938876697397351	0.0120683010890978
-0.138203453308411	0.228185657644535
0.307396130234157	0.598388365189009
0.141895264978846	0.222319989050796
0.0646171113185128	0.0467393749943741
-0.0500195933445643	0.0558716038229118
-0.383143439770484	0.649752739768568
-0.136888795027221	0.175427669855182
-0.138177253155515	0.175095900316288
-0.514420265903919	1.07558730184412
-0.25099470703527	0.379432402805599
-0.231003681204693	0.252418929834897
-0.236770734204074	0.275554160616052
0.186749190701838	0.181010754047181
0.0742400441151468	0.0718323282971059
0.239597730149791	0.3483738649228
0.276474491388921	0.480347274609802
-0.258422275393234	0.443582251796299
-0.781656830724333	1.79037628004735
-0.30683121444287	0.449781643865163
-0.034864528141887	0.0438330313517885
-0.1184813790043	0.157437592732212
0.121570821712812	0.167154295035967
0.182109054038722	0.251943776529555
-0.105654976307591	0.0906383214756882
0.0314829316606607	0.0302912879932262
0.171705755931469	0.265848930405461
0.242605594827207	0.410861744989987
-0.253774769954978	0.413784687680599
-0.179786652156181	0.282727279772884
-0.0190004653642454	0.0241708067352896
-0.0355222964074212	0.0461742734672499
0.103511594302356	0.111902928593415
-0.279530327091958	0.476466932608918
-0.453318112702541	1.05183449102131
-0.318409673397532	0.664349314194877
0.0390468238088679	0.0540624337671582
-0.275978177618093	0.507020066194325
0.129285726490712	0.192776202801724
-0.286755110566641	0.500972427321248
0.35910263171324	0.708942996349318
-0.0966302700653592	0.136631129382348
0.0800951381418179	0.1222267453477
0.368976679460458	0.810785596887429
0.451199045206424	1.11362713069746
0.177273783277666	0.201215145248247
-0.0537143776678623	0.0614120398683325
-0.19238084819839	0.252886357655903
0.0184138498828921	0.0220506513251269
0.208136957777265	0.345241331587736
0.836234994269561	1.90964243959296
-0.0823534397326184	0.0938982928234156
0.78341865466893	1.41510868895899
0.414070089108797	0.476925663590898
0.0949971018641634	0.125523149851846
-0.00286566085531027	0.00343434660100558
0.123184393653301	0.187349361586408
-1.08992820237145	2.93610762984518
0.34199399374966	0.406555645611874
0.387925801370522	0.773521288378031
-0.195307831026047	0.275770863885308
0.0840672797859515	0.0807610591972479
0.599588397376558	1.14441322385496
-0.577104185786251	1.19639375054176
-0.0729829479172791	0.0559500304804199
0.058523457354535	0.0554798117851947
0.193130746760826	0.301462791401363
-0.107649108848749	0.1564284484354
0.347983346878374	0.697339071901778
0.066635164036478	0.0947759775755497
0.257936630020003	0.489116414589292
-0.282538547744564	0.458903453180183
-0.29432777984883	0.373478710349395
0.483409210001209	1.09890024210969
0.0693440664932173	0.105293081415023
0.184050069341113	0.31301844429449
0.46778545212037	1.22032054584542
-0.146779646879167	0.230756498242678
-0.0904188731573433	0.127081491456446
-0.0139926199127287	0.0156149037391706
0.253587648826248	0.461362498612602
0.176555996031181	0.24383799295856
0.22027266912705	0.391881532773232
0.193077098436711	0.334724127828071
0.254502676125671	0.448704098338902
0.178760903113953	0.289696406552871
-0.354047795316838	0.575623589473165
-0.0803440718795055	0.0973151366224778
0.259076642489185	0.394505354341022
0.129998345229995	0.198201245011207
-0.0486301653482839	0.0619880664368126
-0.245970708076671	0.352996385002005
-0.43136859821684	0.708616195631375
-0.438770064187201	0.606801160534901
0.551590799959916	0.843211958073395
0.931940860903037	2.6002674954825
-0.09666567460367	0.134947144362253
-0.384258508250359	0.750560047746482
-0.420406997610905	0.648202522593029
-0.278171430946312	0.345760211626715
-0.226315503429641	0.334295854598465
0.238305881924754	0.355626034847344
-0.273147965193331	0.274979501516452
-0.110395322733237	0.136938918680842
-0.0807875714584828	0.103556174901695
0.556540926392379	0.726936920357776
0.884084235319206	1.83457221511833
0.274462979892201	0.45230523036477
0.305907270823462	0.557836072989794
0.646512054457221	1.58090809461589
0.0726692037359343	0.108434537952989
0.239360893026165	0.439888163307645
-0.124665767824385	0.176503531153274
0.295234778611796	0.325560596175572
-0.580299396027227	1.32935393939691
0.125917202732433	0.191074587175273
0.0642546764867619	0.0906895373183167
-0.025389604832435	0.0310650658584864
0.191469256687957	0.310930080506875
-0.0927281620868504	0.134573249850609
0.0324408583511552	0.0395684202487825
0.210327099665516	0.317000014615128
0.306243875398797	0.560700056794222
0.250968240820543	0.476567840025425
0.257217724528918	0.447816570308872
-0.647756999385233	1.09128505202812
0.18226364529248	0.245812646391914
-0.31932269220157	0.52350028451091
0.164001424949141	0.255318467465018
-0.520695073259895	1.09470236429788
-0.526788371359351	0.952527351636864
-0.0929841078549676	0.099319400641819
-0.192465112972631	0.242712443634688
0.00769452412104295	0.00802854193590088
-0.120520816255813	0.146787263901462
-0.0464647717556125	0.0434147285740721
0.172747253098983	0.170218211477368
0.122075497520842	0.151431815033139
0.0501806656645812	0.0628316958717476
-0.0299338870600686	0.0380532088062949
-0.272466137525988	0.414428746164213
0.452841341465827	0.645616419096825
0.21371267658816	0.307714303905222
0.172870300566447	0.232259822096901
-0.533625307781613	0.641681693248876
-0.236224246210301	0.336579666833287
-0.0870890595408325	0.114250901221873
-0.190977966856338	0.174515137107569
0.0233952129864107	0.0230492878452152
0.233119712999957	0.395468711628526
-0.828398628512005	2.13467898220914
0.0252685009862719	0.0271424367448172
-0.362386816275027	0.681679764108457
0.285296528610576	0.452831339096316
-0.0293274690602161	0.0337258135214346
0.340009597382204	0.406330343607808
0.156533874215224	0.257808113921858
-0.0669357101646315	0.0864182533705217
0.143726724591115	0.214419125153689
0.0182903435996139	0.024051702348077
0.181351895614384	0.287979001591742
0.0395880129397592	0.0523528948878442
0.198389336794643	0.28727224456109
0.0251406935857127	0.032539046894431
0.0267392505164369	0.0275791052935252
-0.514359220012432	0.887244720165413
-0.616767846030198	1.20442115961608
-0.220999818631309	0.320697237488641
-0.482193409298313	1.04003496773328
0.502865003955709	0.833479730589518
-0.290582164980926	0.355038352030437
-0.162641431771007	0.196690845926233
-0.0423887143506148	0.0297878282490465
0.0691111710643355	0.0780926495373405
0.33240588792292	0.53310139385178
-0.100058992923605	0.113403834481354
0.464832984905954	0.654033276591128
-0.0903152355302003	0.111474151080994
-0.203710467730635	0.283977267636698
-0.270462276880043	0.425947917694282
0.0217686606856174	0.0261357584280771
0.327202309797251	0.49017187223392
-0.182982614916095	0.261613785086255
-0.119333878061444	0.145910120447056
0.414359533002766	0.578851858399009
-0.374759120151258	0.611577333749122
-0.388301798083609	0.723750709916094
0.132697630720352	0.143877849505507
-0.0131713311539967	0.0144441337309153
0.152482828957043	0.219697720462391
-0.250541484412458	0.416080997281253
-0.0380871404922953	0.0468187496907334
-0.276246292009924	0.451226113165201
-0.307635446182458	0.581096547672306
0.274572469753126	0.517949664338339
0.700607368724594	1.54406502443795
-0.390346067202167	0.803840478196628
0.0242090406052218	0.0292873817290187
0.468432586322947	0.993504213336837
-0.29378593373195	0.482772022752938
0.395779895660446	0.766375072248288
0.216454434001709	0.353773955961625
0.423631823137192	0.838731943057295
-0.480524681716827	0.934303737112484
-0.747500344500199	1.54853242917847
-0.177053638418236	0.242596533671286
-0.0510648826823264	0.0581339745990822
-0.404554580539238	0.697190176897468
-0.320561907874223	0.497486650927496
-0.0616710762509474	0.067057172705279
-0.022249518632378	0.023634240929695
-0.616901738922299	0.959743786433556
-0.0937820714026796	0.0876437850224371
0.40072450145362	0.387837323123121
-0.187372740527721	0.243127278404091
0.0848197270855075	0.0997319128625214
0.373820279678628	0.580663237341538
-0.282709411405505	0.337544227963161
-0.124272788554065	0.141844674168873
-0.424798913189794	0.620367445431778
0.146058897496865	0.168487524256362
-0.124298298713203	0.153508853187487
-0.550195594235967	1.17603623780062
0.401840751426317	0.566394299171963
-0.0263309012033433	0.0260860418415119
0.0668485521896419	0.0792012563407979
-0.0312570251230465	0.0361671900350521
-0.112099465305099	0.139424880113329
-0.278957159476745	0.454734331360395
-0.0792229751229951	0.094036778510026
-0.250606522843951	0.363154458961544
0.0147722372452142	0.0170505600877508
-0.25572301048992	0.409214350944802
-0.940975315168017	1.89385941896409
-0.501450939160541	0.887776823849649
0.225784113287865	0.331882473181764
0.211551843123198	0.268919283776094
-0.0904450627488933	0.114072185070775
0.713461852763594	1.86171463208342
-0.152550272189956	0.22708999219631
-0.0358146322414244	0.0466562350032971
0.498274393340238	0.925963278283023
0.297536904345795	0.482552696291209
0.138330151836833	0.194143264752323
-0.0659604585799178	0.0901264438029136
0.00271127820136197	0.00291651162887807
0.301934326011699	0.437764556202751
-0.317872511894008	0.527713815256701
-0.100929313436224	0.124947863589871
0.155547993023497	0.212636043317154
-0.182744910744571	0.278222933449675
-0.149325809042485	0.173367141717838
-0.174509695669665	0.236886282848132
-0.243262874117096	0.394102299221394
0.119727145035698	0.149169525626749
-0.00401184401799179	0.00462451723502778
0.704011236023516	0.842156644474629
-0.152788567125266	0.12617199680135
-0.34062686132323	0.331978112870703
-0.352884329649824	0.477013266850105
0.00391768016212637	0.00505352116945042
0.0837726992492427	0.0972029455764518
-0.566595331052482	0.760118314836937
-0.120130439555614	0.129568364029325
-0.441936063514536	0.433967864805809
-0.309445232215526	0.568212436281948
-0.328512131029195	0.57404533933326
-0.435847243058081	0.564661706366257
0.133184257484076	0.133477385305795
0.18533013182581	0.313060481140125
-0.114595935455253	0.12811168457819
0.41968499497863	0.568865290473648
-0.115343690052143	0.183242068259208
-0.133372060023296	0.210879704432192
-0.710360662038282	1.15681542357829
0.315663249961962	0.477616454738696
0.875529631916406	1.32308123474944
-0.160588638189466	0.145651444147708
0.839216418943444	1.19674921584332
0.0251955661949418	0.0258011470072737
0.140226383655002	0.233418337960312
-0.0753623126087565	0.109325040520324
0.565882266650933	0.853212516304841
-0.186918250689034	0.18846046066518
-0.90215796477387	1.42331099428878
0.129747016319931	0.126040627900559
0.169296858268308	0.170165085029185
-0.401724657236842	0.774782603981088
0.149384204944836	0.270444738977697
0.208647809544935	0.322537999895872
-0.112481402644547	0.0949196087255961
-0.198524797966136	0.191209749176154
-0.158983449286507	0.156720967084043
0.0859063187774028	0.0807528844517738
0.352939065636406	0.474136885754319
-0.336926986507746	0.612055171511451
-0.321867627651057	0.51816377533076
-0.113468645496059	0.180676755662002
-0.388915615041922	1.0002889643038
-0.16314720365366	0.318502187647612
0.235083340345738	0.217893296710621
-0.256708779099299	0.261870015335035
-0.245210594753782	0.220601868053203
-0.129302020014493	0.15273659161308
-0.0874876224923621	0.154725756203668
0.016403169877783	0.0203460454499394
-0.879684014861066	1.11399219081049
0.13690710887234	0.096675726864872
0.548540400659844	0.512249282474388
0.244148816510761	0.502316807846311
-0.146948070558932	0.243562421896587
0.151871303336603	0.118456561431
0.642102875056848	0.905987861752301
-0.0174187799301757	0.0278418777138136
0.214888533190793	0.27118941188345
-0.323035926602278	0.41441521648587
-0.0356422951779429	0.0624121088270445
-0.198079460930266	0.424327434077808
-0.513127845049832	0.590523323007343
0.214877331696517	0.241504333052981
0.395942434612236	0.389396729214071
0.852408974537991	1.0845002595982
0.364830545947736	0.453917519086542
0.0555587894574296	0.09766269499211
0.203726301611338	0.346954814298448
-0.436556510005041	0.349817836991179
0.319519724130189	0.279647339722709
0.387090767543195	0.274202688440948
-0.114279993991333	0.096114323675604
-0.0441616650917168	0.0346693955166308
0.312305450495297	0.314109198740244
0.312022547883297	0.292853625020647
-0.167730158182083	0.323495063154177
-0.48442223599851	1.54121279380117
-0.25206506686446	0.43161255680819
0.864135882068355	1.15182624403502
0.627960277958068	0.695697922206842
0.315914907261187	0.31135949362279
0.414376356100769	0.485466443083917
-0.299217278356976	0.303478795388865
-0.182781803304338	0.316090810323992
0.232897016248892	0.409225522895397
-0.442573359136937	1.00878501408917
-0.343486472470989	0.619658676819913
0.143006558845539	0.240492955597725
0.0641910848013514	0.0763674714952663
-0.0486402597658073	0.0688476511873175
-0.735927580716691	1.07744193930713
0.058226066109567	0.0480341690360892
0.495993206088426	0.711511207948188
0.250461672279373	0.361974515479021
0.112269624921974	0.168134526993064
-0.377430988851428	0.770001294586929
-0.297362394598684	0.324814234327306
-0.0922251789954509	0.0878286143488251
0.179359444879749	0.172788477701854
-0.268223851744606	0.474153370996575
0.00777718315719077	0.0110050515943623
0.134206110996555	0.135772874350386
0.212070811979674	0.292258720251099
-0.0344355552755692	0.0538474158112792
-0.210892914524884	0.410058563069584
0.726676048570831	1.18569775150586
0.362869460344935	0.581472645428596
0.037847823594529	0.0650033716887873
-0.135240107899868	0.224761817754047
0.550457990865171	0.831482128530228
0.0425507963739258	0.0400396138179936
0.0463593611045917	0.0448388623254894
0.529752248767049	0.772609785826601
-0.484472993038693	0.660267998514953
0.628817726734496	0.937587014225504
0.278436407990248	0.330071186938768
-0.293062983896488	0.559393513988199
-0.00684246953452668	0.01020673346308
-0.448770313102122	1.07647057152249
-0.592857925358122	0.898016318313752
0.082015483356218	0.0772427463273954
-0.0271429357097889	0.0242876361528458
0.0564487082215032	0.0592963172277657
0.132507885502075	0.137882949278825
-0.0614885280903268	0.0908455204205756
-0.0547633637144569	0.0654868732341997
-0.466774580232642	0.879559859217953
-0.0202761992678398	0.0236516634072823
0.0112253686365089	0.0108533598292267
0.136292029761302	0.148148923612669
0.0164362817847896	0.0123977910302376
0.496847328619287	0.652599697922666
-0.716627912969334	0.976127385211998
-0.31231291568569	0.470578018497185
-0.143270733380499	0.209263231205472
-0.097856297103005	0.119658720502175
0.0138952694666338	0.015280544020675
0.00476587439122434	0.00592007067325477
-0.165650780076073	0.25273833082724
-0.102644082947105	0.144241197502363
-0.0475967875430191	0.0593348641625691
0.00387391855569493	0.00456376576927385
-0.640281744414382	1.57544058597123
0.0545700149037907	0.0665834843783534
-0.0850863953851654	0.112683716095713
0.110962937918348	0.147946469162131
-0.00981870919137749	0.0123980611150854
0.199760149842644	0.322738122027662
-0.396396651618788	0.824318320128092
-0.0703846033961415	0.0909985726777692
-0.158678808350899	0.252513254275423
-0.203855693345484	0.347129036474793
-0.101189599492996	0.133120823739043
0.343595975700047	0.664955092537958
0.224648465461242	0.394666619928534
-0.248966242954903	0.387620924021592
0.0311694842241249	0.0375988245660341
0.322192963273013	0.55221725002642
0.0192163496210881	0.0228551326887866
-0.412742298113319	0.841467507831337
-0.339821916651207	0.515017313777993
-0.417426427555374	0.720349858048459
-0.0696119771112961	0.0857630282052362
-0.440309052149286	0.617056671763003
0.271636705142013	0.445744024575026
-0.35149059351039	0.55561844650306
0.0260379287203439	0.0196693657334628
-0.0836286262523234	0.0628435435962263
0.232063816556401	0.233968759709928
-0.0617996640808325	0.0531026146007341
0.233092576749759	0.163148982270006
0.127726568339624	0.0900339157691737
0.419301678968343	0.719104710194341
-0.195784791307603	0.261820400484162
0.345682385157882	0.661215206830888
-0.684662707513429	1.69316906009037
-0.606899502618884	1.74605436674943
0.059316641202508	0.0697814927254129
0.0912673875922592	0.124997435424508
0.214280523873856	0.329573714916053
-0.274923488539391	0.288888548917473
-0.0827608840203193	0.0827318467820178
0.0163237896547799	0.0217576544916716
0.0180295067235954	0.0136852727101188
-0.0369471515400158	0.0509165132781235
0.0629696059876691	0.096762188629728
0.0494186244410844	0.0748561736688454
0.105445520698891	0.160956469141393
0.339180940520193	0.71932381516942
0.252443403318603	0.465045072497908
-0.147076311655624	0.182947501922794
0.0926992206872577	0.119048058286207
-0.320623540196101	0.506458128004488
-0.205204940935904	0.333661973212085
-0.0625214199271315	0.0848977188004727
-0.357902120307209	0.57876758290429
-0.351079016456865	0.490686328313788
-0.516917799649792	0.778486408816609
-0.112436038374617	0.166076545311273
0.0873224818768863	0.102967567801614
-0.0618981406262393	0.0688467440569843
0.629980993698302	1.39526020308037
-0.170687215871665	0.135145381125668
-0.0705037419724223	0.0615572878814561
-0.197943059284326	0.180499908108424
0.211841654691929	0.227611882786976
0.233934114073368	0.169134950497385
0.257761136667296	0.350544516416659
-0.00216608460152682	0.0023758805606786
-0.121612553292528	0.139523105417598
-0.0121480435801175	0.00838790446099029
0.112637748357268	0.141169291966183
-0.0100478315742139	0.0123723589171765
-0.0231786668051524	0.0308003378346016
0.255951398103565	0.221669552236102
-0.074799922040554	0.0902027139042062
0.139041286235633	0.20377756701058
-0.439181124420745	0.483677496792462
0.224132372574987	0.281143875454792
0.0683237002675983	0.0899576373417886
0.282120667523757	0.533749005913411
0.0986156797813346	0.0996407178486376
0.0588310450519857	0.0844718764172422
0.209324662785547	0.340828555056778
0.161192039845154	0.259394312519792
-0.0768558933047874	0.0798167598524707
-0.0950067738216235	0.123752059860093
0.357511309015904	0.557936955488106
-0.333029209159085	0.570126277203961
-0.21290052395975	0.330540959927422
-0.164212385244004	0.210089508298068
0.0685115971626768	0.0771092595058061
0.330492632086885	0.415768932577878
-0.0806195264917408	0.111031700101981
-0.195913696941456	0.319592784423499
0.0654382627103903	0.0694679155864356
-0.105343470509478	0.117899223770531
0.316641236762487	0.472713253796126
0.0204324298872661	0.015224162483634
-0.664013226330753	0.876096881333629
-0.0131429206939827	0.0104079304077337
0.175678581176365	0.158455607936317
0.619983226184011	0.49912284100995
0.0749013433430858	0.0835977434474538
-0.0409430264893359	0.0518614251344348
0.107935165065199	0.0982235712662627
0.269031380664544	0.457881427385145
-0.0982068773284545	0.100559702301718
0.313968594175105	0.496307382439832
-0.184698490085707	0.192685811760274
-0.0513424055716792	0.0645046161314716
0.870269763168184	1.21887760698517
-0.52600232832594	0.824489925941115
-0.00356246776994841	0.00473980392646614
-0.140620772384273	0.218378306303878
0.065319506556203	0.0937469560314233
0.101856215012765	0.143884164419992
-0.279923394806115	0.451225089296548
-0.189508339321295	0.313636983700381
-0.413318818142347	0.815978280101418
-0.39243656908895	0.787562342362262
0.159376741784316	0.230978743074386
-0.52094622410077	0.788397711295178
-0.105231192382661	0.123773828202296
-0.0607201523728844	0.0871036708241624
-0.0456769269859807	0.0661185504683819
0.00757206313032524	0.00834053779745708
0.449594536005922	0.772317530587814
-1.15452061575363	2.07670689959446
-0.880501934113628	1.08600191787161
-0.13435558974663	0.111288530999421
-0.348516074219318	0.367954253453017
-0.969713939876879	0.822894327140226
0.318479031572571	0.297496800852731
0.225119044360813	0.317926405303898
0.239176878216988	0.230727209368119
0.00250630333492382	0.00247045317966218
-0.136901712887103	0.136374587089519
0.125182000852848	0.171951372578651
0.308662367845957	0.44155943320553
-0.344238020827937	0.71023511814539
-0.315810086602045	0.644784330689161
-0.208001673195539	0.375273460628811
0.324679163876586	0.663699027361232
-0.523615994408515	0.991457381242636
-0.24345801338768	0.37718436477263
-0.128836102125635	0.192581440600535
-0.445513712143315	0.996130820888043
-0.220512599612196	0.331019316498462
-0.163618919628251	0.203734497095486
-0.123074067031177	0.114436172187912
-0.031251980112175	0.036107200869792
-0.116385548517298	0.173528496683261
-0.0778586903660977	0.110618078018555
-0.433519368277455	0.836804720414889
0.113818550674223	0.123759208856767
0.439298628640929	0.498846586471891
-0.0392569120763582	0.0273216271485243
0.221399662448891	0.229681017325829
-0.372927732570692	0.459106199426966
0.485387714801251	0.277544071275689
0.455287907918342	0.373037694414641
0.219556640336663	0.292391671056241
-0.129319447737734	0.183840121289633
0.0828496684120278	0.0939470293884467
-0.278928164282245	0.335248824537536
-0.103358785179202	0.140225927773195
0.115872963832688	0.105715672503013
0.0261351429656648	0.0246621554550455
0.121453362142717	0.15565386946733
0.115196475126736	0.148048030315917
-0.0325876244592208	0.0422393810225839
-0.0217783503627083	0.0280777326812877
0.132204144600783	0.214602461570173
-0.357762391848098	0.266685773260516
-0.369373404378319	0.522706014996209
0.266929989029677	0.386082277661084
-0.514874227611805	0.99153549532004
0.132237514031984	0.190526902422038
0.110837592076767	0.145515121582507
-0.0737554325985974	0.0883552496360622
0.00294812311197706	0.00285448697843584
-0.210684642209915	0.233419039895812
-0.108815228789855	0.102112509304457
0.0544377344203931	0.0724709450971128
0.00486425190063261	0.0059050027572844
-0.111417120883248	0.160163384479854
-0.027068693175951	0.0338489093858732
-0.63315319138158	1.51344431384942
0.0644426338671227	0.0729126307385592
0.591834642724736	1.2537709191584
0.268475388476537	0.427976586637992
-0.00341486815886572	0.00286979254652729
-0.17887187535629	0.186150624516863
0.273822090193455	0.500228491999851
-0.173056737530516	0.141012283229836
0.262923019919287	0.312349825331386
-0.0517451922731652	0.0765067206451175
0.0169138336202707	0.0238146935400839
-0.0947431722626556	0.103743652365117
-0.187964372820736	0.236580094864219
0.394355610378242	0.385694694264867
0.629638712460313	0.84102832504472
-0.278889758888499	0.430000170460735
-0.168229642893011	0.309220213249866
-0.240321970586359	0.369373041545803
0.464510786696149	0.50022127915938
-0.283609219228058	0.265200316244435
-0.389012948908568	0.462241169112595
0.510486140877818	0.743757998027925
-0.0649662748602358	0.0560189788037853
0.319294068450508	0.612073189548416
-0.129249736375234	0.172383239564651
0.102867815526902	0.132282578773789
-0.429622371245246	0.71880882225609
-0.0532924007794424	0.0739180308964933
0.112855943706511	0.170498542761846
0.0352547364129225	0.0457800920104107
-0.253615043846757	0.405646064344662
-0.053202658104166	0.0679708324863197
0.110964693784879	0.162568369366421
0.262701190682384	0.442255490551286
0.0476643390643575	0.0560016874592674
0.635385446260806	1.49345837707572
-0.0196204990208681	0.0264208112340723
0.0939967328490231	0.13382121823445
0.100708201853676	0.124227275643053
0.224252490186482	0.334799429448648
0.0711056918905848	0.0966052341399687
-0.311139694949348	0.434100216904139
-0.158462734822628	0.203197628178572
0.113704239155603	0.197184841933209
0.136245838120543	0.203678097561421
-0.165293897836037	0.229497323490176
0.086449696807597	0.0887814142572364
-0.0309782316964015	0.0344547463218388
0.0259782663289035	0.0318572373509781
0.397854282121483	0.808580642352032
0.133144085927244	0.169966202558862
0.13533018349672	0.22090822789352
-0.0282908552262662	0.0388949648662624
0.0484313955079433	0.0520818902305368
0.376786149117433	0.55693360087078
0.262715797695853	0.436309251617926
0.116437444222333	0.133583786866166
-0.265169988198637	0.375243858465769
0.184735924936961	0.318572455783479
-0.0894233508366844	0.133619500499797
-0.0422316757255755	0.0563997187054206
0.0380709877485787	0.0499341327605395
0.112229081017645	0.177583134496379
0.0101100556800746	0.0113167408172141
-0.0818656102709135	0.114817895038131
0.326834234219091	0.414087227776873
-0.246315539187288	0.269109132796963
0.0797734172246561	0.0776604702765235
0.0389273149983527	0.0327151190369308
-0.853085348919553	0.822851632039155
1.18875003502229	1.5893715578637
-0.0128652573293112	0.0141418783211335
-0.00191909425352405	0.00219100603208699
-0.0475002697857917	0.0580655818089402
0.22375087435197	0.405180889709965
0.0279427305962241	0.0343416764465593
0.461964520258303	0.56921403143868
-0.0345413651451995	0.0372349545609346
-0.108321927233584	0.145497949028222
-0.0120929820951293	0.0149795523156889
-0.409429213663103	0.883236060406117
0.0594049701261029	0.0802412672966448
0.157148455306668	0.219361185607565
-0.233795505502252	0.355865612423588
-0.024045609972166	0.0263096547702586
0.130358923888441	0.199809692912057
-0.121705730853131	0.183180214809164
0.0522294237958209	0.0538571116360087
-0.248104798716647	0.256026933930788
0.228407656917043	0.252263185777796
0.027318089648487	0.025287228944133
-0.105135787420608	0.101923167561411
0.652978514925646	0.631496791888252
0.557075055542064	0.502974946537463
0.948353545052994	1.18609036295061
0.123457484205218	0.165970352567555
0.317904123280992	0.499722611840839
0.12164110151984	0.115425272123125
0.346657256689998	0.487094550417227
0.161535797417318	0.227609238304515
0.000553037595893411	0.000773832423971387
-0.11805378997792	0.140187882200227
-0.164151840582837	0.259917996050211
-0.071800771084044	0.0955044437204262
0.13102688116285	0.130316478028391
0.0803753995932907	0.0939417702762877
-0.0220248305547125	0.0260349762675584
0.153792033201782	0.239608477529436
-0.00149566609680582	0.00188479972337704
-0.0142742344544406	0.0188382520617286
-0.290518781787706	0.192971083815052
0.0989990768940833	0.0845078301118476
0.024666670651093	0.0301268968140961
-0.573970844832645	1.2662936351008
0.123703289036128	0.189417206521561
0.198660637426698	0.344035949955055
-0.396994462429739	0.889454459295088
-0.113307520282519	0.148434972439622
-0.417394876884798	0.769004879156206
-0.0862720195970728	0.102877114572538
0.196226118285765	0.333251378273023
-0.818869423868859	1.07020595594235
0.00567794388046352	0.00528569961272918
-0.534406656971457	0.636550573455206
0.5256281870441	0.677084838454025
-0.0452552391895556	0.0249429569008676
0.0884493885336569	0.0699642372812032
0.689230612734776	0.618543766827138
0.707366777034761	1.81442541499465
0.0092668297012142	0.0100334170710251
-0.00610368536645768	0.00606460649066455
-0.00357519623934502	0.00292377063858768
0.00616186032229684	0.00576558744251192
0.152744262772234	0.2479370513717
-0.151491078311114	0.236285215112751
0.108347876889916	0.15357456164683
0.153399962370634	0.216955886070064
-0.163230014012026	0.198282612643972
-0.0319108068493431	0.027933148392916
-0.0517874438900455	0.0645124279263093
0.142170532358793	0.14901452826355
0.384369158473454	0.567002650368209
-0.119275319502059	0.177042436859243
-0.0519493089581393	0.0728798827928582
-0.543063920764669	1.20417456489055
-0.190106122391236	0.261892422998771
-0.283854409126294	0.463879501670525
0.438778741253363	0.960752850641724
0.131917465668312	0.206258711950619
0.143675814711664	0.222581122962536
-0.128859753616239	0.174197660567764
-0.28147688484478	0.412219728510662
-0.201087053021877	0.267304215702685
0.181422468235337	0.293034956905943
-0.209139885615915	0.366444326459407
-0.221038828914003	0.229362351172515
-0.210043893351369	0.185069596087238
0.43065882293478	0.577588675053386
0.529573230137684	0.650437592054987
0.453957993889398	0.267413806491832
0.696938402055611	0.752221053556325
-1.0151527742623	1.09551577294833
0.0701412488264076	0.0803983103094182
-0.698207541151446	1.63142371449724
-0.0514146739539732	0.0580485006252111
-0.0149453070578652	0.0136786019899914
-0.168404846595687	0.202402918993307
-0.133050196761811	0.182484438722769
0.191494643379902	0.314444343828222
0.034054132305387	0.0415405832293233
-0.0572969820325134	0.0500392647231557
-0.104141391016635	0.137287863209199
0.0490228097054186	0.0655250847528654
-0.431164113520683	0.889648156697032
-0.559942418653972	0.557416976493475
0.278873120663225	0.433100388513876
-0.0978816376179338	0.130492359142058
0.308889727363015	0.546406207624534
-0.250697241600823	0.413987356915481
-0.0213515692375556	0.0300101477597615
0.309678953721646	0.542910038469309
-0.0937210135725808	0.111004467063896
0.145829140185954	0.176438779639572
0.145298819803554	0.169027283120935
0.0855969419469036	0.0870794867296182
-0.0628687523994908	0.0594889278729433
-0.0380206822909841	0.0320341815639434
0.111006335338504	0.0939547715277376
-0.648304108146761	0.753808279445409
0.0898309052901613	0.0741178421126408
0.0123652674370602	0.0128397903584697
-0.162702877635987	0.226574788748353
-0.0357147583612075	0.0353742242960694
0.176832429738275	0.214972231419479
-0.42765114744749	0.605717455210944
-0.450700342667622	0.85817837912071
0.0901279523977652	0.123208363077496
0.198627906568848	0.315179625197647
-0.0490749982365978	0.0543022997747429
-0.0278227089728319	0.0323548354500932
0.160714435999197	0.202859655674107
-0.496679523575523	1.04049850363303
-0.249402644082256	0.447294357701369
-1.01045573914154	0.645207537661278
-1.89126109594854	1.24001472285749
-0.0864241017233474	0.0577471302590658
0.708967074386005	0.857995405399037
0.188970073654512	0.268611178889657
0.22451277774347	0.332672828206217
0.0915939242882354	0.112238040551946
0.347548151287242	0.640992935716768
0.00894840678700829	0.0117410816669335
-0.143417052535159	0.206139144585325
-0.113884770568672	0.144675841709037
0.291980028719599	0.468766728455257
-0.226514852639757	0.347158990254519
-0.0904617162656722	0.118029126095173
0.0635218537397453	0.0635447457226589
-0.3491126974215	0.365383957411175
-0.309886301205661	0.38539562427428
-0.347639653467427	0.403446203153762
0.671317631027464	0.820485631575038
-0.526855023201393	0.526967544677687
-0.918762757889867	1.31123391712994
-0.164858865363467	0.214875843348373
-0.37361959108993	0.676767542885821
0.377227902656696	0.576376849610731
-0.364669881839682	0.42431595964979
-0.551400864675192	0.84964354535639
-0.0926268548226142	0.120427689385063
0.220046137396449	0.367732223678199
0.346358341460023	0.602676180946333
-0.937447220435362	1.84525549129745
-0.00212982585149194	0.00251219668447388
0.116816931257877	0.146388865088585
0.132749804323969	0.175228723772311
-0.141587259332028	0.22367894618557
-0.295980967031139	0.524050192788606
-0.206296858096788	0.377058764352087
-0.0532609300630528	0.0741435033458966
-0.464910243454649	0.2689119022201
0.0908889057187441	0.039000448233332
-0.144606905527917	0.0907936148619616
-0.0245977786894496	0.0218305838764268
0.186985593844221	0.232768135972375
-0.322129508548906	0.562310301410563
-0.0170741626262609	0.0205538077006248
0.222902446038472	0.356369560708669
0.510460760576135	1.12206727396719
-0.214497198924319	0.356304726441974
0.183384476698981	0.23433787259842
-0.00520542033552572	0.00572176304402861
-0.322759750252613	0.467087761570809
-0.774857513621504	1.20471072178938
-0.162546948663461	0.158892733342245
0.115851677558477	0.0996827146572711
0.0947858890325406	0.0512273667543833
0.651121006012674	0.802395566474574
1.07730762701276	1.53934881368498
0.172883447166158	0.232948258244962
-0.125494718953544	0.15389928134835
0.236363733013214	0.308227498729058
-0.726189136777506	1.03247091830093
-0.717647999097575	1.09739472096907
-0.432604962512048	0.747227087850533
-0.331490592041505	0.650252098323115
0.290759559131598	0.521759939312816
0.151933762425225	0.205051876159554
-0.0695005072614124	0.0907056713044886
0.125197153402324	0.122294555383731
-0.0439692764594555	0.0599702139503336
-0.0675320645520606	0.0643658965047174
0.069532963156014	0.0891749383465901
-0.678285687033377	1.7821563902764
0.0728119680387154	0.104042326972258
-0.169691883985096	0.286851486497986
-0.389394697611227	0.525875690389329
0.256524798799923	0.439791576850037
-0.150846373209436	0.235145288676334
-0.0221941908345842	0.0156961227619619
0.223920148692074	0.228208786812026
-0.305417431929404	0.237809174192783
0.983618255586994	0.382651425999275
1.78188057223386	0.674374545813843
0.651050133847179	0.41961114990112
-0.613004366520814	0.836794419529145
-0.419746181965215	0.691338491138489
0.0180928622187143	0.0225108332304473
0.540071605096684	1.10884720539126
0.18396738080702	0.283044164353403
0.330405131084511	0.623987589026294
-0.56577926829254	1.18051164872708
0.00921212976121224	0.00967953618256726
0.339063479412691	0.513014599219051
-0.263022505691193	0.35763555648492
-0.569263661923662	0.656267230901655
0.639597387427047	0.788008543063608
0.114630652014027	0.0723821818253888
0.0364890843351178	0.0245975460481684
-0.304231242787617	0.25741881468676
-0.339038000981525	0.503973882761638
-0.221043108757108	0.322563928295683
0.00713039064373455	0.00761324747758097
-0.0652598447426069	0.056499473010048
0.288793314270049	0.313465905434173
-0.154451701257516	0.209924293053472
0.208728509675869	0.333760460242448
-0.0182850628588548	0.0235805968235321
-0.0161030962470277	0.0187478626132273
0.194879258145554	0.276220018864385
0.389710787211188	0.733191355683728
0.107747915301015	0.11945960302268
0.260911332472895	0.425815582200042
0.344029041132918	0.626403707112389
-0.192571894031922	0.289905086947521
-0.11824127616602	0.167970670894689
-0.149275351014312	0.178505255957847
0.0647484836119602	0.0857335106444123
-0.206953578697253	0.36155539563632
-0.464813638562091	1.10491509258622
-0.211882005310933	0.121298258142413
-0.337558751013496	0.220454458814747
-0.210165172712709	0.121355419440899
0.0969427320136504	0.0315160301563082
-0.252964870521136	0.140498423129284
0.405253921843217	0.261841093757035
-0.207133569469043	0.144441464903431
0.0461356631867098	0.052218114875243
-0.464644573346669	0.854961927712304
0.0348645550567485	0.044362104016899
0.51602790624812	1.13370701633904
0.136875688764013	0.20227741642986
0.162452152816261	0.248474126184306
0.271423148770563	0.376643576845301
0.0125604219345891	0.0134920572621925
0.00690072339002513	0.00640050304548981
-0.293051384062569	0.293177613568769
-0.55568461156713	0.81633544964369
0.782985797307737	0.663481421625689
0.800133709791154	1.06802514180119
-0.643446987939253	0.684684593782133
0.019683057605165	0.0213950513265197
0.112844050180171	0.131551229931663
0.417044201603828	0.631489540577406
0.00851878428839636	0.00706841683000118
0.0219752973999427	0.0219293720546531
0.00206473792508335	0.00243321521209943
-0.0585462389515503	0.0752106362997948
-0.501989609482889	0.979859138958269
0.0476337039498136	0.0561927401480784
0.175034632913222	0.259407944290751
0.282767508126309	0.364687191152901
-0.369611909436716	0.696808646131292
-0.364462288593422	0.663947243076538
-0.10257187423481	0.135678302427595
-0.447933650424247	0.684635520392099
0.115169192314386	0.167107265455788
-0.2266564983873	0.377949353833905
0.0136768193140715	0.00859575131101645
-0.0250805222242155	0.014178343088714
0.0854756234850317	0.0327830048433171
-0.578158171933202	0.231020724047211
0.466557139383033	0.378655025948176
0.236953162110147	0.228725042030139
0.00087658460194667	0.00102598381059562
-0.368517267135008	0.582808161347941
0.0277926994838836	0.0295948960137752
-0.0520957645852056	0.0631759562466272
0.0276302618490395	0.0350870233070272
0.101217916952008	0.137032243285864
0.312798439949922	0.460298791245036
0.125110679173345	0.150224896933478
-0.160681070112377	0.146605460819356
-0.47287442241502	0.570950578429669
0.93829337836196	1.79560537204694
0.0395072412467459	0.0378206881626567
-0.0884806295440437	0.060151077328555
0.318264344328544	0.292947954645945
0.6733591005195	0.832828714815297
0.283571144261913	0.450256522919692
0.291331509480663	0.505983227901566
-0.240465317201039	0.332378720943493
-0.447971822187129	0.57505100514667
0.0812290976901429	0.0759466374197127
-0.0642691675197903	0.0888671055895741
-0.183930880971566	0.316736849718919
-0.506618388008967	1.09594152345267
0.0629298679479929	0.076363360197466
0.211114636289836	0.334879096231966
0.237665606033187	0.267895626646314
0.153330126469516	0.184066363569712
-0.228092265604012	0.406650614420672
-0.329764529781048	0.659000314848777
-0.00342879921557353	0.00413125524118398
-0.291262207469071	0.545323918386576
-0.152068289944825	0.189538585533752
-0.364681758533416	0.688074788993497
-0.183034000081806	0.359754764737609
0.265020892839646	0.151850079721839
-1.3858301809396	0.875094833745756
1.39411378983077	0.830425247334059
-0.0383161491152214	0.0299256818456795
0.470495390934009	0.911539948800109
-0.0131979876714891	0.0169105574851285
-0.134067230894913	0.192168687735621
0.0170774276561479	0.0221693783276408
-0.384449757317182	0.798287818761447
-0.0404465492809405	0.055336186930706
-0.71697126425474	1.54436738432451
-0.239636243711233	0.32813350547565
-0.0530505617274691	0.0627634413195805
0.0609592890278467	0.0746246460007016
0.0212652366453479	0.0256781233757498
-0.0645118582015823	0.0503582799782059
0.393063190781203	0.478605986120645
0.306243176004635	0.29178233192839
0.375035804436291	0.480841229662279
0.452104748005585	0.269414437802859
0.367161138148679	0.273529454050942
0.305971062888631	0.310069573510851
0.0781166527000996	0.105659092506922
0.080997080907882	0.113789812576656
-0.0637004063797429	0.0701294244177228
0.66029855788633	0.908240453848285
0.15929054686232	0.23771051537439
-0.201888272179085	0.300402627565174
-0.11997513144489	0.184916340282172
0.341224235268793	0.637038816264595
0.0824350188499611	0.0936077270198456
0.523470686392005	0.898067269037887
-0.233713528908193	0.414195866090502
0.296717292121753	0.547452516097355
-0.252842759121478	0.426956689240833
-0.355249945414411	0.701166361215512
-0.0146856387124776	0.0218483118674934
-0.232210422947002	0.323233936715196
-0.110886437099822	0.161127646900947
-0.222631879909596	0.414713362063041
-0.212078121705031	0.0801342048223156
0.247810088999027	0.150610390908398
-0.170631374642076	0.105476587711182
-0.234064329948058	0.220253793323959
-0.125725411902637	0.164254435164112
-0.42803353442257	0.892861230893047
0.124204253143231	0.182119458120839
0.527727647256507	1.21434676298777
0.127479711230494	0.198523594344897
-0.0606265132476471	0.0783790591702001
-0.178295534063084	0.217168241519505
0.336748163512808	0.533381818547967
-0.342304610662881	0.533976439744575
0.447554200961612	0.799332979685766
-0.0885070253313393	0.076198956682236
0.0123144014738851	0.0105410451955573
-0.0751609183124453	0.0710248163592989
-0.713247816386504	0.829129912927911
0.135967124767232	0.092304891471004
0.242671301500765	0.186395073973819
0.119956859077343	0.0812609351920305
0.159793766881204	0.1954508330668
0.224060579322104	0.327153804725384
0.141331162823897	0.149348949734982
0.177075982902067	0.151050630938776
0.114289900296199	0.160202772998576
-0.315029819510771	0.561292820308737
0.290825674291224	0.549906930291846
0.10173529213212	0.0883818672833285
0.23451016499899	0.27472784714835
0.414959389163044	0.840110264519292
0.561869302803542	1.41266272652474
-0.153297546377062	0.216475209774412
-0.141291630675892	0.210755257990535
-0.197597125575164	0.348918270938429
-0.295751965174529	0.372177444620274
-0.0792592515238741	0.0377289889188689
0.334940906535397	0.146760924908406
0.167592768586284	0.144261908210893
-0.171238975584148	0.238837156819201
0.252579808822509	0.39302169774337
-0.165054016276741	0.226145799717535
-0.0219428144144296	0.0293421307719899
0.109760806601232	0.160619252315137
0.0551672024118476	0.0662490171623837
-0.243149958559273	0.363532480856317
-0.173008549583059	0.20716780296114
-0.133306655225472	0.169994908060656
0.0316565639431565	0.0383746511793406
-0.183674762953793	0.158553616940953
0.388280696233906	0.470209606687699
-0.185815207736588	0.166978393058547
0.234288060376203	0.262275775972568
0.104831359874496	0.0612658611376445
0.509913280210777	0.498456159197247
-0.460605987489576	0.427729691581383
-0.208971129986947	0.285096987578576
0.260204361509968	0.413935215603077
0.139267570830011	0.154302337321525
0.0261446684545848	0.0203682466634772
0.352078830999491	0.572988281215033
0.189145022002436	0.312408776560098
0.138888268847012	0.153992525112068
0.558318282778438	0.913512439772756
0.517915645489078	1.06997512390594
0.143565083972875	0.212601500671181
-0.0910618324739993	0.131508558232019
-0.396349275584616	0.86015318662082
-0.146721803315511	0.157009994319104
-0.189491942036431	0.283659581695975
-0.121230389491	0.075408985620894
-0.827242936235136	0.37014669779586
-0.0919277831338916	0.0437765739602139
0.297836667170347	0.308996123356885
0.420738715270487	0.649413931322324
-0.261227000433194	0.397797442562438
0.220184520905892	0.344083908837402
-0.196392042474553	0.319122926688482
-0.348127652214889	0.569273484523789
-0.454831389393145	0.808604499748829
-0.282167325331328	0.381348051850367
-0.205080249200454	0.266396252523687
-0.0457210391382233	0.0362391631816444
-0.148184588722562	0.147982446147354
0.0510383801476774	0.0434608761556705
-0.054205124707197	0.0526032887474466
1.3015463851874	1.15680717157838
0.700669763796043	0.65760375558378
-0.318929183908034	0.294949348312632
-0.154777627896057	0.195214176698416
0.0393899924688927	0.0436106547091806
0.864649398182073	1.82818019497109
0.158635541077559	0.130252361004755
0.383520370068598	0.46685393818591
0.232140748653585	0.407901762011947
0.288050554670549	0.333167675087498
0.337497820262861	0.600472930239487
-0.196207117994723	0.345688794394158
-0.147671575136908	0.220673942439995
0.259367238870648	0.327865895260591
0.00835241359984092	0.010343178590225
-0.292319476299755	0.19617831966102
-0.245945696650013	0.212927307200221
0.00868082573134114	0.00944583763339196
-0.210022954557997	0.288267368314251
-0.0638868563773448	0.0762245224895658
-0.241848265002434	0.41576447351807
0.34390607758753	0.547568955537902
-0.624215629452931	1.23023567764369
-0.152661643057528	0.174821107364867
-0.193299239161675	0.237016624005039
0.0246640900816247	0.0214816460197614
0.246069242101787	0.164244240652711
0.686933408886924	0.642840892736133
0.225581158061904	0.157792574783938
0.503915865901097	0.825517370411885
0.766134345079202	1.7464956725678
-0.253190145051776	0.31228039687243
-0.69932271320453	0.753793204158862
-0.253813064637012	0.231796288808283
0.0977739992742714	0.128469571261144
0.230902185830737	0.220122174585301
0.288142622860995	0.429551340863869
0.124684147017514	0.116837477597711
0.334934440818594	0.57214176607485
0.243124406465799	0.375835166728241
0.208006092335151	0.286965520776538
0.106710697852654	0.154721881429104
-0.0582957622913342	0.0732961087433749
0.0757817162868321	0.0711351227348527
-0.456114099000707	0.322689112283533
-0.273897464777966	0.237840533360899
-0.606809932262785	0.393234633322871
0.089462891662928	0.0300790279467185
0.592856051615565	0.38844087793015
0.579670290485104	0.615016288938507
0.259263272625172	0.343667640347067
-0.0346916993439417	0.0393869341733772
0.0630416704199937	0.0768210720122978
0.0570847473942106	0.0690133470350169
0.0491865520083037	0.0596225356853322
-0.213380801079814	0.276939350019563
-0.427342076297743	0.610985843862805
0.474879506239805	0.721479934063681
-0.435175717589557	0.47811942117364
0.0742643121413134	0.0715744948749643
1.26531368545308	1.45408894431891
-0.222783184933634	0.196702182431341
-0.0732766891980807	0.0496584982478634
0.602295382924402	1.14806608791039
0.526020198378415	0.971908231962867
0.46128917679813	0.577351754727446
0.0991142142703837	0.0855976934325602
-0.840909548404415	1.42571450042387
0.173456989099125	0.252304631756101
0.596378725455097	1.20470476851025
0.267181831938737	0.427796258990926
0.182876452899483	0.256995877578483
-0.530725600740515	0.767634734299241
0.327360393050416	0.496989623224159
0.456801070929747	0.877083361806811
0.127826626732202	0.122422044331152
0.177430028130314	0.204942948271732
0.453932853140741	0.887431023263362
-0.208070572981034	0.328234787876624
0.746361871835168	1.95051434876932
0.272429384525862	0.421307943079362
0.507398047443887	1.09050435543954
0.316679023160969	0.568249962488618
-0.0436342528631708	0.0420065886836691
-0.521577981989625	0.318296013743513
0.270107946325352	0.136379064162328
-0.390389982853778	0.115694403033256
0.279127826428624	0.148200547475786
0.0328491350697736	0.0223068642724473
-0.0328532050429874	0.0378814343985447
-0.102717374289238	0.14430395402257
-0.100064210636045	0.13525618929027
0.354645527219664	0.65524906130002
-0.547407288782578	1.12244367734161
-0.240297035632911	0.36613189083858
0.18315786308958	0.232272088700269
0.152405232459906	0.191834976141888
-0.505093842098966	0.617136493543657
-1.1036833674778	1.8052788141053
0.298556526818336	0.308731226862491
0.00551463685627072	0.00299434383441339
0.558539529725563	0.510644690009538
-0.84893339339177	0.806876577014986
0.727693386911904	1.70419126696973
0.769042906844147	1.88205361774403
-0.0861122487887993	0.093153402355268
0.0991224933965849	0.086998028253009
0.868928251736635	1.57923615935162
0.275353786389084	0.37931879124474
0.240076365117683	0.358329438411898
0.0419716333921269	0.0472876923410307
0.0165836687269755	0.014805123974624
-0.112076244244523	0.152700799544129
-0.366906848621609	0.627409682476476
0.173642813356456	0.165427285531721
0.277750005207494	0.402883238963455
0.00625959480371548	0.0073660452750718
-0.0675195718200808	0.0651982997164344
-0.0240532804279905	0.0236417400680715
-0.480048060248507	0.914956932312013
0.302638868085737	0.517392434108651
0.0669838462691272	0.0800411351379355
-0.0330305793150979	0.0401794466088899
-0.102424827104474	0.152178431256184
0.633937884942321	1.43547933216046
-0.0498564276506207	0.0535519079381313
-0.116972360432972	0.0514798446406098
-1.0079182568386	0.630853646358721
1.56980789293273	1.08244452348125
-0.318230455828781	0.295112172314305
0.121857048172209	0.155091215759731
0.267113893450317	0.454164810719518
0.150934721247903	0.197746850315337
0.0790083663467879	0.100422208848435
0.134564146580323	0.195560384013421
0.0109445767576597	0.0127702147803631
0.288529421179987	0.473471549282009
-0.155145324309035	0.18474494711819
-0.485187024036651	0.604865788780853
-0.26619283016356	0.210086926250495
0.222982744796638	0.209419502396961
0.337758564374405	0.272844009636307
-0.010673421356336	0.00717913663882627
-0.851912396137819	0.658925795139728
0.844292547796686	0.682083142490383
0.333221707758125	0.277001162609137
0.179765037214842	0.178123857731364
-0.28139644562599	0.339201996898271
0.337334221915958	0.406105477020729
0.451858998598701	0.543491738865571
0.148821386898554	0.116618258790952
0.440900390738008	0.660661504607281
0.364429966234531	0.572799521759927
0.0258966846519563	0.0242170936965884
0.879974767193902	1.69999970610113
0.0633774774720761	0.0543619181320114
0.0691084915542615	0.0666372157100787
0.313405337296454	0.365587258584088
-0.117607899194117	0.0874256807146906
0.227603488227467	0.249167430525773
-0.243887119042549	0.323239945878625
0.643341843037045	0.921700437969769
-0.770919921212906	1.05553219752461
0.75793968849027	1.45291880830963
-0.449360971700771	0.735756971868205
-0.0254426328266499	0.0254699808870873
0.669991829477998	1.33725386671997
0.501810483318596	0.930661489172561
0.147168220508204	0.192072099610936
0.0280819308617496	0.0252588962737468
-0.396073053000924	0.609803749124332
0.0579575900456756	0.0623688591803107
-1.56849344606564	0.563518271041044
0.101649572542974	0.0309006320571505
0.231126280043295	0.179312235804768
-0.649493498066115	1.12459562254375
-0.361269654522272	0.50339952160425
-0.0858776317999143	0.0794742453634438
0.376708154246779	0.681089496326745
-0.105057805299474	0.115132964264468
-0.385988113860067	0.480305319302594
0.179358393878655	0.193972835665589
0.504424582698101	0.667766855810881
-0.153984172220705	0.13730351117685
0.251562158875022	0.229523870526907
-0.331665580868559	0.21265663698259
0.131276868989644	0.0907830351682322
-0.0186723595007569	0.0107475926230851
0.12649870638399	0.140559221441051
-0.0809490145167972	0.0939877158464503
0.0823447666303458	0.0804079708993932
-0.02615419759762	0.0211756591397241
-0.00929719226498154	0.00747001704281383
0.0766549306402186	0.087389524757521
0.0591820420711727	0.0735996154119499
-0.0730746340195693	0.0965493921871642
-0.051202410372161	0.0531870940331626
-0.163254681595309	0.17440840622746
-0.0778016964130896	0.0913640687162888
-0.0335265402372895	0.0359742659798682
-0.48062393343516	0.576839585299958
-0.0371509222096234	0.0352028796487489
-0.573251997059207	1.07843529440438
0.223059401354546	0.23651226369248
0.402077668082525	0.534277311262843
-0.378150163143018	0.644573958210668
-0.12619102525626	0.161520520726088
-0.339456839597981	0.49835250034157
0.364265165704292	0.57407303138525
-0.438105870331515	0.744110908561005
-0.263718422338701	0.285562621184909
-0.359143049883151	0.527628331545634
-0.126103677056407	0.137254889561938
-0.425484816908975	0.7158627601096
0.0927967361964511	0.108845980757816
0.228631361936348	0.318810328055916
0.180361574127483	0.244795276873699
-0.113544866252168	0.145039560419229
0.389366491219755	0.559052986385721
-0.816667314181682	1.36844671147022
0.415247733998305	0.475812556940838
0.093821481657774	0.0449807690186664
-0.0257963429455598	0.0259140714285469
-0.420182637499046	0.506610940051998
0.0404773726272163	0.0336238776972101
-0.0676673502790315	0.0801471078888662
0.430869579134515	0.730232437028624
0.111963328815936	0.131904832197109
-0.565629257015202	0.832254954745909
-0.456293615694715	0.588383067887788
-0.689435457523846	1.2329462646141
-0.507817514430391	0.956681712431568
-0.472371503203369	0.529563411797437
-0.152915979958832	0.173993126410147
-0.416236921359775	0.744649281037254
-0.532003283619096	0.6796235920242
0.449749266979531	0.560747204417768
-0.27929227002934	0.416033333384299
0.0290199317845013	0.0352286562179158
0.101850927214348	0.127475240455088
0.0322756601337988	0.0387294025881944
-0.302380956472284	0.492811031950667
-0.323677520536594	0.573562961886494
-0.609271095465796	1.2167200273212
-0.603033961188037	0.389560902832774
-0.852495812600212	0.469793102262727
-0.216393208297736	0.202740928530401
-0.0693691285169893	0.0809695893318402
-0.0117576085120518	0.0135908455583894
0.0726814444469934	0.0888312254258596
-0.660246692557575	1.57615720770457
-0.266287116625239	0.45877952991437
-0.334352981705025	0.571806937730458
-0.0102104006552526	0.00922426095997165
-0.0956846021823107	0.0939757682223447
-0.233352357994045	0.223484784455843
-0.192232321852752	0.172545525776939
-0.428557298268497	0.585720954980099
0.216224855318194	0.259721747678034
-0.110024448268676	0.120827608385883
-0.206439903939079	0.261993251613036
0.184398121479192	0.208469424019285
-0.0175662037422912	0.0161766887497242
0.338065884503666	0.452440351183015
0.231306819349562	0.204764593546842
-0.0224296020326751	0.0218278338023359
-0.224840139714139	0.309633462338857
0.437290688703987	0.579144884152127
0.141134165800887	0.149543472121098
0.309747217442896	0.388420853450876
0.0000455759634447544	0.000053392251475556
0.70392905932905	1.08818618569899
0.872613075671547	1.49679015561339
0.677061179543239	1.34057855753391
0.027660809322506	0.0285201963848913
-0.146782133863418	0.187538171621441
-0.241776641469003	0.344178940000393
-0.169873504773666	0.22216534740763
0.214006157092131	0.269372088623199
0.233380659611701	0.210612627846514
0.10546045298655	0.0602250991501712
0.224971390361258	0.207904729933967
-0.285384055792528	0.186825848302517
0.409456573111662	0.253771737512373
0.115225941781903	0.0993356182951797
0.489666466222355	0.989293297138038
-0.148604659993708	0.178268650189156
0.14384459513597	0.164982949870639
-0.333909045656111	0.503203950417098
-0.328398229230494	0.528596888558499
0.337519307822424	0.477282167359425
0.537706299703281	0.920637832013749
-0.316037365412575	0.398867332290154
-0.0128727153335286	0.011781653128379
-0.0357538094133536	0.0285136117440496
0.0730566462815715	0.0687605830520258
0.0447064507728333	0.0437316280715436
-0.00180907625995718	0.00184162494553222
-0.0307228974228761	0.0309160026039374
-0.297377687376028	0.317919609010716
0.138869578610552	0.150768916837682
0.270001585534637	0.334883317335049
0.220446992381528	0.283953230211042
0.228255489486853	0.278921522485994
-0.173760338857554	0.189775182626629
0.277023354705004	0.369113430889163
0.326702143892795	0.46602583322122
0.564464503956108	1.06373476356469
0.896628525494052	1.83579532804045
-0.530253142029787	0.74215715301033
0.853733354750472	1.68058481886999
0.561914217771014	1.07934189108407
-0.0129297139053601	0.0150993599685214
-0.050281982221955	0.0608559606661322
-0.300546941987273	0.375945085195958
-0.443344100233401	0.729248902534215
0.213566958741865	0.325878074967334
-0.0338011639915283	0.0335935144274612
0.14663803471259	0.114746110087953
-0.344230819705934	0.290734405827197
0.30450111396464	0.308325409862829
0.338889443012093	0.456977001302403
0.142303112602726	0.108135218889119
-0.0553741923248902	0.0379574438653317
0.146662219508208	0.114519645645625
0.0181762691473028	0.0173716323902683
-0.491918200005977	0.999756760413571
0.00290091400587866	0.00285631275828679
0.291524688400344	0.353255976848228
0.272926020966532	0.344245078145068
0.562155022186094	1.14869264144565
0.352399563018915	0.49336737097601
-0.578432626046464	0.966596241724958
-0.00783768672847795	0.00791429986454155
-0.0320169673325665	0.0454409033678664
-0.164706008213734	0.249554104493365
-0.144277643765013	0.238115099317854
-0.145682007778856	0.226976340895465
-0.59421715063088	0.753640652185116
-0.476970627207728	1.10973280501745
0.0740393698955037	0.0905014893084694
-0.0603207258926775	0.0534964172220803
-0.195873958907064	0.203223185875531
-0.386491123045933	0.382303018867926
0.214100125089395	0.372941543083497
-0.107365035333485	0.149180977732894
0.290027396669509	0.312287459278569
-0.301502714415801	0.360528065756785
-0.192722301556669	0.367779868588437
-0.00705698436643056	0.007661956186476
-0.924015737437485	1.91744409417982
-0.153143571509315	0.255148954737695
0.763482345302067	2.25264302131869
0.0821375816632441	0.0832286650667884
-0.376750701535444	0.614528001244972
0.485513565628555	0.635161017376762
-0.424241533337347	0.508468784769423
0.452446391992884	0.563598686970794
-0.149779078459624	0.172220044060779
0.182894149124729	0.368074228236038
0.077280601881776	0.11327015719646
-0.094670593739666	0.096338080535064
-0.792054163376861	2.27820507069932
0.250223722449677	0.362016373670867
0.222332372724999	0.293066094788788
0.108843012816018	0.155979363441887
0.387801854904126	1.07203722448228
-0.0909463783252828	0.132720549491843
0.220010055626256	0.273427716927995
0.331309420413002	0.386475972635432
0.493758706796905	0.746723315195389
0.199069858471281	0.254134331142464
0.0211954726304863	0.0213772179538842
-0.0890716775863688	0.137881607243493
0.105118226120991	0.141037179124183
-0.0137158161611736	0.0209874631766599
0.00617489251790147	0.00846378700433047
0.0334670425132449	0.0470379174267814
-0.343755508408402	0.853141259608515
-0.281277131192973	0.428326605865873
-0.216034621069534	0.444025718799431
0.156932925577519	0.26690844678794
-0.118000045083181	0.119670359710138
0.463812609977404	0.477578672460518
-0.584807385144888	0.744993964953779
-0.322430497079221	0.711669763599458
-0.396419609297544	0.864317308834458
-0.0509676772852257	0.0432780645623753
0.267646363949111	0.295535624076281
-0.0311109994986265	0.0440445294398135
-0.314795969800013	0.480650635907578
0.561101681117223	0.768040350936745
-0.226825737356478	0.577546030279476
-0.0337095175307416	0.053650119120574
0.335802598112528	0.252760746258036
-0.161313139550597	0.1702743926808
-0.35005099195673	0.291537256820291
-0.55659432016745	0.534822410495031
-0.209009965100828	0.180412269754422
0.139899136069598	0.148153204652997
0.0497969310870212	0.0944807166781359
-0.158033212989736	0.260690432002878
-0.29732247501244	0.770054811317814
0.0819794276643314	0.138416539213167
-0.0730902117675105	0.118135384762722
-0.0848829488096615	0.106124603043307
0.273253011391974	0.528428309458424
0.188745796375259	0.328673508434986
-0.0438566562629635	0.075519048491112
-0.186934310676511	0.459390613986758
-0.356536104397172	0.693647125290621
-0.367455630664779	0.352238612396109
0.164799808861453	0.136005976725908
-0.0832877842479237	0.077706244724839
0.811246885345731	1.31178192799568
-0.348072368089368	0.462519565367731
-0.218123517550439	0.419773686250849
0.0974877735604016	0.133347203492909
0.0876657625914503	0.117196262556537
-0.46526095262344	1.08403161396151
-0.39110484204879	0.469943483050649
-0.0417705113389992	0.0481310812426953
-0.0625654926704727	0.0897142970225988
-0.575227639506499	1.25802521575275
0.00359534295911532	0.00376338327613478
0.535068242995636	0.728032827329407
-0.158961386694645	0.179907473465888
-0.58263431618199	1.4563454780496
-0.0622362429721193	0.0869981164211204
-0.0109353138917131	0.00785745425787157
-0.210199562430536	0.289573820625737
-0.592668920509385	1.71278555500973
0.0426228497899973	0.0480804490380987
-0.321489784742477	0.469464641202393
-0.194983587987079	0.350785087995536
-0.18364832109605	0.343423060546672
0.000879718115681354	0.000961872606375535
-0.191880502737324	0.288056314320371
-0.332573182315644	0.393462978880867
-1.06978772833016	1.80103561707318
0.0770078369773513	0.0889477159000911
-0.282381157429745	0.432426125336345
0.0813041197503992	0.136328818677894
-0.0653452663333886	0.0886928433131831
-0.424035972955801	0.653924473672013
-0.0390520175261243	0.0571721996658917
0.357880033512281	0.581865174148904
-0.0658680680669965	0.105645066623887
0.112463667619877	0.169383024865015
-0.373597539022072	0.536637973589122
0.0372465316696448	0.0360758635008941
-0.0775685555317337	0.0813529524044478
-0.484017993664129	0.797151686158678
0.515947119220952	0.879485157103052
-0.102981138320491	0.161035007915336
-0.00506856952916039	0.0059022953007682
-0.576719697917131	1.50103878613887
-0.0777012852420142	0.106171125518566
0.0337037010112335	0.0417255570567999
-0.113930290304854	0.145254950569581
-0.339880254091706	0.391003236682909
-0.178906522915969	0.194754198716062
-0.195068675942533	0.242148164838983
-0.358993599764092	0.615097955167441
-0.340091801700596	0.666961840632051
-0.180230991643353	0.258415554342479
0.404011041501158	0.710697637436897
-0.0835090642943638	0.0917230782321017
0.396350516511053	0.634412716565825
-0.073588592227897	0.113390300366842
-0.563650200395677	1.32325332631453
-0.567491617984239	0.937525829832675
0.0332899766171186	0.0403066261596723
-0.0506639035503952	0.0700584060226238
-0.890105616469336	2.5747887438988
-0.154136828326265	0.224611967187487
-0.0390635982223635	0.0563380709346802
-0.207459717165499	0.363075884846697
0.0868632876564119	0.105055586435631
-0.445431722019678	0.94473198208098
-0.113921357656502	0.122996847623224
-0.210512970377291	0.264460261756737
-0.223697713697898	0.281583231216115
-0.000404218614689132	0.000494251663519944
0.157099223766026	0.32018386868264
-0.686456390038416	1.95031433564577
-0.146404224030313	0.185986834023928
-0.202965510434498	0.290888314198922
-0.186423826247949	0.235112714720876
-0.378930739631628	0.621817231478468
0.120922477916587	0.167326678345743
-0.119980422772905	0.163576038249953
-0.338195167523678	0.562308051325841
-0.665223534384033	1.31549609785346
-0.0274236969724454	0.0346789823670049
-0.0564600902655177	0.064421781379474
-0.109298176853498	0.182011943080538
0.0600034626123617	0.0674974260536253
0.0844092683991579	0.0908652440658985
0.105944964130293	0.16441265822559
-0.26435382962746	0.476215981978624
-0.0647359417361914	0.0717118417691091
-0.275037626119568	0.368845411612622
-0.262659228874312	0.413352848865866
0.314183822808695	0.475272622459719
0.241768984658625	0.325920867261437
-0.249165385115924	0.474331512679696
-0.539132247522362	1.13757653409034
-0.486194437408551	0.798432818020751
-0.219515504237313	0.314173200539156
-0.462351734216487	0.502242737221216
-0.811938083209812	1.21786677768642
-0.418767268834543	0.520214725568263
-0.184660128604008	0.178956006178045
-0.0813233349284882	0.106895693796378
-0.0463474971103748	0.0604611852012506
0.195560564853473	0.218905253517159
-0.761656814790658	0.921299044944237
0.324907393914638	0.386933202892733
0.354173548324143	0.653010924466361
-0.566600342555869	1.38649560629569
-0.228255770046234	0.389683482925615
0.388195007880445	0.656596470189233
0.33493414246108	0.422721318518118
-0.618703379124281	1.60738963766805
0.171234649351349	0.242615592022496
-0.911453148430265	1.57266750041501
0.119142036877778	0.153593877394554
-0.360930388775075	0.730596605728966
0.373272758594069	0.454814436938312
-0.394527126828998	0.590700910750511
-0.134195840177641	0.207717220068072
0.41634100387885	0.940349230900857
-0.0764392058581891	0.11089716773887
-0.0112355537248309	0.014953113434486
-0.136730227024478	0.228388065145668
-0.431303231352055	0.899932487035457
-0.503527810910883	1.35486653243018
-0.199467542677996	0.37847945505783
-0.344821376120539	0.716695326099523
0.0465464233162852	0.0694063218802832
-0.746588927891444	2.27052199350557
-0.25098398063695	0.499065658914753
-0.12912084085232	0.223482092909785
-0.166434333093167	0.313488224863808
-0.232248103335332	0.450036294095718
-0.0644462288596139	0.097081889194826
-0.396500363685601	0.727092408358071
-0.314176736749832	0.357576877508094
-0.650829693312708	0.478823790147522
-1.08948783635861	0.445889528865871
0.244507507123307	0.17028000127609
0.646701586701978	0.830921917568384
0.578857837395684	1.15526433198119
-0.148739529152586	0.217859220417292
0.0511480876517572	0.074367635481073
0.0707159554157995	0.0983146321798879
-0.0293260120155964	0.0417207493392642
-0.103009785682052	0.14053082668074
-0.216189664777053	0.312890272385684
-0.518428404693555	1.03486521493204
-0.309450234817518	0.235953309016889
-0.357563844739888	0.298322194437599
-0.18455393375685	0.242133351131059
-0.269838703095328	0.408075943843161
-0.646974430843401	1.13015179302843
0.435929632100391	0.492107359477748
0.495643074332851	0.640702781193924
-0.178967552677424	0.240552789260917
-0.398074433080116	0.72933333551897
-0.228333407589202	0.377848385354345
-0.302348971404801	0.383709211825945
0.32226113480262	0.417434041267483
0.146759402374375	0.198503311681799
-0.0872328388455751	0.0976841519454063
0.0804331592179335	0.062465305713752
-0.339481472234355	0.612509566886614
0.311634334685263	0.445453609334736
0.22646718106575	0.230897710999733
0.851597663891973	1.6493982567336
0.623328355069903	1.34128061982215
-0.525391799763381	1.10628893695716
0.057958124925579	0.0509178530081937
-0.0638022399747828	0.0772245168772151
0.11484473592639	0.166762240354857
0.50939219601565	1.30092102793791
-0.0819389731466909	0.119698919884476
-0.0203374382680987	0.0260462843073859
0.0280984788977357	0.0357585787803092
0.00429121115956946	0.00579262370111621
-0.0849980652831734	0.127880657080902
0.00649408173074995	0.00895687220198335
-0.490578707229454	1.17804072671665
-0.462939615662756	0.723785847109612
-0.848128947422624	0.732709371419374
-0.821519272470718	0.356903878350642
-0.218000303573768	0.0779662312680744
1.03087541391996	0.63519001135079
-0.187461811969965	0.150477594041
-0.210495199729974	0.305918842206441
-0.110605807260772	0.142595001228181
-0.195974290262157	0.312297352170011
0.183646743205085	0.299935793730072
0.0103471811417113	0.012314819213304
-0.0667025703630944	0.0808314429857682
-0.712714613608674	1.30393520284825
-0.789930990519677	1.54196087792467
-0.20826538743689	0.291742849845875
-0.553335513793088	0.531279569146307
-0.224420377069562	0.196296360846078
-0.179751177946699	0.246652918349792
-0.472103372587412	0.609114541601044
0.641099969187758	0.822369021443879
-1.06001245544717	1.68147821698758
-0.137801400831867	0.180252346791666
-0.708778696516375	1.63611234784708
0.206119972248177	0.314081698852594
-0.599205930581454	0.922467628698699
0.177848083305826	0.18112429309362
-0.48454803442406	0.847425233404858
0.01312612511399	0.0143838556659762
-0.1988090190193	0.175226978039783
-0.137325228360304	0.163309725451218
0.198421728697382	0.269730659343183
-0.0224067983443898	0.0157837982034625
-0.0438734949527096	0.0389913933728237
-0.100194752417595	0.129414786771921
0.049682988945894	0.0611954600939251
-0.204909855381924	0.281008100423189
0.131962359071114	0.171905575103562
-0.251185390822311	0.444211947182944
-0.163748636655899	0.161466958903271
0.731248973626086	1.67706081155224
-0.218828517406007	0.351571554529862
-0.363196593158828	0.651015218483727
-0.0416003417458732	0.0516447829332271
0.00563927495604423	0.0066995045054824
-0.0260043485624603	0.031682717328845
-0.0129866830038021	0.0160978681590975
-0.0803930000852986	0.112666696165655
-0.162380927125465	0.255400288438185
0.135525831358721	0.208595585139783
-0.0348639733255254	0.0485982975698856
-0.0608214693404814	0.0853392810214112
-0.0123295215279489	0.0159321431095523
0.101649572542974	0.0309006320571505
-0.1550471859295	0.0645459715976882
1.33619383176482	1.75046877505606
-0.40282173058047	0.580241087832099
0.120650636661554	0.153913856115127
-0.666400278011516	1.39078139271945
-0.0659116074388279	0.0851973595867591
-0.0780155653813922	0.0981985761783281
-0.284179701922681	0.421278269829173
-0.50618518469881	0.678295247008621
-0.180982494260303	0.21182539248289
-0.672636545063343	0.892111837704595
-0.446738045323055	0.550637078436522
-0.315860753311223	0.412427627271297
-0.195148724978147	0.257074893666095
0.0611756975211954	0.0881846601853862
-0.218584756021389	0.389173053623624
-0.503319339508982	0.927021133119324
0.218516390203059	0.278766631843989
-0.192527879510837	0.271774618482682
0.014317473510004	0.0173384931149383
-0.302551407153748	0.311498664190085
-0.42111563434362	0.840343259636198
0.335070959397666	0.592723489615544
0.0967188858607487	0.103356239272859
-0.0334493040075824	0.0295999916867487
-0.209005622731228	0.312286092727612
0.0650796311335579	0.0874849938713405
0.07864267187593	0.111269369371886
0.11869062194468	0.181114673659624
-0.0422361321916691	0.0618494255291444
-0.260950106505597	0.292024955404762
-0.20015304081126	0.327826052868835
0.701061924862836	2.25062870178786
-0.289446660180234	0.61056183059824
-0.140662373425563	0.224775874640276
-0.22365481475721	0.381685843597446
-0.101202143744175	0.170970358641214
0.0066632230788621	0.00883672924823443
0.0847567635563251	0.131732515569759
0.21622618852559	0.362818329813015
0.0357882640606459	0.0485890158143296
0.244387412704088	0.493668545214989
0.114119334667048	0.182690890701777
0.00522164673608149	0.00774306744268072
-0.261196287697988	0.449426209841598
-0.226376637825844	0.377779670430036
-0.84671822522084	0.476702586960838
0.107434428728909	0.0307766294340035
0.0322872335005777	0.0261040250739976
-0.144610799216521	0.187054933236198
-0.335861211190018	0.587309016522787
-0.387715706273723	0.796981932350252
-0.243387675464663	0.417593611451468
-0.146820023265538	0.244766432456681
0.108415718672946	0.137216173883008
-0.110241080849115	0.138993278182636
0.144613834941749	0.199008865012351
-0.219382731145641	0.22884967163341
-0.253457269511672	0.426331203248873
-0.295970468792472	0.585261137127503
-0.590680079135453	1.45876892679911
0.019666024908419	0.021293064772125
-0.476754174583663	0.681136318430799
-0.0751755200718057	0.100155531048297
-0.0136235083324473	0.0164409236679758
-0.0876904641497165	0.0739015646978757
-0.24585786535847	0.393563979779492
0.00971423450053699	0.0119554231151707
0.127000903014201	0.128951426310843
0.146381979467402	0.17901560359939
0.554212290434518	1.47418445887655
-0.237514807417895	0.393847129411158
0.397575035989272	0.884748646910655
-0.179514959509721	0.31685135918958
-0.19506668938286	0.335180425720234
-0.0898022762319105	0.118375748485808
0.000561070968611337	0.00077662925575125
-0.217512772520784	0.410758837831093
0.166485362639913	0.27833771720427
0.0167096605500133	0.0238215355012148
-0.00231166954571619	0.00313149522560404
0.0569256546018278	0.0867415657234956
0.113155292561586	0.181794165955617
-0.277566971732801	0.602129607848766
-0.386293767628507	0.805806756912153
-0.327289866724204	0.497319353241655
-0.578158171933202	0.231020724047211
-0.508600858628134	0.541187601819685
-0.244934845971903	0.330400459398833
0.11293997105822	0.156793895896983
-0.324339645942526	0.622448838183451
0.147310626368999	0.229520348631843
0.0896678388851357	0.133272231998141
-0.272739821417722	0.450638624705551
-0.125640309110142	0.164210632640265
-0.21277810903073	0.308883888684172
-0.652558174505298	0.770176277471863
-0.197415982570186	0.203116654906606
-0.426082560608612	0.772428070078675
-0.248638984039054	0.411088635646245
-0.757711364377379	2.09491004056113
0.0379976586134087	0.0413706344469747
0.0412892518793658	0.0397559939628692
0.238906404605814	0.382270184533249
-0.652558880271209	1.16147961888359
-0.300516401444861	0.332496317091191
-0.0842739938916757	0.112526151392496
0.174525735357944	0.258921802335393
0.303161375954398	0.313752871648711
-0.446261348346336	0.587411791735127
0.037069157723556	0.048003083031291
-0.31954225658325	0.532901986148393
-0.122170848784559	0.162864260637628
-0.0890071708784557	0.121087752823942
-0.438086279388871	0.982246970192811
-0.144231613415388	0.246497184900805
-0.119716557576984	0.185328494136921
-0.0648963229946193	0.0965007861090942
0.00548565345295512	0.00708035137887732
0.0295875363696613	0.0384380366922371
0.0298839693675881	0.0420984965004814
-0.06844403120216	0.0913827778982211
-0.167195793090444	0.210117655695315
0.142242716680221	0.181939671702564
0.311202049646642	0.487651016577455
0.414372395032519	0.700814062980062
0.116058854425217	0.163720878387081
-0.373619991589592	0.62928041043433
-0.444708510763873	0.790206596285696
0.240652367961426	0.294064695773955
-0.882238034581784	1.60084348991997
-0.425133073644008	0.382396630404574
-0.242234940032321	0.447165817877829
-0.710977199134279	1.66026545597169
0.125415778141295	0.173528029013388
0.0984368616944227	0.10428791554163
-0.398029595117385	0.797084480874614
0.190991870470216	0.263014866236241
-0.798637788328835	1.25420345972552
0.134474041243307	0.182918492006314
-0.196533313020224	0.275726441278474
0.446770754039269	0.497560383173258
-0.100114835617961	0.106734848308637
0.105365922275921	0.150387879189021
-0.306866381596592	0.515967181103024
-0.327484140520091	0.610983887158076
-0.0268913677826652	0.0355471730406157
-0.289905737733949	0.292623628233931
-0.338342953843571	0.630096813423704
-0.280590526199492	0.526865488490041
0.08029734675971	0.117544087608914
-0.024640377381636	0.0348323825315101
-0.242339790028579	0.424972776145801
-0.0215320344930473	0.0297107182346728
0.143045408676177	0.246294543212094
0.235302164382184	0.452597462648348
0.0311028222192818	0.0473072898116386
-0.158333301601879	0.271220949374281
-0.252075417934933	0.384786599948448
-0.694597866823531	0.714541408143918
0.195377316288583	0.264224319164465
-0.114476381443513	0.1401286003909
0.0451807604660898	0.0602342694461961
-0.678387499952867	1.69960846275694
-0.0321049272052239	0.0439394450805093
0.1091202545568	0.14307579544729
-0.115851638890676	0.135939080553077
-0.526403090546646	0.968034268544317
-0.275217703461898	0.42286270552028
-0.14478813077799	0.229251467511081
0.127304526467145	0.20013638145891
-0.129405541195724	0.163948749797097
0.559043313372515	0.989709811386454
-0.259077612857659	0.449024434675979
-0.0113930771903628	0.0134875737752368
-1.18103355832224	1.98595246568669
-0.331525207954495	0.581986683562829
-0.357777557251136	0.664598277548483
0.576069322855229	0.865236248830872
-0.313391360940064	0.393533094153863
0.472098565564221	1.12455350831399
0.273885443549256	0.515629875803619
-0.224637339801312	0.380826690512602
-0.26568547424617	0.481184544795593
-0.332178435788163	0.740296931264255
0.170333529542709	0.257866737984555
-0.18749399047628	0.310781094428449
-0.0169348534207852	0.024836089025052
-0.143518906016363	0.234158317776867
0.117210999871226	0.191798024946418
-0.498304402422477	1.24486005548131
-0.390782466099756	0.916351445402212
0.119055621287235	0.196276316556057
0.235927137040197	0.495004363425744
-0.544712173603442	1.44214544310387
-0.0595601825863756	0.0817949818616386
0.0162793576909842	0.0188713397411574
-0.661733485826333	0.332958544939055
0.100718307785747	0.0408927044207756
-0.0546122413719099	0.0433532979879404
0.339854500445164	0.553980931366047
-0.00524630684790559	0.00619518455438041
-0.13677840492849	0.197833800664288
-0.170607902190488	0.268118641139756
0.178160069387791	0.277139643123684
0.113117713922455	0.134214423902958
-0.205669275921766	0.275570286523532
0.383583628475371	0.509377034315103
-0.198786950837422	0.192624839126838
-0.209295123020719	0.330570410692254
-0.134250900384106	0.202859977939572
-0.387905684673826	0.806407460178864
-0.873519247973131	2.05286737597368
0.0771424735145085	0.0757262957033869
-0.909989432749872	2.57776793046597
-0.676524253742466	1.30025941331033
0.0813074428640441	0.0728623786291959
-0.702779672870713	1.56749292218584
-0.0464316759301196	0.0599715769367168
-0.0306640130850493	0.025002653510959
-0.113655119847813	0.122619454372454
-0.171437335664894	0.27495369502554
0.0895724291362278	0.136549142586284
-0.102873295920833	0.147533926579818
-0.00585146390262673	0.0070401317288515
0.0146325978119622	0.0195115771686071
-0.215475342998	0.329062207930031
-0.289757485948231	0.315465282943191
-0.208694027153448	0.297474839107777
-0.104813421678878	0.167094300200471
0.0364170309813029	0.0514485455746038
0.0602872389254078	0.0899253740567293
-0.04422883086458	0.0611954421916908
0.141259000303488	0.206593837201556
-0.115501259625044	0.181395379784271
-0.13679058895504	0.239664758837672
0.0843105234633492	0.127029419193494
-0.286700136939174	0.602396595823008
-0.375082780514157	0.865520135707861
0.175638294439392	0.311304588421554
0.0209695926393344	0.0279593702203852
0.0277815779883802	0.0391469837209946
-0.00669517860527337	0.00911038430477594
0.112148395533154	0.152586099193174
-0.0845711126875235	0.0729078278288647
-1.09573775800765	0.434763808991456
1.02951966705313	0.634575438197172
-0.476638012711891	0.494254417825248
-0.0562162970361337	0.0666254792628851
-0.0451719451344098	0.0590717928289943
-0.0126709384435664	0.0161265544130082
-0.31983314524298	0.599246827292536
-0.507541935698603	1.21710504921468
-0.159353225779202	0.22086388515004
-0.281675895940052	0.410015817518113
0.689385201620415	1.52690140728875
-0.573148648141416	1.05866566335064
-0.047397658138071	0.0517199570209807
0.128889296865921	0.165795538931465
-0.694062662280255	1.4753898444385
-0.0688154067323662	0.082685239980939
0.381232575940448	0.588638594798213
-0.490437803709681	0.800260146354534
-0.346404262657498	0.506436064425116
0.138580543740058	0.180808383832265
0.0208119957852643	0.0218331094621696
0.151305840583316	0.183894609277199
0.376266063489708	0.615347960369899
0.100516475324771	0.133462517214216
-0.271915907632684	0.453087885394103
0.442676933770769	0.730012570276605
0.088139288926365	0.103978566707139
0.417906474220926	0.717163401743578
-0.0275657034544675	0.0353481536753109
-0.0580539808082411	0.0598595006671866
0.0786531385225897	0.0968240040083033
-0.0182158491427469	0.0212646109253696
-0.0116416341241494	0.0136657475019656
0.207960463948957	0.352002993351773
0.1366561448535	0.191653665209888
0.15225638288757	0.231333978966535
-0.549214949989643	1.22032507799459
0.243850284341328	0.380836195421661
-0.504978218237172	1.00778220829117
0.181662959021311	0.218512308538608
-0.0871567367035901	0.0417669139545459
0.244948027824341	0.221011480761448
-0.168896202230597	0.214164479189457
0.0716065961126321	0.0979693865646314
-0.192219430108358	0.232041587231798
0.247775952731182	0.360867765349279
0.571445362153469	1.1323599900528
-0.191689816065982	0.280614087176189
-0.180477818307304	0.261736797746802
-0.133338618854992	0.186513696212427
0.18100332852909	0.243342848180016
-0.293981355471986	0.406664265555836
-0.194937725579274	0.271494855231685
-0.385126041887036	0.700641517084097
0.283676638373442	0.442144356448706
0.138829430240915	0.169833524262208
-0.279099462020698	0.437968706478948
0.268393253131019	0.421080322830415
0.44286714728096	0.791943978451703
0.0409786419386414	0.0555170624295878
0.591030608781256	1.433370099119
0.383394972130804	0.623579432047044
0.332281176801278	0.547632617595937
-0.324285721505052	0.446284254016694
-0.480094126773306	0.674485273981194
-0.421656808730249	0.705745243302164
0.223117661897161	0.358106866183097
0.206311743384455	0.369365320810545
-0.142241175819059	0.229229793353337
-0.0695846543672452	0.0833893201212482
0.000786936491008245	0.000831594808044169
-0.188517817155518	0.244459207032223
-0.243682599769632	0.407791494319858
0.529051697502942	1.09333024411691
-0.0808336824839163	0.106564522172273
0.0284232554069662	0.0329721988028258
-0.0886273276194644	0.128475560460437
0.140223818465799	0.189543672492884
-0.213457389120853	0.320492047264515
-0.101752527614361	0.166957935138627
-0.359623724175243	0.67091866035912
-0.509861017881088	0.608424737545903
-0.528810153669527	0.669973976095498
-0.541063530287779	1.28192792402766
0.0118629858402254	0.0163485695136978
0.0323805633273772	0.0337904296231256
0.482031087492803	0.838405592707666
0.07278174404574	0.0997136783893818
-0.148066369580896	0.229438043265658
0.139552502187946	0.184897916431448
0.00169659610628805	0.00204239951793919
-0.046556049030618	0.0568502131832045
-0.347610629770595	0.815953102947585
-0.112399815466871	0.191300891022776
1.04228935493627	1.30234876992713
-0.232413840993156	0.28228915758169
-0.225696759461468	0.560507703933881
-0.431063316389671	0.716905502108262
-0.362693996076086	0.464139881208917
0.105763560395065	0.214682623435427
-0.465907624671412	1.56701660378702
0.861947077043355	1.16179951910972
0.167946115374141	0.180257352273138
0.386262079861694	0.374865905282113
1.42628239535322	1.91016377547906
0.44548189736374	0.389622692528042
-0.642465701582975	1.16905774933995
0.0888553413446469	0.19144869960642
-0.123760806420311	0.214547511509321
0.155193910382642	0.121977462592581
0.128798644371307	0.110706004377543
-0.190270184849141	0.163404727414687
0.0835220743776481	0.0653076704360792
0.0927137058588818	0.0735620862244518
-0.38336976085406	0.345634098389481
-0.0849154613691107	0.0724104159354771
0.688692462919259	0.850844536931629
0.235286542960243	0.225399136336307
-0.881983027340845	1.03980554928031
-0.424598073069194	0.490493555028323
0.244000412840946	0.198220704063852
-0.00831406031244094	0.00599040497660343
0.537652260777565	0.565887903978413
0.178375458404499	0.172810708304544
-0.452476448675016	1.12524197075616
-0.0890427945627866	0.189434241806383
0.0701881715641081	0.133419245870386
-0.00363202889289906	0.00709599969203834
-0.470438237092866	1.21368150301752
0.465065660480084	0.573319940578752
-0.413674250752399	0.401158263087372
0.308070898795308	0.305326629098717
-0.357204658091801	0.469005494094767
0.85135957779583	1.53783386835878
-0.184320182764439	0.359739335477254
-0.169789167850042	0.254607644714101
-0.411973790607986	0.84280975388627
0.322492873498579	0.677710732464386
-0.215597101798894	0.238538560004177
0.536670831806891	0.975582534933856
-0.304036157928619	0.656281257223509
0.274328302223275	0.452133218228574
-0.0227493203841332	0.0265079172548661
0.134052662754171	0.250723060332947
-0.242143501216213	0.523224522056201
-0.0576992947943929	0.0605770645418066
-0.0626181252596139	0.071297871924652
0.30637514852162	0.405371570613413
-0.0403221537759796	0.0414930935781118
0.587632458499926	0.766980537002204
0.58200993377287	1.23952794034054
0.00717373467680426	0.0121100271833456
0.0315520648230701	0.0457120304510001
-0.14970121369031	0.182150554435212
0.0706188605427383	0.0795159542202957
0.228580424156346	0.288532895403756
-0.394242209949855	0.64062674129884
0.19150811007027	0.229840986068035
0.0868901117199119	0.101096736310019
0.014158836533427	0.0160355335214314
0.234848028667891	0.374701164001964
0.38647948109686	0.644637755086381
0.464784592622795	0.692137575679474
0.539869584417672	0.964502755198247
-0.153925688253048	0.184356678186798
-0.402791215541866	0.582749228207069
0.464689512464935	0.736868565437427
0.446799624191812	0.711237811888528
-0.305537962758955	0.719367149334142
-0.059700997702218	0.0812006649616232
0.0962189537130948	0.185138046648171
-0.245718206275981	0.548454915439101
0.108962307210334	0.123465589511324
0.182111980961869	0.21094610384494
0.293502631098221	0.430288523999613
0.600776714489823	1.1107911568285
-0.201072995080088	0.278226225271525
-0.424934395346475	0.958135568180976
-0.063991544011913	0.0880038893682708
-0.429872921860148	0.9096619236449
-0.295294189400317	0.480385597945335
-0.0865905826133906	0.102721692374452
-0.0769849823224223	0.10343413550554
-0.00305040011501653	0.00356571076606151
-0.226994116178128	0.385066984363759
-0.0781258333349668	0.105374152033174
0.177572662774507	0.271356630480534
0.00226238437898377	0.00299769445105914
0.182290229732732	0.300455375462151
0.0865771107215044	0.128610067957624
-0.276049308541396	0.442987455128125
0.444597541194334	0.801614492341513
-0.288081736275524	0.460208458410961
-0.0684112198434419	0.0987563441461904
0.205722547121057	0.411404917852714
-0.0500044059342374	0.0735135573303796
0.283359472441593	0.481112373751884
-0.108306657266161	0.154601572350744
0.0357650885770708	0.0425727735733803
0.209482107571193	0.320629458090992
0.046437320966555	0.0601902661410621
0.188021178538804	0.271153381401341
0.603871453384	1.22618579934859
-0.0362921055093903	0.0464633807340511
0.25313502207647	0.45170377932062
-0.201273722915608	0.298358986227227
0.456232410394493	0.960237400989671
0.299028424748411	0.525245025673319
-0.160496001963494	0.244413099978159
0.279742921279035	0.519234040852551
-0.059623011010976	0.0742778494352931
0.0179185504639014	0.0236574851385932
0.0947328257640203	0.132646712678035
-0.0189177333515739	0.0265490308577595
-0.363589439270196	0.788623015580213
-0.0109912378517255	0.0138249694326126
0.0432422835329224	0.0500899524472421
0.473663792736311	0.855521583470122
-0.0446506432647652	0.0499741415156986
0.0882687899464184	0.128299771281707
-0.160036250937345	0.273182753550462
-0.359551452650321	0.789186225982497
-0.189617711223333	0.258322642087519
0.256347411981472	0.393680416130049
0.0205996325463912	0.0248787384491591
-0.179292747472069	0.250097812106659
0.801045934475675	1.3641491734793
0.231263192562841	0.291674262816588
-0.319655742897387	0.502623473991421
-0.27036161885593	0.491830116547547
0.159071656832187	0.233482508187318
-0.0379854998061489	0.0459666527287213
-0.153974579703271	0.2504888429973
0.143873111123596	0.229149029819234
-0.111971185247081	0.130891111136636
-0.418572797170046	0.781176551513362
-0.146055574916055	0.233020185374198
0.464996917002088	1.16598636547444
-0.0727147927298212	0.106050988386588
-0.446586726364763	1.01794931100732
-0.111739121562235	0.168753694913498
-0.143685675251962	0.233284584177156
0.100697405226039	0.137880999386635
0.0806926829632423	0.124962259665778
0.0134890568123913	0.0179808812608339
0.518449021229466	1.30470740266832
0.0981902517552418	0.154429651913433
0.736245555786528	2.18692261635747
-0.0647330124244435	0.0872061595829769
0.00571267137152028	0.00802083817180924
-0.506634088746967	1.23497884216724
-0.0320969226716836	0.042729098138532
-0.332654683167229	0.646852495997179
0.0694417115673763	0.090771620784332
-0.361628256497765	0.173040570115617
-0.525538552018232	0.698746827541996
0.123933907207047	0.181178057171096
-0.256023526675846	0.426651653706231
0.0713793588818966	0.100938439828282
-0.0596272752079695	0.0821483069141308
-0.203464470595875	0.354527965496397
-0.36354731503794	0.675237750627579
0.275198692669211	0.430369182861925
0.152663687182996	0.18282023283353
-0.0345858039384057	0.0328198659801018
-0.0146990291362252	0.0163106210053116
0.0602801709396511	0.0689927661460462
0.576463802036728	1.20844514284732
-0.0734081214617019	0.0800896837070753
0.330286475128238	0.404811679758227
1.045791011541	1.9633111378152
-0.023850795930826	0.0275119181643806
0.322957335757821	0.606218073736306
-0.0961133946310199	0.118680981057148
0.050052424541052	0.0659251635315968
0.572165424895318	1.45911584388895
0.247899302970076	0.395759325327132
-0.404063545955394	0.576455815627488
-0.317828887556481	0.597342671557442
-0.0675213429528298	0.0948267899731494
0.0796180821116995	0.114472797733165
0.375530872813189	0.796678672668011
0.278005057364337	0.532283122353331
0.0953368254582386	0.140609745993198
0.309855158559381	0.612790943598904
0.262323790329646	0.455029463900728
-0.00255662331220287	0.00321191056693482
0.352595421805037	0.779090557119065
0.277101359512605	0.520323848116896
-0.109197565741559	0.176380623732833
0.694990356300452	2.10567899109672
0.543004767098531	1.30521177774398
-0.081838996466393	0.123489630194925
0.407306234619735	0.848715273021304
-0.0277359321542081	0.039186850004184
0.260060919145998	0.454624747663917
-0.473408385834846	0.934593963048918
-0.151263517677284	0.0632877474019867
-0.614609274780195	0.380758723336069
0.543886845873928	0.384724824425924
0.394411767761983	0.374832028567791
-0.28044566146706	0.44845188056394
-0.362143489379667	0.675564042281773
-0.0284891128240909	0.0373115849477338
-0.0469453416240219	0.0599588714368249
-0.0823376915763567	0.122586318671354
0.102887885591997	0.138605256104259
-0.120990171677414	0.150126280448418
-0.426218180532361	0.734825365901873
0.188317745474091	0.245337765169717
0.031714805731109	0.034103427991169
-0.373549096105812	0.761720308378203
-0.0862601151289613	0.100921753295433
0.549822234310118	0.967462539433243
0.520406856275537	0.606120061199429
-0.171432685075459	0.175478401426435
0.0486741753107213	0.0638360486715497
0.117059323616901	0.172966813724999
0.471039468944803	0.93524552755322
-0.00143886192206705	0.00180022330926512
-0.0863762337260758	0.123030384233608
0.294805655334873	0.542807759209082
0.920744741898502	1.71434886852578
0.169323243154933	0.233824596314524
0.189121977196622	0.323730978998701
0.0248901736507898	0.0372978836457948
0.196759229702639	0.328004145845612
0.401154030146632	0.972924664012378
-0.108186819790112	0.16557437674803
0.294715329008114	0.567957164361481
0.5712658582637	1.4954238045394
-0.137025158830391	0.233777667795275
0.497645200043152	1.27948902670685
-0.371967293030066	0.898105508927787
0.0148421643423418	0.0197768756714783
0.218691227052563	0.399680660117649
0.122471770938225	0.176841638091944
-0.0894738639052986	0.136297800871383
0.343763320934667	0.739022775763922
-0.292924431934189	0.587305728593615
-0.484821124702793	1.17480347728008
0.211844639192006	0.305364203359548
-0.460117439138821	0.193834342719539
1.22267597805737	0.671607313317384
1.40540740444952	0.839800103159905
-0.106886965230194	0.0776593770172721
0.0605832361442619	0.070871432155223
-0.298009773437666	0.482078740367373
0.342032644292557	0.597113325296509
0.0710553383421571	0.102534296776495
0.204271853596548	0.365505246304432
-0.154640990374951	0.228535169338092
0.465447432135705	0.665361176586404
-0.227463301412791	0.313735087682614
0.135551005740253	0.178695591107994
-0.0802614343008618	0.0819259245637762
0.179202074618059	0.263276024514664
0.118123346482173	0.157983843772672
0.758622960269141	1.42878750685561
-0.0783581014831913	0.110746896078313
0.430409383205684	0.953659540535801
-0.218278398914084	0.355034112214417
0.313372905452198	0.613382824516124
0.0346983374914751	0.0514301375375115
0.484359673764468	1.16733284470672
-0.597287792828283	0.931254833995512
-0.0961872279482466	0.151819748224817
-0.252531759751049	0.479225321016018
0.0519836652351179	0.0811591662346686
0.39327899410757	0.846916676217998
0.505190005524742	1.30776387926488
0.131982052064463	0.227339506783725
-0.371690128671952	0.780689669835632
0.00480536753942844	0.00596905502665184
-0.179532897205797	0.337746433277014
0.156058673314917	0.275424428621914
-0.0892931219246453	0.149822885192528
-0.183756287987845	0.354850130777949
0.0974897764555175	0.165453168136138
0.251922601427061	0.516460877511551
0.124141929152379	0.204361485125653
-0.448072170932117	1.29736219387496
-0.172796876266885	0.310793449098076
0.228502832067576	0.442341315143495
-0.102280245104423	0.13331532673175
0.169498533144098	0.149731412633642
0.0858124204776065	0.0384690235610791
0.514878783706367	0.39027527583317
2.06438323644691	1.39147267768682
-0.205685153923066	0.120098331642589
0.612004432761509	0.619272963015193
-0.400497054771753	0.717507724102476
0.189722778235605	0.295276213725671
0.29904478150718	0.55169527776228
-0.0122643064501232	0.0155286703497498
-0.49086645999793	1.22266128439315
-0.0558534595115189	0.0733618249662154
-0.156772881935604	0.199603089419289
0.351225347569505	0.5644030855646
0.246746939775128	0.351310768554829
0.588153019348713	1.09907819285516
0.480348651228066	0.663526294723124
0.252683927265367	0.298316773055888
-0.133828110613023	0.22342997232955
0.162594031217475	0.241466456141241
-0.133138259512721	0.198655547254348
0.106863359319401	0.172101068591193
-0.168676465757796	0.280609006970118
-0.188855229207912	0.327302237959463
0.612414935144823	1.09206739639696
0.163047183686646	0.239118700008187
-0.180632562483394	0.299308999335251
-0.0107277188653042	0.0143465232762326
-0.150690903740708	0.260492442870832
0.495714886978638	1.32826248183711
0.510183392829576	1.27609741386962
-0.0880303683058364	0.130614557461291
-0.33770551314682	0.659721169980547
-0.0599462103421391	0.0886663464877071
-0.148043034441207	0.274450286025004
0.107298151675626	0.175211114146943
0.182341863431935	0.331916783208283
0.159566237154249	0.279720662129293
0.0397810820942055	0.0589558055531017
-0.209891165408312	0.401772062068321
-0.0206027946092167	0.0316172604612238
-0.581096063269169	1.51315574386705
-0.0421936141470955	0.0612353806815401
-0.0663046726406558	0.0943373084047721
0.317487990651755	0.301339107056215
0.0352964524153281	0.0226306421485988
0.342687021065882	0.269800146565392
0.325265225880959	0.2598910371191
-0.141057773642565	0.0902856991347134
-0.0875336311090733	0.0435646422781436
0.0996618878391966	0.045310210853478
-0.157878881197982	0.0652829626344553
0.240041491485884	0.184331706957303
0.518042211042751	1.11252150090428
-0.40318081757555	0.743292473666488
0.37008922678945	0.722340474140671
0.0684514604039572	0.1009766681321
-0.246366689219354	0.436769695097523
-0.0567894310979903	0.0696020708965301
-0.388181358287984	0.682525972564176
-0.771623727765103	1.54819180493761
0.625025208508841	1.35804002597223
0.0935777431006602	0.127760686589835
0.256014074138402	0.456876123777912
0.0117471784381411	0.0137126160855907
0.262403974460096	0.458008830554114
-0.663512269180217	1.63416814240898
0.229988488364231	0.373383526711935
0.43971049252115	0.934851720852934
-0.304913144678332	0.565373295113987
0.0292210448113136	0.0370332093255283
-0.137047932930527	0.20804778506318
0.0282909262936066	0.0367279854358478
-0.171108571232548	0.261403905351968
0.308058838916017	0.553415646988211
0.325919151568779	0.566336896618208
0.129824794874743	0.186031667218786
0.223070562506557	0.3657390210988
-0.237613030433593	0.383045091885918
-0.140370442588459	0.20254997412741
-0.192433501101371	0.319780505464404
0.250745146200991	0.4394701437406
-0.211833713548305	0.369954903832312
0.174698458803476	0.300138484214342
0.459249510203665	0.983696305901167
-0.145431083416296	0.222953303338601
0.379771544475135	0.500969576852127
0.779020544353458	1.05477716392192
0.229628264059154	0.210050070936693
0.93238364792589	1.64822581647674
0.337639743161437	0.430524596815767
1.52336388745433	2.1477881927602
0.986755248475079	1.201017991685
0.660446651748276	0.505600395237526
0.833066070374394	0.945274784129193
0.326631375603586	0.500058088373231
-0.378965606398369	0.7500580680677
0.0804999579717004	0.101027433581118
0.0251445054786682	0.0291355898144504
0.38531108805937	0.777316561281942
0.00486815138642694	0.00648181470511821
0.0865534770455014	0.12407626913804
0.254286733893877	0.412719848923734
0.261988653638344	0.407714855311641
0.385927413265182	0.576369817561536
0.0584371258503135	0.0731830079714357
-0.25761212246282	0.427608209178008
0.121487040525417	0.171524795606282
0.0842997389991387	0.11193969573543
0.290201647961637	0.423843835701385
-0.0121954473905582	0.014721069031709
-0.0905885690172302	0.130726849924081
0.094454170902678	0.132347754096855
0.185303694821448	0.280158245405669
-0.561887830591543	1.34772927760677
0.179012573710268	0.272347723806759
0.088295150806291	0.117004656026845
-0.146002227108898	0.22321505738508
0.211205684742685	0.33784224353187
-0.0126625047249173	0.0166552760200921
-0.225973480774944	0.366983020234197
-0.274345886877914	0.537114272816345
-0.136712892022083	0.2127210086086
-0.122898936925347	0.188740303128746
0.591288370007327	1.35289964437877
-0.117765810020778	0.185548397533806
-0.0489595560920276	0.06048496363461
0.0862263798041633	0.108038117533239
-0.263516779359744	0.262277346691771
0.0698895615009381	0.0503626274447214
0.831520474652211	0.942639203500697
0.0673979625993791	0.0498232782204994
0.102193125500465	0.0861423241644499
0.464555224890745	0.394536462493259
1.39788120745539	0.869994541536325
-1.56849344606564	0.563518271041044
0.705352410759408	0.74457231160566
0.152865337736209	0.130624320712183
-0.158531417701759	0.196027932319489
-0.196001355716094	0.277556439602666
0.615683547594582	1.34857363471708
-0.264287968614374	0.417498492049286
-0.0517503888244903	0.0669166742425286
-0.0493872504008879	0.0546271444139004
-0.193487665685403	0.269829425120079
-0.336223281549497	0.514400123025849
0.379033225953975	0.69360108580616
0.101304453222842	0.126854720470884
0.239369311507831	0.39133333449844
-0.161307372481458	0.255534495710602
-0.101905053711964	0.12634349060494
-0.00669737543956882	0.008911596851602
-0.138685763480959	0.212670260486647
0.25875057621117	0.468944418875073
0.378237760950819	0.753322873177442
0.0794705012568738	0.109758462132721
-0.245101750182032	0.440165256964072
0.781214961495949	2.13464548896699
0.275518554601213	0.499043847816355
-0.16115286942582	0.25890334015557
0.0886617036255294	0.12800416035442
-0.04184238270945	0.0547096845558151
0.0833380178495174	0.132716085560057
-0.0231276924484855	0.0294936570879363
0.188785299723278	0.343273481036252
0.0224681837421189	0.0288527750176271
0.0925329835067555	0.140606586931781
-0.0103259409893223	0.013973676500583
0.0367238055472636	0.0300529098334767
0.326619372176089	0.291669025717811
-0.143526415357874	0.101651917759078
0.828078452189191	1.11661680668745
-0.151205114632911	0.149047152011528
0.2472278603635	0.16016341885203
0.263773519228771	0.155004347821134
-0.20707693881829	0.0781188384493783
0.085618664510081	0.0387707691658891
-0.0552429098482053	0.0529738169680598
0.00805420754774224	0.0106742512249912
-0.0530145067137966	0.0685363772942293
-0.146962995625634	0.207312011415898
0.0485629739430011	0.0664937745317406
-0.352417687298234	0.677110862537653
-0.281021842633061	0.456043056596324
0.0382896559102881	0.0481565508014572
-0.0583714965695639	0.0737371734021196
-0.221725765029421	0.329820502665406
-0.0243418014290333	0.0301925959197429
0.116636987033231	0.192274234386234
0.46543174273122	1.10365680099652
0.216674283612254	0.309465712304374
-0.313458739951235	0.546841178115004
0.43017570736304	0.7215098794332
0.0430328640051711	0.0521140181886116
-0.166231154966413	0.238491490040399
0.374605750914488	0.639357392624309
0.126621380824138	0.179636132517926
0.255785555338821	0.378721320336243
-0.229822995653619	0.37586597010505
0.122122023616677	0.177413404249618
0.294439487411788	0.488872232918263
0.0403512977888927	0.0529855626812143
-0.00824821351150753	0.00966014456659951
0.555685305646603	1.19608056385947
0.0835344278346254	0.104079350915741
0.75983480879617	1.290339869202
0.000763310194280081	0.000712912895344439
0.0354719581698115	0.0343301793135296
0.561472843987915	1.04735538237188
0.17467584470616	0.162582306397951
0.229339187720844	0.184753893845184
0.0510967533437396	0.0362340867527105
0.506217541306808	0.583386049284791
0.0162327258883199	0.0195566878426884
-0.534806820363012	1.45268957204246
-0.287675334910781	0.458204752967909
-0.198350499195442	0.269231498454355
-0.104910371794313	0.13657656771899
0.0934156468254892	0.126048535661787
-0.0135891138991224	0.0168193923781593
0.03923569166212	0.0466856963527601
0.282140398521539	0.466018009587178
0.142536056013632	0.15775130618161
0.268101062398361	0.340048807687023
0.411727832067021	0.575929665817447
-0.108092192632745	0.142678303508692
0.228474566615321	0.456858985214507
-0.405370194818478	0.930403028290421
0.189403701438117	0.248436490101016
-0.0956133762459944	0.10808396184057
0.00891888906255146	0.00887639647897275
-0.453499489161572	0.761035631027308
-0.216583995639615	0.298197821444941
0.391526064109412	0.572872874834476
-0.318947179446247	0.443355784332951
-0.274791582270116	0.368877311837856
-0.287402871676712	0.445552753502587
0.18855779580673	0.227726904398489
-0.00654074103112246	0.00693573476733308
0.210564648454637	0.35289124302726
0.968422444769672	2.61190807739971
0.521442891739509	0.836175185688136
-0.279904918000724	0.353913670095009
0.245133048998165	0.307391899582535
-0.0335133477908814	0.0284365224560863
0.64857354411641	0.883743831243247
0.809772156703793	1.24297727285698
0.51521268015465	0.79239104798931
-0.190346626121319	0.326740302835285
-0.458556674793874	1.05182707390427
0.709095485145617	1.33317455546658
0.275062919764251	0.397215364712521
0.159486261703717	0.223738349845801
-0.168836932505075	0.226876435374274
-0.307707536474084	0.468563630750063
-0.383664296794144	0.765421630761507
-0.62835010078153	1.35935193483697
0.288992397005424	0.471330621112359
-0.165672930450799	0.180176344310678
-0.598902746245476	0.934063189747522
-0.00612923572848481	0.00620518288366372
-0.463973262886584	0.909807915232739
-0.134601448693256	0.266238831127534
-0.235483197793528	0.43849215583469
0.213668365652755	0.304205028453097
-0.268700953049046	0.41360824665934
0.129495851347365	0.183138640586317
0.191524602678264	0.267004546389484
0.295916736070707	0.46288719797381
-0.222118043695566	0.305468225674009
-0.178966647667618	0.267824098591868
-0.521945148849741	0.931796159106888
0.19881650552817	0.332566393239964
0.0269929505046593	0.0305826330280379
1.34241237816888	3.86679859037778
0.482950339475471	0.876935956033153
0.118544961510512	0.153904272122527
0.401342147216151	0.779330735263202
0.29532091829203	0.337317229090461
0.330443382083609	0.379035573111895
0.138452335861922	0.155186406379322
-0.0412113977135886	0.0413986586559233
-0.214067726654983	0.427245823284044
-0.682247876047384	2.27797243969167
-0.386743680588719	0.667410575992928
0.0278772475980519	0.0318985129392194
0.223619010231267	0.332740583446079
-0.419642279567949	0.720931627355514
0.104868449583379	0.140735391662294
-0.536553914504751	1.49364022373003
-0.0433270774574234	0.0554879598134742
0.321264656374351	0.489981582464657
-0.0448324324831098	0.0313229041540872
-0.761149090028908	0.659709415837239
0.105502254357727	0.0925473673030263
-0.130504499574141	0.120250650968461
-0.121705158012721	0.243441904202189
-0.162079765571785	0.263722072385758
0.0193147469361651	0.0148651242306787
0.178968257506979	0.175046068930412
0.181011577061092	0.176545020459575
-0.00619492436472196	0.00429293879352372
-0.0986043988030275	0.0924155537709043
-0.085796254063093	0.0693402725830139
-0.15459897655945	0.127837119112572
-0.151348725887463	0.157534621096977
0.289195654224481	0.33700336704939
0.248592080316247	0.236312380356581
0.149391830453414	0.272930662622134
0.144448996997575	0.242876736392403
-0.181884515840667	0.276146124369917
0.677632111138225	2.15358307525212
0.0137825695131405	0.0207113670651916
0.268872209835149	0.609879281892871
0.0762538447870125	0.140720604545171
-0.364887867736473	1.31281589645092
-0.651577841473168	1.93599114252885
-0.0933680187151533	0.0797933810933455
0.336631651375483	0.289919935066493
-0.351999205131442	0.438531024516496
-0.270786015595711	0.319188694965073
-0.224476903265371	0.232541913050353
-0.497798485336174	1.47802539466763
-0.534974270974491	1.23304480303396
0.546870105903228	0.609017018350507
0.655729023544672	1.03214054442376
1.44969139930402	1.80238795056044
-0.560484594500546	0.534903138085103
0.505983283371979	0.506937750559194
0.506462292063903	0.510559507197871
0.0775458710036285	0.137898140951772
-0.0873065969548174	0.110531320249849
0.669202602398762	0.753458261935009
-0.0706590404305273	0.0475576694849339
0.24203800585822	0.212677617410988
0.155437224813011	0.126389542471204
0.530771412875272	0.686204975263826
0.362832283510624	0.390207034486376
-0.202517365125997	0.181311734137418
0.0980589440678544	0.0825756073905134
0.948653264417742	1.5912137783194
0.154702638291347	0.120505800685755
0.376146967901857	0.377073577552192
0.44290368654398	0.372358710296796
0.151974334414181	0.103876530324597
0.157276631610956	0.128738283028686
0.134873018831335	0.262991057102773
0.203144799645271	0.413356832576715
-0.325886402399822	0.698391956254659
0.0112625458423841	0.0140298723870846
-0.0984808320143572	0.162199225117737
0.300984801533262	0.668712022143793
0.164364121831621	0.312112104821211
-0.404437685258667	1.33901817249178
-0.440005870284693	1.51598771579658
-0.0461672294228145	0.0596072263437913
0.0274337359016731	0.0210049793913
-0.0234594102875719	0.0167479098842482
0.0553443350986606	0.0473434396225353
-0.219736165071404	0.228238855511223
-0.00205582518735952	0.00255370483404413
0.00289510004488841	0.0029069078323688
0.375914235952877	0.409442813827379
-1.33837058558178	1.4589228042985
-0.986451557632033	0.742213839447957
-0.11595841681136	0.0757168807215151
0.399525856749965	0.393968668863865
-0.0438564204685975	0.0709960919667722
-0.154152048553092	0.218598148790221
0.349568479634215	0.265455578328564
-0.603121331744747	0.549049511593696
0.0247994568005461	0.0163083731493286
-1.03252804573417	1.05436935123862
0.340490723318151	0.273886799771049
0.064431537810675	0.045891027774926
0.57018899549374	0.620324598366685
-0.105372618647218	0.0795040389155385
-0.06817652769048	0.0471172350960205
-0.913501445433875	0.953451250321426
0.595736290399618	0.591369856437422
0.689349853726847	0.661622567875999
0.0090570519484848	0.0179684106086486
0.182747824002867	0.386827292723554
0.384194167924974	1.042756351102
0.136315047910288	0.195650751372264
0.335505050113686	0.887495670889534
0.241441709095306	0.642776214601117
-0.055965144127493	0.107980476843094
-0.0648157100220532	0.139545225649922
-0.375917721966925	1.33382113037417
0.109629813523474	0.140891483974301
-0.182849841226074	0.133713503110768
0.115303069471753	0.100299252293358
0.0125184635963589	0.00936962813017048
0.105924649220014	0.161802087957283
-0.150065490980134	0.188020086550235
0.276801894650797	0.303763203638171
0.504822492266516	0.378392637180465
0.460591861926031	0.365342520872937
0.418578111953311	0.386658416228112
0.320576916998847	0.302799041468794
0.303806458061226	0.682777328789976
0.666492520274513	1.39713009002605
0.107764999775361	0.089706729593021
0.315699713171347	0.293480903056971
0.325342925928006	0.296219556646781
-0.535482188626194	0.472309673690971
0.315210942599828	0.298333700633935
1.18817708339757	1.47829701913337
0.533356462943006	0.604369116573957
0.0992612434411403	0.0793886819462612
0.423875040026853	0.390274850687526
0.296081192913184	0.275261429663748
0.381906644800822	0.405063738809725
0.581952826792363	0.60225193744835
0.506462292063903	0.510559507197871
0.158513396391198	0.12025447796212
0.314625203567625	0.285975864179254
1.08202791720289	1.1117916250405
0.0401241405184787	0.0706911419209314
0.118065990764667	0.215233701210167
0.194410534336479	0.302208712654631
0.240306714938237	0.501164896456951
-0.109434095617304	0.207298257916979
0.304986319141545	0.788660048568897
-0.0934306812942349	0.212523880110876
-0.441920234950255	1.6496196849224
-0.230576085144978	0.33919063471992
0.334014739076326	0.295573455303948
-0.439653263319909	0.45589360313299
-0.341860425566233	0.731632346730759
-0.0626773647223349	0.0776036310832347
0.256946955665047	0.456752383377364
0.0587765142664447	0.0422890831015527
0.0654485921196933	0.0568865218136467
0.787923284074519	0.769571269448892
-0.357912359926602	0.302856603877668
1.19492376744893	1.7280144837496
0.0629875294016879	0.0548768049698956
-0.089312995442057	0.140819318667986
-0.321758290895723	0.508756538575005
0.830787334062349	0.898510369123933
0.0620110858023774	0.0461653606211257
-0.229498763542856	0.215660841996906
0.492489301967309	0.523798870645046
0.162050896745451	0.135101964481391
0.436706312634813	0.47482092369364
0.156729673040429	0.133612978128324
0.244655339403316	0.229631298624695
0.359518473716121	0.396107077431745
0.462658093039493	0.472000354447285
0.17043267891462	0.156507971004658
0.435904310120373	0.496379758386601
0.0952753915158508	0.0759336758717931
0.231867037411746	0.19190438519654
0.228481237598302	0.168317387796109
-0.357060473930247	0.40603090121294
0.354187767400797	0.404424160352696
0.162255569796673	0.276978377652145
0.0153691181342742	0.0195373960388133
-0.0483157085395241	0.0699664624219995
0.0700896478690888	0.109551454986633
-0.256750194473141	0.506982390579563
0.0455434788898981	0.0775653205373033
-0.433427188600948	0.464784926784747
-0.275319476593375	0.474675180913079
-0.0803163199270838	0.10853420028773
0.189334910513427	0.21633926724509
0.400860286743891	0.651702466458699
0.640556205495694	0.86804800943214
-0.313506745960067	0.312531157511272
0.231907399471986	0.253332752859438
0.071520483533771	0.0683461362996535
-0.156122887040504	0.284871191125462
-0.262376053709395	0.444225766659458
0.322261631820944	0.397723747421521
-0.341022910838496	0.431510054554876
0.12412973597459	0.127129970052372
-0.171997451111626	0.169617855001006
-0.234383838357584	0.269138668243047
0.695181440810585	1.09875215233704
-0.000213229426878824	0.000293304539208838
-0.233397239932603	0.264538038708296
-0.405121424797027	0.567848178621343
0.220499960411056	0.274220479485216
0.439628640155214	0.570510609074383
0.221330929409105	0.252864949796073
0.237506965739003	0.242889123181405
0.318893135210829	0.38642820797696
0.557070534630064	1.17167764333405
0.163680039795556	0.217681105138
0.115078074437729	0.142147920865345
-0.116998482074431	0.154403510085208
0.231462364984164	0.245854505665459
-0.203255762084277	0.22606927296234
-0.106412521844603	0.103457615836513
-0.610653178354043	0.965992724477996
0.574095601551035	0.941559392118973
-0.541779656392689	1.34770620837483
-0.0975411252128313	0.133945571761394
0.229877195745413	0.276148132421019
0.121070862857871	0.1671770662441
-0.0983556124941699	0.135386463544843
0.0952180576069419	0.150940715455271
-0.207627326645177	0.277735298243076
-0.163984829641369	0.242205951259821
-0.620517107321428	1.37205155152751
-0.356079962241599	0.758527557590806
0.0884739330509043	0.122938783643591
-0.0531948744699812	0.0764753807637224
-0.197191501243018	0.278082284562836
0.16618651645226	0.242716120645711
0.336388768857249	0.619739212787923
-0.346418679714206	0.621364858437779
-0.217606139291855	0.333340598068082
0.268668950882218	0.449771147648315
0.0595049838351204	0.0726858145849577
-0.299198707137941	0.475312871050614
0.479110960241598	1.00883833441369
-0.113158559175465	0.172019557125648
0.279041517776128	0.483441578653835
-0.589943350111073	1.38582965211638
-0.28244649721025	0.432129322105984
0.0159582665798895	0.019462839184473
-0.563912121092889	1.16167660850769
-0.509717765447264	1.09386231287461
-0.380642434974874	0.687688424587949
-0.024335233503246	0.0327169551184738
-0.364287385615008	0.568207311648928
-0.105086518704914	0.121362903599928
0.453448455653184	0.775411413929371
-0.382834594885762	0.798210581925722
0.10623833547892	0.16042723666472
-0.0854672886357799	0.120742450094648
-0.469754922937327	1.02874327721289
-0.0563857593473589	0.0806221543395487
0.10545327137044	0.154882937523739
0.478995422239023	0.809224059750817
0.0491637887711969	0.0612572388755179
-0.0905757680779561	0.128275459466742
0.0478206306234452	0.0735501249157506
0.622794589806704	1.61964815271902
-0.32774488014721	0.640753561182837
-0.126097369660867	0.201966196004089
-0.129942228520205	0.198742075440324
-0.0145078903602525	0.0199247044023189
-0.183163539186567	0.312859572528854
0.0588463452978473	0.0876427685164972
0.10595623598663	0.161637661908974
-0.0861147879111182	0.134266969197959
-0.195427460298623	0.32622547440199
0.232505467743713	0.411588294079528
-0.197024900627598	0.188586192701576
-0.821539110221937	2.20479378977134
-0.089672815103233	0.117470962848535
-0.0458502335665601	0.0596783706459639
-0.208536553295464	0.393273271688351
-0.140057653090282	0.22610922988321
-0.187488182574651	0.28711509168318
-0.302079563093598	0.514601608547265
-0.416170648939052	0.723193030271805
-0.209993917836728	0.316948391105234
-0.0989365471642893	0.0999130613585567
0.0701385638458551	0.0758594901724972
-0.283934367139506	0.535283653469144
0.0931621319305301	0.134501849120804
-0.171320930835891	0.25882604801262
-0.15011989815867	0.203474262548295
-0.0734283010269064	0.104339641382945
0.144708079875017	0.22675308380946
0.0994683012374455	0.107204082336826
-0.803832135833024	1.94989511394512
0.0438716304977499	0.0574302632809746
0.0128718790146279	0.0166935433609712
-0.138723185626542	0.205918774767176
-0.102910785051221	0.15251156508201
-0.562547888429324	1.32540803062407
-0.185630977427095	0.292693352196581
0.356301149971924	0.692443202537608
0.289908097341711	0.507694416868832
-0.00852165319661597	0.0111167636270707
-0.425768582499504	0.862002659763102
-0.0961066053671436	0.145341430076312
0.316238851560352	0.600575885493315
-0.19498362899326	0.32434580229956
0.168447345319716	0.270872935355665
-0.0254174833627374	0.033397387723454
0.117567502126495	0.153564836372862
-0.417332187195572	0.770367790190033
-0.141814452714862	0.211528860798563
-0.0750662627175877	0.101795320614192
-0.0305073778732297	0.0427840783948459
-0.309764496187854	0.513822834372474
-0.389723568598251	0.659090541792317
-0.501412498339701	1.05723048705834
0.0914641560000634	0.121844510014702
-0.0735099519767523	0.121515729043729
-0.0869868686928905	0.139647879353292
-0.540352414868651	1.05269701678434
0.358715622064976	0.746014513026885
-0.165041764777277	0.183702703000846
-0.0241493905578292	0.0270297204383405
0.326726222862093	0.499463018476795
0.402190332573026	0.713527482561298
-0.467639904639254	1.23180978252889
-0.280089775887475	0.564230139083097
-0.294922959169666	0.394260340209668
0.205770624413274	0.281560837451565
-0.242357008052931	0.300987831279521
-0.00856988699292678	0.0092632567952651
-0.0870212974381782	0.104096701085674
0.250775910100405	0.356984402627836
-0.251654753562906	0.355550831132847
-0.0164841761573169	0.0169273683614293
-0.456674871193002	0.842611796667878
0.0235720332085115	0.0240277589648604
0.0451345383710784	0.0494186046841308
0.655076617908948	1.34979031975193
-0.0467472279756679	0.0595598839876141
0.115679989542666	0.139754881780575
0.375628354022141	0.562398513160326
-0.166190310609432	0.241601468934879
-0.184910932949774	0.208878657426939
-0.526059080293084	1.34905174095682
-0.0702830860388685	0.101977571620867
0.0611036674579672	0.0700215858422473
-0.157889872093674	0.192977379127116
0.116481982830229	0.146240850282091
-0.203673665552045	0.290775635635818
-0.314847219766368	0.529362365377628
-0.277730615730638	0.527455897954107
-0.119657989011351	0.178530714297646
-0.0670253372238144	0.0889892526912534
-0.12142217384886	0.190111561032619
-0.109185934267691	0.166565652578294
0.0992232948275929	0.159812553468587
-0.151682187744292	0.261784091586022
-0.102007350777434	0.144329560571848
0.169695978207746	0.299362097637849
-0.0472753694094276	0.0542974922593496
-0.00746653832654387	0.00877537173977786
-0.044072093526629	0.0551581476433151
-0.229509486054563	0.401998699901896
-0.319754351135437	0.682273039479647
-0.0495350403144333	0.0734961759582433
0.127421762333723	0.165218575496009
-0.102791449382005	0.141300558303977
-0.0789620007111451	0.106794964020178
0.133882218684612	0.197111186123465
-0.168882842504201	0.254798079379796
0.103601387223144	0.138893694131319
0.323170388877693	0.550706751505063
0.0193404325168034	0.0235158898609323
-0.0944188216057735	0.131716677297985
0.430408769362584	0.780253790401847
0.249129563997139	0.4104268548904
0.1229896523147	0.163289390400099
-0.149486177050372	0.215859973097032
-0.0665701378335862	0.089129581950616
0.0400399147558217	0.0533517375953034
-0.0557842316654529	0.070182975110093
-0.183538705457012	0.277673614829449
-0.0268108058543939	0.0370625105054761
-0.134466543874644	0.230642791231378
0.288894440329072	0.451370889392828
0.501978674028243	0.987325505780324
-0.116467433677334	0.169625694382272
-0.307217008765464	0.551694555036888
-0.304339101874451	0.547787482464225
-0.470793333049332	1.11088460911903
-0.14558084036568	0.225724551280264
0.0450031805671007	0.055249206386714
-0.0314215549740785	0.0393987277195354
0.106749036055469	0.14286669776373
0.168515715629421	0.238359989168049
-0.00469557062958059	0.00596070332309946
-0.133937324250966	0.181461609739491
-0.845656529022582	1.76466326756587
0.250796292062278	0.387035598595718
0.104750214755733	0.160985038780576
-0.0865508368158714	0.121825916588103
-0.207840278718118	0.313267148148236
-0.00715229559324395	0.0085422185542565
-0.0449968872197333	0.059613245474743
0.0297244250504303	0.0390158059539301
-0.194604804911653	0.275436148194428
0.00345786085379385	0.00420181080014519
-0.0169809199582564	0.0206364796339788
0.0191575091717394	0.0250176866448492
0.266295899927839	0.439766064941231
0.218592978767755	0.379459716555462
0.378484154265997	0.70793338479253
0.0680820080807366	0.0914628847163702
0.439647108742999	0.861634330344987
0.432415931812327	0.873125363236192
0.269933921176186	0.47818190181918
0.174323837029499	0.256321427173097
0.208122820695418	0.345461789485537
0.160680789959393	0.253056280273775
-0.0644808131609298	0.0836580194607017
0.367870127982202	0.713080223300803
-0.240403857754587	0.431423472493301
-0.116977916946642	0.184016458623612
-0.454704154613528	0.900210835417397
0.0223911829319129	0.0279674275684882
0.111354023744438	0.0646707244673418
-0.183580207892449	0.150156384112341
-0.0750900523548268	0.0967171800123701
0.106143355664533	0.142812457798536
0.608437589166624	1.34968053249596
-0.0236150780157466	0.0297883668649728
-0.0577948568743089	0.0766106351762793
-0.0222804698766205	0.025406498921638
0.12096660512967	0.152664477526018
-0.0977261070251418	0.134968620369217
0.0812078569286186	0.0974594260436451
-0.261115457742109	0.500006876587481
-0.0328812643891433	0.0443416561770421
-0.365697721274956	0.517221443464089
0.0402757549364931	0.0537970764757526
-0.0425760762362305	0.0603812982712345
-0.30392347552886	0.41834895518079
-0.782939468595941	1.45318751288021
0.282214736971463	0.545723337201292
-0.406470225841569	0.951031275388982
0.161401800126165	0.252843357847499
0.267575113166202	0.503850552599254
-0.130948761861327	0.211668611561949
0.174054535489311	0.288031552327678
0.0345303147388891	0.0423382610924357
0.0769478639434077	0.107681431443697
0.218999044459638	0.369260855880607
0.349529594422937	0.768257753944562
0.160230152019205	0.250174629544988
-0.216357943651377	0.389075698261651
0.0397052320478067	0.0515035402892335
0.28260532810613	0.517953040506173
-0.133743565405713	0.200959999390312
0.386114710271565	0.870522800330393
-0.307158691644278	0.647775874976039
-0.26518832414356	0.524116951530291
-0.496953946932206	1.02076998329307
-0.231297021575917	0.415912231111806
-0.195187638752704	0.343035841814106
0.349957503453303	0.77236792264809
0.464947690264804	1.11494166214429
0.0740348642733532	0.111196175395019
-0.330098478211561	0.553636407956997
-0.111516904553091	0.141371306082043
0.162409235469878	0.135616483579488
1.17349627242899	1.09791860389817
0.230045980180158	0.182983806895471
0.0600602322769609	0.0436641531000172
-0.257161289621258	0.196822515013061
0.100461150542424	0.029440662067896
0.0588476767951465	0.0509615170780269
-0.160844897363201	0.219317211912768
-0.112196004073263	0.150489509841404
0.46369082463329	0.937617753255384
-0.0137861880455732	0.0181625036610834
0.252798931104637	0.453439911799356
0.373876431853796	0.702629673536199
0.269884699860263	0.364592764406988
-0.343902815911713	0.562122371574951
-0.0996448935973998	0.119140106952529
-0.0100706074837941	0.0135958566670227
-0.513608425454483	1.32176903158818
-0.028771341915359	0.0302306374047429
-0.217076789592311	0.38726293486735
0.168572630944065	0.280712787634306
-0.190508906582666	0.250289108906077
-0.435396718169241	0.671876449080706
-0.103372113073225	0.140897453006054
0.17883240737412	0.313107865937036
0.177483121285714	0.287763784892957
-0.374172156637241	0.824896547346688
0.0975346889233632	0.165207951328639
0.200469695649434	0.352537710837475
0.340846485358219	0.561006914538356
0.543866964064134	1.3706378185327
0.116275807348132	0.194840726202417
0.274378857960646	0.539475525408817
-0.324006267232141	0.635152330177184
0.949603396236158	3.57934658910301
0.346547012408092	0.764844530750787
0.248671199722208	0.466454232940886
0.242359877644864	0.404932926907625
-0.159977211150228	0.275118071300186
0.389106866502051	0.939413302243859
0.635533396335307	1.60025646757122
0.135091917851979	0.210540223008932
0.364779802206683	0.760350359902946
-0.389495171254852	0.814212567883547
0.0280532900598833	0.038306947034505
0.1994498234501	0.33969824171463
-0.172694776153652	0.296193644192482
0.059920120649255	0.0818417349053276
-0.196081578538274	0.287006220207007
0.700250224106203	0.823209800346768
0.698519878660316	0.661168857907251
0.0987677762984773	0.0510571810439622
0.322664711002228	0.294140989219987
1.11155972508074	1.97332541261252
-0.270193452888857	0.204193777655682
0.0949134812469454	0.0405655001612971
0.0895878844941303	0.0343501620173928
0.395773283240492	0.256195177292278
0.787337341240831	1.25363248795751
-0.300506567232093	0.496646418854074
-0.519033545846823	1.10078705058744
-0.00821539304417937	0.0103050057482603
-0.0199528008793262	0.0257110009942559
0.0682652557268328	0.10849542608877
-0.275943158347202	0.444865446028182
0.186635492979339	0.255727825788525
-0.114343009286972	0.164683252709187
-0.0260051818720007	0.0326690893603438
-0.0879535538174384	0.138511194605374
-0.27396809935932	0.480350395353618
-0.287393748593078	0.414622534615905
0.112448846762983	0.170282466193978
-0.426677446624925	0.971144114539018
0.219270613386451	0.311932927766778
0.262978744960224	0.376343103986918
-0.0039420515391378	0.00562741344004173
0.446340787203817	1.14183411540015
0.00279847330047948	0.00369750906435162
0.61096200549354	1.62058365817275
-0.414241466592278	1.07067820323557
0.173275349609296	0.2860397083222
-0.0390821391642693	0.039467800343575
-0.0741953857841465	0.106204588650062
-0.0714082959008803	0.110526699166071
0.112303770437737	0.184071540035913
0.310393621022772	0.577551892816201
0.281967270407207	0.555631030157923
0.671535980543289	2.07475410258267
0.103124547907491	0.157239977828641
0.573338299613825	1.52906929376572
0.285191010503983	0.585106583649496
0.491610984857609	1.27903128103615
0.0882281536405384	0.135580256041461
0.0391926511882649	0.0541372697020581
-0.256167955561444	0.429720939306465
0.0733576117749913	0.108064367796286
-0.121120229134207	0.193745401843469
-0.155901196578884	0.281063905967583
0.0571490667982194	0.0812573020393842
0.107327879111309	0.155166376477231
0.135931419017203	0.183379560399106
0.0399592454119367	0.0323530031922684
-0.211861132966901	0.125144790769451
-0.548925186048374	0.521302763550844
0.514752885314963	0.487113810542621
0.852263674606563	1.30380124452121
0.121101709341323	0.0759291445493388
0.0907172274947351	0.0378577062007516
-0.210788490860017	0.0778065002044197
-0.666285453078639	0.337903864670457
0.54900933224675	0.676557608175525
-0.0240614507835798	0.0267493979080962
-0.0590731900892875	0.0786817660513862
0.215226885702723	0.356878406438255
0.233407381505646	0.397320233201932
0.0553865962392357	0.0778479134298718
-0.0447573703892866	0.055953377014248
0.260980740628973	0.40829527831927
-0.155561200076715	0.217716505343601
0.0394664979184535	0.0624107607492706
-0.2969270324621	0.555781123428952
-0.0343676805850563	0.0339903631285761
0.0159167639898011	0.0220683926123599
0.159526666855115	0.274866176536837
0.110324213249918	0.128549506683676
0.630805149771931	1.42331478643642
-0.209438015512574	0.390070791873476
0.326115117578112	0.677900426540847
-0.226178152134478	0.386842305746207
0.203263429697453	0.356343354298136
0.277376408956443	0.578195660433644
-0.898191272343997	2.74274156051795
-0.11978298194362	0.149542575151357
0.786281227101573	2.59354297508914
0.207637479397113	0.425185975517324
0.0507458123195253	0.078670304857505
0.548714733888393	1.53712056387044
0.157217720360028	0.272462010528002
0.65770480955014	1.70019897201063
0.351671603023719	0.691705308219579
0.579605022906285	1.56787136881904
0.255989147078307	0.475540267050495
0.0269210672407521	0.0397326248053992
0.161548186746724	0.246482563617348
0.381544179286127	0.945561500412248
0.361800901396597	0.810391164826057
0.272292281078859	0.556531687719453
0.305531425222902	0.651821653638642
-0.096976936576788	0.167574310440469
-0.03303392341909	0.0505696039021067
-0.0161234891735098	0.0207927123593944
-0.179258231116662	0.254486997804462
0.316035188559086	0.307215069404816
0.966920837593093	0.900271421839202
0.237052605171571	0.176994052770496
-0.198879185230456	0.15854830094824
0.235067212026873	0.237422275365426
-0.284510937345715	0.191473833751492
-1.28010314655989	0.92825343404436
0.547309798354921	0.284674180526666
0.0903366753737645	0.0447858163975702
0.340975570648267	0.399833974816128
0.103648297260875	0.142626120581252
0.04565918768287	0.0609223799793381
0.291488718618416	0.555374046190558
0.124864933423737	0.196748606874524
-0.15101522832494	0.236167148364576
-0.148106145602965	0.217243996197918
0.4903550753002	0.995190958042789
-0.786390252031156	1.79584147148053
0.0451338593240328	0.0619377813966836
0.0299331283098623	0.0333250869264129
-0.2983829491218	0.613386949444031
0.0666594129029096	0.0973309324405025
-0.0493745522044202	0.0481691155205995
0.198496348992986	0.350877334936476
-0.0158686276546331	0.0218026437145109
1.04153803369049	1.95387124727526
0.0305498196776185	0.033313523053394
-0.128986652710751	0.223762287747726
0.117088963818558	0.210296893021976
-0.0117785892871023	0.0154990954131504
0.608916619198958	1.73274830109228
0.0243798962883802	0.0341069856579257
0.0389261970105626	0.0538389300132729
0.0984642151881774	0.109372110667381
0.226644497991014	0.362283314108564
0.0702624561930076	0.109194165241396
0.627245243465467	1.95833421695868
0.395625978588142	0.899664727571866
0.0709487134179918	0.103276537946143
-0.0203789890351769	0.0281993675258848
0.426183119634916	0.986342691930735
-0.136550100445982	0.210955630431547
0.236372701872262	0.471278288498029
-0.108045395129695	0.172240126333919
0.0661871867960971	0.0986344790348302
-0.263699898757455	0.497812681854261
-0.273705416627614	0.536219656193798
0.0645990650227959	0.0933844066560532
-0.0234459152047538	0.0348521905140635
0.160645777242915	0.265968121047517
-0.0811976454271481	0.11366213168546
-0.0966617890401979	0.142337188984392
0.219253068519115	0.321001457984986
0.896025347424558	1.42490222041223
-0.341012347289819	0.223653428470729
-1.09932114273644	0.872329737729659
-0.83797789773457	0.374751193994668
-0.310037752377609	0.145198386210576
-0.261586590105156	0.256634595391718
-0.100825708319227	0.125062001762068
0.251234004784549	0.412935266870205
-0.327389075097021	0.589707173367984
-0.114994024224492	0.181352570246696
0.260548374581885	0.518102981915202
-0.183633697488545	0.254583532715517
0.189732978644811	0.260482132870114
0.366677660618757	0.542005401453507
0.309494552395364	0.559183772042666
0.162608327245905	0.222924764805908
0.040422296477836	0.0642028034800749
-0.181447780943534	0.304809641728986
0.265124201911716	0.347141028901948
-0.362913697304532	0.749407455313852
-0.655051452771213	2.02186132740182
-0.0752644486004775	0.0902188496909467
0.39776667459641	0.64435837370529
-0.0680288121763101	0.111234774501237
0.37030518230375	0.862558491713189
-0.16239914516252	0.286123100323373
0.0116333003033744	0.0162275977895895
-0.0324540323506882	0.0488618481020556
0.00577698215222788	0.00772928785015011
0.134310564617114	0.136495196115842
0.00584735373351932	0.00725017703894321
-0.077210113415806	0.127750162741202
-0.0839096031756464	0.129873640989505
0.279057502846858	0.54788098666993
0.04469673712636	0.068217472964703
0.327644885884481	0.635369401579636
0.273281778805377	0.59345634244672
0.618660238340119	1.39859051644475
-0.0247925630897507	0.0332588098408488
0.188732216875143	0.357223156603269
-0.0781281170548409	0.130775131833998
-0.0228454562782958	0.0315799813103504
-0.117216994197566	0.185243584025255
0.514446679232645	1.34759380865118
-0.110388365304812	0.179872380409369
0.219289786830243	0.436359178514441
0.0825116714144495	0.118026775083518
-0.162102768824413	0.280031744117038
0.0707743361730963	0.085866289823691
0.168780450756106	0.133767704996718
0.0891598974224175	0.0378339527547878
0.28991538111519	0.298549694667836
0.0968831713641351	0.122786804892797
-0.266735224036259	0.462669723636865
-0.00677495713513442	0.00842906207523499
0.398626723032455	0.81616426599285
0.381700538228674	0.849078513986558
0.0532894535130451	0.0687916271456975
-0.113414236368591	0.156955580303655
0.159302313512719	0.210453915082196
0.237903010196561	0.535733799634658
0.21916384276614	0.39345090048577
0.473855411373621	0.934098457265405
-0.595716598383701	1.86557328454129
0.0976615480592118	0.155495184168371
-0.306706974834435	0.422646697752574
0.172608821158795	0.331776953187566
-0.335929730227743	0.790052427619239
0.15892163117817	0.205072832982991
-0.471233169817014	0.978044022953858
0.331775200704853	0.779869446100807
-0.00849537587089974	0.0129211097077921
-0.0992712779161265	0.159817311438659
-0.116929090461842	0.209253363848806
0.14299393613999	0.275117671945384
0.229835860424623	0.476713547384082
-0.296854054600024	0.412256222743291
0.297199232921581	0.618478857189495
0.0558308721890461	0.0956345612288119
-0.190837119417358	0.362264326440696
0.274445642868156	0.599195312884799
0.449302319868703	1.19369904260831
-0.124835633427625	0.211498733938305
0.0456649877040473	0.071953299901327
0.267283538822621	0.537516574092198
0.32654134983676	0.729004526178633
0.199520498861152	0.405362016908828
0.403548423092275	1.02640162781386
0.283576498698645	0.654392911421815
0.187867553713871	0.343840097931347
-0.0226235353260771	0.0344638214701718
-0.0174615686212117	0.0244380561801008
-0.0429687644138052	0.0688218765273049
0.0508662298097229	0.079991298904135
0.24015204029124	0.468998476711991
-0.367622235821561	0.650036212781709
-0.565147280053269	0.574050099009544
-0.762227939766634	0.690773091906378
0.24804614149751	0.150623274427768
-1.03850159804028	0.521644873197038
-0.296976677711165	0.153446671181837
0.247910087777986	0.381491029515876
0.0402396706739938	0.0548072205362582
-0.0969208618311107	0.145326411215881
0.254852073917268	0.474012496812641
0.259521183785947	0.535158886481925
0.209281635975231	0.34039178747666
-0.320477298521147	0.522020784945345
-0.326644871951209	0.544117577447424
0.122074298011804	0.186365239326977
-0.509084873013394	0.980426204360339
-0.0912464961252775	0.151353519807478
0.127995896484597	0.21064604141969
-0.633177624550687	1.08239647357898
0.303157591459168	0.617265590196272
-0.208617237503361	0.389017217972555
0.219738746321022	0.287240927721916
0.442682367085233	0.846389490408446
-0.298490648159051	0.650207562634531
0.0143368220071696	0.0211369569101326
-0.228127479497603	0.472070463920113
0.0464358649255843	0.0692406969572827
-0.106421242670373	0.188268782567734
0.0343777867385275	0.0478622646302163
0.306552358948009	0.385262361055204
0.613597891968	1.58106934590208
0.289315358142939	0.655205867008743
0.112827070858982	0.192994797970817
-0.10186764409715	0.169689179992303
-0.118830535245629	0.189391203250778
0.40423411505448	1.06942684797264
0.120767571212595	0.210092346402426
0.0849680354114655	0.130602870736025
0.215996252091021	0.367678781828842
0.436114687151929	1.07487857576249
0.174099976468963	0.328545344389522
0.152615608320395	0.280000962440037
-0.145111772905775	0.258889960986521
0.0781855457117852	0.124088320412513
-0.369390671239848	0.82743902635869
0.0213127522111792	0.0315462324402956
-0.075810281170176	0.125586912024473
0.069529436991727	0.102467833462783
-0.49100472928833	1.02174216965926
0.433202365600921	0.389627616293013
-0.152483501992866	0.0608409755253274
0.455532591989118	0.36754237970794
-0.100960309569498	0.125650686101804
-0.0439038762356715	0.0560652538369599
0.153965323376789	0.256932233530505
-0.322718295073455	0.616225409601598
-0.426571651295227	0.932326510928746
-0.0495144562061786	0.0669052926226525
-0.115172837411555	0.148548371633307
0.26079692415533	0.394709838677199
0.0799212917210879	0.113712646494727
0.178730074636767	0.367495640972874
-0.196797240984368	0.400621688094358
-0.407047831476879	0.602737125891038
-0.163624950831626	0.304742982663076
-0.406161282013041	1.0340476389723
0.415441962169069	0.733765466479145
0.167875823728415	0.271894387747056
0.164701234749095	0.344099769291616
0.0881333624625069	0.150794857011095
0.0570521058461767	0.0940118596591194
0.281593328894981	0.620810680225349
-0.271789812813713	0.6307343271005
0.246646479309718	0.553824495542549
-0.191294797589108	0.253876533782907
0.0415666223425816	0.0653652530530952
-0.30098484682603	0.737545248117043
-0.0246646607452219	0.0393186715961595
0.0501467280670843	0.0762888556575268
0.0618988076260922	0.0934857374778872
0.0662890403526921	0.103688198208413
-0.0337259720803247	0.0499957945018933
0.225087458427059	0.414687996921171
0.0576384874528775	0.0897148984268431
0.0734411562271921	0.123311869782508
0.128922176548796	0.237019265732191
0.256189516633904	0.576429838393333
0.409763790669118	1.07371981979887
-0.148280528137863	0.277654064305484
-0.0856710493203148	0.151270826009313
0.0454605343366334	0.0758882140362249
-0.17771529845905	0.351342455103635
0.0917736281489027	0.148878915625992
0.303106839707125	0.604607371125739
0.334862733627155	0.33835063236533
0.252049048684856	0.469743964479793
0.145694775147786	0.234017434226775
-0.361501641132927	0.756890732094599
-0.339019804120147	0.772866456501326
0.0785963934458317	0.131426188381452
-0.246033933826215	0.472206211561431
0.169658293906446	0.238716210328883
0.0776151425127284	0.098141677402958
0.34522962852666	0.565753173561291
-0.257415383746615	0.479917435708082
-0.247830684252357	0.785475644983716
-0.397160769598388	1.02843295202417
0.0917239185506235	0.142943347373526
-0.136089048141238	0.317203379658961
0.223425688357517	0.685185825610839
-0.00913959664735211	0.0102853110008963
-0.13106340695947	0.226261950372517
0.147502004179138	0.169134381598746
-0.0529210605610037	0.0527425932341665
-0.417628601002937	0.690478608791169
-0.415066335123038	0.846389632200692
-0.389255143804509	1.40313015137563
-0.0389151663992856	0.0632727870311244
0.32156100921136	0.501451277323189
0.494284822409245	1.02168066413224
-0.611759945207795	1.02586864011966
0.416634569444599	0.640934447627192
-0.23878550982765	0.35687389150965
0.0825977898632872	0.0932637097550929
-0.450198139279877	0.695417775500854
-0.191718716693139	0.256586721036551
0.0656625996104981	0.0781357715933095
0.402949472883866	0.643959186502982
0.0455307877032861	0.0542263294817767
0.374927933543895	0.620617234023618
0.734724477538686	1.49556191191846
-0.367253764279037	0.6067480386015
0.0809167922901067	0.0923302118340021
0.104853465205831	0.118933318724775
-0.202135781436147	0.255554733292483
-0.16781958853631	0.329413667387775
0.116353091782837	0.259940216205931
-0.129766905485233	0.236605702110205
-0.156521500830446	0.188770174589869
0.287007015057357	0.391731789488665
0.145371953283725	0.171377697372316
0.0603723405892235	0.0744119224791891
0.00784323634655466	0.00936747506115687
-0.266058939489181	0.645330438722374
0.0774714601289924	0.115864680552535
-0.0315616526970323	0.0511002873320045
-0.0539935374023326	0.0979665731396044
0.157099395093802	0.299126686659946
-0.358131793404589	0.983026599554108
0.0144305836774863	0.0272348177500841
0.0725178741932725	0.169067734270849
-0.27279978798425	0.539456188462902
0.184721860387436	0.388318529229282
0.502625092834294	1.11433311096432
0.0797561156817041	0.108793648201812
0.310840098219592	0.650212256471488
-0.190547702912493	0.320439977711491
0.327140422107361	1.11829095174851
0.317485466502403	0.859202269050758
0.128585885817432	0.202459539495416
0.276035665688704	0.576058322115502
0.678075987340892	1.83388160882772
0.156371802076947	0.244887375319852
0.224145545329023	0.355790294980574
0.0183564111770423	0.0239445210039995
-0.122873541745733	0.175233777568284
0.0762837224553266	0.10261218472219
-0.0507415489314995	0.0665525811786865
0.163420120220217	0.2718823750073
0.255340633206294	0.463138708347796
0.0337772189793393	0.0460199888661449
0.0722356319139998	0.0933337219390009
0.120029017255868	0.183169729682837
-0.00323794524161025	0.00439110963440146
-0.25815364757092	0.475764412002454
0.28717854449781	0.498403593356764
-0.015408025734962	0.0234204595001528
0.11764689305149	0.216229443588986
-0.00257349218428233	0.00312981149804865
0.0000954735038046399	0.0000420533573549788
0.304074609443623	0.59163455707162
-0.0334607648434315	0.0463314876839564
0.384895451215119	0.892011598656517
-0.0858480725902744	0.143201095111946
-0.419906884114812	0.993147074132802
0.0648540154681773	0.118134550759796
-0.293613118859444	0.474866027519419
0.0172062666014245	0.0271087787328648
0.148072097441504	0.295618696823451
-0.0192973877573582	0.0207986125423689
0.0130984170025973	0.016678525479731
0.210878302619062	0.500465152561173
-0.0102505335314891	0.0161176362820582
0.21541360465884	0.457527451888601
0.594067125819559	1.76305731781429
-0.0500013489353724	0.0851065663836299
0.199373665349946	0.420748229245821
-0.239496009635819	0.312488561486513
-0.106800966912621	0.17790212292376
0.135853820486426	0.258690647672002
0.309285869977051	0.767575426252782
0.367312660849327	0.861822693571348
0.0738031362948222	0.117655446197838
0.185078813179683	0.367972559705661
0.0062120757338328	0.00937212007411975
0.17908290584278	0.336718258611864
0.67933798931625	2.40555408594509
0.354689851460707	0.820859643247951
-0.178089372014434	0.343713685784797
-0.0581048074017786	0.0956129259815374
0.0984912650642127	0.167389350280628
-0.147240261722017	0.265541535527012
0.24805487417603	0.566976391211709
-0.00781482118826205	0.0117849355865114
-0.512740345047365	1.50972255320315
0.00100894769109376	0.00137996249881636
-0.0212989805802285	0.0270669199795794
0.31805345669714	0.308048069801203
-0.0646966668646872	0.0560624109014007
-0.150321494755842	0.247550775994064
0.106523849063449	0.158772184295006
0.821585818805435	2.28117315958979
0.214432996319355	0.416033117158566
0.45281093672377	1.18251937416533
-0.29316137245729	0.525411750738536
-0.24220808561699	0.406339448562013
0.0449853926922611	0.0575029150593713
-0.442479103114048	0.773375041817082
0.100317911088693	0.1878580103875
-0.067676727228455	0.123855881891514
-0.435897990512432	0.732913662688347
0.369923221085054	0.788888568209736
-0.470021901493818	1.51301585778236
-0.0478493092500288	0.0851832377162613
0.364389445955316	0.839500720397218
-0.0899902775529499	0.165748014071882
0.0341166951247496	0.0576338614138715
-0.0114285706704804	0.0167642555835094
-0.098651818351039	0.115744703715281
0.174581419249104	0.326935994985338
0.124715487030235	0.257662365704489
0.501824222838737	1.60975368313277
0.174292793157428	0.357537128195053
-0.0200264159123057	0.0292389968138108
0.223270392808718	0.443367236797083
0.353019548639055	0.836183773649139
-0.143226385544742	0.254104366926609
0.448547063747171	1.18864780752943
0.18496014060298	0.366683375810113
0.225908618916611	0.452036830828754
0.0563303246578602	0.0987852767286935
-0.186812399892027	0.378066728778804
-0.204038288802029	0.410197501022408
-0.0487435990906022	0.0823767442861466
-0.0987473891763887	0.174633807529638
-0.0652935549223315	0.105867517227159
-0.168991468502409	0.300336250806567
-0.346154854934383	0.639799463517062
-0.133093709742205	0.17129989761964
0.053691801849199	0.079122113984588
0.0831286945768213	0.126639270849402
-0.0762589787521893	0.116209598002889
0.00858811202534773	0.0122902728259716
-0.14792442928131	0.235092497574252
0.522718565945346	1.02414449187728
0.416783144782094	0.822184295118121
-0.0712356814082369	0.0853461660960795
-0.430225529581712	1.20801051714234
-0.346887299657608	0.986921619373111
0.0680656634560035	0.0737372736572829
-0.0688534045059428	0.0935607305903693
-0.123190663610899	0.256793646025802
-0.0685940188380701	0.118456679537842
0.120759791824703	0.238031109898124
0.400344416900344	1.19764063657527
-0.0094747443104796	0.0140441104376813
0.190566075448496	0.244626018269363
0.263677195143619	0.522167776665684
0.248496528552902	0.586669052130926
0.340805405949144	0.913498148287039
0.470278434066869	1.2434751424764
-0.148678585571928	0.271923055939079
-0.0404249558163458	0.0633042220651795
0.247317335884692	0.451618205825504
-0.0265673449855173	0.0379546265345749
0.0484479822474235	0.0776611059783647
-0.13228668777331	0.244081981594162
0.212033801726791	0.467020153609958
-0.307149345752856	0.720729767297158
0.248614273693971	0.588497179016938
0.466776750324843	1.38293664319206
-0.260226213883735	0.583527702032918
0.028308051598007	0.04590522481831
-0.530599938667884	1.5486401194092
-0.522639966451356	1.44930538094729
-0.0752492420060671	0.0979571741365413
-0.399411810508996	0.441041115609432
-0.116404075113158	0.0530048546379116
0.115872963832688	0.105715672503013
0.0204614874585161	0.0272338458210714
-0.0815486167856612	0.119992561295018
0.0418991314152725	0.0619845585182435
0.374918910729996	0.79976623994226
0.0881727154482287	0.134203954043728
-0.506484080925707	1.08930716658241
-0.21304651772536	0.289422524764334
0.266315175517805	0.439000555960902
-0.13684625672312	0.172080087401745
0.0768420097896787	0.128930763079977
0.0755711252096459	0.136988039189801
0.312272471497434	0.557598060895028
0.00836648972624481	0.0111754652063287
0.0740560758683789	0.119080692582431
-0.0854999095113799	0.151802109818109
-0.192615797357952	0.396293905654193
0.312656325367855	0.768979412274217
0.0203650502737568	0.0221755869482549
-0.00881076486499376	0.0124392024752432
0.122156644270031	0.224598467270418
0.215022350272922	0.476047279102345
0.37225510907741	0.877657743512576
0.0607461623552963	0.0981762133536695
0.265768585372436	0.57477416797474
0.298361514028561	0.681079643699126
-0.00852662700491126	0.0124873667940556
0.412868531526088	1.0568055388092
0.0783028721867595	0.135206843179481
-0.0737630758284027	0.118498559907719
-0.150394009750989	0.286322039663944
0.0267703167261416	0.0420093039696567
0.392227638551925	1.03796257724387
0.307191830455421	0.723191768031834
-0.158197248195079	0.314494763402172
-0.109619787617931	0.185386005171018
-0.185004478492191	0.381051905440046
-0.273806264048776	0.532001140464959
-0.232522579467748	0.186268482842538
-0.33610504529036	0.211525260846927
0.4100345580722	0.474999807970723
-0.087107267866946	0.113018516644628
0.294116673126115	0.563026796013639
0.00362991728584263	0.00474216208231001
0.441889350960522	1.12235528708814
0.0268619634292125	0.0406977972323042
0.148354250334793	0.233299257503699
-0.128421195901493	0.17589473589745
-0.295189780068444	0.477474509159644
0.0079831276397333	0.0116730319307589
0.0509625904415789	0.0835155841810366
0.348471794716607	1.07233676343151
0.0409778276721056	0.0729453788968207
0.0518715026517975	0.0755524967979187
0.0663302092648601	0.101862694062745
0.61224329618849	2.24970253928141
0.00375176302686067	0.00550140400545813
0.185607152065305	0.259941205906334
-0.0118259552986736	0.0150008060641103
0.0157924727129319	0.0184756068094059
0.321273327812679	0.577673682482549
0.155385403927583	0.216029306642945
-0.164917859335327	0.239666483566263
0.357302071383812	0.690191178009607
0.307737414195947	0.558842564371953
0.107810534602919	0.161279497605354
0.0974750747674405	0.142026173356671
-0.00951631584065639	0.011990865679322
0.0686676581057682	0.0966088770493066
0.0830614314518087	0.11201346082489
0.666814960937749	1.86267465931096
-0.070975675032318	0.0986785890079313
-0.0528645463035597	0.0688351113019122
-0.158414170056673	0.242519869296766
0.127145718663075	0.215854997171623
-0.144241880376421	0.293031629760511
-0.0154744215946027	0.0199210441548295
-0.0317230888627722	0.038482426740476
-0.341964291218065	0.555028223005533
-0.567153649021707	1.10916450318493
0.303320713191603	0.606161253258499
-0.354815407982551	0.681495170209116
-0.0298898134644749	0.0402635743666277
0.440181504017759	0.984542137107314
-0.0821355357437679	0.143237796209116
-0.163702530844271	0.318229211005089
0.066258492757972	0.117688918363576
-0.0761095153984097	0.113082747346368
-0.166988552338294	0.311529639267779
0.119484812564907	0.199708431276909
-0.102574810567234	0.164518794344295
-0.062750921078574	0.0954334538340066
-0.434736004092977	0.982474015582061
0.30246267362855	0.608539298098127
0.388350742609251	0.755670986762199
-0.107327773706243	0.151784488686859
0.482925786219883	1.14893713767295
-0.237010681758671	0.410680613693423
0.486168514952544	1.28295574201382
0.165878750769271	0.282452820371184
-0.1296782875752	0.207547217941644
0.419854949962531	0.984309245135037
-0.216631132166915	0.372091846442098
-0.481609969360818	1.13405860779382
0.0945275701432815	0.137098547824215
0.12231850198222	0.176817356452427
0.103361967576887	0.161281007239428
0.138930682382039	0.238685832673038
-0.02019898142495	0.0251835483380188
-0.462637515293658	0.847875154371124
0.0694830652535337	0.104881352050976
-0.539328417195993	1.01765266672794
-0.130639512915571	0.185089300143976
-0.154899818445055	0.231914049208229
-0.189766595866416	0.290885408983842
0.0770613718206189	0.101838548509257
-0.0875319171311963	0.128669258869711
-0.117344494543431	0.163430136100786
-0.092740995949061	0.182911239957045
0.0826992380361888	0.121653404988675
0.162156976180905	0.285290315872016
-0.0285150606459592	0.0414068073286826
0.144189699205342	0.237001264995532
-0.0603507935623835	0.0833660458530267
0.440059352071665	0.973283991539156
0.723475904862853	1.98845667912489
0.134253913581492	0.209467390385899
0.0243342996491418	0.0347153443120592
-0.00835096208201097	0.0111240076877195
0.33835766955627	0.747163590428649
0.459569293364534	1.02466508603951
0.254021188047432	0.454694482898136
-0.0509000750985681	0.0702257072835242
0.414228351389955	0.957547569409698
-0.155273796130973	0.251591067052574
-0.0591359595145111	0.0849825541480787
0.0154597014134572	0.0228175549031724
0.0673097673804765	0.0992511510604847
-0.237414413921933	0.442372778305034
0.0107332760416121	0.0156047802658709
-0.343398883127753	0.626709500018406
-0.363928397180194	0.628232241069411
0.316890909613089	0.568037802680533
0.303971213723684	0.60251575991728
-0.140253067587529	0.205692414418419
-0.18954061283294	0.335705018606858
0.123639509582491	0.188618126461658
-0.024269322884111	0.0511131733285173
0.257252526913305	0.777489034709259
-0.403286171217947	0.655131400603222
-0.382641331691279	0.53067927604847
-0.138602583553262	0.149173449688017
0.801709710884667	1.50227816427948
0.792576281217134	1.24867221395104
0.086601528714745	0.0912097647819029
0.298961029188513	0.33595891989019
-0.154922739065445	0.185963167860491
-0.0667832262889355	0.0704796494941526
0.0494396994955114	0.0492191608707422
0.45789684210271	0.673786216553767
0.406166669034419	0.619018000090813
-0.0497314401278575	0.0487054473621695
0.0638699852890247	0.0599127780053346
-0.584655819444213	2.32517060532842
-0.124145106324496	0.211508449113243
-0.488249556790459	0.687901229097948
0.0745778248778021	0.0698940912833622
0.00252151154010165	0.00244768621886037
0.140198114555275	0.157386179700277
0.171136382194136	0.204462045624636
-0.0361089132098062	0.0554231663138814
0.268199237039428	0.508388463735113
-0.587926087844641	1.6723542462045
-0.150014786643186	0.222092122540675
0.0873532620083235	0.214172035727888
0.0278396595992055	0.0518245198370318
-0.114265942927592	0.156481672677341
-0.00399638749884205	0.00533926241144938
-0.277201949873415	0.357462251567359
-0.00244557389229163	0.00337953573755668
0.1282787697689	0.129809722347026
-0.00490057848052002	0.00539107180525473
-0.129024052950317	0.143426779460441
-0.428698357524733	0.668876591706485
-0.293113992041183	0.460634566501387
-0.112449039693427	0.119062326314177
0.0115514339814651	0.0127801292166647
0.273791420431355	0.416809552017038
0.556443076640275	0.982391917435467
0.185512117601077	0.240331998614412
0.0372125007253478	0.0392691819763843
0.266129615627418	0.349548552750348
0.130400658462991	0.156810717795177
0.0972341245502452	0.105168004365486
-0.470494329664374	1.67320079368804
-0.389932702194821	0.915095280753766
-0.573599404768648	0.9310957495023
-0.304860633346533	0.390000205871609
-0.437097043561792	0.516641269160039
-0.445380264678415	0.712734437656693
-0.177388022592623	0.198777311926266
-0.513402885744389	1.34027308735651
-0.30799919589389	0.513453078776537
-0.315737390973548	0.528493726343361
0.232101744441862	0.426365221883793
0.0887048156935143	0.0972569350861293
-0.152200953171045	0.189233303729041
-0.0524042363143396	0.083707322191728
0.428869565318964	0.729392741757977
-0.130092115208537	0.175075626003722
-0.244709375954644	0.304251245264154
0.366578623764652	0.542231105383421
0.250052009468118	0.36455948524647
0.0926617847714741	0.106183638695991
-0.121768447477742	0.157567620283306
-0.0811431644276626	0.0896808342898965
-0.627296904517793	1.25087275549849
0.376461406429616	0.626953848108233
0.105958966673447	0.115721407435518
0.161608937868392	0.209851810581644
0.024834856946421	0.0440558500806096
-0.556131660838455	1.48854957707153
-0.600060649195953	1.04717844867096
0.174741048481697	0.198900249191118
-0.508450626263075	0.945302432228267
-0.137706576826333	0.154577521268672
0.193492574841699	0.258136490621193
-0.126029721362745	0.207467134184628
0.132515558129528	0.184607063895071
-0.301951347700411	0.536034511545712
0.0913107012711894	0.146412240869271
0.0966215059992821	0.104434018710003
0.089705867698808	0.106925767803939
-0.159082344342957	0.217359939590676
-0.326720854090015	0.592496661942901
-0.352514769595916	0.812665454735355
-0.357294788310312	0.55311870438719
-0.0885373985579296	0.0973474661148586
0.226796209457582	0.320760530179197
-0.156906270062123	0.21850416718311
0.0543038189867073	0.0635618431290519
0.217866895456531	0.28440524624595
-0.12003159351918	0.157877020964354
0.221583130608293	0.304191608539616
-0.131084741200714	0.161724234172656
-0.198556554514025	0.302363745911609
-0.0149269732901879	0.0261711786957142
-0.0909619020584712	0.2030895468262
-0.1961614745245	0.34798222879157
-0.0250654141151576	0.0277067670627481
-0.520021872185834	0.831062892380558
-0.587111795131624	0.97052963513953
-0.672767699939701	1.36055946272947
-0.149048747550191	0.196705423888557
-0.212201509664488	0.381077040696103
-0.159213881224338	0.24091370762192
-0.211831706147595	0.177385232880109
-0.0404467352170099	0.0307802530201108
-0.0643521961383061	0.0621012190439769
0.0997754386856744	0.0857611283894576
0.110771334054411	0.0989250007279125
0.341038541252647	0.287523936658315
0.329742816290735	0.279007963648461
-0.265003875168218	0.24607598302574
-0.16417306014993	0.159881029019918
0.0485696106905396	0.041720981981259
-0.266556324505047	0.904198148996553
-0.452138302950977	1.84540243048435
0.171242795368014	0.267761693357547
0.138913307860405	0.0986373227431485
0.0286933952742982	0.0184087632540162
-0.94094688380102	1.49002367169952
-0.372101362615252	0.4333034660401
-0.26340145284088	0.244846481987652
-0.203339649683976	0.355381758307755
0.208730503045911	0.317844813439959
-0.110280192671123	0.103331845586707
-0.199326040837909	0.49329760381207
-0.300527942858685	0.914370149044775
-0.278306674555654	0.525778382094408
0.225478496346103	0.230541844997127
0.329073030354468	0.30681371280165
0.591788920425543	0.8383414211285
0.37730026388777	0.481225096081708
0.466353640201528	0.64979242043392
-0.104063780479813	0.16694493437932
-0.12411610157574	0.185694201138212
0.0506783444821073	0.0492324408748674
-0.0735040222795042	0.0783888481230243
-0.0874416229015306	0.0753369051783478
-0.0770966845030709	0.0653199230615982
0.882531259212537	1.44313164972374
-0.174655141083744	0.184185498065979
0.217379726375359	0.219758689593797
-0.0451062505522312	0.0436668190318496
0.103341275157968	0.0886238039413937
-0.0443983686539615	0.0291416408955269
0.0554019946302074	0.0604393684133649
-0.468205392205733	0.978975822356496
-0.526019072900894	1.14553071789891
-0.308955063027137	0.529433745842766
-0.0246101685693606	0.0315544088890503
-0.21427295107772	0.37409433276846
0.0714286043809932	0.0961159463763961
-0.375275802047651	0.670066211100635
0.334145930660038	0.540657248479961
-0.900647103253609	1.01501119675511
-0.1430025357459	0.229642221533108
-0.0559560552027338	0.0806464526695848
0.408255886221014	0.823005310339014
-0.250209929547023	0.468497951105576
-0.118026506785392	0.199191440435624
-0.229290451908146	0.360026621674288
-0.294863076607273	0.488201711488588
-0.139099238927516	0.181304886252101
-0.0723059839735794	0.105618249831012
0.166494858012634	0.215329920727642
0.0719294066808265	0.0908110599008102
-0.363206088164459	0.652946373534935
-0.0203121886288981	0.0245108767166701
0.0518671785362079	0.0691809518057801
-0.0136741936151458	0.0176290923369673
-0.22560927490487	0.368303045530276
-0.27852854738825	0.598820072979799
-0.17745474636059	0.218480858098968
-0.0255228989845382	0.0239191559302128
0.270914744437679	0.325295000677398
0.437785950747637	0.824883911472474
0.0115419773989616	0.0125795522295667
0.1520076889366	0.270530656819015
-0.189255480259016	0.314281361867229
-0.237750881588937	0.571019989298668
-0.155643358165285	0.269067209243899
-0.169650464282689	0.216598372327622
-0.561110501060143	0.940334385021753
0.372799344716183	0.572942927168398
-0.206384958150423	0.307618443302135
-0.614671288605567	1.31573435988319
-0.11589139199802	0.187410344236958
0.052743162309812	0.0711351315999108
-0.504623759438189	0.402786216164648
0.436409354309168	0.60142258290953
-0.153673059033976	0.21144280187091
0.274841748438239	0.498110825693099
-0.154279161935469	0.257713552587435
0.220072153044133	0.406010633598999
0.0331628599781949	0.0519824720411467
-0.0298564949529963	0.0376922638950605
-0.869614290710962	2.28323000665864
0.283029792447011	0.479224832057915
-0.0607742624957304	0.0541595839901587
-0.289004424248421	0.503264537628538
-0.436781978373414	1.01483620216014
0.108709274072698	0.181600225033521
-0.249518199935023	0.529952299351698
-0.549622411620618	1.62535423844566
-0.292224620223052	0.513880656923931
-0.189313730560887	0.27603423940621
-0.400548614551425	0.742128090371126
-0.377419518822406	0.679703856953718
-0.464621787159597	1.09588852949775
-0.367581281116719	0.796305237923995
0.111501657532263	0.192396123373372
-0.0297057875890123	0.0461271617704629
-0.231083139014945	0.419728125882629
-0.441427962209695	0.833650519921939
0.191138278589268	0.281682231729015
0.166039672350667	0.277791352643283
-0.344773430979886	0.637485903102494
0.18054001187614	0.277831461278347
0.332106265425891	0.497228722123343
0.194531080111601	0.234656001873225
-0.0625527298749234	0.105009266850936
-0.222671309018024	0.477876258123486
0.0821246635659649	0.119184015513062
-0.418248879840398	0.848970641590526
0.321180047084907	0.577657415790197
0.11445053534017	0.183510997974264
-0.302614548124538	0.581609862484805
0.0237087187030105	0.0343787918479937
-0.485308566885966	1.32947474620194
0.0979491976345594	0.178618689695731
0.221573176215495	0.358911957277515
0.416371961195308	0.760134788054063
0.0998149060995437	0.111195798140831
0.185404406019358	0.293056788605852
0.246566613294653	0.359446658210862
0.231330471986493	0.398401572728102
-0.188305227431644	0.359006855582063
0.0837486723965053	0.153083710953687
-0.847482309219053	3.04692630362972
-0.0782161858884809	0.102008644718451
-0.0951784702739648	0.120513301805844
0.0229172425288506	0.0293033669203354
-0.31040860423728	0.549549061939043
-0.115387755715978	0.158137362459172
-0.181009720652701	0.334357272939571
-0.382260890935958	0.780431180795754
-0.0225390127402349	0.0121934693784687
0.103750487705847	0.058402872766983
-0.1559001372362	0.0652725260241526
-0.151955828438545	0.061373861816391
0.106955151124666	0.0900579835644317
-0.187546605514286	0.318320910415256
-0.160665620628621	0.289044148934674
-0.0549087122991394	0.083405047984839
-0.132226055008244	0.223218481899847
-0.19975538339066	0.371486510426384
0.553589827085613	1.42878051696673
-0.828885867681178	2.04121611970063
0.500078742816411	1.0731288377693
-0.452042713446288	0.193121087152165
-0.0381660383149224	0.0209472000627447
0.209486241162619	0.265350053461749
-0.165868879928078	0.294954679205724
0.177243659715966	0.308104597908679
-0.310488236800306	0.621337946201053
0.0923923039766369	0.148520493192981
-0.149890936180783	0.261712192894132
-0.211180328727521	0.377475169405316
-0.500580594402709	1.22788203927423
-0.137944778218629	0.205429549299905
-0.0323656662046664	0.0622780876939017
-0.322935815259192	0.731696976683295
-0.357421383645247	0.521293070723311
-0.187198191628574	0.222674796015605
0.420622071928575	0.732230035194239
0.0116597045153332	0.0142489867952334
-0.392539736197277	0.696110316255756
-0.111240284049579	0.221736734161834
-0.272794691330837	0.549328835334252
-0.270206510863934	0.605732022265194
-0.261421063978789	0.528736567925242
-0.562330881318016	1.52098407605667
-0.000478491757016099	0.000583800374023935
-0.45349024036542	1.17980673963322
-0.32570083310184	0.682002641678353
-0.384324905211456	0.952804758000369
-0.163870433716669	0.287834628232372
0.0953779229130118	0.043784659642224
-0.519346864878949	1.70599736055836
-0.0693680211315236	0.106525771240247
0.0923090900591261	0.144894617590548
0.112659454877175	0.203035457345141
0.245015888791931	0.49640719601412
0.0934039452939956	0.151663662708026
-0.0229334610061435	0.0325719027832136
-0.0439010940826408	0.0606951874725355
-0.0772759461840912	0.12169037712862
0.0190651537306029	0.0315319759167447
-0.10416228310001	0.228926597986704
-0.0368663385776124	0.0806127111453649
-0.39607893894405	1.16523794419052
0.0895460197644228	0.10949218681942
-0.162122132320498	0.182843327531281
-0.259091045350912	0.431733586122934
0.177041222971896	0.295971704808467
0.111803118199112	0.163997900272468
-0.557425531189541	1.84342006134896
-0.202396251555948	0.411028218558804
-0.233512607233347	0.533451307083952
0.05230745519691	0.113175967248212
-0.578548891530753	1.91462755128735
0.268558739761302	0.445044774766078
-0.176230463467445	0.232695222685151
-0.0147395438759494	0.0188871681741937
-0.14388102749647	0.2419938562654
-0.0900241196769866	0.132897299516869
-0.190112100226807	0.432097558615629
-0.287375650551775	0.602261239672945
-0.0170583956775897	0.00993020029559628
-0.170433883511659	0.309328446592152
-0.189027359312924	0.334548605185148
-0.34819048277609	0.804344823276358
-0.563390974219153	1.76627387404044
0.218689464258751	0.445779700526219
-0.00331196421460395	0.00467072344078524
-0.0019828542712348	0.002544594826558
-0.180377395115384	0.272171365749579
-0.211991376065575	0.425883250986574
-0.213271154845913	0.451132950181969
-0.186487980260249	0.338454288465476
-0.261382000580762	0.509765415065889
-0.388994042025444	0.932560283890009
-0.0647241000680761	0.099713514376106
-0.0606790657125283	0.0902473575374827
0.432610834014873	0.738375110015253
0.321603030042342	0.566519823125479
-0.424402792819744	1.10184505116014
0.0960549155476578	0.157653492995292
-0.125459398511722	0.17789639125477
-0.0827870659209701	0.114060402879244
-0.150594821351589	0.289162313337218
-0.267304696264729	0.601483560150987
0.252434332120107	0.595869861083224
-0.115102594634316	0.209161026112215
-0.448790332921122	0.90065609652948
0.1762078325833	0.293423038387524
-0.247021767269286	0.53411533248785
-0.10563380155869	0.174125752473923
-0.108718581149208	0.193307899439447
-0.360439722592121	0.90651741205149
-0.145912455486611	0.270481791301755
0.108007486228678	0.173955910051239
-0.298998808884694	0.611216546528721
-0.40277573427832	1.29471367094095
-0.0693947550296899	0.0837115016567708
-0.250511478938784	0.518131833721354
0.00980807800136374	0.0163502248798094
-0.00460969708784764	0.00703156467066404
-0.247068865127568	0.380673256706043
-0.0716566051089005	0.123937053469298
-0.252456298054234	0.629015902759641
-0.0901405484291018	0.157435884519709
-0.176671988476432	0.366935434323487
-0.133579329925843	0.263200514106656
-0.0380948276020628	0.0411225703236694
-0.200588509496992	0.397311434285342
-0.0650301507875047	0.117008083561549
0.0112181089520491	0.0184768145018976
-0.134723130319856	0.231446229355066
-0.17475997345947	0.307419145018284
0.116609117139387	0.19292977063146
-0.0187742807628756	0.0299612117727142
-0.00604785626222585	0.0099786701083607
-0.050993390323655	0.0872300626235249
-0.195237702249272	0.349721777125302
-0.616993813216087	1.8927034662811
-0.211371031720764	0.459166614788155
-0.0681016772491447	0.104989863728394
-0.216572902131604	0.401821077483029
-0.232720355818925	0.492418321481779
0.375725599662298	0.921302988734752
-0.161552248956116	0.274669402843744
-0.132641038201077	0.23508884706337
-0.105420544968973	0.171600261995621
-0.153322637069876	0.267381858298347
