x	y
0.695530167640854	1.3026062230996
0.425744066798364	0.62009020666313
0.239051930174035	0.248226438075006
0.317054111892739	0.584764662474153
0.753702780160157	1.43239571166628
0.237670781041587	0.180417734047699
0.810322758805334	0.552871594521325
0.118624279702721	0.101281505084402
0.728187703567482	1.40145859508449
1.56567310788069	1.85834195645367
0.274172979727778	0.512028509364344
0.227126979916358	0.311237032503797
0.142960562097118	0.161842262008676
0.336129453860391	0.15113722587875
0.654117896507858	0.416174855475214
1.2041881753038	0.764531970809726
-1.33685054112859	0.650695538697045
0.385211274978999	0.155472224241984
-0.541930514087572	0.58805462248473
-0.0780648850507015	0.0796997412106931
0.931811571025963	0.746416272673053
0.116468382291769	0.189865486224431
0.22699485440508	0.406940869982745
-0.153451319455986	0.226392737250627
-0.111861829478952	0.130316681671886
0.00891923384508316	0.00824018068451987
-0.0422834158556896	0.0230260441277707
0.11188774621449	0.0663675665952957
-0.109101763382208	0.0705728436277912
0.303890365159792	0.30258184617899
0.405274688376258	0.255085785266498
-0.4540132471123	0.199564185033604
0.0962704185776848	0.0410375424251216
0.178354080175752	0.171857798812275
0.406482478747819	0.640718909316206
1.03004928843558	1.09164929815394
0.336561846005508	0.466353210352491
0.262349624043673	0.364186241407934
-0.0912153127468554	0.118377731059819
-0.136913454484421	0.187121271194161
0.371879238045357	0.589549816266928
-0.367113124273684	0.534602281895362
-0.226712814003047	0.248667253645695
-0.478784954416132	0.434097750045698
-1.65907549977195	1.30946970020264
0.589352322014386	0.522868675978795
0.0269024668654642	0.0208930413148289
0.00295723600559603	0.00323079233787421
0.311848137342381	0.405097531415203
-0.0176211543992091	0.0101524979622189
-0.739534131499007	0.51035409355478
-1.00587708669054	0.577305704373936
-0.124550165989406	0.113240588149862
0.264956881517708	0.349431172828272
0.762926629148871	0.904669708695993
0.412755051325541	0.391549588443878
0.746326229168485	1.07169000327585
0.415573665984334	0.259823369634783
0.464575030442266	0.817706994474932
-0.0675874807183426	0.088240298589792
-0.0393965722513534	0.051014203916394
-0.438723703448621	0.766804711079118
0.00846478735972011	0.0090417103994378
0.144370713941155	0.170382593530129
-0.0680658382764725	0.0590283006715598
-0.0358044901489419	0.0197634486958889
0.0613500293101786	0.0445503783091702
0.0535873981343064	0.0432342767529295
0.03616713750889	0.0389668159139514
-0.201258430340372	0.23759393820413
1.19083190933613	1.49075184346637
0.119354152984198	0.0789286390896114
-0.0206955949206734	0.011853859764623
-0.480218362312097	0.642531858188108
0.146005971162609	0.170137535309145
0.495273007926052	0.574036668887128
0.173921190684782	0.170333304645079
0.558724743022434	0.770024685675482
0.442879721314782	0.495171586642735
0.0731119814684016	0.0688997081933508
-0.0784690898442121	0.0743634103669617
0.0573695714605305	0.0528961098059508
-0.0888581538346392	0.0844845746746385
0.117306886441323	0.0760089841855209
0.67916545511345	0.840741086196071
0.441297026592861	0.579451657578524
-0.00706314896850705	0.00506719541339281
0.897839252649317	0.578364240284347
0.09105371886668	0.0383779251319336
-0.204947270282566	0.141752844816314
0.445426946371433	0.500578396482268
-0.0949965048164894	0.0631553491870724
-0.460584617542681	0.263961995915437
0.551801551410492	0.46692951623767
0.6370915826279	0.630362605773019
0.343684954360242	0.274527928143111
0.24848323074031	0.237102036261806
0.404130111194928	0.26116381763496
0.496113023958652	0.270749042357378
-0.283093603760703	0.187148089540424
0.166677899965687	0.147818753545034
0.116052668777638	0.0740608721875511
-0.0167455213615151	0.0117882170631563
0.745207855799558	0.753200258834177
0.634565826800826	0.300328537416938
0.54801018893347	0.397564249720545
-0.755387742252342	0.615615431493089
0.508667068515834	0.389214664321367
0.1099426280247	0.0682337157247728
-0.860555442271704	0.628843170636253
1.28265327881523	1.30307002544611
0.585232705001688	0.396294141007571
0.591889874398877	0.505315922312029
0.27854292108536	0.148532693191062
0.486759843915131	0.280143344274786
0.630873711250072	0.296516609404569
0.23948951260165	0.257866356736503
0.103154988766106	0.113686769818673
0.614401059623446	0.486850208490912
-0.0663244627712047	0.0521319363359218
-0.130974561851631	0.105134610780997
0.458112810705526	0.38593014929671
0.350747488438676	0.271211594695543
-0.0909661259385175	0.0445499475633248
0.61718139725635	0.472073538980151
0.406083941120404	0.26374203865043
-0.113783532338666	0.0725723502789905
0.892380769566574	0.567745425372991
-0.148493654862153	0.0921336435797659
0.409776094046672	0.247898513027199
0.727311794303269	0.624638271903345
0.245560340274391	0.161182023095458
-0.237314381551452	0.189166480374462
0.90192381395621	0.59617771250757
0.759139343154257	0.317100109493428
-0.0551187254450147	0.0573019395275056
0.101171902590485	0.0577581110073318
0.232645833605582	0.214103365117733
0.227858668622919	0.183069957759986
0.230520001297507	0.185087456229283
-0.207631888243495	0.0767972565353239
0.261547775562278	0.14788621017569
0.467626008291901	0.163345963881305
-0.790709479082272	0.269921737031908
0.23429101074719	0.172794169952719
0.385061149062538	0.157459754092218
0.259142684416564	0.149837175607235
0.0959822305186584	0.0451537224939728
1.77782514178978	0.68704264071461
0.390682737320778	0.153481859029311
0.618849939816202	0.201943652777816
1.40884101013022	0.464766267888644
0.622119007457639	0.193431074679263
0.722836295288269	0.391120774551531
0.544748608999123	0.393218196605101
-0.165105310279411	0.19690115534154
0.0110483634793377	0.00833516036800455
-0.172624409437786	0.166553206592263
0.156392395246096	0.120472977708365
-0.287433360066386	0.313537503998132
0.137598486862113	0.09993516723737
-1.10952225696618	1.4303543473016
1.77778567135053	0.698817289826085
0.284030525881426	0.150560928441324
2.74844435210905	0.825205188181385
-1.09101004174505	0.464055649344474
-0.211063828048306	0.0780184278339341
0.228735029377459	0.17875055760103
0.951248027502103	1.17204014691796
0.845417948162523	0.455739768989181
0.512296714825615	0.403295948532735
0.0887632992808198	0.030498596118456
0.104284490153763	0.057389763834227
-0.755501613268283	0.659317695413068
0.411717561637902	0.26951174150829
1.96048854087427	0.506380448177604
0.918275442591791	0.247308948421495
0.754519852968362	0.314187545812661
0.622076172115503	0.201430407091027
0.247579112901721	0.169878343906586
0.0978676503070961	0.0541726544432716
0.23911831768368	0.21946855302731
0.121750126712173	0.102732588969179
0.0986640834252688	0.0809255079528597
0.727919160241283	0.555311173742365
-0.416312029796693	0.47090079308679
-0.548524782492207	0.587207540774816
-2.08635156942953	2.0103581195098
0.101569685131412	0.0307149682701934
1.27170683299913	0.559229882339998
0.918275442591791	0.247308948421495
0.259760680208773	0.14963505841728
1.07510107800579	1.03072903475654
0.591154921326624	0.410668980107024
-0.492561177296504	0.387996612739474
0.340510759246035	0.153946914568917
1.58941406781734	1.39112571227684
0.127210870206515	0.0320619849993893
-1.00590712691488	0.594352540745273
-0.528681695483912	0.466468419449711
0.736590528077136	0.541088614373673
0.138719287628381	0.0278738142929699
0.136920705038257	0.0276544244584546
1.95728726474171	0.516817053041281
0.625314684334128	0.192302335259694
0.980278615330754	0.370815464745937
0.98442757292321	0.373099062942508
0.259217833009466	0.143588881829243
0.849061929844334	0.435354395854323
0.235866051714363	0.197202801031455
0.164644183050965	0.138535836830068
0.179249975778614	0.186640201230838
0.112973753807133	0.103226530665795
0.851929268908456	0.698100913336045
0.136920705038257	0.0276544244584546
0.0115520643384165	0.0098856334328491
-0.814618574571695	1.01746042030084
-0.848653532579129	0.815293440581279
-0.393621163963244	0.119864422038082
0.127210870206515	0.0320619849993893
0.622076172115503	0.201430407091027
-1.22126307673392	0.71618803059248
-0.0541756307115479	0.0274745723410225
0.101748646832075	0.0567808302882542
1.04266789098067	0.723863946740378
-0.0047654237486448	0.00278513412551037
0.138719287628381	0.0278738142929699
1.7761290776706	0.704380794080722
0.337494158569269	0.151258580258347
0.366641961970716	0.269016374687775
0.935496768498086	0.747218598803407
0.61962621063934	0.201522244647387
0.104900312130082	0.0315424460194993
0.918275442591791	0.247308948421495
0.137755951151155	0.0278992132091276
0.61962621063934	0.201522244647387
0.494962905064302	0.27597583148111
-2.58475812768928	0.723077298597346
0.91427648683826	0.24674534929208
1.17569323184477	1.1077040006838
-0.172024494080533	0.119937424625278
-0.212292630722186	0.172064307608007
0.176304731195256	0.15872384944008
0.279785943083208	0.309007573238206
0.0854810106465792	0.0288176932390503
-0.281583090206632	0.0938537601919425
-0.351525575755052	0.287614947575128
-0.119350851645507	0.0883825671824086
0.0928036158669535	0.0355473053790657
0.998728620895629	0.461086130132899
0.128027679904292	0.0316060204053509
0.790310808387623	0.680670979493072
-0.848374205422751	0.827436757623083
-1.52334157467307	1.34586771930665
0.925040722906944	0.678199507455541
-0.547404143437106	0.293662533775454
0.490272838587885	0.278914913903265
0.765200852946429	0.317524411186398
0.739877009873484	0.425782005425314
-0.248518856416864	0.14077883332221
0.620401910540674	0.196118981932544
1.41219010821694	0.462200784141585
0.462988892542491	0.165642997229716
1.40436531369843	0.865901715688359
1.26745927544266	0.569501645243817
-0.281566727769282	0.093806158798621
0.127210870206515	0.0320619849993893
0.0894793729975313	0.0308356082297688
0.54575519644421	0.276775842792008
-0.0661250564386488	0.034772141522225
-0.352222982270938	0.268974046973837
-0.153377955659764	0.108601988381678
0.144525065610591	0.108472874451485
0.0261762803327054	0.0172832073027572
0.174213613581779	0.155012701810081
0.109077469935258	0.11365455572677
-0.164372301514958	0.178417898568059
0.373081370800109	0.391863324362933
-0.550646728021774	0.636752921828133
0.138719287628381	0.0278738142929699
0.125627183001861	0.0310455014134657
-1.00805026450214	0.610433744088355
-0.408400308348963	0.481849240887698
0.328374838298447	0.260930039459934
0.517317853029643	0.500730810181832
-2.52748198075334	1.46670204609885
1.95838308976339	0.512785793969077
0.619669786755726	0.197421523304085
0.388803895695846	0.268860528871469
-2.58558390776956	0.743326333733362
0.0880812660388529	0.0302818775225944
-0.602269720868951	0.392459368052075
-0.0348376349519155	0.0190209271027295
-0.210143860797055	0.120329149492662
-0.312917314322556	0.144540085143882
0.92006321585776	0.24584935325024
0.919238769255551	0.244467484048215
0.466699924540899	0.388287603485631
-0.594561142949508	0.512422378164475
2.06365387700246	0.93730264429458
0.469304583247135	0.163330245560145
0.13395984259197	0.0266654712001409
1.95728726474171	0.516817053041281
0.620446143828703	0.197036537066415
-0.16560740461407	0.134799529915701
0.103579121025075	0.0466392499065477
0.981088952824431	0.383335213267158
-0.65731518627677	0.167926311118685
0.137755951151155	0.0278992132091276
0.921478282282821	0.247302516524772
-0.45307662353092	0.256114115114086
1.71928825608687	0.983438721855306
0.236847014317208	0.166529350424234
0.632134339185123	0.701393715452835
0.460105544560527	0.366682019582302
0.0307728283708664	0.0222238582575444
0.122795226906802	0.111556662068673
0.120867596051503	0.0794615231102055
0.0187797400674562	0.014734867653485
-0.563254141258858	0.568468845227397
0.236813919598619	0.223479981226532
-0.0368987624783224	0.039875757254635
-0.184850838332092	0.208384029318309
-0.190286702464058	0.166152537820244
0.157969859490111	0.134100855734584
0.776134527903211	0.966349981347108
0.981088952824431	0.383335213267158
0.98442757292321	0.373099062942508
-2.13115274230971	1.02206035986539
0.724215154523629	0.534971038903418
0.339596671217485	0.407221698648623
-0.223239422544851	0.196391397867096
-0.349827622122481	0.287526651416147
1.41384623483254	0.477540905589309
-0.392841205484787	0.116190355727902
1.41302712954348	0.474622792105401
0.382084270379887	0.152906320776562
0.123976331196576	0.0321704885802751
0.839881256102803	0.442083460007755
-1.57987426360654	1.74735801240916
-0.121884830922768	0.0915137343789971
1.82346520781699	1.89909184719024
0.100085207869586	0.0583324475255477
-0.777972749614963	0.268818462868995
-0.389113507406904	0.318638588036984
1.06287137891214	0.925316851630475
0.100841618220157	0.0306037225182791
0.097111391524782	0.0292139208575234
0.92006321585776	0.24584935325024
0.10562749875124	0.0311657521171974
-0.110141585690793	0.0826509354964131
-1.78213616699454	1.4366279209145
2.30057814074083	1.1666118893002
-0.389572910828492	0.112957102423711
0.980444744425621	0.362661422473148
-0.395540500255089	0.114333917092572
-0.394438559044978	0.119807256282002
0.732947354144838	0.426205631030346
0.756900328828095	0.315423600255365
0.140336498955145	0.10254271100363
-0.315617076054843	0.293278103715405
-0.388457542680571	0.239034266325321
-0.200783859462637	0.159257575452299
0.0143253117595097	0.0107929411330437
-0.198395479662371	0.159647972877244
-0.262303179445792	0.249281744427101
0.0672050319643751	0.0622546331725077
0.542608626658247	0.686873715851795
0.69363275452325	0.747279277280087
0.110685583656559	0.0991218992799777
-0.598640732868594	0.866302633442117
0.405647610988486	0.566661343949922
0.106348523119166	0.0896616572294333
0.0887804004040245	0.0307215196457276
0.333956101891429	0.143645187609388
-0.120585135976762	0.05478139092293
-0.0484598679830295	0.0338451283454001
-0.348459241696902	0.297087399958608
-0.270553744851799	0.215290470648876
0.299428273723337	0.147207175367618
-2.33960233823447	1.23900854663497
1.27032219913796	0.551671451265171
-0.30420338023903	0.154866712671155
0.0901781838597058	0.0304050830197748
0.656968371079948	0.407630216437589
0.33153860942897	0.276291084684641
0.589392207941515	0.395191778499628
1.52115907909099	1.44673640317308
0.51591885020432	0.387326163223943
-0.173698839002024	0.106185381209655
-0.0656127811301483	0.0345826018825915
0.475282202465691	0.360641261897628
-0.394438559044978	0.119807256282002
0.759164150973722	0.326595495683692
0.469874793099029	0.172372103841324
1.72314347553789	0.998128175886647
0.450742375023231	0.390775617061799
1.0757597134053	1.03215175189289
0.929456361123567	0.67686534460415
-0.65731518627677	0.167926311118685
0.126375943449661	0.0319134740433349
0.759875906981215	0.323268666900645
-0.665515587744252	0.334361330368812
-0.392806014770747	0.113361899018573
-0.735889380757292	0.515278977003528
0.0963020034323016	0.028490436404574
-0.5450374541999	0.450823439129738
-0.636488359189678	0.686692137370637
-1.27100425673114	1.49621892318448
-0.272091758947276	0.214877718279983
0.275573127114378	0.148548284696965
-0.65594390794673	0.743282139505208
0.423335157538598	0.367607940522265
-0.417044244282224	0.40195965092954
-0.336902841339813	0.223031646890899
-0.156776652399618	0.129334235223847
0.729339099608557	0.887462241576433
0.504138577613648	0.496760543793343
0.17477612891786	0.167392840005326
0.0550527709430909	0.048752422438056
0.638819868057943	0.291805570034383
-0.362332309926564	0.172231694302622
0.759164150973722	0.326595495683692
0.728785398024324	0.422258870710273
-0.235555166653888	0.190465646782649
-0.03777157570989	0.0206522299297227
0.794692639892886	0.54885190358574
0.489886859951524	0.26727477466628
0.469874793099029	0.172372103841324
0.437536737359523	0.363086955690061
-0.121175453829988	0.0548161106016537
-0.209589011088825	0.0788469528921384
0.265134400789223	0.155523255912289
-1.06904436486591	0.981100991659254
0.412804784885581	0.276374835616638
-0.282526351498272	0.0969540381962041
0.120588064218409	0.0297965109543033
0.0887804004040245	0.0307215196457276
-0.178435319697288	0.131429065646477
-0.502331936081158	0.398793569256299
-0.733521096991774	0.487228711135941
0.443337349214501	0.273607014163422
2.2998129607533	1.16859199653201
-0.555758837440631	0.282873564399917
-0.566552301720714	0.445332230164972
0.943210190898974	0.731003103756733
0.12232468216973	0.0303923795932781
0.758438069098347	0.325281331262212
0.137755951151155	0.0278992132091276
2.30210455776445	1.11963700515152
-0.557449801995282	0.424070880648116
-0.168632644247232	0.102457518522393
0.761391261254977	0.321094987246915
0.918345124738017	0.251770863873478
-0.395218992202507	0.117352559140598
0.125627183001861	0.0310455014134657
0.617252894763946	0.19109165365643
0.138719287628381	0.0278738142929699
-1.03835006124396	0.543804603495701
1.41189928459338	0.807602498149635
-0.175100354219922	0.103452378814606
0.238153966933644	0.174505121050426
0.541136399806957	0.388596080144729
0.387090767543195	0.274202688440948
-0.22005058756845	0.156002102531306
0.245244843831255	0.171670652493442
-1.679387185402	2.37011078029253
0.107718836516521	0.0628685154860441
0.121141132152207	0.0808277379074644
-0.183239935906363	0.134741453721538
0.331970780944711	0.282275173650742
0.621497156168643	0.521021234521932
0.171227623583684	0.145881397472227
-0.279545406335598	0.241954818278949
0.503076029591613	0.553289052816035
0.549386972475939	0.284866832420477
-0.102828305125811	0.0881655171254899
-0.616658161702773	0.59017765282417
-0.642802811292415	0.495949373678904
-1.16247380537885	1.1741007307851
1.26960631569587	1.36572007120647
0.731843820540681	0.855117871221976
-0.172806885768653	0.124004622489772
0.00325273230605985	0.00241129956730167
0.133668280136651	0.0934821739408019
0.994273067342735	0.999001145136048
0.0947802319930686	0.0478971738606462
0.596098281240982	0.511773399750817
0.316227989328238	0.300514439203227
0.248921299464417	0.176285004836532
0.448908640876301	0.395334020802159
0.58547031635285	0.390812192510541
-0.852594703523929	0.816984453434723
0.728203695489155	0.541487850418993
-0.0615702575104012	0.0423752091714508
0.0429289307311025	0.0285205503890828
-0.393018851975033	0.24994451305785
-0.663721384718721	0.321048844713756
1.04071142653512	0.748972892935784
-0.367710406429601	0.172044079736809
-0.249914185058144	0.141565918714601
0.0856191087170895	0.0329018776193963
-0.611249049166079	0.567475828096136
0.255697677844588	0.144152347168026
0.729582674966282	0.55075813223081
0.108584165932057	0.0627882788473311
-1.33033453587307	1.41018294699163
-0.434790531481692	0.372138203678637
0.102355681458327	0.0541981746949058
0.389924543265529	0.270116479517515
-0.394439036974578	0.286438026682418
0.64692279816196	0.405165478731425
0.464869683020424	0.498692401117924
0.232262709311273	0.182516719341859
0.0581980827020997	0.0414297513633065
-0.0024365029301776	0.0020927720767161
0.0613545266463948	0.0539184867592839
0.78188936721425	0.665026941794165
-0.285334256178871	0.188628030632939
0.406869372455288	0.259779455529485
0.34910708919161	0.278172106789537
-0.496408317882574	0.403207940470138
-0.497006749822576	0.466336583721458
-0.480726954956471	0.491832301086018
0.0918626931206147	0.0341660788557205
-0.448056873041617	0.186073957576418
0.596381493498038	0.407007572786269
1.01933136132058	1.34525959797311
0.845732307356114	0.459844078730087
0.0967253605059596	0.0505517732056246
-0.173101311532707	0.0999018739439234
0.0487208018403943	0.0414086286671571
0.394151409233673	0.393554469751617
0.0916554739032277	0.039581692872804
0.108187665655259	0.0309786733674716
1.01761329973596	0.56452834053723
-0.202353940013788	0.160003291288058
0.447164960281685	0.39183644143553
-0.152794909159555	0.0623915832613844
0.335102631871802	0.150822439033477
0.845890507386241	0.44356647149051
0.334821192560101	0.138591850345377
-0.282314771005338	0.0939202167989843
0.103569627639069	0.0523806954472931
0.0296171869757271	0.019053463222191
-0.25501249467101	0.138802293313811
0.00768927297372755	0.00474733920097521
0.623224045061896	0.526007057565768
-0.557436558820324	0.403131297454597
-0.835623928512646	0.891669306488579
-1.54628155955192	1.8517521353144
0.125949340991254	0.087226448366559
1.16853957146836	1.24588108199559
0.028243107748896	0.0185691869413641
0.240631027115537	0.200452967649559
-0.0369746728502883	0.0293939539690527
-0.00408396855485481	0.00332679016650313
0.386710153210109	0.480368743100807
0.101758147103455	0.0519598997892068
0.591375435656333	0.402542329819275
-0.349435029836737	0.370372212224391
-0.0418907169097147	0.0326986339537614
-0.663810914336868	0.811139753499041
0.355359162690662	0.261374102851649
-1.08324079490897	0.447865363040501
0.30700390817337	0.153584101863201
0.253697758968057	0.158362334454665
1.03027861033036	0.638314218702634
0.0981539972075464	0.0356262938815104
-0.445726518479035	0.367337468228389
0.476342639742053	0.455544369416731
-0.0521380072936618	0.0355723327205314
-0.16131217916064	0.0634439300243107
-0.361835990422538	0.166032201998229
0.089114264787931	0.034301111489074
0.495805236228212	0.589001915405679
0.332849254793848	0.273737207752207
0.147960266156673	0.111607669870644
-0.156577902007377	0.0648595186504267
0.923870743186796	0.235597751670541
-0.65731518627677	0.167926311118685
0.0894793729975313	0.0308356082297688
-0.781856260848692	0.277428855653007
1.17788898885873	0.95796815445167
0.735701576818601	0.428786116680502
0.482555671382422	0.381234231138879
-0.173451339180562	0.106118622001289
0.236317332733565	0.164995320403878
1.37050488555461	1.43588416244399
1.01982318413172	1.13872983936134
-0.320916377012076	0.261736696230263
0.105715903072834	0.0589590423597429
0.517833403141493	0.391746976381136
0.113876306373851	0.0714444429868226
0.233896568618831	0.173490143073966
0.340167917212363	0.276589033025603
0.404010547986089	0.399132618237007
0.547478063627825	0.286615594200139
0.636080259571502	0.302875796311498
0.597892884991542	0.506911577007857
0.429699328403143	0.365774433755912
-0.151894047046773	0.110390886798736
0.0135744333659359	0.0103708941380557
0.240028588527957	0.210255041349343
0.302443031940344	0.295271089844148
0.927168365688031	0.968805590196535
0.819966642698605	1.0513600510602
0.228411590625625	0.15270387448303
0.671464254839325	0.53716589916727
0.322746134443721	0.284554063956529
0.113559728008499	0.0721089921650398
-0.619656022345407	0.565622974412789
-1.68354881227425	2.30826143602607
0.0513777722921665	0.0368945853989338
0.545533292842994	0.387252889267201
-0.984059357701871	0.721893250908531
-1.89784204796075	1.20923523130539
0.339747880562997	0.152520187504419
0.673993353069904	0.538225523519591
0.233430891721436	0.171421692352523
1.17705247608889	1.22758786653689
0.406038143444256	0.261446283396724
0.546218457467008	0.501755592784335
-0.119995040364739	0.0544106144576973
0.390599267797428	0.376003854601613
-0.018717360804927	0.0107105706243789
-0.069671373794702	0.0350483728374966
0.799598475742524	0.566310343460763
1.00513400351784	0.494798277703176
-0.158478971143183	0.0659657454524356
1.05705600540514	0.907470170958394
0.543046243482804	0.403824887867042
-0.397276832370965	0.288607381434501
-0.300091562541052	0.158390326206911
-0.703011071369343	0.42413844907467
0.327726091705536	0.139478710365059
-1.10156305043583	0.80878151548033
-0.361212911270552	0.168427998657931
-0.829749213199803	0.382715815186791
-1.21930071193181	0.706250061600965
-0.849811235912207	0.573060087835432
-0.0436936841129838	0.0245198811579397
1.00308401520759	0.480317820253019
0.796950926411974	0.550105888363796
1.26406957989324	0.55227187092237
0.385390440353696	0.273673915089961
-0.13394924602276	0.133069810570378
0.388365321675622	0.396177778042447
-0.157743760469469	0.131650355585168
0.0953532476555154	0.0514356372016082
-0.759113447737171	0.695696622630708
0.137526452323001	0.103068772795771
0.0968103900533435	0.0820050309631975
-0.00467364753242939	0.00382627721361776
-0.222401955718368	0.196137236226417
0.880481056887238	0.943862625238476
-0.98330128605511	1.16212225232389
0.520953312278229	0.585654622968359
0.707704052182872	0.928938676688337
-0.113042050026986	0.0839230359491073
-0.76923931352869	0.744183028414326
0.142106158177903	0.106564576692302
0.114551885165333	0.0709121335312195
1.16798652434202	1.10675992560779
-0.375579864389772	0.391091206776786
-0.941816192375375	1.14940977743159
-0.238282714569279	0.190575632410771
0.981375491308989	1.23373415388853
0.0956777961788805	0.0411536887586267
0.309852887638807	0.296385180059151
0.240988338308113	0.174994390746041
-0.49443795349739	0.461787381720552
0.0305881733846237	0.0196575631305936
0.650482674660246	0.613811486327415
-0.336652656236847	0.208976998416026
-1.41563568476374	1.60972658106526
0.244437289191508	0.164934801772121
0.688837107433773	0.765706025913087
0.162118221849765	0.131006167851596
0.343096345640599	0.27752143600526
0.122005631917523	0.0818283907364938
-0.0860565394852509	0.0420020714063262
0.620066288132965	0.497324587350062
0.729616576923606	0.639203032091691
0.650590054193756	0.406045314133982
1.02240633098339	0.609353527848041
0.550148283132671	0.288176659673767
0.0878719961339046	0.0299742279424608
0.0896505373561174	0.0285889073116907
1.51600695367979	0.715312150709114
0.542683703028346	0.270322649704352
0.592304831284984	0.405704827580971
1.22192159569493	0.672201649641604
0.124793148559194	0.0316859887487473
1.90326440197212	1.17809748953291
-0.0195581053231455	0.0112492588484258
0.08446312035104	0.064795701059571
0.346096742959262	0.279474112523954
0.312402626438529	0.292560114198402
0.599386275240982	0.857750247562071
0.137673653525583	0.101821558472383
1.30191562500382	1.16213438914495
0.338727061745924	0.268082787643411
-0.0275708672562871	0.0191636074837643
-1.01997275292721	1.29064487936153
0.158395860500327	0.132679361809909
-0.963387490685784	1.43096174796817
0.705522859258642	0.874050858514063
0.238679854530409	0.174082601163094
1.60478451161485	1.41793745931818
-1.21222026095203	1.07520494027974
-0.0620661659295652	0.0428079631621539
-1.95695129213406	2.29832108825649
0.630090923940409	0.639398081715854
-0.0361003215773455	0.0198332821806683
0.341437614630714	0.153775048376085
1.41053606639411	0.839858355426178
0.71132079058902	0.737012343613444
0.765883932328693	0.945446170943626
0.277234888924094	0.312609816985339
0.229408476075757	0.149938650829027
0.0517609909049572	0.0369395838132179
0.587554746908578	0.631022864156572
0.23341650733403	0.206300447894501
-0.531778582540491	0.357977613661678
-0.591083920197049	0.482368431787627
0.385797142129816	0.156132490652696
0.137755951151155	0.0278992132091276
0.105707159011335	0.0310955090395657
1.00141923956012	0.476102757490312
1.21337598483809	0.671816824980133
1.17438702866194	1.0643553204173
1.26886109369344	0.573408427354897
0.306592789652125	0.152154597101058
0.340673418066856	0.154955276143455
0.459286577463276	0.487344577992174
0.0246965678702061	0.0148416708214463
0.561918314833202	0.686157772985928
-0.255637507014045	0.23812395486838
-0.247049717463712	0.13661836795706
-0.0872586047394731	0.0590713584697324
-0.0995793273774899	0.0639487475084755
-0.0105657759610375	0.00843266793678801
0.324088029683764	0.288034680155112
0.0287797652215675	0.0181999819415758
-0.31327214983146	0.306119401232385
0.86409249195002	1.03155431114146
0.643105851217121	0.508584455212416
-0.598821642417781	0.377610170725314
0.787988642589933	0.688627645188828
0.246364881898214	0.160540203421345
0.0847550550677475	0.0641884063047235
1.37463060714562	1.44939552105665
0.237459888253658	0.168188158489289
0.174251363644533	0.152495561766325
0.542369760571971	0.494821497203574
-0.0347655371331621	0.0239161535110232
0.451756162904738	0.270556156857297
0.606316956058216	0.626194406037737
0.0119453237980009	0.00755184039587598
-0.925127692930821	0.938812728366652
-0.841466536764378	0.914675964229243
0.449719891706981	0.272121994227594
0.353472323991414	0.273415263069131
1.51071347348245	0.771385833117798
0.0884972172700151	0.0337613874965541
0.648883305851404	0.418332098462837
0.646135310555788	0.594064820344042
0.414217214176189	0.376628302413612
0.382631152511185	0.256428688051563
-0.0459278126169001	0.0246314060485562
-0.313523804124682	0.293459168489165
-0.103258479305263	0.0782253949994658
0.339076781309488	0.267581928667997
-0.136744577431319	0.104260014649391
-0.284793040540656	0.187446432480127
0.596555657234675	0.39765897826435
1.17211198684348	1.09963219732006
0.109148598903737	0.0641062879267237
1.3132512253196	1.08628271718695
0.374589463058199	0.388935734329189
-0.766906164923409	0.885896666476472
0.240260270591573	0.197490712056471
0.652356825473349	0.418321727191558
0.241696905536268	0.204248282414443
0.83071685711966	0.944766981792523
0.525897986966213	0.491824058135511
-0.0735782943086327	0.0494718067757862
-0.104783106428113	0.0674453308773498
0.0894959239584534	0.0307270486502312
0.124793148559194	0.0316859887487473
0.75904413849756	0.318298937795846
-0.389572910828492	0.112957102423711
-0.116808768205808	0.05368923222104
0.631343634184111	0.297836218233965
-0.316447481961721	0.264840178645106
0.542504882429356	0.503085463422335
0.751490307537159	0.846394477623068
0.308141951907184	0.148925962117941
0.55621805804264	0.502252964340337
0.0816425761131055	0.0612627976905337
-0.26955759834254	0.214555770297907
-0.0667060576380399	0.0447448306071012
-0.360860769234015	0.173334160399411
-0.0184614881448686	0.0105608981001709
1.06100091058436	0.91212019094793
0.346785764831394	0.279447371038827
0.741673735641751	0.781244968227908
0.0718979148332953	0.0544081402065333
-0.394036087188163	0.35458933524118
0.558713362089599	0.503232718187372
0.55303191219988	0.28556849720049
0.623608642518381	0.508890331761369
0.317912980541066	0.279173748505858
0.430004740534462	0.374642790026744
-0.758250054017473	0.615512072859416
0.133178734969938	0.0886154780684258
-0.291474826626518	0.194139885443146
0.0986419356645439	0.0284842783723277
0.30700390817337	0.153584101863201
0.125627183001861	0.0310455014134657
0.75845105661558	0.326919841231667
0.376985169491346	0.146703210527532
2.18727269630257	2.30419207680192
0.248110037848807	0.212720491194489
0.425122755200044	0.390798426179307
0.911335104006475	1.02160358859455
1.47430948794292	1.65392902148262
-0.23495376980205	0.185657500399279
0.410594339735419	0.383804709471978
0.168367218382859	0.135455917703006
0.166516780468185	0.137602868017787
0.495797070969956	0.487198520136653
0.256088916287124	0.163448283752327
-0.31347877403427	0.262189477524822
0.488634659126797	0.381857371022176
-0.611858212733484	0.55984138238329
0.717732626654486	0.780911825887364
-0.356536331197833	0.267428153653466
-0.817510095202097	1.11717926460561
-1.54897665926248	0.791699697239999
0.244722344689329	0.161258310777364
0.787180623021862	0.677042185077215
-0.500631497233561	0.474661976340745
-0.185611788865518	0.129471199432127
0.10409307333854	0.0312466876672197
0.471393967768386	0.168487760111406
0.104979128228455	0.0304386465725484
0.915165142958394	0.239790737708917
0.469889066600882	0.171638071817207
1.19765241674527	0.815529560101019
0.899963534068801	0.568822095118776
-0.246851403591381	0.136776875572659
0.155708053757955	0.117853764601183
0.09527492204934	0.0536103447949619
0.424863191342831	0.38197079315723
0.046934481313625	0.0326578316174826
-0.00889690073662242	0.00639785042495602
-0.162381436709616	0.146389790366494
0.0957683599509362	0.0450315442232225
0.46440097404372	0.164989565094824
1.27095190036015	0.574895216470381
0.355470274862475	0.267668621311395
0.237630477680786	0.192217307047558
-0.142751666338985	0.128780348439955
0.530685752230963	0.545788535174542
0.375348129716587	0.360483993445551
0.786588688644452	0.705046528737863
1.41524321545752	1.3676599752355
0.0533187512398932	0.0367909627828546
0.61770521068156	0.606698489799512
-0.0384701400618599	0.0263251153125192
-0.341627614135387	0.283095558810181
0.566755818473556	0.504746957856756
0.23074796421183	0.168731520852118
0.0876105149582541	0.0325777078317509
1.40345235189459	0.890350554383777
0.622032139953474	0.191854981562394
0.639293039941572	0.294960041795385
0.0930935950250532	0.0357449532424156
0.140868680552913	0.0278641629451894
1.40028488250144	0.865733758963381
0.372881992161567	0.271982694177114
0.645844019649235	0.763222584163522
0.32039375613898	0.293887009079884
0.102313747451674	0.058989434011364
-0.0896907748488008	0.0855933153262339
0.237012168152182	0.200226958034448
0.179215859102905	0.161979889820661
0.677468662141986	0.74197460930242
0.897057380225778	0.588747119696801
0.551505313415077	0.289999457158964
1.40193720964696	0.886311752408508
-0.328886121615309	0.206257990705193
0.588364566999022	0.508027542268451
0.0668474932756429	0.0500060089675929
1.26354482310168	1.53372942639302
-0.63000716817402	0.58378949189587
0.0440481145555101	0.0295792960052641
0.114228848253877	0.0696259356057103
-0.0106407415696329	0.00618279351075486
0.751146908437703	0.861257262612567
-1.01585247191383	1.30084249083262
0.0247994568005461	0.0163083731493286
0.237340475305092	0.178230842075806
0.153550512155719	0.112159820023565
-0.245687257277592	0.20926377470649
-0.49992937794813	0.399208893672578
-0.521481847892318	0.430129988584996
-0.840013678604579	0.472536588677515
-0.665687012567896	0.336827199426861
0.333134123375823	0.145286185567395
-0.213308723762114	0.0776944975609855
0.136920705038257	0.0276544244584546
-0.654182600115942	0.161467673167478
0.135242666463654	0.0967618430045002
0.12697070706797	0.0861199581286457
0.0501309389544741	0.0358967103196239
0.671193438719665	0.533746736927675
0.38315148571928	0.270719234795481
0.65234733590635	0.40923050524098
-0.533995918288181	0.354178170932669
0.5280471631998	0.379008633005337
0.0210852491426858	0.0125409110626566
0.236298955313684	0.18576789159447
0.415526440147761	0.371799795488133
-0.285513126845929	0.260443666298607
-0.0192604681179809	0.0109982608662798
0.244732718294663	0.151278308908488
-1.02083826511111	1.26508451893715
-0.196507445946449	0.157205685033852
-0.238325781082873	0.1892982448463
-0.1756268003547	0.139587210264028
0.137185106298941	0.100728504997031
0.77722388326419	0.613981140290157
-0.457302786134738	0.266914491962567
-0.247998181551621	0.13363585116894
-0.0903987475596578	0.0413559039929761
0.617252894763946	0.19109165365643
-0.780387722608446	0.274991474577683
-1.5617523438299	0.577189828073677
1.95838308976339	0.512785793969077
-0.394438559044978	0.119807256282002
0.12481030733302	0.0314878944324265
-1.08948783635861	0.445889528865871
0.128027679904292	0.0316060204053509
0.559579311900145	0.613460530855162
0.172254109070624	0.158507804313246
0.723402390515578	0.558458094641294
0.746921445554007	0.784896854916318
0.693291177493946	0.751386947266978
-0.0831708812537243	0.0398104486625898
1.56905012836026	1.08386088289994
0.759176667709699	0.31365265356329
1.40799496585181	1.28356946072493
-1.2637791656437	1.51236273779909
-0.225691633135695	0.199349168419521
-0.231747938196715	0.184009351109649
0.475671198507983	0.493344809537974
1.62382364062012	2.54343064884405
-1.00249461886325	0.628258920198277
-0.534494573784565	0.348510224837538
0.548701678747067	0.61738006937694
0.713548439465095	0.873137622894306
0.23272449638713	0.182658720148694
-0.129412397415766	0.0953367997057785
-0.250489508969107	0.217942235922883
0.510942996866496	0.370607842629492
1.05373095210723	0.894627462833535
-0.0911728347957144	0.0445417085970141
-0.584647654763811	0.228935077346783
-0.581852184814292	0.223531664015982
0.387544872274826	0.158055588629721
-1.79771985651342	0.446675792418859
0.438504328902539	0.267260652160514
0.469874793099029	0.172372103841324
0.431685188031263	0.461650898822549
1.0530768417491	0.891958641221657
0.88732606528508	0.91723227589122
0.781306396866395	0.794933171965737
1.28606383493581	1.29581668116557
0.515900242331366	0.402452789144794
0.250270617747638	0.165124629448552
-0.47426526521632	0.422003775886074
0.539087840911509	0.594144475816739
0.305872432413206	0.274882537865977
0.396981460971849	0.399634903462506
0.552674717291056	0.396052532543185
-0.604821274348358	0.383577621600823
-0.158705949699289	0.117704413457094
-0.0448387048054383	0.0312369519474042
0.0725712311728006	0.0541544507562992
-0.217727393030696	0.157437606229107
0.834703255915279	1.04538201676635
-0.558561126208724	0.519798051328592
-0.0044604446939316	0.0026986648799221
-0.0441055846966354	0.0243798693277098
-0.282348613538411	0.0925943656185622
-1.56335976766165	0.576824494207549
0.0944918724975884	0.0405488542452558
0.450890832032086	0.268731740624199
0.240026530788075	0.215212163405715
-0.700078109599963	0.787979998893198
-0.305160544929942	0.238320025144384
-0.182082919843665	0.150205927355629
0.427963614126471	0.38327371007358
0.653726861705033	0.422204544711183
0.251088634320774	0.151032477879636
0.241383643771539	0.183713304373991
-0.275380970163908	0.237278201552364
-0.553300502180391	0.524494695700645
-0.606265289644722	0.561544515512936
-0.414202642667015	0.403758470374956
0.380290289685266	0.254224019976143
-1.03855370055396	1.03997498838431
0.106888785665553	0.0614261700928939
-0.298513435136042	0.155463172322381
0.981898892125933	0.373694213161557
-0.363694510887887	0.175887559757721
-0.396036741822965	0.114682552270719
0.65746724779697	0.398936284810572
-0.00615761425270202	0.00368335263849644
1.25813160935738	1.68318430778737
-1.22255143326072	1.62029967535235
-0.705629551878036	0.87799337129504
0.0748613167006269	0.0553685785291584
0.411487912821596	0.390859013442633
1.18358790737648	0.927418556612776
-0.210993024545244	0.148794443116697
0.309168668864001	0.309253893725915
0.375963692155332	0.265373968126606
-0.653292506517893	0.790334840262827
0.129033819450821	0.0809561398267546
-0.470343098764351	0.402567671484344
-0.527964237856052	0.528921327307477
0.44281166720707	0.266551447745509
-0.480055183489499	0.429434163155583
-0.457847014540066	0.198922657823656
1.50540231312402	0.74376104430305
-0.274664556544111	0.0897249316150891
-0.583445530901755	0.233680444039623
1.1770675789001	0.950836472447939
0.287876812818579	0.151161357492755
-0.392659838559382	0.328450438438062
0.311706257892926	0.299911790591481
0.315210942599828	0.298333700633935
2.02535642202753	3.11579191843039
-0.00715563298399193	0.00510465005817915
-0.856516238127744	0.587458101684273
0.0295263241805446	0.0189233058703005
0.107811438781964	0.0963298002630024
0.513939631086709	0.511911526642036
-0.25432697501052	0.223374920267598
0.039781289313387	0.0274801177754347
-0.0427751781533419	0.0332422824263755
0.108680988820026	0.0892081966898118
0.415616505187104	0.394996087247855
0.80162756658919	0.575468103927025
-1.53374320541958	1.0747088210874
-0.394438559044978	0.119807256282002
0.092430463780423	0.0316440246403066
0.137884050032568	0.0276312070347514
0.995105412151392	1.00686956850694
0.233985685055753	0.154036506254543
0.725140693314994	0.542046330379567
0.475927614179548	0.482519552157257
0.0908871931335478	0.0733963105621726
0.493011981360616	0.491873054242623
-0.10518532682014	0.0788825419325606
-0.641963784461426	0.463292414684329
0.738498184477213	0.417201408625572
0.335511723094784	0.274384898234248
-0.01005200100215	0.00824601088057486
-1.19489864780427	1.37898509235427
0.158815623706512	0.12811633369195
0.539146012085944	0.503833081940158
-0.12472021524991	0.0939068627556842
1.19117635970275	0.764203008731062
0.631631614850476	0.295374465765642
0.237202875715846	0.173860421033201
0.0749263209328001	0.0546555817891493
0.0623770624052837	0.0432752809156564
-0.0290393215870839	0.0164381813300676
-0.201060227322267	0.158194742226752
0.30064912313566	0.280229427311571
-0.709593482316773	0.821515249281391
0.472561260150346	0.491328641872955
0.109830985708445	0.0934099885731776
0.0905984735232447	0.045576348400143
-0.735274231115985	0.516976467649372
-0.290690316336924	0.281461471782458
0.289675664567066	0.307406925248273
0.741853648010199	0.938938845157018
0.479277466183036	0.375354854747121
-0.168057574213686	0.133368306967318
0.0273955937970952	0.0176434023039794
0.12232468216973	0.0303923795932781
0.636221045762256	0.301173135071298
-0.580241599232696	0.230840948843062
0.246105040279735	0.161459204268497
0.591818796259874	0.391972586833928
0.107659976530883	0.0665899670071106
0.24843629774422	0.162191099998799
0.106091561258051	0.0521217434764752
-0.248651689689042	0.173933176105292
1.12986649491103	1.59652428603037
0.135231078660218	0.0983633820596979
-0.152386219515276	0.11017256215983
0.506925131349023	0.461017915382505
0.102081912222921	0.0561346951825628
-0.250241791227054	0.165154143474459
0.158272620545093	0.126529599281613
-0.624608582024718	0.620044265888467
0.414464956597806	0.266829431628212
0.409424697785785	0.273833302641939
0.137755951151155	0.0278992132091276
0.921548758873753	0.245844674079401
0.919238769255551	0.244467484048215
1.25571707435443	2.09984918903393
0.733509724597265	0.943082795222536
0.790129429896349	0.885394426219002
0.381435895786036	0.266436867881521
-0.566539233010816	0.437941060850081
-0.171807107520405	0.12357513023591
0.000628693334677634	0.000491058553598592
-0.0630057068217883	0.0328236039866398
0.405132727942044	0.384095504138169
-0.438545855699856	0.521352231178506
0.816748793691232	0.980685256245716
0.235482825217324	0.217456334514765
-0.046371991433245	0.0257508594415603
0.377232763623664	0.250349812756325
-0.899419196479414	1.0521728364664
-0.712119167235473	0.896197648363316
-0.270870795777169	0.226324179384892
-0.455390323679492	0.198655492808009
-1.79855097632956	0.444373754165809
1.26482992697402	0.551451387665716
0.853197311603906	1.06870949493474
0.0975947011523988	0.0516442542776177
-0.851072658001223	0.664263882533757
-0.520958600039948	0.534928624906031
0.111042236189908	0.0661479752821635
0.130331725943034	0.0913610592742497
-0.0780980010103373	0.0671336542436921
0.403081855277994	0.399141430571114
0.718230579294262	0.767348702146163
-1.21449311481388	1.05638348152835
-0.310889162943419	0.241323404287025
-0.152788567125266	0.12617199680135
0.23425869028638	0.184010282693352
-0.351209094838457	0.297748793026025
0.937068127328227	0.958483754752608
0.0877927842940029	0.0289096826373525
1.27095190036015	0.574895216470381
0.137755951151155	0.0278992132091276
0.0928430899141607	0.038971633828662
0.163392655145085	0.13228103181462
0.132109308775779	0.0932881845532351
0.386276146836983	0.255750526332974
0.0825094279991318	0.0350411756085485
0.117558626647978	0.109188627114126
-0.241918556028417	0.166639966909251
-0.177103694668815	0.140648367434807
0.114728598507779	0.0757587214579794
0.790818009759995	0.788282614778971
0.301419122516166	0.315744129413165
1.01525834458716	0.463376073407557
0.549554242072271	0.404171102352066
-0.0252297091962178	0.0176218636675516
-0.178748834618947	0.158013954531387
1.16894095062785	1.28352929452737
0.726654795367939	0.419637340838754
-1.87163703513491	0.798055703152648
0.138719287628381	0.0278738142929699
-2.12690964206467	1.01697625252992
-0.393621163963244	0.119864422038082
-0.281712242141137	0.0947752534596695
0.311522530512348	0.292708585458302
0.6587703207215	0.81359351514862
0.476453099905254	0.501991362431401
0.533817072207494	0.501738072900809
0.383730853562928	0.268412921569142
2.09376014318142	2.41631695093758
0.254969556686786	0.158628685310309
-0.550860015673246	0.522203776578948
0.103498360277619	0.0888856049563442
0.2347847220696	0.163931689842043
0.543349084301163	0.400289375513614
0.455945705801187	0.382649099324832
0.115457961933129	0.0990726434599526
0.493197212812166	0.276949928201772
0.59020062333959	0.395923109353632
-0.980204359536076	1.35880162331877
0.392472277186044	0.395712654161039
0.23341650733403	0.206300447894501
1.77608817898954	0.693522043360598
0.918345124738017	0.251770863873478
-0.658213786449221	0.169205854171519
-0.393621163963244	0.119864422038082
-0.844206612587396	0.480495817213885
0.584030811177172	0.59910281269355
0.313836386488719	0.295430870574908
0.996401702535692	0.456914883159444
-0.130739170781465	0.098171946424098
0.150549341798486	0.118372282354047
-0.0226685928031716	0.0130600646808314
-0.526162103614605	0.353923124974031
-0.00146301914963485	0.000921032295678796
0.242089578190319	0.177106324797688
0.603341026212846	0.627907702017601
-0.347294376578738	0.341525606093457
0.113243622927887	0.0721472082913777
-0.0415049822333201	0.0226120403618255
-0.152834742254814	0.126722874715615
-1.17674783681612	0.370172278890225
-0.280299952976662	0.0962838321108
-0.158478971143183	0.0659657454524356
0.544985969211398	0.267522293966552
0.0997458999507606	0.0288935832198207
0.254705107643807	0.156888043356016
2.28495830232301	2.56725060044024
0.716849180061055	0.757631152080398
0.135038495098329	0.0997665700107239
-0.000876338925253286	0.000567147364499345
0.44009036265852	0.25764155178102
0.508111141901514	0.391023843141453
0.236636976489962	0.168891606471914
-0.0646439889693338	0.044707261143028
0.060356276184821	0.043085904825038
-0.105850792382738	0.0798419479519714
-0.465719166219971	0.255962326119678
-1.10579821921964	0.898284500597822
-0.0347725719609404	0.0278928396726896
0.72497457071871	0.399846487414392
0.0880458975088781	0.0296251999526822
0.128027679904292	0.0316060204053509
-1.04656340435999	0.531129657478768
0.06808787595938	0.0645408688964852
0.853964281045703	0.717004652053912
0.464604419058914	0.499312934942828
-1.01096205399886	1.62361675791667
0.558303773011238	0.671379386946824
0.662757604721791	0.740123281072579
0.0964429942072727	0.0531885002838664
0.262053540085783	0.153236025891056
1.18175589650525	0.962929034975586
0.313813872038587	0.261192549151428
0.170150134013373	0.16789396249898
0.143466121786563	0.102045257053496
0.875923269745278	0.954288265375
1.59671901009887	1.44539705380691
0.0227324862444778	0.0171185157058729
0.736118672758392	0.434896126387225
0.493871959773371	0.472981706800527
0.0647258366010946	0.0478713386790721
-0.299302866629719	0.157643767869358
-0.0403543784799874	0.0225050414065143
0.297885377419703	0.146052762385212
0.31596024733251	0.318905071879461
0.518484946135597	0.579697004894943
0.235381939845909	0.193572270807387
-0.46405354033661	0.589424909822068
-0.056808009242103	0.050308087968252
-0.71346045611229	0.772882843869185
-0.187819136622076	0.182567890273703
0.736473261276142	0.42351135143973
-0.456299403032284	0.262888154706142
1.33847093914309	0.956574902562178
0.401341428415036	0.249107839320279
-0.765971662735171	0.741610572650525
0.518592610292739	0.69476587364917
0.454838890800488	0.5021187600408
0.652552263919556	0.4125752707719
1.08215504375035	1.17173317826813
1.05927333110382	0.916321779971057
-0.454651816882088	0.200627796102784
0.0956777961788805	0.0411536887586267
0.239745582265894	0.227623390705657
0.351575381891282	0.277187055210531
0.726504724637019	1.02314465594083
0.232820605668497	0.161524163150027
0.423978299880726	0.354272890456793
-0.604588435740464	0.377468521462107
0.0703023322217181	0.0514729201829881
-0.269443943779963	0.214003431613146
0.665515625238598	0.759454748121051
0.697689591134744	0.653932970410926
0.224516999841722	0.201527902751658
0.327842034896285	0.28456367765488
1.17401566933962	1.43441568761775
0.267988350811699	0.148685505354639
0.0922835972050192	0.0731729358835329
-0.0889057706794441	0.0579908208658117
0.460186827147263	0.495399087032513
0.342415416248105	0.283196304945618
0.236685013315042	0.154192868389932
-0.697531606602796	0.743269706831975
1.06543973828662	0.912979044238168
0.229121304462184	0.162988861712365
1.59217151518345	2.52220167929341
0.68683004662816	0.908530821958909
0.486759843915131	0.280143344274786
0.131900008878927	0.088746019250501
0.55966678040705	0.488081672443144
0.031224806031119	0.0201918245765291
0.129088827352084	0.0848839872967136
-0.139030031177697	0.0889773550582661
1.41384623483254	0.477540905589309
0.126375943449661	0.0319134740433349
-0.841962242118397	0.47349339814642
-0.213643801224123	0.0789379510053507
0.0880732014716776	0.0338742930393662
-0.759046909883546	0.78400300895051
-0.399011883975934	0.335244423696174
0.112851050230247	0.0694972296655639
0.23444854518282	0.19811018088706
0.313296576092813	0.308264729986744
1.07505691930273	1.07733257595708
0.73123355662501	0.561476027117329
0.595244959825677	0.608674209079405
0.533205270818003	0.50688115569712
0.47122028428453	0.496463732895852
0.883629735973856	1.33914904430654
0.102626680952978	0.0604377597112347
-0.0676106098001157	0.0339612387351167
-0.00636666827869974	0.00382428599905256
0.797251537492112	0.994150252506131
1.56055390192416	2.38147820548244
0.083222637201054	0.0632646482811775
0.38144929244641	0.256522988186436
0.24396502933773	0.148363094435667
-0.0912840600507633	0.0443999522690034
0.56127704674114	0.511461826643818
-0.311830930845319	0.262934466576234
0.245015479528545	0.16020070394828
0.299740340259104	0.286163937618709
0.46092088226838	0.371610014526337
0.247182188860386	0.189202292651507
-0.0172653178095231	0.012369418853262
0.0200681466566982	0.0148814128731883
0.101264560169537	0.0292214131015319
0.0943237797031967	0.036010680575633
0.0914762184725871	0.042945205489041
0.978457840153927	0.367876101895134
0.485206021478635	0.269495539921017
-1.15632027018835	0.786603208204121
-0.221430422641976	0.156251180405782
0.707626044584974	0.860842189221431
0.530203310865691	0.603370547519257
0.525772253841439	0.593418728088672
0.166626779571671	0.153408907465264
0.545950152419578	0.606138519821333
-0.0908928232167804	0.0599437185927977
-1.0517307379923	1.25743618482905
-0.969432345199051	0.831892538556666
-0.00357484007750686	0.00217269560166661
0.981127490454767	1.22618254954405
0.23527504901635	0.190432527520906
-0.22248019585666	0.170666628067225
-0.180481514792663	0.13310755852488
0.238598911802378	0.156998017007769
0.871641127623199	1.12030395617212
0.872527788688058	1.07098428364245
0.453344736826162	0.385862261288986
1.02395727573364	1.33454947102886
0.625512549539427	0.633071467538574
0.621070998679292	0.515946807250191
0.333266780578536	0.28031629823485
0.321758572985066	0.303130593122637
0.662854039296675	0.654618665216052
0.106009710390907	0.0573257325835032
0.092430463780423	0.0316440246403066
0.0916554739032277	0.039581692872804
-0.845660973318415	0.472127804232127
0.0925712695972077	0.0469967617192391
-0.208463491210572	0.0797823684807007
0.981814726256665	0.380149009169237
1.51070508787369	0.752996705440341
0.348426127906252	0.262046494337132
-0.665068580649702	0.322983167317811
0.0542052448789679	0.039189916299324
-0.271685437441659	0.202051485444624
0.799353234051594	0.555306579459223
1.02372018304168	1.11942434911883
0.239971571033636	0.197482845585505
0.165310913379269	0.143203922071194
0.185247737302083	0.160533803352369
-0.331572293692615	0.212398785752867
-0.988757274609727	0.722052259292206
1.0767610516435	1.03090550366252
0.120002125335069	0.0784984322862332
0.581693222959574	0.624248322105714
0.368235233479873	0.270675639063037
0.0387293529533598	0.0265072539139103
0.799208507844455	0.898679840737292
0.163265749780263	0.136618285953582
0.713344991433165	0.868118089590423
-0.112825972907953	0.0514543730457524
0.758425159564988	0.309167694316217
-1.52994634006103	1.06412089978121
0.674547516508485	0.541489277709161
-0.528545638184961	0.457695092604647
-0.853654665062504	0.590982278743601
-0.0538746201762601	0.0362514296427019
1.03103836951995	0.637669048481874
1.21445212403057	0.662443343608802
0.241197846912002	0.165829190699422
0.307018223517447	0.294033113072535
0.260499303349894	0.14904446327617
-0.0466672582587345	0.025730286837086
-0.0656499798789463	0.0341190808572664
0.108855579598517	0.0642674895658531
0.395848173540223	0.366386351013622
0.13102448138665	0.0934058064232025
-0.0193530497572273	0.0135170364065546
-0.0722671640162728	0.0522700113835704
0.338696311512168	0.147163527370095
1.41626550166476	0.466149804352209
0.120588064218409	0.0297965109543033
0.739700300743944	0.432266277976494
0.271755351638691	0.154372008148818
0.380631831929828	0.262028972347731
-0.293214055891404	0.188217147480784
-0.331245270257852	0.211702817695184
0.587971122937103	0.382297135857671
-0.599674994128484	0.519958006742514
-0.298935363364918	0.151904943435663
0.664090534398028	0.638763304416539
0.0916631942233893	0.0432980766174156
1.26559377574663	0.529982882552716
1.26407542845912	0.550669138194053
0.733491533481301	0.425983766401365
0.445242296658825	0.274086457303122
0.901549256801434	0.589597041513306
0.381370525599376	0.404757980481147
0.389361895338956	0.389526782914085
-0.027625195342174	0.0157466848356057
-0.0275954397142254	0.0156999733621505
0.5869857164233	0.61373978749243
0.318438215868592	0.28673070994211
0.26311061758449	0.148687717456835
-0.850767810932874	0.66726100995187
1.07233376335553	1.0402208118531
-0.270493523539731	0.209234989894583
0.322252486324475	0.29779231165695
0.238587117649747	0.220102697754313
0.342335555489227	0.270689573466889
0.161790147441854	0.129969166111479
0.562618546059589	0.616128495577627
-0.656493603036432	0.164060826310612
0.308546152090047	0.15171362524107
-0.302445120250273	0.157394308646993
0.137755951151155	0.0278992132091276
-0.281712242141137	0.0947752534596695
0.918275442591791	0.247308948421495
0.133001746506622	0.0266815972730519
0.119758667615109	0.0303981902496583
1.17850061760146	1.0811507825371
0.863960068370796	1.02458045817746
0.130841622240127	0.0917008201479595
-0.0173034151838853	0.0124374261637319
0.657963481824295	0.628687322540372
-0.0884683852331225	0.0690668817163615
-0.10913929102699	0.0699486343948068
0.0345419503374148	0.0225023979691644
-0.301274042392179	0.154232580239968
1.21049511869255	0.647847850716796
0.732529529739479	0.415933210316221
0.238321112631517	0.158907789267631
0.445051198785006	0.371654492122496
0.100058304170902	0.0499163288828641
0.481040502493852	0.39316776544251
0.0912860099159058	0.0721477492850471
0.907592890870261	1.31494870733533
-0.444575146301384	0.363379180017344
-0.0849023375109523	0.0553834712193652
0.421040719958399	0.370128412136924
0.626321096543353	0.282018118013976
0.114551885165333	0.0709121335312195
-0.0456724031875779	0.0240450383983654
0.0183350521851747	0.011867343651913
0.313511819341606	0.263865462613497
0.240822696684046	0.16213129442356
0.782458831859524	0.662391763052393
0.23660731489112	0.199992838553694
0.341525639686586	0.296574100115219
1.11290314227381	1.42494469761669
0.250854694917283	0.155970600987186
0.0922177968077792	0.0762855271204456
0.899871787972419	1.18984987336316
1.27248078426208	0.573384827718089
-0.981818990201441	0.699784847196983
-0.984308535073445	0.713348399392903
0.619669786755726	0.197421523304085
0.759118792608063	0.322164303162132
0.122168775868496	0.0301544797908612
0.48441099722608	0.264219613082573
1.33924995067499	1.00457559836354
-0.064317823443682	0.0441265779983907
-0.169251941309689	0.103684230220871
0.466449517949867	0.38573781357818
-0.53126478381559	0.468004370601737
-1.49442293442011	1.62540994025571
0.40582282895063	0.258855616719021
-0.0404033513738648	0.022134859800974
1.29704422003626	1.1489943698322
0.759875906981215	0.323268666900645
0.551673370860306	0.288091869950193
0.748485713102074	0.791989778247493
0.236600139826986	0.162954986450568
0.596334296255763	0.375831536849736
0.893617613220633	0.829721051694479
0.558804226694328	0.594402724251435
0.158571207546728	0.141618845602492
0.0577093247232633	0.0485477929219537
-0.112672092421626	0.12246793975153
0.0476620000172714	0.0329642938837318
0.687000420796103	0.646253177531466
0.668676583371878	0.527361846269359
0.0113231873949713	0.00862532419290617
0.354761271784852	0.494343781370692
0.274776777434371	0.336512393825961
0.236915446788438	0.18935591441797
1.19989131884168	2.44759643056144
-0.53244057466255	0.470453126286358
0.252818938039012	0.176290059374266
0.739372566564958	0.922025289383532
-0.180070756460728	0.171453185712582
0.0307598801459324	0.0281811956991254
-0.27302680112725	0.210477807113151
-0.117470354579638	0.0763826224688387
-0.473821278668755	0.395373015041436
-0.504136620444704	0.395363421142385
-0.34332341167391	0.3380977474851
0.51195661681933	0.656655236371415
0.180288392112389	0.189323464762803
0.406956816535264	0.39030007263107
0.852700834673484	0.70702788371186
0.660564755822047	0.627229097273628
-0.122160419438636	0.0539074849631642
0.305051887455248	0.151842908881206
0.0945876252230541	0.0431124233114475
-0.165146579428657	0.119473284374045
0.70912707645401	0.751611754289615
-0.143712050063561	0.0912546536302681
0.670638224398604	0.515657162878804
-1.38029098160224	0.857779958424441
0.351493431323138	0.2704136445862
0.246914341769056	0.164011107842011
0.740702774607203	0.752263613876942
0.235892962593397	0.181205658640479
0.989512202352704	0.963849310032926
-0.638350387390318	0.460065737671762
0.114630652014027	0.0723821818253888
1.04812694482829	0.77408476253144
-0.397697961154699	0.297105458193667
-0.0603464848010222	0.0315378490732325
-0.390519807082347	0.237894981409433
-0.116552999238729	0.0773279884760348
0.418187126124278	0.370944556020912
-0.183240864235262	0.152254854409439
0.241820492055037	0.210103692762659
0.242492616030492	0.170446617806263
0.563579797946745	0.521301010065477
0.305643053971415	0.152906785764676
0.735258854497475	0.684448012072199
0.243339235770469	0.159634858835839
0.973122317051316	0.874099001816087
0.417094951062858	0.379360820377909
0.815450034899892	0.985773710472462
0.463628932001118	0.382709740377153
0.509271901421932	0.376693958032088
0.235083340345738	0.217893296710621
0.329250372078927	0.282984470704726
-0.11534053063646	0.0749650061447237
-0.0149779377384054	0.0106083211440422
0.377130536930674	0.382370926932187
0.118414429628535	0.0675932026541736
0.40380924902538	0.256338452743794
-0.300624009285875	0.198462994187889
-0.222723338767727	0.15648368983166
0.060162661376984	0.0434378231047906
-0.203121716064273	0.180972877509618
0.405530767923779	0.263897861140002
-1.00327312249485	0.630301657731701
-1.31406993928156	1.22529328348862
0.152710850680568	0.1225221530399
0.602815757713147	0.623532617314371
0.0429550653714561	0.0355392398143988
0.0986301972329265	0.0838101472557455
0.0808843797825984	0.0638455691592022
0.722245945616194	0.537425953929916
0.4427286383335	0.265050819458215
0.306001534709239	0.149950991934214
0.980362245326679	0.381549299599289
-0.833527606888609	0.386746422382931
0.918345124738017	0.251770863873478
1.41386367877426	0.473155121604025
0.0894793729975313	0.0308356082297688
0.119768733677103	0.0296032485712676
0.467626008291901	0.163345963881305
0.137884050032568	0.0276312070347514
0.0916047599702922	0.0299510155264552
0.338545421049177	0.152865544295808
0.148252484073067	0.113819425237115
0.0398405969245913	0.0273870915469995
0.0529618899601178	0.0377283024403295
0.926452319171983	0.959570287797093
-0.305160544929942	0.238320025144384
-0.613307878242432	0.550147165253898
0.169982896283755	0.140946976293466
0.936351529515127	0.726688764406399
0.271944299302523	0.142988545835759
-0.852858307372927	0.593285230848532
0.242083041123137	0.203371756211551
0.0629546039423841	0.046595303762375
-0.475533526648118	0.430347571608473
0.228624709501825	0.1685665549229
0.100962706735513	0.0860592988801647
0.249386352445299	0.155823001155336
0.0892583607227756	0.0337235220824816
0.639908426641864	0.287962665269065
0.34789603583944	0.275297403130242
0.39268390243608	0.275077994550114
0.119305281253807	0.079705711225146
0.346852149759106	0.27824461676675
0.0671797744315267	0.0500316124948855
0.309870374061608	0.304068089584595
0.172005261679229	0.157729355626998
-0.202566069617297	0.164695457142802
-0.0240000415598151	0.0140142708253482
-0.0856384361384329	0.0421203291355903
0.721665506780183	0.616757739998721
0.595207039901718	0.407158446395034
0.554698072795487	0.486130278235921
-0.136988391720188	0.124744408417291
-0.346397484621422	0.327463640878356
0.102917538427786	0.0576803726199605
-0.0389953732555577	0.021487034851507
0.954450954753491	1.20888468028416
-0.940087693576541	1.21157939555268
0.510970048842998	0.594349499833355
0.573994121077833	0.61187993289332
-0.0288212788334497	0.0260050340105311
1.04734122256561	0.772592551543204
0.407877612523109	0.468726091495033
0.334382712887992	0.138306935688826
0.123992992257102	0.0305517440388786
-0.398765859223418	0.115667052413358
0.618073101920439	0.196825091913243
0.624537452032742	0.192015229802692
0.918275442591791	0.247308948421495
-1.87003347535541	0.792495066482564
-0.209295304134696	0.0774863737836897
0.92006321585776	0.24584935325024
2.7450953117107	0.850545342743371
-0.659035817517921	0.164780868926832
-0.777784910101698	0.276721483443641
0.759151709455524	0.328075522385039
2.50922320369068	1.36629328812906
0.65186317427685	0.721114154717003
0.0611828227799126	0.0427277599577181
-0.208815516435001	0.166198971960915
0.027705356299313	0.0216895036071222
0.385709456858136	0.259565471062211
-0.528421015711979	0.460279937163221
0.62387121183675	0.533948839832762
-1.08657748471554	0.435303668221497
-0.579520249813897	0.219908869830057
0.849464875961603	0.68688091150249
-0.394094070052769	0.332360931952815
-0.665535007839771	0.776787301388997
0.462705319737259	0.497201569083843
1.03335577589693	0.625740854757048
0.239262887288674	0.23968097863663
0.381475146462724	0.262152906511473
0.105417169360707	0.0587888765605184
0.228351858820063	0.19319192634108
-0.0888137636230668	0.0601147462360746
0.0178281578353936	0.0136398696693668
-0.054746178565557	0.048749718090098
-0.53060675228222	0.356380808793387
0.0903537424261527	0.0338866848497891
0.262889191889584	0.15444568129626
-0.202602327257959	0.119102611526086
-0.958283232500393	0.875148579931517
0.134117682616603	0.0972501507399983
0.0950179742183519	0.0800029527315037
0.418492093327116	0.395573029327081
-0.122345563763403	0.0541059347895018
-0.70690265180259	0.437048738464779
-0.356251223743032	0.267816158081614
-0.438000063786665	0.455499986688553
0.0508297616402856	0.042746015680149
-1.00077911752068	1.29764041952919
0.146635740744168	0.109557171287025
0.449547997412846	0.496010433531683
0.336569961502234	0.150204927931877
0.614428036976078	0.193840908662857
-0.277603055226522	0.09337462798677
0.618029646606178	0.195815538712146
-2.58558390776956	0.743326333733362
1.51300298333454	0.755158890580686
0.335366728792092	0.150529664541535
-1.56686068885023	0.577817962429415
0.123976331196576	0.0321704885802751
0.0847849256210258	0.0291165393016752
-0.394401683291924	0.117397243044943
2.74742756837137	0.826246481115038
0.0367468150813343	0.0251341442622479
0.878425601567992	0.974091217653172
-0.207955700914221	0.123632633634698
-1.03481855931842	0.525258317150982
0.797234219383952	0.544178089354934
-0.917623399078334	1.00009447172432
0.151253710706912	0.12130235533503
0.498220828622896	0.492305322035859
0.635463389019506	0.303993219626647
1.4119819321648	1.31810536319891
0.117942567499706	0.10581463158245
0.0829627468172723	0.0779571996252064
0.116296186470434	0.105981576134195
-0.26025542272868	0.193951885466193
0.0682657011376864	0.0477983852917106
-0.659748172511302	0.317394398205019
-0.526725625462865	0.358363385659627
0.112392230550568	0.0715707302325203
0.310636676872361	0.321986825301638
-0.0398395609948802	0.0308670182070555
-0.441504988723726	0.35926829043825
0.101171902590485	0.0577581110073318
0.393277916685134	0.267548108375483
0.149166878809827	0.111599358185474
0.0652992906518024	0.0487987016457987
0.0263011789237026	0.0209064166894615
0.120805275501236	0.117945484886593
0.173606268346681	0.169076468132161
0.0840736656759975	0.0287902746595554
0.788400825797726	0.777460866979353
0.334540451565773	0.39208765163453
0.459607069421143	0.494177613436435
0.301058593923609	0.149190830351836
2.0610926524924	0.930332694781317
0.133001746506622	0.0266815972730519
0.622852637035919	0.197576085447396
0.12314188083723	0.0313348936138455
0.123976331196576	0.0321704885802751
1.41302712954348	0.474622792105401
1.263314277271	0.551485741714422
0.233894384293158	0.228001866530336
0.0512142026225994	0.0356461228048154
-0.116010010962064	0.0735130016289391
-0.124461005322082	0.102715061889113
0.344734706267409	0.271102344518653
0.0253034808937905	0.0167126915748428
-0.16888463509315	0.10015361800963
2.06292146409438	0.933101661596274
-0.393621163963244	0.119864422038082
2.06679605066394	1.4288918097712
-1.04345421945591	1.47581218987717
0.229904863891643	0.1955215725374
0.235981123368901	0.23708059218717
0.309176005009717	0.306137228204883
0.236901780688639	0.235777610303117
0.231647499366589	0.183835699542885
0.23680416350472	0.169845908551697
-0.0939279322718146	0.0799610673227704
0.584527966761469	0.623143335124749
0.245384824483588	0.189763999517254
0.546090892938314	0.371647319541369
1.49429320294994	2.17644159059939
0.0796504743517921	0.0628663318979121
0.579495311316919	0.6779295041597
-0.0332762365071415	0.0232012465331253
0.342041185389314	0.286067756810546
-0.845071628361389	0.476380912738892
0.371464367193309	0.266599803924715
-0.832235270848542	0.846184774692451
0.52821986770786	0.596942832027105
-0.468828451509131	0.512001838038981
-0.00753026253581242	0.00539151440857695
-0.506734350607232	0.483148302143007
-0.610744495727307	0.57699917039056
0.172483044125182	0.1565584533889
0.381816767442532	0.37478730346378
0.168172804554059	0.14894963037882
-0.150480286947536	0.131077936750012
-0.849439803717207	0.470654678564983
0.692378589957767	0.64288731285678
0.440534005584452	0.49123640032894
0.64455610920273	0.886808482142994
1.61501460757359	2.76877057698459
0.762103935148928	0.328952881693488
0.919169589288512	0.253262641873265
0.344013562646004	0.150956430816782
0.0819738573293367	0.0300069757625887
0.125627183001861	0.0310455014134657
0.852229823069371	0.420414479145607
0.495454522089107	0.474698261448308
0.407129651050247	0.389668477714623
-0.186026238279375	0.135022511519551
-0.684646710996484	0.619978782053782
0.138034113084288	0.0974940806694158
0.126646996823975	0.0884525256312247
-1.26679063559585	1.54215749367673
-0.757652999951235	0.623866207597558
0.104629917770844	0.061947142878207
-0.208371308605115	0.0790263791357757
-0.202097466901836	0.0741038057058087
-0.655835483954822	0.52846976216667
0.355833346480195	0.277879040472323
-0.455503999538677	0.328695940428741
0.133980639496379	0.0988392563518135
0.065692833864574	0.0493165133279766
0.783503422574568	0.876457650717834
0.237441180798201	0.229983594917865
0.523264687217436	0.66878050728897
0.435853073398662	0.565694786490333
0.313959755383926	0.306387334860536
0.713820117464905	0.774635649286137
0.565216791267988	0.5078351699746
0.15370964672996	0.117166867987782
-0.313015947359002	0.238612554143024
0.232614825936116	0.223423251726015
-0.188593040688173	0.212267656542178
0.534766505217935	0.846922543422666
-0.293113739945802	0.287865516655559
-0.126203343604572	0.127019771168963
-0.0423154250506068	0.0288310772911789
0.408996139760737	0.393277170510865
0.409109244223952	0.392249454485469
0.156219576295899	0.137016397612864
0.0673443423353112	0.061952043478607
-0.0298648318288074	0.0206522121019355
-0.460844278056637	0.320819006518044
0.0392792018549952	0.0269511276350907
-0.132005770264253	0.108326324371928
-0.0124801205174847	0.0114396900264139
-0.0600753145864546	0.0529689701271602
0.290420389711236	0.30336533760243
0.244437289191508	0.164934801772121
0.229304778861603	0.170359012646638
0.355310985605815	0.277639444518695
0.0586657791108384	0.0607923673469635
-0.877513170498801	1.10756627309524
-0.387770455239741	0.339179032214588
0.132695958591227	0.0952854271545202
-0.338601157362098	0.212823776610457
-0.112663079069835	0.0746097376457776
-0.119250961260854	0.0748299819787501
0.582739916571732	0.49893007094042
-0.304146110419653	0.236455637216294
-0.618874102612391	0.580694522302106
0.467063305190422	0.38265622973615
-0.391929542868084	0.45209681670768
-0.13336797239482	0.111950129715436
0.362565959926495	0.273257127314778
0.777189693567186	0.651801930979899
-0.987346848932223	0.731918917181654
0.595761539972641	0.399442438065857
0.243632061510533	0.158569622697589
0.231379754677325	0.184863044713593
0.0771752510528616	0.0596240473888436
0.0187603744706587	0.0165094453683285
-0.162569287877673	0.147015730318649
0.326426211728674	0.278832098182604
-0.494174276017955	0.395085585142913
-0.0584606338898435	0.0301315825094542
1.07063922930101	1.06331050292957
-0.117470354579638	0.0763826224688387
0.181343675618367	0.1643765311552
-0.20363743594995	0.213383196709399
0.467984090580407	0.392006332157379
-0.0190045278521587	0.0108484631152349
-0.577606123638897	0.559120618533351
-0.759914968729494	0.950017363233977
-0.653985883815532	0.781342943403322
-0.175167495382133	0.155788403984109
0.222656658812079	0.246989611047864
0.5957105092419	0.52145619468215
-0.685042093716663	0.616747477483215
0.634563313471016	0.716080965374789
-0.142344610400219	0.10171949558753
-0.614669936150634	0.58837028563027
0.312940361089784	0.29174820162601
0.30796703709692	0.292075167967267
0.460422539662213	0.385376310340295
-0.44698665627254	0.357460638094017
-0.911074622040646	0.992084820861975
0.141814925476607	0.107966835450123
-0.234298164500604	0.188989977148497
0.50923412958126	0.475730608043104
-0.595757073605981	0.52428202716502
-0.115060932722674	0.0510267066925418
-0.671087404532541	0.325751138355574
0.79773764658303	0.556242357120783
0.154380644036568	0.125610953008778
0.735077910309089	0.663641365579289
0.931109448993861	1.00019868372074
0.349432647321257	0.282732083469423
1.16588699888644	1.15658431998278
0.34764827486782	0.278339792353957
0.0446467521732938	0.030329805404881
0.241451624056441	0.186569776422609
-0.436069411227236	0.455954280765963
0.093236169422476	0.0727788712235309
0.611218895253599	0.695565144762972
-0.560008354311396	0.644893427838429
-0.402234153919	0.302924948948742
-0.287021021657043	0.192923627721367
0.103473697669742	0.0614239983612459
-0.114297199760123	0.074893221440986
0.122968068543743	0.0837591610132481
-0.333748600738648	0.35739426810076
-0.145522306475309	0.143046723426483
-0.182665984752979	0.124189832772535
0.256056947249554	0.147817582752826
-0.0277158594927253	0.0197239574222086
0.246450346022921	0.194808073211186
0.0498010214885191	0.0343862253015974
0.4010454660131	0.447698123248085
0.579200696995839	0.595412757705422
0.790618942228069	0.681277436281081
0.123976331196576	0.0321704885802751
1.26739713079873	0.554604139276196
0.629782654563099	0.539337211110651
-1.15804904546563	0.771170472055891
-0.143514745397266	0.0919176444883366
-0.619619513818656	0.620999704355725
0.709845606803045	0.741968137745115
1.19752136026991	1.85694407679158
0.659393798363679	0.792686252626575
-0.398593247711696	0.41549810898934
-0.769378890924269	0.941079243101271
0.02954417075563	0.0196017721864135
0.42946163008449	0.374622749142253
0.44722948518362	0.389611928058125
-0.840420301203047	0.45879861790355
0.338858903188704	0.148979854214179
0.298063996807792	0.145303315245859
0.433472827926495	0.389162851090416
0.429259242670943	0.384722793296293
0.53363723229515	0.495618331152428
0.0357090953792024	0.024286562193268
0.653531094988184	0.420679131692645
0.634163390151346	0.516469941466371
0.872604183688785	0.892863060381766
0.136853705231717	0.0947111302419926
0.343197431107975	0.266847200635203
0.24181429282484	0.219061281547957
0.48826399070117	0.593293080424654
0.335252171449107	0.262352182461952
-0.562362295743638	0.429510885613284
0.133560421918837	0.0973168444952466
-0.0872470255093063	0.0676345064803404
-0.0310395185561112	0.0209703209102891
0.493454177879798	0.59653459568233
0.234150028316886	0.209000541860185
0.0346245726809414	0.0225781768289555
-0.525622909922627	0.346706429410532
0.344661913223468	0.282017553103957
-0.312600691868607	0.238958452874022
-0.772132267926051	0.740079793690348
-0.00395618169630909	0.00328255046218982
-0.610914352952364	0.582602332141317
0.388725960817856	0.382047056445486
0.242779199536819	0.162004735653539
-0.637794363131519	0.481337054062827
-0.484452557160066	0.420712114883347
-0.125976831209461	0.0955970132646906
0.101569685131412	0.0307149682701934
0.930729940714752	0.742154067357805
0.61962621063934	0.201522244647387
0.470627931693329	0.168506458901295
1.41710308006197	0.47536552720666
0.339747880562997	0.152520187504419
0.295038990446405	0.134847984995577
-0.0156415059556795	0.00891657254448985
-1.21249537863621	1.0991949334547
0.785453248195349	0.778534983409179
-0.278926446675964	0.244093090683147
-0.273631767450585	0.234694725420699
0.436204708179014	0.396806925219618
-0.0269745141532758	0.0208832929731042
0.325695600792121	0.26576597156669
0.728015072644208	0.655305117834303
-0.0306724424258803	0.0173172165562986
0.39609250795623	0.26851015902261
-0.302404785230918	0.152792490130831
1.18734792993034	0.769551966902681
0.121518132154147	0.0742532320037703
-0.106739164544694	0.0817214959786692
-0.206775470908839	0.168959362919054
0.55323174462662	0.281306713828379
0.078709487312199	0.0603188607537442
1.32183679416504	1.88454216360083
0.0451318096198979	0.036227139032748
0.050543413160323	0.0412411875477903
-0.350718633515272	0.295297546566595
-0.274697239090244	0.207395427625391
0.230727095374276	0.209084898145976
-0.70299699277292	0.789715234576577
-0.635983827567086	0.669430640632398
0.241451616791813	0.244429689296738
0.0981417446595804	0.0835885818344679
-0.307304999872071	0.293061092503858
-0.526817342979724	0.444412235767378
-0.456162837674054	0.409969021066841
-0.818901368309951	0.944493132752192
0.0284857666109398	0.0186892389313836
-0.22982282536556	0.209250226778789
0.469551469829485	0.388569604346953
-0.414381935093016	0.354898516607407
0.238450537575312	0.179204016599174
0.254815519605988	0.159601815989805
-0.0188813344491847	0.0133067694802539
0.00403279315727064	0.00260109762244915
0.31551819494245	0.313770473973472
0.438709170566403	0.375497237443993
0.246040917868694	0.240094216738643
0.656114432220538	0.633829021599366
0.846177805641235	0.461006924813787
-0.580936385962364	0.225229390677656
0.385061149062538	0.157459754092218
-0.205809614360557	0.0751994593736149
1.41302712954348	0.474622792105401
0.277735671757789	0.152130390663334
0.843161814663994	0.453679265021089
0.0967088537933067	0.0532747785345101
0.450742375023231	0.390775617061799
0.650691161421672	0.420352325674081
0.235871135085875	0.164426808837901
-0.0852959110691322	0.0561000810132782
-0.595607372310563	0.493110595315827
-0.663101743303914	0.33510472661673
0.790989900769457	0.69203048446613
0.373227315899482	0.266283936283136
-0.468051374661028	0.268641136919712
0.3668959876154	0.270629893069095
0.626795447630498	0.520963151173282
1.63331776536912	1.75129842620584
0.23359875703421	0.18237362471963
-0.250821657495127	0.221756748476381
0.0936228576759516	0.0480438895806229
0.63547989007677	0.630435570787519
0.451782925076451	0.460625663859682
0.979507309273617	1.24364911261795
-0.249178661489072	0.173058008014333
-0.445268113126186	0.455284555303699
0.436464311671565	0.385888059546737
-0.250786636526469	0.217356002390189
0.00218071349895575	0.00158735941412292
0.234588676298581	0.198071415638081
-0.0992679303544558	0.0831267621848207
-0.332677418720852	0.341666578771041
-0.203876093759699	0.152841039380784
-0.691986432651994	0.741506047453398
-0.190246248755399	0.164195331047173
-0.549579560497467	0.51901299100778
-0.133592376333183	0.0987718225675565
0.240849220580858	0.190257898756006
0.113745025557302	0.0695854712928534
0.602381210750302	0.506167474738237
0.26059508268155	0.155240805511821
1.07092018444922	1.06726262488217
0.151456370208599	0.116301693566548
0.259185420299192	0.152993693393703
0.100112623623721	0.0297526627982564
0.618073101920439	0.196825091913243
-0.209111432031922	0.0799154240759525
-0.605150779093438	0.386831816427432
0.340072405808256	0.154433383888101
-0.457380704019731	0.202555844051342
1.263314277271	0.551485741714422
0.306365951969119	0.147457263034574
-0.280299952976662	0.0962838321108
0.088970809542526	0.0343502930519553
-0.339971149717651	0.222899052056087
0.629165663128219	0.642951488322959
0.232354148540861	0.17755953618649
-0.453973282217993	0.445990662307156
-0.173349300725408	0.138413661341983
-0.175511271201763	0.125498345421075
1.64700115948429	2.79814427206069
-0.531038136576715	0.455262619279856
0.872614209911268	0.952404408156051
0.544953672847195	0.395949564885926
0.347584918366713	0.263152635552343
0.101499588408771	0.0573674455744748
0.261431118352902	0.155050244255673
0.538891985717788	0.385269784507754
0.599641214483214	0.587762562146487
0.893811159857891	1.1037667808366
-0.0856492216016691	0.0576405453323005
-0.832389658825842	0.881381659062066
-0.548298690323113	0.523404533481918
0.249434880501979	0.151783833464207
0.748914033067642	0.739338090782349
0.565729947425903	0.509276151901311
-0.00694398185693587	0.00489841443435944
0.590420279212971	0.510750330907367
0.0276634280235338	0.0182134741723581
-0.290911042886125	0.283176727287013
0.284431361977025	0.152945764520496
0.111880151978497	0.066343818542906
-0.0173668888705245	0.0100247140570969
0.404963578556311	0.39816788429109
-0.631464615178373	0.619151029161948
0.311943705101434	0.290628081849559
0.231733500393674	0.218184268232033
0.064736900773377	0.0460622847181361
0.0661273897399154	0.0468908695230739
-0.389175902749817	0.321426787271985
0.0936123509530885	0.043285335288935
0.36699973565976	0.264466229700018
-0.190173852929089	0.151498163692364
0.467269388735168	0.506789178632773
-0.183351648200345	0.13491178682774
-0.130659961895779	0.0793259883369713
0.101518052668239	0.0560167118056866
0.418185627589645	0.387556265991499
0.354328504714161	0.404681110748138
1.38102360943544	1.4984521141437
0.649498635025757	0.803218252996236
0.0949857928377122	0.0442793155768781
0.126393621153963	0.0311080364966984
0.137755951151155	0.0278992132091276
0.123159074419786	0.0311724352253345
0.0879464083925876	0.0406947752868833
-1.38418137112807	0.860395438188756
0.630898947065519	0.272695161808429
0.104311464610557	0.0578464010323859
0.828144334598327	0.986211161876652
-0.257101904012684	0.176763398954992
-0.0887164849823228	0.0591482443476674
0.000139900358076078	0.0000128502890571665
0.830677261859435	0.907594009206689
0.763841920906123	0.904377396623779
-0.23421407591664	0.184462321127153
0.689013956422454	0.658618687506601
1.17399830749892	1.07826558465316
1.34045038109446	1.82329706561766
0.096457445104204	0.0825699580593459
0.237972570708365	0.190508057190351
-1.10476507298025	0.873043717347872
0.483445494781765	0.265529538413223
0.247101764017065	0.154626258749098
0.326901511699088	0.287423929152912
0.147075872669158	0.109951018592554
0.963800535299476	1.12300746067936
0.231482149780493	0.177195977379331
-1.78218665138871	1.40212086115381
0.150845985460547	0.119678516709139
0.0756712265095879	0.05679888954654
1.09586786456306	1.30143441436579
-0.0242691876683445	0.0139999647174899
0.485323175531705	0.384356369398898
-0.0425009534291	0.033816890954911
0.018939776451391	0.0143783562425263
0.310814662078633	0.324206789636733
0.509848052343074	0.604930099489204
0.600369983641375	0.590865618337916
0.350425575827714	0.268359910371846
-0.848251675463689	0.521374725338646
-0.21244854433329	0.150842514445736
-1.10055411608223	0.888747607494217
0.0328622145252911	0.0252653368150077
0.152824236965179	0.123071527251977
-1.02671533997267	1.29644820325719
0.331657676784984	0.143197647375441
0.48529100438498	0.383790960661415
-0.00890857504215057	0.00697732263553176
0.395445371674206	0.372745512581494
0.491291946155991	0.501252544706094
-0.0257130239420593	0.0147390613807751
0.780753255530297	0.673701313492617
0.923593095981748	1.44381736221677
0.381459610679347	0.395910486756721
0.533486248454242	0.584844170483559
0.086832256203749	0.0325782507526279
1.00004171972669	0.48779692512885
0.137884050032568	0.0276312070347514
0.12215771621549	0.0302029750573518
-0.248574173692163	0.135043647951841
0.0874502914880353	0.0328430349432493
0.0878719961339046	0.0299742279424608
0.919169589288512	0.253262641873265
-0.398765859223418	0.115667052413358
-1.87527437187244	0.792004216943924
0.894716064318787	0.59587541320047
1.06236622286857	0.883695008931938
-0.0374235997665738	0.0257265632094158
0.242177879118691	0.187272597632178
-0.124815213828658	0.094580509178944
-0.683709185527294	0.679656005478671
-0.46970675928712	0.395806832529573
-0.0678763665245475	0.0467566167919816
-0.0437188306827004	0.0287540275526007
0.117996621384245	0.100759179246721
-0.244114330571922	0.213871233729757
-0.597147182772731	0.680873912278258
1.03487695252674	0.624682160856786
0.438038564196391	0.460922731386244
-1.79771985651342	0.446675792418859
0.563456120878436	0.616674899529042
0.0846524636867096	0.0675706883054569
0.462142202132686	0.388700675247859
-0.668383552419654	0.560804662447837
-0.413902784803275	0.383744763936899
0.306954662806846	0.305118374132257
0.103479920923372	0.0573377013034825
0.41165475174897	0.270370182540286
0.234207233161909	0.198519285667426
-0.126838869254828	0.102638418014784
0.178692371419839	0.167024037828359
0.638545035748204	0.62897586435932
-1.00154977289853	0.994467847611846
0.506728613588021	0.387839735069502
0.73005927206138	0.630962023366074
-1.06848092364478	0.948415661541028
0.623207783757	0.605579071255649
0.42508784642498	0.396973760764282
-0.00691848308603875	0.0039601383455783
-0.455539878959942	0.196385770519542
0.240763121573174	0.169686584416357
1.19134382189608	1.68817890518328
0.481385272518127	0.496680029455854
0.404585133946127	0.401743945968126
0.473092301009986	0.491499603715661
0.842732774107206	0.444779998550083
0.12481030733302	0.0314878944324265
0.981172282856903	0.372017532625154
1.41302712954348	0.474622792105401
0.917450959998032	0.245901902240519
-0.829181311004835	0.3856706502031
1.215505170317	0.676892139961638
0.552862801687898	0.286874156005202
1.70649409346067	1.602303636241
1.07452718842544	1.4864190764881
-1.06764205309781	0.978929790469658
-0.432471556484264	0.383984320085203
-0.0697445987483403	0.0475942447015372
-0.309597926993093	0.266929118987662
0.0759521133129094	0.0580686898158032
0.177954811657547	0.144568241704182
0.241552432885678	0.193174892204571
0.22991475713481	0.189626543877932
1.18961790544578	1.5117291003798
0.34158796877556	0.278784652887036
-0.155380428679437	0.140459841295197
0.237458091562127	0.201740454680813
0.116789381264965	0.0718436430053311
0.684293096639382	0.727723168226218
0.47437431149723	0.501685831361587
0.412068218989355	0.39465112615852
-0.657392185827201	0.165268089701776
-1.79771985651342	0.446675792418859
-0.659068154597198	0.161931270968355
0.100920675016912	0.0300396418178653
1.95838308976339	0.512785793969077
1.19543651549544	0.813470018947441
0.382084270379887	0.152906320776562
0.233272612114471	0.243215451374813
1.07201871981588	1.07304850907897
0.544682245810314	0.38136493825761
0.417132222231238	0.394137204413505
0.0150577598587953	0.0132535449922053
0.808706249423847	0.566114433072241
0.49421118197182	0.502245469466344
-0.0171777698925526	0.0138718815600319
0.584616127494184	0.487999767831289
0.992196416119877	1.01705335324949
0.309680257905965	0.298119117492896
0.39987959737272	0.392662201127081
0.000553949020481679	0.000351750438543703
-0.0919571055743294	0.0837668199334672
0.0499773654390369	0.035385344923743
0.375235088263239	0.246510824841874
1.08242143438549	1.1700504027669
0.107346355311776	0.0662238676754611
-0.176012324664457	0.107499448161512
-0.648097377999445	0.735322997904556
0.722109562450304	0.958464702002957
0.512565576105946	0.377728407131655
0.357441712709932	0.269344120650742
0.765797615742342	0.752729376862081
0.0323476690823664	0.0244639647892152
0.164364833597288	0.144515741689609
0.446245954858495	0.479137658205738
0.307603467770794	0.291883472807559
1.22130414290339	0.670126430566298
-0.842551647984298	0.469283231163224
0.75904413849756	0.318298937795846
-1.08595621047459	0.464313506493711
0.753749676151635	0.318868432860987
-1.0394255329186	0.540387477789303
0.300200939467859	0.146531561671368
0.405253921843217	0.261841093757035
-0.388030797108711	0.317840297496818
-0.000180069638953405	0.000197529788848423
-1.61781235118477	1.58243773601086
0.404386574206335	0.401047779576527
-0.0460976660519528	0.03651722216102
0.65031489466941	0.897451692109234
-0.154697709946204	0.128352465518807
-0.119335464913436	0.0750560877991631
1.01616796818064	1.12305658717487
-0.0480298765738159	0.0335677846125429
0.398587553776705	0.397804601017943
-0.181973331520275	0.132177466838803
1.33109727882035	2.00250424717555
0.237480579159127	0.188946482535246
0.50491175206925	0.495668683746321
0.167111686625384	0.152336618904685
0.0396583863784922	0.0273089218885667
0.24394814365158	0.168589790224403
0.467844705129382	0.171057763952974
0.471393967768386	0.168487760111406
0.283645448188454	0.152232115998742
0.333897709380376	0.145864159344341
-0.244222833579666	0.129310625812565
0.814088877626159	1.12632283886869
2.29765302518783	1.16341027229319
0.0991265881761316	0.0487138846868556
2.47730042616596	2.20278372655788
-0.336622943876742	0.340454310787485
0.411723486568913	0.472058506752712
0.487787798508975	0.501974357608736
0.325510301080844	0.257647841732746
0.149729393751049	0.120241928882692
0.317243259026928	0.288835288775084
0.624957231197567	0.471679494854221
0.385772562994963	0.398573672650967
0.791157742768077	0.989466094279756
-0.557630194888567	0.637930289971077
-0.552237314159839	0.637164202641548
-0.175608363719649	0.125658388085106
-0.0619514878063216	0.0322948187573918
-0.764271109430734	0.766486297982996
0.852700834673484	0.70702788371186
0.388191327916678	0.159552284481566
-0.307949657717044	0.264811499098414
0.0930615808965081	0.0749028723724071
-0.0916630247732982	0.0619280870714737
-0.845071628361389	0.476380912738892
-0.0452552391895556	0.0249429569008676
0.452335198484178	0.386817786233113
0.156761577254265	0.135958526468057
0.597145886485104	0.719927607219714
1.04793032515744	0.774738219626036
-0.156246871139271	0.0640551170707692
0.464974828080619	0.166360775637245
1.51684354229336	0.756078902733901
0.118928781503873	0.0296345362274095
0.137884050032568	0.0276312070347514
1.50999487093684	0.751256387677591
0.465914767741309	0.165928855360736
0.759164150973722	0.326595495683692
-1.09569751604507	0.42304014019952
-1.01322035114949	0.463826546480972
-0.151382659038852	0.10831051396598
-0.252721489212506	0.178189468760805
0.238083726950835	0.165765738949527
0.788519636860255	0.906786869237476
0.793292384934657	0.916317334459217
0.913469032165842	1.09377514309418
0.438190732846744	0.396840023407018
-0.643351318164679	0.69826567742217
-0.247201670277674	0.170822299284187
-0.91550748583526	0.911412766074275
-0.0515597698951606	0.0269473292755626
1.27399578756811	0.543874213554032
0.845574788079457	0.463024390677815
0.232289640703484	0.168651400797653
0.140255848543101	0.106610646041779
0.262048683250699	0.146680492431068
0.67917283444272	0.746433757096831
0.62211494896547	0.521434177440553
1.77782514178978	0.68704264071461
1.95728726474171	0.516817053041281
0.385061149062538	0.157459754092218
0.613656498860624	0.194210317184637
0.622883144273039	0.514475096628716
0.125808435367727	0.11202069165386
0.312390588363237	0.309042029698916
0.100065547077124	0.0547320801220844
0.461481676861201	0.164739851096166
-0.836693350768692	0.364997865221649
0.2533225493132	0.16326290906776
0.307959357485097	0.296701765894735
-0.07259454030948	0.0554032515327716
0.235383693582335	0.223278820243253
0.798620819203322	0.563407768112685
0.233502444939993	0.213380043160532
0.765559400212909	0.975130244662307
0.756202384235706	0.897281231368702
-0.0669757272693339	0.0505381693834925
0.637466498051152	0.826857264822116
-0.311713411985944	0.260238465521709
0.391055373749671	0.270868908897089
-0.243824389670026	0.132849219539481
0.0248709952289677	0.0162249178051437
0.111744868920908	0.0674920197933993
-0.25507091892332	0.235100461448543
-0.0630470420726259	0.0492406253998284
0.236568911546352	0.196833662861563
-1.41143636780115	1.10694929184716
0.730168678395829	0.554628685359135
0.515101470313805	0.389883750842833
-2.04855279301556	1.34449805270246
1.27170683299913	0.559229882339998
1.26886109369344	0.573408427354897
2.06365387700246	0.93730264429458
0.0842423512602224	0.0322539176030753
-0.460778501493218	0.275298439515763
-0.212814957365227	0.0810255857003678
-0.398614786504648	0.245101205606248
0.261431118352902	0.155050244255673
-0.0242600977826599	0.0139690418060005
0.361649047296935	0.267860452504461
-0.0210330452019385	0.0171426790914363
-0.496933274754081	0.40304531779712
-0.350211955211699	0.29393251866701
-0.259500638235918	0.216456886713805
0.126056659414209	0.0844891116221047
-0.204105217212418	0.162270011641282
0.350425575827714	0.268359910371846
0.729598933370378	0.553085871294079
0.481679993731978	0.268262710193445
1.41384623483254	0.477540905589309
0.792695682475585	0.554789547440128
0.0636118415052908	0.0470594825675223
0.982891387383066	0.374042819653967
1.01452783379967	0.463556304147119
0.12215771621549	0.0302029750573518
-0.656493603036432	0.164060826310612
1.21625938282744	0.67174207523337
0.238865884288309	0.159094011342699
-0.0720900494689239	0.0496537113349605
0.75444822436741	0.313196978201498
0.998661941006707	0.475237963489519
1.17793682773722	1.09595443580933
0.375895619362341	0.275329333799587
0.430447409200021	0.377521433791463
-0.625880295585173	0.615044584464274
-0.163755620932739	0.148014610599044
0.431638496678292	0.386811692128048
1.06264518509108	0.919665249356494
0.24726295825992	0.158469672694502
0.0564272141286696	0.0494419323345541
0.23113188152112	0.154193441511133
0.663851823248777	0.526192652270676
0.22569584794732	0.165981617024077
0.234515969527299	0.177967170103336
0.427711840856292	0.386979813484273
0.678582488878568	0.696481852441079
0.232653266723901	0.172849676319994
-0.0218755426068524	0.0177279640956763
0.375949142121748	0.367116609035294
-0.39183436998719	0.329034903529524
0.756902100293347	0.779093350572789
-0.00979429875921778	0.00551040318306081
0.685132396013751	0.636539815194438
-0.154626314024606	0.11033470275826
0.507802949849225	0.51182663475676
1.31103976017891	2.05241960183346
0.467904912693651	0.374921004616333
-0.451483870840121	0.362618121583216
0.486132887062153	0.371467725941933
0.168172716199038	0.141030717890934
0.932136321128859	0.740319546595132
0.550773544667027	0.387515399533911
0.633808658921228	0.292716215392469
1.77608817898954	0.693522043360598
0.727873135238059	0.546222917781313
0.93506844625836	0.712319958308349
0.133873810349395	0.096510168257086
-0.840240712098742	0.827774670397964
0.230670058352948	0.17267175808756
0.447954036845128	0.37297983568618
-0.00901263031976312	0.00517983823747953
0.985230173866101	0.983843917501405
0.427036884232898	0.383066101384241
-0.446402385513806	0.400840553452869
0.24192770941662	0.170834970719322
0.253241257857384	0.19228593394709
-0.291235554905825	0.191647549799141
0.342416155555567	0.275361229377253
0.553659842029465	0.273373100433396
-0.554178789516067	0.291634498560682
-0.857709102313241	0.564775885529653
-0.841375472386451	0.878133441219125
0.137482240113498	0.0963895748736748
0.733985429653438	0.422627924995115
-0.661308216203705	0.321630934349667
-1.01423186719326	0.625959718630449
-0.970554904152099	0.8221787523264
1.95728726474171	0.516817053041281
0.592759892065702	0.405165961073426
0.0318305521633095	0.023517079427263
-0.155410920268346	0.113441372458617
0.134770696648844	0.092272048213882
0.350184424168163	0.251752942703219
0.111958228611505	0.0657594084231047
0.660244623494367	0.65640078946573
-0.281634130530261	0.236670498521201
0.797164228150466	0.99078525803061
1.18429336444106	1.35133798754714
0.131572425090267	0.0951767144554215
0.232666070902155	0.177993459986463
0.238228359402214	0.202019018394518
0.211059338217006	0.215556012818678
1.34871007642431	1.75730441742454
-0.714555290089537	0.418617634215784
0.00561495070874304	0.00314480758484127
0.483859126327896	0.493318152942323
0.228406177059227	0.225643085052376
-0.487167994690523	0.614612274737981
0.800075075467142	1.19385941362342
0.158379552457425	0.15410901938743
0.0167785637191211	0.0104855280948497
0.139968165493996	0.0938360902264506
-0.660736643244583	0.544607426275049
-0.112605739256583	0.105232949018634
1.01519199449702	1.53096798714335
0.542235377471095	0.476072868295591
0.392231797092685	0.389476583458956
0.448979201085855	0.38267539823282
-0.259867951663109	0.247800226239649
-0.0433629386595024	0.0304836453956837
0.0201431870278736	0.0171100604086234
-0.104949121507747	0.0676552488079559
-0.502092380418201	0.403675308901902
0.853575880072034	0.686196647665556
-0.562928768290726	0.553035785565395
0.737516277764817	0.660570755508637
0.729839142164886	0.548674272702928
-0.0234566161371041	0.013749309680178
0.135431055422027	0.0990409013903
0.296973005262735	0.322345672344439
0.172498741282332	0.15253929346934
0.623100204468992	0.524603313498678
0.344645225111331	0.273449367333329
-0.0234636709300536	0.0131395083501389
0.28481562429547	0.152430133505319
0.608491929798639	0.180558445957943
1.27248078426208	0.573384827718089
0.136920705038257	0.0276544244584546
-2.58558390776956	0.743326333733362
0.917509701765089	1.08314891214954
-0.0661454016651493	0.0343146393062925
-1.21989639333442	0.711852611027546
0.470368405022928	0.159119555175971
1.50858045403691	0.764975951686878
-0.395256394865299	0.116958803699567
0.887110549089329	0.548276938297471
0.240346726564998	0.240189890787261
0.56892187012542	0.775967593611574
0.242174397363908	0.168548694506809
0.0654507994095218	0.0583790243213239
0.173997879465882	0.155850879499831
0.174864476946988	0.174240495315564
0.238413112017364	0.198279086494352
0.242028322969257	0.163079608399231
0.564797956875393	0.497052801680802
0.783813082603429	0.687363502275928
0.161649237981085	0.137897313251541
0.396115577146239	0.483052463295316
0.248590498047292	0.227423235050261
-0.458214587710999	0.428290549078795
0.765398416788714	0.884230531606479
-0.461149529004437	0.326657808358522
0.781496086799328	0.768609485359901
-0.843628229422369	0.759362509929262
0.46416397037678	0.488113723811752
0.316735760825984	0.30243098698495
0.00762449268256584	0.00565537570855497
0.837982563950098	0.83401666585095
1.25893390782071	1.62534172267984
-0.439142798807329	0.462114541890225
0.752157100900863	1.04418470179857
0.783632564874273	0.803825192078553
0.868703781710512	1.03032355995537
0.0464472136839601	0.0302727239981789
-0.0584559347271888	0.05076344731543
0.547986519237048	0.47349837649968
0.1586988962217	0.131821657119352
-0.581177523271871	0.572427805870343
0.244793832583034	0.168511344979031
0.0930359992206793	0.04453437980218
0.319639907192197	0.283130089078897
0.12314188083723	0.0313348936138455
0.921478282282821	0.247302516524772
0.620446143828703	0.197036537066415
0.137755951151155	0.0278992132091276
-0.657392185827201	0.165268089701776
0.915165142958394	0.239790737708917
-0.393584814623737	0.114595669935955
0.33689275876219	0.150752577279007
-0.750832773509323	0.587033685985237
-0.832883561229794	0.38695620948178
-1.17593414403549	0.3709145036914
1.77456501867098	0.682403509002513
1.27069699963403	0.534093678759923
0.488326518780461	0.278345529125861
-0.0408285430655167	0.0280983616418798
0.766385301789958	1.06240610845081
0.679615552655349	1.08174436600463
0.335964602166339	0.277128170803742
-0.171484640626595	0.105750485618624
-0.140418275274957	0.0907834053522198
0.246521874507377	0.169266122113698
1.05308831671421	0.875873271809606
0.311635520604572	0.313474506861329
0.228200943484462	0.190698646720839
-0.898236729780369	1.05248354050616
0.966565754052155	0.806764574618547
0.105417169360707	0.0587888765605184
-0.892911530913561	1.10410702048948
0.457790908617751	0.485433354809279
0.60379898697609	0.603780526843435
1.03582084515173	1.47485979766325
0.651962671251848	0.640246246722718
-0.284219163180321	0.267490201734257
-0.182702988806628	0.146382407203527
0.231536842980947	0.211092899146581
0.252424799255598	0.196255336899724
0.534060348896107	0.473897347944914
0.618073101920439	0.196825091913243
2.2998129607533	1.16859199653201
0.0909085868499359	0.0709520757694833
0.939324467295429	1.17988341811271
0.138719287628381	0.0278738142929699
0.126375943449661	0.0319134740433349
0.619669786755726	0.197421523304085
2.06128203316769	0.872728428234703
-0.245042305782868	0.172083838908313
0.137884050032568	0.0276312070347514
1.41468284128736	0.476047656296758
0.249184758511599	0.163035518943721
0.245811984194313	0.161072208218811
1.71269359669369	1.27473331620963
0.510624142895309	0.399321824346766
1.06125155874666	0.920428294018856
-0.0354868887073745	0.0238713332713553
-0.218585793107214	0.201272296451452
0.233436764868652	0.180491668883003
-0.968362875159058	0.815558548487217
-0.849060497875727	0.80993918301461
0.925256088992663	0.919668794049194
0.0914930273837237	0.0762237581486308
0.383079965823452	0.397118960324292
0.238420002186013	0.214242117476982
0.0934365918839256	0.0762070614874791
-0.086273169066811	0.0673654831885672
-0.174761767740066	0.139977332759131
-0.0361414096065181	0.024682625614026
-0.179593675709052	0.144579224185967
-0.756326979629153	0.741615389183715
-0.244123666588372	0.164494550094578
0.0912248459132431	0.0388449843342786
1.56102255526466	1.07240807391184
-0.704552395315692	0.423534697888008
-0.0536288568065502	0.0426554845123271
0.092464651338294	0.0470635341983597
0.618892862835363	0.192614416933485
0.497394514937006	0.488237243562414
-0.242590868704738	0.132352563656647
-0.553210135246172	0.293317898739213
-0.768827569862254	0.784726931503931
-0.21198999559116	0.167428612491907
-0.500677707172527	0.406534948526285
-0.135433839192565	0.110606471824089
0.539760331520061	0.385263815366092
0.0962704185776848	0.0410375424251216
1.06182292482029	0.918481142298412
0.587108583411951	0.696711700327208
-0.271761365055694	0.234199913588855
-0.0247573582750723	0.0196997214182633
0.239120619127823	0.207086471803074
0.0308991116170529	0.0237222585540087
0.0955061710598102	0.0404573799107981
0.722888945058119	0.82675014069515
0.176036825185735	0.161138950583283
0.588928676882717	0.706935089513931
0.602088326179279	0.62424152597332
0.23562400197328	0.182412584411215
0.24304815470423	0.186293186067588
-0.499535084944413	0.406849000310618
-2.1696899027579	1.61900161666049
-0.0645117653115856	0.0330271242148698
0.726281283408591	0.541019742950499
0.919169589288512	0.253262641873265
0.792125727084793	0.669511720973829
0.247804092944006	0.157759365919851
0.756215539312002	0.831751742334536
0.783793611713398	0.792389962170676
-0.247311337038405	0.17268303676615
-0.533061680380301	0.47375091962498
0.23575429821773	0.165021899992016
-0.24823871548712	0.265183855714361
-0.0433702561042228	0.0338616356399229
-0.149989436558253	0.110450014973736
-0.746137451129915	0.507895382954293
-0.361371605192146	0.155463372672767
0.997416694258998	1.17447786216614
0.171721795797886	0.152277562697766
0.581287286175732	0.792771295140482
0.574847113563961	0.710217239175397
-0.140428467184953	0.124355631812604
0.274384017550621	0.146206623127875
0.90927037860777	1.43900614205138
0.616563236000038	0.788804332138841
0.409566924952451	0.387697595992158
0.176408775161788	0.154027885550055
0.798585775692762	1.1819528353603
-0.0165036049209491	0.0115069256292216
-0.153712122888093	0.112832728856439
-0.0465252301577479	0.0359684745798378
0.406914225884288	0.26442136528396
0.737133892023968	0.415128123163635
0.0869949359269644	0.0329777688957262
2.08060873580018	1.96043855872338
1.11143782996257	1.42457097762097
0.447446705206054	0.478669095708734
-0.558099159758053	0.698507224999148
0.649563459778564	0.771224729941287
0.390509423689777	0.39003081795455
0.313147432756239	0.304287794400286
-0.230681749188037	0.182055704713545
-0.0857381568405097	0.0664798874870994
0.512846194049838	0.393265992461963
-0.215246370643139	0.205922821759284
-0.289515154863588	0.26145339637173
-0.237192890442541	0.224949293471841
0.0464241222620303	0.0319948522125152
0.314643491627652	0.284259178996991
-0.722176280122258	0.988267901922768
0.327660283762307	0.27712710848384
0.167256628627325	0.130673309603045
0.313725592303637	0.304304151094453
-0.310694437304952	0.336209065749095
0.132375955833267	0.0959640703399086
0.649487148346921	0.813915245124382
-0.129238674793403	0.117533484672538
0.229578493043672	0.220703456744954
-0.0301556530832311	0.0240394936914228
-0.344702230069345	0.313893199354968
0.467928123037467	0.556835189304512
0.533894896574452	0.610645970301955
0.458256410707573	0.458316100814627
0.664404388796416	0.81877097951399
-0.259709851275666	0.242311775209302
0.319414839925277	0.2936802935105
0.168185472591591	0.153530305439184
0.0499292056875899	0.0351994387032308
1.02476984682083	1.09727621069341
1.03856843429467	1.44744845297541
0.240451081415128	0.166728672102504
0.510684811874266	0.660083324669479
-0.0889149691718022	0.092839146959624
0.233939400271815	0.23972181283357
0.838076998262414	0.432523929417512
0.0365480568838166	0.0234696457367014
0.0964574370677397	0.0806953998023548
0.234241648025558	0.284469100694275
-0.654547851056475	1.01016599615267
0.485357634537699	0.584605184966687
0.822674291378238	1.27830943404209
-0.0162511748466706	0.00915265332369053
0.590947109487161	0.48753101081206
-0.0150255637206693	0.0108414757572632
-0.463176820796677	0.493642479773182
0.0659142702446933	0.0593957706799843
-0.113414979069777	0.0516575097144832
0.506765330915605	0.364911438423218
-0.499137978738257	0.385057563308289
-0.554659222758838	0.530705865004235
1.04142587457032	1.30203937642237
-0.709966400993786	1.12826906189779
0.182095671649012	0.17431657477858
0.245993026111339	0.167939675705243
-0.205424362765927	0.12152194375463
1.00389778146768	0.493729528491297
1.33692338691752	0.94988972400975
1.19373560980154	0.820009182465214
0.966357957175295	0.884176917269322
0.7949951734628	0.876633909654935
-0.170688114274993	0.104299988584985
0.177084409147665	0.185315747745613
-0.911998527610118	1.78803365476294
0.623694414461218	0.498033047933086
0.239912256266961	0.244438159059597
1.0614762407186	0.924150259745137
1.02640752195516	0.608181445308874
-0.6525264913294	0.29219848985491
0.588584239755149	0.392599977950413
0.229651204208172	0.205401748776646
-0.195279295105449	0.226561377874836
-0.551156176235724	0.624420864447823
0.0950597473121299	0.0800282987953415
0.232910819320095	0.226879845156538
0.445861327022264	0.501967578155706
-0.217011667770331	0.209369872942773
-0.293245746551105	0.143044191279981
-1.40625237196088	1.19010991230317
0.548248213218461	0.28078085383022
0.102026853045299	0.0472744667045476
-0.098645990632421	0.0732302137995045
0.0993010749248393	0.100270190419079
0.439743299245902	0.567015972614485
0.627372200955812	0.631802723030337
0.389946294225004	0.150589670792874
-0.19261191661527	0.183821538331853
-0.00989429969320104	0.00969602803291864
0.287341112825815	0.312516287170643
0.0342942023698385	0.0313684312610974
0.181361412374815	0.201847455717984
0.561401018814987	0.708610381967896
0.42604362448127	0.380723448963434
0.564633510882819	0.678808315021489
0.074061943728978	0.0539320093409636
0.333649370774127	0.274544868743619
-0.0622246990287462	0.0549365374666414
0.11616594994351	0.130679185819438
0.2240849917377	0.288189211215464
0.272699854996796	0.331612497342685
0.426716946688184	0.384773707367712
0.113486751138496	0.1021150973671
0.314802103077379	0.391220748663664
0.0380497711999742	0.0245620956009253
-0.113849968542883	0.0756462332476167
1.03615237258938	1.21782331277666
0.0450573095545282	0.0307985396426425
0.107907627128712	0.092871785619543
-0.0524243761268766	0.0465604511918769
0.314682679612809	0.399214423544995
-0.663664562182026	0.944306798842286
0.0584801469393404	0.0423274010905139
0.0313412330247427	0.0329008199038069
0.840058646822861	1.87317004941869
0.482870207204052	0.388935063932445
0.10178109020388	0.0596649178674548
0.300497387152348	0.319911328945615
-0.506127306004047	0.71440307531731
0.255250904600293	0.234807228823855
0.378350085499671	0.254824340375465
0.238087608248133	0.313102971688259
0.101569685131412	0.0307149682701934
0.0897311311692152	0.0345765350863089
-0.582550811167019	0.229091280879186
-0.277603055226522	0.09337462798677
1.33943085906731	1.02117757768848
-0.0645910940316632	0.0812202685161745
0.433926935140804	0.650393152002202
-1.09352400349295	0.422610156548966
0.750745331158128	0.303403645126741
0.635323027305285	0.302973712143562
1.02703343599696	0.617667683168863
1.21049511869255	0.647847850716796
0.583931163497671	0.695585473405614
0.511712167862541	0.552707181366857
0.171231050688654	0.165870812103207
0.125405144332557	0.127262819351304
0.0688887719604043	0.0653552010248231
0.251472649997062	0.308861896439884
0.190872314890045	0.197313618806765
-0.0630941640601746	0.0603538950698128
0.404985525033633	0.521710610191543
0.215801214262565	0.211551229342949
0.0594851571463634	0.0521962733583245
0.341131713221987	0.272148592684429
-0.39304922217476	0.287979308697579
-0.103258494546075	0.0848895541438665
-0.473683776852886	0.56494309665876
-0.525291660834459	0.728155709669676
0.12458479324688	0.0859198382876486
-0.815938006796626	0.991211373722791
-0.861197247693008	0.674825484411687
0.461323501826788	0.380254469903068
0.623305793108222	0.493039709834277
0.764576556446798	1.12952397287835
0.277645831076039	0.305890348305553
-0.69639821423937	0.785212725654617
-0.756556868581042	0.89216611412858
0.24822595084356	0.256582035134266
-0.228115908189526	0.259483264006176
-0.148843263127497	0.168357290788748
0.28332525454522	0.317476001236799
0.0679658734637909	0.0576952050644064
0.168398006072081	0.150394167883175
0.167076654165195	0.156471462482666
0.0605471518979464	0.0424381616373978
-0.543106445833855	0.591893267455335
0.296127368137181	0.312991242916289
-0.282219715430229	0.245287459337888
-0.456558930383426	0.536007442946531
-0.227043491301764	0.200322757471578
-0.683442512664952	0.673854793216302
-0.15893805575587	0.114714573697271
0.320286306197162	0.293877442122018
0.228512381349523	0.245168777586562
0.936624355482325	0.972222436521145
-0.0611877436687194	0.0420124039488286
0.163762919349083	0.131693899628842
0.478066672050834	0.628515870756192
-0.00752980452687931	0.00617358069895139
0.334466596872368	0.414052724447775
0.491907964816775	0.492869003703808
1.17810926063026	0.961683159201022
0.629213852808713	0.719610752329143
0.70288169072895	0.723841034795738
0.119737086205849	0.0780097109113292
0.234558163357617	0.192538059458611
-0.49378444293383	0.37669593234057
-0.151772713332203	0.108332795440917
-0.245422632104584	0.215851799879248
-0.0840762477206104	0.072219057110653
-0.765281039153913	0.768004793674151
-0.0150785151930643	0.00837536182123162
-0.206430400834929	0.145276713518457
0.312947044261172	0.412180836964317
0.333668533771163	0.257121598838264
1.57040672884211	1.08598251990346
-1.04368112636646	0.549505617712073
-0.480323171423286	0.553539484731206
0.080853899872836	0.0780970607045408
0.387544872274826	0.158055588629721
0.149911262238656	0.11703660454668
0.84148686079677	0.443712385618922
0.421498453525153	0.528597253368742
0.0154826898830586	0.00972191957944979
-0.141996558826855	0.126112499700582
1.02659803105785	0.615461439868852
0.0983117751238006	0.0464717706189118
-0.205074484233601	0.073855936094181
-0.518006806136725	0.349134088231267
1.70170889439612	1.17361550342768
0.232600271228597	0.265088769266548
-0.559824220005175	0.664444329519728
0.0916746933866399	0.0428162367760938
0.651276147003423	0.404484107358714
0.384390764496862	0.152505550441702
0.0917344163439992	0.0315338036189137
0.241152565648832	0.17248502901798
0.23541042086775	0.233668927463468
1.18119608260637	1.20640102822159
1.26822335972151	0.554152989863487
0.316968006602726	0.299617656116859
0.175620968416121	0.193247935015034
0.31424925548331	0.299201458849902
-0.0945902092743729	0.0713403808911896
0.337055191178035	0.147534428490605
-0.301753744471779	0.22444797852859
0.186960826525854	0.183797322972341
1.00826011966175	0.503239495375577
1.39623705004668	0.850105560830141
0.388748960392003	0.154765629006571
0.0894793729975313	0.0308356082297688
1.0089072464739	0.489153429774268
-0.0794813753032971	0.0776054422302326
-0.0682037781395349	0.0532328168409338
0.461471226091374	0.167402222187446
0.98442757292321	0.373099062942508
0.140868680552913	0.0278641629451894
0.411329225266366	0.655301630744069
0.227567125692267	0.248190811428192
0.482653801440905	0.267921532547231
-0.28100536854856	0.0967870177370662
-1.07965850469261	0.423468863995258
0.227130384630765	0.173602674272381
0.507565912164391	0.644990463468612
0.472218719360104	0.361565510654966
-0.0354955672724067	0.0281839296250936
0.591518968222254	0.518781142223621
0.124793148559194	0.0316859887487473
1.4146997521008	0.45929580671064
1.42521337888741	2.2809715196868
-0.0125388386471343	0.0115871819172444
-0.268183661134513	0.214038416260314
0.100651404930908	0.0772046544195432
0.0882105293693008	0.033846485037699
0.595232396006875	0.407574088117949
0.243840311299316	0.159532010572956
0.28696408482114	0.317909437138205
0.327548821385323	0.302033594606403
-0.656493603036432	0.164060826310612
0.102457133923715	0.0304597904879839
0.119758667615109	0.0303981902496583
1.41468284128736	0.476047656296758
-0.153514125332841	0.0617261220442846
0.0300045656121419	0.0344361201982892
0.522280276698343	0.498621391691045
-0.583445530901755	0.233680444039623
-0.828631306779161	0.381838959581457
-0.283847689403263	0.094637708810751
0.975109444411954	0.366784257095985
0.919169589288512	0.253262641873265
-0.208492202269547	0.251166174471723
0.0673222214261839	0.0713701550858811
-0.0450779792663528	0.0442331985958229
1.59851670375378	1.39396484185051
-1.08519815874479	0.460286451421787
-0.212814957365227	0.0810255857003678
0.157164057676179	0.124345912147364
0.734084813226497	1.04045096683544
0.44217636367127	0.276542896331464
-0.103224317410114	0.0782843518499058
0.233828073077451	0.222029776413843
-0.0433629386595024	0.0304836453956837
0.0610664590460998	0.0433104009393754
0.140811935384301	0.156734397360179
-0.132735138331937	0.0940448181384789
-0.134640166832721	0.10685709235266
1.77691026280748	0.69792980988039
0.618849939816202	0.201943652777816
0.10409307333854	0.0312466876672197
-1.5484344637191	0.841233919655487
0.185941970775192	0.209819765803963
0.319213122217061	0.290807239836428
0.900187223282724	0.595597109701053
-0.158645563257381	0.0657137457425839
0.622896136022272	0.196980514178802
0.18042111093627	0.207882999003315
-0.755081103989904	0.608549989696107
1.2200855630249	0.667697615107245
-0.279596001839475	0.0935151920358334
0.512661021878608	0.598801426518215
0.755357874929873	1.23546569255117
0.72704699572859	0.548035498483058
-0.209603715296463	0.121155908448163
-0.0770256246164238	0.0585557926177285
-0.237993889610521	0.269366478202646
0.57231091783911	0.516466526963352
0.384973917891482	0.157042157240657
0.459569479111652	0.66163875229032
1.07025057995303	1.79556410335291
0.107074002455591	0.100538578077787
0.981814726256665	0.380149009169237
0.549345970559774	0.27649463977704
0.308323865066864	0.282521890004827
0.620446143828703	0.197036537066415
0.087103995768906	0.0291952995169282
0.093938761016472	0.0394399790269755
-0.462328620378029	0.264008696030022
0.369347716534316	0.566501675346075
-0.229363404103019	0.231547523598101
-0.298131391689181	0.156459503244813
0.30700390817337	0.153584101863201
-0.111187105857974	0.0492736354725813
-0.779440710635908	0.271138879366855
0.0880635441758291	0.0303830587493939
0.310291710669748	0.280824282581212
0.707066484474253	0.755996027473604
0.136796887462385	0.143041461790753
0.366501033112352	0.456304983230979
0.449589337205589	0.652134609827603
0.335757154329208	0.274995105840638
0.242136948750938	0.206918737068723
0.302907025369176	0.326748395949254
0.352469532439916	0.27383687347852
-0.0349515875234328	0.0192039519201261
-0.461149529004437	0.326657808358522
-0.12034265716056	0.136412183098428
0.074871686305498	0.0838440150587731
-0.98256705453682	0.706113970192786
-0.298513435136042	0.155463172322381
-0.666712773449576	0.329327077617209
1.17787336951271	0.961593491547758
0.67679064158304	0.536280839263861
0.0325301652768536	0.0289178271113609
-0.170592006995397	0.192571608241416
0.441686977720759	0.572899625815739
0.0905777103590581	0.0926752127792563
0.28240904999104	0.307519718929684
0.560200659626819	0.706474102257376
0.625825508567622	0.532737467565535
-0.461450698114296	0.653537030281661
-0.190343094113823	0.16982046828934
-0.232887938899073	0.254499498290225
0.431515930327337	0.4897420954188
-0.647993470412644	0.741154075773984
-0.0893274954475268	0.0579544625798902
-0.309412355478369	0.240370326098491
-0.106172869603878	0.0668024270054736
-0.012192922967026	0.0122488042185817
0.0267349799873943	0.027295132178006
0.750076184060358	1.06572729125646
0.743789264116885	1.0506595352343
0.13332995807994	0.124770656077138
-0.169877899154335	0.192237757199337
-0.686618379041409	0.704261444350991
0.106294551033052	0.0861240006117612
-0.379529240719177	0.40387137969112
-0.172007658056148	0.151665941650153
-0.910124229413225	1.34699465126212
0.287110599839385	0.305546093596663
0.412047278063565	0.559708632253043
-0.0571432243580013	0.051007603873292
0.118342862334663	0.13453510549981
0.443639402651381	0.641973600809627
0.157507793680267	0.130166460545588
0.696194586945122	1.05724414717724
0.144956784955665	0.16184767613341
-0.102456505190367	0.0761979794029365
-0.0717919800718913	0.0599859655900695
0.225272070895734	0.241716772448435
-0.668755699652734	0.847910124970163
-0.0760311323313993	0.066457218597979
0.240767836677645	0.223324747391831
0.102449973754937	0.112705087309948
0.514328298089972	0.512381968358614
0.392532841541663	0.53363828613926
-0.0155642347392141	0.0157908207035647
-1.10832820330758	0.900500682255841
-0.0911810102023564	0.0761518045590633
-1.20956045474024	2.22669253918099
-0.142288109009507	0.137130919134836
-0.0145951640052069	0.0117737816071115
-0.246382666841536	0.263693017453495
-0.213590182954503	0.221485099731021
0.398604387469572	0.398458625763779
-0.124250352711471	0.14393472230646
0.962409638135257	1.4951337150621
0.223803582531447	0.232697412372035
0.225984854696557	0.268161049291897
-0.282278033557942	0.353657715618487
-0.625894094331073	0.832015238343972
-0.0572078941065898	0.0547774752610277
0.24714482477757	0.259177491591608
0.547487516147559	0.279156023853911
-0.112825972907953	0.0514543730457524
-0.281765732179288	0.0974136923132923
0.740377091953523	0.407915727209479
0.0994942495319601	0.0458206716468801
0.132183445944913	0.124953180268724
0.281391337516002	0.153440845593612
0.0921878308663902	0.0355558451479542
0.391970547325279	0.154497954953268
1.0385449946798	0.603918164720074
0.469906742889061	0.165022192894233
-0.180014421906559	0.186804871007186
0.976222015146389	1.34532336228978
0.40748976190987	0.56833225355434
0.0453905879163321	0.0379539747389202
0.786620175271325	0.785177860544929
0.0492869771008428	0.033689541203465
0.292158867082345	0.307773608165736
0.00357119541809164	0.00285669049530908
0.115313948785696	0.110294172734512
0.267175457031708	0.154707223742628
-0.110100349986465	0.0924215225522176
-0.0735696585069123	0.063163571645664
-0.403961373397283	0.443741829891819
0.425633402223711	0.478301892287527
0.0116998950817956	0.00978469414381713
-0.550016370283174	0.301552015218659
0.536725104635362	0.842311296312013
0.0582778134405533	0.0589401810757293
0.419194984469016	0.548841920044917
0.919169589288512	0.253262641873265
0.423063862833161	0.683828106307903
-0.0950900638794055	0.0774493024687199
0.339909799543734	0.154831528440666
0.469906742889061	0.165022192894233
0.137755951151155	0.0278992132091276
0.341175917955778	0.268952694061959
0.593799664604021	0.408651534043389
0.38499270008405	0.467000748876402
0.0282033820664863	0.0321107221011539
0.901736237782255	0.598349286584544
0.548582663578669	0.280150973097987
0.151480185481922	0.16457539109288
0.343373946618035	0.387967011688413
-0.657277228765861	0.315852356867302
-0.453400075699457	0.19952764395817
0.341874797468054	0.150629170348016
1.77608817898954	0.693522043360598
1.03220158609898	0.607396628400658
-0.0638969226630071	0.0340816686858392
0.129010643601541	0.0837032878281848
0.544173764878482	0.403216993690453
0.00258734163436114	0.00186525178058246
0.372355770832139	0.553319462279485
0.543034482871971	0.277015458410403
0.283548791376466	0.152514310612951
0.593567880935084	0.407118818432278
0.365585111306057	0.26361039644461
0.12965625257363	0.141846957022958
0.27882662420612	0.323064741649442
0.515062776525384	0.379167120298229
0.84934719699151	0.447617217146953
1.04105558153316	0.729502691623526
0.337233542044553	0.152035516863022
0.386807949802982	0.15715065480167
0.667198947475444	0.746837702987725
0.234585521417713	0.164781539085222
0.366039721836067	0.393628370314014
-0.507266126768227	0.896093007419507
0.601194582685626	0.800035490365986
0.321539920010076	0.413070225310963
0.846817887881536	0.445937601292418
0.78799307906949	0.638776292927155
0.842864559929753	0.670246983929729
0.652745362585913	1.12543290108363
0.552885765082609	0.477953704709127
0.931559211231946	0.747345584982503
0.0883938822553896	0.0374602920335807
1.09746310114358	1.69429992392737
0.727084327055509	0.662455022529637
0.0185521052704412	0.0165082030534541
-0.119395893140663	0.127127092050045
-0.184493733715488	0.176920525621038
0.536538995337551	0.685648118057905
0.0290958992276477	0.0258814550348901
0.407811364651906	0.255102310699196
0.782985797307737	0.663481421625689
-0.169845351770186	0.198664665886549
0.410930711355539	0.555949750880247
0.623749334849341	0.810417337609335
-0.00562657692287694	0.00457136822822903
0.0980327695709731	0.0808816272594365
0.300879643200807	0.149191657552643
1.56214653579378	1.06862013478796
