x	y
0.781207159145589	0.758831416924266
0.745711446140946	0.758883123153636
1.04306152350003	2.23482718147568
0.592147675119781	0.714020194925777
0.79170200439407	0.919742447981561
0.306445952174052	0.298183931811942
0.109584254725816	0.0681367918907443
0.920478309703082	1.73888352357291
-0.0880755858363161	0.0882101438834565
0.454560524091776	0.572290158014326
0.248645332395528	0.223485214393434
0.160748161408539	0.142884302185928
-0.437349573899522	0.599733935613485
0.0389750845278213	0.0448439501022228
-0.0206699603457427	0.0224671783592904
-0.114022214271229	0.121213808771044
-0.255332548428355	0.393810767678223
0.267587315894158	0.311136742228519
0.410800915362695	0.391314988629774
0.272053916358589	0.328588203563974
-0.0908544399524917	0.0669434470675019
0.719122962352904	1.23757422296012
0.295056887336588	0.319610851113013
-0.394230619542798	0.458854542322425
0.196216950298818	0.183715547877643
0.727895910367005	1.29346665499324
-0.0620085583668016	0.0931429511419112
-0.371525253644136	0.60480906770055
0.00500771068855837	0.00510605180243649
-0.215502899594221	0.250980209924507
0.0376547973573818	0.0533250297342884
-0.21639187907764	0.250396230708689
-0.0570591062169001	0.0525180100147056
0.0761684042449261	0.0712091813533926
0.0541067826309457	0.05412910525541
0.0143645868290498	0.012887692682762
0.165930588720036	0.257211249811674
0.18663736969894	0.19456350521532
0.127638132982014	0.123910603870954
0.554455918150907	1.19992776892399
0.0198403942551639	0.0329109676724382
-0.357917188655722	0.900278773972645
-0.785882694995458	1.3763320612356
-0.396869263652804	0.487719462461806
0.0295656452695257	0.0230641327151054
-0.207549840526955	0.39996071747464
0.0328871678757636	0.0438452907442988
0.928891686176707	1.64357915744169
-0.679192268704419	0.913624281827919
-0.319137115820313	0.362818979618204
0.0419184552597929	0.0337820186211959
-0.0425856054572038	0.0299422036001511
0.195142239863936	0.197559951733181
-0.0982773078294932	0.0826890012502905
0.024228780860665	0.0373239735998122
-0.119864088044958	0.112278049756917
0.111924666422378	0.101339093469312
0.489424725460613	0.596334107967207
-0.141785442044833	0.216718690471406
-0.181049084756035	0.292356159624153
0.702410882129121	1.40804723813665
0.215839160875219	0.266640299446144
0.321093990113376	0.65028596089495
0.153747487330801	0.229446511542207
-0.0945077538726467	0.11656357221346
-0.156289749766309	0.18592302703534
0.138320748409114	0.177860660036503
0.0974037836142913	0.102727762715233
0.042807703035048	0.0413285949810696
-0.463720986428603	0.688060795074401
0.468641800447996	1.01433863427665
0.0481252184937631	0.0601982698184043
0.0665521839219475	0.0599748389131959
0.727666344292158	1.42556299935934
0.198967429844104	1.87939163491752
0.0449470888715172	0.202300033738825
0.00137484348837378	0.00395573919691028
0.0113498770657778	0.0147987014856033
-0.199239111500369	0.339173293602083
0.157220265524345	0.224869858533189
-0.416549154280016	0.691553020380286
-0.333403104560593	0.709469869234661
-0.00516683097790107	0.00717849547884735
-0.110984244453154	0.144635124171614
0.00137375093415006	0.00126162386556784
-0.182047463841895	0.279906195139125
-0.145455530930329	0.216279603089186
-0.254621685097113	0.357661915323835
-0.0513105035516241	0.0610919608829074
-0.0962861819290772	0.115647999988259
-0.369518934271096	0.94438329128221
-0.0765089125711415	0.114396882128403
-0.200779694781031	0.272324224254961
0.0492716176841726	0.0557955943533379
0.0116256600101809	0.012333261087834
0.588223831224911	1.19595149900012
0.116901230998805	0.148322031788862
0.265597340692663	0.445755270793866
0.0321907918619549	0.171726839672692
-0.0565986140365289	0.280470342320909
-0.193814041894258	0.328670146390091
-0.264649147816865	0.53318772663645
0.052488152889259	0.0750827902803927
-0.296834850600394	0.379652704380302
-0.420374622333453	0.800656552197757
-0.383392428353939	0.788246032381542
-0.147717084404741	0.254169012531265
0.0108641955058236	0.0141337071018253
0.12475335099917	0.206005529039186
-0.322393835263398	0.700455714536453
0.210654721741419	0.396156363904169
-0.0973898988048113	0.155867340291056
-0.0524740252653266	0.0796679371215131
-0.379715971713953	0.907952847085669
-0.388474529137037	0.580525102143709
-0.277895231536802	0.431498244855319
0.0281585506396367	0.0385615869198598
-0.146609337524822	0.260574952187889
-0.344036975563928	0.742973875106303
0.484668375555564	0.398453903041241
0.687853405738472	0.638673720886235
1.17832214252893	1.36018935139669
0.0593878285906888	0.336762009531685
0.0221066983715021	0.0872342679711598
-0.0205809000301471	0.0686750502962549
-0.092038375580617	0.347248312621175
0.0411195961623443	0.110806918735768
-0.136664939691838	0.447635521452014
-0.00762734023660086	0.0178215979209641
0.115521699053841	0.317324094465824
0.0706385198674755	0.141288293225977
0.191833368852167	0.490101451880658
-0.0706128117639529	0.0617267704683376
-0.00632260276012316	0.00796588312341952
-0.351642091860945	0.721636979615329
-0.626936287464407	1.55156674160779
-0.0763618046824983	0.0787867517820203
-0.562024053087849	1.21335401823532
-0.140528724583512	0.190689313858083
0.0308938107292526	0.0431372595504877
0.252733429846083	0.492662037683872
-0.0365760761334595	0.0473214897507482
0.160814750298358	0.2711359211412
0.289242288299077	0.607647096860258
0.2144887864698	0.391958753283096
-0.0966464129413612	0.142655719029011
0.309358123034188	0.592508008445162
0.0338884388914777	0.0482547566808053
-0.480530248377968	0.654133111691956
0.129557113477148	0.153122863931656
0.380945188230863	0.802521860636082
-0.0826462103272788	0.113783143425885
-0.355922993736083	0.720138284595654
-0.356384427549285	0.666008171221404
0.0945937004749561	0.0773393117751651
0.330452086188541	0.139849492640889
0.0135143813360943	0.00817748251922551
0.472783984570603	0.361986724475458
0.103276872137229	0.70334908938769
0.00364170217303351	0.0139651001509297
-0.114473485411886	0.509908588762354
-0.280362910121251	1.42285893433602
-0.084009782349413	0.25894734791687
-0.0169825892287979	0.0303990783097211
0.0784077782763559	0.15788173811897
0.110360201092327	0.237414125786396
0.295782606632375	0.482949177377584
-0.181015790481289	0.164309232112343
-0.229535144652579	0.328647401225072
0.101830673582573	0.151245668555127
-0.108050881162516	0.149355424627886
-0.3510709540605	0.476088978238471
-0.229834772432647	0.347526894032297
0.25570965693816	0.439388702280157
0.19546813449283	0.31584334147866
0.0682434550487279	0.0950169060295006
0.198973897143123	0.351957783233181
0.0271875807222847	0.0379130198662646
0.180064398799227	0.291048299521393
-0.179723384461232	0.278679011452325
0.0503704188113052	0.073178029023585
0.0843293243336059	0.124145757506462
0.0698144635734656	0.101998381174769
0.0155336019694862	0.0138978410639358
-0.0444163991645765	0.051117997687789
-0.158147323405612	0.255138365299851
0.217870894757169	0.40401129068173
-0.0271920763324896	0.0353420055480587
0.126086868968685	0.188182843204137
0.405532727383545	0.394704156646884
0.236221637435875	0.212973173247875
0.995764771304873	1.02797872879134
-0.335283603352906	0.208778438628229
-0.368567104493307	0.174244104248722
-0.0902495016193392	0.0986619438837215
0.0979218629593323	0.69268840691599
0.0669391967238111	0.348142741022605
-0.119376268854561	0.559623909297928
-0.100007813831586	0.408595844620734
-0.0939996890634235	0.339679044943323
0.196161225617343	0.593007002899426
0.100012740252636	0.148214032308289
0.0765686968516688	0.077818903329001
-0.231728780266436	0.238417760265356
-0.560180429038119	0.553122277134841
-0.117050402210669	0.136177614406634
-0.068724849679513	0.103624915767686
-0.141627182558065	0.256975285227671
0.0553138915921757	0.0832604798654808
-0.203752631476301	0.308822093369651
-0.0217159293575994	0.026778825874065
-0.0857288467360952	0.124270084607981
-0.169602197018188	0.292499369181646
-0.0905944277774251	0.144635243680971
0.208264079933855	0.383171874079384
-0.295453937380868	0.672404130190896
0.279785477064414	0.563246859737028
-0.00728638006124171	0.0100339213607384
-0.165829344443774	0.321245634650721
-0.0126044421147192	0.0178725678381522
-0.208376962337777	0.350173097303445
0.0264308908253638	0.0270686682453549
0.161253831632794	0.239337309254962
0.297473914799231	0.6172310509102
0.137653486672715	0.241900179436738
-0.004575973793195	0.00653994617239508
0.0393595469863626	0.0564180180446105
-0.00147599711879398	0.00159224713486651
-0.675447605795728	1.34147111685464
0.586372832380308	1.15339492771186
0.226611529464603	0.234767764089861
0.441046164665835	0.638997564395905
0.27641077351317	0.328086338245708
-0.919279485063365	0.892357698330662
0.147040344719169	0.107162883827051
-0.0963474254238588	0.0639161086505682
0.0319758646746418	0.0380593411689938
0.361906041323058	0.683159793098982
0.129968407159614	0.158425641508593
0.0930775579212355	0.642557469382569
0.00398428098303007	0.0155718407432148
-0.106053552218326	0.501238761505126
0.232683191034413	0.490345105283679
-0.029350399219403	0.0559712752971
0.155220345836858	0.463098335769534
0.218854475613169	0.718269265999888
0.26453274143799	0.827542338292199
0.164133497386927	0.49071327974646
0.170994105985132	0.38803381455772
0.223855425293037	0.413554804004314
-0.122986144481529	0.184491262930336
-0.489726162403393	0.680540714159352
0.0763718460021972	0.0665987801920729
-0.43579010577251	0.445944593765628
-0.437592226908165	0.380597614598157
-0.21542444207954	0.345372019671121
-0.0435470104794125	0.0687056088184385
-0.0758673149065123	0.116114945429879
-0.353969932954443	0.576572366515482
-0.290799965373352	0.561477962191179
-0.233193344084549	0.426470105869025
0.257345516315835	0.501329577345023
0.288741288822553	0.684437664910958
0.0963797375653879	0.165082565771808
0.457990651507923	1.2536748681149
0.291399584406108	0.635770133262297
0.060897913674118	0.0953800556708292
0.131550963741065	0.245987558775114
0.0340761482472641	0.0518872172228356
-0.41031681471088	1.02655435721104
-0.243174494383036	0.287348975974128
-0.189043638698219	0.262097662380852
0.11470031754114	0.169043018306548
0.0750027264558175	0.112941040497621
-0.159722788599064	0.287964102189839
0.141419740437733	0.233360376632239
0.393459286803035	0.669031633479811
-0.0223933568191955	0.0246226928595864
0.1612493928192	0.238066206942924
0.460846521054159	0.563788933226655
-0.146227240451374	0.164807050926958
0.532336611088711	0.720035577541283
-0.706246948475916	0.882142042621485
-0.244974204998774	0.167210490195575
0.64817297856104	0.72757003829311
0.116355744834628	0.0745732900015417
-0.566244220825159	0.899328037749163
0.213313266466369	0.352455295898374
-0.18606084645413	0.218536583342035
0.547298178945426	0.739362584997108
0.136513519346837	1.06343020049229
-0.0564610467584267	0.277007498568299
-0.114202932548097	0.522622939935115
-0.0439807199367154	0.142323302887512
-0.0168384727089037	0.0388796324054004
-0.238135359010468	0.560157336238486
-0.0151154538949897	0.0294691709430953
0.122009455593852	0.31397550238889
0.250588725909952	0.895908845861943
0.0420148114288862	0.0926730989323365
0.382797835103958	1.59554578299616
0.101249290672726	0.261518900291923
0.278916219433512	0.750024509191415
0.0311548090748655	0.0561478577544949
0.285340266466949	0.638878349321649
-0.0519574338213537	0.0748854217019671
-0.00886386100144395	0.0112465623669205
0.493435982415109	0.669015403263381
-0.0378764130447893	0.0541064134302037
-0.502194971559149	1.27752402535604
-0.394460940618978	0.561310090567366
-0.184293734807357	0.266276911758025
-0.127304000894374	0.195276142743544
-0.389339450766806	0.818071463332639
0.565179185070716	1.42778173088003
0.446063349822608	1.16480281723101
0.397636759151325	0.957360917124532
0.325380572460881	0.659948739418877
0.424627381869235	1.00598058451166
0.221489343254372	0.443310623814733
0.404861749178493	1.01472922941733
0.373573891097694	0.848383952364228
-0.613733044774797	0.973518782798566
0.195942635000049	0.28704108597597
-0.0739814663114801	0.113879922374338
-0.080351327583918	0.124529550899943
0.538107750720276	1.37394625032447
0.22801077391785	0.386044441187749
0.179887674013163	0.226892202374581
0.527012456857558	0.978771469913416
-0.00923894985462124	0.0101037236316977
-0.276323098619917	0.238755872956544
0.236431206095077	0.234325016557087
-0.202459838298579	0.192660793726971
0.311354643430853	0.315077122984392
-0.0889892817389067	0.0605345679804592
-0.0717930353500909	0.0491930923068331
-1.5477761958047	1.90102313826704
0.470635014613658	0.77777868672568
-0.755749880141784	1.63583784340029
0.67048657545899	0.995158090264348
0.0363695096132603	0.192471560462469
-0.0153237524057986	0.0631886449346688
-0.0747991022336664	0.313746220221063
0.0300670178970653	0.0866998056576007
0.159296355864957	0.601955710312154
-0.0865685925267994	0.162274783528204
0.0440826045620423	0.0935765809349715
0.168073946909866	0.541543442139093
0.249793783030555	0.9840397776927
0.255698311910379	0.941586746835055
0.323899027843621	1.40334747685931
0.149537175994134	0.46996318514286
0.111217791123095	0.249932991756271
-0.0961494461461996	0.18521400527114
0.0631131722551106	0.106305664076172
0.0158551555884446	0.0214301405555566
0.397115375410051	0.856755081126006
0.275686788749426	0.346987104022564
-0.193934752157274	0.288224345655819
0.149858016620067	0.221638982814372
-0.330169124564544	0.699873514375997
0.184290834159544	0.329956677415999
-0.180574153505758	0.332513860756069
-0.219720308540518	0.441184882494602
-0.0453349223035156	0.0664137437470665
0.0596665170645117	0.0934251424405829
0.253606744929771	0.528724465403134
0.328834969337738	0.781065958648716
-0.0623149963980877	0.0974292910045367
-0.0306424700591224	0.0477477670997131
-0.510609228257318	0.762963147808502
0.457941601188465	0.85507990764168
0.624074263269315	2.07809036823352
-0.224129433406704	0.436996969785377
0.211540598475325	0.411940538738421
0.179796433078058	0.300948419288129
0.21727258703195	0.268112869687429
-0.400466781592614	0.638682356430406
0.308565415278337	0.485223074435709
0.567906771457112	0.777798692111403
-0.534411909097447	0.643563259563329
0.095443757680986	0.0816722741236496
-0.715755246771042	0.932745649727492
0.0977252885204061	0.0463904218065037
-0.601657546864406	0.511965887904598
0.234882764490404	0.170069796140735
0.0272265029342031	0.027196870867414
-0.381135565540844	0.600686910853665
0.220732660254061	0.254023128436257
0.225559081662099	0.262208476654118
0.43923760158303	0.650855364005413
0.0561240196845407	0.334009641618581
-0.0217589545964347	0.0939083111897284
0.0664075545690178	0.254171979276335
0.00920090443941149	0.02707630984952
-0.0291389574674499	0.0585563299159817
-0.0625010866929144	0.16719849519775
0.214243046693244	0.851495351137096
0.262160169016026	1.20778602644595
0.0447897126609923	0.123817262540996
0.111546448793065	0.34525232080044
0.0861168570206652	0.250066064256064
0.047555294880598	0.0960756653685658
-0.224147495962432	0.531971946348063
-0.305786107971723	0.726261967441173
-0.0449124250015717	0.066361787735591
0.25631799336944	0.366665108585368
0.0263835702023456	0.0204455760421224
-0.101813562662437	0.108376732058492
-0.113607211671626	0.199195254314452
-0.288701719193223	0.652773641852451
-0.162420971250886	0.288947572192198
0.224442918357827	0.353735634095051
-0.0327967745627322	0.0460591500931423
-0.129303841204933	0.214953327635386
0.0337781894387188	0.0514076319039979
0.0130349633331504	0.0183774204967474
0.635493982817441	1.93402985098628
0.347930926928725	0.899289737937351
0.0883371614861474	0.153051048065124
0.206896493535678	0.421978460657338
-0.25835855421364	0.576860460958922
0.208099152628812	0.413078667791013
0.389444021307205	1.01519354477498
-0.119294294969004	0.150726156885611
0.0608400721919743	0.0830720354579755
0.0944836195472284	0.144890098422362
-0.0670625160459747	0.104273713580183
0.328817873197763	0.708125931304993
0.0338958931193192	0.0477219513069639
0.406546531461085	0.688485928252293
-0.118135120455851	0.161835862794552
-0.325706605654514	0.518985330876924
0.141902425020381	0.144144885070908
-0.266829658043816	0.26977203375922
-0.0269044650314436	0.0245510541682791
-0.893507761067638	1.416343052249
0.249991076390708	0.153911188261087
0.120726026553283	0.0790995530737628
0.633636220554258	0.626826569609539
-0.174650481118339	0.249564872525558
-0.418976170256819	0.739975507673704
-0.259774674752123	0.34438670574098
-0.0526324890801073	0.0452029772350187
0.0675839929014978	0.0612217111468549
0.063934876337953	0.384907005009775
0.190135572805259	1.39700981588225
0.210040244916818	1.29611219085706
0.0285601534244831	0.0667507342926523
0.0222192524914947	0.0538752819643844
0.177835423222769	0.709082532138706
0.237323561153716	1.16014008059909
0.207860680616926	0.861382579315504
0.159582883453795	0.570907395591384
0.185803441023056	0.494589103281692
0.0463216350163103	0.0949363520355871
0.228716181797817	0.516699423462685
0.0851391803608851	0.145433008788819
-0.0624049748012117	0.105078159082258
0.169426664883703	0.178571880820733
-0.0451981131988491	0.0714009568384681
0.245096164765126	0.535515666197677
-0.370484591071843	0.962396787484711
-0.421027351574549	0.896579528523244
-0.339525452649906	0.674647762293796
0.0211848854736047	0.0304745548595231
0.32064563274384	0.750974168857123
-0.343787869224808	0.810142896516297
0.333917181973077	0.797278240112803
0.194752670659845	0.406946991169667
0.372258777273212	0.900679545004513
0.273745343440039	0.601017581397862
0.17290010098106	0.336892458105641
-0.089619743146797	0.144549641790837
0.142534691487278	0.259330303546463
-0.15024013580141	0.160539069004023
-0.0852486857271047	0.125407519352441
-0.153002923149631	0.247593425425713
0.192448384129702	0.340811065068373
0.203026082385481	0.340363812940333
0.239603483085063	0.392604125015481
-0.0194178488187999	0.0213829156026283
-0.00450773435775465	0.00529870964970054
-0.092865465486031	0.10928809893695
-0.0684262163949298	0.0645790945489296
-0.556044393793695	0.72716664218603
0.0821439680798411	0.0634059986813523
1.02714418513685	1.76232374755926
1.29155131344844	1.26294503406434
-0.306968160917973	0.25476514032158
-0.349615399512691	0.299707883026207
-0.522987506365625	0.977376025842524
-0.115987471202474	0.160661537021455
0.297429929293924	0.408569184188734
0.154592319952904	0.124824211230905
0.0680874424537535	0.411306079781535
0.0581752431002435	0.270108169912206
-0.469610457978674	1.31927359326649
-0.346998734733874	2.3947399055551
0.0679728288157878	0.241576274153905
0.0866942174020748	0.284689265759213
0.0900942414471296	0.282217702912727
0.0552195622233098	0.143481801684007
0.185287443589355	0.622767150422811
0.118455196986696	0.274534790961809
-0.32595271390024	1.00855063861361
-0.212911484778712	0.525498337665132
-0.0809967482360502	0.150754868291509
-0.0502311687748007	0.0707782630955362
0.0413234919618787	0.0458005723620923
0.297325457580172	0.391853252642736
0.255969386307141	0.417228140342779
0.0395521661317493	0.0572117913998978
0.128957702874145	0.22601060162554
0.0242945650307636	0.0298639893505814
-0.120978348014378	0.181123981743356
-0.432248594598246	0.948215793301826
-0.0480775363090881	0.0672771518518414
0.274004699485594	0.458174287768612
0.448455619246534	1.06422922594957
0.573639149756067	1.32181164441914
0.435310530512593	0.90636117735106
-0.0245256596038267	0.0329316981300195
-0.0664497828946452	0.0883473104836377
-0.0824832397429469	0.116923768130697
0.209402465463611	0.324582460319248
0.441211107248923	0.884543893683545
0.272230390584792	0.430528847506936
0.181273308247446	0.277489695326923
-0.239515823348041	0.388123324286039
0.0615550140453795	0.0803129174864984
-0.0550360181608353	0.0706822768538355
0.0461236416524058	0.0551438347385902
0.466535741763041	0.82111704662426
0.367517605905863	0.572081131625582
-0.134572343597854	0.181604202737864
-0.00321640738276935	0.00349184703029918
1.01142823093608	2.42262061530788
-0.141702403475357	0.14863756163898
-0.441337585779539	0.683087999924812
-0.257019838389615	0.237120228421199
0.296455406620693	0.305491626524624
-0.456200771671886	0.437304668301335
0.300458424794233	0.401591510323046
-0.0713949438066484	0.0790504199198693
0.136997357444439	0.152288364367484
0.0890296307010991	0.0940612497932937
0.0254383196350317	0.0249231281312848
-0.0246917638765134	0.127128198923467
-0.194908449593495	1.45288463232518
-0.105229186486663	0.49461893828049
0.167712240602706	0.891606603113912
0.352011615249167	2.15642562198978
0.327940238976593	1.67000667278674
0.00449956356543066	0.0105279918857111
-0.0235781003966483	0.0438486869371322
0.42824704306693	1.58807971595226
-0.274913507916001	0.833914407226802
-0.11816081762103	0.269926584945702
-0.0869254855809266	0.188357975827173
-0.42345434485815	1.22719093324451
0.148967827026766	0.243106108942244
0.260840632584748	0.473790117553413
-0.3733462838565	0.75366412623125
0.531614274775576	1.41079144734306
-0.256960642965654	0.560902975924997
0.391645691343994	0.816272082763104
0.128412077870073	0.199533981699462
-0.0251841503111495	0.0370654550066875
0.253916335029507	0.611147440735215
-0.266212962940463	0.521645472091358
0.0189690854555407	0.0242696225098493
0.0762850010416226	0.11202349110893
0.0767545527819237	0.1078615489325
0.216795721882643	0.372445559699265
0.437503771030107	1.0017129825449
0.241898959638069	0.374504849241538
0.425133486518028	0.840909558719155
0.648455639274113	1.3757499652624
0.342239761448409	0.6153055253295
0.179943516509932	0.322383862490167
0.206153278250698	0.356669631283969
0.119884376207625	0.163237619224964
0.0538671728107502	0.0680673310082987
0.024084033380176	0.0302863019595918
-0.0767217155636964	0.100756428416048
0.278038834488395	0.444432950324489
0.375469859194486	0.652247434224169
0.26863288228418	0.500775820891153
0.164209110450922	0.206821104183995
-0.430354700083992	0.729465456671936
-0.141367835435091	0.204997885612502
0.0356391806398512	0.0410802818501347
0.0510691968035611	0.0496235593589491
0.192321588561942	0.226232805549993
0.06600586053998	0.048215560158115
-0.625397757046428	1.08475901322437
-0.0155120881214649	0.0181100074361446
-0.1867118644042	0.273923980297235
-0.586148394223263	1.1814782695529
-0.125588075055865	0.163361689456285
-0.168714164548619	0.230793191520061
0.5671817528266	1.08850460929628
0.110380681513883	0.83358051379742
-0.30832239478221	3.62777012840786
0.206263084661948	1.33231742783994
0.459303388943035	3.04080234970362
0.000186410854912894	0.00041741371373399
0.250785227066277	0.71521381196933
0.056037041447044	0.103387817965815
0.0201953669735776	0.0333748757703281
0.170293324483423	0.450478034109798
-0.126886816472955	0.397016491535992
0.256601398527577	0.926710045910666
0.174693738355403	0.750748942612262
0.141427331487193	0.462458766061574
0.227935870702813	0.873797667825343
0.267683813276922	0.960900061274805
0.100642690825545	0.232853602935847
0.145359909118092	0.21871419019486
0.319934830760075	0.480338128537375
-0.0677199886787169	0.0693200487978687
-0.124872018380465	0.282407465052859
0.121501137583038	0.236171590500657
-0.39081111722602	0.742332238130612
0.141936496187578	0.163196778231649
-0.253066316657494	0.334252492721848
0.0895373589302717	0.0849397571951014
0.131005329342841	0.139451674285
0.106636683204488	0.094422863730133
0.509484250417663	0.671668790256434
0.0736890892320999	0.0659342453055328
0.827189339954486	1.12846366172093
-0.102540285356359	0.103977786477317
0.0704813142339405	0.163945247098263
0.0354836626465662	0.0617658505892139
-0.43379741105681	0.443822768395298
0.183311259031841	0.191875626621748
-0.631770399645085	0.662237701450522
-0.181986770372458	0.185978888009359
0.169935412048463	0.338650908295007
0.248387984880288	0.394724071635018
-0.100381892751378	0.157522970442947
-0.424033321731271	1.26504721915137
-0.233614078044684	0.562639473102601
0.131394142647132	0.236791988280474
0.222725780981072	0.487031419672626
-0.154019401864174	0.341980247339541
0.0714672336748033	0.134834044085101
0.0739376486494006	0.0561341471143302
0.607406693691747	0.950957648092309
-0.574644734952399	0.796184043196881
0.213562224565669	0.305744449098864
0.07906352579966	0.146648082851439
0.105811509669486	0.176603410794566
0.0418123372049721	0.0408615711020582
-0.300158685318478	0.301930639892534
0.552476761484705	0.602635462733528
0.0426413134209294	0.254220810575007
0.159822687596207	1.24758451227544
-0.00830876236274398	0.0287229304527969
-0.361993463166759	1.27697664937001
0.0141461686935232	0.0288161410520802
0.0683800140012426	0.163300334547708
-0.273452286494274	1.13231629040031
0.0506702236663249	0.12642169908148
-0.259083068795917	1.06583643060113
0.129182136555432	0.347923292825225
0.314688042519725	1.03463795577378
0.167334883800941	0.453747860491048
0.586209448228158	2.27251546720011
0.163607229397964	0.36401918067656
-0.126624138242652	0.235354288363712
0.438737656929422	0.977545551688113
0.0514638536703146	0.0638602310029694
0.0734938365106308	0.143110306061362
0.18688729205657	0.424845179895712
0.335708939107925	0.639731151508761
-0.0501037507021743	0.0632022944103016
-0.0430529960564053	0.0598738527068213
-0.124718468957927	0.179474731252716
0.327342802459218	0.565588868292205
0.46371171390903	0.888875888657617
-0.118300984002466	0.160902456522761
0.469332896288335	0.8994620880928
-0.160412506648921	0.185472421929174
-0.0870840380613352	0.119101527690744
-0.283424628120495	0.797087696266233
-0.145227875381848	0.287443808107649
0.226590823675487	0.32018030901859
0.369774247882251	0.644734616685018
0.317844212007318	0.416549718724897
0.130587411850188	0.153175152451982
0.208183825028079	0.376491809341281
-0.212024448032614	0.346249121616041
0.370337117572879	0.779172376078322
-0.349727900199589	0.870083985293325
0.113578289903869	0.192819429048466
-0.127230709354508	0.202695062672227
0.540091037832913	1.52152587094845
-0.0848293757849046	0.127846544545632
0.0254166525025651	0.0359316520794019
-0.450284719487123	0.565223258969459
0.120980080045686	0.120893176049436
-0.0336142112982059	0.0361975467650765
0.155457052062688	0.20076123788877
-0.267647091611688	0.575159250357044
0.0795934344919626	0.111747523369879
-0.20444390041089	0.23985055050783
-0.0883477934665515	0.0883179150263855
0.267242236445033	0.350310416967665
0.12023720047954	0.962256039123757
-0.0661887950309461	0.35035370564839
0.131302418149773	0.408463457357085
-0.00991711735864094	0.0229788441687696
0.167183758331055	0.515184806634547
0.0325529753214469	0.072957807373
-0.0257724486576203	0.054344146646286
-0.160190405651276	0.389555690039533
0.12837898576161	0.200259241890764
-0.0519399461657723	0.0904671280449189
0.208223696818026	0.510232039829463
-0.0836330323956619	0.152908855709472
-0.192437831736364	0.354514020842802
-0.0831632583135178	0.157307681824292
0.338242209280192	0.926175183746664
0.292692665771295	0.630836721409541
0.153562207931498	0.273289109120079
0.0273455527234974	0.041617059212659
0.118941204967064	0.194049989490763
-0.0472066588746925	0.0665755731489665
0.476862491616544	1.04096026279573
0.189194045409564	0.314183512149446
-0.254024468378006	0.49755345576595
-0.0300680405006733	0.0487317151667366
-0.021415543420845	0.0323578846161401
0.423385777170745	0.854358290250397
0.435531741631981	0.931472902928375
0.109413381323701	0.16210978340933
0.21664015280868	0.322368290961238
-0.448747181630519	1.01616074475109
-0.357692770126471	0.742593824796105
-0.276582413049576	0.548598847522373
0.504856774360199	1.20427854168739
0.00622737885490291	0.00754725961682566
0.56104860260038	1.10017458654862
-0.279636601691938	0.397166378366006
-0.918656361070069	1.63193751730415
0.0178157268336297	0.017370546572025
-0.397428567024747	0.465250718315085
-0.0710836451755959	0.0849857660454531
-0.395596199748177	0.649724826314906
-0.656874334832046	1.56898676199886
-0.53270113109223	1.10045737785917
-0.27945530214217	0.432666765713816
0.0426195245815523	0.0498621812301133
0.448743672543037	0.800847214620301
0.275507659622471	0.380279494424706
0.0744921414749342	0.47783268988217
0.00891133630994503	0.0368281099859628
0.150593726773735	0.499155457211803
0.228948748375937	0.869351335201117
0.25032174857558	0.744083137057683
-0.167656499837299	0.452303721478861
0.079947215132062	0.174620829010585
-0.0751110531491376	0.10878761870565
-0.0649169341131514	0.0857648649399519
0.120294417264213	0.23401772492364
0.157989959320879	0.3460756940706
0.047010119370643	0.0856328597815007
0.069009031221076	0.0979443175235773
0.23585365189435	0.49728087861846
0.273635783757594	0.632974025950771
0.144306842522048	0.278834037844002
0.123556653640975	0.214288157684379
0.431558864380322	1.10081948598177
0.574844290235077	1.81427890579088
0.160238343594934	0.264279232232041
-0.00459943636311746	0.00707442519629959
-0.230937016643442	0.337574983213709
0.0195783592179651	0.0247836500235241
0.860330831122478	2.91304970261302
-0.144748561441653	0.249476224334526
0.199102686764777	0.359452147954146
0.0650113700405069	0.0916975498995029
-0.244955240016327	0.376855267653809
-0.317517096896582	0.530041945478326
0.366926745111946	0.683926640305938
-0.96146546535212	1.46475046873179
0.322276252969069	0.396398410501634
0.544784610377197	0.737477293895483
0.613923674862064	0.837171692495755
0.788745676827213	0.818121289669191
0.316346352396319	0.273673794417941
0.87169581347859	1.03993722372476
-0.0930852325807936	0.112973664166674
0.646378529259004	1.41724633488936
0.105130145966129	0.116160861265768
0.980693465081421	1.6513499841961
-0.4478725492911	0.577864360540639
0.0228489237209559	0.0259478974424492
0.0563830241216998	0.0694684022438669
0.147587324659018	0.18516881779412
0.0164807573621043	0.0803231809634614
-0.0545973301558778	0.269705324402278
-0.0226679706848309	0.0816815530543071
-0.151151000425771	0.751984953810653
-0.145515602071457	0.583252137154019
0.239168706490155	0.969364277882615
0.175507490020582	0.616029189017728
0.383353006795721	1.61735932649723
0.0764527922879851	0.167462974999083
0.00820528711732113	0.0157778323991693
0.258338719378555	0.517376579914195
0.212558105152793	0.481185310019635
0.0866035645585581	0.138741883083368
0.0401440435830074	0.0616282013570809
-0.0620951383240955	0.098273722529592
0.309501375238164	0.743642658540528
0.28078196339818	0.607550527805813
0.581347611903382	1.77545890070217
0.00718630495665883	0.0115764601103822
0.278465177374733	0.542281467005349
0.240220506897615	0.490144748565662
-0.237770866502594	0.30921654964936
-0.00741292520384649	0.0091176553592538
0.174103449617423	0.329714041399992
0.132025782573324	0.218098870087084
0.186058652386406	0.30722213257132
0.218921653673915	0.385005234325561
0.129548382849672	0.171054636796619
-0.208063946497238	0.282991259054067
-0.30111035827724	0.46212941230593
-0.450943440186159	0.490872917438793
-0.212738516980728	0.202102928713675
-0.538771462890662	0.720309675850297
-0.234669933070886	0.247798703400963
0.888860073209333	0.833740704714984
-0.197203795249958	0.154869805373077
0.0314241360658104	0.0206572970486355
0.0644295846330947	0.0653938574314409
-0.416293168044188	0.667723452999952
-0.348704847858574	0.507030340105145
0.412143879613311	0.490701189627288
-0.433721111970162	0.546010894414039
0.146092967695535	0.193639773720182
0.0835672196120209	0.558049932711859
-0.0855809525375653	0.479793357479077
-0.175388633420666	1.08114317011122
-0.387011846001445	2.74967123259058
0.347258594823674	1.75646206355166
0.21268902212775	0.699652704287561
0.206656177913058	0.633841083425642
0.217931350960711	0.62079880784157
0.185676039274437	0.347547822196613
0.20841098355581	0.48904945990904
0.255294459174467	0.65012777197135
0.258082695549448	0.463283039090389
0.267285343503728	0.645082292276817
0.5187956727042	1.73391550397717
0.526389760702546	1.57034760471167
0.354649054310728	0.973671625944478
-0.2322862360514	0.468336083716477
0.441597220265626	1.27076995107429
-0.301404978873815	0.420506551948782
0.191321670353776	0.296999571382942
0.338531790959671	0.799010801964294
0.495211485480104	1.32929557632223
-0.0677649937811821	0.106590457444059
-0.0850849160620162	0.128295100651909
-0.0432354421050614	0.0493999242277682
0.277517001763114	0.446130053909117
0.414128112095999	0.762407260447847
-0.0455647488372134	0.0349417201106612
-0.206062227970057	0.196801164823004
0.0589144366066206	0.0528981452537317
0.142045981071137	0.144504985979123
0.721988715195821	0.544038398429447
-0.436592098662158	0.380203590983707
0.160961770880074	0.142265903958021
0.261236404783254	0.339808257100811
-0.260301733454969	0.387339482749875
-0.650339646052395	1.03602471468012
0.0709780091788842	0.0633090998427759
0.0437332591592595	0.0355739349018311
-0.0950680612729932	0.128333966223209
0.141570215964652	1.17888387139866
-0.0824261342018977	0.474634273798073
-0.0481532014949795	0.185495715295675
0.315983314431109	1.76405726921956
0.26505812331734	1.15832505296307
0.447447054340133	2.15567399153696
0.160997922290662	0.468535550177915
0.18922384370291	0.358254755995157
0.353824040258646	0.792821049545738
0.150680048721441	0.347979309963408
0.214870017887501	0.591358887290638
0.200266508245519	0.533832786161639
0.302538535483965	0.690507941003752
0.115090880551902	0.212685783357116
0.191148865593195	0.453421569156625
0.169111110502162	0.353989479040998
0.207361423493399	0.458060587527211
0.221549814060695	0.500009486763684
-0.00257883854139798	0.00403176323143528
0.137746951097558	0.276839295601346
0.10890691591911	0.121174709755562
0.0242702123564683	0.0330910053727601
-0.0483944009545484	0.0753316360603923
0.351903377818303	0.908275989331416
0.241126085068559	0.512693738154185
0.241095008264687	0.494269218048613
0.222118720995978	0.341867677859731
0.0281357532033303	0.0358299150544548
0.08175387205859	0.106840137738025
0.123828486657413	0.11471302320729
-0.202107615051631	0.191977607856842
0.336025886652405	0.410579548962494
-0.200117406431672	0.217357686795807
0.384243255071638	0.268001488065372
0.116620782906702	0.07641990627919
0.63547989007677	0.630435570787519
0.756098257738778	1.72912931857884
0.165212107915509	0.268288982141939
0.467551943904216	0.74528842502794
0.693087450854336	0.939385854443874
0.230861143261495	0.240776462685482
-0.0572419889510089	0.0784149278245261
-0.0501790381818542	0.0681263754645801
0.0223986945513711	0.11517777852532
0.24125840725975	2.0554201263207
0.342969154789939	1.94518404236056
-0.0557545434982272	0.150291860763515
0.389968580956567	1.99494197769743
0.235642004465337	0.567769433579587
0.345568911076954	1.22742643813486
0.45438951922484	2.06928497285059
0.253939278945384	0.767366220348883
0.262413080207869	0.59528731367633
0.0704243961275903	0.126748863922819
0.117311194832637	0.235415632989658
-0.0163507599015127	0.0269246901618235
0.0586024376278094	0.109546866866294
0.244654014591765	0.573302761596737
0.0610734400945182	0.111903978313577
0.215149070195123	0.504172358345938
0.438452487635307	1.23948562589609
-0.0773884204368052	0.148056731829108
-0.0513549505633031	0.0623210413021793
0.101208287733932	0.152583398277662
0.171347619745801	0.347855810254891
0.101591273654531	0.183013040822613
-0.191840314526636	0.379494917184979
0.148945061477552	0.261712328361259
0.628504863635201	1.51049424700618
0.131158016762602	0.193401469750821
-0.0307267187452816	0.0403279649686809
-0.332363382996201	0.393350391047549
0.433365669049647	0.571421233332712
0.0362236890676139	0.0335424284226524
-0.340556956207259	0.35554115019867
0.548401291555992	0.401027483101298
0.372429133998995	0.268047150233461
0.863967022803907	1.00712839793722
0.168919147563136	0.235856751492033
0.0266734245529601	0.0335673116227096
0.439970304032896	0.718781438402619
-0.219218590478083	0.242296177763286
-0.081132168471912	0.0775888780806107
0.0256901025236061	0.0305398610356069
0.177602907153894	1.65777937215703
0.067091213298751	0.352471690895543
-0.0828915756780445	0.386130777720901
-0.320153018649097	2.28840603326081
-0.457271493432685	4.10165234659433
-0.265087653462473	1.56158643545853
-0.174118419621285	0.676707103655246
0.185158597453849	0.484805234089928
0.173965296795713	0.413388473335779
0.0111814684698773	0.0229825345108197
0.445705026803653	1.81493989085987
-0.0688489373264813	0.147166706890175
-0.0777299509882579	0.153898757224566
0.19730591936661	0.500634602085546
0.203154354795434	0.489610636928131
0.312080625793229	0.793688289660412
0.276596772121786	0.682110007768625
0.307980649198207	0.771139759907198
0.249805406538422	0.54775024867599
0.310718661740446	0.820450006603637
-0.379693424853171	0.89870706010958
-0.241749269758477	0.561570794747432
-0.198092924053822	0.37870487191234
-0.0639226171284616	0.100814078657597
0.224378691656314	0.446588865343328
-0.0823292753381116	0.118902559971009
-0.285159706365395	0.553151717425205
-0.246107796101546	0.409276417154269
0.289539669162557	0.548655926829571
0.111923666702709	0.177400320982778
0.245409223523902	0.457539404715011
0.357458270739925	0.616419391519307
-0.351577202207934	0.57861308262605
-0.0659340434552201	0.0745290293341231
0.264878723960452	0.322787248769815
0.347450660058984	0.385305807756699
-0.465621051508392	0.605417801077086
0.0753414146556023	0.0545688432290664
0.124652951704862	0.153033960181
0.223219017888574	0.320604248901217
-0.202723114575515	0.258862144065965
-0.250994135390633	0.333157580615707
0.0657918101076452	0.0774562152081236
0.0781155018098621	0.0997688151613807
0.00717714928809964	0.0329146847140399
-0.0637256705883964	0.330668380066786
-0.330754742604764	2.55296903946275
-0.447668641480415	4.24340760827878
-0.0771558834689915	0.287145286841604
-0.069269935781332	0.17707194011442
0.423802883562638	1.34017783243795
0.758394539702729	2.057647454913
0.652264050627513	2.58167627467741
0.38231619354984	1.55783049445278
0.362695868266603	1.41423620486943
0.154240575851979	0.37885500467519
0.28451602114745	0.68927894559961
0.179788362509269	0.405477537862951
0.323339251216144	0.851667440056152
0.304305632847992	0.790663949988515
0.499317585181274	1.59585476863739
0.233178495648995	0.542362452846076
-0.198398385853621	0.419212141673168
-0.0284551289401948	0.0466970703143969
0.0405207723837619	0.0623603393959613
0.265011591817271	0.447872872045469
-0.27373582795787	0.544334519598984
0.801889939727309	2.88958163456161
-0.256406778725518	0.494701403421131
-0.283521722423334	0.552116560262854
-0.139610632420471	0.222398664717585
-0.0756165612894115	0.102941628584182
0.0821819523990751	0.110338954814337
0.0967983236228658	0.135754971667977
0.393055900995067	0.461998614609052
0.372890579148203	0.562383439181749
0.130239209048899	0.12127624281761
0.335251325260779	0.447719908257245
-0.387456683261357	0.316169307838644
1.20880892407074	1.847444664365
0.246109186001426	0.229551081145725
0.278598165479866	0.42487041570555
0.190257083562161	0.240281078690819
0.152042811796193	0.191269916698334
0.0986085474492722	0.104326564210783
0.221878933862535	0.24694548330222
-0.13626364923431	0.177614063916117
0.0237317933549872	0.029401304997085
0.0410237702150353	0.218457505809552
-0.0933620414932073	0.543445326970539
-0.254287051147671	2.10081114209345
0.312914950365346	2.3571181446051
0.158680890931805	0.524111762243541
0.402236900407351	1.93232195889906
0.213606566215284	0.687715127077678
0.321955385024766	1.14266720570533
0.300023381181858	0.781781303669227
0.484257637322864	1.58971380038446
0.445689753763896	1.20819608264779
-0.023496773036146	0.0373425080113666
0.134136508390587	0.256571344025973
0.178795092783285	0.373088411606185
-0.00211742385017642	0.00329624014369108
-0.0116887636087951	0.0147620099613183
0.248360862045145	0.474492022380405
0.242251735339389	0.522462233159273
-0.125397238491954	0.226806745476913
-0.0432490214817912	0.0651812269758857
0.140482665854287	0.241550795887004
0.228681253806102	0.371942287126244
0.328338076184957	0.666289738196764
-0.0477175988144325	0.0687195496721954
0.362933622594334	0.545184543458568
0.413076040848588	0.617902916341079
0.0848250119596862	0.0830041510252342
0.0484313892874734	0.0513164066252083
0.353130370272656	0.27417067192943
0.38730337739936	0.379573889341482
0.0358197371375739	0.0277881876541459
0.0471554890582846	0.0533798428955342
0.714988334636326	1.38007492608551
-0.0412608015163872	0.0397396086138052
-0.0163893237954844	0.0147280628603738
0.0456899121253578	0.263204536959796
-0.00620408549509899	0.0271020400655391
0.427633825987575	4.50092960705709
0.376004487654498	2.58941790614139
0.52537726342113	2.75464896639337
0.389189139981591	1.69761136316541
0.383760144157465	1.41176475440321
0.152836301362475	0.383605719678962
0.145279635275314	0.387267726357519
0.289105788893222	0.758158008131661
0.160929643594757	0.312042453436913
0.833210610022694	3.16037196882272
0.0224365747683478	0.032359078924036
0.0436679309666065	0.0635181091833695
0.403055377711474	0.964605406413869
0.524550561619604	1.11031535382878
-0.15816566759566	0.288254757215166
0.00915149266713357	0.0141626750004903
0.310767761871221	0.705914220549379
-0.208128563165396	0.334281014711936
0.0506835779296302	0.0711618924447433
0.273371630984251	0.46108815365374
0.148578957780403	0.216581325669963
0.274705240115478	0.516026535210835
0.156029260868458	0.233619050907716
-0.0857709780330244	0.126595224298789
-0.150330703477651	0.224474645585194
0.103055277058874	0.158839989439687
0.318363163839125	0.558173189763663
0.215613024368654	0.320098768587971
0.22908056815908	0.274489371688147
0.132644559428276	0.139634973349635
0.498344067064671	0.674462495157819
0.0299034088644776	0.0319996141903552
0.593945746928485	1.17235967542541
0.0380408678134047	0.210592826104368
0.347262497363753	3.90114326816003
-0.0756646096830312	0.332684660385886
0.335235997856875	1.99527295154031
0.550982312640356	3.39529954112679
0.330410228086069	1.31201709941553
0.51616492627039	2.09494963070596
0.246232071310227	0.708710398929925
0.290622201537355	1.04691459196364
0.198034289818648	0.570026708068299
0.391085096071932	1.05280578120144
0.256898704900302	0.562541465172465
-0.015104780336557	0.0217270245523596
-0.11615970493715	0.197859363199831
0.0920108510177158	0.142600115500121
0.332732927750721	0.673592240914841
0.235672627276904	0.39607009928936
-0.242090526125218	0.422629070566654
0.0406190203228227	0.0729037460253042
0.0457701779521643	0.080256254587065
0.270671800030546	0.419126085984792
0.261553602066592	0.429619370766391
0.0222470990951186	0.0250057897367472
0.190730022345086	0.264100017264861
0.114570646236954	0.180696434489523
0.259192913947805	0.458497889514777
-0.265510798789942	0.534523344237494
0.217796955845202	0.416070099520615
0.196830428136447	0.345792013288144
0.0845617329901905	0.118348579645995
0.186899807471359	0.306259474238967
0.173204770336213	0.224525494417931
0.417755255610928	0.568820634669318
0.0266281194349323	0.142781425458084
-0.24732998681169	2.44240634213029
0.358360699914718	2.2769119957678
0.157493769077554	0.609238344083772
0.380316947135647	1.71786542396988
0.0702059529929667	0.167230651274361
-0.0195818253377844	0.048731663036721
0.176048355706781	0.605661324803838
0.219985450864073	0.581083277966033
0.379870377400843	1.05430763710658
0.463172672690177	1.35311439655658
0.610333532495968	1.8988157918869
-0.341464865110206	0.762909169644211
-0.342395903094555	0.850154415142715
-0.118557195579807	0.170358064537295
-0.057345353159375	0.0853306726123793
-0.290523889324393	0.841702862338588
0.123284955486008	0.239424086085319
-0.112799726544979	0.161465897357201
0.0530279417908239	0.072053738578679
-0.106699699956698	0.133000582246191
-0.303949300904937	0.486190126830119
0.399493668960215	0.931336206374821
0.232492416586399	0.401079523207221
0.0875202583547137	0.151664871657317
0.121450185881695	0.214271578748202
-0.154141408976872	0.192569031015638
0.275571316871028	0.477305092599658
0.0465679967484125	0.273679048589551
0.187574773342123	1.10238941356301
-0.113547134478862	0.508216553247715
0.142036976759156	0.438862646044105
0.16811423521498	0.398452678250411
0.137943819396196	0.27407418051671
0.0362536653745428	0.0941624999847531
0.207960533826706	0.660220167964833
0.113528232664267	0.196269645963685
0.195822735150264	0.317622040651672
-0.357344413176992	0.725252685461146
0.301466438054393	0.507364271662344
0.511995703087266	1.00907627369284
-0.0311123267107815	0.0341945536664786
0.0582303233719776	0.0613857666001115
-0.665516636237766	0.878673335222422
0.850873439411872	1.94921729286365
-0.258713711711479	0.893924497606934
-0.332555449528067	0.988446041883518
0.448761836498534	0.566970612679336
-0.203320969671449	0.195060804626373
0.180499271662547	0.168191959078637
0.338690219341984	0.488156609599694
0.0110004010255811	0.0161843716069601
-0.0201298358188996	0.0263902492326468
-0.0811532625481984	0.115174169980672
0.159600443260282	0.371375800401618
0.0218824740307679	0.038215179264889
0.108986730916465	0.202992958343273
0.174239619006561	0.375727268674481
-0.0134669060565189	0.0660054624425769
-0.219589364224598	2.16726015782273
-0.106004243088339	0.601906901267045
0.226944538835683	0.811530088635342
0.278231748578211	0.797178269063118
0.522339569855654	1.72816240807577
-0.0906403589298684	0.273730662115993
0.170091019627922	0.500446996967549
0.376864532627316	0.805035610928888
0.295081858975648	0.482388856413111
0.0734632172897697	0.0985726259804355
0.146012499961529	0.169515990766669
0.188044413120262	0.24470818263195
-0.251376558054531	0.318573136025832
0.582734593754888	0.766569038709587
0.095707637482653	0.102982503431581
0.059191052112505	0.122935787762585
-0.0729986809756251	0.125882735137318
-0.0599094129426545	0.0463992975821916
0.0590773822769256	0.0430926341199965
0.224189112624593	0.220725910648145
-0.266011011822053	0.577640349668526
0.134329420188372	0.174631504739488
0.491101750437795	0.960677737904473
0.0449417282989991	0.258298309607257
-0.0456938924798655	0.252294877642607
-0.200901554595209	1.42440551901107
0.646694104063629	4.03762628455938
0.866558118169632	4.14847241055188
0.607104946118183	2.10637202515281
0.12941621808684	0.43710004304204
0.122522241510957	0.148633260691569
0.357074502438538	0.404391291367396
-0.548380873475649	0.619724946017469
-0.295528959065111	0.287022526872118
-0.0253832296938726	0.0355091947774008
0.116155083119527	0.141798318390949
0.804682208343904	1.66453305447346
-0.0202971812819257	0.108938307037198
-0.211096744450952	2.23875699156909
0.362628951204383	3.95702893443254
0.883255746990442	5.22002781885043
0.758488478123856	3.58302267671001
0.0604350906651155	0.182709015387319
0.347748281333165	0.446997134221648
0.141167222042264	0.16218820949136
0.0132928547279335	0.0209069093585729
0.191595490665447	0.271452923541844
-0.0170602314702072	0.0881601313161543
0.350134364780017	4.05075338295994
0.437305999188686	1.76430208817118
0.0516820741824084	0.157585073444069
0.304149316120167	0.673024355978279
-0.0509707323913026	0.293509213107802
0.441252565941956	5.10327872872229
0.0284161403207273	0.0951436470108082
-0.291383717922719	1.5677031638119
0.143756265919777	0.186177574466725
0.0447158521757053	0.0454007776748366
0.218942784647329	0.335054718004085
-0.00510304766582869	0.00708915815061453
0.0734971129016737	0.461252879075551
-0.0304752874696771	0.1349069281719
-0.347393397969677	2.98728656869207
-0.284790220912253	1.86609099965303
0.0898627821719407	0.615203308457354
-0.05222381642438	0.255725483581352
0.19363051888715	1.01434962685009
0.0712243884275134	0.437863659702898
0.262868763653272	2.16788090529792
0.0483253056006996	0.269732981318542
0.171402403500711	1.36665482270788
0.308359262285684	2.48698747367809
0.100307088681572	0.410421814021406
-0.216231125700952	1.04006699158537
-0.180220438296665	0.703882888995983
0.168829258129509	1.59196397537599
0.0858821081918128	0.492153725303478
-0.196808386823197	1.18151634629064
0.447165957888144	0.893894374513791
0.631881576299389	1.38944522143573
0.0334600269111408	0.17873049649034
-0.0131118124811368	0.0542731195665231
-0.104109077830005	0.49377983070674
-0.0188127477180118	0.0339945980624888
-0.107709739933627	0.21643081572023
0.206327231035642	0.411097334685081
0.1510525927939	0.286499833732905
0.0959970394339467	0.188651936046229
0.0475919568874587	0.0598080202267665
0.112186512349888	0.101568123261188
-0.584280350955723	0.949152567373425
0.527621254048772	0.660058112451709
0.12836499670147	0.992371596274975
-0.110107166640986	0.689864644499922
-0.13118808747257	0.701066745265885
-0.161354979134721	0.808858919408875
0.33559545627543	1.1631497008239
-0.117381593916401	0.276971603350383
-0.106253670232835	0.240621814931893
0.0336257874681803	0.0651749501793069
-0.0671195837655227	0.109932101317824
-0.0969250619621395	0.167432035631886
-0.185659493846396	0.388187337551121
0.0840795939194179	0.113207352641095
0.00633689405066244	0.00644695382839666
0.0052936389241217	0.00381006117737188
0.0566583485148835	0.0479542915434455
0.690007306668873	1.0015793707299
0.121831861350344	0.166080451257682
0.171414958518857	0.276151597685987
0.0500126827010536	0.0579308181623285
0.000671661037176932	0.00305422730554865
-0.0264848056670098	0.118256089385052
-0.0910710069308459	0.424716665907686
0.30493771940324	1.00326595008328
0.216845838753113	0.669546326687043
0.0544087455647969	0.114466650587358
0.0397870985585952	0.0821570559739724
0.08292142980898	0.178443047359973
-0.0933297115132644	0.167773864439083
0.102431148673016	0.201496544008954
-0.0481702731335238	0.0822620609823989
-0.0719041931001583	0.104232576517396
0.128058085027849	0.166915418526332
0.552336744346728	0.752588529578064
0.409381041983526	0.459322149161853
0.0680232354218614	0.0639344706907926
-0.110337264154118	0.163098585598651
0.0758734485001442	0.485144462357935
-0.0256344526957506	0.111378737271971
-0.153319059559985	0.821732820228039
-0.120966070899668	0.30654087156163
0.0912659638313665	0.23232969449321
-0.0076355624759135	0.0157358276168515
0.294469461737098	0.959073912783401
-0.147414026402025	0.363078484587182
0.0885871734896336	0.170402307631586
0.0427253512916367	0.0774527450194724
0.192903705264819	0.42501068648638
-0.0196793688410018	0.0259584400246358
0.410362854578739	0.814882498012831
0.790513269709484	1.04784225845581
0.820843194167898	1.41264381606384
-0.649349407796458	0.861948651928031
0.15777167095246	0.267108595180086
0.0500137455767493	0.285076300330979
-0.100311496251414	0.586601197219179
-0.122282902681567	0.615775074603944
-0.216353345580751	1.25886251857507
0.353603621219135	1.35290098881784
0.275359606218405	1.06341294586886
0.320376890115969	1.297724037815
0.194155882009461	0.581454007073771
-0.0245202221972598	0.0510224160471153
0.189119974548683	0.426413192148396
-0.121011379100454	0.247175874118835
0.0895128018155163	0.186046335609647
0.267330909522558	0.469794334289632
0.367808963078067	0.752872616657895
0.106299520799059	0.148937144641393
-0.00621438773171854	0.00731043533909713
0.48845295718428	0.488343999453324
0.433690186218511	0.543692616430306
0.288500319631896	0.31312500043484
0.214843320993204	0.39729214867055
0.0607063065252394	0.365287224068825
-0.0694025320708667	0.36235396268676
-0.199289811876978	1.29596049267422
-0.191478966541269	1.00282539994383
-0.0262908181290975	0.0590873221326679
0.106136410430244	0.307146782696629
0.35564039780317	1.60861963827725
0.125094111385129	0.34618651314715
0.145233004209561	0.383843841157197
0.248064301535234	0.630472129130741
0.144550653515219	0.321693435768768
-0.0269000785582047	0.0489200247331405
-0.105878584244134	0.164612335515609
-0.398342758414452	0.847761123439924
-0.180129219717787	0.263996549613355
-0.245995253052623	0.386829328218313
0.479931339521044	0.479014982378403
0.392288771043652	0.481059998223631
0.178622217567461	0.173060541866449
0.0490197438894425	0.274635137205262
-0.124447061487567	0.811738293740335
0.291833840495436	1.2315762273565
0.318896224010409	1.45785944349066
0.0962746787164187	0.281460238231325
0.0172913306236718	0.0387877224023327
0.153498134795845	0.436904555483859
0.0303346932073094	0.0538166387414218
0.075255185457883	0.151482481660288
-0.255020924973453	0.706365784771739
0.345690214646539	0.672833386590104
0.0869952551072194	0.110478764547
0.374483225398039	0.711060138091171
0.131644205680144	0.187064640838114
0.49314613219264	0.496287476625286
-0.177677630983128	0.179181592514331
0.00571811374480782	0.0049416518438112
0.545493098820663	1.44946058736641
0.011928471913919	0.0579031362945345
-0.100222600587005	0.602422779353885
-0.029439913747938	0.116429774463222
0.367585879892339	1.86828863546098
0.459255832355077	3.02791899896966
0.582435654626804	4.25571806144115
0.264415617164283	1.18679279594759
0.208130319868618	0.766553146493766
0.0198717120537495	0.0389526546351554
0.0314999175036473	0.0650643915367192
0.101972305989081	0.242447682299509
-0.230890742280083	0.454104876664658
0.00587815908674044	0.00824543361898165
-0.212602741643947	0.351768384567184
0.163828450404675	0.255009910112905
0.359913979223391	0.382384869323846
0.376817979282474	0.485017608742522
0.48017479064416	0.86734417172607
0.2529898641255	0.523990831690812
0.0708504442919999	0.448075384010414
-0.0375353573059818	0.175284769695326
0.0513958307996938	0.174496860639051
0.344105543546904	2.10532235676221
0.360916075823334	2.15116706766397
0.0306803354550479	0.078482016060727
-0.109889392216991	0.3221639173894
0.00575923164394643	0.0106240431929951
0.0480805650770215	0.0987886487650889
-0.0030677813204405	0.00590031958556473
-0.166285543623972	0.296458044299409
-0.0811735135481046	0.126739831070187
0.1080772911578	0.148069714615192
-0.0351834492364608	0.0408129700252918
-0.040282154528791	0.0320928368599956
-0.209655040151313	0.214452627301335
-0.650673072459912	1.05564606357681
0.211605693638489	0.420735924141428
0.110710670020325	0.198270657327645
0.0639068955974844	0.394274905243147
0.149648463513495	0.922477519008296
0.401093477767936	3.17444193010236
-0.0109448064683319	0.0318226211770606
-0.0791304473254857	0.271854402098887
-0.0960443028800867	0.312538659470273
0.232720563234561	0.754501532865314
-0.179922695146049	0.569282853073287
-0.356848465822554	1.58642584492479
-0.194779805195995	0.426589670682182
-0.416363018576365	1.08847978113863
0.0728651419696735	0.116335444942751
-0.158160542526471	0.261229321943119
1.04442403217669	1.61644042111317
1.0977713267957	2.29620037228712
-0.154000201445224	0.193907157878753
-0.0997484935546203	0.196591608610996
0.0121500690037762	0.0190819768757681
0.038504620075913	0.0575837794663973
0.208463494577495	2.09832423895705
0.109137934930279	0.70729095531948
-0.33890263545966	1.95723872406468
-0.426773224806758	2.41018770319825
-0.502321801273388	2.79271388330087
-0.295579621598464	1.15327395862199
0.0546959014659726	0.118816849660148
-0.183211863412571	0.495410157852796
0.0461436328583204	0.0607189211977108
0.0829210167337134	0.12436833019052
0.108592543682934	0.176056671099416
0.0624926523933829	0.397657847049782
-0.218182237491211	1.83324143001355
-0.436551478255691	4.21117510703576
-0.430252980405925	3.64060574958385
-0.451521155132724	3.39661335466275
-0.38708865750367	2.55393954205329
-0.120815988975129	0.394832756704304
0.0599322207462819	0.161791631793091
0.165257111354852	0.411485832745081
0.124864460412535	0.2927815354784
0.113990467659253	0.163619347274289
0.235047384405119	0.582669557715161
0.219117674790662	0.571811637828513
0.223605626181941	0.571547377604628
-0.0409949661801446	0.231374690665239
-0.147793450557734	1.08741328280217
-0.31233907612635	2.72126446764966
-0.199241773492946	1.1952611404489
-0.174846308379823	0.748427020375019
-0.18840411634281	0.887172404663477
-0.403265896870226	2.85404920879406
-0.381724671832537	1.75856118557219
-0.153606260219257	0.421232511505632
0.0673652746101282	0.132423669067113
0.420253516915889	1.3326404140411
0.371844712770083	0.485313200398387
0.223472272984096	0.295104071862578
-0.1600694770102	0.222259927901329
0.257904592378625	0.758138145729903
0.255262429691186	0.485826109436166
0.330454773005013	1.00344029967479
0.0297810816703098	0.160467392868366
-0.0728619306905308	0.410019061249944
-0.142438736034022	0.834429197849177
0.00757754257168842	0.0221728086805601
-0.0571017205669509	0.192540486769314
-0.341147371455558	2.34272260238929
-0.307698810989602	1.34949229098094
-0.483873297659011	2.1627148381873
0.014899660389057	0.0265100725556707
-0.113478301811772	0.256777140097578
0.355176960062088	0.555867408781599
0.0287964514293677	0.0349524594935174
-0.138862182066481	0.204822836036894
0.393011371926849	1.3005337858522
0.23703315420772	0.666532310748842
0.116875299653282	0.218811492418164
0.164384968306162	0.269526236287343
0.188869529576272	0.49238344536488
0.151903014707226	0.316930535236774
-0.00319601020699963	0.0150080048396461
0.0854402766801726	0.49563600515428
0.0731754362195098	0.307442944090261
0.0750951007610767	0.327635378525483
-0.097502494050501	0.443070148893882
-0.147717238801982	0.525687724312006
-0.478948296440468	2.35436636721956
0.267430680725216	0.820343290921961
0.363532764045844	1.11050164189059
0.0191589784396198	0.0200088644155089
0.672578824317015	1.30880285332368
0.603631861694458	1.34780860154685
0.512943320798961	2.10310005172639
-0.0349242659258959	0.0727399601819273
0.160647619029335	0.349599627944698
0.109843407045367	0.177817206724166
0.217792292510758	0.402667922384503
0.438670069575495	1.50308058910602
0.139474849273	0.266716724785969
0.242145172639477	0.565950494706166
0.0535657637566722	0.322086332178747
-0.124924923490473	0.763417867739443
-0.27113301266133	2.31261359874001
-0.430128383548292	4.58533835832321
-0.53937186384029	4.61965617661871
-0.469616851459895	2.67997700764641
0.206700766792677	0.608180169032802
0.0458149889198462	0.101160550865586
0.65811336589837	1.34499751202744
0.763741620685909	1.9817761614131
0.667188231437067	1.61004320917412
0.172951847364271	0.460969701124092
0.0761661388791482	0.168316233044716
0.167523780908642	0.349428055887309
0.0651980428975743	0.0994654574823287
0.00624893850543444	0.00900690949440569
0.380180305912372	0.840075074484105
-0.269370298524128	0.647608328367083
0.0667284536217056	0.120305723934007
0.241582409311889	0.577211278726822
0.272819607878565	0.616846016110666
0.0491559159813984	0.294085514048833
-0.101957000835206	0.657744234886756
-0.408012233541151	4.45891340694466
-0.186350724987224	1.19768190479907
-0.407245116343951	3.54059659945365
0.248576085503549	1.18105379992128
0.125165809186428	0.426181271548368
0.582887072556954	2.99196305386106
0.263555674038827	0.888506596928781
0.268851308061798	0.552100297206652
-0.0600379370303157	0.116062933413164
0.202928390914251	0.498173518492181
0.107094674638014	0.224680654775295
0.209182842162797	0.616585275865106
0.321510324668061	0.978018377958775
0.0786703135973027	0.149257049474982
0.193901713224283	0.393400626001408
0.193590129444154	0.377769628585777
0.106691160558069	0.209537063717065
0.11978778511568	0.193482610343124
0.248838055394641	0.54210365660362
0.180630599224057	0.422866527214641
0.16974256630883	0.311832938415632
0.566187772793237	1.41177210491814
0.272149354495368	0.473724783012146
0.557618525578965	1.33654783153176
-0.0400542898004095	0.223872454007597
-0.0799381129458987	0.441421285057904
-0.0527905526450699	0.217950617592982
-0.115446228088167	0.492927773250111
0.636793153248658	5.09661773085802
0.481576889697163	2.70178236160135
-0.0625941030881564	0.105865052834858
0.442383434409065	1.53781181990398
0.426086526460131	1.02954843259887
0.450109239465124	1.79772120990925
0.266173281882325	0.732546130728919
-0.0531756719956412	0.102767631884998
-0.0753646121751281	0.146656171497968
0.363309534888507	1.04645451793447
0.0628135166670932	0.120241539805448
0.403918121320147	1.2908452093349
0.237761829158804	0.554608518945021
0.156810804482016	0.313318802184193
0.267367206818337	0.526647174146431
0.0818957332018359	0.139103113639046
-0.0297644699314161	0.0499480527815222
0.35329756549027	0.905820980383907
0.178254092794859	0.341819800522765
0.434169209504977	1.2192098414346
0.156664860452478	0.246339857635546
-0.16659635000556	0.256745636714749
0.213152387306796	0.42545890197889
0.0319564900413715	0.176120136439397
0.0421247147493817	0.210590719342682
-0.25804430759605	2.07250135362554
0.296437656731506	1.96687375093685
0.365563162942745	2.42824778138876
0.641857277765341	2.82009615215012
0.520735128943466	1.99387975747441
0.205560506714902	0.498638548239645
0.0978915246186858	0.243702970149257
0.656623541910968	3.2864911731361
0.0807041537303363	0.191841099927696
0.163842687350618	0.425389848761553
-0.0878702321222446	0.182720989767252
0.0110704350900146	0.0200936665029603
-0.261410874903825	0.679737511535852
0.0461589796285599	0.0867450323323973
0.0451214079740448	0.0957705165261671
0.010757286851464	0.0188320139239506
0.472137811885084	1.2986092374384
0.120542423890291	0.240960345138783
0.30641191591811	0.834999490947865
0.102308153004511	0.19121059026351
0.161825258026322	0.347344147677224
0.153676685891786	0.316701328742579
0.132967903005222	0.251454410324885
0.243575669727052	0.519604236161672
0.0715382238738488	0.0974303563761905
0.0344736361369931	0.0477698202159834
0.444768551955013	1.05968026571707
0.17868429058765	0.368103229846667
0.0414008326834861	0.0658020297041988
0.373779639051438	1.08859715274802
-0.0657211417977413	0.437079699450725
-0.102238151154271	0.681183803079346
0.312662010764135	2.71904021450791
0.429145456437936	4.22774700141246
0.536105469022699	3.47932125026248
0.458048650919177	2.75486864110828
0.55323361661681	1.88170571429529
0.713782874293859	2.93918953584741
0.285465115389311	0.69249331870656
0.507119722793199	2.1213019311121
0.16293141868091	0.55886870618009
0.117486861206113	0.309773045789709
0.430263511266271	1.08199039044845
0.315318222253232	0.624313957540251
0.394882815942297	0.684436057283647
-0.0029139018728133	0.00535170663900127
0.23193325426059	0.674069410842876
-0.261793878463429	0.349271069493341
0.268001075614677	0.525269475242733
0.0429201515210881	0.0952915854126001
0.22230003097793	0.449293690669658
0.14466439196822	0.225125172663115
0.352337577298531	0.657272638848078
0.335040430679237	0.469022840635275
0.420060235631378	0.558894200319284
-0.276782425994728	0.365408364523843
-0.133438234101811	0.153637230417582
0.147053483073975	0.354801396351228
0.245279893142487	0.522153529278228
0.173913936719544	1.71486120096864
-0.292139991399444	3.39009389743002
-0.0133253755977169	0.0551474482561214
0.439347591734174	3.38388385255822
0.141183187555363	0.572178287885117
0.280733706886287	0.937254061647003
0.320275250317187	1.18485620768896
-0.0700982038429123	0.140178369394991
0.321047412764847	1.16923096964854
-0.0660998821206264	0.1888165443635
-0.0852129005813518	0.212865106579889
-0.185036048148384	0.380234050091718
0.0258190566066584	0.0375465079553506
0.217478212302008	0.363838146367352
-0.164525969542643	0.451249414738158
-0.272663805250817	0.841562970565499
0.221372033926337	0.312006936347145
0.181709382497267	0.320915674934361
0.0927901985408224	0.210873752296496
0.231277243506799	0.260927239162411
0.0877496020307502	0.100550421055282
0.559958017375951	0.96121900214592
0.209090602454479	0.502062628399224
0.127718985817257	1.07791803146055
-0.21876825780487	2.22278217377198
0.223996796135452	1.40085166701141
0.0342710320680774	0.11692508418436
-0.0904149990153886	0.265187999253342
-0.00963877034179837	0.0234977808921035
-0.0233661221959175	0.04889384946248
0.0790272059140293	0.223917283654507
-0.226794311474395	1.06539375707518
-0.211756185787337	0.778178767622124
-0.0777959522458932	0.14706111276828
-0.246001272203916	0.55581862210169
0.184837271971527	0.404801106390834
-0.0772258082493652	0.193815451667139
0.392511422809228	1.5364791069235
-0.0236559883780161	0.030639974962875
0.0359957298865134	0.0587667610408325
0.259704585152203	0.83089028872508
-0.0878134612672137	0.160163024791481
0.146040581209251	0.26565984835089
0.128584788238755	0.310184385448316
0.220820416396084	0.587342444612894
0.578657127218058	1.00589154712774
0.421919622641159	0.915379911843712
0.28150009032604	0.735700655205682
0.081731949494225	0.583952253381943
-0.0138707048586384	0.0620983160681629
-0.303468155836094	2.66039912353562
0.187261695422746	0.844142680893033
0.0284325179740459	0.0790714591918978
0.061814648923958	0.169594351910953
0.0355344008697599	0.100058740268088
-0.209227186213934	1.1623433104619
-0.0336766251543509	0.0991523536664415
-0.00208801781429943	0.00375391006290601
0.0186088700782409	0.0325281637390019
0.163109616262173	0.361522309985454
0.0208857851114545	0.0525005734722526
0.106658965177928	0.287925785691769
0.136611398242439	0.264293825967118
0.269237114346974	0.939561590353726
0.169515877930991	0.353812908342051
-0.0933774256271859	0.168408247968074
0.156457435218381	0.45597370229412
0.076227467817864	0.177355899820826
0.0483402025446811	0.0968686227885525
-0.0521926186759734	0.332345094537879
-0.182538291881754	1.72171170863441
0.392426093437571	3.29893383023778
0.459668376610792	1.06463152530805
0.688158537829908	4.06499803337826
0.286965698498316	1.49616779730842
-0.0659665584682223	0.283582538358274
0.138063580764053	0.605354543947326
0.462981342129195	1.38720268693261
0.659800055081181	2.10508430956491
0.693076737354664	1.95725639549744
0.168738748143836	0.600150922094238
0.23162893712112	0.926130738966332
0.721805744463534	1.43124789961086
0.521956757608863	0.495883902281253
0.77800799702137	1.09724421376002
0.245156449526222	0.715330964370516
0.127936457963967	0.208916130793726
1.37446365232936	2.27883297958618
1.17065646356218	1.39313165953414
-0.0392269381284313	0.234332632969667
0.276382269298137	2.43813344241359
0.13637477469187	0.392326905516719
0.273328957178417	0.486074707433386
-0.0357069145776261	0.111936079742309
-0.383553103302289	3.68976743564985
-0.153694808905224	0.709646130696988
0.0603568691976742	0.121236510837675
0.336199431473825	0.992987008349143
0.222369768474781	0.509022577325292
0.0871989446380444	0.287639175944963
0.160222969403495	0.516293036711364
0.218829539031799	0.36554445083033
0.578925046689054	0.706754602355982
0.422041323197388	0.485199344941232
0.188398244121612	0.24292829227943
-0.0446126933720076	0.0881432722754506
0.287992763730701	0.622994613153598
0.817340744482085	1.35158481429951
0.794924294815533	1.44136441839978
0.666402539519928	0.870575203029648
0.467351793141673	0.735533000102322
0.562257182570196	0.747752124081938
0.545102493231167	0.764856963066577
0.32561480139018	0.381940013616569
0.317221074228652	0.410851147331754
0.383810601629059	0.40184980040585
0.419038498196247	0.481336828085794
1.04947150287166	2.15844824515673
0.106743093563856	0.628049155914363
-0.00546856649130713	0.0179326631016481
-0.188575145744653	0.819291764026628
-0.344337574167977	2.02303927976451
-0.241035568398136	0.973101189054093
-0.23608237416864	0.857951643223742
0.0149375304419189	0.0310125843065678
0.123218038404964	0.292946230183175
-0.242621767781513	0.812682901102597
0.375669595980967	1.17272936797554
0.231569985450572	0.390946053676621
-0.00120039339435873	0.00173666799496207
0.202762477061344	0.235428845394768
0.0236379934111224	0.030606210357474
-0.29162996438003	0.370058161400754
0.180191839230992	0.198732503755447
0.288225096366289	0.414117462852973
-0.0427215543308361	0.0468925806736804
-0.179425753344	0.273348665018968
0.474396675064349	0.967225589048132
-0.50697910863763	0.804084967872086
-0.679608706628992	1.17528411632703
0.0307028397590981	0.0287586865856568
-0.019932578503612	0.0183001646642407
0.490752851538332	0.672912179070456
0.27653683294679	0.323917008870158
-0.564170499107904	0.747868165875464
-0.174460949998169	0.19678293745866
0.315598988490674	0.396634559766614
-0.193793019378025	0.185599374174249
0.117812870872639	0.112387756306222
0.459772197056227	0.658481950434238
0.355495283530052	0.401123926528603
0.0044842740899644	0.019409188333913
-0.103540292546552	0.642820028216229
-0.271138243840312	2.11261114073459
-0.127520552887753	0.577199274852095
0.0245104714336266	0.0902030105497226
0.0870673643325341	0.364032280632366
0.0255084642479122	0.0821243772832658
-0.0769860651698536	0.265138812692564
-0.164246171279879	0.368000879833392
0.202788607525708	0.498098921224996
0.300023939715722	0.700380814641598
0.250547414651146	0.568959370231418
-0.179288231251751	0.392858356151947
0.0881383851044791	0.168091267850854
-0.105172099903809	0.157366751935861
-0.0557337902035107	0.0915553922100682
0.319181179017271	0.749792888475596
-0.342318103019227	0.849517202387186
0.490610548256381	1.22795235978956
0.286561696812058	0.624973361093739
-0.028644880735998	0.0420001740285974
0.0413615482263227	0.0635148562370732
0.542881305967436	1.365868039329
-0.264329071485373	0.523455399194866
-0.184560873307287	0.343155624785292
-0.378143294925255	0.844429142756497
-0.211967264402703	0.403304502521582
-0.613051253898414	1.57310102532523
0.370912968040077	0.832661242258751
0.23060379329689	0.416783808275921
0.0172186236159043	0.0845786522171342
-0.199431000209991	1.58283975129286
-0.397307397656659	3.75065328084249
0.0280518884391166	0.105396858886485
0.226670947186356	1.65047930694795
0.128963201881889	0.657867153825807
0.0159996643794056	0.0546563559530487
-0.208571876689182	1.03013263793466
0.0664448687962158	0.135791205193838
0.0951372787570098	0.208615482556825
0.126514395526969	0.263214893541909
0.203611476847112	0.496746071426441
-0.120443223121132	0.286356019701377
-0.144744994500017	0.301167425019661
0.190117816380739	0.324387382749871
0.09220667990795	0.167670654492011
0.631281122943498	2.1333055760967
0.0586714051141306	0.102612220480648
0.304887715436097	0.732429980906082
0.0961221520997631	0.164075756769727
-0.318780298693793	0.786889621841254
0.189513046317186	0.387760776820025
0.168414621040742	0.282477937998313
-0.221579968784121	0.451721615693754
0.244359312840107	0.493673486434656
-0.100560929680208	0.163670120059043
-0.189212756993169	0.385155786410774
-0.175618266885442	0.325156387133856
-0.0221620602875718	0.0323835164241819
0.528322653800031	1.54485496362654
0.0776357462936916	0.505371225150192
-0.027853477306449	0.128674674495025
0.404141768809348	4.39330772153118
0.229433815009279	1.5864738868852
0.234311078100931	1.48465270277826
0.225383154645624	1.15410743167861
0.157880298426465	0.789500894469139
0.134596476795615	0.323703538497494
0.46563288761888	1.50266372904517
0.286727901576347	0.824413487099395
0.165995982504464	0.286648509009756
0.170001778983184	0.294898456456333
0.465634171829857	1.30363666096378
0.00548461446690863	0.00786349486585646
0.149007645869198	0.3112290336515
0.314486895440538	0.816202094416991
0.326136647588107	0.623196127083903
-0.461374628513832	1.07431478278354
0.286052110088972	0.536442132079531
0.168018205765857	0.261297925368557
0.118055686869505	0.185934784257115
-0.0535983724327489	0.0710003774509194
0.295330509888799	0.515436345652671
0.338619428274017	0.664591655182618
0.132635444003958	0.203392685679437
-0.34249786679482	0.656928658780976
-0.292962443242101	0.512874921590472
-0.00459991073632944	0.00578946449498345
0.131644030013422	0.189394747873472
-0.0225393814226553	0.0308304583146968
0.21711735516761	2.57542498456491
0.133564250533828	1.05234647725324
-0.0997904816401509	0.409242252961069
-0.155018718675353	0.652107969377784
-0.00135575403107464	0.00343459377964777
-0.250500848039554	1.78083115069027
0.215960156659255	0.743872261018332
0.141663473799862	0.241841987999615
0.0784977634624383	0.137562579412924
-0.265817062939265	0.473025179277982
0.122225023167693	0.157118568756107
0.306096330618877	0.590757612066735
0.259114416878239	0.852194072815389
-0.143842142584287	0.282534671269857
0.524532895362533	0.978413239828877
0.0991289885135825	0.118190186763999
0.0157281906055926	0.0176123219652243
0.300760036852451	0.484873391679591
-0.636474740589059	1.16453117175627
-0.0123283178491534	0.0133402420307148
0.677294987211537	1.47852267269583
0.489538162647391	0.814816728364215
0.239386012533883	0.327030228269376
-0.481998469457973	0.891138509871079
0.430017720734992	0.65313364612429
-0.306615985842516	0.396216894965335
0.0920418839872217	0.108772913571676
0.0156661704004172	0.01629901972452
0.142204739163117	0.191656604728884
0.067579917310645	0.072406554101962
0.335923849835555	0.571073572395407
-0.0318628049178281	0.177106785454843
-0.133694121885477	0.78426601581639
-0.0575702951182756	0.21362737850072
0.0166047837268035	0.0509127732397584
-0.378567106439603	3.39039692701256
0.0958653128730958	0.259637804117647
0.0454763139469504	0.0675082865924881
0.135119910893738	0.227744660298741
0.359787914851328	0.92164091940108
-0.0355933265896759	0.0705489489409222
0.221398300397978	0.524783210058861
0.091221840424728	0.129155071766563
0.470645581807985	1.09292628649962
0.0685725686864175	0.0917930171685649
0.244816537196437	0.375468399443324
-0.595906578718747	1.27441448441883
0.541256159495623	1.20118451020998
0.451048558662612	0.865544114851769
0.0293297103740091	0.0364649140515188
-0.0709537918235621	0.0978173586228084
0.0681847877405916	0.0829678361620296
0.0234263632585373	0.029198567680128
0.151888037727039	0.215257754090995
0.596945514601426	1.31032284186441
-0.379493111575965	0.662520641182407
0.0425699273766606	0.0475126196875655
0.377549847048727	0.609776327174454
0.00545482997572068	0.0257611601515854
-0.0851693142487998	0.499960564205476
-0.0954045766356068	0.491258116170794
-0.318766652298267	2.26845211679831
0.090559901017076	0.200074885134965
0.0596853870435492	0.1304844410335
0.169279346411737	0.403839607478591
0.151598688573842	0.330406510966948
0.208642722841947	0.563223636016467
0.18873988259883	0.431104289700928
0.249303291380078	0.452287122990165
0.143050263827686	0.276936545170198
-0.17259649909772	0.383945151391367
0.222267859914664	0.50189366991916
0.0792816594899439	0.132569381621142
0.0123793765040528	0.0188302665183889
-0.194367986177269	0.386719284043485
0.0559498149695463	0.0856246616361006
0.360203100833747	0.858564777409992
-0.00473459633371237	0.00693872502303658
-0.175398950462077	0.357339004388883
-0.00560928726740251	0.00842773248977755
0.254238460366382	0.602163096834453
-0.0893382823664308	0.155306389365611
0.0844760669510936	0.149702941014634
0.172142403252792	0.345955301980392
-0.00892231361479685	0.0433433502525892
-0.157935127187987	1.203146102734
-0.247801791885971	1.66534954872505
0.141058914075291	0.378813504969602
0.233578477804592	1.06788839025029
0.324063806770215	1.10078034163917
0.148437130806421	0.398134730864318
-0.152961748193412	0.395290272291494
0.226373104873322	0.595660457746939
-0.0153752904263477	0.0192101525445211
0.094845954541996	0.183730831000416
0.179235629243555	0.405651048102235
0.211341337891394	0.494292576510567
0.330054317839285	0.921895944198093
0.0484223655845239	0.086178374496172
0.0930142366869758	0.178163816134432
0.623033336767717	2.23595121441796
-0.252947427906775	0.57785125342506
0.414941527740241	1.19832684309728
0.0263851243309213	0.0440184312629812
0.252064620515643	0.622737628569565
-0.0302329538810773	0.0490680378278312
0.0207688193601565	0.106116695866284
-0.122837817014467	0.756168856174782
0.320536124266058	1.27716152019455
0.281761343326705	1.49239590530806
0.283669105364917	1.61873530412598
0.162568450384527	0.478526020359154
0.181245888966989	0.486258225818447
0.105151910175171	0.25690924025982
0.0559291587652951	0.132907427385629
0.0932008594317096	0.196942112792745
0.00915200150132918	0.0116871624274807
0.0834198291001838	0.147446906235603
0.0924563410742464	0.196703096809979
-0.0596471600143382	0.116734724382552
-0.072372350046005	0.137913033273475
0.117899204483533	0.251793274660555
-0.26417705037689	0.61240270816355
0.0904734106655619	0.164824678749521
0.0422475736052637	0.0718653188677613
-0.417135231799711	1.10972161350999
-0.0308644876665966	0.0511953255020367
-0.0263427432733451	0.145966097594177
0.376052664702421	4.87876131839452
0.272391211559519	1.78406427643079
0.0340181401872959	0.135266514169732
0.404647076152175	3.16242706146169
0.0587795835149025	0.213304220650266
0.180317347913218	0.891279494000269
0.183587861377435	0.54337486133166
0.151077340162992	0.447389661121429
0.368288559678212	1.12946525938905
0.11462344616306	0.252368690289899
0.091037295156125	0.193698858852594
0.1243107232754	0.287046972376161
-0.097752966349416	0.270538518666394
-0.0200626569264544	0.0391308660935077
-0.0822057027597835	0.13723114003717
0.0782469335028506	0.139408355349685
0.160621036454671	0.283725315850854
0.0853417501007292	0.145006627691347
0.166510993265721	0.310196128502473
-0.29193732685121	0.615989653479371
-0.063441983388789	0.102038301065992
-0.394313123549602	0.909656831293253
0.0510755974799267	0.0732268107633119
0.401017092491446	1.05655615036403
-0.0147159894482896	0.0743775031232169
-0.15184969857054	1.02971254572763
-0.522997022017422	6.22455818858098
-0.0989627287059129	0.460646750014194
-0.496721730619879	5.17965485151303
0.119403740066201	0.579877052394489
0.0972262104630972	0.242854973004771
0.457250248526931	2.25438380567514
0.124201151191832	0.275162458100884
0.0081480188452066	0.014464814565587
0.0628738176625938	0.120446609304083
0.163262485284269	0.366639221346712
-0.234277674165438	0.845222899243274
-0.425636646712225	1.42281852988043
-0.369444478075004	0.940904607869511
0.311004594709062	0.680826586813412
-0.349264843761197	0.804939603981403
-0.192339198257486	0.379826949017238
0.366269041528451	0.798597675570696
-0.41610853922808	0.905304694026143
-0.377213129603121	0.754529531157222
-0.207035393654097	0.351577248461268
0.168945575731725	0.26611926565162
0.229059629653035	0.403443499838536
-0.0555152815612458	0.334653901804402
-0.224121543460406	2.06236968186716
-0.260214607435363	1.82074914536019
0.276179025306782	2.14514975361762
-0.0579623225519664	0.254341845794605
0.30251341949282	1.47358952778774
0.42584015396227	2.30879548663152
0.188062831122524	0.604295135859604
0.148398887937353	0.455291243812177
0.132601776388107	0.388333088652279
0.499555884851048	2.16985257971503
0.241259916508558	0.432603948938899
-0.160675252775403	0.369650349196903
0.0498737563777423	0.104115554846682
0.0654082043251548	0.138508168951131
0.466535990479389	1.65265360293212
0.0113694419522998	0.0197389262653743
0.339717069684913	0.939085129538556
0.21560361318179	0.491075014599076
0.352361939880955	0.96958913643961
-0.0433621220219031	0.0775529967018371
0.0641475717944069	0.118303892777103
0.089481266596171	0.17256977862937
0.05842504728602	0.106227354554593
0.14907299609772	0.306312199946929
0.0279783867307979	0.147125529474797
-0.00313961964627071	0.013312401212331
-0.00559186530844272	0.0191532746222034
0.28516895223557	1.24361671437056
0.439634679377817	2.20125642882147
0.42677404144938	1.73482764992202
0.128520525783176	0.343713120483788
0.10245780999582	0.2491189550716
0.307853986112191	1.10603139301107
-0.0244222990153889	0.0426774663907288
0.277047761653543	0.841087710685335
0.0493497419052442	0.0924035094385842
0.0660878952818071	0.12876474281903
-0.00976699604085714	0.0162711871055635
0.240013134149896	0.581557776226301
0.186310679894914	0.419015687876751
0.135137270499846	0.267663924617039
-0.0227461793605571	0.0354679900139
-0.0788545211110843	0.145303858110961
0.223691189742558	0.511861274325517
0.00275840022022735	0.0043585100549169
0.284894744319948	0.610455743473896
0.277602567685554	0.633801777197496
0.189426881341719	1.93867140278349
0.136925230380273	0.956729855845081
0.27955551323066	2.34563812820819
0.422132342426048	3.10051621567108
0.429102628430214	1.68811865214928
0.461210902619861	2.06946065999606
0.159090124504876	0.317862426261621
0.0777742733193175	0.128072668625289
-0.0416835911781386	0.0615821253979601
0.45323790160196	1.42228858352115
-0.0253284935706659	0.0628941216505554
0.0361967358796757	0.0712323842820872
0.0658067900330651	0.0887602058141262
0.239651636130142	0.396555933156794
-0.018006453999637	0.0210228333677306
-0.00357116308817084	0.0044749405544162
0.362541513956888	0.652489913874124
0.0149426389700416	0.0179493387026906
0.43111967171344	0.810872651799239
-0.356838854053396	0.66499161946537
0.569401516696443	1.24293463687655
-0.106536635341852	0.132185164648296
-0.0110161289906058	0.0534508930978292
-0.154431926244113	1.15350106368425
0.439166713924068	4.46201896514113
0.560945031474603	4.89835209249019
0.419520805115516	2.85185055666135
0.671035105014945	5.85480338637186
0.15049439216617	0.490289256585265
0.0413156096486161	0.101460429241122
-0.0751113424960405	0.196402101011467
0.108409338256895	0.287633917043261
-0.106685652050659	0.261257820446262
0.0459976804248358	0.0933347745857652
0.406328300222663	1.53796368916872
0.0214663930520984	0.039471293017764
0.0425027468972021	0.0773241315251428
-0.273570308278338	0.712415860501618
-0.0136242149039536	0.0223534740190123
-0.0692394349291714	0.115179668581451
0.237063004831103	0.54626946979596
0.156116857709501	0.336249868013121
0.0912439809445891	0.165424242901747
0.13543810977921	0.275033415080837
0.0810552109136812	0.155056999464671
0.0756433589377219	0.474037773820159
0.218998506971956	1.91892524147643
0.524396451723683	5.16748591513121
0.453786377276819	3.86231167060801
0.309526735635014	1.98146055865778
0.152171976028842	0.543559873759115
-0.121979583235861	0.407080151813935
-0.254070910298377	1.13374681154405
0.0671901981323511	0.177009439667107
-0.545250644177412	2.32212037325851
-0.0619672890418895	0.138410730044842
0.32852865510371	1.11697316138719
0.0693037310178349	0.14785680483557
0.0357660383913685	0.0682357266970319
0.0259535079343115	0.0474871652220411
0.191533634355936	0.456168769699486
-0.22155497013955	0.542633356012229
-0.161919056438467	0.342327993437749
0.0414121701152403	0.0757366072455891
-0.0386637517395956	0.0689287107252433
-0.0864400867308266	0.175110580353444
-0.121357486191362	0.254586010972393
-0.0442128974499376	0.271248493843922
0.0350012686754358	0.17569438113905
-0.10075902316526	0.344539362683202
-0.202749398802652	0.941596156390219
-0.236320308662746	0.772305564076422
-0.492849861402544	2.4626785381025
-0.457975535697881	1.87810844605213
-0.101603443065112	0.252863116478054
-0.20621660148692	1.02725838857725
-0.341467042537911	1.43214320268322
0.34019178806168	0.785479975408878
0.171525440910934	0.325568985925457
-0.0376490234266783	0.0553879534549963
-0.422448991337973	1.03364847955987
0.376226870336155	0.838981843476677
0.348347516258016	0.652293011945968
0.0361916413697217	0.0501973234139382
-0.090580216361563	0.146219067800762
-0.093196154021753	0.134425564755758
0.166027378926512	0.284231146244929
0.302091545415412	0.539805892296314
0.245119703591217	0.401913705387742
-0.023479547526107	0.029343154060786
0.070007346714276	0.0949571722818115
-0.02478086550938	0.13454585828024
-0.108885245124975	0.644164693566251
-0.381758914018468	3.85267569670297
-0.47076965231707	3.65313123788809
-0.720707413942812	6.89561301947065
-0.365133800471816	2.15433509571489
-0.231984663523457	1.01653673338312
-0.448047954041018	4.0556593958802
-0.169800656650884	0.622885207277206
0.215481143963512	0.577112341367137
-0.190268064327817	0.458301023916389
0.0698633609979562	0.135508142420249
0.0528367491791007	0.0879276854925623
-0.183457764837285	0.401840454757109
0.0965634614730955	0.176820339567434
0.73244754237055	2.54376405940249
-0.1347273547359	0.241875627934121
-0.161930300216515	0.304891307723414
0.123718342754415	0.221744080134728
0.0810109534067657	0.13059741258733
0.174810968947212	0.316924664510551
0.0112035618382397	0.0543142536497107
-0.216304475278622	1.95437244617051
-0.112934481324639	0.609694842456183
-0.360348701740567	3.13100109884981
-0.27624072908852	1.83990593456252
-0.00891972429697702	0.0249789586424165
-0.263478920792048	0.891509529810223
-0.00736122509092861	0.0170380746394482
0.148969230408272	0.480062115538235
0.187098506865875	0.615426091600104
0.530910075751834	2.52161303369204
0.163680286011081	0.452250626176681
0.221515836331716	0.633670086522189
0.189881814528196	0.497779360227208
0.115383684393099	0.249250867897025
0.0187666310353758	0.0359546698515609
-0.0133951299104964	0.0246627095530712
0.0609389297078457	0.121968376280967
-0.0473359567744512	0.0937816829726837
0.0339380740212924	0.184819652508523
-0.236943033305308	2.11494621963443
-0.411569934194255	4.19997890199397
-0.290121489104586	2.10507911170495
-0.0343542292770024	0.115467487477792
-0.219300233929722	0.887447961242017
0.128601290742684	0.427018768009015
0.0917283190324951	0.25381916717963
0.463122963796613	2.32832327600267
0.288270839173796	1.10160200538183
0.0507900190622459	0.108892833650116
0.0820572339948116	0.189182649383376
0.150690856142093	0.365025037580768
-0.236212035352709	0.634784063919753
0.154868840884894	0.386887042050782
0.160878017222639	0.396543649799224
0.30868037786904	0.913772768313599
0.0429533680605228	0.0844557088208158
0.117373070784493	0.246074654067805
0.126331275778786	0.282510864439804
0.017796775098367	0.0863688820078257
-0.126464986439539	0.815077911750081
-0.110279368413554	0.538513187178495
0.266202649401983	1.5199228928236
0.0243034077430576	0.052427655534594
0.413005075794864	1.93581820248975
0.0323668235675757	0.0796988055411292
0.293953790452522	1.20697518714207
0.32220598802072	1.24280374473846
0.362403915362624	1.46316531049825
0.374699284375033	1.37048210025318
0.0759684306902653	0.159295578826815
0.215300874425993	0.582166530037096
0.230488400216648	0.59696824245799
0.31786857273247	1.05875851655824
0.134434234643833	0.291734604724981
-0.144803943793008	0.348631503399865
0.0841812695955002	0.176909884231761
-0.0376188508795691	0.0655899434454024
0.308842162350896	0.900535329900294
0.409806530439249	1.29745569560861
0.0121643808847173	0.0580833316596264
-0.0125780123238765	0.0526833284441755
0.199263018402185	1.18886185607835
-0.0888045581244843	0.253903194857657
0.404012652189104	2.16514494411174
0.236315692786223	0.997767141202855
0.430542875063523	2.34925335790365
0.26239935096095	0.99237800911127
0.0048016524441476	0.0101405422291249
0.26356526528466	0.882541826770097
0.0961139892021812	0.225618364505133
0.28097708932536	0.789707408707904
0.121561834532295	0.284866874516856
-0.164524193262202	0.434368574765844
-0.148780800565015	0.357519063316879
0.00846913699168076	0.0157658815175855
0.131652844296031	0.293460102094211
-0.0427466319099398	0.0835729284965879
0.102734067345995	0.228769159894964
0.0388445545586127	0.0753772950449116
0.118340322225322	0.277300214896495
0.0287395600837993	0.0520510776822985
0.0593760191550294	0.3555648304167
0.278935133085586	2.65730968675082
-0.0424737305927921	0.132426807972549
0.064360480621354	0.216057759683243
0.0833932151207767	0.306103771990857
0.0989777486680955	0.363857530236745
0.204267486811207	0.838316887270872
-0.12983207010314	0.424100597984172
-0.206282382161148	0.733093742672467
-0.185155571290391	0.594463085932456
-0.028845582130526	0.0628212898008084
-0.147183296920631	0.422362342111914
-0.165987305282824	0.504849170385514
-0.12377840468441	0.323453265472706
-0.194318983896231	0.571202735481019
-0.348832508844354	1.36370285669037
-0.27573273345752	0.911891703038857
-0.175478760060012	0.510181815309875
-0.176779391973899	0.50415308034719
-0.0664630635072362	0.412650282587391
-0.18155974069727	1.02930325559014
-0.0249213450598701	0.080546697176031
-0.0696870078139947	0.234914483406159
-0.123254239522591	0.462527120869429
-0.367160677090781	1.98269643483271
-0.341031924012167	1.6843233468849
-0.215677946955898	0.797231723554286
-0.159202383719068	0.529296424142828
0.0757544253217882	0.500721763828545
0.0982915176553537	0.570752925959121
0.410714507061205	2.42399238977732
0.237972320688694	0.923054736979767
0.0336954668831184	0.0788797881003284
-0.284014453091188	0.950700447109282
-0.0400747650364511	0.0854627200567736
-0.240200271828387	0.711141393460383
-0.150424168818084	0.384202790059458
0.550725961424839	1.12853897407985
0.104971948230527	0.146865044550126
-0.032465383092923	0.0427195121474876
0.117457826716034	0.910356146279887
0.201318593511715	1.67277190490964
-0.0433381677811728	0.17561103970142
-0.250230181944308	1.58524898325862
-0.336493464550833	2.21177102745933
-0.430811981739632	3.07829522283534
-0.39465751135334	2.39562402260017
0.139358214672655	0.261004815840167
0.119460624678961	0.232746919308347
0.182138090833022	0.386479114124607
0.209156382098256	0.466501506742317
0.0781071226592758	0.522601626669429
-0.00327606708755747	0.0135898724820823
-0.0776905167583172	0.355621792399225
-0.170237153467703	0.911033222359738
-0.133902984851365	0.596877907445117
-0.382866396617958	2.42496688222862
-0.207851085603267	0.898455142208708
-0.366219418506792	2.05862005871996
-0.370655139836623	2.1369111612212
-0.374862352685879	1.93931606059185
-0.463836038906177	2.73837303904736
-0.219137351799325	0.813552034603376
0.0592041890965319	0.100780718524024
0.023560104443558	0.0373231702993666
0.0513956535407508	0.306541985447822
-0.060566012224063	0.317598702130986
-0.124583721453159	0.652758194311455
-0.153921579348261	0.800985503009668
-0.301248492723789	1.83187845528549
-0.0952187253065897	0.327755859780462
-0.294145802576184	1.49801804702222
-0.218603458385532	0.981541698762762
-0.159633667367853	0.588610066156255
-0.327315104365058	1.55454327334308
-0.231419416841172	0.933993578242991
-0.380615111247215	1.76754306835894
-0.170378933529118	0.542990797771688
0.0351835355852118	0.0459746194785501
0.434349726254963	0.717304063567482
0.248074469252351	0.488349881725549
0.120335656103647	0.236051283961493
0.335661311593885	0.898003696835493
0.0454378955033533	0.260144467518652
0.0113180362575037	0.0472415444854445
-0.148011306824881	0.800124908160119
-0.231078272410763	1.33485083462114
-0.0771110694690973	0.268536773449467
-0.069761819023842	0.22286348783705
-0.157312384385584	0.575053223136839
-0.0650181563816923	0.182888230319665
-0.254058199764711	1.11509620313604
-0.300616241439027	1.29480733113704
-0.156581722959938	0.487257299546435
-0.224723368088014	0.826734699247551
-0.109626773583006	0.290213579443854
-0.166016204012288	0.273995239687969
-0.289977282297963	0.649833073976865
-0.422999546654209	1.11811645292734
0.143754159218468	0.275578755193604
0.123307243375833	0.238186863579793
0.147940706469773	0.263298247761521
0.0316497856172403	0.168039865560035
-0.0034698372364445	0.0140614298204525
-0.0697483688617358	0.297805285372168
-0.129963955126104	0.569364511152546
-0.21242175061331	1.09003551801015
-0.0401478475727561	0.123515566955353
-0.187641215716188	0.775891738009697
-0.156140001074525	0.580687813853677
-0.0502223394584572	0.135052647130785
0.0408172194536623	0.110258356743766
-0.13344132546628	0.417918478478626
-0.0273267694145017	0.0632861563357932
-0.115600142289715	0.349023837504272
0.184275138089421	0.311523688270662
-0.453012837377713	0.320711568029191
0.326592331865226	0.272189265068915
0.0885719147612148	0.10335605585036
-0.219031270651497	0.420557445705469
0.0790211455409978	0.137311041592958
0.0287507648021731	0.0481872983492999
0.310709839381799	0.806467218795385
0.319631398264784	0.81062213599437
0.0301863479323867	0.0492388761823876
0.0381469097007495	0.205039828278443
0.0401815794301089	0.184151809758284
-0.118434605369481	0.591328537945762
-0.304589190832645	2.08138276971324
0.0412616444742433	0.135470117069001
0.00355147999797609	0.00952241424196271
-0.0962608987308369	0.320496606553238
-0.353153632652878	1.71218022104684
-0.0864922622399463	0.24756419495318
-0.193338435447666	0.70406385556924
-0.17007116150286	0.557331461136952
-0.183353130160052	0.61958117397482
-0.203102465286782	0.659667129840348
0.110158460590176	0.16797339724681
0.474130862217561	0.861743331250012
-0.144643342773994	0.250735466162747
0.0991950826303181	0.174810572032658
0.588266000958861	1.88301934555876
0.12699594585245	0.246564046172884
-0.161055073763566	0.321970791622344
0.183966637787006	0.376451107941536
0.0259521190798376	0.12591253690765
-0.094800069552169	0.525866297278684
-0.0658332604919531	0.280384846862864
-0.120443244253555	0.557435300144241
-0.175552289536996	0.805927460903864
-0.103613259972174	0.384505277334898
-0.0834117119539418	0.265899280244938
0.0975092394515855	0.297444442756719
-0.107345749834277	0.325111013697482
-0.087060873562699	0.236328412486048
-0.287164405260941	1.13498930187917
-0.444264701586576	2.16086165959061
-0.0894388183747782	0.218839372173818
0.0566432833608202	0.091161092388507
0.117517668163239	0.209997735884373
0.146901286774597	0.268890463246446
0.44355647728701	1.24007407776344
0.151727386304559	0.30774900068324
-0.250704460493716	0.599452959043441
0.313949605312213	0.734943650760403
0.0912317439777911	0.594217381313087
0.0175232516116045	0.0746038922292601
-0.0920418462591838	0.432166105428922
-0.0542706460947455	0.199031651593343
-0.204704854297031	0.973489778529962
-0.167627403307552	0.683586094424121
-0.125012885170091	0.426509471476798
-0.115989121540004	0.367858392013276
-0.0729648475286509	0.199046263045515
-0.0745760068844794	0.206408527631081
-0.697953592162689	4.52881014766858
-0.292768683625419	1.15081705666801
0.299817243382593	0.435713627219709
0.134634840500581	0.239500285138658
0.101018384342214	0.177091968269356
0.261359858273094	0.536038307974987
0.37412825150035	0.977026575951557
-0.0106276312707972	0.0171065566842087
0.115553193191922	0.206371080158743
0.199232483052268	0.373176953968802
0.283991607588272	0.622476468678169
0.0915403891664132	0.61755744652987
0.0535816375612789	0.269116738066699
-0.0811728192255248	0.358702502682646
-0.0958253571162764	0.408957032581527
-0.0426791958469019	0.139524845912952
-0.0626521842110178	0.190505215825475
-0.0394231302325613	0.112235080441156
-0.0331146300056426	0.0872821681280061
-0.113387317807761	0.358804640344255
0.0522129566759922	0.139337234772472
-0.172171817990754	0.563214151364573
-0.0828819334950473	0.108605424249101
0.0456950386471182	0.07851855983123
0.388567221426222	1.00871589785952
0.395857833999266	1.10855166135747
0.0577426137499098	0.105161167990057
0.0672575395738481	0.127088909342116
-0.0942481877437193	0.167251035964283
0.117639174826372	0.211776322941077
0.0689489435963301	0.111178242398742
0.0735230443980258	0.473473873606141
-0.0621322028500892	0.326089106542884
-0.0189259215167308	0.0710553458890875
-0.172710820039151	0.930068362278364
0.0181274798584511	0.0564741947079884
-0.124439419739906	0.503944358219489
-0.0971654060540625	0.347255431249607
-0.0743751132799251	0.239140221854861
-0.256243708025815	1.21432849412743
-0.296942051925263	1.31057441432215
0.176177842136957	0.363075002497775
0.208133875767097	0.472856380298202
0.118184572426854	0.2281598820513
0.352857279526587	0.927493040395095
0.0518577309508763	0.0994430247700639
-0.0390497859340772	0.0644072377018634
0.0560311533783796	0.0904993085234361
-0.182331581500791	0.362843273867038
0.00104622582877068	0.00479851050635921
0.0218921210795137	0.0972819238654261
-0.037406280965382	0.148595235782133
-0.00360795880832952	0.0115933020322236
-0.169980243266134	0.846435778333706
-0.0218418210831103	0.0677445564938401
-0.302017508918201	1.70202611693426
-0.328546822895653	1.91933105855596
-0.305841276953874	1.48738819441608
0.341794718825388	0.272023692701973
0.396643616348305	0.268002658248238
0.303836801243851	0.81662225160112
0.0710208359210685	0.135054034658239
0.294253702193798	0.774903291063033
0.277806393138882	0.677444673343077
0.256135525431294	0.615874638953962
0.330552581777139	0.911653553838522
-0.20474784651695	0.438610153848428
0.0017816900150054	0.00270160101369016
0.0600152291564762	0.368247025765348
0.0166928449579846	0.0729887290920774
0.0299076747955833	0.11793832111873
-0.0309777082853135	0.114005177840226
-0.0718531039472291	0.280222991602355
-0.155362322036782	0.731244575389699
-0.308435160964869	1.78638880205674
-0.2137844936859	0.926329456717688
-0.527779427063565	0.457266114114929
0.366849443652712	0.272807079046157
0.125136507901611	0.258539490006348
0.370535752229182	1.10139343761086
0.0148991040420265	0.0259940773360236
0.0913674037731713	0.189465621372998
0.178803898439558	0.416104498545715
0.334950687381575	0.940977470205338
-0.0226077086571326	0.036752331104488
0.0762205175497127	0.138250967596326
0.12991716750309	1.05072189389149
-0.00296544708095705	0.0122483384519564
-0.059954896847725	0.267531015355958
-0.0878889726677774	0.39134789620576
-0.0186756479355391	0.0625999521615503
-0.104627260711332	0.432529088254214
-0.241689475610401	1.18342165197467
0.782419395176799	0.745321310731725
0.564516161527276	0.516458399569183
-0.251299415481811	0.220668142302685
0.073177023333476	0.140973589237765
-0.0182829109561142	0.030804500645878
0.285766880728693	0.740118812843043
0.147994346573066	0.330841179900075
-0.150018395046709	0.334419812945851
0.166221609344816	0.356217356157323
0.0223061057833103	0.0343681033543699
0.0244062577210459	0.0376441621411083
0.00719307214004536	0.0340695418049734
0.0386841199321833	0.188547087317453
0.00950502933240996	0.0351200097164304
-0.0633990902578354	0.265250516013406
-0.214232010059195	1.23773279684352
0.0550121842560809	0.186194006489569
0.721920717309981	0.775793721869317
0.657384899317069	0.654816092465589
0.489428075153459	0.470455097905411
0.2901901780927	0.449715339089725
0.142080501860768	0.303678525907441
0.413235305499272	1.29810343438083
0.284935525361788	0.763612677581866
0.454699718571093	1.68366525819239
0.0505685446239359	0.0974613200683444
0.0458346307641744	0.079413905571368
0.373949497024467	0.89589214881406
0.381974899658437	1.00331001217905
0.0455985984480948	0.266851823344062
-0.0325219341160853	0.153356978673177
-0.0410699265550701	0.173837406122881
-0.0261921284348361	0.0976974757540038
-0.0132290005326665	0.0412682811092062
0.241065066652943	0.202045825749312
1.44227784152695	1.81151479168409
1.14593283144385	1.61125027212071
0.844143085388186	2.1284938750606
-0.0130615753806402	0.0223484822068668
0.265940291056227	0.756088251494369
-0.0182726812434895	0.0340866160361823
0.133922478960516	0.314252545137386
0.212141016541745	0.553064172037588
-0.249210872695547	0.625455879964232
0.101221341525882	0.18974898748257
-0.392443180843598	1.13097667004125
0.0350159512673082	0.19476247295837
-0.0863948547642642	0.51983768033879
0.0628322168679729	0.293252041962536
0.216490655471332	1.31021920787462
0.455339223418797	0.386581638297429
0.47046541803937	0.508425208114116
1.0055453731454	2.93681134589345
0.198793243830742	0.49280734545932
0.285182191760006	0.826774469586163
0.0897751667188373	0.193651383501075
0.521664720648668	2.14024790461974
0.361353977703668	1.20511771629302
0.132103044339615	0.273077668834638
0.333505193562321	0.775292345002935
0.190748530987847	0.419620918692436
0.0237619187259403	0.123511806685219
0.0792672811697538	0.459945139371994
0.280161728701706	2.20832971638353
0.471953385036214	0.460735908521079
0.872123115499921	2.2208363463271
0.102414133436008	0.204266206369318
-0.0343866235415709	0.0645564062836213
0.294547756002337	0.891440600716654
0.187365577700484	0.457667848468847
0.0286413524326883	0.0563986980086373
-0.0484633950905693	0.092722299922607
0.127942343666198	0.234933962968856
-0.252752255859266	0.594140656632532
0.0868846073766974	0.592804422224945
0.391406216922606	4.51092912773288
0.458113635813692	0.498636499199524
0.566911370528242	0.519972081277366
0.39476772496982	0.393613342447506
0.240790931035549	0.418837898237396
0.103293866757612	0.224066142129117
0.159340465845666	0.377690478218773
0.169629641839767	0.380834908928119
0.161188390377473	0.396866985438302
0.0425752050506411	0.0868472755747905
0.145780991891583	0.309908565125715
-0.218954698985893	0.484804136117708
0.215941742610573	0.492123138260838
0.041370238263371	0.232913390603775
-0.43490869098461	6.33138916443879
0.152304117056141	0.752820790504399
0.0899749571671921	0.275355012411925
-0.0614424218588186	0.0979645182611459
0.0266092407446287	0.0390304083767087
-0.328551438312682	0.899991946479864
-0.402022463508561	1.68420470271772
0.0189810354416802	0.0397782549306456
0.568202604523981	1.9865268211417
0.336449737184198	0.923539085747364
0.11853292713352	0.253883692903581
0.335166923499492	0.951874432586893
0.0715597938242781	0.131619229806152
-0.291653840834194	0.924154453762619
-0.190919983310329	0.473827619881883
-0.0229502429113978	0.112820987695681
-0.132860482404594	0.815776493706109
0.0743047416131663	0.326661949390292
0.284454836388346	1.32197093467359
0.120179627506878	0.444114784221192
-0.234219630220194	1.01213209386475
-0.0118747465230765	0.0312537478428737
0.0755378227901139	0.156064414540635
0.433819417559007	0.835573180439957
0.119301806918255	0.140365260670249
0.302264523260894	0.540043717221515
-0.0194619550366386	0.040277273520049
-0.229455102873688	1.1252973887387
0.136936793429844	1.03551160181962
0.33273998894863	1.13247836197185
0.330299016521942	2.1155094072835
0.137964901946439	0.54021378072803
0.435233552416239	2.27008779805719
0.657187132732996	2.20209082091777
0.414128348942171	0.487440351466433
-0.0825522234229324	0.565636114684019
0.151462758153666	1.29838762538681
0.0638490184484746	0.329052577401374
0.182925022517996	1.3192935662095
0.0255042298481771	0.0942008481419302
0.085151108260306	0.321674710089554
0.334193879535198	1.69534170478667
0.0477422884282181	0.135346979218624
0.546486032016382	1.856731704423
-0.0584056091857898	0.385442797911367
-0.166759914590121	1.55123390406211
-0.11787741063856	0.836218367156073
-0.409270543081398	4.44203383297745
0.0139539158847518	0.0441954600197564
0.251733363899308	1.26834867288272
0.38655611833703	2.09267875333126
0.469564757503766	1.51708031235757
0.00498039455536618	0.0251580216463561
0.0180730580967081	0.0871950241367086
-0.507659533530916	5.15872616834299
-0.180878539835608	0.734646060178129
0.0662107855166535	0.166272136537304
0.262334969409511	0.946393642402035
0.279218012140341	0.788780443014601
0.0274500687957992	0.0406942037088415
-0.0721215480885986	0.212654296693902
-0.183617929297082	1.51329452047429
0.175394286547393	1.28662602929102
0.125354680352999	0.500034162571485
0.298851964717731	1.51281045187111
0.0343893815282839	0.106919862652206
-0.186790596341468	1.60547532823783
-0.165784516395491	1.04742034037287
0.113736778632958	0.452406009698079
0.413793266145734	1.1193647828823
-0.0322232713632201	0.0883719644595195
-0.289859418052107	1.62115229045154
0.124908444110345	0.675282758250137
0.618758661010227	3.14247892528898
0.00223908854845387	0.00561271165760002
-0.166920544169799	1.40492851009454
0.332228765718595	2.1637557998771
-0.13361829352253	1.16380508674598
0.368546458900698	4.74941196334667
0.589317570038438	3.72516714331202
0.655478485056903	4.4162368785994
0.382553403325393	1.8426840990017
-0.449560804186813	2.43549611054715
-0.126080105209634	0.509427381108254
0.124380536358212	0.42732484109869
0.170449121158962	1.64453801561044
0.178776779494111	1.34370423845031
-0.141850184288609	0.780339421879367
-0.205889152426442	1.25791858175171
-0.461307928420499	4.14980012102292
-0.195446429208035	0.913534656394289
0.0505783707828643	0.279148396285804
0.00142171754437817	0.00547212962231879
-0.0241501751339958	0.0909987580044737
-0.259654620851994	1.74383082491992
-0.551875597772897	5.04959201198266
-0.423236857847562	2.58902223394124
0.0804742722681146	0.241015690004952
0.0798713652036121	0.491178988308954
-0.0441354283967657	0.211976129010174
-0.0247380855253251	0.0924137422274093
-0.264564771519151	1.64226272734086
0.0232126341130948	0.0685233330259504
0.34316885523623	1.9264718671023
0.0893561833213776	0.588949679514049
-0.0201071672952209	0.0893390307317823
-0.222576206732039	1.54936423730267
0.22876749513173	1.35791784802586
0.0693301461998675	0.437860719747858
0.118872367210455	0.723438618323936
0.36195064620183	3.05173621983446
0.15112488557915	1.24819922940487
0.43036094398836	5.27479024442542
0.118701983468458	0.953569620528521
0.0511625824629606	0.277801019579918
-0.0597739500545144	0.37136819412377
