x	y	clickSelects
0.0343721028416401	1.50865291158927	621
-0.100653532742518	0.901389285160649	185
0.015923356251212	1.03975572351745	185
-0.083197541232253	1.08534355030389	938
-0.034264444333477	1.10491506325847	938
-0.097427168788366	0.418392203897043	141
0.010917509374234	1.12462145314491	1007
-0.114731400007053	0.813296835760247	181
-0.100682877371936	0.831417866032112	181
-0.00612420272035097	0.390666251404219	181
-0.103331566522177	0.594553654934585	282
0.093161814663994	0.453679265021089	282
0.00703502374024001	0.314409160332891	282
0.10240926551125	0.703882471691121	181
-0.028373315380261	1.13960250889252	162
-0.083099697191118	0.641731016776757	162
-0.124685315665872	0.192302335259694	17
0.00703502374024001	0.314409160332891	17
-0.00639726036200305	1.04791289390474	655
-0.002380778926387	0.79601891198649	655
-0.079185083191553	0.907468892341451	38
0.025752397128332	0.752186711496344	609
-0.108722300235307	0.28081686398747	38
-0.013334263426606	0.682963532757284	295
-0.091747403116749	0.655568859007512	56
-0.097055928636709	0.421240281322587	314
-0.118507543729429	0.299304780944565	56
0.00987590698121499	0.323268666900645	56
-0.096273138294967	0.422204544711183	209
-0.026021529697229	0.53563033918648	209
-0.015417474803706	0.438337718361753	209
0.088961921013316	0.446488261701271	209
-0.015069306022953	0.43057593965086	456
-0.0344228052061421	0.497600682452982	14
-0.117750032395489	0.298128631090027	14
0.0121183413884211	0.329453468473609	142
-0.095793387447081	0.897504634503705	621
0.103427313582682	1.62617320406258	621
0.106007495689087	1.12178427650443	185
-0.000620916839028984	0.757701285801256	535
-0.124688408470668	0.690367926427531	535
-0.110747213643496	0.860954628357868	535
0.00835495080464499	0.324178134181371	535
-0.113303051847015	0.295278698353028	535
-0.07457893873755	1.08411792284241	938
-0.103372116408213	1.1888177490306	158
-0.031776211619874	0.778936965038792	141
-0.023973287394562	0.523289166421782	317
-0.00186123039744301	1.13799482529191	141
-0.112917989796682	0.90713709541859	1007
-0.05753413328721	0.928834224172123	181
0.070474712783959	1.29246774578364	181
-0.056173442687297	0.649206227605016	181
0.118327927493045	1.39967403742173	181
0.085497430295514	0.784009644337325	282
-0.123989848251628	0.634851941432775	181
-0.107131538831087	1.36299083212599	162
0.117648357793789	1.02651344762777	609
-0.095909689284243	0.700199554830891	38
-0.022568151711252	0.651006190915709	127
-0.014810808583847	0.550566077942213	127
-0.012910589718064	0.666358879539152	273
-0.117131863149381	0.297070487699706	209
0.013525240790481	0.328465966413979	14
0.094167036533059	0.903369294731263	185
-0.093425389474841	0.744941229391176	185
0.048771444392343	0.556157517481166	24
-0.00681522535746104	0.766702151029698	535
-0.094512907781391	0.405036967394778	535
0.00915170945552402	0.328075522385039	535
-0.12228145832163	0.721007711365823	938
-0.018412900375842	0.426474987777184	141
-0.053441237173872	0.649351855732619	317
0.00521173645908801	0.3212736028767	141
0.053069089242374	1.34844629767238	141
0.0668616863164781	1.51846390219522	141
-0.00151428689792599	0.791989778247493	1007
-0.098723208029064	0.421501951429863	282
-0.114536610980494	0.303993219626647	282
-0.074882144541923	0.525230630011161	181
0.06428114197631	1.97597863308282	162
-0.022935258199267	1.24010989791363	655
-0.07431561582727	0.97813929478511	655
-0.0216256263233861	0.404297061623588	530
-0.00914489376418404	0.63625823877031	530
-0.028841996269943	1.0784306031135	38
-0.021808623405272	0.423881779865849	38
0.011406221851062	0.327802172715368	38
-0.095489650092248	0.420711916672806	38
0.00114629977830805	0.860030483946655	56
-0.120152278998073	0.638181925260533	56
-0.054783237954091	0.75072600106789	56
-0.01620104545583	0.675701717873763	127
-0.09207044915592	0.419313887395787	127
0.048319393877725	0.55006488755945	314
0.0392553990308681	0.801577945672742	273
-0.118507543729429	0.299304780944565	396
0.011273897273247	0.316307839562572	209
0.00986401605334397	0.327745382331889	456
-0.119553855006516	0.296107658365831	456
0.01443338261579	0.31138160528869	758
-0.074911205343101	0.516697275711712	14
0.090883129520316	0.445529571041891	1265
0.095451890622629	0.445094204828488	142
-0.00841135021563899	1.85532337993191	621
-0.058657575761194	2.09800123817763	621
-0.110346206299687	0.836033637651164	185
-0.124718245467515	0.709172081916424	24
0.01629093998908	1.11098222888956	141
-0.0149984754885431	0.433411348793289	317
-0.084233818658456	0.986637550547001	141
-0.058332483087279	1.01669458231102	141
-0.072556755101768	0.989874433148465	1007
-0.123064388722184	0.719757396689738	1007
0.023152974752139	1.08393098191667	1007
-0.085907574597631	0.525246717890951	181
0.010816635892608	0.30622455053755	181
-0.12049235070679	0.289555085344066	282
-0.0168166211583261	0.665495406673204	181
-0.057486321952603	0.667605353072354	181
-0.094816436863584	0.6477032796314	181
-0.023525631884825	0.508432864329915	162
0.00365691268716095	1.37041032620307	162
-0.096468905011816	0.420679131692645	162
-0.104904432851051	0.598034023072687	655
-0.099535366134603	0.422975361103123	38
0.034936939804279	0.646215013220627	38
-0.078024422550546	0.553133712495113	56
-0.0950994293435819	0.417117359370448	314
-0.119265018768808	0.298378667440295	56
0.012801487163888	0.320585170638168	209
-0.117750032395489	0.298128631090027	456
-0.018238688499682	0.419609421730732	297
-0.123678903456647	0.282018118013976	758
-0.115770898409793	0.292314042938234	142
-0.072469056927524	1.20204107337949	621
-0.090511115283067	0.747900839767379	185
-0.056672735081675	1.36403891041772	24
-0.022847175754512	1.32212085151105	938
-0.11941368364863	0.297919373673288	141
0.012952826929675	0.307380353527774	141
0.027715347236819	0.658623381833425	141
-0.107649224480509	0.965015366999519	1007
-0.110953312551995	0.722574948085511	181
-0.068511163040166	0.534272340281894	181
-0.117131863149381	0.297070487699706	181
-0.064459254017496	0.621659845031269	181
0.00828029789720997	0.316734631740958	282
0.0349214875216271	0.703047825425463	181
0.051697510502457	0.556093636761761	162
0.011406221851062	0.327802172715368	17
0.0623465837175891	0.552259843259419	362
0.043278636751148	0.556237032776659	655
-0.093920577615475	0.40961966275511	655
0.054873148478602	1.24288222996982	655
0.017430678842479	1.06402143995538	38
-0.067622054012744	0.753722881873486	38
0.014221211579021	0.320158289001501	38
0.115542165517589	1.05693404198144	295
0.046798947114448	0.545176210089063	56
-0.117750032395489	0.298128631090027	56
-0.09285374901	0.419542930721633	396
-0.023518061029335	0.411822025178198	81
-0.101267052737223	0.404635656531585	81
-0.0313161792840661	0.519878324578874	456
0.000563096207023994	2.12011089733055	621
-0.053704011708248	1.04864936512414	185
0.041997321497859	0.791961111589279	24
0.044186752558783	1.12386926103983	24
0.102832169548165	0.432583149019513	24
0.092319980187326	0.676358210915125	24
-0.103567345247018	1.65487073344333	24
-0.051297444956211	0.951284254496202	938
0.020060112559275	0.979058852952442	141
-0.023562926780046	1.08529993583363	141
-0.118718036325209	0.797901245756153	141
0.087596806534767	0.442961427764654	141
0.00843806909834699	0.325281331262212	181
-0.020437905283809	0.3968447646134	181
0.083353779373547	1.62191185809493	162
-0.122130656090074	0.626992453989737	655
-0.031988856499175	1.18629555895474	655
-0.069861986323796	0.532752423419852	655
-0.06274151239302	0.924579974920925	530
-0.060274935908796	0.940945999954276	38
-0.102970402887191	0.408364066963575	609
0.019043863828941	0.299704766977415	38
0.011226564106862	1.00907639705882	38
-0.00791129524538103	0.420668669975063	652
-0.014651553879085	0.41709037947693	127
-0.114395363012155	0.629849109328696	314
-0.00256117565360503	0.772191901964827	56
-0.022220688876549	0.41245288973821	56
-0.021983225278732	0.421361595023675	56
0.103876236240086	0.422128390649369	209
-0.09253275220303	0.398936284810572	384
0.043278636751148	0.556237032776659	14
0.00987590698121499	0.323268666900645	14
-0.112165033258627	0.591237446722337	621
0.033033110288835	1.13722635890759	24
0.030215116924728	0.725740130877953	24
-0.070074874351636	1.30854427229784	938
0.101929268908456	0.698100913336045	1273
-0.08646261556558	0.52607888644023	1273
0.036942298844271	0.687857176900495	1273
-0.118646066209052	0.297313196368188	141
0.099700734928162	0.79400482786635	95
-0.120965630280413	0.507617955094681	1007
-0.031431607150219	0.764839350082129	181
-0.084363518302346	1.22602472560743	162
0.096780605017742	0.448324830864628	17
-0.119517408846339	0.717681343818879	655
-0.016889113694375	0.632972094347622	17
-0.058863310597437	0.662175570066687	17
-0.034706480380389	0.774103976879545	1310
-0.015417474803706	0.438337718361753	1478
-0.01994518935665	0.422232841761338	38
0.039742795755341	0.902156099572858	38
-0.096689529542175	0.686743614251541	38
0.047296874313541	0.549137832616882	652
-0.022893750698662	0.547935909021175	652
-0.074131026975911	0.849464493878454	56
-0.062696031771536	0.649039029851036	56
0.078856837288014	0.994522811364258	56
0.093765058072663	0.451770895521546	314
0.095782588178047	0.427219990882837	56
0.00916415097372203	0.326595495683692	209
-0.116051829750984	0.301420175985184	102
-0.117750032395489	0.298128631090027	102
0.00843806909834699	0.325281331262212	81
-0.116202707763384	0.288776956715679	14
0.110041191882678	1.45159100939299	1273
0.081583379554867	1.01006257208881	1007
-0.020046270315256	0.677021290746236	1007
-0.119609081429918	0.724261822213118	91
0.007845457517903	0.896259921342479	91
0.096108159855902	0.800440019938743	91
0.051177570690124	0.572808346534496	282
-0.073824063914769	0.537229990091601	181
-0.05989212762462	0.911497636578282	162
-0.025389503783306	1.05082177154046	162
-0.080484612370466	0.532065535136738	17
-0.108092352192419	0.818469525047589	1310
0.078989742833827	1.1394612969437	1478
-0.010650994383832	0.417695117457693	38
0.044624579176751	0.679840751115545	38
-0.094316057578287	0.415689599924033	38
-0.118656365815889	0.297836218233965	38
0.088651916257235	0.839785008909832	652
-0.094615422690567	0.410655870846459	56
-0.0195995346819789	0.407996622836048	56
-0.101704966025225	0.417191739958366	56
-0.017645553420708	0.425058891350913	56
-0.117750032395489	0.298128631090027	127
-0.021113795001559	0.663650703595976	314
0.11882156733967	1.14578621982398	273
-0.017797555181351	0.408871257058237	56
0.00775023900044403	0.31698236723067	56
-0.094514312416754	0.407675572523798	56
0.011406221851062	0.327802172715368	209
0.056092697987292	0.567351622550424	1071
0.0963353799518341	0.464436730807127	102
-0.12049235070679	0.289555085344066	81
0.010563717407334	0.319419567268249	14
0.0907286071326729	0.43107978903873	142
-0.102048586498315	0.400644466743157	142
0.048903463309867	1.66564617434919	185
-0.074007681090751	0.840295520714677	185
-0.094983880747714	0.736895320582315	24
0.069466152508739	1.68737705736946	24
-0.086385201696949	0.648880245326316	24
0.097096543787062	0.462372894298554	2111
0.071202544811522	1.23410742704322	141
0.084380832627371	1.13275956324675	1007
0.0105749834879521	0.324389193569135	91
-0.017819924663428	0.427631677898521	181
-0.00145997739969805	1.02014300536916	162
0.056115539140806	1.12330984839023	162
-0.081637089842609	0.910656943168017	162
-0.081757553066133	0.920218849286362	162
-0.067585837198007	1.01940020885293	162
-0.00990067510450898	0.394134381811878	17
0.0795480379761741	0.826266301687174	17
0.076466373677883	0.998083706807493	655
-0.032283426102809	0.926486489993818	655
0.111340310295496	1.21299079449596	1478
-0.12164261310469	0.642901665023938	38
-0.019842382738208	0.406099620119542	104
-0.00490188452664497	0.764693572816839	38
-0.024629445491743	0.562546548368811	295
-0.022655958081819	0.530447836737029	56
0.097193208764326	0.720854472485319	56
-0.022126864761941	0.546222917781313	273
-0.122172572310214	0.539985386973241	56
0.00773662930927399	0.324144509539724	417
0.00303948014751998	0.310717648335688	209
0.012103935148928	0.328952881693488	1071
-0.120030585495487	0.290467287922413	102
0.011406221851062	0.327802172715368	142
0.0820664672363231	1.21911220830485	185
-0.113326293126651	0.904931075119086	185
-0.105769698898718	1.36946923879059	24
-0.069485618868557	1.92788667605107	158
-0.090441228371669	1.4234277240166	158
-0.09887170326636	1.58501413380086	158
-0.0111169852754071	0.682229060584163	95
0.041085429280635	0.882280080720696	1007
-0.119553855006516	0.296107658365831	181
0.011391261254977	0.321094987246915	282
0.054476235125959	0.575589108283174	282
-0.061911429106621	1.60475294617331	162
-0.110429956451067	0.738078385195036	162
-0.0951047723559439	0.965995094167847	162
-0.040346916750531	0.757378257429492	17
-0.117409870607091	0.804088400882907	17
-0.124072318508189	0.587125878159676	655
-0.084075430614535	0.732418811368714	655
-0.063674827147568	0.650994081826516	1478
0.0767484455588	0.905935722142312	1478
-0.0822198924309	0.547234684475746	38
-0.111180131942057	0.291805570034383	38
-0.095218411801123	0.417589468190028	38
-0.101072251730525	0.400183494946341	127
-0.103755589367087	0.408571635229583	127
0.049126874763356	0.550886272758118	314
0.092732774107206	0.444779998550083	56
-0.0148244924635	0.439555632965869	56
0.012815263476823	0.330614076431107	56
0.095574788079457	0.463024390677815	209
0.00845105661557999	0.326919841231667	102
-0.116051829750984	0.301420175985184	102
-0.115294236440396	0.30409465501509	81
0.00916415097372203	0.326595495683692	81
0.016578706012238	0.31097727890773	14
-0.117285763880535	1.02781733543994	185
-0.100757279004002	1.42338537825909	938
-0.023171635101113	0.41927359615063	2111
-0.11941368364863	0.297919373673288	2111
-0.063456591786493	0.861568133655025	95
-0.080100094734495	0.988547175319009	95
-0.112712307290159	0.876530373917707	1007
0.00915170945552402	0.328075522385039	91
-0.050755725155569	0.630189873774074	1264
0.029962518677393	0.812714307057692	17
-0.116655612669157	1.05316075842281	162
-0.123204552369502	0.520963151173282	1310
-0.115627381068636	0.812191078415698	655
-0.032637947129834	0.782859932469443	38
-0.074898489286975	0.541255248680636	38
-0.0930141370070811	0.631912617979732	652
-0.124224720876503	0.616544835792141	151
-0.019070087783151	0.407351102328397	314
-0.117888982633568	0.298230771809748	314
-0.121249207861184	0.29288073588439	56
0.013525240790481	0.328465966413979	209
0.012815263476823	0.330614076431107	102
0.085520011859105	0.418200604350412	692
-0.110025922677024	1.05601567356566	185
-0.012814665701029	1.17263945930733	24
-0.014896772481564	1.58631232931043	938
-0.11354587171531	1.58241179877995	158
0.027235973371357	1.44396947463012	141
-0.114838870602462	1.02758421958448	141
-0.112788070544133	0.977993285504151	95
-0.05339737123609	0.947074013412145	1007
-0.016604121840524	0.418673636868984	181
-0.110268763025995	0.739611960222033	1264
-0.034006434070646	0.906911656776017	162
0.0543968024635481	0.952109503684479	162
-0.0540912765164831	1.31696327877328	162
-0.115703574326586	0.702926872890096	17
-0.059988865130824	0.660102881383325	530
-0.016889113694375	0.632972094347622	38
-0.023790846586709	0.558837323649374	38
0.048398865732693	0.556869243390628	295
0.049430269005293	0.569297277707016	417
0.093161814663994	0.453679265021089	56
0.00690032882809499	0.315423600255365	56
-0.121866843876206	0.292132076819381	102
-0.119403113030434	0.294041585897601	102
-0.023345204632061	0.419637340838754	81
0.00842515956498802	0.309167694316217	14
0.09785828012531	0.456510998573434	142
0.09785828012531	0.456510998573434	142
0.042604232990039	1.12296208980805	185
0.108440375095678	1.67539213371127	24
-0.014066613585514	1.37174829950626	24
0.027517917790561	1.25464221778748	141
0.00732285287124201	0.881116192521359	141
0.00828029789720997	0.316734631740958	317
-0.115348490679842	0.51604818340862	141
-0.011960625036354	0.965944731586659	1007
0.112442982137339	1.37161164979025	162
0.092465997883174	0.993123764922605	162
0.020092400438387	0.893341364735175	162
-0.107005137232786	0.951892575417071	162
0.024653666306801	1.01008089174151	362
0.029082051137748	0.788716900710173	17
-0.091893398565271	0.649974009343613	17
0.035225115059066	0.684595728719111	38
0.041303651501347	0.540996191935974	38
0.00703502374024001	0.314409160332891	38
-0.08777743545494	0.406644711573091	38
-0.022382827535351	0.553723692414701	295
0.091642117971121	0.451479966383651	295
-0.077967315285338	0.530875566849154	56
-0.023208575594338	0.552811803769743	127
-0.095398203480322	0.408187024193205	151
0.093161814663994	0.453679265021089	56
-0.114395612864005	0.298380555355534	81
0.065073934597659	1.10507342211748	621
0.040841503461293	0.869698890680952	185
-0.071192293672173	0.741858754228263	24
0.00583669881415905	1.9338719063588	24
-0.09976303213473	1.52864573522984	158
-0.038630443871251	1.93420188515031	141
-0.00574808759544199	0.647131596065981	141
-0.080756256539209	0.516393430945319	141
-0.026312719284587	0.846756049844483	141
-0.097337379194996	0.821854008431519	1007
-0.037618405895833	0.878762052603925	1007
0.095574788079457	0.463024390677815	91
-0.114395612864005	0.298380555355534	91
-0.09025187580896	0.636296569746333	1264
0.097808333244135	1.32162889501028	17
0.079131261200075	1.23175261163549	17
-0.100924678321344	0.72429955399485	362
0.075006265600409	0.946760586960535	17
0.114680985350335	1.16679281035672	17
-0.081747574005561	0.776593014641835	17
0.035667351842541	0.783353801939605	530
-0.0689615186107621	0.740603328246676	530
0.101151395839708	0.711286595741269	38
0.096938234363846	0.462404479348132	38
0.099505592207103	0.45333876334529	38
-0.118507543729429	0.299304780944565	38
-0.066684584240108	0.624766171236443	56
0.091798054424133	0.44964271979677	127
0.092558352546154	0.44931894263855	2289
0.054053828028072	0.553546878963627	314
-0.10779046603005	0.388425215633354	56
0.091798054424133	0.44964271979677	56
0.011406221851062	0.327802172715368	81
0.091683426109482	0.443354606144285	692
-0.119265018768808	0.298378667440295	1385
0.012815263476823	0.330614076431107	1184
-0.113919740428498	0.302875796311498	142
0.021410644710162	2.03408330428724	621
-0.080967047147363	1.15412525583437	185
0.00455477672752802	1.39926917438661	158
0.024264726115319	1.08518917939002	95
-0.123743599824049	0.522520488751652	1007
0.00599925279061597	0.759486215140018	1007
-0.080824918824298	0.54834592674037	1007
-0.121866843876206	0.292132076819381	267
-0.050369842491242	1.025565846874	162
0.0277024748245021	0.638518359661505	17
-0.090758971874741	1.28988421688454	162
0.077310340790513	0.801758120389556	17
-0.115526618482096	0.502051334059334	17
0.102557246472099	0.692574221285337	17
-0.078596110126876	0.537478788759187	38
-0.096974922459998	0.414289527608076	38
0.0105749834879521	0.324389193569135	127
-0.019006103659419	0.420969041544549	56
0.00772310037311896	0.316787321618208	1258
-0.119126288749928	0.296516609404569	102
0.07735171527124	1.76095419572985	621
-0.108349789673245	1.23455774013003	141
-0.055842548954301	0.829424991862901	95
-0.052180877082072	0.99488544136459	1007
-0.110827130533953	0.70651616252095	1007
0.034690169111641	1.11504956104305	1007
0.088619331112527	1.01698009342324	181
-0.11690939157285	0.727198916703665	1007
-0.057093333747825	0.761455354332333	1007
0.020864119274661	1.12962760585179	91
-0.082607699210097	0.803502637509357	17
0.074231398164635	1.09669566379343	162
-0.117270605356899	0.290868955563158	17
0.042952603830081	0.996543713157571	17
-0.088016291764915	0.658119354113446	17
0.039008147050389	0.904367920984092	17
-0.106391777758395	0.719933375038599	38
0.045549054745939	0.568806312061103	38
-0.1113225272926	0.295975971205177	38
-0.098425325690838	0.414806496753385	38
-0.119403113030434	0.294041585897601	56
0.09512901642072	0.44538776879835	56
0.093005085710161	0.452102465745642	56
0.015889869345312	0.318578414672583	1258
0.046930535410295	0.552705380744091	81
-0.117131863149381	0.297070487699706	102
0.012103935148928	0.328952881693488	148
0.00846412212396796	0.316701116016018	14
0.00915170945552402	0.328075522385039	739
-0.027991981686931	1.75036513009467	938
0.114994850190602	1.4998451867323	141
-0.045644796444025	1.34816536520788	141
0.028198255683117	1.38843009969398	141
0.039368103228733	0.690856856670057	141
0.038083210790995	0.794722801794735	95
0.111198957141125	1.88710024972854	1007
-0.091423256098412	0.635370295570505	181
-0.018995207679034	0.431420011932322	181
-0.117899019758142	0.295150653611686	267
-0.064700675044878	0.767138594958678	181
-0.090488825063887	0.843054620376563	162
-0.018586401611797	0.426734652635088	162
-0.124506099141287	0.580547034479145	17
-0.050417058706689	0.643630210174364	17
-0.030528507418678	0.510579088295243	17
0.118106358326814	1.06881982906342	17
-0.091153344865139	0.980197255494529	17
-0.072544297044389	0.971051367662176	17
0.010563717407334	0.319419567268249	38
0.012190137536513	0.307447862455086	38
-0.017227176354247	0.424304212150771	38
0.00915170945552402	0.328075522385039	56
0.051175766459672	0.565804314487247	56
-0.017285136180092	0.535265127521361	102
0.095574788079457	0.463024390677815	102
-0.11941368364863	0.297919373673288	148
0.047296874313541	0.549137832616882	14
-0.014649801240545	0.438048639067437	14
0.00845105661557999	0.326919841231667	142
-0.023813897141422	1.34099045674731	621
0.0208567642429049	1.59604649717087	621
-0.057764480247036	1.46106109267565	24
-0.021057367158854	1.73324566250424	938
0.0332521938524411	0.696924054529603	141
0.088000702216569	0.811907521371767	141
-0.0489651139405251	0.646387669215071	317
0.093922524018092	0.450507601829713	141
-0.101008611532519	0.404167532789802	141
-0.049561097779474	0.92794060494551	141
-0.057792659690225	0.85284367820783	141
-0.088003768449189	0.928268404862287	1007
-0.055490360764203	0.931890319337155	1007
-0.073504001083441	0.723383737262864	91
0.10267230040217	0.434321043507877	91
-0.019674939569317	0.417173250937994	91
-0.02263845599271	0.554364117479612	267
-0.113435824492216	0.825619645622846	17
-0.061371324661605	0.626333276045389	17
-0.025245111207434	1.4357660511284	17
-0.122006032946107	0.294000432502212	17
0.096177805641235	0.461006924813787	17
-0.118738092583698	0.898949382124116	17
0.108884152934563	1.19890289527072	17
-0.121762705355608	0.628015758159655	17
0.00699024740343901	0.892870273995593	17
0.0789811238011781	0.920162308941216	17
-0.024034068722788	0.54901594579396	2303
0.039450653457603	0.795349394425531	2303
-0.093148450210236	0.739342097995969	2303
-0.035850729320257	0.962783895443522	38
-0.08751009765436	0.654286954161216	38
0.04671448117873	0.565452078930844	38
-0.096860326003508	0.419275742294163	250
-0.117888982633568	0.298230771809748	314
-0.117750032395489	0.298128631090027	1045
-0.018586401611797	0.426734652635088	56
0.0424699485728131	0.54952645364549	81
-0.120022456668657	0.295071200113915	148
-0.118507543729429	0.299304780944565	148
0.012801487163888	0.320585170638168	142
-0.038357596788134	1.12320199196234	621
-0.045351317212338	0.953007217578403	621
0.074311898698522	1.15981819428839	621
-0.115363435799644	0.639886113426174	621
0.083506731539304	0.936546751423194	24
0.048771444392343	0.556157517481166	141
0.049838261561608	0.919458821437806	141
-0.112080248126933	0.294451481685123	317
-0.037618405895833	0.878762052603925	1007
-0.08218711019598	0.843431504988538	1007
-0.058187530805129	0.737463181398083	1007
0.012829110730087	0.327325394797866	181
-0.121109590462035	0.288825350020728	1237
0.121581431819418	0.898045848395566	1237
0.090883129520316	0.445529571041891	580
0.0490014027493601	1.28280897090206	17
-0.115515571618306	0.710129544407598	17
-0.109906343451245	0.723505326870616	2303
0.012815263476823	0.330614076431107	38
0.077375432280234	0.924204188478678	38
0.00845105661557999	0.326919841231667	38
0.052279641014681	0.565375384060665	38
0.046131874706014	0.570322839726853	56
-0.018759193545646	0.420122153127544	250
-0.019674939569317	0.417173250937994	250
0.095732307356114	0.459844078730087	56
-0.076066495556698	0.548149425165316	56
-0.017873995289573	0.428512067107814	56
0.093005085710161	0.452102465745642	56
-0.124685315665872	0.192302335259694	56
0.09934719699151	0.447617217146953	56
-0.119553855006516	0.296107658365831	142
-0.12139977609247	0.284641712401693	142
-0.090081174206391	1.11733655094778	621
-0.079391246712855	1.22124691605196	621
-0.053743183662525	0.936737243900606	24
-0.079330763426661	1.8203507694645	938
-0.114348679124147	0.831208192046146	141
-0.123865234541109	0.18844103961071	141
-0.0210391257061	0.422493525609037	141
0.022233604387849	1.08020277948262	1007
0.047316085814708	0.992496976210166	1007
-0.043576788411567	1.16907046090028	162
0.080906245705029	1.3022450751219	162
-0.064949123658226	0.830889942013229	17
-0.095489650092248	0.420711916672806	2538
0.099505592207103	0.45333876334529	17
-0.0771299297872981	0.536655169764839	17
-0.120945670867927	0.526254462498683	17
-0.118100322031665	0.518278785310533	2303
0.042525231477109	0.773993022045864	2303
0.083724805207726	0.798364907655428	2303
-0.018991067147776	0.856035643942154	38
0.0767831846454859	0.791063086617026	38
-0.0950053870797129	0.411577114919529	38
0.00515628069427199	0.315758016117377	38
0.081721086249456	0.776810725068394	56
-0.115770898409793	0.292314042938234	273
0.00843806909834699	0.325281331262212	314
-0.119126288749928	0.296516609404569	273
-0.024288914705256	0.543541893929282	56
-0.117423900010566	0.292342351653784	56
0.012103935148928	0.328952881693488	1183
0.0121183413884211	0.329453468473609	739
-0.118936919270951	0.289961376963894	142
-0.118228589013315	0.283808923671396	142
0.092520725241703	1.70295347202538	621
-0.107385458406341	0.709746473003835	24
0.12128922525537	1.05886835603004	24
-0.090441468714681	0.744444150938067	141
-0.035357519561886	1.1576849314332	141
0.030693215168427	0.85013877362527	91
-0.11497271460622	1.09300220273248	17
0.023091955237305	1.68833213965605	17
-0.00736434719762802	0.969085997189945	17
0.07928435880176	0.796768498240659	17
-0.023220651195844	0.562911416597512	2303
0.093370251008602	0.931089223148659	38
0.080921443830922	1.02777085438888	38
0.00226788774289499	0.300490332383789	38
0.072005561547293	0.744761481127813	38
-0.114395612864005	0.298380555355534	38
-0.072655873660832	0.53949068132474	38
-0.1113225272926	0.295975971205177	56
-0.114536610980494	0.303993219626647	250
-0.026336771766969	0.5203497545089	56
0.094368097776067	0.44409138269372	56
0.088961921013316	0.446488261701271	56
-0.114676972694715	0.302973712143562	81
-0.114536610980494	0.303993219626647	142
-0.098390520038934	1.07246102609985	621
-0.0589408786096181	1.11778292043001	621
-0.061026551015221	1.07384467248204	621
-0.083246595246031	0.902139855924597	24
0.102901664620628	1.5553086375759	141
-0.116283567730841	0.723743201842709	141
0.085956273797069	0.81695976627202	141
0.0867711323743841	0.903604904941266	1007
-0.011661318723305	0.432921055092797	1007
-0.0626114827337531	0.765260809827258	1459
-0.119265018768808	0.298378667440295	580
0.048345578716645	0.549120240177469	17
-0.051453309798345	0.654834576250489	162
-0.018671827414298	0.678786248847127	17
-0.097200939607913	0.639913715346421	17
-0.036094747321209	0.862100686604475	17
0.023772706993044	0.93725486262897	17
-0.080767968779909	0.530518065089624	38
-0.023345204632061	0.419637340838754	38
0.0121183413884211	0.329453468473609	56
-0.115294236440396	0.30409465501509	56
0.096020910352969	0.443419212814596	273
-0.016862807374904	0.422833194114597	56
0.046279978255381	1.25986581042675	621
0.047941878968761	1.18837210270318	141
-0.122213219046361	1.20409048239941	141
-0.030493457824375	0.53775355361276	1007
0.052219647470263	0.540299997916903	181
0.012829110730087	0.327325394797866	267
-0.023131555769807	0.651059347939839	17
0.057298103043692	0.557683221119042	17
-0.103826685228752	0.398886832626777	17
-0.0738221267358	0.5052984645661	17
0.0374685098946	1.46468160198804	17
0.107652843788218	1.38531287980708	17
-0.026847325398467	0.533677733053091	17
-0.120855672254275	0.961695751586434	38
-0.033069140841943	1.11258615068709	17
-0.118507543729429	0.299304780944565	38
0.00843013400888903	0.315094554887299	1583
-0.121866843876206	0.292132076819381	56
0.00451985296836199	0.314187545812661	56
0.010647482709724	1.04103075550785	273
0.0582921354949501	0.537246159528198	56
0.012815263476823	0.330614076431107	56
-0.114676972694715	0.302973712143562	56
0.00521173645908801	0.3212736028767	56
-0.0274243767747669	0.534244735313174	1183
-0.008351115900468	0.981258771173663	14
0.00843806909834699	0.325281331262212	142
-0.093831947920766	0.410456334109532	142
0.0449773967368921	1.71803046765665	621
-0.0520899526056891	1.67843691164883	621
-0.060298156122558	1.08246821382047	24
-0.028710161868438	1.65003993832157	938
-0.028170074504663	1.18889260151167	938
0.045962935314141	1.49237045285338	938
-0.098836340355513	0.890113970307606	158
-0.099814104408703	1.35615349684456	141
-0.063865467851966	0.631619284951513	1007
-0.079090617754323	0.53739146858408	181
-0.061066001579202	0.919013826090161	1459
0.0390237913879929	0.882486108374543	17
-0.116069750753612	1.30072882811918	17
-0.038787304723202	1.13811800556743	17
-0.080767968779909	0.530518065089624	17
-0.0767350953599	0.833245043830828	17
0.083043789093981	0.824321087609076	38
-0.118968551676093	0.630733383615617	58
-0.098619418235169	0.410949989630456	38
-0.102382281649541	0.409458776340662	38
-0.017227176354247	0.424304212150771	38
-0.118507543729429	0.299304780944565	56
0.091798054424133	0.44964271979677	56
0.037721706127557	0.78164689784822	56
-0.00345171536405198	0.991079408027134	56
-0.11299121893531	0.273212132153167	56
-0.113778954237744	0.301173135071298	56
0.094814767629628	0.457692403463595	488
0.00915170945552402	0.328075522385039	488
0.00150696370164904	0.303197391120253	2136
0.015967620659249	0.317433866241237	2131
-0.018194505192203	0.536935903641396	264
0.058933050727998	0.562609701859856	14
0.012829110730087	0.327325394797866	142
-0.006991175465906	1.44140758758982	938
0.0423373087626669	0.906217519903121	95
-0.062623398001635	0.890452003735941	1007
0.087532453000973	0.790424918854691	1007
0.075380059608509	0.787714855154454	181
0.119354054480521	1.24661236364136	181
-0.122272745273503	0.52843868122657	1459
-0.095978393792718	0.646190389884829	1459
-0.024604518455277	0.543423183702096	267
-0.06433180791897	0.842274018799172	17
0.045982212516144	0.917772265486682	17
0.114186008450187	1.3904682423267	17
-0.10085524019991	0.777659931859632	17
-0.037190754673087	0.935277486506537	17
0.050219270087759	1.02431566596478	17
0.00590553102074498	0.881398082896441	17
-0.016528136584679	0.875564408296637	17
0.047963337565594	0.557939703176954	17
0.03188936721425	0.665026941794165	1583
0.096177805641235	0.461006924813787	1583
0.100710305513077	0.43956247930169	38
-0.116763819008497	0.52590813795794	56
-0.118936919270951	0.289961376963894	56
-0.121940702135268	0.618777211691661	56
0.103964281045703	0.717004652053912	56
-0.018412900375842	0.426474987777184	56
-0.015002339160472	0.639155277008075	56
0.095574788079457	0.463024390677815	56
0.00775023900044403	0.31698236723067	488
-0.016010684540201	0.432477340654132	2136
-0.121388183722514	0.287933051323459	81
-0.117131863149381	0.297070487699706	2131
0.091088790966719	0.433324844105496	81
0.096055143241083	0.446148663837007	148
0.00843806909834699	0.325281331262212	264
0.00496543452010401	1.07324470269153	621
0.084467911243025	1.14006063369374	24
0.00445852678768899	0.321554482797228	24
-0.059330835625743	0.643973011092904	24
-0.085029280462657	1.00794174804671	24
0.043070428555243	0.540805522526534	141
-0.023463812846036	0.550548992939744	141
0.00916415097372203	0.326595495683692	1423
-0.00114943611985097	0.784961609483191	1423
-0.01959134127554	0.546110819549276	17
0.069970989356517	1.92260424454747	17
0.0121183413884211	0.329453468473609	17
0.017344066789773	0.310902500384741	17
-0.00021897207714805	0.97408695555399	17
-0.038558739492125	0.736663521683726	17
-0.085862469277229	0.655628696795788	17
-0.121249207861184	0.29288073588439	17
-0.082703383266256	0.634280772899106	58
0.053119582601529	0.894264388364001	38
-0.09285374901	0.419542930721633	58
0.104623251677748	0.702886106727032	56
0.052214711712166	0.576778395255412	56
-0.121272957127313	0.63728285227309	56
-0.033990798383657	0.785753484301665	56
-0.0148244924635	0.439555632965869	56
-0.118646066209052	0.297313196368188	56
0.092890938973974	0.456673250660486	56
0.096934699804944	0.712899553827811	2136
-0.122144580818469	0.287069025105785	2131
0.095732307356114	0.459844078730087	14
-0.054097111006671	0.6415388851392	24
0.023781853989468	1.45832444145386	621
-0.067575417204542	0.720367074393208	621
0.0963353799518341	0.464436730807127	621
-0.0465124715169331	0.873799398661741	24
-0.017830669682676	0.678064083068142	24
0.098460807701291	0.454586639495398	24
0.047977344659266	0.577227856338616	1509
-0.076331784866949	0.932743107987049	24
-0.108841868822361	1.04329008066649	938
0.112133003320997	1.53731849646992	938
-0.041344200018732	0.758361563627009	141
0.00702087444475896	0.315712964616297	141
0.087314466425122	0.427953286606935	141
0.110907615406731	1.41465980406785	141
-0.047219751233482	1.08235766281309	141
0.085998014332948	1.23889090538177	141
-0.083490767188719	0.813590149492799	1007
-0.066251924028366	0.735767588681109	1007
0.022356555600145	0.978182637891531	181
-0.116872243729567	0.625205310801193	162
-0.124553925683034	0.637633626311037	17
0.103274376807206	0.432678369436595	17
-0.104407254544127	0.838916587155538	530
0.117593246605419	0.878709308984005	58
-0.0211440667387079	0.653454839854125	56
0.092732774107206	0.444779998550083	56
-0.124685315665872	0.192302335259694	56
0.0963353799518341	0.464436730807127	56
-0.100528645142454	0.415059575178681	56
0.00845105661557999	0.326919841231667	81
0.00986401605334397	0.327745382331889	81
0.091038330115687	0.447158477555656	81
0.030512337647802	0.647782127077214	1085
-0.118368385149524	0.295374465765642	14
0.093005085710161	0.452102465745642	14
-0.0662545037311491	0.801302944868394	24
-0.014389067822399	0.665455228978949	1509
0.023272602464638	1.09075807208285	587
-0.0305695660605509	1.67824017479613	938
-0.064265853886066	0.975871452417116	141
-0.049147486177452	0.909995454679299	263
-0.117270605356899	0.290868955563158	141
-0.109667690947426	0.968748350112164	141
-0.00500898474448497	0.976796448594701	141
-0.080869459423047	0.529312797554183	1007
0.00488819520495698	0.891522638548856	460
-0.109590551182763	0.823875546215187	1007
-0.0461493828176071	0.844358213804026	1007
-0.12078827148455	0.288046263363285	1423
-0.119715698586671	0.276321737681499	181
-0.118796963117834	0.298692462225041	17
0.048184530933422	0.885893714146122	162
0.109340282116776	1.3632527484485	17
-0.016950424514	0.429686828406378	17
0.075900216698093	0.79433847562312	58
0.103538986719411	0.702200082785343	56
0.00882665678875805	0.895503348629658	1061
-0.0164599656351631	0.422916627433467	56
-0.026913469366444	0.534333741955432	56
0.00915170945552402	0.328075522385039	14
-0.021808623405272	0.423881779865849	14
-0.117610445716483	0.291994010644282	14
0.039425704154591	0.978796485395673	621
0.114106953314591	1.12371025058426	621
0.018360913161435	0.996694226410437	621
-0.099744383358976	0.418621864920832	621
-0.022287364290456	1.69662224101802	587
-0.011711369037299	1.36107592767497	938
0.00904413849756003	0.318298937795846	141
0.0748980935746531	1.0972588628369	263
0.044623789052324	0.680742478128599	141
0.118540412980883	1.40709300882757	1007
-0.122900944515079	0.2840438645063	125
0.00773662930927399	0.324144509539724	1459
-0.11403268806467	1.38061110198908	17
-0.073348064943207	0.844024139408531	171
0.04992771408759	1.41339304068828	17
0.00418410600296604	0.879967287332651	17
0.0592982651847071	1.22073418434528	2731
0.034168912495421	0.751437802970968	17
0.012829110730087	0.327325394797866	17
-0.068139195812961	0.729706105498504	261
-0.124911898382507	0.586518028871651	261
-0.059330835625743	0.643973011092904	58
0.025976292064955	0.963261667284986	58
0.0462899284414911	0.55435753544092	56
-0.120100248436412	0.52842064609446	56
-0.117888982633568	0.298230771809748	56
0.0901598210494861	0.437255131412288	56
-0.087017826217085	0.522385984213548	2136
-0.114676972694715	0.302973712143562	2317
-0.0161843489038011	0.435724646571288	14
-0.12050347701786	0.287096754123304	14
-0.098619418235169	0.410949989630456	14
0.0292023155415671	1.39785237541241	621
-0.017456535408143	0.433743034695064	621
-0.122172572310214	0.539985386973241	24
-0.088194374290817	0.8171046935203	24
-0.024059392901474	0.55585511985697	24
-0.104138811349439	0.779514988746816	24
0.076150261966337	0.928529523891248	263
-0.123494972217122	0.945421036851321	263
-0.115294236440396	0.30409465501509	141
-0.073728103245771	0.991691739881327	649
0.087328654921552	1.35246638973631	460
-0.00621881799806101	1.01965600847764	649
-0.090488693761181	0.727515720627616	649
0.089838657809869	0.804157387272456	1459
0.074654482738113	1.83890054974189	17
0.0414698366509449	1.74738182205157	17
-0.065421943268278	1.59653198356364	17
0.082752953281749	1.11006195670102	17
-0.0157644153615319	0.42747090440847	17
0.077356619144634	0.811647615685118	429
-0.119745217800793	0.287956884999308	518
0.00541461198242998	0.871977797305934	17
-0.0743446642172691	0.537296416593856	17
-0.101596449971644	0.407198295244739	17
0.078791854117104	0.922613248926284	261
-0.119099594409922	0.628091306801683	313
-0.098905451358025	0.707951249293323	313
0.121544763584125	1.06182208081979	313
0.0287439876539189	0.788387164278291	313
-0.115434173199174	0.300328537416938	56
-0.118731314444602	0.624542257348708	56
-0.12050347701786	0.287096754123304	56
-0.080212691404248	0.530309406877924	56
-0.0983311505273891	0.406702830065065	14
0.013525240790481	0.328465966413979	587
-0.030443112432868	1.09075035237612	938
-0.083852357184417	0.510679819633391	141
-0.096491315905861	1.0813693199727	1007
-0.11274860624424	0.975576016605439	649
-0.023064666929777	0.751385583541361	181
-0.106736179033042	0.282351781453071	181
0.014805133755916	1.02954115521083	125
-0.115153663606376	0.301127275964184	1459
0.017924275973409	0.866020691073929	17
-0.00360942129726305	0.789828675075429	429
-0.118421391069244	0.641925812520696	17
0.076016294747465	1.38366309964474	17
-0.017771039717326	0.867131326904681	17
-0.02569856898876	0.640958568536893	17
0.045775084807369	0.567109963812912	261
0.00985219756593203	0.319713495002548	58
0.0459190038132929	0.50099310592643	56
0.012801487163888	0.320585170638168	81
-0.10282942024501	0.39393977542939	81
-0.019851449755961	0.41075327861866	14
-0.116051829750984	0.301420175985184	14
-0.115294236440396	0.30409465501509	78
-0.097250940113941	0.417127027021194	14
-0.112375928918423	1.84357707850029	621
-0.100287273569681	0.398785546344506	24
-0.0937708720913441	0.837721720448718	141
-0.014475344435825	0.428903000359613	141
0.072427427295595	1.44207815793905	1007
-0.107471985899943	0.873568253516662	649
0.028748432976038	1.26657921844404	649
0.033191161389024	0.783833345194813	181
0.091554511085842	1.20830384245851	125
0.00534311769038798	1.11820270449521	17
-0.0171652233984479	0.660972192732849	17
-0.118352168198951	0.636234836274246	162
-0.115099100549609	0.977773941645187	49
0.094211368598132	0.453251119625554	17
-0.081110375528097	0.546044371776041	17
0.081383092648978	0.99186252265452	17
-0.112696390959472	0.291827881259587	17
-0.038049819899441	0.751265719237524	261
0.0365756500919731	0.887292822971316	58
-0.103227415780774	0.696248749208222	58
0.082032393368722	1.05084342736796	58
0.044109324607413	0.551081140479629	56
-0.021983225278732	0.421361595023675	81
0.012829110730087	0.327325394797866	81
-0.111938275162416	0.293323782747409	14
0.00590343770948298	0.315498352689726	78
-0.013639209301576	0.423779721150502	78
-0.077236948851535	1.43491600228513	24
-0.056944888828086	1.75066762791913	158
-0.094862349438081	1.13988742222009	141
0.074951803426654	0.955865867937107	1007
-0.069011772949392	0.853360663303152	1007
-0.123066897317737	0.713599858127339	1007
-0.108690181796148	0.710917800904317	1007
0.086154578777068	1.09513057174706	649
-0.050935108665444	0.651231675376652	1459
0.049015882424735	0.558721465923815	181
-0.034728128969073	0.769847621199768	181
0.056361783619076	1.2672641420514	17
-0.022320882644793	1.46054421234433	17
-0.097035607186202	0.914165261418375	17
-0.017396203916255	0.876253529353693	17
-0.085717091616166	1.18830317092356	17
-0.055410802306719	0.96644355903682	17
0.01171618842763	0.919276640298563	17
0.081902268784773	0.916422698529636	17
-0.077770559197799	1.21920724298006	17
-0.011527549516557	0.653185185215251	17
-0.091134437017613	0.619173962254471	17
0.038421471465236	0.791126298521307	17
-0.028001810249098	0.541857666685639	51
-0.021448721761533	0.412263459494698	261
-0.017625078903568	0.540578735538398	261
-0.076291278528705	0.540519018164653	261
-0.093440751482233	0.420091334559389	313
-0.079929367008341	0.535281608756953	58
-0.056628311461166	0.664014808625376	313
-0.114420697144347	0.505698992939095	56
0.096055143241083	0.446148663837007	1424
0.0105749834879521	0.324389193569135	14
0.010692757564806	0.320002026154066	78
-0.112696390959472	0.291827881259587	78
0.00773662930927399	0.324144509539724	78
-0.116191341078772	0.292716215392469	14
-0.012361738402665	1.52493182512588	2653
-0.087426022087117	1.08472044582111	5
0.000427281340852015	0.766735586777376	141
-0.092919688693198	0.819195443700421	1007
0.086983340925562	1.03605197540609	1007
0.022903550644845	0.962519233612483	1007
-0.08850459222977	0.819457021431274	649
-0.035185273519689	0.949060982125753	649
0.122017637045721	1.36700607994379	698
0.008554766486636	0.875133240182174	698
-0.00334071483867004	1.06235672374852	181
0.046529042607412	0.779987512050647	1539
-0.083096457304882	0.529779566376141	1539
-0.107591603904153	1.05825298104893	17
-0.103579485613522	0.805182187467609	17
-0.095793719215008	0.987123522864771	171
-0.079090617754323	0.53739146858408	17
0.031626665526835	0.660394369710824	17
-0.103755589367087	0.408571635229583	17
0.091769413142306	0.795916172396073	51
0.084250270094277	0.931032780201246	261
-0.0104197687597209	0.508241239037248	261
-0.094671029407393	0.646503792420124	261
-0.122329594515247	0.519970161998955	313
0.044109324607413	0.551081140479629	313
0.093653270639297	0.454702105336875	56
0.096177805641235	0.461006924813787	56
-0.019179445357187	0.425581259784394	56
0.048771444392343	0.556157517481166	356
-0.112837941043183	0.287952693374834	78
-0.102382281649541	0.409458776340662	78
0.050012314541463	0.573381771643786	81
0.00444822436740999	0.313196978201498	78
-0.120022456668657	0.295071200113915	78
-0.118783954043212	0.286931676780627	78
-0.012871739936229	0.423545140470704	14
0.116776339298611	1.51348762358886	2653
-0.12403881224867	0.875494859231268	2653
-0.013986220236894	0.668856785099938	621
0.071276008550889	1.18989663899355	24
-0.0434749549721321	0.859657574853903	24
0.047750105104399	0.579329339034058	24
-0.00586996627453196	1.81825396451227	938
-0.030633326896347	0.771897807398145	5
-0.116556962189254	0.719454104404623	649
0.040495785217932	1.13718481971564	649
-0.104799673099223	0.813118580854858	649
0.00916415097372203	0.326595495683692	1459
-0.096273138294967	0.422204544711183	125
0.081902268784773	0.916422698529636	1539
-0.022393161825338	0.87726187429106	17
-0.060026945508554	1.38763816235509	17
0.05092666471167	1.48363897904977	17
-0.120300263777601	1.13780224069242	17
0.00515628069427199	0.315758016117377	17
0.109439603653518	1.20111580837209	17
-0.060775128813235	0.622061229042435	17
-0.110904866664412	0.908226747657217	17
0.00916415097372203	0.326595495683692	51
-0.056429703553038	0.628614429856484	261
0.0779904548243781	0.760495316561895	261
-0.069954126411416	0.748650237322968	313
-0.0916790029846291	0.627313093758566	58
0.078628221914501	0.794379396952596	313
-0.097682946950441	0.409246953680254	313
-0.118963465141528	0.513909007377908	56
-0.116051829750984	0.301420175985184	56
-0.093440751482233	0.420091334559389	78
-0.116051829750984	0.301420175985184	81
-0.115294236440396	0.30409465501509	14
-0.11666966921192	0.29860266212504	1690
0.094814767629628	0.457692403463595	78
0.0958961693164509	0.432709970952373	78
-0.105754811856827	1.02067374117422	2653
-0.099314767634366	0.883857276378482	2653
-0.070846106735793	0.905097033753859	573
-0.018534318217963	0.655573389887883	24
-0.119022256316068	1.30976814599171	24
-0.062297203755686	1.51870753594337	938
0.089762959779791	1.32668754478122	5
-0.121096659094687	0.535547421454913	158
-0.018226272713292	0.434004798645676	649
-0.025410269072918	1.21624720998739	649
0.096177805641235	0.461006924813787	125
-0.00932729186150805	0.845615937966097	125
-0.053978792811795	0.660331206135564	17
-0.123686744820823	0.639560650399326	17
-0.0400006307458211	0.766327195661272	49
0.0787463034436811	1.0208811894041	17
0.012815263476823	0.330614076431107	51
0.105603056587151	0.690118374751183	51
-0.089690803628341	0.639404663273847	313
-0.058200207599222	0.598474994510934	313
-0.076090893302989	0.707802329845929	313
-0.118914985512571	0.513918503311083	313
-0.026276696310477	0.535132205457684	313
0.100767698908186	0.708933177667372	313
-0.10933461493914	0.286538197389104	313
0.100710305513077	0.43956247930169	313
-0.095127537495068	0.624567661434509	56
-0.0148244924635	0.439555632965869	56
-0.015663495407639	0.426775228324871	56
0.054476235125959	0.575589108283174	78
0.01443338261579	0.31138160528869	78
0.004647531923197	0.305835032359169	78
0.039124889445662	1.40418795353823	2653
-0.101996863546442	0.822059483435798	2653
-0.106823486557663	0.75314306833053	938
-0.076921012813855	1.84930949323346	938
-0.059593907536742	1.95651421873053	938
-0.117161553177866	1.85823331588584	938
-0.124807712644988	1.59480614654046	158
0.00092707558229399	0.942086155668699	5
-0.115569536213592	0.640479092297329	5
0.093922524018092	0.450507601829713	5
0.054476235125959	0.575589108283174	649
-0.014231737351886	0.435984708576317	125
0.0980644131813601	0.670327578589273	125
-0.096413985666247	0.611740200395684	125
-0.118297074510902	0.64810342723963	17
-0.026349249618886	0.761489757896664	17
-0.014435434593479	1.73500987513968	17
0.036972232626197	1.25874164911941	17
-0.100348008166083	1.29386009669885	17
0.012103935148928	0.328952881693488	17
-0.111935268404675	1.05213528545954	17
-0.05193464463106	0.992523165352091	17
0.00149474093171897	1.07983433761664	17
-0.00436580786614404	0.777808563157984	261
-0.08902910217201	0.654431778942713	261
0.0443146081649109	0.559297706237802	261
0.038229591430332	0.692408584918007	313
-0.01994518935665	0.422232841761338	773
-0.09813779355186	0.418179633367352	313
0.049787282680932	0.566351659235178	56
0.050237755249378	0.571902333768724	78
-0.019352077692027	0.423368907722633	78
-0.122900944515079	0.2840438645063	78
0.094689551171888	0.441341448675531	78
-0.124822181476341	0.516598266889107	78
-0.124685315665872	0.192302335259694	78
-0.113919740428498	0.302875796311498	78
0.011421258981961	0.319402858620075	78
0.00846412212396796	0.316701116016018	78
-0.121713795477812	0.506656109669454	24
-0.08990604700031	1.62575377194212	938
-0.096902460596788	0.600133580406045	158
-0.042314070797999	0.758930673273969	5
0.081889370558602	1.00265580565756	5
-0.109056996336818	0.907532138293899	649
0.102071862133057	1.07311139028995	649
0.084917841115963	1.21184246884971	649
-0.109684783893469	0.713911198245743	17
-0.120089880311644	0.627206853708524	17
-0.056247547504364	1.00109947619246	17
-0.102917140708873	1.26056392710689	17
-0.114743585689424	0.636369046276285	17
-0.119884155669686	0.29560603021401	17
-0.0985277996610689	0.408448081206267	17
-0.100712392435608	0.612190031828953	261
-0.0305538407135439	0.519993639043616	261
-0.120217345436901	0.539337211110651	313
-0.010299699256056	0.432266277976494	313
0.103136866768169	0.688329019020701	313
-0.0976431745266511	0.418321727191558	78
-0.023449351336652	0.655384389981602	78
-0.019414551322217	0.431803638077879	78
-0.100679783862978	0.407351989714777	78
-0.113919740428498	0.302875796311498	78
0.00904413849756003	0.318298937795846	78
0.00673957357233701	0.309916915887643	78
0.091798054424133	0.44964271979677	78
0.00835495080464499	0.324178134181371	78
0.00521173645908801	0.3212736028767	78
0.0161824701169	0.294847411652173	14
-0.019772716731399	0.420094421320297	14
-0.118507543729429	0.299304780944565	78
-0.014231737351886	0.435984708576317	78
-0.099191663128925	1.2895493469947	2653
-0.1027372586161	0.94761840363618	24
-0.0437262419390561	2.00451784717531	24
0.121638127682916	1.03641245495981	24
-0.106527651291221	0.833784311636437	24
-0.0786418024986521	1.60080826973983	24
-0.018053921110562	1.67522389505671	938
-0.119388799908838	1.29561204605554	938
0.099867923565648	1.19609467124107	5
0.00609457714279105	0.868428716982334	158
0.01070834722861	0.31786546791292	95
-0.124747719577805	0.765166733251269	5
-0.080374180120352	0.801723038074402	5
-0.109278006212323	0.834513324447029	95
-0.060984475701885	0.832146912420296	95
-0.122933795267415	0.794497970329127	649
0.086379087410467	1.09414661613108	2533
0.047588127538483	0.919272112513031	23
-0.07991692202371	0.509439763382406	17
-0.112017500280105	0.793834784858386	17
-0.08047447365052	0.974579576634002	17
0.091150601143697	1.24208362740703	17
0.00129240045447998	0.773972527858596	49
-0.06240705876055	1.48629175491771	17
-0.106736179033042	0.282351781453071	17
-0.120338273949586	0.642948909425198	17
-0.068517150014167	0.976140966469806	17
0.00916415097372203	0.326595495683692	51
-0.090687155113086	0.491774460830896	261
-0.117888982633568	0.298230771809748	313
-0.023286152873211	0.544635736184333	313
0.057298103043692	0.557683221119042	313
0.031037620885552	0.688841975835516	56
-0.122144580818469	0.287069025105785	78
0.00913934315425702	0.317100109493428	78
-0.097250940113941	0.417127027021194	78
0.0924016795002121	0.45401840587187	78
0.088357714565195	0.445414006066463	78
-0.120030585495487	0.290467287922413	78
0.00986401605334397	0.327745382331889	78
0.096938234363846	0.462404479348132	78
-0.117750032395489	0.298128631090027	78
-0.120170972376751	0.295346357516002	78
-0.122006032946107	0.294000432502212	78
-0.109539306487093	1.42520184633955	2653
-0.024982728875579	1.99425896860291	2653
-0.011272875347567	1.65180756104331	24
-0.090290578485717	1.64753907143391	24
0.07689394813673	1.60968979412076	938
-0.023109437945133	0.908829662510186	158
-0.047845279107508	1.01741552656874	158
-0.110843843024112	0.645858338689338	5
-0.123558048849956	0.537011328929635	5
-0.100222134208733	0.399825751094429	5
0.101023075699671	0.700630277448339	95
0.029936365825378	0.790854272251994	95
-0.070139010425686	0.528846768623844	649
-0.079418607605469	0.550535186813188	649
-0.016648653847668	0.673152247418431	649
0.074682602680415	1.01000456822996	181
-0.101461259693833	0.403301242112468	125
0.043459063532463	0.793199253585511	17
0.042921835393847	0.55099363681069	17
-0.034849312033206	0.737148403230537	17
-0.072005333437046	0.584761211488935	17
0.105992079996708	1.9041132529333	17
-0.082454982694749	0.99968186471879	17
0.077713673357424	1.02338115643203	17
-0.101596449971644	0.407198295244739	17
-0.085592412645243	0.523716072005152	17
-0.110934743192598	0.828522579597506	17
0.093161814663994	0.453679265021089	261
-0.014231737351886	0.435984708576317	313
0.096177805641235	0.461006924813787	56
0.090076445016094	0.972292651372659	56
0.088357714565195	0.445414006066463	78
-0.022393652772433	0.5657336160891	78
-0.099701882574006	0.406219279733018	911
0.00986401605334397	0.327745382331889	78
0.0990981142767709	0.701411910812958	78
-0.015069306022953	0.43057593965086	78
0.00775023900044403	0.31698236723067	14
0.102660619663226	2.26878585890337	24
-0.109458001310001	1.19252697542887	24
0.044719512182654	1.74140313235811	938
-0.121463460781675	1.38242754468739	938
-0.00297971764220295	1.05333325246319	938
-0.045680810526702	1.08746863522549	938
-0.100357037889104	0.602571718235396	95
-0.061841248564895	0.655221838206765	649
0.100869610993203	0.727044273938047	649
-0.119884155669686	0.29560603021401	125
-0.015839388196522	0.429189185992062	17
0.033633951696183	0.854518164057404	17
-0.081987293359568	0.807357527423264	17
-0.04073986632051	1.14591020809165	616
-0.020607957402293	1.05218381802842	17
-0.090466645185457	0.41011784527247	17
0.090110155453381	0.833505441337155	17
-0.013444769904425	0.751375776355508	261
-0.116513877306215	0.289803300994561	261
-0.018238688499682	0.419609421730732	261
0.101713654646406	0.728184877280853	261
0.112631000691799	1.14657883348426	261
-0.019261769687848	0.551983905271282	261
0.09785828012531	0.456510998573434	58
-0.115587303277169	0.289494787039319	313
-0.115302678573837	0.281996279600696	313
-0.120022456668657	0.295071200113915	313
-0.111180131942057	0.291805570034383	313
0.093319225037514	0.446230549867301	313
-0.00670549917418595	0.768093178479233	313
0.00374967615163502	0.318868432860987	313
0.00835495080464499	0.324178134181371	313
0.014221211579021	0.320158289001501	56
-0.050680040556634	0.630758012145399	56
0.00374967615163502	0.318868432860987	78
-0.012429285890426	0.431543650696714	78
-0.12221186046674	0.182493498892029	78
-0.101008611532519	0.404167532789802	78
-0.0536193022716011	0.669863399588872	484
0.00986401605334397	0.327745382331889	46
0.00663167293004696	1.94347165234327	2653
-0.019101813383417	0.64061813794068	24
-0.00478646957589601	1.65466504452078	938
-0.00461061453845102	0.722652626054253	5
-0.098012843793485	0.417264791509443	1702
0.00915170945552402	0.328075522385039	1702
-0.019289347845297	0.671232440023887	95
-0.113324262889255	0.73894179124946	95
0.044296264636437	1.01471821063597	95
-0.068615838155446	0.750526376963408	125
0.0385328028424901	0.66632878849261	23
-0.096015113763931	0.393720062211263	23
-0.104189915297763	1.18289084441956	17
-0.042755160868733	0.865215004727541	17
-0.0326817773949341	1.34126393286207	17
-0.049431252803706	1.15811072450567	17
-0.12064892284461	0.643206619384022	49
-0.114536610980494	0.303993219626647	17
-0.114621346171836	0.635844649900732	17
0.008554766486636	0.875133240182174	17
-0.033595851860591	1.02483336845846	17
-0.0660925196045981	0.63546038249333	17
0.050916459133929	1.18703352235871	17
-0.046738198547107	0.864009404821111	17
-0.056448333022612	0.667139196803894	261
-0.097250940113941	0.417127027021194	261
0.08766891204106	0.81857521646494	313
0.055051451896731	0.570555895146019	313
0.032721569167634	0.683676442250938	313
-0.095218411801123	0.417589468190028	313
-0.118796963117834	0.298692462225041	78
0.094814767629628	0.457692403463595	78
-0.014649801240545	0.438048639067437	78
-0.119272870009067	0.290405801392555	78
0.093765058072663	0.451770895521546	323
-0.033007670027968	0.777324491317842	24
-0.063050235336708	1.146007694714	24
-0.100938181104228	1.860608517277	5
0.093161814663994	0.453679265021089	1702
-0.078105603088824	0.911657141326167	649
-0.016594661032848	0.872997729345574	649
0.120526395391535	0.90936409903565	2533
0.08035135728902	0.944017470045476	125
-0.117750032395489	0.298128631090027	125
0.102974220881818	0.705809755945723	17
0.085260706737202	1.83571409603753	17
-0.101928811184857	1.2115784549312	17
-0.059191552035476	0.944881555548504	17
-0.027445101897382	0.845691028554885	17
-0.079083973162648	1.12424255835482	17
-0.116051829750984	0.301420175985184	616
-0.112080248126933	0.294451481685123	17
-0.025451036436007	0.537093099415061	17
-0.017343526982839	0.544847576468753	171
-0.071202775103113	0.932689156187083	17
-0.115934844461893	0.819732038198282	17
0.012855572636521	0.88162280371625	1060
0.098535616656556	0.699599804702131	17
0.00915170945552402	0.328075522385039	36
-0.094273743700552	0.628692657297397	261
0.00916415097372203	0.326595495683692	261
0.101626807767625	0.68495967288656	261
0.0924016795002121	0.45401840587187	261
-0.0952925343846029	0.413850962665634	313
-0.016010684540201	0.432477340654132	78
0.091954671562515	0.435604401481063	1372
0.016578706012238	0.31097727890773	78
0.00773662930927399	0.324144509539724	78
-0.052918163099704	1.47202255326986	2653
-0.115126291530262	0.948310870611842	24
-0.015635830308818	0.549302060913318	587
-0.118670259783881	1.67624502300912	938
-0.109673773173897	1.58662646137198	938
-0.056381862141085	1.97340940488228	5
-0.087036042727235	1.08157866895031	95
-0.044669028004097	0.909137736892194	649
0.010952600602941	0.958125753959578	649
0.105264204443415	1.03832771057033	649
-0.123328083899349	0.537856786569309	649
0.122527788688058	1.07098428364245	181
0.00985219756593203	0.319713495002548	125
0.057255206743647	0.560101465140889	125
-0.090431407150423	0.643652992348392	1955
0.101208470559184	1.55909074039297	17
-0.031921687843443	0.962768924865477	17
0.090883129520316	0.445529571041891	17
-0.0161843489038011	0.435724646571288	17
0.00792567605577998	1.05490279955068	17
-0.08567191694085	0.977112394036615	17
-0.00641357687730604	0.747310829135052	17
-0.047097139690829	0.731200191671131	1060
-0.00855689721727804	0.979337792200011	1060
-0.02053852870759	0.416845094952145	36
-0.094377418385699	0.739152939821192	261
0.082017828921595	0.938905777810152	261
0.051830543431248	0.540408412655591	261
0.05344326335324	0.568450089437515	58
-0.020779948594337	0.636956375053986	313
-0.120170972376751	0.295346357516002	313
0.100108057610625	0.451459236440165	313
-0.117131863149381	0.297070487699706	313
-0.024284275455944	0.399552110673488	56
0.098612840245663	0.426981210954243	56
-0.11666966921192	0.29860266212504	56
-0.017343526982839	0.544847576468753	78
-0.119403113030434	0.294041585897601	78
-0.113312714948903	0.283768886795465	78
0.091642117971121	0.451479966383651	78
0.094525604446597	0.448641997946062	1372
0.0121183413884211	0.329453468473609	78
-0.116374708605358	0.293645133033559	78
-0.117131863149381	0.297070487699706	78
-0.090087818822134	1.81933344062144	24
-0.114991389802524	1.04379633210337	24
-0.0827897806888051	0.538860087829694	587
0.118069199833491	2.39333241157658	24
-0.10538019984669	1.30835961447685	938
0.119393022550636	2.37591585878645	158
0.032039481914644	1.83162669771827	5
-0.121668500633877	0.583759984396471	5
-0.015839388196522	0.429189185992062	1702
-0.047661043463024	0.854810925379707	5
-0.0402504380413889	0.760290954492505	189
-0.110911923571612	0.782597339269625	181
0.077082373392393	0.751605924881355	125
-0.068789257081689	0.98848754981364	23
-0.078535745160675	0.53716589916727	754
0.053090308455624	1.08423560328755	17
-0.030411253672064	0.924436584000863	17
-0.00645587843089102	0.706592801186225	17
-0.023429558669851	0.972162157738102	17
0.116750722954343	1.16605315544391	17
-0.0126958623961529	0.432612975633488	616
0.00772310037311896	0.316787321618208	616
-0.040346916750531	0.757378257429492	17
-0.056628311461166	0.664014808625376	1060
0.086849124100935	0.892047533577235	1060
0.05162756658919	0.575468103927025	36
0.054476235125959	0.575589108283174	36
0.048771444392343	0.556157517481166	261
-0.025195474922625	0.535229648697944	58
-0.00749467770803602	0.418780757584055	313
0.093610128352639	0.694328181632336	313
0.049786228744537	0.572682664348742	313
0.037988642589933	0.688627645188828	313
-0.099535366134603	0.422975361103123	313
0.090327062110104	0.436167207184607	56
0.053668673619619	0.574347626085986	56
0.096055143241083	0.446148663837007	56
0.015200852946429	0.317524411186398	78
0.047963337565594	0.557939703176954	78
0.091038330115687	0.447158477555656	78
0.0963353799518341	0.464436730807127	78
-0.123381252461113	0.292344338264707	78
-0.101256297018463	1.27115251060588	587
0.101084088918968	0.694710498395626	5
0.0810958350821031	0.900031533580808	5
-0.120461475783945	0.623154191664805	1391
-0.0647979137815961	0.600510627768231	1391
-0.086691328537629	0.494679367559066	189
-0.092762010773235	0.651871369129713	181
0.060903692641002	0.546972904879183	181
-0.029095421793626	0.764301891991892	125
0.108579527278612	0.994338438677487	23
-0.0952925343846029	0.413850962665634	1955
-0.00590953966229901	0.756909557906677	17
0.031791738456684	0.861347686890024	17
-0.016552397173934	0.654946056636523	17
-0.083943166712398	1.08539655140472	17
0.042572574747099	1.33725481389976	17
0.118216082280566	1.05623880751655	616
0.026298933595288	1.04875527709356	616
0.103809413844594	1.3158278966198	17
-0.03968128209269	0.84930331937429	17
-0.087761061054063	1.00209592093359	17
-0.0601931246219	0.727726413946253	17
0.033753185855138	0.837738447479997	36
-0.083363052749732	0.512305394933252	1060
-0.017052645855162	0.426205631030346	1060
0.11591352433024	1.06183296594682	261
0.091642117971121	0.451479966383651	261
-0.110564779424863	0.294416559205784	58
0.097255534681103	0.452127215607206	313
0.013525240790481	0.328465966413979	313
0.014221211579021	0.320158289001501	22
0.094256534352024	0.444258179180339	78
-0.095686172794907	0.421640120205703	78
0.0924016795002121	0.45401840587187	78
-0.022220688876549	0.41245288973821	1372
0.011391261254977	0.321094987246915	82
0.00835495080464499	0.324178134181371	81
-0.118507543729429	0.299304780944565	78
-0.0569474962434861	0.751509434344735	938
0.083182093356265	0.918974575108887	5
-0.015135681504171	1.74919955049252	5
0.102566376517148	2.1262064097584	1702
0.093319225037514	0.446230549867301	1391
-0.104280386986442	0.396651608801048	95
-0.0144058795433331	0.421374953305562	649
0.082568290604469	0.934241660828051	181
-0.029209129214778	1.06885166298535	23
-0.117131863149381	0.297070487699706	754
-0.097276254408936	1.0257532446178	17
0.00445852678768899	0.321554482797228	17
-0.0439990954159279	1.09074839198394	616
-0.069213723034125	1.03713358827534	616
-0.121866843876206	0.292132076819381	17
-0.020387730144831	1.05027988768126	17
-0.105353366287845	1.04530999073688	17
-0.114676972694715	0.302973712143562	36
0.094525604446597	0.448641997946062	1060
0.06416066827092	1.6135615900211	261
-0.029568452756509	0.972402692884804	93
0.011982731745121	0.308323689066558	78
-0.097201255159878	0.419925816042646	78
0.00658405419811903	1.93509463180794	24
0.025596253060115	1.49170077836868	24
0.0173968681303071	1.1039805592602	587
-0.082264376984103	0.531606504167838	24
-0.089171810363526	0.412433225084878	24
0.091525368081967	0.454183696313418	24
-0.0434746806709519	0.636084626876135	24
0.102276168422393	0.726729603406238	938
-0.017111944776503	0.553198769869832	938
-0.120310717306839	0.288684317194078	125
0.013039292498175	0.898486583777246	17
0.054637908195266	1.2780685016077	17
-0.096860326003508	0.419275742294163	17
0.0952929692332281	0.442378881212071	17
-0.105791944727784	0.732098986805575	17
-0.117131863149381	0.297070487699706	734
-0.017611239981125	0.554165902450745	17
0.12116512125492	1.6662480394987	17
-0.00490188452664497	0.764693572816839	17
-0.118796963117834	0.298692462225041	36
-0.019842382738208	0.406099620119542	261
0.091642117971121	0.451479966383651	78
-0.097055928636709	0.421240281322587	605
-0.012429285890426	0.431543650696714	1391
0.09649363467756	0.457838794467596	189
0.01810872019341	0.305211669345286	181
-0.102718109395441	0.836331738880958	754
0.092890938973974	0.456673250660486	754
-0.016604121840524	0.418673636868984	754
-0.023538750462252	0.540450063009874	17
0.054250292559233	0.573407297911611	17
0.091028550515618	0.818270282305988	17
-0.095988564908885	0.746016924321593	17
-0.081202627120645	1.54630770094353	616
-0.067936102245074	1.58881349223375	616
-0.123941755384966	0.597386950649262	17
0.026975078608404	1.39431911592281	17
0.013826342301193	0.975486627219486	36
-0.114395612864005	0.298380555355534	36
0.092090373050592	0.432143009612625	1060
-0.062547154371611	0.711378010756942	261
-0.04608918740238	0.862252725902367	261
0.00986401605334397	0.327745382331889	22
0.049430269005293	0.569297277707016	78
-0.117131863149381	0.297070487699706	56
-0.062952267852822	0.635326087538789	78
-0.026021529697229	0.53563033918648	82
-0.018309965563719	0.645942508164721	82
-0.073459812698048	0.829037664488971	82
-0.108722300235307	0.28081686398747	78
-0.124348965268922	2.26828776149582	165
-0.113167965365487	1.48558398588026	165
0.075984654557866	1.29766571184732	33
-0.050841431640875	1.36727394016962	938
0.123882127805571	1.81133017175426	5
0.0980644131813601	0.670327578589273	5
-0.089621483381775	0.716391769465592	95
-0.068593690601834	0.622589597427913	181
0.0846905181980711	0.821932212763867	625
-0.02164779520047	0.648865962024601	754
-0.098619418235169	0.410949989630456	977
0.118355758166162	1.53255121410261	17
-0.077192469203675	0.797671117379171	17
-0.0596787415425481	0.772904064785533	17
-0.109345417941051	1.39850433602118	17
-0.0844891127544189	1.23642228983894	17
0.09642491593579	0.653991138553182	616
0.05162756658919	0.575468103927025	261
-0.0207154488419981	0.539652799543873	22
-0.119265018768808	0.298378667440295	22
-0.114676972694715	0.302973712143562	78
-0.028011284804179	0.544038398429447	56
-0.117270605356899	0.290868955563158	78
0.012893065260327	0.310252657641457	78
0.006134372275997	0.308264413173802	55
0.00986401605334397	0.327745382331889	1139
0.011982731745121	0.308323689066558	78
-0.09666408064779	0.41271896520773	35
-0.063281880689536	2.01363008816674	165
-0.065595968912807	1.01860439861072	165
-0.056395408700356	1.99811570287816	24
-0.118112160115349	1.69971061699937	24
-0.054647613218224	1.54179739077528	938
-0.115405837514211	1.50675003819195	938
-0.056788815476058	1.3357620057771	5
0.0401966670976121	0.653498974727826	5
-0.050298447908054	0.850782723965062	1391
0.020765955945928	1.07278968827802	189
0.044219360964051	1.29391241031451	95
-0.040860690683074	0.879585909698415	95
0.00515628069427199	0.315758016117377	625
-0.095769309248558	0.621130358589809	754
0.119480465388418	1.39935743868502	17
-0.0374685928523379	1.1951772277546	17
0.017051910764046	1.34442925029513	2173
-0.102579450286072	0.40656995862107	36
-0.12458827372049	0.519427413199018	261
0.0807873340623489	0.898510369123933	58
-0.12230613964241	0.51838614100406	22
-0.108377432519061	0.385257357150103	22
-0.083287220633372	0.515890007973702	22
-0.102184511285099	0.406117805796473	22
-0.024604518455277	0.543423183702096	22
0.051986976860306	0.574081941462632	93
-0.102293460932911	0.411749445111632	78
0.0105749834879521	0.324389193569135	78
0.09649363467756	0.457838794467596	82
0.00305096641730196	0.311892259699299	82
-0.118646066209052	0.297313196368188	78
-0.119745217800793	0.287956884999308	78
-0.114536610980494	0.303993219626647	78
-0.115294236440396	0.30409465501509	78
-0.085946221919134	1.6659561447721	165
-0.102268179096283	1.21489606346508	165
-0.022354633523147	1.12831484383898	33
-0.095386339988108	1.50222963452165	5
-0.113424179870535	1.30047656243132	5
-0.030448650975223	0.756710340836919	5
0.116328058534943	1.24822763734684	5
-0.0505146315023	1.07518623814241	189
-0.072992741667263	0.842363678586404	189
0.038914700872438	0.850199636332275	649
0.01078952598301	0.871720276433478	125
-0.071069047273671	0.747391850961139	125
-0.090485696584919	0.875908195956198	625
-0.054735519088821	0.932082429131701	17
-0.0189388189819369	1.13783216546802	17
0.00843734398463703	1.8654317217224	17
0.054024755477244	0.56198360796076	17
-0.095432670860258	0.919748430370622	17
-0.124928862179868	0.608485105248492	36
0.0924016795002121	0.45401840587187	261
0.030770037725313	0.676442422626475	2733
-0.018050491252491	0.435487749579658	261
0.105748392236044	0.71230250739621	22
0.093922524018092	0.450507601829713	93
-0.099206780121599	0.408190175782133	93
-0.094902742839224	0.420157183262092	78
0.09412252460131	0.682128564291389	78
0.0963353799518341	0.464436730807127	78
0.00915170945552402	0.328075522385039	1023
-0.016284564195546	0.422372819197019	78
0.01512310217628	0.312393174603487	78
-0.115911682677695	0.301219764446784	78
-0.122624064829677	0.293244123835198	78
-0.113162477267394	0.300091130878947	78
-0.115911682677695	0.301219764446784	78
-0.047863244650845	2.45185875303867	165
-0.049175639340233	2.34696885596467	165
0.093336650617476	1.78172463256575	938
-0.11371020888073	1.42187753170017	938
-0.08414339244432	0.788507059642077	5
-0.098949866152821	0.41961114990112	5
0.022004264992221	0.997977982109173	189
0.05211681862847	1.49394874949552	189
0.012801487163888	0.320585170638168	125
0.00915170945552402	0.328075522385039	125
-0.062600852353043	0.819311213717689	125
0.039368103228733	0.690856856670057	625
-0.116006260616619	0.620202542638942	227
0.039870626820263	0.662323650294683	49
0.039544791059077	1.33962569442628	17
-0.112324399855034	0.83194226008587	17
-0.046287403668707	0.866947453917878	36
0.093161814663994	0.453679265021089	261
-0.067504597274201	0.717655360723774	261
0.097096543787062	0.462372894298554	2733
0.036057302283567	0.685394961939731	22
0.122433788323467	0.894195033070162	93
-0.021113795001559	0.663650703595976	93
0.050595865298844	0.544544216500546	78
-0.103167408331448	0.409669452345325	78
0.00915170945552402	0.328075522385039	1023
-0.018586401611797	0.426734652635088	156
-0.103558747217907	0.403190819430512	156
0.0508197150940271	0.576025164855222	78
-0.114536610980494	0.303993219626647	78
0.095732307356114	0.459844078730087	78
0.011406221851062	0.327802172715368	78
-0.117750032395489	0.298128631090027	78
-0.013167392021912	2.12173190025815	165
-0.010792002620453	2.11058586540896	165
-0.117478456674637	1.37949122014442	165
-0.0521294281793649	1.38452953358881	275
-0.098697807320318	1.4588871057658	938
-0.116545206621339	0.951254054095899	5
0.096658178041506	0.436272980175353	5
0.043653709843657	0.52765550180786	5
0.00515628069427199	0.315758016117377	5
-0.054584987008368	0.993276423668214	189
-0.122819049921788	0.639039101405422	125
0.013525240790481	0.328465966413979	125
-0.106879522326163	0.276155901376906	754
0.01032932755936	0.9007660047333	754
0.076698811503096	1.28151753212238	754
0.005170624954704	0.986830256530969	754
0.00842515956498802	0.309167694316217	17
-0.082505031049566	0.546584631525447	17
-0.108593236212859	0.73359200168905	17
0.091173499679304	0.671391437909955	17
-0.0373104661327091	0.696601027326682	17
-0.097179355735311	0.810419226657977	36
-0.000017006614352999	0.30103391492194	36
-0.124713100579092	0.532993082566328	261
-0.015326733127089	0.86758238034978	58
-0.057486321952603	0.667605353072354	22
0.049787282680932	0.566351659235178	93
0.00916415097372203	0.326595495683692	78
-0.0164599656351631	0.422916627433467	78
0.012829110730087	0.327325394797866	82
0.098744568092666	0.449452181292712	78
0.010692757564806	0.320002026154066	78
0.118098172010465	2.18428293537395	165
0.054146131120048	1.43655319062084	165
-0.042210415082618	0.865820788567733	165
0.041031891512065	0.531452609310628	5
0.00773662930927399	0.324144509539724	5
-0.095533359543275	0.707533894886123	189
-0.115174850331231	0.896973025849253	189
-0.058646771424784	0.933111244702478	181
-0.104954929190426	0.80743275803732	625
-0.116455209457797	0.528490812148484	754
0.000286962272809999	0.79143252202607	227
-0.077943775901705	1.31826554059615	17
-0.085006902323007	0.996066849797428	17
0.00987590698121499	0.323268666900645	17
0.011406221851062	0.327802172715368	616
0.00987590698121499	0.323268666900645	17
0.034561271334701	0.810526836537933	17
-0.108114479040996	0.811378279304992	17
-0.028313849170885	0.53161698324065	36
-0.013288481262688	0.436089978103716	261
-0.123589609256491	0.529135850198147	261
-0.100092737481301	0.406854448685914	261
-0.123589609256491	0.529135850198147	58
-0.014208848448815	0.683961165424446	22
-0.00547006726888599	0.664517737693078	22
-0.08132515917491	0.505665875494166	22
-0.027579875822796	0.817668423026377	22
0.095574788079457	0.463024390677815	78
0.057255206743647	0.560101465140889	605
0.098990006563215	1.40518391751308	33
-0.108841064412292	1.42512839525081	938
0.112834946392535	1.62078488485165	469
0.082941449356572	1.62239618895947	5
-0.085046210901488	1.13159749150329	5
-0.114073285779804	0.289483275860135	5
-0.114225182730697	0.520720080458822	5
-0.0983894439179011	0.706159357977204	5
0.084380832627371	1.13275956324675	189
-0.025117199583104	0.864665719355075	189
-0.055265166382933	0.641708506634715	189
-0.0614605045646071	0.756819118560291	754
-0.038661348697884	0.771481945112222	754
0.039863714523551	0.857520434309625	227
-0.105750268754389	0.694515029830326	17
-0.0465124715169331	0.873799398661741	17
0.104998835574047	1.0896473173389	17
0.043345622783602	1.48911898050808	17
0.120851471504917	1.2341500952627	17
0.079532984071259	1.11008592251486	17
-0.094051363542585	1.00499320760977	17
0.019619894348165	1.003444591575	17
0.018306711688444	0.87945514468814	17
-0.064714974714146	0.647373767090084	36
-0.074652227318511	0.539619275193899	36
-0.035588231006577	0.770924695983512	261
0.080424674483312	0.904873001268306	22
0.082448629982716	0.817090624048592	22
0.015967620659249	0.317433866241237	22
-0.020996678142045	0.564253842547263	22
-0.122144580818469	0.287069025105785	22
-0.014120788809759	0.419877583370679	93
0.091038330115687	0.447158477555656	93
-0.011243531277927	0.429322978620407	93
-0.081892473599669	0.519623231518211	78
-0.119265018768808	0.298378667440295	78
0.00775023900044403	0.31698236723067	78
0.00915170945552402	0.328075522385039	156
-0.11941368364863	0.297919373673288	78
-0.111180131942057	0.291805570034383	78
0.00597600539507803	0.31809893525624	78
0.011406221851062	0.327802172715368	35
0.00515628069427199	0.315758016117377	35
-0.072593993156435	1.86857592252543	275
-0.0574979451914071	0.651942438342563	5
-0.063352534263435	1.02935047045143	5
0.121845440854399	0.955851946832576	1391
-0.017266618453702	0.681740969592406	1391
0.048286762220744	1.1078680064593	189
-0.12243844356357	0.615750962593815	23
0.018841242488128	1.00285023677979	17
0.025105962113306	1.00611414029205	17
-0.092292346079585	0.590446233856319	17
0.038900318783071	0.980453158280524	17
0.076343987578042	0.878514961126987	36
-0.09931061910511	0.408669499064004	22
-0.0103187861277521	0.389467447423493	22
-0.099701882574006	0.406219279733018	93
-0.015069306022953	0.43057593965086	93
0.00845105661557999	0.326919841231667	78
0.00845105661557999	0.326919841231667	78
-0.1113225272926	0.295975971205177	78
0.095574788079457	0.463024390677815	605
-0.113919740428498	0.302875796311498	82
0.011406221851062	0.327802172715368	82
-0.114536610980494	0.303993219626647	78
-0.022346810364186	1.88707988072086	24
-0.111229243623975	1.30200064141557	469
-0.111090314034666	1.20078867365911	5
0.08152555224429	0.792881265862598	5
0.026594113436095	0.655986786511086	5
-0.0959107690666819	0.39509386530993	5
-0.068939049513397	0.578848910729806	327
0.085918101230768	0.944004813357251	1391
0.050747070716482	1.10863099922402	189
-0.086340623660406	0.630283128669999	181
-0.0735571241101201	0.5165711169945	125
-0.115934944301521	0.627000329995108	125
0.01499432378753	0.968764841338247	754
0.083784749204897	0.798261530093946	227
-0.0677677056293931	0.733602676798062	227
-0.023085069235315	0.863265053537671	227
0.082828305479545	1.54473953183189	17
0.109426663859475	1.32770278592873	17
0.026145305690453	1.2414022009549	17
-0.110577966258584	0.790328849486763	17
-0.023518061029335	0.411822025178198	17
-0.06885525382849	0.754935641238861	36
-0.123871525549429	0.631504766188349	36
0.049452418719698	0.995947347975546	36
0.09785828012531	0.456510998573434	261
0.053894489560031	0.571508190864583	261
-0.074602095312818	0.526948095332272	108
-0.014081752105374	0.667588606615769	22
-0.023463812846036	0.550548992939744	22
0.058537104582065	0.531559012135733	22
0.033291142800783	0.661772806229944	93
0.050552582328348	0.528913193286819	1879
-0.116809390049598	0.293721740896973	1879
-0.102653585574979	0.400872516953092	78
0.012829110730087	0.327325394797866	78
0.088357714565195	0.445414006066463	78
-0.016777626708981	0.429941920404657	78
0.100742530811417	0.427749874750519	605
-0.100332372735309	0.421969096405057	1023
-0.017993585327188	0.42342027922297	1866
0.097096543787062	0.462372894298554	78
0.052796832441889	0.571826014244951	78
-0.118507543729429	0.299304780944565	78
0.087596806534767	0.442961427764654	78
-0.118507543729429	0.299304780944565	78
0.00590343770948298	0.315498352689726	1267
0.00916415097372203	0.326595495683692	35
-0.08732506128232	0.509255606715166	275
0.103935145270442	1.91065337533321	938
-0.014231737351886	0.435984708576317	5
-0.053960259546617	1.17694755649335	5
0.096938234363846	0.462404479348132	146
0.00904413849756003	0.318298937795846	327
-0.106079035567903	0.620988915947447	189
-0.12164261310469	0.642901665023938	181
0.038007508218594	0.776093700957246	227
-0.11592202637562	0.728849848699047	17
0.027763227382173	1.18365883778289	49
0.093922524018092	0.450507601829713	17
0.00828029789720997	0.316734631740958	17
0.012103935148928	0.328952881693488	17
-0.10746523697278	0.907851495796815	1507
0.037550508499519	0.797858050691219	251
-0.092446724223091	0.41403874852568	261
-0.020417325033718	0.55075813223081	261
-0.0949622806864719	0.64248499566983	22
-0.017052645855162	0.426205631030346	22
0.076429236598787	0.793735585743684	22
0.092090373050592	0.432143009612625	1879
0.012829110730087	0.327325394797866	121
0.010569697495011	0.309216649006063	78
0.00987590698121499	0.323268666900645	78
0.014221211579021	0.320158289001501	2846
0.082638960051428	0.807169664183	275
0.084915620034282	1.13200298494058	275
0.036608326974372	1.43484712471403	938
0.011835913645907	1.5300877153844	938
0.027940315372885	1.14912217015577	5
0.076702657136116	1.10370820865841	5
-0.113655440483119	0.524671687594037	5
0.016655933160208	0.318484379312266	5
-0.058568860448685	0.746369438265063	189
0.030098706281009	0.772977673988005	189
-0.025766026249422	0.529961825017176	181
0.0442242927154231	0.79060453217864	125
0.036397332225104	0.682902276415903	125
0.106048742062306	0.699719366025374	227
0.034957056592721	1.06917688019769	17
0.0352400196180011	0.794878304967488	17
-0.00749554261249497	0.649383754147138	17
-0.0162799325419341	1.02518099302555	17
0.049933124438447	1.00776614393302	17
0.032640160320027	0.978357640724165	17
0.036942298844271	0.687857176900495	17
-0.023345204632061	0.419637340838754	17
-0.097073730715996	0.608035891658375	1507
-0.109279141041438	0.75822974187581	1507
-0.115911682677695	0.301219764446784	261
-0.096076779497048	0.417814127958968	108
0.097540870747914	0.44964077858242	22
0.098301708083516	0.447776090251373	1879
0.092849036769958	0.437629239246261	78
0.092287291796099	0.455556562215495	78
-0.000515779973490949	0.286247286207328	78
0.00843806909834699	0.325281331262212	121
0.011406221851062	0.327802172715368	605
0.00911879260806303	0.322164303162132	82
0.00916415097372203	0.326595495683692	78
0.00521173645908801	0.3212736028767	1267
0.082399294724452	1.52122824845321	33
0.115562627279098	1.13694794334017	938
-0.09507330852237	1.06409278197734	938
0.037091517510211	1.48171494540926	24
-0.0273375524902481	1.17169955061203	938
0.117093961281444	1.57730150362989	469
-0.027410230349461	1.18393311009426	938
0.105755566033197	1.63574580298574	469
-0.00681203108398998	1.11085968632724	469
-0.045774916098977	0.989672199120245	469
-0.065274165355701	1.01063320467475	469
-0.0689155747056111	1.00431027593078	5
-0.0827897806888051	0.538860087829694	327
0.077730392307397	0.865107588639345	2781
0.104616496964813	0.686541161375638	2781
0.030773775147626	0.687073650541611	189
0.038916375256724	0.878677260787003	189
-0.117800988368107	0.646574600098227	189
-0.098001346223644	0.390528218234472	1498
-0.096162320620806	0.411384548611818	189
0.0256687950546201	0.731972511430318	181
-0.082281775378337	0.50808840075079	125
-0.076343935318076	0.546196863997765	125
-0.114192302788181	0.52322984368127	789
-0.124974947373775	0.533404900239384	23
0.046001531068578	0.550640140026748	227
-0.118368385149524	0.295374465765642	23
-0.00610805770017997	0.965539533009006	23
-0.109528692257585	0.714699634971538	23
-0.018436629886134	0.554639789129222	17
0.121926925503052	0.941523284432744	17
0.036784251420505	0.8177079328752	17
0.118803469815771	0.908503209601659	17
0.05495485749194	0.987808685724394	49
-0.015273599914437	0.680137857628464	49
0.085215741297444	0.798736364638141	17
-0.09168040953193	0.403286185019251	17
0.039614207198845	0.791672173309	17
-0.00144755780844996	0.856089406296338	17
-0.09040611154442	0.647588881039239	17
-0.058661082647184	0.632635645226308	17
0.090513617039729	0.938607450734558	17
0.041051127709965	0.695067156512785	17
-0.0995098994695151	0.400801084617575	17
-0.078806561280335	0.533746736927675	1507
-0.023220651195844	0.562911416597512	251
0.087596806534767	0.442961427764654	251
-0.081383657184139	0.528903113929284	251
0.00845105661557999	0.326919841231667	251
0.088961921013316	0.446488261701271	22
0.015889869345312	0.318578414672583	22
-0.014056887024296	0.439262910715036	22
0.093049788733507	0.453597326703802	252
0.089119197570893	0.445107316479639	1879
-0.096860326003508	0.419275742294163	1104
-0.10009633627841	0.39745505134938	78
-0.123381252461113	0.292344338264707	121
0.011406221851062	0.327802172715368	605
-0.0899511282675261	1.41901801036564	275
-0.063309892579043	1.00095797253951	33
0.07258611089204	1.18512142282208	33
-0.06769931049037	1.00083573101768	33
-0.082715080058229	0.993250104525037	938
0.04549084828235	1.26853912100897	469
-0.04089605570073	0.716459471030105	189
0.047762494620488	0.551333199350042	189
-0.078335764015677	0.535648439479509	189
-0.031045683946795	0.497956447143007	189
-0.116743637456879	0.72831914777493	189
0.102974220881818	0.705809755945723	189
0.099444488614332	0.721349547265188	189
0.090643890711058	0.435924266278995	23
-0.010299699256056	0.432266277976494	227
-0.10749360250282	0.282294293303903	227
-0.103012402821658	0.397680795508688	23
0.121352724002646	1.41761659656694	23
-0.114022582352193	0.614551846498525	23
-0.120828353485546	0.622045462423104	23
-0.086165589764076	0.761032139322553	17
-0.101415496888834	0.718259031300694	17
0.0324172297305531	0.685941625882538	17
-0.057029298918951	0.647042400674938	17
0.078446493132127	1.02211723659133	49
0.045268894037463	0.90349477461514	17
-0.020170246118384	0.633612497956651	17
-0.086107616835755	0.632260900581229	17
-0.117984755207765	0.538232285825389	17
0.032928112250829	0.801033373974345	17
-0.014922089690911	0.663641365579289	17
0.102718355880188	0.706377709684732	251
-0.119223248961605	0.51777230729458	251
-0.117610445716483	0.291994010644282	22
-0.0933337872237719	0.409124956897844	22
0.00845105661557999	0.326919841231667	22
0.044959403839248	0.543311532522827	1104
-0.117888982633568	0.298230771809748	78
0.093161814663994	0.453679265021089	78
0.013525240790481	0.328465966413979	82
0.097538656696602	0.432008063516016	78
0.011273897273247	0.316307839562572	78
-0.119265018768808	0.298378667440295	78
-0.059484659615636	1.74440340109251	275
0.027292703987312	1.39938550257094	275
0.063445498130243	1.73836782871129	33
0.047168317294027	0.999261021644168	33
-0.114840434765286	0.736367511410279	937
-0.01523554656621	0.874214938614893	937
-0.107585899065552	1.20786871969899	24
-0.059720654142439	0.65991427177335	469
0.083445100213041	1.14097654699177	469
-0.112773449507618	1.19449603442022	469
-0.093440661669634	0.925592387919155	469
0.082203852228763	1.85981844737689	469
0.067060023563098	1.26631627442497	5
-0.107208763334146	0.815360350330785	2781
0.086150071187555	1.21349276010328	2781
-0.019319653276083	0.549604655335199	2781
-0.014298423181399	0.428786116680502	491
-0.0976431745266511	0.418321727191558	189
-0.013460374273492	0.411678576699848	189
0.107076300298322	0.708202286048395	189
-0.0993088385783279	0.420352325674081	189
-0.022402873053778	0.420165017832584	125
0.102700834673484	0.70702788371186	125
-0.056638634493267	0.655978189813069	125
-0.088714555107785	0.633710733520649	125
-0.117750032395489	0.298128631090027	23
0.047762494620488	0.551333199350042	17
-0.064970710488371	0.617331375996145	17
-0.097744278502587	0.406213488586904	17
-0.0920716123898641	0.382442936019617	17
-0.029880654438829	0.835149886365674	17
0.054250292559233	0.573407297911611	1507
0.010563717407334	0.319419567268249	251
-0.101116694148596	0.418332098462837	108
-0.118507543729429	0.299304780944565	93
0.089723239283155	0.446178315420123	93
-0.114059891336817	0.295353504482584	34
-0.117888982633568	0.298230771809748	82
0.092245686803608	0.449592524662001	78
-0.114536610980494	0.303993219626647	78
-0.101363989725636	0.391735188010433	78
-0.0276971901153	0.480397228312967	78
0.10659772812038	0.415990061861473	2846
-0.057811856553067	2.48300991870333	275
-0.0516796389045731	1.08303539749837	275
-0.054891060518921	1.08140639184464	33
-0.079964347817642	1.32811765625799	33
0.079019995286678	1.49897468812878	33
0.0918113048547901	1.48121881397699	937
-0.081186053933061	1.06921751835526	937
-0.049791869342826	1.14073901472333	938
0.028469727534372	1.31020544331346	469
0.017701288028495	1.00146885839541	469
0.00544957065879803	1.05546780260028	469
0.00821160144335897	0.935607331617085	469
-0.062262926835816	1.1517118824247	5
0.083880780175609	0.914046493169889	327
-0.0603279657521	0.652512686052364	2781
-0.058681644852056	0.66786342684473	795
-0.0144311096959741	0.674583261716939	189
-0.076941419199844	0.534417672372151	189
-0.068234071660092	0.738549640217081	189
0.075900216698093	0.79433847562312	189
-0.096273138294967	0.422204544711183	189
-0.115294236440396	0.30409465501509	189
0.080099214092013	0.917138179425314	189
0.037298697428213	0.814622596387075	337
0.056009085924848	0.901128374063306	125
-0.00746334501775603	0.65887033630046	23
-0.098723852996577	0.404484107358714	23
-0.123743396548923	0.515324631551035	23
0.081697983369963	1.00575128875543	23
-0.06059668260087	0.750225150433854	17
-0.038433220967701	0.74794746345195	17
0.00305528535335298	0.878601169754134	17
0.00586641116386699	0.752847216364847	17
-0.031781305159546	0.727995628483063	364
-0.020660119937661	0.657532527630115	251
-0.017135607214353	0.640149152837576	261
-0.096389203038625	0.419732920563444	108
-0.103240027081812	0.402299601518845	22
0.0105749834879521	0.324389193569135	22
-0.120170972376751	0.295346357516002	22
-0.12049235070679	0.289555085344066	22
0.00772310037311896	0.316787321618208	34
-0.114536610980494	0.303993219626647	929
0.100869487681943	0.451229665222883	78
-0.010879668959568	2.49977366344907	275
-0.096755489754624	1.13246895323243	275
0.0456624421544371	1.34193504010264	275
-0.074922543821868	1.36435782825601	275
-0.068795976787539	0.962611656243755	33
0.0490620907220371	1.52079130250653	937
0.105938075220875	1.6450236499436	937
0.010321300741994	1.29201851504924	938
-0.036668110785691	1.35390108731633	938
-0.080826347630836	1.34153006993107	938
-0.020435369529191	1.13586155160316	469
-0.080928745072559	1.15597869993837	938
0.01667459042813	0.995036999779958	469
0.010884321607866	1.1912268567086	469
-0.106933213603277	0.738023028640903	469
0.07022773534426	1.18822274142928	469
-0.095905415167196	0.880145493674459	469
0.0467557065476511	1.48963003798686	469
-0.124326800165878	0.947220124802709	469
-0.104545647626603	0.846706740605137	469
-0.042665888682219	1.39833283300241	5
-0.02529256179345	1.02363240855293	5
-0.085595775539745	0.742949321381847	327
0.035726806841389	1.09404671424569	2781
0.069899442132245	0.88284381810967	2781
0.043245376321805	0.687494330670122	2781
-0.0167941616642751	0.859231608825681	2781
-0.093565356691265	0.720655395874776	189
-0.035096087343588	0.77301516203486	125
0.038146390428034	0.799218830018197	23
-0.121578434740029	0.627290282387724	375
-0.098726915774126	0.629243607299214	17
-0.081801962496635	0.811771744576031	17
0.103830623769586	0.705316891574135	17
-0.026042585768302	0.534299610027638	17
0.081538779616607	0.9149266638425	17
0.034751666443127	0.783147425740685	17
-0.054879174288462	0.632046202503305	17
-0.116006260616619	0.620202542638942	17
-0.042667678592618	0.869052102887459	17
-0.097529336015654	0.638041737859809	17
-0.082448189785902	0.516608495300614	287
-0.106977053198016	0.390155568758245	287
-0.106977053198016	0.390155568758245	1507
-0.113919740428498	0.302875796311498	251
-0.024288914705256	0.543541893929282	251
0.083031162827946	0.812768714933773	261
-0.091386219372978	0.653634843053349	261
0.046872193160453	0.538852936016664	22
0.0121183413884211	0.329453468473609	22
-0.116992485615435	0.294661552287673	22
0.095417948162523	0.455739768989181	22
-0.117899019758142	0.295150653611686	22
0.095574788079457	0.463024390677815	22
0.0152791292141879	0.30840199370669	22
-0.00970707166197804	0.428900528590122	22
-0.019772716731399	0.420094421320297	1104
0.046940762981358	0.576601799778213	34
0.015200852946429	0.317524411186398	82
0.094368082928572	0.439692073715882	156
0.093005085710161	0.452102465745642	1746
-0.017202998873766	0.420557261263507	78
0.056615192711639	1.66714396549567	275
0.01367158573418	1.54880216704204	275
-0.10735579610058	1.12730718215818	275
0.114221590446256	1.24666954315733	937
-0.122757076957697	1.19595923094999	938
0.00882665678875805	0.895503348629658	469
-0.124232374571429	0.810168555207513	469
-0.092093887189699	0.741003200274337	469
-0.060409257456835	0.76044131045787	327
-0.091483726749805	0.414907252948526	189
-0.0213086742674951	0.557400207320001	189
0.0462899284414911	0.55435753544092	189
-0.013196456240598	0.426575715728252	337
0.102153452196967	0.710055857146388	125
-0.115911682677695	0.301219764446784	125
0.124132634758659	1.04203077853362	125
-0.123315752631061	0.635450023476356	125
-0.120272249281922	0.601917773547434	23
-0.018168714986004	0.540065836894452	375
0.081275708974468	0.796265505224731	17
-0.11544395948718	0.646535722768078	17
0.079597746546958	0.811861859380029	17
0.0528615585819751	0.569364557748047	17
0.075371041031744	0.789539509808555	17
-0.083371270354524	0.82970167879337	17
-0.098270652929647	0.830646188326375	17
-0.079374291932819	0.535060972918997	17
0.085497430295514	0.784009644337325	17
0.052435869157597	0.571750978178944	17
0.00845105661557999	0.326919841231667	17
-0.103755589367087	0.408571635229583	287
-0.020480778219937	0.550245729309648	287
-0.106749957123571	0.386861298458856	287
-0.116202707763384	0.288776956715679	1507
0.080664121802338	0.787179792367977	261
-0.118297074510902	0.64810342723963	261
0.100108057610625	0.451459236440165	108
0.045479953196777	0.556103396594281	22
0.00843806909834699	0.325281331262212	22
0.014273475647349	0.320565172994928	93
-0.013196456240598	0.426575715728252	78
0.092558352546154	0.44931894263855	929
-0.040554737324209	1.58135799231362	275
0.038071870433582	1.81162453599341	275
-0.0935419587931809	0.736250272353207	33
0.007876263071252	0.895016908209882	937
-0.068832429840468	0.943948945521449	937
-0.018423164186838	0.855722048331451	938
-0.012066494874838	0.658920324230072	469
-0.120279379709896	0.644181086407563	469
-0.122051177043793	0.807643103328598	469
0.086408122710424	1.0355667900342	469
-0.123897710084998	0.52909054025687	469
-0.080149193103272	1.35652760765234	5
-0.107144270781877	0.745060910231274	327
0.04170200439407	0.919742447981561	2781
0.039897504919579	0.706527635385557	2781
0.09148686079677	0.443712385618922	2781
-0.080539072861618	0.543670123744565	189
-0.065259334302842	0.916747691247526	189
0.099376138165614	0.4290487348404	189
0.01070834722861	0.31786546791292	189
-0.0161843489038011	0.435724646571288	189
-0.110564779424863	0.294416559205784	189
-0.113002983585046	0.826217814005032	23
-0.067963356981284	0.850437611258882	23
-0.115911682677695	0.301219764446784	23
0.10240926551125	0.703882471691121	170
-0.027424830546546	0.554517071507429	170
-0.021009806292377	0.632975467996335	17
-0.118895228270313	0.498668279488857	17
0.050463605523295	0.561804457801389	287
0.012132821358429	0.317460831977872	22
0.095732307356114	0.459844078730087	22
-0.025770130951275	0.559410948145369	22
0.097096543787062	0.462372894298554	891
0.00913934315425702	0.317100109493428	1104
0.011406221851062	0.327802172715368	34
0.034924000770565	0.625324465897507	34
0.094080672453583	0.43995375454468	78
-0.113637531320066	0.290997961078921	156
-0.0471167022182371	0.846097689736346	275
-0.095740577107117	0.733160544216509	937
-0.086148120800816	0.606150827181622	937
0.022022587023784	1.17036411040035	937
0.048634939888937	1.09131844714094	938
-0.073817630792505	0.970459777976882	938
0.069210010800198	1.37441838662531	938
0.118962076690431	1.06544768310812	469
0.112752209227208	1.16539420806755	469
-0.083816119920135	0.638829941204414	469
-0.014163037250473	0.649714423751702	469
0.02800799702137	1.09724421376002	146
0.117801922760596	1.36403069742314	146
-0.00434489007849803	0.407520183134504	2781
-0.021254119839364	0.558042683935655	189
-0.0983311505273891	0.406702830065065	189
-0.017202998873766	0.420557261263507	1498
-0.110091573358136	0.287962665269065	45
0.092287291796099	0.455556562215495	125
0.035207516862884	0.698112980945862	125
-0.076904948295377	0.702274353387506	170
-0.026612881528752	0.540323654455715	17
0.05482392533012	0.566214335355532	17
-0.010918316946438	0.881786336362679	17
0.0990981142767709	0.701411910812958	17
0.095451890622629	0.445094204828488	17
-0.114816699452179	0.292874576806633	17
0.080582265418427	1.03527042365634	17
-0.092909235931626	0.701047579272477	17
0.0202949655428401	0.874410572373243	17
-0.068609733979132	0.713291598455971	117
0.087982563950098	0.83401666585095	17
0.010816635892608	0.30622455053755	17
0.052790675980411	0.567843581630096	287
0.099627896840815	0.78645143991236	287
-0.025510185391852	0.517839192717922	287
0.093161814663994	0.453679265021089	287
-0.094705463406059	0.416675962495365	251
0.048771444392343	0.556157517481166	22
-0.0197633412751	0.425475766842301	108
-0.103167408331448	0.409669452345325	22
0.012829110730087	0.327325394797866	22
0.00666700204882897	0.312491331570377	22
0.014221211579021	0.320158289001501	891
0.094814767629628	0.457692403463595	34
-0.121727012139654	0.281922705625362	78
-0.013288481262688	0.436089978103716	695
0.015889869345312	0.318578414672583	35
-0.045109528834958	1.59834565366038	275
-0.069760323206545	1.81579764216331	275
0.015154209137296	0.852072527261293	937
-0.068752353492355	0.730261863904877	469
-0.042277782303218	0.703955213290437	469
-0.018258774099741	1.43594763296029	5
-0.104248190815895	0.960805353452712	5
0.112504378248324	1.24992766065203	327
-0.026231771030501	0.969427621964153	327
-0.121388183722514	0.287933051323459	125
0.010692757564806	0.320002026154066	125
-0.117423900010566	0.292342351653784	125
-0.093924299235469	0.761675218904266	23
-0.058291064440071	0.640503863339687	170
-0.02053852870759	0.416845094952145	170
0.051697510502457	0.556093636761761	170
-0.021633305836478	0.418813855860239	17
-0.103755589367087	0.408571635229583	17
0.00768396004022798	1.23737215133715	9
-0.087846100468474	0.635884376984397	17
0.112957203836879	1.14104724733332	17
0.083694799319135	1.22374257659533	117
0.12431535441072	0.882551104942354	17
0.00915170945552402	0.328075522385039	17
-0.118986921516746	0.286919501852084	17
0.0304851375817911	0.682476075328757	287
-0.0207305675763551	0.547163624635841	287
-0.121249207861184	0.29288073588439	287
0.00915170945552402	0.328075522385039	574
-0.120170972376751	0.295346357516002	108
0.095445667516956	0.431202992003472	22
0.00846412212396796	0.316701116016018	22
0.012829110730087	0.327325394797866	22
-0.113919740428498	0.302875796311498	891
-0.060124895984487	0.749089477716179	1104
0.012132821358429	0.317460831977872	78
0.093005085710161	0.452102465745642	78
-0.029408030770376	1.75598288738209	275
-0.087667224524751	1.97472126804741	275
0.0341242525625	0.806589353442863	275
0.076256421862306	0.958138416536772	275
-0.107467802016747	0.74291129558437	33
0.037437519739366	0.682713998151965	33
-0.062338930684016	0.844101565891392	937
-0.117032639722665	0.703718239735474	469
-0.087029787308584	0.514415389081529	469
-0.096374064469428	0.396517410995711	469
-0.011585198875353	0.881035483046037	146
0.095451890622629	0.445094204828488	469
-0.0243678955044671	0.543832161793333	469
-0.091931011055994	0.633642363588765	5
-0.091079133964992	0.6502973717327	146
0.00444822436740999	0.313196978201498	2781
0.00986401605334397	0.327745382331889	189
0.00985219756593203	0.319713495002548	189
0.00843806909834699	0.325281331262212	125
0.089147674808132	0.929142789164788	125
0.052850317377232	0.565920870911191	125
0.015074992071596	0.984654587588278	17
0.00521173645908801	0.3212736028767	17
-0.0219849273557921	0.655305117834303	17
0.037187167614813	1.16705509970573	9
-0.12173537601428	0.52993154128954	17
0.00984330292076396	1.14357971695673	17
0.014221211579021	0.320158289001501	17
-0.09398989783505	0.651322197484762	17
0.045541748249444	0.546992638140787	17
-0.122781456394153	0.279335586929718	17
-0.094705463406059	0.416675962495365	287
0.0121183413884211	0.329453468473609	574
0.043047087419723	0.921015597741341	251
0.012637751584462	0.892305343707769	251
0.00916415097372203	0.326595495683692	93
0.00388634378578101	0.304397083301853	679
-0.097206933803889	1.41272846028998	275
-0.048040136094022	1.54432692893255	275
-0.044622979952239	2.18437554778821	275
0.123000033857757	0.952354458224814	275
-0.114059891336817	0.295353504482584	937
-0.114073285779804	0.289483275860135	937
-0.023718716591409	0.541019742950499	937
-0.093476669133784	0.41293987019883	937
-0.0149984754885431	0.433411348793289	937
0.0998183390765069	0.419170583718232	469
0.036016407980521	0.701165448669319	146
-0.088587587924607	0.408260245605621	146
-0.016010684540201	0.432477340654132	469
-0.00739321544244298	0.762817391511972	469
-0.124822181476341	0.516598266889107	469
-0.121064685511527	0.535244196174538	45
-0.119265018768808	0.298378667440295	23
0.089565908417196	0.436441865427694	17
0.100108057610625	0.451459236440165	17
-0.017382444866839	0.872189976781681	17
0.09186607319291	1.11664691445234	17
-0.118646066209052	0.297313196368188	117
-0.0192051633646591	0.679262354297271	17
-0.017456535408143	0.433743034695064	17
-0.10749360250282	0.282294293303903	22
-0.016774102190092	0.550371294467631	22
0.016733682472815	0.311384468175324	22
-0.00392852055538095	0.761270549230637	78
-0.083569980547253	0.516017259100688	695
0.0327067278551459	0.678250419132504	35
0.092602469152992	0.418425443998784	35
-0.086157997547656	1.92923438714675	275
-0.099573434940511	2.12835477041178	275
0.099526544596758	2.1481067987383	275
-0.055318418918425	1.14529173690648	653
-0.01251927420645	0.429599034591892	937
-0.097677736688953	0.6379330855809	937
-0.102653585574979	0.400872516953092	146
-0.100874155437693	0.40282217549741	146
-0.097250940113941	0.417127027021194	146
-0.121109590462035	0.288825350020728	146
-0.106617184308384	0.378645972239114	146
-0.015867512593243	0.411604319774082	146
0.091700791941721	1.17613143854521	146
0.0985869052998341	0.43642614590006	327
-0.114059891336817	0.295353504482584	191
0.012815263476823	0.330614076431107	189
0.00835495080464499	0.324178134181371	189
0.017607589056114	0.952786503537671	189
0.00773662930927399	0.324144509539724	189
-0.114071197430662	0.27784666062719	45
-0.029495805491034	0.595262100217696	23
-0.123372387905084	0.728412003542084	23
0.00916415097372203	0.326595495683692	170
-0.118507543729429	0.299304780944565	17
-0.062309466788619	1.22501508604933	9
-0.0120789443224421	0.412451147113124	17
-0.100805794702255	0.605105830631813	17
-0.05061302778635	0.723187177612454	251
0.00759040343654904	0.322541715501254	129
-0.083422988996069	0.631118523759515	78
-0.036240896772186	2.17167743120534	275
-0.059752892805276	1.69641972077367	275
-0.084709408682615	1.60298245929988	146
-0.107616910515358	1.12683100621033	5
-0.097201255159878	0.419925816042646	191
0.088514936816628	0.433533304551937	189
-0.018820297998332	0.435756648121658	189
0.042420790401722	0.817437862154229	125
0.051481628559234	1.00743893886074	125
-0.122024416983465	0.277089454137194	23
-0.061771976834318	1.07085955289748	9
0.0244285702309151	0.965244697578852	117
0.0484617723724881	1.01169132814433	117
0.117608208095683	1.51987375329811	17
-0.039649400427253	0.982606780366514	17
-0.059018751764966	0.660182564449446	17
-0.05463668546942	0.842132405707598	36
0.0510456925901081	0.571362176901534	22
-0.095976194860552	0.382719215529099	1227
0.00916415097372203	0.326595495683692	1227
0.097540870747914	0.44964077858242	78
-0.031686050589264	1.02283902026961	146
0.01431722292093	0.896732384234021	146
0.00117225591931602	0.731739756821786	469
-0.0775112388659091	0.920741290554962	327
0.095417948162523	0.455739768989181	45
-0.014056887024296	0.439262910715036	45
-0.116051829750984	0.301420175985184	45
-0.09137552067674	0.40671952674828	125
0.00769950576165102	1.06408880874464	23
-0.090566109361214	1.03215057009867	23
-0.025508391072031	0.535226728026643	9
-0.022907306989799	0.549108558500399	9
-0.062007569398155	0.72041066248352	251
-0.08545278641796	0.401621839910574	246
0.013512025287703	0.322143500898539	87
-0.005435590007286	0.786991129430655	93
0.094463474224992	0.79155693089738	133
0.011406221851062	0.327802172715368	695
-0.096273138294967	0.422204544711183	477
0.020983477669433	1.23365343820258	33
-0.05756305971889	0.946224510188416	146
0.106107714966181	1.33568910644681	469
-0.094963045476762	1.07647061470823	5
0.028709521266991	1.13211683384999	5
0.036444651835693	0.813914696324024	191
-0.00692667018384996	0.671061223600397	189
0.092293800258636	0.80817937396439	189
0.020596840591887	0.942373794444103	189
0.05039070256013	0.866932804035811	45
-0.020660119937661	0.657532527630115	125
0.046939784150387	1.00938675121553	803
-0.087990778759154	0.615992920435165	9
0.102955804552577	0.704457277238294	9
-0.018004657750208	0.655994691659558	9
-0.020986978248996	0.553392932171284	9
0.099528548714498	1.44772449342193	17
-0.022025954873765	0.87946609865579	17
-0.077184251070637	0.5511698430901	251
-0.015417474803706	0.438337718361753	251
-0.038285222576294	0.762181682507108	251
-0.119311968806932	0.690038217408053	22
-0.015914649903232	0.424360271935605	22
-0.015867512593243	0.411604319774082	246
0.102992718138558	0.418303349322749	87
0.012952826929675	0.307380353527774	87
-0.097560857952629	0.401415785387208	93
-0.023477255197934	0.555556926101261	78
0.098902909147379	0.449048017168821	695
0.00376061237371195	0.314436135757955	156
-0.114536610980494	0.303993219626647	143
-0.1227628250998	0.293097721202786	477
0.098600581099891	0.722198322027349	35
-0.0557273563273431	0.635283218710699	189
-0.055031236717533	0.759685573740242	125
0.05344326335324	0.568450089437515	23
-0.015762189903053	0.656419433511092	803
-0.119369762209549	0.54038800183607	23
0.083257498979188	0.397792563870686	17
-0.117131863149381	0.297070487699706	17
-0.022577316050907	0.422977444788217	17
0.032742211725332	0.657908187816048	36
0.0823325544485311	0.805413380394937	22
0.034046172415001	0.803082505794103	87
-0.094118614522426	0.416143961753323	93
0.00916415097372203	0.326595495683692	78
0.094055318060811	0.444848601121705	695
-0.109807005411972	0.288096125878306	695
0.060537982292417	1.38229099172781	275
0.04668511196487	1.25119725676687	275
-0.083444110235062	2.01552473047368	33
-0.069845536877861	0.752232136459417	189
-0.012270458857665	0.686799733363522	45
-0.011335604327366	0.665878231137141	125
0.045275741601111	0.535230868997396	23
0.113166535921938	1.48559491250343	9
0.0924016795002121	0.45401840587187	17
0.098881286615459	0.722778558960517	87
-0.015242942794974	0.432208884941879	87
-0.122006032946107	0.294000432502212	93
-0.017052645855162	0.426205631030346	133
-0.117283094084173	0.295905464637686	78
0.012829110730087	0.327325394797866	78
-0.019352077692027	0.423368907722633	143
-0.01559129855291	0.436929068969342	35
-0.0672330796113489	1.39043460435354	275
0.032725131703749	1.06854312748943	146
-0.054392160276905	1.05538106809562	146
0.00331151211632796	0.803335275481843	170
-0.033226752220456	0.77931444897101	170
-0.112483841623623	0.825522487046341	9
-0.088201034232978	0.837404053481546	9
0.042807919515104	0.865111628069043	17
-0.028024752363403	0.972537952305902	17
-0.04491363348532	0.837356160535652	17
-0.097055928636709	0.421240281322587	251
-0.016528714712055	0.546252975724027	22
-0.072655873660832	0.53949068132474	87
-0.114676972694715	0.302973712143562	133
0.015889869345312	0.318578414672583	78
0.012103935148928	0.328952881693488	78
0.014511656741881	0.308469033794678	143
-0.117131863149381	0.297070487699706	477
-0.100276722934201	0.698470663766693	33
0.064070820985704	1.69234667822446	146
0.000975404321073015	0.796271353783717	146
-0.124713100579092	0.532993082566328	606
-0.111507867222451	0.965235450774336	606
-0.121943364981427	0.53595406756253	146
0.054635230919869	0.55272329020857	191
0.098600581099891	0.722198322027349	189
0.0963862484182591	0.689281166431937	45
-0.015663495407639	0.426775228324871	45
-0.077413833243648	0.529409055150747	23
-0.06536878670678	0.630656240849651	125
-0.121017706553835	0.636282436056144	23
0.048332536315467	0.574263090081561	170
-0.119553855006516	0.296107658365831	170
-0.096273138294967	0.422204544711183	170
-0.076733268662422	0.920687889531582	9
-0.017766839466945	1.17750415318041	9
-0.068909890978773	1.4961546571879	17
-0.091029262178236	0.746536991305399	36
0.08263150119492	0.895482719482595	17
0.012815263476823	0.330614076431107	22
0.053017444329671	0.570823622681652	93
-0.026531526663663	0.528315466327492	93
-0.118796963117834	0.298692462225041	695
-0.101322047973672	0.613720470483527	695
-0.018050491252491	0.435487749579658	35
-0.063587198012216	0.726519744894265	33
0.034974276016711	0.882203905250192	606
-0.111167967284305	0.823224242671441	606
0.019250955987736	0.968643880320312	606
0.039768784088635	0.806602855645457	154
-0.074488254066322	0.798537459578065	154
-0.105069416823666	0.981781466756867	327
-0.0952925343846029	0.413850962665634	45
0.037175858207993	0.901012012394011	170
-0.119679781635781	0.539067565446108	170
-0.013366737828569	0.678333697391986	9
-0.029026467664417	1.30973089358194	9
-0.052836706775065	0.943424749380945	17
-0.089756247791741	0.412941029246091	17
-0.115434173199174	0.300328537416938	251
0.095574788079457	0.463024390677815	251
0.082711795580746	0.833271857240383	251
-0.019854279339493	0.662381425309859	22
-0.117610445716483	0.291994010644282	22
-0.113919740428498	0.302875796311498	22
-0.014231737351886	0.435984708576317	22
-0.017819924663428	0.427631677898521	87
-0.111789282216706	0.285739375136854	93
0.091642117971121	0.451479966383651	93
0.02125932273284	0.293569707661482	132
0.092890938973974	0.456673250660486	143
-0.00953020391714299	0.426912715106179	35
-0.090288034789886	0.994107373738335	33
0.040476000057066	0.914712415003103	146
-0.00635125634418499	1.04381231752429	146
0.0346334871649679	0.637422884744587	189
-0.076291278528705	0.540519018164653	189
-0.023778888914865	0.547134952657971	125
-0.029618205329483	1.20599060329062	170
-0.082285905564329	0.837935550666599	9
-0.103154709172169	0.80628951331411	17
0.109534786244539	1.12854697058304	17
-0.118368385149524	0.295374465765642	251
-0.07964566044852	0.534152886818002	36
-0.079929367008341	0.535281608756953	22
0.00843806909834699	0.325281331262212	132
-0.059988523165901	1.28292802844646	33
-0.076537763881589	1.08673774952893	33
0.084399434873624	1.19869144514338	606
-0.080414854365081	1.19320531515338	154
0.033471625189978	1.8963896353652	154
0.106591336098548	0.70574439700502	45
0.014717254771164	0.910064827373277	45
-0.104581802601905	0.970089872296189	23
-0.016608670651438	0.424233338900129	170
-0.0983311505273891	0.406702830065065	170
-0.061371324661605	0.626333276045389	170
0.039184993031863	1.21862538304907	170
-0.014796060123183	0.666707427446246	170
-0.017059003286072	0.536929220458355	170
-0.122388394436143	0.614532772358621	9
-0.015013154937746	1.16948951678511	9
-0.00287565541203305	1.15633529300565	9
-0.078623915573322	0.532064436416467	17
0.090649426099409	1.13190392149581	17
0.042590820912494	0.800728615325346	251
0.0320387114313599	0.869619490712314	22
0.034737806161618	0.801930816929436	22
-0.116513877306215	0.289803300994561	2010
-0.110564779424863	0.294416559205784	87
-0.0220677533421561	0.398597612577564	87
-0.097838021741664	0.417671237237709	93
0.045504431190447	0.548459372032822	93
-0.114830306282018	0.290975720133278	93
0.010692757564806	0.320002026154066	2833
0.092558352546154	0.44931894263855	477
-0.055946562742403	1.32046720344983	33
-0.096392447387726	1.39400896159801	146
-0.111825343204784	0.860249211163137	606
0.031789804854131	0.857058800589584	146
0.03091460544548	1.15713948791485	154
0.017315666192815	1.07309333582766	154
-0.00375223924525703	0.404719500476857	327
-0.018711670764391	0.531074610859013	327
-0.092457221944141	0.64497485731504	45
0.106328953054776	0.705785892985689	125
0.053705172842519	0.96845109918729	2075
-0.102648733029104	0.736796159284923	23
0.100512654746129	0.708286920374859	170
-0.087029787308584	0.514415389081529	170
-0.110728257087903	0.745553563747307	9
0.0425524746263241	0.879866992353979	9
0.108576437822266	0.710330612052293	9
0.123834045193828	0.967216907808368	17
-0.028974521564484	0.757400481456133	17
0.123834045193828	0.967216907808368	17
-0.022382827535351	0.553723692414701	251
-0.060052110760274	0.747961334857481	36
-0.017400996335747	0.412028136144547	246
-0.014383255873752	0.408316250200408	87
-0.021448721761533	0.412263459494698	904
0.012829110730087	0.327325394797866	93
-0.116374708605358	0.293645133033559	93
-0.115294236440396	0.30409465501509	93
-0.117131863149381	0.297070487699706	265
0.00904413849756003	0.318298937795846	2833
-0.011243531277927	0.429322978620407	695
-0.117610445716483	0.291994010644282	156
0.00445852678768899	0.321554482797228	477
0.101332930071853	0.710896361882764	146
-0.014649801240545	0.438048639067437	189
0.012103935148928	0.328952881693488	170
-0.04055643669063	0.86732415402258	170
-0.119403113030434	0.294041585897601	9
0.120726487977419	1.17020709793417	17
-0.073946071663944	0.82371532294861	17
0.026804657577104	1.09789057724603	17
-0.111037997947323	0.741513739439191	36
-0.021808623405272	0.423881779865849	87
0.110520608741986	0.390098832250234	87
-0.018226272713292	0.434004798645676	93
-0.0976431745266511	0.418321727191558	392
0.00835495080464499	0.324178134181371	2833
0.093161814663994	0.453679265021089	2833
-0.018995207679034	0.431420011932322	2833
-0.034128090783922	0.510943072705736	2833
-0.119265018768808	0.298378667440295	156
0.093005085710161	0.452102465745642	376
0.093161814663994	0.453679265021089	143
-0.119265018768808	0.298378667440295	477
0.01003340360103	0.898639908477214	33
0.103830623769586	0.705316891574135	33
-0.020353424220951	0.671265194216148	146
-0.081988206751035	0.522953774684358	154
0.027954065968385	1.47723194886817	327
-0.119403113030434	0.294041585897601	45
-0.012429285890426	0.431543650696714	170
-0.019690770901461	0.870314810274072	170
0.105400144839189	0.421958244343444	9
-0.019458470277511	0.848753536930635	17
0.012508346627456	1.11601270025436	17
-0.037943712932258	0.734075912482468	17
0.00597600539507803	0.31809893525624	36
0.096938234363846	0.462404479348132	36
0.012103935148928	0.328952881693488	2010
-0.01994518935665	0.422232841761338	93
-0.013615949383707	0.412775598141162	143
0.00272296888748003	1.90843300554894	33
0.105776080636756	1.30982519633599	33
-0.036660219061681	0.83310173706452	146
0.072812967300384	0.772707634119861	606
-0.09865104567348	0.610383699076001	146
-0.039300324458559	1.07052345573777	154
-0.051611561374982	1.0803984796919	327
0.093049788733507	0.453597326703802	189
-0.124138405912682	0.289165062883328	45
-0.092657393380151	0.419859304341843	170
0.115779159050114	1.04697046317974	170
-0.117758126123628	0.527183057782776	9
-0.070715142893181	0.858477853278792	678
-0.017993585327188	0.42342027922297	678
0.012257078831163	1.32754302651814	9
0.087653991919177	0.94145819258553	17
-0.013978327243097	0.539647277697352	17
-0.00903110904051996	0.956683510045034	36
-0.084183307558332	0.527025731213945	36
-0.033494640211424	0.953575648714316	36
0.097255534681103	0.452127215607206	251
-0.021243054682882	0.552611078493722	36
0.109254431865225	1.11232794233272	36
0.115059059736684	1.05417597996934	36
0.051401461928727	0.575068948056998	22
-0.117750032395489	0.298128631090027	2010
-0.124895524330027	0.281580813593771	2010
-0.015663495407639	0.426775228324871	234
0.010563717407334	0.319419567268249	234
-0.085036819159066	0.516594823529124	87
0.012815263476823	0.330614076431107	87
-0.120631754085893	0.286890752661735	87
0.01512310217628	0.312393174603487	93
-0.025201885581126	0.401897562147147	93
0.109436144452218	0.679174130767671	265
-0.097055928636709	0.421240281322587	265
-0.00459697221816202	0.388442503343167	265
-0.074898489286975	0.541255248680636	2833
-0.04392050227037	0.760660634443503	477
-0.111858510280007	1.03080540114805	146
-0.116502182422429	1.10780024887315	154
-0.020116953896207	0.416999163287365	191
-0.00200654692397295	0.96183052206997	189
0.104036211293329	0.434784615414139	45
-0.024859306685006	0.542046330379567	45
0.00985219756593203	0.319713495002548	170
-0.119884155669686	0.29560603021401	170
0.029937202374835	0.677534556147757	170
-0.105712947020366	1.41145776467756	17
0.02142617863601	1.22731657857014	17
0.042900866137154	0.668241087860536	36
0.014161661369232	0.881661510810873	36
-0.018586401611797	0.426734652635088	251
0.098460807701291	0.454586639495398	2010
-0.018586401611797	0.426734652635088	2010
-0.100920584923887	0.42081036729442	93
-0.10779046603005	0.388425215633354	392
0.016733682472815	0.311384468175324	265
0.013743482388372	0.302762728821751	265
-0.117750032395489	0.298128631090027	143
0.087441008304361	0.438271231575728	143
0.00759040343654904	0.322541715501254	35
-0.118222362135779	2.22287361472822	33
-0.093924711783862	2.30477821295695	33
0.025936264909589	1.60599713040126	146
-0.06968531964069	0.994859938955159	606
-0.0618450100932491	0.766574759066995	154
0.00915170945552402	0.328075522385039	525
-0.080767968779909	0.530518065089624	1908
-0.077076315630481	0.930496756114972	9
0.119626251025089	1.47298152065171	9
0.00955735128010304	0.894090309038299	17
-0.091314297085404	0.729978516661733	17
-0.028838937343533	0.544460270064846	1326
-0.01994518935665	0.422232841761338	87
-0.11237713520888	0.273847514476105	87
-0.09026210279325	0.656399598441605	93
-0.117270605356899	0.290868955563158	265
-0.104540071368905	0.406717328514198	265
0.00843806909834699	0.325281331262212	265
-0.116992485615435	0.294661552287673	80
-0.1047482978597	1.9401770589007	33
-0.011068395985642	0.434096005296691	33
-0.066058124382007	0.606029895497914	33
-0.050514130565863	1.24481597968269	33
0.0121183413884211	0.329453468473609	146
-0.118646066209052	0.297313196368188	606
-0.065723281024472	0.627752884737075	606
-0.070829328207906	0.596744293220961	606
-0.015455269723733	0.657894453462016	154
-0.098012843793485	0.417264791509443	154
-0.065685795821217	1.02382013837471	327
-0.113919740428498	0.302875796311498	327
-0.023587212475882	0.409215510105122	1908
0.00690032882809499	0.315423600255365	45
0.00985219756593203	0.319713495002548	2383
-0.118783954043212	0.286931676780627	170
0.104196865106734	0.43409432407506	170
-0.016774102190092	0.550371294467631	9
0.0485910768246191	0.981557848660118	167
-0.012772575713777	1.27721039662529	17
-0.118917674544938	1.1293306327427	17
-0.0161843489038011	0.435724646571288	720
0.054197339330319	0.518078680225078	36
0.00916415097372203	0.326595495683692	93
0.049786228744537	0.572682664348742	134
0.00773662930927399	0.324144509539724	1009
0.109086513960148	1.12394410239925	35
-0.027546961239681	1.83402694867987	33
-0.024996694775252	1.20736726890016	33
-0.0248623088590459	0.769562734024948	33
0.0952929692332281	0.442378881212071	606
-0.122922316142302	0.284330985242809	154
0.092129180350695	0.455295011001741	154
-0.087941794742629	1.43439956392704	154
-0.061038577082529	0.634904509788548	146
0.00913934315425702	0.317100109493428	327
0.028269690232167	0.670029914644192	23
0.015167245529679	0.873461715961031	23
0.098612840245663	0.426981210954243	170
0.00916415097372203	0.326595495683692	167
0.00915170945552402	0.328075522385039	167
0.055586146953665	1.36391693106416	9
-0.101116694148596	0.418332098462837	17
0.00980727279114202	0.316396360839034	17
0.00702087444475896	0.315712964616297	36
0.0105749834879521	0.324389193569135	1009
-0.022393652772433	0.5657336160891	33
-0.029917061928551	0.526199542154348	33
-0.117423900010566	0.292342351653784	606
-0.017659719970936	0.655143745656041	146
-0.095565529659496	1.18601728313291	538
-0.064115399565101	1.14236936799394	23
-0.114395612864005	0.298380555355534	167
-0.122006032946107	0.294000432502212	167
0.030469275931055	0.648173165521583	17
-0.081423222212524	0.535481040598696	17
-0.111232405603542	1.44049538189919	17
-0.024281408613504	1.65648438081129	17
0.110525034644313	1.71603851786182	17
0.012815263476823	0.330614076431107	331
0.092732774107206	0.444779998550083	17
-0.06921657418049	0.759912758464561	134
-0.058681644852056	0.66786342684473	143
-0.00977131624038396	0.740921115189511	33
-0.054451372704967	0.735665423995192	33
0.046018053225821	0.797026910477866	146
-0.072956780395134	0.493295209772529	1365
-0.0985277996610689	0.408448081206267	1365
-0.022068529983769	0.551703603006202	606
-0.046184048700596	0.946635366620026	154
-0.079748115490371	1.67773449181769	146
-0.122922316142302	0.284330985242809	327
-0.122922316142302	0.284330985242809	191
-0.063216296511315	0.651247701632165	533
-0.0148244924635	0.439555632965869	45
0.00986401605334397	0.327745382331889	45
0.095732307356114	0.459844078730087	167
-0.091150848722528	0.408844958098262	167
-0.056830897571852	1.02160128535154	9
-0.0976431745266511	0.418321727191558	17
0.0392224023889261	0.677115761176759	17
0.00985219756593203	0.319713495002548	720
0.0520548898997401	0.559863831017078	87
0.012815263476823	0.330614076431107	93
-0.120631754085893	0.286890752661735	265
-0.094810698538638	0.414663522950195	265
0.074325807973445	0.777470593774369	265
-0.0210391257061	0.422493525609037	265
-0.019414551322217	0.431803638077879	35
0.098371838497095	2.41379211699214	33
0.112957203836879	1.14104724733332	33
0.036444651835693	0.813914696324024	33
0.088076998262414	0.432523929417512	146
0.016733682472815	0.311384468175324	606
0.093653270639297	0.454702105336875	154
0.046696721441905	0.685152020658041	154
-0.120245309057185	1.0280984244322	327
0.033355444442443	1.25636267571836	538
0.012089602657137	0.313251917821912	327
-0.119884155669686	0.29560603021401	327
0.01512310217628	0.312393174603487	45
-0.113021267082041	0.293610103128025	45
-0.103755589367087	0.408571635229583	45
0.065513009748746	1.10818833870608	170
-0.09207044915592	0.419313887395787	167
-0.029612587393959	1.08208518507338	17
0.01512310217628	0.312393174603487	1415
0.00915170945552402	0.328075522385039	234
0.010692757564806	0.320002026154066	93
-0.020704701338243	0.624491212959225	93
-0.061841248564895	0.655221838206765	3
-0.020183624997426	0.429242446394665	143
-0.07558694976321	0.718368600252585	33
-0.061643106569789	0.89387188630084	33
0.040485190485943	0.686394106305376	606
-0.00988323132651103	0.418978049351635	606
-0.113308322330802	0.885585799317108	154
-0.088804293291309	0.751473925141694	45
0.011406221851062	0.327802172715368	45
-0.09931061910511	0.408669499064004	45
0.089723239283155	0.446178315420123	45
-0.117270605356899	0.290868955563158	840
0.086740516314702	1.10766415834261	170
-0.115576350884223	0.516246749480272	170
0.034088096359552	0.696397324249962	970
0.00772310037311896	0.316787321618208	167
-0.122624064829677	0.293244123835198	9
0.101332930071853	0.710896361882764	9
-0.066506481191331	0.516882621444327	248
0.100996209072679	1.29800398382795	36
0.036302355587096	0.707861446367511	331
0.0982528424011631	0.700278346073094	36
0.055057768079645	0.574643989316158	36
0.01581264114456	0.305179243590976	143
0.00521173645908801	0.3212736028767	143
0.086743761493821	0.79090806899702	606
0.029367827212103	0.65709888413004	327
-0.0885226265799131	0.658120261339186	45
0.099692626457944	0.702054512330495	45
0.028004598785869	0.666148055777702	840
0.034485452197788	0.802876491937168	45
-0.114687892667772	0.288768906905653	23
-0.075492828241925	0.543215143515141	170
-0.092657393380151	0.419859304341843	170
0.085611567491844	0.828149866265682	970
0.093765058072663	0.451770895521546	9
-0.0885395277409829	0.756687513722767	9
-0.03694129073848	0.769855498842141	9
0.095451890622629	0.445094204828488	17
0.089565908417196	0.436441865427694	17
0.107452661670128	0.701035750951109	331
0.114334048716563	1.01037346761136	36
0.046573512081357	0.553268727259798	36
0.095574788079457	0.463024390677815	36
-0.021808623405272	0.423881779865849	36
0.0994382988013039	0.688356671438478	36
-0.083670754335896	0.526030388812054	1570
0.012103935148928	0.328952881693488	1415
-0.018309116210685	0.411651403852549	1415
0.012815263476823	0.330614076431107	87
-0.102772795633516	0.401027284461015	93
-0.1227628250998	0.293097721202786	1248
0.00444822436740999	0.313196978201498	265
0.012815263476823	0.330614076431107	265
0.017325485925185	1.4711808967174	1859
-0.096224150875475	0.608619941001792	538
-0.064531529536207	0.647646268685394	45
-0.036956469651495	0.751880472322857	45
-0.066802927327709	0.728111665805793	840
-0.023496317207696	1.21390937587104	45
0.114794898469282	1.16361275647949	170
0.097498909781782	0.679761345995693	99
-0.038386726085329	0.902877382710989	170
-0.109999977132705	1.0435275860319	36
-0.116272191156846	0.721769764930265	36
-0.122046820902052	0.526286391076107	36
-0.079942978186718	0.514505696257405	1415
-0.082254543654009	0.524364438828637	234
-0.081892473599669	0.519623231518211	87
0.095417948162523	0.455739768989181	265
0.092884013692365	0.678071771729329	1248
-0.115445312166422	0.290252152225237	265
-0.107350042010714	0.283221280435938	265
-0.0163573062655979	0.43085791995166	143
0.112015179510919	1.96550944452858	33
-0.059470233020631	0.746158160904653	327
-0.096761883637129	0.395270086529471	538
0.101588358844241	0.708100829093638	45
0.116931727792639	0.910820302905979	45
0.096938234363846	0.462404479348132	170
-0.081665049149461	0.548811977268762	99
-0.094045052287817	0.611902418687695	9
0.01916438787853	0.880034980180204	36
-0.122379646015019	0.636835284502111	36
-0.00169671459586096	0.774310351437318	36
0.10267230040217	0.434321043507877	36
-0.123494488399284	0.621782502005551	36
-0.022697098311554	0.535944222717151	87
-0.100092737481301	0.406854448685914	87
-0.117757354064396	0.281148739877726	87
-0.017202998873766	0.420557261263507	318
-0.122006032946107	0.294000432502212	265
0.094971552176449	0.458459321384301	265
-0.119126288749928	0.296516609404569	201
0.044488997395061	1.22220224453658	33
0.0767404556301931	1.54475420727747	33
-0.073652995689497	0.987296712872913	154
-0.094456652418847	0.732630145268281	327
0.028727015629392	0.995578488327493	1011
0.103283070016169	0.696056729792891	1011
-0.015988608010484	0.648004576029975	538
-0.096563610168897	0.606824127388976	327
-0.090824534754074	0.637556560805087	45
0.00620238423570596	0.897281231368702	45
-0.105991297381365	0.799328475142622	45
0.0468537589374261	1.44119994301143	170
0.017597441421949	0.953668219920948	9
0.0393768661238419	1.03598174506726	36
0.088235671193043	0.425724761399772	1590
-0.032516430833362	0.966772743249502	265
-0.016877403500247	0.421249505873569	265
0.092245686803608	0.449592524662001	265
0.013525240790481	0.328465966413979	265
0.117348003210818	0.873725403027467	265
0.084095217416615	0.84137340653044	265
-0.094223415848487	0.417496997180507	3
0.00845105661557999	0.326919841231667	3
-0.104343993553757	0.403380581791688	3
0.0924016795002121	0.45401840587187	3
-0.120022456668657	0.295071200113915	143
-0.010402537297728	0.522744605308775	101
-0.114536610980494	0.303993219626647	201
-0.089882470410387	0.405996999047511	94
-0.0207305675763551	0.547163624635841	45
-0.109949607124331	0.293420069610486	45
-0.00857313031236795	0.960214183238321	170
-0.060650146273153	0.661622567875999	170
-0.085168379668502	1.06845411001894	170
-0.019431051652537	1.16420293141191	9
-0.081093674614049	0.537951632462037	17
0.05202486853763	1.26045348206557	36
-0.0353846953206181	1.02164249771331	36
0.062570432811652	1.19544234847395	36
-0.115348490679842	0.51604818340862	234
-0.1020673605555	0.391663812208714	265
-0.014475344435825	0.428903000359613	265
-0.113778954237744	0.301173135071298	265
0.090764017055965	0.449052635811849	265
0.087596806534767	0.442961427764654	143
-0.116051829750984	0.301420175985184	143
-0.118646066209052	0.297313196368188	143
0.015200852946429	0.317524411186398	101
0.10090444089596	0.417805626446213	101
0.0121183413884211	0.329453468473609	101
-0.0891216904100151	1.48195233597241	33
0.022048857971993	1.6746599761629	33
0.026086047280213	1.25832182989153	33
-0.068387461061482	1.80261927694922	33
-0.0747173874291081	1.57398343047547	33
-0.120048995595554	1.48272945586395	606
0.024104543910864	1.25260057358196	327
0.00706742890391898	0.795575027126556	327
-0.099535366134603	0.422975361103123	327
-0.120114652992235	0.968253786819221	45
-0.055872585071902	1.00088273194768	9
0.074642717557984	0.894975566082396	9
-0.00480578191869496	0.658370015223559	36
-0.030613595515797	1.02527449469376	36
0.073789693665452	0.891317759031171	331
-0.064194695915858	0.765798340662564	610
0.013306338599463	0.876622724691839	36
-0.054266823449733	0.946959612697309	36
0.086275587270701	0.891659091666623	1415
-0.114192302788181	0.52322984368127	87
0.000310678488874006	0.862228643389562	265
-0.0746135451047441	0.539664193641487	265
-0.117750032395489	0.298128631090027	143
0.012829110730087	0.327325394797866	143
-0.02656811445114	0.400181291694155	143
-0.04492964611772	1.42175320123885	33
-0.082011440955983	1.60671663992272	33
-0.099117074019377	0.625876492631046	327
-0.093229907577634	0.639052907201932	146
-0.095339552637367	0.915267608269394	45
-0.0962355749120271	0.83480082166776	29
-0.054176856813225	0.949588397252898	45
-0.00817252489216702	0.975890516937005	170
-0.108377432519061	0.385257357150103	170
-0.114687892667772	0.288768906905653	170
0.083693541358877	0.94176622760069	170
0.068078186472572	1.61244555583153	9
-0.123750431359334	1.11816869645344	17
-0.119531052274339	0.515231861044814	2599
-0.102579450286072	0.40656995862107	331
-0.113141400558656	0.920100919503904	331
-0.058092589791136	0.642953095856424	610
0.011117834336328	0.830010479801351	610
-0.096273138294967	0.422204544711183	36
0.055457533122997	0.878978088486444	234
0.039938016287197	0.682255675514555	87
-0.119092380638365	0.521950435632559	87
-0.014081752105374	0.667588606615769	707
-0.097941091615433	0.404278947947079	265
-0.120022456668657	0.295071200113915	343
0.00445852678768899	0.321554482797228	1759
-0.101008611532519	0.404167532789802	143
-0.114536610980494	0.303993219626647	143
-0.12139977609247	0.284641712401693	143
0.0105749834879521	0.324389193569135	143
0.052504797478918	0.560812621025979	101
0.051272572028682	1.42935003847632	1859
-0.024303608321957	0.544778457837237	327
-0.084288810340083	1.07209219621036	45
-0.0365202322077141	0.75163181208268	170
0.092245686803608	0.449592524662001	170
0.071339860855665	0.960032853645248	170
-0.034308647053238	1.35516263939051	9
0.0360734072910131	0.891144033194448	9
0.099676835898011	0.685182557587433	1787
0.059438104756797	1.01591689066235	1415
0.0113462053865	0.88287647107498	234
-0.0185424512258709	0.642198134191245	234
-0.00593826572825695	0.779797423322723	234
0.114925755833153	1.04842674905354	234
0.082117276805409	0.828389773816683	87
0.036784251420505	0.8177079328752	87
0.037156735698241	0.682351425717312	87
0.078740184613042	0.811161770854689	318
0.10405181807302	0.684728706384441	265
0.090883129520316	0.445529571041891	265
0.095701281305433	0.69431370120545	265
-0.115294236440396	0.30409465501509	3
-0.120022456668657	0.295071200113915	3
0.091683426109482	0.443354606144285	3
0.00911879260806303	0.322164303162132	143
-0.01251927420645	0.429599034591892	143
-0.119265018768808	0.298378667440295	1670
-0.118368385149524	0.295374465765642	143
-0.112696390959472	0.291827881259587	143
0.00916415097372203	0.326595495683692	101
0.00917666770969905	0.31365265356329	201
0.085677913178783	0.424339693201862	201
0.0307734003579599	1.85268061213435	33
-0.012499143498275	1.94402578099715	33
-0.0649256337954101	1.56916211900925	1859
0.085970293097001	1.55266804839826	1859
-0.120698212093617	0.705243634760155	327
0.022764885545747	1.17266442036861	146
0.037137169752043	0.690633464898826	94
-0.012848587973565	0.524206167572468	94
-0.118936919270951	0.289961376963894	94
-0.0743865454807781	0.550535952824382	94
0.081397415781751	0.913651538050055	94
-0.119382094770832	0.705442776215066	45
0.113498981350716	1.24494279521232	45
-0.089670889403369	0.754223167381996	696
-0.110349882175625	0.746302291635887	45
0.108558293401151	1.20422266630588	170
-0.053542200022248	0.658535946075942	170
0.03400570867979	0.867709439720028	170
-0.07984452002011	0.953135641280802	9
-0.00727347092391595	0.674579441825	36
-0.077737997111249	0.549598166911435	36
-0.073220876767136	0.534795510008843	36
-0.017456535408143	0.433743034695064	87
0.078213936887473	0.815728040929749	87
-0.094705463406059	0.416675962495365	265
-0.021546517374704	0.411358636052285	265
-0.0608916373790111	0.623061758708393	265
-0.123381252461113	0.292344338264707	265
-0.013881327241608	0.434896126387225	265
0.044966021148873	0.561063269327362	265
0.109155375426017	0.6926443251863	143
0.100267185952416	0.453103057369964	143
0.09649363467756	0.457838794467596	288
0.0105749834879521	0.324389193569135	101
0.012801487163888	0.320585170638168	101
0.020603332716746	0.881319035153414	327
-0.0161843489038011	0.435724646571288	94
0.087157222002052	0.410911000028174	94
0.11616306212257	1.39777666822897	29
-0.104808435170142	0.895342961703482	696
-0.0993088385783279	0.420352325674081	2327
0.052796832441889	0.571826014244951	2327
-0.095686172794907	0.421640120205703	170
-0.019023841668765	0.559200004636986	170
-0.023894387334685	0.642236351979073	170
-0.00766937824178304	0.866819093721028	170
0.082640025404471	1.14272551096605	228
-0.116401286075293	1.01676055854706	970
-0.11426878110567	1.17774369856169	248
-0.015417474803706	0.438337718361753	492
0.0507836502026881	1.26694641238713	610
0.052796832441889	0.571826014244951	1787
-0.068045843080445	0.84036695003067	36
-0.019831321604171	0.554628685359135	1415
0.046584602630443	0.56974532639825	265
-0.015635830308818	0.549302060913318	265
0.102012148114926	0.697832904157825	265
0.000108059498875046	0.79551701144369	265
-0.01559129855291	0.436929068969342	143
0.090883129520316	0.445529571041891	2015
0.093765058072663	0.451770895521546	1443
0.093922524018092	0.450507601829713	201
0.018365469339532	2.41295454657898	33
-0.00136955347724999	1.0287478523671	146
0.035328306156019	0.764326635180411	94
-0.026432442258011	0.963045850089016	1078
0.0434756076148231	0.925672474229601	45
0.071482422626485	1.08696478279517	45
-0.060791632307395	0.860166553607302	45
-0.040675919175832	0.837714852795725	2327
-0.078388886117586	1.05000151570806	170
-0.030448650975223	0.756710340836919	228
-0.116718422853915	0.899961846060536	9
-0.123777940334408	0.890502200833958	9
-0.034317170462511	1.48351264328435	17
0.018111674522581	1.0790178845346	17
0.04536540643483	0.891190532448167	492
-0.017172653376907	1.28769824512964	2599
0.049282283475026	1.12818001674934	610
-0.044778255538407	0.756206114340011	36
-0.114492598093539	0.63372503016331	36
0.034737806161618	0.801930816929436	36
-0.0347413498936761	0.491953582081307	36
0.099395166249493	0.685348736198715	234
0.0355269171268791	0.772460624766907	87
-0.067652459393913	0.747416719705523	316
-0.018759193545646	0.420122153127544	3
0.014221211579021	0.320158289001501	143
0.00445852678768899	0.321554482797228	201
0.012815263476823	0.330614076431107	201
-0.119565910204517	1.26397703656091	33
-0.0597038462831621	1.54365030937654	146
0.028523944051979	0.738072995555121	1859
-0.054515830303647	0.944029847592173	146
-0.057133516463191	0.939535204278875	1078
0.000728439557411975	1.00131966577373	1078
0.055475728876751	1.02623112917202	1078
-0.10922471827366	0.718292712740079	1078
0.046488299516309	0.895064880452815	9
0.108649021909049	1.28997420877853	9
-0.012689981610402	0.415207748188302	248
-0.049927270054982	0.666663804721089	2599
0.015049062626548	0.897782472535883	1415
-0.026021529697229	0.53563033918648	87
-0.078596110126876	0.537478788759187	265
0.118082749964987	0.914960299019299	265
0.045556332706185	0.540753576650852	265
0.036057302283567	0.685394961939731	265
0.098141721379521	0.445246490423665	3
0.094416175881457	0.449068053251069	418
0.00444822436740999	0.313196978201498	143
-0.117888982633568	0.298230771809748	201
0.019555084804681	1.89814317054158	1859
-0.070425196375376	0.535375943497645	29
0.12338112567795	1.43256171129777	36
0.100512654746129	0.708286920374859	1415
-0.083898022570175	0.518067104274842	265
-0.115939484522408	0.644734159049679	265
-0.114536610980494	0.303993219626647	265
0.092558352546154	0.44931894263855	265
0.088201177537575	0.444024897149273	418
0.091683426109482	0.443354606144285	418
-0.019936669607004	0.403220089757627	201
-0.014632130732989	0.976611717142463	33
-0.0126958623961529	0.432612975633488	29
-0.026036157498351	0.379341547692334	29
0.00986401605334397	0.327745382331889	228
0.00451985296836199	0.314187545812661	228
0.00835495080464499	0.324178134181371	9
-0.015417474803706	0.438337718361753	9
-0.00970707166197804	0.428900528590122	9
-0.019512745648139	0.676551180879356	248
-0.0976431745266511	0.418321727191558	36
0.00846412212396796	0.316701116016018	36
-0.119265018768808	0.298378667440295	36
0.0388571977533641	1.09845129619671	265
-0.118936919270951	0.289961376963894	3
-0.013288481262688	0.436089978103716	3
-0.068748054190318	0.75172594739357	3
-0.113778954237744	0.301173135071298	3
-0.044618243208379	1.03044612716936	201
0.098561423711484	0.692829894682869	538
-0.01663170847791	0.658813687070983	1078
0.094368082928572	0.439692073715882	29
-0.099894685352052	0.414843404575573	29
-0.00962290804647703	0.407915727209479	29
-0.1113225272926	0.295975971205177	29
0.092028348136606	1.04226517215409	29
-0.122789826585756	0.533710579347083	45
-0.118796963117834	0.298692462225041	228
0.00773662930927399	0.324144509539724	228
-0.073631224274799	0.735857976523784	9
0.040114872987105	0.81775630169866	9
-0.055854339269263	0.66708557838553	248
-0.110205625420277	0.830325567013257	36
-0.113303051847015	0.295278698353028	87
-0.099701882574006	0.406219279733018	87
-0.115153663606376	0.301127275964184	87
0.03345627026903	0.647949862214818	354
0.011273897273247	0.316307839562572	3
0.117725192122137	0.920057947055447	3
-0.123616942471567	0.617112674261527	3
-0.021566401555161	0.565224492445068	3
0.053668673619619	0.574347626085986	3
-0.121388183722514	0.287933051323459	2015
0.103246423593912	1.31059156613043	29
-0.092897089551727	0.836446228775402	29
0.051759654970702	0.556104235899529	29
-0.019352077692027	0.423368907722633	29
0.053668673619619	0.574347626085986	29
-0.0989236788930991	0.399406594241707	29
-0.105277936380468	0.698213989151717	45
0.102490890714814	0.691999280936096	228
-0.118421391069244	0.641925812520696	9
0.044910081595144	0.670782750426009	9
-0.010650994383832	0.417695117457693	9
0.107370960165399	0.713317379842019	9
-0.0137897423342001	0.421137623214643	689
0.100869487681943	0.451229665222883	1415
0.098301708083516	0.447776090251373	87
-0.072718668952176	0.536152747448957	354
0.012103935148928	0.328952881693488	265
0.00917666770969905	0.31365265356329	3
-0.014056887024296	0.439262910715036	543
0.00845105661557999	0.326919841231667	2015
-0.113322399297547	0.744354230011346	1411
0.120802525294189	1.03336219387094	201
0.097586035638415	1.95880914517135	29
-0.026735021051532	0.856017209105266	29
-0.063061656282678	0.927744017062316	29
-0.0130162409994899	0.667199822696948	794
0.082995910362814	1.14059223440314	29
-0.070327736175607	0.751979827288145	29
-0.122011509036991	0.642785682752901	29
0.0945313653387631	0.431419882953038	29
-0.077981042567516	0.533251123533542	170
-0.10689357252381	0.873674468556981	2006
-0.0827897806888051	0.538860087829694	36
-0.120958132116339	0.87817952290296	1100
0.045647832265257	1.00999043969109	610
0.093551338568978	1.16104946677547	610
0.00445852678768899	0.321554482797228	36
-0.12128258829887	0.507950532198265	36
0.080220338530578	1.04203313938305	87
0.01735732591893	0.88660383060038	87
-0.020986978248996	0.553392932171284	87
-0.113919740428498	0.302875796311498	354
0.053826112037629	0.56379280563685	778
-0.019831321604171	0.554628685359135	3
0.00915170945552402	0.328075522385039	53
-0.02062080859654	0.412012696177232	3
-0.102184511285099	0.406117805796473	543
-0.018412900375842	0.426474987777184	543
0.09785828012531	0.456510998573434	52
0.00916415097372203	0.326595495683692	52
-0.015583207944591	0.686836751851402	29
0.012103935148928	0.328952881693488	45
0.102112710052656	1.21460704136076	45
0.0279003499092561	1.29791913565259	29
-0.092266968413007	0.415119204935034	29
-0.098603731289404	0.901856875942458	23
-0.076630673624745	0.548403111784581	690
0.051814259381599	0.909442868676275	170
-0.060390472125329	0.934547830107108	1409
-0.038922605434326	1.2092291101894	9
0.016578706012238	0.31097727890773	492
-0.037696521115924	0.733696747609922	1100
-0.00143644890252503	0.974501496238878	610
0.079154770228408	1.10689021012374	87
-0.092292346079585	0.590446233856319	87
0.075765366021905	1.01105641807953	87
0.080135406248748	0.78512997536578	87
0.047381249071462	0.554098701820098	354
0.00772310037311896	0.316787321618208	354
-0.123242279477265	0.286028798780345	354
-0.01957565316973	0.555760742691872	778
-0.028582106869844	0.540239516872818	778
-0.024625117659871	0.536687338214084	778
0.100869610993203	0.727044273938047	265
0.084744533439881	0.920128813558774	3
-0.022068529983769	0.551703603006202	3
0.00915170945552402	0.328075522385039	3
-0.113021267082041	0.293610103128025	3
0.095611496079621	0.433501709965447	2015
0.089881256102803	0.442083460007755	2015
0.083690618686768	1.62480455951203	33
-0.014660105121291	1.25270139276817	29
0.033561165232936	0.673411424117318	45
0.054760117739996	1.34776986554152	29
-0.124174491432378	0.532737467565535	696
0.00843806909834699	0.325281331262212	170
0.00450061581252403	0.964709887905947	228
-0.123085478090627	1.23496748134647	9
-0.0950426471667321	0.710855507073823	1150
0.012089602657137	0.313251917821912	140
-0.022606585709398	0.657530924457136	36
-0.102535936587769	1.11213497138223	36
0.072224947506399	1.17818360920566	1100
-0.120276051753311	1.23451130590813	36
0.015889869345312	0.318578414672583	278
-0.118507543729429	0.299304780944565	278
-0.085582331289189	0.992798400380047	36
0.088961921013316	0.446488261701271	87
0.039898755440576	0.951127790797044	87
-0.054547524497038	1.10110056422573	87
-0.051271378255241	1.06384863889826	87
0.077605101838709	1.01933520796006	354
-0.0313161792840661	0.519878324578874	778
0.094689551171888	0.441341448675531	3
-0.124363696706095	0.62452418593127	29
-0.020789130101548	0.392224371238828	45
0.00528482736550096	0.311207678158413	45
-0.097544458167231	0.958480894036321	45
0.0766826019583871	1.50699481310884	29
-0.0958014865154469	1.02236495495383	29
0.113548705769123	1.40256638545276	29
-0.116960078560558	0.282526386541246	170
-0.055543892551694	0.619930499463638	248
-0.114079327482222	0.647338632059568	1150
0.101471572068446	0.439368277370804	248
-0.058291064440071	0.640503863339687	2006
-0.021983225278732	0.421361595023675	1105
0.084915231667887	0.424582911850202	1105
-0.087367846620839	0.83460770765588	87
-0.031511953215964	0.963902154475503	87
-0.093168973130736	0.897424033977853	87
-0.069444180975801	0.809933280910946	87
-0.0223238821544181	0.540424719474212	778
-0.093257274495068	0.622793843834511	265
-0.0653258501846971	0.606658830989162	265
0.010692757564806	0.320002026154066	53
0.046001531068578	0.550640140026748	543
0.0335376012474899	0.701573413843219	543
0.101631487729536	0.446991674918769	201
-0.0163573062655979	0.43085791995166	52
-0.032535796532467	0.752963653645286	29
0.058934686215124	1.0189536185589	29
0.10240926551125	0.703882471691121	29
-0.015663495407639	0.426775228324871	29
-0.053129066895188	1.39414975845482	29
-0.063015737012464	1.22389496631833	29
0.101815425101856	1.47706442951091	45
-0.073368034515055	1.11042270439522	29
-0.104643531466665	0.836724516064222	29
-0.0163573062655979	0.43085791995166	29
-0.096046905316081	0.645332710572589	248
0.085811705444046	0.835376936291008	1150
-0.080188945890453	0.82134181589663	140
-0.01957565316973	0.555760742691872	36
0.052288666722453	1.01816874847486	1100
0.084926979560724	0.94907798699596	1100
-0.101334276663861	0.875607453026553	87
-0.030193752397197	1.06436830558166	87
-0.032722016586507	0.916002697267239	36
0.015200852946429	0.317524411186398	3
-0.11802729788451	0.289998046781542	136
0.094971552176449	0.458459321384301	543
-0.087538115171295	0.645798448044301	543
-0.123919107689078	0.514114061750987	543
0.038269786195312	0.67741424974622	543
-0.070464250437141	2.13001370735811	824
-0.052493222322255	1.10001936437702	29
-0.124329635189859	0.804736812405018	146
0.037398017536534	0.690317181453922	29
-0.104422303566188	1.1387451878389	29
-0.059329005381892	0.74628002237294	29
0.045150196496578	0.542636096812252	690
0.039277666614052	1.23073845206713	23
0.090822144898252	0.82761508800776	228
-0.076814127567233	1.42804548503011	9
-0.020124708990004	1.24536029741981	9
-0.048559702516026	0.847251105041263	2006
0.026939952361528	0.971455827304554	140
-0.089622350967336	0.391411519423122	36
0.025148483163194	1.22753375825223	36
-0.00566956852841005	0.96435447509318	87
0.0794881620650511	0.93989696115039	87
0.124111505625137	1.42981934316986	36
0.00845105661557999	0.326919841231667	265
-0.116852471302242	0.284414521493167	316
-0.040767735281001	0.721712741259987	265
-0.016006154927608	0.658258359347168	3
-0.088156753676064	0.505231732079996	53
0.09043432308034	0.433569073298531	53
-0.112546181850055	0.292701187243595	3
-0.0985277996610689	0.408448081206267	3
-0.014475344435825	0.428903000359613	543
-0.022382827535351	0.553723692414701	543
0.0121183413884211	0.329453468473609	360
0.095732307356114	0.459844078730087	29
0.031951183046842	0.753930089111338	45
0.071050112300287	1.50177618142003	45
-0.094513549789641	1.06036273531186	29
-0.118180423800679	0.292409175427129	23
-0.012615786155379	0.538748171899911	766
-0.119146784590623	0.892315047591227	766
-0.108277355642007	0.892541572676846	228
-0.083874676508208	1.51468443993285	9
-0.093875308978364	1.64399728974988	9
0.010563717407334	0.319419567268249	140
-0.119842344465576	0.639187710068211	36
-0.108444561391734	0.741875936980478	36
-0.100108541004036	0.817485184003708	610
-0.013227277266803	0.748423276198537	610
0.00835495080464499	0.324178134181371	36
-0.022716131436988	0.548458860374073	87
-0.106984018783108	0.975360423459819	87
0.0392560596964781	0.91329150314178	36
0.046131874706014	0.570322839726853	36
-0.102056159978234	0.705805453888132	265
-0.038534352172373	0.776348381719517	265
-0.122972713387348	0.802686682462021	2203
0.120628208942997	0.953850512821633	354
0.048559901209233	0.578784413206527	53
0.00835495080464499	0.324178134181371	53
0.102153452196967	0.710055857146388	109
0.047750105104399	0.579329339034058	543
-0.015762189903053	0.656419433511092	52
0.092732774107206	0.444779998550083	360
-0.106163165270488	0.39004778068152	360
-0.04925134679504	2.24640015717239	146
0.054831698943284	0.566799105818954	29
0.00986401605334397	0.327745382331889	29
-0.00681167975458197	1.37968308578046	29
-0.100827920479989	1.01476688527817	29
0.046575700142969	1.26802473293722	29
-0.122099204778671	0.788176486352139	23
-0.020116953896207	0.416999163287365	690
-0.099472273422199	1.23515731685645	9
-0.053137774537669	1.77537804964025	9
0.00376061237371195	0.314436135757955	36
-0.057561000960632	0.645617870345793	36
-0.097583996918651	0.606428706735042	87
-0.00563192557932002	0.915771518741867	87
-0.124979749342931	0.736411466907767	87
0.037802345120634	0.808812948359979	265
0.081286177568929	0.900808604733619	265
-0.100092737481301	0.406854448685914	53
0.00987590698121499	0.323268666900645	3
-0.017202998873766	0.420557261263507	3
-0.025455178013009	0.537140256962097	557
0.097096543787062	0.462372894298554	543
0.00702087444475896	0.315712964616297	25
0.096177805641235	0.461006924813787	1370
-0.014056887024296	0.439262910715036	1370
-0.097017483756434	2.15703811732398	33
0.096938234363846	0.462404479348132	29
-0.109710016341018	1.12376762300318	45
0.042608984895397	1.33765862773385	45
-0.0763318239505409	1.04601087841046	29
-0.00289523280157999	1.36087172602164	29
-0.100002077450867	0.977674003717936	29
-0.041947955524266	1.21008254683584	29
-0.095882103492142	0.416174855475214	785
-0.017052645855162	0.426205631030346	607
-0.048421465387862	1.26710387220391	9
-0.034681397504327	0.842004724776883	1150
-0.065292347862671	0.751358535239152	528
0.00915170945552402	0.328075522385039	107
0.089565908417196	0.436441865427694	87
-0.087235888107963	0.91365043366196	87
-0.118100322031665	0.518278785310533	87
0.109370728969125	1.13414799019415	87
-0.042945820007315	0.751220136641575	36
-0.087339288774273	0.640735837241067	36
0.097699234870511	0.46037074099468	354
0.00302418691315198	0.778658723283037	709
-0.119059277097045	0.535167369678142	265
-0.098425325690838	0.414806496753385	53
-0.119484814149048	0.519266994363214	53
0.01070834722861	0.31786546791292	53
0.00597600539507803	0.31809893525624	557
-0.019352077692027	0.423368907722633	109
0.0530251052491491	0.570716894859612	109
-0.093348708437632	2.07123710638055	824
-0.111464286348773	0.293450498381639	29
-0.012269444155501	0.952632740813043	29
0.018891982515564	0.892632167810628	29
-0.015663495407639	0.426775228324871	29
0.094814767629628	0.457692403463595	29
0.068025964548583	1.14363959242528	45
0.081835461328129	1.14112696808663	29
-0.07074386901873	1.01719739166726	29
-0.086639962373169	0.650853726360113	690
-0.030237427374888	0.538619619469612	690
-0.074059754395416	0.539435911051812	1150
-0.078793406303171	0.826840422693345	528
-0.087404352078176	0.993711890115869	528
0.096177805641235	0.461006924813787	87
0.080849616096681	0.937977001422671	87
0.082682712282876	1.18484572842995	36
0.030221331475689	0.674608465920123	36
-0.072102557455962	0.539263730785028	2203
0.036869498808036	0.667623763178029	265
0.03327366908115	0.644862227215457	265
0.103011131939728	0.696121840724474	53
0.00916415097372203	0.326595495683692	53
-0.115294236440396	0.30409465501509	109
0.0952929692332281	0.442378881212071	543
0.093165075873979	0.686293105532014	360
-0.056890213283512	2.33972471523739	824
-0.105754581716132	1.82487369748006	824
-0.082147153821678	2.48942879804114	33
0.088514936816628	0.433533304551937	29
-0.047298498061683	1.03659038931579	29
0.0611281573211651	1.2940472509347	29
-0.120524095946346	0.724154219368574	690
-0.110564779424863	0.294416559205784	690
0.029387532130175	0.675280944297724	9
0.00904413849756003	0.318298937795846	140
-0.094874173449525	0.406370616809413	36
-0.100027695192262	0.727514055796246	1100
-0.00517274349111896	1.24321307938527	610
-0.109315231921655	0.967334440128682	610
-0.092070762919831	0.719287435031919	87
0.120770189471247	1.15734042374117	87
0.00233027054248403	0.796031762919726	87
0.0418188035232649	0.866148792347545	265
0.048319393877725	0.55006488755945	265
-0.0552511660692721	0.659308073467945	265
0.119572691726679	0.888437309821191	53
-0.019278598056523	0.52587421348914	53
-0.01191879106299	0.415094985044697	3
-0.028268170886287	0.543591607691996	109
-0.0282601592671961	0.536460064586332	360
-0.031657132261067	2.23146696131092	146
0.105185910127105	0.710352720669535	29
-0.018820297998332	0.435756648121658	29
-0.101856616735445	1.03135144501809	29
0.00590343770948298	0.315498352689726	29
-0.12049235070679	0.289555085344066	29
-0.035855286050625	1.37184384068706	9
0.0767101961139171	1.0019322105854	248
-0.106626657535407	0.746280661449455	1150
0.01512310217628	0.312393174603487	140
0.015200852946429	0.317524411186398	140
-0.12326730460815	0.92848621251044	610
-0.120030585495487	0.290467287922413	1105
0.00986401605334397	0.327745382331889	87
-0.1108485055228	0.28653713522161	87
0.054702583878791	0.56926334177289	87
-0.102659684488361	0.886613471901864	87
-0.101312207360061	0.408373994434147	87
0.028516518206261	1.16464291063307	87
-0.099647636372272	0.987631957135932	87
0.100791494036639	1.29770992236222	36
-0.030480079954095	0.909106582301716	2203
0.086199770852739	1.00190501066346	2203
-0.098800603235759	0.605197649986892	265
0.091038330115687	0.447158477555656	53
0.011421258981961	0.319402858620075	53
-0.026612881528752	0.540323654455715	3
-0.021897175705993	0.398462193305841	3
-0.0149984754885431	0.433411348793289	850
0.084814123217582	0.815700221068902	109
-0.098723852996577	0.404484107358714	109
0.048787682998956	0.573474144136247	109
0.099061929844334	0.435354395854323	52
-0.082336570003082	2.46157198205489	824
-0.086241434936981	2.48444213085367	824
-0.086888050745395	0.848864342583573	29
0.02559026076266	1.31173145057298	29
-0.0987948557067	1.07236660475301	29
0.080352053295351	1.02287891965476	428
0.064722477824453	1.37706515450972	29
-0.090532217952361	0.731627623567352	29
-0.100920584923887	0.42081036729442	690
0.095732307356114	0.459844078730087	690
0.0179051522893861	1.82264291731089	9
0.093111445192284	0.634762653458956	1150
-0.097246496564417	1.18362685816126	610
-0.078806561280335	0.533746736927675	528
0.0924016795002121	0.45401840587187	36
0.044189559607978	1.31092955056067	87
-0.108260051254605	0.812465277677301	87
-0.048157323976701	0.958069554883287	87
0.012829110730087	0.327325394797866	265
-0.027102097061422	0.530683645710833	265
-0.080498151086188	0.518056570940843	53
-0.093636355250134	0.416960272468896	53
-0.017993585327188	0.42342027922297	3
0.0942014409983391	0.816430835123217	850
0.100767698908186	0.708933177667372	109
0.050368987519997	0.559895165603161	109
-0.071918178994457	1.68955252587515	146
-0.10471254372582	0.907911939710842	29
-0.093841249262192	0.641328956450346	29
0.109836337614026	1.4604506393291	45
-0.043931567754479	0.942653325115556	29
-0.081764812577482	0.903876834125497	29
-0.106879522326163	0.276155901376906	690
-0.113809436648442	0.891007338105785	228
0.043731615080791	0.551853437246007	87
-0.120392083391245	0.72564294141444	36
-0.011668910200725	0.941513497489279	36
-0.123871525549429	0.631504766188349	36
-0.05650981042165	0.650549589791178	265
-0.063093041240472	0.613620383289759	36
0.00915170945552402	0.328075522385039	2691
0.050563794247976	0.979470735117652	265
-0.015242942794974	0.432208884941879	265
0.044897387486974	0.560765172335576	53
0.088681379178276	0.425855542688351	2345
-0.025195474922625	0.535229648697944	3
0.092890938973974	0.456673250660486	850
-0.018192094510488	0.653389237419218	29
-0.122131701242978	0.598373747826559	29
0.099660436246706	0.695193878757197	29
0.077280194165339	1.38888935961376	29
0.081361233454606	1.20627392078183	29
-0.083333317894656	0.921142619219401	428
0.00915170945552402	0.328075522385039	29
0.020766920821118	1.01940472496646	690
0.10424666666106	0.707126006975313	690
-0.020227360711376	0.868697155432902	228
0.011391261254977	0.321094987246915	9
-0.120022456668657	0.295071200113915	9
-0.0437332731903221	0.851117392962174	9
-0.08766069180305	0.84611431909603	36
-0.071817058661659	0.539076665749763	1105
-0.124323813355908	0.791345256930607	87
0.006162214940859	0.832910483412083	36
-0.00688001031361096	0.737783889429444	265
0.029709203429499	0.778170539378247	36
-0.113373257787623	0.723248246365512	36
-0.119884155669686	0.29560603021401	2691
0.00759040343654904	0.322541715501254	2691
-0.083072835185379	0.526002601563684	265
-0.0687310760308471	0.623194845431017	3
-0.111464286348773	0.293450498381639	3
-0.018586401611797	0.426734652635088	850
-0.119553855006516	0.296107658365831	850
0.00843806909834699	0.325281331262212	25
-0.121866843876206	0.292132076819381	52
-0.054167622756523	0.817716974960468	29
-0.0761708084747	0.836506912043429	29
-0.0953647034416349	0.641415485144291	29
-0.007940150529132	0.859455739727399	228
0.00827874980782395	1.04473347103455	9
0.037135820322995	0.707026457390832	1144
0.089454413673442	0.811802583257709	601
0.101150964770459	0.722742168242623	36
0.00986401605334397	0.327745382331889	265
0.012815263476823	0.330614076431107	109
-0.109949607124331	0.293420069610486	109
-0.018050491252491	0.435487749579658	52
0.073888402051387	1.85748519903038	146
-0.092009817817724	0.750992127218757	146
0.090582341418631	1.02878397613962	146
0.083196491539119	1.10324976475786	146
-0.066201342706627	1.45640001766939	29
-0.011951361210912	0.64853244116079	1904
0.122148249927257	1.06343951664954	1904
-0.016817163774164	0.642328863763868	45
-0.074939602860749	0.548980595279619	1075
-0.111391519507733	0.515958285517981	690
-0.107350042010714	0.283221280435938	228
-0.039873902497198	1.45556306222634	2655
0.042189557550114	0.922216965410514	36
-0.00751802245349897	1.50240342352357	610
-0.021719368515396	0.410850030076409	36
-0.112847626820737	0.271948007167962	36
-0.119884155669686	0.29560603021401	36
0.0969782824837629	0.440776824462599	87
0.054250292559233	0.573407297911611	36
-0.025512888990289	0.547990081260004	111
-0.123538470666252	0.279370865506824	601
-0.115587303277169	0.289494787039319	265
-0.117131863149381	0.297070487699706	3
0.09043432308034	0.433569073298531	3
0.017205608372737	0.87322703963895	215
0.019128037951284	2.07048733535297	146
-0.0475309326910071	1.25634965525405	29
-0.0692516683201661	1.08248639603651	29
-0.044019194156493	1.20036347283164	428
-0.079090617754323	0.53739146858408	690
0.098818784973234	0.687513814766342	228
-0.110774073205326	1.04336272987109	248
-0.0256842892468609	0.531130501745256	9
-0.100528645142454	0.415059575178681	2655
-0.065526589612413	0.73307431591185	2476
-0.121578434740029	0.627290282387724	265
-0.020862932460467	0.415137347899574	265
-0.093184905715252	0.645122442956112	3
-0.1227628250998	0.293097721202786	3
-0.018050491252491	0.435487749579658	3
-0.00970707166197804	0.428900528590122	3
-0.100707014741583	0.41624523258429	3
-0.114059891336817	0.295353504482584	335
0.047155686034092	0.557102628165091	335
-0.119403113030434	0.294041585897601	215
-0.101461259693833	0.403301242112468	850
0.011421258981961	0.319402858620075	850
0.088961921013316	0.446488261701271	878
-0.017873995289573	0.428512067107814	878
0.050012314541463	0.573381771643786	29
0.035453248195349	0.778534983409179	29
0.014511656741881	0.308469033794678	29
-0.094430299068491	0.827342022616471	1904
0.027330419150486	1.06589423750057	29
0.119649828449997	1.36399778849072	71
-0.040732900577279	0.769616158337092	23
-0.046751188466341	1.15282673507912	248
0.019809493408249	0.303738933843965	9
-0.081648445848871	0.527492514366893	2655
-0.092318952249643	0.717998738584779	36
0.00376061237371195	0.314436135757955	190
-0.121109590462035	0.288825350020728	190
0.012103935148928	0.328952881693488	190
-0.120100248436412	0.52842064609446	36
0.049430269005293	0.569297277707016	36
-0.033338431377948	0.493846218319679	11
-0.084862566619999	0.752406645094166	36
-0.013471441629483	0.533903114655685	2476
0.097096543787062	0.462372894298554	3
0.00772310037311896	0.316787321618208	3
0.011273897273247	0.316307839562572	3
0.047977344659266	0.577227856338616	335
0.100869487681943	0.451229665222883	335
0.01070834722861	0.31786546791292	83
-0.018586401611797	0.426734652635088	83
0.00987590698121499	0.323268666900645	83
-0.110029610944184	1.43882969824814	1203
0.085699200797916	1.19534921968669	29
-0.031045007613613	0.945440794336266	29
-0.020183624997426	0.429242446394665	71
-0.060348383109991	0.641596417304595	23
0.056926461664774	1.11947794995698	23
-0.014056887024296	0.439262910715036	690
-0.000577714514725991	0.76652159830391	690
0.032992106772501	0.674965801060906	228
0.085280142712465	1.18946700933103	228
-0.124239616695778	0.625406633869362	9
-0.011068395985642	0.434096005296691	9
-0.121234908425067	0.956852663835778	610
-0.099451241234534	0.895974487844837	190
0.012586441686008	0.875549466362468	190
-0.040494197743676	0.768246213587569	36
0.0903680385411571	0.427129903723643	190
-0.017227176354247	0.424304212150771	190
-0.115605197299747	0.732492497222494	11
-0.043981832901631	0.861470825054997	111
0.035930028530609	0.816999015606974	111
0.040114872987105	0.81775630169866	36
-0.013898845162033	0.678801108266788	265
-0.115911682677695	0.301219764446784	265
-0.117888982633568	0.298230771809748	3
-0.00953020391714299	0.426912715106179	3
0.093765058072663	0.451770895521546	3
0.0121183413884211	0.329453468473609	850
0.013525240790481	0.328465966413979	878
-0.036799614415063	0.757729419503219	29
-0.095178317209429	0.648778427000508	45
0.086303425802739	1.03029736537419	29
0.073753362869238	0.967790974653073	2397
-0.041466660795171	0.763998947666152	71
-0.077951235567158	1.24972336987401	71
0.068718034385953	1.50535339000322	690
-0.101287859850179	0.718838594016753	23
-0.020986978248996	0.553392932171284	228
-0.07558694976321	0.718368600252585	610
0.04991825293566	0.974934062927486	190
0.028815277499409	0.677621776215247	550
0.010655329755349	1.24979057780421	11
0.025552982002337	1.3104887830623	11
-0.094810698538638	0.414663522950195	11
-0.045623355427735	0.635047679127587	11
0.074513290242009	0.868054275735158	36
-0.124851347589653	0.527104451320025	111
-0.099114729927253	0.408950293343003	111
-0.025201885581126	0.401897562147147	111
0.048787682998956	0.573474144136247	601
-0.108163962146635	0.623435045542031	601
-0.070711002811915	0.534982082049906	3
0.047155686034092	0.557102628165091	3
0.00987590698121499	0.323268666900645	850
-0.021113795001559	0.663650703595976	83
-0.01898712512312	2.0675238555813	1203
-0.054023340868992	0.64280663533207	29
-0.111397679734906	0.825353739213022	29
0.054558795272956	1.02102551024205	29
0.122200281978442	0.944071722824404	2397
0.000432062171223047	0.865123716632593	2397
-0.057720939452135	0.831197120830604	71
-0.068471145404012	0.753595183658302	690
0.119847547641868	1.0603307787653	228
0.058462020876663	0.554613722808207	228
0.028700632451767	0.713279280447571	228
-0.110889385706754	0.731664141473514	228
-0.079162407081259	0.781921467314639	9
-0.007729011219197	0.980440415766888	36
0.09357595138772	1.17328799087726	610
-0.067379282729095	0.740188199326109	610
0.050550697509124	1.2768940675167	190
-0.098929528060382	0.623186437791233	550
-0.092254636215444	0.655566599756736	550
-0.116992731117065	0.527015337360849	11
0.082117276805409	0.828389773816683	11
0.0832584546533161	0.78612856316231	111
-0.09666408064779	0.41271896520773	111
0.051272080183062	0.558327060041392	601
0.092287291796099	0.455556562215495	265
0.047963337565594	0.557939703176954	265
-0.018412900375842	0.426474987777184	265
0.093922524018092	0.450507601829713	265
0.042698882140845	0.683368541655165	265
-0.073856382992334	0.490216663060991	3
0.043881305726436	0.546383411311338	83
-0.119126288749928	0.296516609404569	850
0.07869247590847	0.818421620784725	83
0.047317782257334	0.803524139120772	29
-0.096046905316081	0.645332710572589	29
0.012890987825077	0.904477806065376	29
0.037812580254059	0.877470653850788	29
-0.105453836725978	0.394699873057716	2397
-0.108927407668271	0.619102990005939	2397
0.1220010128391	0.954213573996519	2397
-0.01876644337499	0.561476027117329	2397
-0.068452892228321	0.917962391801563	71
-0.083006406962146	0.96335724067906	23
-0.119467118318316	0.626551212729451	690
0.017128049130285	1.00225445024103	228
-0.112176995194158	0.720494315914874	228
-0.0000332082282089585	0.992377324091089	9
-0.116051411789716	0.738976002442301	9
-0.010761833718813	1.03637634860108	9
-0.120761242983678	0.949472740008608	610
0.078423472638711	1.27235871379294	190
-0.021300470625026	0.541662956582943	550
-0.112162245702303	0.628714331536827	11
0.047155686034092	0.557102628165091	36
-0.119553855006516	0.296107658365831	111
-0.076573489285885	0.52856645166583	111
-0.020083856974663	0.8924914043468	601
-0.100209851743139	0.389979091905231	265
-0.110706960058428	0.294960041795385	3
-0.074059754395416	0.539435911051812	3
-0.099897607490195	0.409174521280979	850
-0.060847173785797	0.657838270114034	850
0.0969782824837629	0.440776824462599	83
0.0152791292141879	0.30840199370669	54
-0.084183307558332	0.527025731213945	83
0.109138062547484	0.70669660160275	83
0.00773662930927399	0.324144509539724	83
-0.0458936527014811	0.81122286122326	29
-0.119609081429918	0.724261822213118	29
0.10267230040217	0.434321043507877	29
-0.082505031049566	0.546584631525447	71
0.031167954901533	1.17183735196355	71
0.117090818397551	1.15160907657203	71
-0.115493012961662	0.628567005180812	23
-0.0871867808262971	0.736445990540291	690
-0.023173439661722	1.18935149655263	228
-0.043646827737549	1.16311258557607	228
-0.0782890654227369	1.10854110458869	9
-0.049090955761079	1.00798920605815	9
-0.071902671389365	0.909372093265916	9
0.067848972720452	1.27664420669141	9
-0.103937122233801	1.01138731549736	372
-0.028155813321433	0.216805925810558	9
-0.082429556952838	1.01002317603116	9
0.015867892633693	0.991879959287749	610
0.113994182784276	1.15058154720878	610
-0.088689216252869	0.639844067264661	36
-0.113486362733743	0.809025204895068	11
0.050388985955128	0.901766520396739	36
-0.041101137586152	0.73245332695659	11
-0.026752466081055	0.755855932855642	11
-0.096701028837206	0.630949838639482	111
-0.120985552232316	0.725410218489015	111
0.095128466479274	0.436804157724911	265
-0.121866843876206	0.292132076819381	265
-0.120022456668657	0.295071200113915	265
0.091642117971121	0.451479966383651	3
-0.114536610980494	0.303993219626647	83
-0.0213086742674951	0.557400207320001	850
0.011391261254977	0.321094987246915	83
-0.019414551322217	0.431803638077879	83
-0.053105349684116	1.49690083077848	1203
-0.124138300954343	1.36383578731795	1203
-0.088352559812039	0.970025801625458	29
-0.043792072474943	1.03867192908416	71
-0.011248553103494	1.28586050583257	71
0.109793363691979	1.02415438977356	71
-0.059007913184449	0.911125632041826	2397
-0.094319375099874	0.828726339572899	2397
-0.00375837606218798	0.797361997440348	2397
-0.081790912135685	0.803021024838483	71
-0.0419178462127781	0.866932651881896	71
-0.110503735765327	0.83062776047054	23
-0.066121629182275	0.749394276590169	690
-0.021370712576038	1.07706168591516	9
0.0713467186796291	1.4576162624815	9
0.047564156256118	1.35546635918647	36
-0.093807929358397	0.825164549884771	610
-0.087846100468474	0.635884376984397	190
0.08124028276143	0.961573193791885	111
0.079877569976225	0.825202965913441	601
-0.00970707166197804	0.428900528590122	265
0.0966431630257451	0.695425560385547	3
0.0121183413884211	0.329453468473609	3
-0.017052645855162	0.426205631030346	497
-0.113312714948903	0.283768886795465	83
0.00845105661557999	0.326919841231667	83
-0.024647969954754	1.98244254443594	1203
0.04344427126716	0.67286817695806	29
0.036472742107711	1.37432770124859	29
-0.029681861195367	0.831806846828676	29
-0.069937183254559	0.855118048010128	29
-0.089698400207441	0.723693366758741	2397
-0.067179568740959	1.02186572492019	23
-0.022448168051547	0.382386311814618	23
-0.05234067473426	0.661801418001154	32
-0.0661783125200121	0.765459283554807	32
-0.0662238044476769	0.993755719172455	9
-0.101704966025225	0.417191739958366	9
-0.016950424514	0.429686828406378	190
0.098744568092666	0.449452181292712	190
-0.117122480925046	0.720295596941613	550
0.037568369211664	0.790422561812647	36
0.093866155057044	0.69319381059902	36
0.038421471465236	0.791126298521307	11
0.11640210895191	1.05816353404728	11
-0.116502614728966	0.619897589269133	11
0.116175950764616	1.02207158241735	111
-0.020579953403118	0.672761818090231	111
-0.0624810071124951	0.620809444490994	601
0.099462609765892	0.716399859200482	265
-0.027680937962866	0.551209547320504	265
-0.05650981042165	0.650549589791178	265
0.013512025287703	0.322143500898539	3
0.045124758744503	0.557513380642397	497
-0.101008611532519	0.404167532789802	497
0.00521173645908801	0.3212736028767	83
-0.051440287103253	1.27012930039075	1203
-0.054825551004129	1.23424211178379	146
-0.114878914881826	1.16666368326011	29
0.048332536315467	0.574263090081561	29
-0.07974047341914	0.534731545816204	29
0.100007513913272	0.712251661379025	71
-0.021254119839364	0.558042683935655	71
0.041476624498197	0.905672419377798	71
-0.101208661797371	0.739328340959508	71
-0.082892227771988	1.12237901751819	228
0.042714281398559	0.543759232628516	9
0.037135820322995	0.707026457390832	9
0.040485350942199	0.914430396416818	9
-0.045459853315042	0.635888165274438	9
-0.067722211104388	0.937368357320105	610
0.039527513350049	0.785492674333234	610
-0.09124031140393	0.651735902134265	190
-0.021268208245445	1.12049008998199	190
-0.022382827535351	0.553723692414701	36
0.094981346258135	0.698398417515455	11
-0.09979436454591	0.401892329026463	11
-0.115294236440396	0.30409465501509	11
-0.018586401611797	0.426734652635088	11
-0.020116953896207	0.416999163287365	111
-0.122624064829677	0.293244123835198	394
-0.121388183722514	0.287933051323459	265
0.103321016661516	1.21759065767349	265
-0.095489650092248	0.420711916672806	3
0.07688924718346	0.786605157692071	497
0.00985219756593203	0.319713495002548	2081
0.00374967615163502	0.318868432860987	83
0.03290160844446	0.845938665909064	83
-0.09285374901	0.419542930721633	29
0.0841531262954	0.422379599416444	2397
0.080574247430144	1.53680952989523	23
-0.0403168196039661	1.09534556026139	32
-0.019524002001607	0.413884243261058	697
0.095820602878239	0.69767274326676	228
-0.121943364981427	0.53595406756253	9
0.033839907774697	0.661407759613963	9
-0.048274573565633	1.46020449441194	9
-0.116945383497729	0.79413143121085	610
0.0484077415944441	1.00721767941679	610
-0.094281825078687	1.56154782357179	190
0.052214711712166	0.576778395255412	190
0.05510458819457	1.25935790829471	190
0.013327405184476	1.52169890681221	11
-0.017819924663428	0.427631677898521	11
0.050237755249378	0.571902333768724	111
-0.018759193545646	0.420122153127544	111
0.00845105661557999	0.326919841231667	111
-0.116809390049598	0.293721740896973	111
0.030560609198478	0.790477160040189	111
0.0152791292141879	0.30840199370669	394
0.042301332680821	0.5244732306117	265
-0.01957565316973	0.555760742691872	497
-0.014056887024296	0.439262910715036	83
0.122025941713339	1.06457637425164	83
-0.0378631092452389	1.63934327484151	1203
0.00570531748533998	1.81162820778755	1203
-0.02419338235016	1.39508721817789	1203
0.032396626633606	1.64649124757929	29
0.052176751879632	1.67622625776193	71
-0.084184547909083	0.533359785446457	71
0.035489893983902	0.674997031008944	71
0.09965098283777	0.678515421305484	71
-0.106977053198016	0.390155568758245	71
-0.115691438406591	0.718484740624485	23
-0.06957919069018	1.07302278475252	32
0.088805329337342	0.434110265308964	32
0.078904719407132	1.30904937415287	228
0.012298193848027	0.892185337381523	228
-0.087475498155599	0.755564488289447	9
-0.000522406899679972	1.2879194218026	372
-0.104893887836283	0.953953160262949	372
0.078171839801832	1.09986833943082	610
-0.020887137464168	0.671719551401983	190
0.042681341254459	1.06813159667544	190
0.101061542818318	0.683146031109896	11
-0.061559045538486	0.631548188674038	11
0.049787282680932	0.566351659235178	111
-0.0810534944774211	0.518233717298165	111
0.051982995902514	0.56836475009163	111
-0.111990079609167	0.864936750960611	111
-0.01366519188861	0.530796765231634	394
-0.075465130614755	0.524658590682757	137
0.095451890622629	0.445094204828488	265
0.00515628069427199	0.315758016117377	3
-0.0976431745266511	0.418321727191558	3
-0.113919740428498	0.302875796311498	497
0.00775023900044403	0.31698236723067	83
-0.118180423800679	0.292409175427129	83
-0.111858111930957	0.708774337835323	29
0.035415256183965	0.814736439111115	29
-0.056717022998378	1.01278512048937	29
-0.00490828375434704	1.0053838623945	29
0.124878157443213	1.0681436038076	29
0.057225649663363	1.00046451278741	29
-0.00450462435015198	1.06097757239972	2397
-0.063619770739606	0.616573800866748	71
-0.086758190976867	0.830120051983885	71
0.030628573567132	0.786389554671876	23
-0.11736471284183	0.974172142654514	228
-0.050896559671983	1.33951365926652	9
-0.10759245517232	1.03984118140741	372
0.023534930448702	1.48247258225465	36
0.053508240220263	1.14684592342946	610
-0.066113610958048	0.733031510043036	36
0.00433457285590699	0.785397658655477	190
0.033117312885265	0.806820873118414	419
0.053112959235277	1.01858801375909	11
-0.058068732621169	0.629281887209284	11
-0.023224295656546	0.659154293544622	394
0.048345578716645	0.549120240177469	265
0.031058953087023	0.677066737787753	265
0.093765058072663	0.451770895521546	286
-0.013288481262688	0.436089978103716	2081
0.094814767629628	0.457692403463595	83
0.00773662930927399	0.324144509539724	83
-0.017640120890389	1.64027900467653	146
0.124171517684298	1.14476506379816	29
-0.095685746332924	0.646945954818784	29
-0.089942497446475	0.625555661185281	29
-0.016706543231399	0.885261684479097	2397
-0.093701417480767	0.728940666961106	71
-0.00511821511618205	0.790337380846579	71
0.00689211246654797	0.873758890777926	71
0.115254067360908	1.15541135277521	32
-0.020439612965416	0.850233519946227	9
-0.056261216272923	0.919130099277425	9
0.023569209857109	1.21313649478757	9
-0.081336928191393	0.519441897596251	190
0.112268631868511	1.11194652711123	190
0.055837236467828	1.25138464123072	190
-0.037571880398977	0.747259184625102	11
0.041657759067431	0.985232139603598	11
0.08537448209087	0.906834659984731	11
-0.037182834332394	0.777849056239337	11
-0.12244735118096	0.63255911646141	714
0.072996984979413	0.755527355335618	3
-0.018749989260234	0.555279731980528	3
0.088357714565195	0.445414006066463	3
0.05162756658919	0.575468103927025	2537
-0.104343993553757	0.403380581791688	286
-0.121249207861184	0.29288073588439	54
0.051632378184191	0.575245885440944	54
0.0121183413884211	0.329453468473609	54
-0.087645679633279	0.8052952279721	29
0.00775023900044403	0.31698236723067	29
-0.087442491176121	1.0630910728012	29
-0.119842212572773	0.881615193016152	71
-0.117429200017255	0.648880142295983	71
0.081980409922886	0.801938934798882	32
0.032800180530597	1.44532354165414	9
-0.00281538075601495	0.756527876396669	372
0.024993102193092	1.17522824474842	9
0.0140626073450491	0.971733053613853	190
-0.01708757241421	0.535970817317867	190
0.04378379767179	1.16549506898673	11
0.078856837288014	0.994522811364258	11
-0.018828403371994	0.887671150506526	111
-0.026378332633738	0.966103833040904	111
-0.094096355375814	0.641956008855619	111
0.074597642955607	0.917137862574377	11
0.091362140221447	0.818277499680305	265
0.076030153645418	0.785887568221898	265
-0.019289347845297	0.671232440023887	199
0.012829110730087	0.327325394797866	3
0.099943534693295	0.698879326318637	2537
-0.010475700242373	0.430682427751401	286
-0.02404739657702	0.556482881835356	286
-0.118646066209052	0.297313196368188	542
0.083485609081838	0.780234104737235	29
0.054185775508521	0.883217097389854	29
0.0443146081649109	0.559297706237802	29
0.0985869052998341	0.43642614590006	29
-0.120170972376751	0.295346357516002	29
-0.018644675076072	0.431548086264141	71
0.075773343586748	1.09849299762028	697
-0.021683086189177	1.03249197338793	9
0.066647468106264	1.43358489642036	9
-0.035605084386604	0.758881188210143	36
0.090207830718631	0.425437795782062	190
0.0137147985457	0.301809879977346	190
-0.00571108706804402	1.10503528002297	419
-0.05636724547675	0.747279277280087	36
-0.107733886243039	0.973705660417446	11
-0.12244446317927	0.879959693308587	111
-0.033129340985953	0.784870438383502	714
0.00257821044972495	0.880959332897965	11
-0.118180423800679	0.292409175427129	137
-0.048283431888112	0.6519408452102	3
-0.12049235070679	0.289555085344066	497
-0.099897607490195	0.409174521280979	286
-0.116455209457797	0.528490812148484	286
0.104939500952814	0.658013436960263	286
-0.020417325033718	0.55075813223081	83
-0.00464782954399501	0.749306181844792	29
-0.017279881082229	0.432374728426455	29
-0.049157742271735	1.25115731519866	29
-0.111522385369019	1.06904373813509	29
0.099745102643287	0.710533812210275	29
-0.026589686814228	0.297137278846486	71
0.016655933160208	0.318484379312266	32
0.033267409424434	0.688690575059614	32
-0.031085095526757	0.947421721871033	697
-0.021964109055	0.879572459549836	23
0.021634867543181	1.09141419670055	600
0.014221211579021	0.320158289001501	223
-0.094497662754369	0.647663879944503	2835
0.0956202701176499	1.3277040982074	9
0.091614379119566	1.48236594182259	190
-0.12050347701786	0.287096754123304	190
-0.118507543729429	0.299304780944565	442
0.00528482736550096	0.311207678158413	442
-0.113162477267394	0.300091130878947	190
0.11341678043523	1.15483636671026	36
-0.096161672798773	0.960670416289185	111
0.0432645869145411	1.24535169618116	111
-0.032615663515947	0.94199191105145	111
0.107757232290571	1.1069485390934	265
-0.023224295656546	0.659154293544622	265
-0.119176369670799	0.725420179982019	199
0.00772310037311896	0.316787321618208	286
-0.011661318723305	0.432921055092797	83
0.0418665258116639	0.685916797659766	286
-0.076575529139524	0.536432708050689	286
-0.026276696310477	0.535132205457684	542
0.084709674811402	1.13178749776018	29
-0.08966350170643	1.05967322061307	71
0.044471881251258	0.999229852420897	590
-0.114676972694715	0.302973712143562	71
0.074133223829126	1.37676558298456	697
-0.1187932943699	0.646277445257971	228
0.01581264114456	0.305179243590976	9
-0.115294236440396	0.30409465501509	9
0.025165085563608	1.20137658631705	610
-0.077006856321971	1.04945067676561	610
-0.013577432587332	0.893358076097858	610
-0.078766680306644	0.932049649672271	111
0.104823510570659	0.710206388980389	265
-0.118979506088251	0.61341386800176	265
-0.012932916315158	0.421928343808258	828
-0.113303051847015	0.295278698353028	3
-0.076006646930096	0.538225523519591	3
-0.121249207861184	0.29288073588439	83
-0.018004657750208	0.655994691659558	286
-0.072084424185437	0.525861037991193	542
-0.122006032946107	0.294000432502212	29
0.088076998262414	0.432523929417512	29
-0.0695531950744081	1.23783496362218	29
-0.012054209823876	1.36702647699391	29
0.0770443015392041	1.10255495675077	32
0.097109974057187	0.69213639198732	32
-0.019968437456973	1.98319681599037	9
0.099631361752282	1.30118007349118	600
0.099444488614332	0.721349547265188	9
0.002175696369626	1.14532302331829	610
-0.0163255504240351	0.663093942459764	610
0.039008147050389	0.904367920984092	190
-0.017102510993798	0.422268789332242	190
0.035585036895649	0.896738003553462	111
0.040972296236239	0.914183103695498	265
-0.11696343676036	0.737919904965452	265
-0.099913403378829	0.674711912820277	828
0.0824048315725811	1.14611735406929	828
0.0982528424011631	0.700278346073094	828
0.00913934315425702	0.317100109493428	828
-0.018412900375842	0.426474987777184	3
-0.017368134801081	0.545156963327103	3
0.075371041031744	0.789539509808555	83
-0.111620081340564	0.278690952558194	236
-0.021808623405272	0.423881779865849	29
-0.114816699452179	0.292874576806633	29
-0.09744032497041	1.02902482768069	29
0.066558182095584	1.34811284229456	29
0.036768273002367	1.61976942459608	71
-0.088754734448157	0.727428925572239	590
0.093765058072663	0.451770895521546	71
-0.00150286929316001	0.966172027434843	32
-0.083669439672598	0.915875984391723	23
-0.082949552322973	1.39685874623112	600
-0.085514531933426	0.652981418090723	600
-0.111418714984867	0.617954653907506	600
0.00915170945552402	0.328075522385039	9
-0.093476669133784	0.41293987019883	2835
-0.114830306282018	0.290975720133278	190
-0.021870567107	0.531619929151009	11
0.0798353656615241	1.26305821583175	11
-0.040458739476365	1.09833833536627	11
-0.119288323864511	0.682918233147289	111
0.054251460167989	1.07161855408498	265
-0.0539415092251621	0.648830701991001	828
0.03782107007803	0.761458853152234	828
-0.085295634763625	0.526381469968364	3
-0.095686172794907	0.421640120205703	1268
0.034918866634899	0.695359966795594	286
-0.079374291932819	0.535060972918997	286
0.016762665142679	0.896953739963335	29
0.092287291796099	0.455556562215495	864
0.097096543787062	0.462372894298554	485
0.095864425368608	1.80387239120229	29
-0.117338953748263	0.731624997862395	29
0.072590486080289	1.38253512450509	29
0.015401623282298	1.04051170098126	29
0.00618111106996999	1.1953825688435	71
-0.00948045053230295	1.13330734011256	71
-0.081222517095455	0.896366348486682	600
-0.095375495271666	0.727868703173368	1198
-0.00666727437195103	0.787826503886795	610
0.117112213828602	0.898822962838775	610
0.0382310438972679	0.700085502316752	610
0.10240926551125	0.703882471691121	190
0.012815263476823	0.330614076431107	442
0.027313347388367	1.24887587930211	36
-0.102048586498315	0.400644466743157	11
-0.064522647884652	1.08439344215483	11
-0.0907132034916071	0.846588974157275	11
0.02891272826008	1.24219179341884	11
0.116144429301036	1.15696989016006	111
0.052564317164286	0.550727280557323	111
-0.00892583644092304	0.65018722433545	111
0.013816537355227	1.13368037505159	1731
-0.024625117659871	0.536687338214084	11
0.00633347223474101	0.860252914978468	11
0.00451033108031895	0.777342873299006	828
-0.118507543729429	0.299304780944565	286
0.045707450352686	0.558968725034061	286
-0.081423222212524	0.535481040598696	286
0.032419071224567	0.692798549842593	286
0.00843806909834699	0.325281331262212	128
0.036016407980521	0.701165448669319	864
-0.072332622975938	1.08355575268733	29
-0.12315848924603	0.849946194745576	29
-0.068328461996289	0.611636216250919	590
0.010563717407334	0.319419567268249	332
-0.028943173444956	0.781546421929499	23
-0.118995636661096	1.18549988584783	9
0.058174228383566	1.0164785505328	600
0.052564317164286	0.550727280557323	600
0.0691424605890431	1.52516581638769	9
-0.117839080337409	0.526007166467395	9
0.011391261254977	0.321094987246915	9
-0.118178709138845	0.521529053414153	610
0.060490901285976	1.41437358979242	610
-0.120160122255749	0.286225495366324	190
-0.054378135129846	1.00872851357501	36
-0.090449200886121	0.999352577412363	36
0.061632470495266	1.09289662497612	36
-0.00753279594599399	0.953502326544443	11
-0.102931155129166	0.95354685666166	11
-0.041753251460266	0.858783415240438	11
-0.00411221369767001	0.794705965005539	111
-0.120705253641428	0.512534118847251	265
-0.024372094868687	0.561541528405468	828
-0.072408986203008	0.736055741054188	828
0.096368971240951	0.714280807247353	828
-0.111938275162416	0.293323782747409	3
-0.097447736080444	0.4125752707719	3
-0.0993088385783279	0.420352325674081	128
-0.051300536125644	1.48080125000075	29
-0.029009653981344	1.27733681836552	29
-0.089756508676855	1.1457627642678	29
-0.095127660091964	0.9191770235053	29
-0.0566709827922059	1.18986298930169	29
0.074622758950609	1.09293175041087	590
-0.024882498675605	1.07351646104372	23
-0.094316057578287	0.415689599924033	1431
-0.1227628250998	0.293097721202786	9
-0.08902910217201	0.654431778942713	2835
0.11322010104551	1.55200736392762	190
0.024378561788178	1.08071003636291	190
-0.025377621030703	0.393436193136314	36
-0.0148244924635	0.439555632965869	11
-0.031442595307366	0.951517152396039	11
-0.097996602079738	0.678222403030609	11
0.119040157010237	0.892440511629497	11
-0.05463668546942	0.842132405707598	11
0.024201273194516	1.00966930460959	11
-0.036894276613649	0.760220726807652	265
-0.124436247942708	0.533148220555915	828
0.094525604446597	0.448641997946062	83
-0.021908188881809	1.20575875283705	29
0.045246825788946	1.24417903775923	29
-0.087105401440803	0.753605440300788	29
0.051360833740335	0.889034099229577	590
-0.048149094755123	1.02930411289772	32
-0.095576687280453	0.416717623015721	32
-0.011117903036957	1.14458646308428	23
-0.061006830976189	1.66848585068029	600
-0.00622634188531901	1.02721636380789	600
-0.112555615948152	0.743213546707374	1198
0.093005085710161	0.452102465745642	1198
-0.00472763705927404	0.778198100162877	9
0.021038816079002	0.98190114177284	2835
-0.0985277996610689	0.408448081206267	2835
-0.119425912225304	0.796842563061597	36
0.00916415097372203	0.326595495683692	11
-0.022963708701472	0.561618634168528	111
-0.045247147258576	0.871004025340481	11
-0.083979670487888	1.0745935061891	11
-0.028696573530235	0.980446017069086	265
-0.051281501502311	0.846941240402895	265
0.054476235125959	0.575589108283174	3
-0.075452483491515	0.541489277709161	3
-0.015245357192979	0.42752907437019	746
-0.074145993593421	0.886426129777207	29
-0.117131863149381	0.297070487699706	864
0.00986401605334397	0.327745382331889	864
0.093789447720126	1.46665919050279	29
-0.014505751693504	1.03545069005372	29
0.045219716893752	1.00969160552555	29
0.00772310037311896	0.316787321618208	71
0.0673902293017981	1.31040651649789	23
-0.052600613037689	1.61227772263524	9
-0.0946254501182841	0.741947017922814	9
0.032939778258267	0.796331504609303	9
0.041056542117773	0.655311936925765	2835
0.019050951732878	0.964429282997777	9
-0.0931084023215431	0.929165718199146	36
-0.017819924663428	0.427631677898521	111
-0.038168386340437	0.777700146903939	111
-0.016930635848758	0.87852716070524	11
0.00986401605334397	0.327745382331889	11
-0.093122528883768	0.654812944170258	265
0.00845105661557999	0.326919841231667	828
0.050389024528934	0.544408836683906	828
-0.015417474803706	0.438337718361753	2382
-0.013288481262688	0.436089978103716	286
0.064944353208111	0.534217641073417	286
0.055405787988439	0.550139972331871	286
0.093653270639297	0.454702105336875	241
-0.00780850724120996	1.01399454278175	29
-0.090734924253344	0.755348578528125	29
0.056140312185101	1.35817361006108	29
0.103107797975821	1.65019174877033	29
-0.011720469800764	1.22197412569017	29
-0.015535036500448	1.0202740674272	29
0.092779760915876	1.5805741690945	71
0.071549437989815	0.898931232092016	600
-0.01959134127554	0.546110819549276	2835
-0.090066620982097	0.649847123712549	610
0.0283851723409539	1.55998571684519	190
-0.078024422550546	0.553133712495113	190
0.107716250939456	1.15902422369574	36
-0.107058583770203	0.912830565085886	36
0.022501222442231	1.03279254370064	11
-0.038294429019846	0.761704959109016	111
0.097187867550078	0.684939160710711	111
-0.116611444203121	0.643759067199583	265
-0.00604376041333798	0.716112839223566	265
-0.056200289027299	0.835921098736188	828
-0.022801167309665	0.873199877111179	828
-0.015892356246104	0.685467338247412	828
-0.095431668903618	0.709452721048675	2382
-0.122624064829677	0.293244123835198	286
-0.010475700242373	0.430682427751401	921
0.098460807701291	0.454586639495398	128
-0.024310632007772	0.527587203591591	128
-0.119668124187342	1.11951186726366	29
0.082011951189696	1.23211436811704	1138
-0.113725277402245	1.4351585509512	29
-0.08841817354239	0.926020905746219	1243
-0.123705039678204	0.814031826195306	32
-0.031263824850409	1.54554607348561	1431
-0.041100205440425	0.770509130305549	9
-0.026028085429181	1.02020929458789	36
-0.055571514190107	0.84073663711436	36
0.00309718414558402	1.07133078460637	36
0.010759096838583	0.973551160414539	36
0.048539835022413	1.04016864038952	36
0.079747249859168	1.03673433123022	11
-0.119974588507214	0.584639585709685	111
-0.122126270653064	0.622225477929706	11
-0.017956482804645	0.633223491945769	691
0.053086841975781	0.570280775249146	286
-0.02805523249881	1.04824066781569	29
0.0966431630257451	0.695425560385547	29
0.024620623341523	1.08967411856275	71
-0.089907926188105	0.990189658243111	29
0.051701424544365	1.61333182389018	29
-0.069179254751653	0.910061486207936	71
-0.017227176354247	0.424304212150771	32
-0.054633094750156	0.936474090544833	32
-0.112862241852522	0.744811508202164	600
0.095417948162523	0.455739768989181	9
-0.091006064153602	0.900115088420907	9
-0.037382645450871	1.16349418050252	190
-0.118865181358567	0.518391855030872	190
-0.111589922446228	0.975008543215984	190
-0.053937417685871	0.844261452912901	11
-0.012130610691592	0.859013168609723	11
-0.08867649360827	0.63329516494613	11
0.038274762336768	0.863109414487	137
0.035610254962283	0.780104139875302	265
-0.041351372588038	0.766420147186078	265
0.0415113873897131	0.80471601537617	265
-0.016859037220151	0.661284100811695	286
-0.014056887024296	0.439262910715036	921
-0.073220876767136	0.534795510008843	921
0.011406221851062	0.327802172715368	241
0.095574788079457	0.463024390677815	241
0.100525541575492	0.67253546442798	128
-0.088360740966994	0.757867279890348	864
-0.062291900230846	0.607089398400405	864
0.023423444548619	1.12402954254112	29
-0.00300848284838495	0.98554309589933	1138
-0.066841653490448	0.826446755406498	1138
0.0837814585782381	1.19548118375519	29
-0.123532235153961	0.608437643924839	71
0.102445389848067	1.2117180813127	32
-0.00630315406022797	0.787869536585235	32
-0.091226083180166	1.08527542541561	1431
0.083321379331083	1.60539670385239	600
-0.113171971441393	1.4586263590809	600
-0.015845905660416	1.14018008951545	9
-0.106431412934962	0.818408337780357	9
0.00636896129487297	0.885083484824285	9
0.027234780650027	0.954467752846127	190
-0.114698515818321	0.727784339321536	36
-0.097146366354665	1.2096521928806	36
0.043905118578066	0.916581327203851	11
-0.0479549867803391	0.863790733947335	11
-0.019006045042121	0.557316230010013	137
0.105370271278155	0.697323471811316	265
0.100869487681943	0.451229665222883	691
0.00726673364330199	0.889102020904506	691
0.034422417149059	0.783073597092604	3
0.089119197570893	0.445107316479639	286
-0.122006032946107	0.294000432502212	83
-0.114536610980494	0.303993219626647	1674
-0.028236485545696	0.739001976271643	241
-0.015069306022953	0.43057593965086	241
0.088076998262414	0.432523929417512	128
-0.014892542974384	0.425031573169012	1458
-0.014474400500479	0.429173135281892	29
0.054929339519881	0.554289080701635	29
0.096231129177918	1.61342748803164	29
-0.094702366926306	0.971293269137369	29
0.00150177315718503	1.29276395392849	29
-0.10367712784268	1.22182076140533	9
-0.038782379009956	0.868397985297367	600
-0.0565453172878571	0.832416004777702	600
-0.062812531437655	0.613784664749832	9
-0.121634535215497	0.539712033695407	9
-0.048868135499949	0.85930670132485	9
-0.101900315870588	0.411501817455051	9
0.050367680497496	0.539164216334723	36
-0.03693891114698	1.17201502949424	36
-0.096576758148521	0.997582143417248	11
-0.120549431240077	0.889631023507302	11
-0.069397462735617	0.846224562675997	11
0.084931168504675	1.03075077348524	11
0.025001253644903	0.935400532001233	265
0.081890311624539	0.938841456394825	265
-0.114691843248517	0.746010271719457	265
0.052279641014681	0.565375384060665	691
0.091683426109482	0.443354606144285	286
-0.100484818311914	0.406434257804117	83
-0.124642553924261	0.18816233507733	128
-0.017227176354247	0.424304212150771	1458
0.088000702216569	0.811907521371767	29
0.091312544603682	1.09857116549698	29
-0.063898947111236	0.895942602173956	29
0.029350240367781	1.17805883029626	29
-0.028521715181218	0.843981744866325	29
0.049205364799066	0.567262677695297	29
0.104342906293735	0.713050608253085	32
-0.088754045294382	1.53683983032801	1431
0.050531542357781	1.02876529769034	600
0.015845622410934	0.920137724769554	600
-0.120022456668657	0.295071200113915	9
-0.092067867464937	0.720686947681663	9
0.120980339301688	1.31487954613548	9
-0.104793646576331	0.725995801600456	9
-0.000608251298719997	1.07954338792233	610
-0.106845492640675	1.04874347064021	11
0.08089069713856	1.21550169601478	11
-0.051564941850801	0.643038036955791	11
0.05272178929395	1.010091499934	11
-0.097681416507384	0.703384196894077	11
-0.016552397173934	0.654946056636523	265
-0.119023997734447	0.521870906880528	199
0.096177805641235	0.461006924813787	199
-0.00691775395351002	0.733560425731299	3
-0.102579450286072	0.40656995862107	3
0.046348489646403	0.553548451674688	83
0.0973590288516371	0.652213263479214	1458
0.057317252329279	0.567468801141487	29
0.117016538380778	1.01875377035897	29
-0.113347905993791	1.00893814152351	29
0.044393220330724	1.22448758947489	29
0.073672747413899	1.4220957627158	29
0.116401193473806	1.25355992005315	29
-0.058706001027532	1.06849944783285	29
0.083504168606564	1.17857657992215	32
0.101995363482315	0.719932199827503	32
-0.00648295561768197	1.45500260499418	345
0.021456021859427	1.00757899560555	600
-0.122379646015019	0.636835284502111	600
-0.058499448100947	0.65336488833519	1198
-0.092310856262043	0.746512936465959	9
-0.118861154277561	0.957007980462492	9
0.055905157477646	0.937608076888444	610
-0.030713877322021	0.958643505240106	610
-0.064812732749709	0.753370221885933	11
0.0574488576444781	1.10582962801562	111
-0.093835318535465	0.632612228246161	1731
-0.082594061689349	0.640341533250117	1191
0.023264464533627	0.620106072863023	1191
0.101365902304731	1.21466507333778	265
-0.00817252489216702	0.975890516937005	29
-0.105364080479349	0.973627034884366	29
0.087213520853074	1.47431716228914	29
0.101688663451071	1.53957102837451	29
0.082409718035535	1.41172492614794	29
-0.017405437662965	1.09360888757468	29
-0.00883022310551196	0.776897519056827	29
-0.112696390959472	0.291827881259587	29
0.02146616179312	1.0804235704782	32
-0.09804703523999	0.612258097034369	32
-0.010494931021019	0.660700486041661	23
0.00227568229085096	1.61405118174295	345
-0.066992953733077	1.45105057801725	345
0.046222712619601	0.898434499899123	345
0.010867780073168	0.959878387915365	1198
0.032967172620361	0.682335563090669	1198
-0.0181386496378551	0.673256160132422	9
-0.077547270075211	1.14674119985382	9
-0.035181016467964	1.12218582052041	9
-0.087467118157565	0.796720250096186	610
0.019350705177708	0.87004133178215	610
-0.115153663606376	0.301127275964184	564
-0.124230325522105	0.524953998035416	190
-0.00340549916275101	1.05302828673146	890
-0.102781713728194	0.883223859128641	36
-0.000878161603155014	1.20232700507589	36
-0.0286702966806071	1.00754986513194	11
-0.090471064654904	1.12203109047425	11
-0.010846818380907	1.07443891689041	11
0.095574788079457	0.463024390677815	11
-0.068328461996289	0.611636216250919	879
-0.093229907577634	0.639052907201932	199
0.00521173645908801	0.3212736028767	691
0.047977344659266	0.577227856338616	3
0.033823395391136	0.697189971885643	83
-0.011221412107953	0.534772761415367	83
0.091642117971121	0.451479966383651	83
-0.023798940205597	0.533941224255317	27
0.018900279339899	1.13985701056059	29
-0.012483722235183	0.660570755508637	29
-0.015583207944591	0.686836751851402	29
0.00843806909834699	0.325281331262212	1458
0.05464121787528	1.68936496243936	29
-0.068801845423895	1.24123963916289	29
0.025198036610835	1.32921391150792	29
-0.076654454009258	0.909523845345111	32
-0.03135076151922	1.64129808179552	345
-0.015793052975254	0.867123158559032	9
0.00834531293756502	1.21306989859659	345
0.029890330001478	0.751789889424417	9
-0.081098636843531	0.539026407883124	9
0.015399594945003	1.41450180667357	9
-0.101609696559028	0.905350715379169	36
0.110491547039239	1.38059178351827	890
-0.058384505591871	1.09347938850905	11
-0.1114594248151	0.836218882918199	11
0.017155522963322	1.06090749206515	11
-0.069337070680176	0.747473317091692	879
0.00916415097372203	0.326595495683692	199
-0.118646066209052	0.297313196368188	691
-0.026276696310477	0.535132205457684	3
-0.101986138157922	0.396758621843131	686
0.0823325544485311	0.805413380394937	83
0.093005085710161	0.452102465745642	1458
-0.01450483113677	0.660995976014548	29
-0.01740907282033	1.37219069296328	29
-0.045740552834605	1.09118193965371	29
0.026853825317525	1.24075456298539	29
-0.109970573922555	0.612876808937485	29
0.0794881620650511	0.93989696115039	32
-0.120170972376751	0.295346357516002	32
-0.086678133545719	0.756301215676874	32
0.091465385534065	2.14007661409445	1431
-0.019101813383417	0.64061813794068	345
-0.025201885581126	0.401897562147147	345
0.048922573692509	1.26504002535907	345
0.035464144336914	0.895300153443341	345
0.012815263476823	0.330614076431107	2843
-0.122009625302342	0.941735240532104	610
0.057767325142008	1.09012741335875	610
-0.088206247738182	1.0824114869715	610
0.102855813358664	0.712122902346813	190
0.063626473503587	1.26996432000362	11
0.083183013584784	1.02080307855105	11
0.093161814663994	0.453679265021089	11
-0.0950994293435819	0.417117359370448	11
0.11251539214518	1.29515057454502	11
-0.082531253414012	0.532541902357825	137
-0.015417474803706	0.438337718361753	137
-0.085849251757832	0.822350769440562	265
-0.00576183381387196	0.749251225498348	879
-0.0171652233984479	0.660972192732849	199
-0.00808738405804699	0.421904402379459	199
-0.0140665821906431	0.661051393547821	3
-0.077115481906565	0.520306770688607	286
0.035453248195349	0.778534983409179	83
-0.025770130951275	0.559410948145369	27
0.100591439148094	1.34928081907247	29
0.000875062390866987	1.04692890129271	29
0.043164300507007	0.911932397832443	29
-0.118646066209052	0.297313196368188	1458
-0.084738359734267	1.11080169373985	29
0.076434155886127	1.31931519270332	29
0.081289745557514	1.52088104728588	29
0.011379934757881	0.880448369155865	29
-0.117283094084173	0.295905464637686	29
-0.11802729788451	0.289998046781542	32
0.042959621611807	0.981864090688731	23
-0.096315984220313	1.57802765253534	345
0.043277746906535	0.818423160384572	600
0.080962902404085	0.906373743448962	9
0.070590024003688	1.7382279503843	9
-0.120526930427095	0.53498565573202	9
-0.095101157484274	0.73246957676528	36
-0.118241815566943	0.717312208858773	11
0.113471201307686	1.11969377139695	11
-0.057561000960632	0.645617870345793	137
-0.051853207287515	0.83720330028201	265
-0.026594371447499	0.781744911748307	265
0.00843806909834699	0.325281331262212	686
-0.018050491252491	0.435487749579658	83
-0.0951120795602171	0.64564161244321	83
-0.097941091615433	0.404278947947079	27
0.078279782711995	1.11567786368734	29
-0.054362419839069	1.15485315185785	29
0.08794941616106	1.56167221296597	29
0.035509045442444	0.681225938783524	29
-0.043211637716208	1.4088987094122	29
0.108998993805632	1.20487497601637	29
0.113642811796664	2.04415166146923	29
-0.053152856891923	1.11892595463044	29
-0.052349862436722	0.848370364658064	29
0.0846026554709171	1.01789246287562	29
-0.064903738260353	0.732655369412465	29
-0.119884155669686	0.29560603021401	32
-0.019225715915736	1.10047844451722	32
-0.062848600696883	1.01572740318163	32
-0.106330959422464	0.808301576053278	345
-0.0635696822349781	0.765158888484531	345
-0.123417192225225	0.594853783511136	345
-0.117750032395489	0.298128631090027	9
0.116750722954343	1.16605315544391	9
0.044248457306784	1.26529125731423	610
-0.120631754085893	0.286890752661735	564
-0.119265018768808	0.298378667440295	190
-0.117231710258239	1.02761479252374	11
0.083863483491017	1.23064903948305	11
-0.037231151000411	0.9418359398314	11
-0.080212691404248	0.530309406877924	11
-0.00381210663408005	0.789404866487024	11
-0.077184251070637	0.5511698430901	137
-0.123871525549429	0.631504766188349	265
0.11882156733967	1.14578621982398	265
0.095451890622629	0.445094204828488	103
0.09649363467756	0.457838794467596	199
-0.122165703193928	0.28428258643876	199
0.037988642589933	0.688627645188828	286
0.048545212746407	0.557076976988247	286
0.038229591430332	0.692408584918007	83
-0.098823969090542	0.411248883218752	27
0.0396554714870661	0.694236994395959	29
-0.0690890591245	1.16265145440122	29
-0.085972404206777	1.3260437253487	1123
-0.00291489804350398	1.0669641984348	29
-0.0126958623961529	0.432612975633488	29
0.08141319162746	1.23009722019406	32
-0.019589302289055	0.433143762874894	32
-0.063282002078763	1.00656165324645	32
0.092865896873267	0.648644366548843	345
0.00843806909834699	0.325281331262212	345
0.054020239062119	1.01907509203409	9
-0.118040042517046	0.298607007805695	564
-0.106202181351921	0.803469390105434	36
0.00841166669827698	1.24265164624528	11
-0.08751009765436	0.654286954161216	11
-0.098246862274377	0.629138830190563	11
-0.020191534019959	0.854022136003337	265
-0.018984664595148	0.885276483257066	265
-0.014741145502525	0.684448012072199	103
-0.012429285890426	0.431543650696714	103
-0.119884155669686	0.29560603021401	103
-0.029153123063181	0.531389914468831	1329
-0.021243054682882	0.552611078493722	83
-0.034384750391239	0.49701348834224	213
-0.117131863149381	0.297070487699706	29
0.098902909147379	0.449048017168821	29
-0.093771989040032	0.477754435149723	32
0.02668527987853	0.738812920376355	9
-0.013985541356075	0.548435746084399	9
-0.050899903366651	1.48986291210271	9
-0.062765705498255	0.744235564580569	610
0.00916415097372203	0.326595495683692	2122
-0.117131863149381	0.297070487699706	190
-0.0902460535214909	0.912919123933779	36
-0.018562237635051	1.22143726190597	890
-0.0591773146430979	1.17167240452527	11
0.0997037734831629	1.59646528134549	11
0.10502150637336	1.24415314301778	11
-0.0430757419582291	0.84147790682001	11
0.00845105661557999	0.326919841231667	11
-0.023657724706551	0.397469983400087	11
0.010180329703953	0.893144435896551	265
-0.0148244924635	0.439555632965869	137
-0.101267052737223	0.404635656531585	103
0.094525604446597	0.448641997946062	103
-0.008780301380371	0.664323877085031	1329
0.0807177219487371	0.779464485834519	686
-0.0164599656351631	0.422916627433467	286
0.011391261254977	0.321094987246915	83
-0.111180131942057	0.291805570034383	27
0.097970461569699	0.689252311944595	29
0.100202277816162	0.701427896755468	29
-0.036328060667341	0.76472330766409	213
-0.077827316227164	1.05322451659974	29
-0.00668275488159498	1.30264017224966	846
-0.049726995065443	1.01319220462855	29
-0.119272870009067	0.290405801392555	29
-0.014892542974384	0.425031573169012	29
0.094010324904202	0.692378721354601	32
0.0110952416660161	0.901521693096485	32
0.056540074350805	0.977636996238454	345
-0.056033555319618	0.66333839360788	345
-0.073753892906197	0.725530476015841	2399
-0.122329594515247	0.519970161998955	2399
0.00374967615163502	0.318868432860987	9
-0.065915673905203	0.767403686298214	9
-0.120152278998073	0.638181925260533	9
0.045089177111767	0.725974338589874	610
0.0712708086439901	1.23303085125069	890
-0.00712991550266695	0.753445214564948	11
-0.122008290580028	0.964456952701597	11
-0.050488256019733	0.840057446105605	11
-0.073207580456814	0.804744323074651	11
-0.119265018768808	0.298378667440295	103
-0.088399263156415	0.716722078649714	29
-0.060068674816684	1.348227580084	29
-0.095686172794907	0.421640120205703	32
-0.110310463338	1.20376758487006	32
0.048007724793123	0.8765477215338	345
-0.034309194956292	0.965449260801228	345
0.00203853123272202	1.03892720640548	2399
0.050009315283271	0.990758516394087	2399
0.012815263476823	0.330614076431107	85
-0.107163189081667	0.375616922966382	9
0.090686790053694	0.921572169148329	9
-0.0846433353662141	0.653939557484429	9
-0.10183947869726	0.399650650779219	564
0.083784749204897	0.798261530093946	2122
-0.010832430258608	0.893039759285598	890
-0.078982606556635	0.921262130693302	36
-0.0833940994496279	1.0355791725286	11
-0.047435422523617	0.653792483836265	11
0.0985742651034071	0.687503331798839	137
-0.118656365815889	0.297836218233965	103
-0.018588620838075	0.661699738935208	1329
0.088805329337342	0.434110265308964	1329
-0.011643709462575	0.661407466319265	221
-0.08958604027415	0.643227592513535	83
0.037722099308	0.67782038224067	83
0.000745331158128026	0.303403645126741	27
-0.045932136760291	1.09942989498722	29
-0.0296555546755231	1.18006542290556	29
-0.06683530129243	1.07267049566527	29
-0.061316310767525	1.24212333557538	29
-0.056378551146602	0.924053329588451	79
-0.042291673302123	0.835885065974472	79
-0.123716515496819	0.681241516902386	32
0.033609588519439	0.801493894190303	32
-0.088553477100376	1.39118653859194	863
0.031083591616894	1.6918498419392	9
-0.1130375296482	1.04662762121017	345
-0.026391753693519	0.378761825181098	85
-0.022393652772433	0.5657336160891	9
0.026027458998612	1.25590544556842	9
0.00856137764170595	1.12227976871178	564
-0.08139236082961	0.516347855306049	36
-0.09310837424769	0.739345887357055	890
-0.087988858591787	0.758258635040429	11
-0.018363816775642	0.678536598417739	11
-0.120662688254942	0.69937106061661	11
0.041451658618509	0.904611768068357	11
0.084246551213045	0.913053248196064	11
-0.021566401555161	0.565224492445068	11
-0.063761442140394	0.916761592415457	137
0.100457602640817	0.68689874748662	3
-0.079374291932819	0.535060972918997	1329
-0.028001810249098	0.541857666685639	221
-0.119023997734447	0.521870906880528	83
0.051986976860306	0.574081941462632	83
-0.05793194651051	0.631676753202314	27
-0.019179445357187	0.425581259784394	27
-0.090216898274824	0.755621956766554	213
-0.09149690410575	0.81034572391427	29
0.020963711377441	1.23589266965944	29
-0.044051567560092	1.30865011270959	29
-0.0720694173851471	0.845574052583364	29
-0.106711463924725	0.817823110953564	29
0.048159079181569	1.1075058935936	29
-0.017955067991427	0.853991777748662	29
0.020956127890064	1.06283693876337	79
-0.0434391214663991	0.737922806071517	79
-0.079730552503911	0.529186735908468	32
0.107122473205965	1.63100605608229	9
0.0935264247827891	1.55763770385907	863
0.068117507904533	2.33612119538531	345
-0.113037292080097	0.956582644936497	345
-0.064855270604308	1.20891705655086	345
-0.058819038091676	1.04872907277015	2399
0.0700393406872351	0.875958976897873	9
-0.031163126665253	1.35764539712793	9
-0.024419655973133	1.11571516924317	9
0.028660781828782	1.3019717406652	610
0.102700834673484	0.70702788371186	826
0.042930809002983	0.906891625719215	36
-0.119139343682137	0.879628065987641	11
-0.059528627676055	0.72656459517625	11
0.010778308675749	0.869688728733298	11
-0.015382837322227	0.657786743965563	103
0.110902573347704	0.871287196237391	103
0.102839909083796	0.713142665660787	103
-0.099012852121547	0.408258841541543	103
0.056735634732774	0.563551947686769	221
-0.019070087783151	0.407351102328397	221
-0.11847329912313	0.618394432504648	29
-0.064082076271219	1.07236654377665	29
-0.106887761316232	1.04954534883657	29
0.041547428381029	1.25625808409313	32
-0.110994015170557	0.911060146290037	32
0.00305096641730196	0.311892259699299	32
-0.00959275865204301	1.1309615690097	32
0.032027851324362	1.59140713483871	9
0.018339684339081	1.89197953116295	345
-0.090663975860416	0.845541622664241	2399
-0.037535127909715	0.767498739591728	9
-0.066927841709052	1.2956516614216	9
-0.017354741342033	0.553205292221113	826
0.104543577330408	0.724145063171088	826
-0.00417743079689104	1.17587967711294	11
-0.05035269918994	0.798463707944836	11
-0.049035510488164	1.08622091500187	11
0.075650563507035	1.06478505231115	11
0.093161814663994	0.453679265021089	11
-0.00993110209482095	0.670770389619037	137
-0.120958856536184	0.617283965867525	103
0.041031891512065	0.531452609310628	103
0.100472522943643	0.670530489893038	1329
0.030794644202075	0.655693248730428	1329
-0.100484818311914	0.406434257804117	221
0.00845105661557999	0.326919841231667	221
0.00444822436740999	0.313196978201498	324
0.095732307356114	0.459844078730087	324
0.00724787915150404	2.2198609802504	213
-0.080361466904079	0.917362386742907	341
0.100512654746129	0.708286920374859	29
-0.114676972694715	0.302973712143562	29
0.03802629529882	1.33486707619018	29
-0.112842330052449	0.82521273084653	29
0.113878760979781	1.21676572561934	29
-0.064872185379218	0.919586616236424	32
-0.085920106873226	0.748093966243389	32
-0.083790911530394	0.751633502062642	345
-0.116336832683493	0.721181284087263	610
-0.117270605356899	0.290868955563158	765
0.038402243353315	0.746753117862729	765
-0.071263946603995	0.538851590469342	826
-0.056590242319893	0.985613201943923	36
-0.096210163142816	0.952432502888988	11
-0.108371895749036	0.74847766741869	11
0.084722386522803	1.21753914487662	11
0.030964957345748	1.11577345436206	11
-0.113322399297547	0.744354230011346	2560
-0.075145507492128	0.832936112054972	137
0.094211368598132	0.453251119625554	103
-0.079984640492195	0.545219156200596	221
-0.00875990901609802	0.414922995411308	324
-0.025972753280573	0.401064656633448	1084
-0.00241607986972903	1.82550597167689	213
-0.11955459142478	1.69196368629741	341
-0.060920925280991	0.973153925925632	341
-0.040040022741871	0.693147050125034	32
-0.00710044959131195	0.987924910742003	32
-0.101325012718777	1.56813265877841	345
-0.027503719022812	1.0212257812696	345
-0.052119320938087	0.924924366847954	345
-0.057700212105045	0.637492840246749	2399
-0.049409953824305	0.659839134042861	9
-0.0687329549881051	0.726758674277913	610
0.093653270639297	0.454702105336875	36
0.094368082928572	0.439692073715882	765
0.090327062110104	0.436167207184607	765
-0.034860233817039	1.02157195424359	12
0.051346717265065	1.20597308795344	36
-0.026963141730592	0.970921065780952	11
-0.00311541114226999	0.957271977749672	11
-0.11495935515198	0.81941556763072	11
0.0963353799518341	0.464436730807127	11
-0.016204870007079	0.551884202163094	11
-0.123437702556497	0.521827695926804	137
-0.121454463706394	0.636108757940908	103
0.093608273210578	0.439980246214164	157
0.103120151481952	0.723879535248528	103
-0.0149984754885431	0.433411348793289	221
-0.079646436456475	1.54737930000253	341
0.027036466248854	1.33034886287379	341
0.0121183413884211	0.329453468473609	29
0.036422847231474	1.10480731792274	29
-0.00509976108286103	1.28569469037813	29
-0.026668528101249	0.972446145322251	29
-0.097250940113941	0.417127027021194	32
-0.000451104481279052	0.969362316944186	32
-0.0864724488879211	1.83770594756754	9
-0.01067296137193	1.01208699929847	345
-0.077756639593077	0.541382153705441	345
-0.058274953193769	0.839580614229218	345
-0.00936531117283801	0.403924106993982	9
0.107487564477086	1.73681681672011	610
0.081399689744329	1.62328454290427	610
-0.086950066717732	0.814413283639538	610
0.086931757196312	1.68304295908486	610
0.108796084991411	2.01314318608437	36
-0.115294236440396	0.30409465501509	765
-0.049660181214703	0.649060432266832	11
-0.102874219013055	0.906873414360846	11
-0.034544345010837	0.760810462892646	11
0.040833904092267	0.986238027513256	11
-0.013915173163919	0.966912815852051	11
-0.029700748453671	1.1181755461103	11
-0.04478200386607	0.848202913079181	2560
-0.020313649567814	0.84268468776491	2560
-0.079387975678529	0.506859759988089	103
0.087441008304361	0.438271231575728	157
0.00451985296836199	0.314187545812661	1329
0.076017740061534	0.748917789838054	221
-0.020996678142045	0.564253842547263	221
-0.01559129855291	0.436929068969342	27
-0.095178317209429	0.648778427000508	1084
-0.097319499842237	1.3482975385295	341
-0.120020196412944	1.53565875812415	341
-0.101312207360061	0.408373994434147	341
-0.113144241856422	0.831964753548404	341
0.01003340360103	0.898639908477214	213
0.020082743301954	1.56006154920873	29
-0.0937708720913441	0.837721720448718	29
-0.082383802129903	0.912876988478375	29
-0.00215416782401601	0.771897214861293	29
0.08679101559869	0.805080408231189	29
0.00538069426389298	0.825873682241675	29
0.100108057610625	0.451459236440165	32
0.097756824282235	0.719432189096355	32
-0.080226349305824	0.508136018568288	863
0.075574182347613	0.745646459170594	863
-0.0997543452652609	1.69143683502649	9
0.00842515956498802	0.309167694316217	983
0.053468530034985	1.09093534385652	9
0.107437318185328	1.86460008211214	9
-0.00650062751532798	1.56335683380873	610
0.00915170945552402	0.328075522385039	765
-0.115153663606376	0.301127275964184	765
-0.098373082011759	0.40154764701222	765
0.09934719699151	0.447617217146953	765
0.068616425211439	0.965719942358197	12
-0.102539407152253	0.966919218509604	12
0.103120151481952	0.723879535248528	36
-0.10780238848016	0.876804758172581	36
-0.058599540056919	0.645986367921125	36
0.09017708347153	1.62256527675177	11
-0.090242826433823	0.806403441441607	11
0.013594213550145	0.885984597708472	11
0.044897387486974	0.560765172335576	11
0.0955115809060531	0.691738131785226	11
0.00916415097372203	0.326595495683692	11
-0.084862566619999	0.752406645094166	103
-0.022063293652573	0.635537794599618	103
-0.0743446642172691	0.537296416593856	103
0.090883129520316	0.445529571041891	103
-0.088207071412207	0.649997838911761	221
0.048189441510448	0.552352836046891	221
-0.118899974340949	0.467771558279522	1084
-0.077223196503551	1.93102854766158	341
-0.014839158750057	1.08577722324503	341
-0.020806121155574	0.6509412888639	213
-0.00906110256510995	1.38336939024774	29
-0.048682483127357	1.28720617496495	29
0.088700169320355	1.08646243905663	29
-0.014504056476064	1.28799432294084	29
-0.064531887559338	1.21183575434056	79
-0.036971832951854	1.23455066657889	29
0.014964962257785	1.36779559860072	29
-0.00707966365465795	1.28795224972768	29
0.00682515377666904	0.314965711718028	29
-0.114059891336817	0.295353504482584	29
0.094055318060811	0.444848601121705	32
0.103217002062292	0.691617310812904	32
-0.089523742249595	0.742304459926531	32
0.088275646230095	0.943778925452226	863
-0.087819748200284	1.85803692707248	863
-0.105954128454274	1.52089357638939	9
-0.010849444673581	1.13235135997897	345
-0.037535127909715	0.767498739591728	345
-0.058614768463665	0.983709492194595	345
-0.012937386268093	0.917220928673089	345
0.012815263476823	0.330614076431107	983
-0.0583385759271921	0.768538055958629	9
-0.00939926742627095	0.668556847177847	9
-0.0329037231110571	0.81422065933723	9
0.045073236198795	1.08992435687767	9
-0.038321483379587	0.854923242155353	610
0.119590950707769	1.13409554289169	610
0.012829110730087	0.327325394797866	12
0.033844408218429	0.676543065997198	12
0.077673125253533	1.5537152292832	11
0.085345976124195	1.40109884529895	36
0.017750566163676	1.33526966636414	11
-0.052047465167172	0.639374175198189	11
-0.03906063551725	1.16355120316343	11
-0.0634917698751301	0.929102842925409	11
0.035489893983902	0.674997031008944	11
-0.07661996650166	0.546601046942147	11
-0.022453253819522	0.64542937241652	103
-0.016552397173934	0.654946056636523	27
0.080404025312717	0.830468947074743	665
0.120212044548685	0.90087672146542	665
-0.017052645855162	0.426205631030346	27
0.043278636751148	0.556237032776659	324
-0.113420675130336	1.90025164530649	341
-0.034891655411187	0.860430246186318	341
0.100426994636493	0.444639234151351	29
0.017469943659855	0.962436055561937	213
-0.097723644538562	1.17187705900895	29
0.103633932026036	1.65971331762908	29
-0.122607518625259	1.05059994437224	29
-0.016550336640939	0.524652665655267	29
0.098902909147379	0.449048017168821	29
-0.123794879437659	1.44607973251716	9
0.096264477379612	0.696109581677887	345
-0.012624332700559	0.645700399536719	345
-0.054137586179795	0.672229794468831	345
-0.121314202241793	0.784849124585529	345
-0.095882103492142	0.416174855475214	345
-0.115728653358041	0.277837691026611	983
0.00374967615163502	0.318868432860987	983
-0.043426946629437	0.760570013677262	9
0.00448831815457296	2.03984503493059	9
-0.092433443127915	1.04879181744728	610
0.035906052426201	1.29816862675086	610
0.092407713034411	1.76445095893896	36
-0.055335696204196	0.664761374150818	12
-0.0962929512412271	0.731711476490253	12
0.017142320545173	1.10595014380103	11
0.124759837518049	1.33964993321697	11
-0.029428496823527	0.967112995559587	103
0.034956196906092	0.65275088470933	27
0.016655933160208	0.318484379312266	665
-0.100332372735309	0.421969096405057	27
-0.084497925716763	2.0951742326177	341
0.02700107885346	1.80347026384053	341
0.0741903927551349	1.14873420524114	341
-0.11878813518358	1.02793558921445	29
-0.028946639009078	0.975031726837319	32
-0.068120649234606	1.60623380170794	1199
-0.078781126171409	1.18640788425936	345
-0.010964918190348	1.51810624101635	345
-0.071072466072408	0.74065302076135	345
0.00444822436740999	0.313196978201498	983
-0.09340935131522	0.630502812789818	9
-0.116809390049598	0.293721740896973	765
-0.072747406732775	1.00030946977173	36
0.00227467825459504	0.981395863649938	36
-0.120013032619649	0.723888200235855	11
-0.100752133100126	0.730182077602187	11
0.07857330566335	1.07824899620142	11
-0.028381169188999	0.831178467886817	11
-0.120957225999575	0.632851229877354	103
0.093922524018092	0.450507601829713	103
-0.123381252461113	0.292344338264707	103
-0.022577316050907	0.422977444788217	103
0.0349214875216271	0.703047825425463	103
0.099381727074191	0.69888400610647	830
-0.019589302289055	0.433143762874894	221
-0.068645474356033	1.41801701096853	341
-0.041806409220766	1.48075608122378	341
-0.100481216777375	0.381783852424342	29
-0.0335042875984189	1.18268140539936	213
0.068618730536905	1.46099279186486	29
-0.067393521622648	1.2500936959054	29
0.105918078195172	1.09015748541875	79
0.019292358864165	0.962890989756707	32
-0.07654873979802	1.0624933887718	1199
-0.015417474803706	0.438337718361753	983
0.017935048783505	1.00237548743476	1297
-0.093588706098112	0.634166468213321	11
0.108361630291222	1.2246981335181	400
-0.049066833779596	0.662600895300812	1279
0.014602464374649	0.899215768851282	1279
0.083473943213445	0.807811853845582	137
0.035273773823136	0.785146314290691	103
0.04408778300423	0.559887447238456	103
-0.022972504298156	0.528786602058019	27
-0.098723208029064	0.421501951429863	830
-0.095686172794907	0.421640120205703	27
0.0924016795002121	0.45401840587187	27
-0.00475893407219896	1.59111550254534	29
-0.024034068722788	0.54901594579396	29
0.00795280084933903	0.83694569099563	29
-0.114172839362441	1.16875243341623	29
0.096077663580372	1.77467837960032	29
-0.103087968895958	1.0588754498663	32
-0.094561667974607	0.634939275671769	1199
-0.023778888914865	0.547134952657971	1199
0.049786228744537	0.572682664348742	1199
-0.114413001745734	1.6688715593622	345
0.112980327780033	1.44647501785725	345
0.116024847078413	2.14067592746323	345
-0.119403113030434	0.294041585897601	64
-0.034610782630361	1.25888355869481	11
0.05162756658919	0.575468103927025	11
-0.025451036436007	0.537093099415061	11
0.02877011088245	1.24946658767188	103
0.123994225544484	1.02807289956531	830
0.013583360967604	0.319491144297331	159
0.0121183413884211	0.329453468473609	135
0.019166054719019	1.00302427696183	29
0.02855387899964	0.673182064812906	320
0.022400628369167	0.991855526986059	29
-0.105879656294022	0.586746235025913	29
-0.063712040044468	1.06955005348086	29
-0.025398064324655	1.36217986292409	32
-0.111425106899692	0.519498356384835	32
0.073148218568129	1.0137942231946	863
-0.088634658195318	0.638191643153999	863
-0.023816639222878	0.865875475524771	9
-0.07321279924391	0.988339358211911	9
0.024656259006523	0.983530226321596	1199
-0.072513315864421	1.09849034421258	983
0.04194300219393	1.41646374818319	345
-0.012946406592934	0.87575769224791	345
0.121491364632308	0.957955095330309	9
-0.090066620982097	0.649847123712549	688
-0.059720654142439	0.65991427177335	12
-0.091412832082844	0.603530026232021	12
0.102974694188722	0.391445475789427	12
-0.0330335721214891	1.14095645799822	64
0.112032693789545	1.13314043890648	64
-0.097838021741664	0.417671237237709	1297
-0.026283589735808	0.557607583657042	64
-0.011661318723305	0.432921055092797	64
-0.010892553785988	0.431103603869352	11
-0.00705515858309802	0.642028434151438	11
0.018739367366635	0.972059747743969	103
0.00987590698121499	0.323268666900645	503
-0.119553855006516	0.296107658365831	27
0.091798054424133	0.44964271979677	135
0.0693521473323661	1.01934847853218	27
0.053753135093373	1.54025992748782	29
-0.083860998618194	0.62240791251213	320
-0.062974697059452	0.7220791388851	320
-0.102594946852402	0.727746641957189	320
-0.075183052815383	0.53633852696897	29
-0.026025420336617	0.541565859847618	29
-0.095489650092248	0.420711916672806	32
0.037156735698241	0.682351425717312	32
-0.095470266206771	0.646205896026625	1199
-0.099426408999164	0.61215835534982	345
-0.047959034045503	1.01301846730329	36
-0.095718091073162	0.824709595314661	688
-0.065233822765324	1.20796825477825	12
-0.100332372735309	0.421969096405057	36
-0.026147610987776	0.390610451483786	11
-0.017279881082229	0.432374728426455	11
-0.114073285779804	0.289483275860135	11
0.00915170945552402	0.328075522385039	103
-0.091851640426392	0.406161835617595	103
-0.012095784759267	0.41872585769227	103
0.092558352546154	0.44931894263855	830
0.00451985296836199	0.314187545812661	135
0.034371213409964	0.699137627178397	29
-0.0950053870797129	0.411577114919529	29
0.04920363058897	0.571165626530995	29
0.014963409374728	0.312804471021186	320
0.049201399292568	0.536649421611349	29
-0.114020899538135	0.525263923065895	29
-0.014649801240545	0.438048639067437	863
-0.101704966025225	0.417191739958366	9
0.0888414225873509	0.834974726518442	9
-0.027424830546546	0.554517071507429	1199
-0.012429285890426	0.431543650696714	1199
-0.017543770274582	0.42409520404074	1199
-0.054279050380297	0.652177389906523	9
0.032175833047708	0.660031454294893	688
0.025457936267906	1.27285198097	1311
-0.072102557455962	0.539263730785028	36
-0.124757411966094	0.282180073630629	12
-0.018671827414298	0.678786248847127	12
0.099381727074191	0.69888400610647	64
-0.097055928636709	0.421240281322587	64
0.00451985296836199	0.314187545812661	11
0.028834104635057	1.05828219145853	11
0.01582921768309	0.963903524459139	11
-0.0638417621633201	0.770630825605638	75
-0.102184511285099	0.406117805796473	75
-0.012708530296979	0.67026918809569	103
-0.100222134208733	0.399825751094429	103
-0.120160122255749	0.286225495366324	503
0.031558357321211	0.79403111734436	320
-0.097250940113941	0.417127027021194	320
-0.074920427193887	0.932213329036963	79
-0.100484818311914	0.406434257804117	29
-0.088135150760969	0.406198257744948	29
-0.087397104923358	0.652602838641899	79
0.039349721969299	0.690738923745546	1663
-0.117317328269777	0.96279873213648	651
-0.107910122310286	0.698582159209831	29
0.095417948162523	0.455739768989181	32
0.00913934315425702	0.317100109493428	32
0.054120711876866	0.55987160451626	32
-0.109949607124331	0.293420069610486	9
0.09003156085179	0.752544981609143	9
-0.117559779652834	1.67751918182477	345
0.037428566313554	0.849716444222592	36
-0.015792222130132	0.6609194747415	688
0.035784734257335	0.680362688482171	688
0.0768598132849611	1.60458852125625	688
0.047155686034092	0.557102628165091	12
-0.107072556259779	0.747766460919774	12
-0.026021529697229	0.53563033918648	64
-0.0271272198843741	0.521255031885081	11
0.102302463256283	1.73475671526298	11
-0.02281598010437	0.411526470201178	11
0.09251292434168	0.998874661868338	11
-0.106030880170715	1.15857202028633	11
0.013512025287703	0.322143500898539	75
-0.116992485615435	0.294661552287673	75
-0.112837941043183	0.287952693374834	103
-0.021869062968059	0.877803937205206	103
-0.115012453249386	0.289795470551423	186
0.00845105661557999	0.326919841231667	666
-0.015663495407639	0.426775228324871	29
0.068994633956144	1.5761288649512	320
0.012815263476823	0.330614076431107	487
0.099505592207103	0.45333876334529	79
0.00666700204882897	0.312491331570377	1663
-0.115434173199174	0.300328537416938	29
0.065106274245491	1.6647895664031	863
-0.080495634221702	0.518974123535153	863
0.056443396427545	0.561416158160487	863
0.092732774107206	0.444779998550083	863
-0.0762461548010091	1.30547362176228	863
-0.022751044633501	0.418057012710597	863
-0.113778954237744	0.301173135071298	9
-0.118040042517046	0.298607007805695	9
-0.114059891336817	0.295353504482584	1199
-0.100511615352574	0.878386583684485	654
0.067417718178689	1.35996307022616	36
-0.118646066209052	0.297313196368188	36
0.060298440032807	1.65669531590122	12
-0.114536610980494	0.303993219626647	12
-0.026213546804095	1.41870888916508	36
0.010692757564806	0.320002026154066	12
0.088961921013316	0.446488261701271	11
-0.112837941043183	0.287952693374834	11
0.00775023900044403	0.31698236723067	75
0.094176243092275	0.693060130333872	186
-0.0179240751540229	0.551679424752882	29
0.00515628069427199	0.315758016117377	487
0.09064849771411	1.33593026837544	487
0.00515628069427199	0.315758016117377	79
-0.0324052992085621	1.41247956189022	29
0.010578694921978	1.47112520543746	863
0.00688129400133497	0.761594670410473	863
-0.015245357192979	0.42752907437019	863
-0.116529311510721	0.292380354733763	863
0.00515628069427199	0.315758016117377	1199
-0.029351566683491	0.530945601922818	13
0.093904426936417	1.01005581175277	688
0.052219647470263	0.540299997916903	688
0.091437210321292	1.45355581958391	36
-0.017645553420708	0.425058891350913	36
0.0346331521201531	0.687132023141427	12
-0.120779856587434	0.287169238410287	12
-0.014649801240545	0.438048639067437	36
0.070446579274753	0.962200417794771	64
0.00911879260806303	0.322164303162132	92
-0.123999863006918	0.285171359304784	103
0.012103935148928	0.328952881693488	503
0.011421258981961	0.319402858620075	186
0.048040889309747	0.554002912488291	27
-0.020607957402293	1.05218381802842	29
0.03437747472362	1.09695435670184	29
-0.061802068073865	0.626735080321075	320
-0.080018392767542	0.526836609942046	487
0.117401243838497	1.05152542771166	29
-0.028529272794299	0.479256419383888	79
0.050194028780194	0.67139774926785	1663
0.105339722871051	1.27742986431733	32
-0.114628590336784	1.02903012322589	863
0.00196944339024097	1.09640297659582	9
-0.039845657700017	0.930723599929344	1199
-0.105163751444409	0.855553497249192	9
-0.097697687145096	0.81211412391237	345
-0.0869979986895631	1.18022379515082	13
-0.00352452496495204	0.764899587077514	12
0.00978009120391199	0.905188246275407	12
0.081260438171735	0.83115359285437	64
-0.124312648749159	0.501693583440477	64
0.010400290082182	0.875259802889005	11
0.095417948162523	0.455739768989181	11
-0.020986978248996	0.553392932171284	11
-0.064513804554734	0.630170895015045	245
-0.073225804146977	0.526810353400719	75
-0.119884155669686	0.29560603021401	473
0.051854081158387	0.567715972547774	27
0.00376061237371195	0.314436135757955	666
-0.098918244876544	0.404013577660215	27
0.013512025287703	0.322143500898539	27
0.063526272720951	1.74879329213252	29
-0.0955275635828789	1.42449338733339	29
-0.096865634117088	1.49428710330178	29
-0.099332136684967	1.29019474019141	29
0.096113068382763	0.676286893561536	320
-0.083554267712907	0.908023039073344	971
0.10493106403131	1.33267270240848	32
-0.08607798708271	0.4920252606266	59
-0.092076945042813	1.02724393763813	863
-0.023241053902208	0.868769536944616	9
-0.023826860974742	1.09497372075885	345
-0.022002653983398	1.41333751224357	688
0.08344168014195	0.929050750343799	12
0.026139894119073	1.14565110131191	12
0.053808197146203	1.41637434224748	36
0.089696642332866	0.63151232442399	64
-0.081323416628122	0.527361846269359	11
-0.101596449971644	0.407198295244739	92
-0.010548312883167	0.653390610047965	11
-0.00670549917418595	0.768093178479233	11
0.0491422445519441	0.573741315386596	27
-0.024112290138195	0.413333370216871	186
-0.122006032946107	0.294000432502212	27
-0.11941368364863	0.297919373673288	666
0.07209663114844	0.886226043130136	27
-0.109949607124331	0.293420069610486	27
-0.081354492979734	1.28764635717696	29
-0.044711850160856	1.53855577304075	29
0.08105087585789	0.823726785923947	29
0.034123987971618	0.869947488995556	29
0.07122078954791	1.07436939730997	971
0.069399145137836	0.875140457012483	487
-0.096180290891183	0.402574530917606	79
0.091038330115687	0.447158477555656	29
-0.096076779497048	0.417814127958968	29
-0.079104253389734	0.511084761844534	29
-0.09440606792743	0.4146310491294	59
0.091038330115687	0.447158477555656	59
0.04243066287259	0.881680992480089	1199
0.00599577267565499	0.84945635516749	1199
-0.121633647619151	0.618444336993712	31
0.036329759520962	0.672177681849781	36
-0.089756247791741	0.412941029246091	12
0.048545212746407	0.557076976988247	36
-0.124281185576737	0.517775653351132	64
0.088357714565195	0.445414006066463	245
-0.079162021505146	0.519924748543518	245
-0.12050347701786	0.287096754123304	245
-0.015515678693515	0.415671465786491	599
-0.120641985064235	0.292369740043192	27
-0.121866843876206	0.292132076819381	666
-0.027338245598744	0.397228706462972	666
-0.00113940828443104	0.881323152547705	27
-0.0950053870797129	0.411577114919529	216
0.094368082928572	0.439692073715882	27
-0.0121723302037769	1.9569313193779	29
0.00696403529869705	2.05189592491717	29
-0.071879113310373	0.541201076151051	971
-0.026459331739644	1.04949988672373	971
-0.107968271527731	1.09887415415048	32
-0.022751044633501	0.418057012710597	59
0.014221211579021	0.320158289001501	59
-0.066815006265904	1.1751340760025	863
0.049825698423824	1.11696021770587	1199
-0.04968582741228	1.13518570170555	345
-0.042816629792281	0.738187815088599	688
0.088720911964878	1.4336888869483	36
-0.007318765556251	0.77645820438706	31
-0.058404551910502	0.635167229772658	12
0.0386527458138251	1.346353753225	12
-0.108068497510407	0.612339032374934	36
0.034371213409964	0.699137627178397	36
-0.0137050566843	0.422944758852865	1416
0.090327062110104	0.436167207184607	92
-0.115434173199174	0.300328537416938	11
-0.090571436249326	0.40222388387706	11
-0.096273138294967	0.422204544711183	103
-0.030749144749016	0.529414047302056	503
-0.0229918505160091	0.410133000494006	186
-0.1108485055228	0.28653713522161	780
-0.0958548747490901	0.628379611560849	29
0.028061600019615	0.985422749939742	971
-0.122394601401964	0.810074435598708	651
-0.00783051067449103	1.19650921520143	29
-0.040774784267128	0.992095085505775	863
-0.098133159801534	0.72893056409371	863
-0.005764086494631	0.76143485379186	9
0.011123657420654	0.954996773291309	345
0.071914772267484	0.895372896433834	688
0.00798786291564702	0.893479994274632	12
-0.120217345436901	0.539337211110651	36
0.092245686803608	0.449592524662001	387
0.00376061237371195	0.314436135757955	347
0.09785828012531	0.456510998573434	11
0.00835495080464499	0.324178134181371	11
-0.116051829750984	0.301420175985184	11
-0.00934341049273202	0.985903467218873	29
-0.019847865011459	0.543190841089893	971
-0.117423900010566	0.292342351653784	971
0.053086841975781	0.570280775249146	29
0.015889869345312	0.318578414672583	825
0.0924016795002121	0.45401840587187	59
-0.0950994293435819	0.417117359370448	59
-0.106464412317407	1.05699367791113	9
-0.085628723789504	0.504658812623893	9
-0.099253931996369	1.28420885648805	345
-0.0544698323591461	1.3026062230996	1
-0.101430659796015	1.0428746364558	31
0.094256534352024	0.444258179180339	347
-0.010122990126516	0.425782005425314	310
-0.107595048763897	0.796760158415194	11
0.098902909147379	0.449048017168821	11
0.09785828012531	0.456510998573434	103
-0.106313750829123	0.744611687213278	103
0.047394574752751	0.569239252875543	503
0.012829110730087	0.327325394797866	27
-0.022136317844919	0.561126817386014	216
0.0963353799518341	0.464436730807127	29
-0.110564779424863	0.294416559205784	971
-0.07110129828521	0.820922219706695	971
0.00305096641730196	0.311892259699299	29
0.00515628069427199	0.315758016117377	651
-0.00808738405804699	0.421904402379459	32
-0.041380391632115	2.0285702313685	863
0.0412356151996181	0.794170415284639	863
-0.091265852743922	1.06265567944394	9
0.00742986489126396	0.304712628265483	9
0.00370278016015702	1.43239571166628	1
0.060322758805334	0.552871594521325	1
-0.021812296432518	1.40145859508449	1
0.032682536966088	0.652010614362088	1413
-0.105576590368002	0.388742429500076	12
0.09649363467756	0.457838794467596	310
0.00828029789720997	0.316734631740958	310
0.052209227669652	0.574517372304002	92
-0.099737582211372	0.399513887339527	11
0.00988787034314398	0.305815399936832	103
-0.093476669133784	0.41293987019883	342
0.012815263476823	0.330614076431107	971
0.045976442032001	0.664178443838182	863
-0.00439826646152297	0.762901296779302	863
0.00513882363931795	1.17731978290756	9
0.101910869091114	0.424997512885052	9
0.011391261254977	0.321094987246915	9
-0.095882103492142	0.416174855475214	1
-0.020387649108469	1.27985879154208	36
-0.081527106059164	1.332442715373	1413
-0.04473187144192	1.03506010394655	36
-0.120641985064235	0.292369740043192	36
0.0115034748731691	0.312727135108291	310
0.00835495080464499	0.324178134181371	310
-0.078047218315076	0.531526836964535	103
-0.115434173199174	0.300328537416938	503
-0.124685315665872	0.192302335259694	186
0.047512367829742	0.546622743256618	553
0.095451890622629	0.445094204828488	195
0.102832169548165	0.432583149019513	971
0.00846412212396796	0.316701116016018	29
0.00445852678768899	0.321554482797228	79
0.0963353799518341	0.464436730807127	651
0.014657309815615	0.294608237454415	32
-0.094810698538638	0.414663522950195	32
0.019060849292022	0.990245283557735	863
-0.015892356246104	0.685467338247412	863
-0.092220460763229	0.401761721489298	863
0.048038677189021	1.44093641824548	9
-0.114215479738364	0.285200600868948	9
-0.051532583905301	1.64380853048284	39
0.09934719699151	0.447617217146953	345
0.095451890622629	0.445094204828488	73
0.026006997815056	0.743073093336791	36
-0.078864449328803	0.552119575813767	229
0.110725637533563	1.23728578533356	229
0.012103935148928	0.328952881693488	387
0.00845105661557999	0.326919841231667	310
0.093653270639297	0.454702105336875	310
-0.119403113030434	0.294041585897601	310
0.015889869345312	0.318578414672583	809
-0.091600668785585	0.642944541072973	11
-0.117131863149381	0.297070487699706	186
0.00444822436740999	0.313196978201498	216
-0.0410899542509831	2.14922391243497	553
-0.013993870153567	2.22780105594379	553
-0.0976431745266511	0.418321727191558	553
0.00985219756593203	0.319713495002548	971
0.120802525294189	1.03336219387094	79
0.101631487729536	0.446991674918769	79
-0.0930495165840139	0.412602883102756	651
-0.120013032619649	0.723888200235855	79
0.00773662930927399	0.324144509539724	32
-0.025451036436007	0.537093099415061	32
0.026027458998612	1.25590544556842	32
0.00916415097372203	0.326595495683692	863
0.011391261254977	0.321094987246915	863
-0.114882561209716	1.1043245345458	9
0.012926629148871	0.904669708695993	1
-0.00367377083151499	1.07169000327585	1
0.109980706176178	0.701819819658938	36
0.036849528452231	0.703967146654907	1413
0.00980727279114202	0.316396360839034	229
-0.115294236440396	0.30409465501509	229
-0.047719251654428	0.844032348621076	36
-0.015280347506009	1.19528198379592	92
-0.112405184081743	0.292616189873262	809
0.00666700204882897	0.312491331570377	809
-0.022963708701472	0.561618634168528	371
0.00528482736550096	0.311207678158413	11
0.00916415097372203	0.326595495683692	300
0.00444822436740999	0.313196978201498	300
-0.090364674530456	0.748165318493758	103
-0.040494197743676	0.768246213587569	103
-0.019083003356983	0.90396278793229	503
0.013525240790481	0.328465966413979	1405
0.0963353799518341	0.464436730807127	1405
-0.01251927420645	0.429599034591892	503
0.086408048427302	0.836632660688947	503
-0.119403113030434	0.294041585897601	186
-0.01046886309234	2.30180956553617	553
0.066918667046265	1.36385626959988	553
0.081456463370721	0.822680826712645	553
-0.02065634763794	0.548500568439994	553
-0.017939318029822	0.559204786367417	553
-0.015914649903232	0.424360271935605	553
0.013583360967604	0.319491144297331	553
-0.025377621030703	0.393436193136314	971
-0.119265018768808	0.298378667440295	139
0.012952826929675	0.307380353527774	163
0.00521173645908801	0.3212736028767	79
-0.077751720090196	1.05079450779108	32
-0.054706492654608	1.16705975608502	32
0.010569697495011	0.309216649006063	59
0.012190137536513	0.307447862455086	32
-0.00977834735666205	1.36570603730776	863
0.105637623259732	1.35069843110083	863
-0.058996270821568	0.641217300329253	206
-0.118851324837721	0.608556097870286	206
-0.013511851780289	1.37889247628763	9
0.110787123804912	1.0113790051875	1137
-0.014518392105117	0.680694398701566	73
-0.12474391303481	0.530648975060333	36
-0.099535366134603	0.422975361103123	36
-0.101596449971644	0.407198295244739	1413
-0.114830306282018	0.290975720133278	1413
0.064251903491615	1.1279359802403	229
0.00985219756593203	0.319713495002548	310
0.012893065260327	0.310252657641457	11
-0.088390064775951	0.733781851803512	11
-0.110091573358136	0.287962665269065	300
-0.076253098724349	0.814738026026272	1405
0.00845105661557999	0.326919841231667	139
0.00374967615163502	0.318868432860987	139
0.087472398516943	0.424527390606125	29
-0.113303051847015	0.295278698353028	32
0.074285616185926	1.20965174091811	59
0.00915170945552402	0.328075522385039	32
-0.115434173199174	0.300328537416938	32
-0.114676972694715	0.302973712143562	32
-0.118180423800679	0.292409175427129	1137
-0.0708345448865501	0.840741086196071	1
0.00916415097372203	0.326595495683692	73
-0.1129084173721	0.630362605773019	1
0.016045896525013	0.302813163131131	36
-0.122006032946107	0.294000432502212	1413
-0.013704531125855	0.427138040826507	1413
0.00870983291645599	0.962377434046503	36
-0.081934364231253	0.540962040647225	36
0.094525604446597	0.448641997946062	229
0.094055318060811	0.444848601121705	387
-0.118040042517046	0.298607007805695	310
0.012801487163888	0.320585170638168	310
0.00916415097372203	0.326595495683692	11
0.097753614927293	0.686778254216932	300
-0.017279881082229	0.432374728426455	1970
0.010563717407334	0.319419567268249	27
-0.107236353004894	1.49778244183757	553
0.050020072858322	2.11863315525245	553
-0.100061488780682	0.878236133739775	553
-0.068493391088614	0.748035646405295	553
0.104543577330408	0.724145063171088	139
-0.011388321180094	0.643671575627201	2291
-0.113089325862478	0.633442745390523	163
-0.118646066209052	0.297313196368188	79
0.00843806909834699	0.325281331262212	79
-0.101991715070374	0.395912359022327	79
0.051137479114522	0.89849256558427	32
-0.00801215427281599	0.973956473274895	32
-0.123865234541109	0.18844103961071	32
0.087596806534767	0.442961427764654	32
-0.097552594994513	0.406824117125302	70
0.088357714565195	0.445414006066463	863
-0.026299982107129	0.520929196780141	206
-0.120631754085893	0.286890752661735	1137
-0.098425325690838	0.414806496753385	9
0.0838092260623911	0.924839747000785	9
0.0994056205216159	1.3242185028457	39
0.100869610993203	0.727044273938047	39
-0.00479214420044205	0.753200258834177	1
-0.115434173199174	0.300328537416938	1
0.103594900104223	0.430287024673157	73
0.00835495080464499	0.324178134181371	73
0.00373882184959296	0.30543389719862	36
-0.119126288749928	0.296516609404569	1
0.097699234870511	0.46037074099468	1413
-0.118507543729429	0.299304780944565	36
0.093005085710161	0.452102465745642	229
-0.117270605356899	0.290868955563158	11
-0.115434173199174	0.300328537416938	11
0.013512025287703	0.322143500898539	11
-0.101986138157922	0.396758621843131	10
0.0152791292141879	0.30840199370669	1970
-0.108223186502878	2.48033268288633	553
0.117640467125539	2.03957956128902	553
-0.113786797860685	0.811748321602265	553
0.037638889890904	0.814966280753071	553
-0.111006575477153	0.273620434649951	163
0.050595273571475	0.577804812479349	79
0.090764017055965	0.449052635811849	163
0.00388634378578101	0.304397083301853	79
0.013512025287703	0.322143500898539	32
0.093049788733507	0.453597326703802	70
-0.0126958623961529	0.432612975633488	206
0.085677913178783	0.424339693201862	9
0.057255206743647	0.560101465140889	9
-0.115911682677695	0.301219764446784	73
-0.022688205696731	0.624638271903345	1
0.00913934315425702	0.317100109493428	1
0.016865168624818	0.290421241019152	229
-0.01994518935665	0.422232841761338	626
0.029363462267093	0.676351002333305	553
-0.072984093750011	0.542318550404999	1174
-0.0985277996610689	0.408448081206267	79
0.086992216171866	0.431493225909668	32
0.092090373050592	0.432143009612625	70
-0.112221585110291	0.287020605297048	465
-0.053167085808448	0.649980357877052	206
0.040220745200053	0.52816787625617	9
0.053017444329671	0.570823622681652	193
-0.027163704711731	0.391120774551531	1
0.00305096641730196	0.311892259699299	11
0.0121183413884211	0.329453468473609	27
0.016655933160208	0.318484379312266	216
-0.026742813802646	0.398100534540543	216
-0.076457283540718	1.03288448284218	553
0.082234611778092	0.395001176293151	1174
0.013512025287703	0.322143500898539	553
0.00445852678768899	0.321554482797228	1173
0.011406221851062	0.327802172715368	79
0.012103935148928	0.328952881693488	32
0.016578706012238	0.31097727890773	70
-0.124642553924261	0.18816233507733	70
0.037725362053208	0.678061062532165	206
-0.088712315061664	0.510759725393242	206
0.095417948162523	0.455739768989181	1
0.00451985296836199	0.314187545812661	1
-0.119126288749928	0.296516609404569	626
-0.117750032395489	0.298128631090027	503
-0.038691684030753	2.49035129282544	1174
0.00374967615163502	0.318868432860987	1174
-0.117270605356899	0.290868955563158	632
0.012103935148928	0.328952881693488	79
0.00985219756593203	0.319713495002548	539
0.00835495080464499	0.324178134181371	539
-0.055880520942329	0.931457054658671	2829
-0.035893021437469	0.840092585173063	2829
-0.116809390049598	0.293721740896973	193
-0.022080839758717	0.555311173742365	1
-0.020445173735386	0.420890486878331	2095
0.00916415097372203	0.326595495683692	73
-0.013409471922864	0.541088614373673	1
-0.124685315665872	0.192302335259694	1
0.099061929844334	0.435354395854323	1
-0.116202707763384	0.288776956715679	626
0.00400368394272299	2.28340277918116	1174
0.044870806988505	0.882158127032573	1174
0.0915529501435221	0.809814065986742	553
-0.0637470672925931	0.610900479373522	553
0.0888401038744791	0.433767391234048	1174
-0.123678903456647	0.282018118013976	139
0.093653270639297	0.454702105336875	139
-0.120641985064235	0.292369740043192	163
-0.097055928636709	0.421240281322587	163
0.012829110730087	0.327325394797866	163
0.073777489956476	0.89902039698977	163
-0.0282601592671961	0.536460064586332	163
-0.111229106803674	0.969389751909001	79
-0.115294236440396	0.30409465501509	32
0.011391261254977	0.321094987246915	1345
-0.114676972694715	0.302973712143562	32
-0.079704330977776	0.548023612668601	382
0.00515628069427199	0.315758016117377	449
-0.00554490208245595	1.29127601065035	39
-0.092260924429561	0.989206765669721	345
0.101929268908456	0.698100913336045	1
-0.015171751634362	0.415848700783222	2095
-0.016010684540201	0.432477340654132	48
-0.024288914705256	0.543541893929282	48
0.00915170945552402	0.328075522385039	11
0.069175399168971	1.02633339442788	553
-0.034253776208925	0.759736880345514	553
-0.055637501037817	0.832515861511251	553
-0.00403916927870396	0.76526418633136	1174
-0.101253341301629	0.390539359036778	553
-0.048524859492336	0.926024860624441	163
0.077627784261597	0.927092612116067	163
-0.020183624997426	0.429242446394665	1233
-0.113919740428498	0.302875796311498	211
0.104354545891145	1.17615718757303	1429
-0.0207101333663881	0.415897064341597	539
-0.117610445716483	0.291994010644282	32
-0.017227176354247	0.424304212150771	32
-0.010475700242373	0.430682427751401	32
-0.117283094084173	0.295905464637686	32
0.010692757564806	0.320002026154066	465
-0.097838021741664	0.417671237237709	465
-0.118646066209052	0.297313196368188	382
-0.044402020192866	0.737710546925959	345
0.00986401605334397	0.327745382331889	912
0.040310808387623	0.680670979493072	1
0.015200852946429	0.317524411186398	1
-0.010122990126516	0.425782005425314	1
0.015967620659249	0.317433866241237	48
0.016578706012238	0.31097727890773	48
-0.0135489175931039	0.66942103448141	553
-0.123566213864593	0.573380883113057	553
-0.097744278502587	0.406213488586904	553
0.00845105661557999	0.326919841231667	553
-0.1113225272926	0.295975971205177	163
-0.112080248126933	0.294451481685123	163
-0.116992485615435	0.294661552287673	163
0.011421258981961	0.319402858620075	163
-0.107203716677618	0.387130252061399	465
-0.099114729927253	0.408950293343003	382
-0.015972374924059	0.552551842661242	9
0.095574788079457	0.463024390677815	449
-0.00818144693210099	0.770148632714459	13
-0.117865660814877	0.701393715452835	1
0.05162756658919	0.575468103927025	48
0.027469737027645	1.07857543529042	553
-0.044984905333658	1.0321016490076	553
0.035585036895649	0.896738003553462	553
-0.095398203480322	0.408187024193205	163
-0.016433647057619	0.425412010681343	163
-0.109949607124331	0.293420069610486	163
0.077477637503568	1.21729294201322	163
0.050595273571475	0.577804812479349	163
0.083535505009513	1.03053034219784	163
0.012132821358429	0.317460831977872	1233
0.00775023900044403	0.31698236723067	1233
0.100869487681943	0.451229665222883	1233
0.09785828012531	0.456510998573434	1429
-0.081423222212524	0.535481040598696	1429
-0.116809390049598	0.293721740896973	539
-0.017819924663428	0.427631677898521	32
-0.119875292770798	0.283765940244394	32
0.00986401605334397	0.327745382331889	465
0.00911879260806303	0.322164303162132	449
0.080603271565484	1.41966013050921	345
0.026134527903211	0.966349981347108	1
-0.0257848454763711	0.534971038903418	1
0.013512025287703	0.322143500898539	73
0.089881256102803	0.442083460007755	1
-0.017052645855162	0.426205631030346	1
0.00690032882809499	0.315423600255365	1
0.00445852678768899	0.321554482797228	425
0.00843806909834699	0.325281331262212	11
-0.00705950420949097	0.754731108411828	163
0.092124469397549	1.10470411976869	163
-0.017873995289573	0.428512067107814	410
0.011406221851062	0.327802172715368	410
0.058351606215821	0.55878673637166	79
0.039087095400432	0.818590225640244	79
-0.110706960058428	0.294960041795385	1233
-0.062359281150879	0.761235075354488	1429
0.098317907809044	0.717397274287215	32
0.093866155057044	0.69319381059902	32
0.00773662930927399	0.324144509539724	9
0.0423216590107231	0.870184599155057	345
0.121061703360703	0.931218986493868	345
-0.05636724547675	0.747279277280087	1
-0.029188772417145	0.376470257619787	73
-0.115911682677695	0.301219764446784	73
-0.093031628920052	0.407630216437589	1
0.00916415097372203	0.326595495683692	1
0.00987590698121499	0.323268666900645	1
-0.020660900391443	0.887462241576433	1
0.0121183413884211	0.329453468473609	352
0.000817428354186967	0.302940626732143	480
0.0847858640431129	0.402685856699794	144
-0.01395442981921	0.67741194340887	425
-0.108107861772477	0.283164994688899	186
-0.101072251730525	0.400183494946341	186
-0.023345204632061	0.419637340838754	186
0.051049831709171	0.567391848361916	163
0.00810544108857503	1.11049721942701	163
-0.016204870007079	0.551884202163094	410
-0.031799362119841	0.75939912658602	79
-0.057930031062713	0.650112731865427	1429
0.051860402397136	0.561583924876201	539
-0.014056887024296	0.439262910715036	32
-0.119786135502292	0.632660717475028	465
-0.103363813001692	0.404740722667478	465
-0.091451179092313	0.736829654518728	2829
-0.111180131942057	0.291805570034383	1
0.00916415097372203	0.326595495683692	1
-0.021214601975676	0.422258870710273	1
0.044692639892886	0.54885190358574	1
0.00843806909834699	0.325281331262212	1
0.011391261254977	0.321094987246915	1
-0.0131125626727771	0.683979395613023	352
0.012132821358429	0.317460831977872	1119
0.106527114792456	0.70667503281258	48
-0.017227176354247	0.424304212150771	11
0.095574788079457	0.463024390677815	10
-0.017202998873766	0.420557261263507	503
-0.117888982633568	0.298230771809748	186
0.096177805641235	0.461006924813787	27
-0.116344275866735	0.283214756459532	216
-0.121252266775222	0.519890421158096	32
-0.01876644337499	0.561476027117329	32
0.042674516338826	0.683204911378041	70
-0.012254468622719	0.427295819550001	70
0.0294130320900839	0.644403494887798	449
-0.092446724223091	0.41403874852568	510
-0.09402715312368	0.913808941135768	2829
-0.018156179459319	0.855117871221976	1
-0.021796304510845	0.541487850418993	1
-0.020417325033718	0.55075813223081	1
-0.10307720183804	0.405165478731425	1
0.00846412212396796	0.316701116016018	476
0.0121183413884211	0.329453468473609	347
-0.115434173199174	0.300328537416938	10
0.012132821358429	0.317460831977872	10
0.090811078697734	1.95987513341989	553
0.078989742833827	1.1394612969437	163
0.098037172245577	0.723635570429828	163
0.02083838542778	0.858652194053711	163
0.029198928835575	0.644538842552604	79
-0.018759193545646	0.420122153127544	465
-0.044323004334846	1.03658412799497	465
-0.016108449623284	0.414587037763902	465
0.057772028430192	1.19205557858268	39
-0.014922089690911	0.663641365579289	39
-0.084960102529622	0.639547675947615	39
0.03188936721425	0.665026941794165	1
0.095732307356114	0.459844078730087	1
0.0958905073862411	0.44356647149051	1
-0.121727012139654	0.281922705625362	476
0.012829110730087	0.327325394797866	476
0.091642117971121	0.451479966383651	1119
-0.101293163671982	0.403079653129232	48
0.00451985296836199	0.314187545812661	186
0.012829110730087	0.327325394797866	27
-0.028011284804179	0.544038398429447	163
-0.019593320545808	0.560136098874883	79
0.00521173645908801	0.3212736028767	465
-0.020145454394471	0.550061818544747	465
0.048559901209233	0.578784413206527	465
-0.093636355250134	0.416960272468896	465
-0.014298423181399	0.428786116680502	1
-0.00593826572825695	0.779797423322723	352
0.095574788079457	0.463024390677815	1119
0.00521173645908801	0.3212736028767	144
0.040200083191532	0.690101239906839	959
-0.075737081011375	0.540286853420301	10
0.00915170945552402	0.328075522385039	50
-0.110863008378671	0.278755380940073	27
-0.003749492558766	0.797054057983357	163
-0.068073250055033	0.624268468542667	163
-0.036342682934198	0.73516688111002	163
-0.061184321814033	0.922292800365289	163
0.08747379820977	1.04849652433017	32
-0.10002582520935	0.615780604190053	32
-0.018050491252491	0.435487749579658	465
-0.020046270315256	0.677021290746236	465
0.054250292559233	0.573407297911611	465
-0.026027031003941	0.562555434273182	465
-0.054952257335224	0.639433806356316	465
-0.113919740428498	0.302875796311498	1
0.069966642698605	1.0513600510602	1
-0.078535745160675	0.53716589916727	1
-0.076006646930096	0.538225523519591	1
0.049598475742524	0.566310343460763	1
-0.021983225278732	0.421361595023675	1119
-0.092657393380151	0.419859304341843	338
-0.013639209301576	0.423779721150502	959
-0.122144580818469	0.287069025105785	959
-0.122006032946107	0.294000432502212	959
-0.110706960058428	0.294960041795385	11
0.00915170945552402	0.328075522385039	10
0.00673957357233701	0.309916915887643	10
-0.00853646620073001	0.98457304798631	1050
-0.06903377188846	0.525002872091174	465
-0.094652670062265	0.833422732745258	345
-0.015242942794974	0.432208884941879	345
0.046950926411974	0.550105888363796	1
-0.042295947817128	0.928938676688337	1
-0.099517325339754	0.613811486327415	1
-0.061162892566227	0.765706025913087	1
-0.020383423076394	0.639203032091691	1
-0.099409945806244	0.406045314133982	1
-0.083627986292886	0.528492673420204	476
-0.011485635419079	0.425548414388576	476
-0.08562130128486	0.53086354283241	144
0.050161710648083	0.550895382931146	144
-0.029666328423139	0.54240675124137	959
-0.116529311510721	0.292380354733763	10
0.00775023900044403	0.31698236723067	1649
0.00915170945552402	0.328075522385039	172
-0.10519351501718	1.10148583240423	163
-0.119469214212888	0.643728833541259	1050
-0.048227302082558	1.02577832794661	465
0.0335376012474899	0.701573413843219	465
-0.117489258355258	0.622491315320873	465
-0.036921616159574	0.777523588531467	345
-0.044477140741358	0.874050858514063	1
-0.119909076059591	0.639398081715854	1
-0.03867920941098	0.737012343613444	1
0.015883932328693	0.945446170943626	1
0.00597600539507803	0.31809893525624	352
0.00985219756593203	0.319713495002548	476
0.081909815432878	0.826412117402656	144
-0.020887137464168	0.671719551401983	144
-0.094856743526549	0.64500102000091	144
-0.018588620838075	0.661699738935208	959
-0.110670624094671	0.365101666468714	959
-0.116529311510721	0.292380354733763	959
0.098009764753653	0.41679388205025	48
0.0137147985457	0.301809879977346	89
0.00445852678768899	0.321554482797228	10
0.093319225037514	0.446230549867301	10
-0.122006032946107	0.294000432502212	10
0.00986401605334397	0.327745382331889	10
0.00915170945552402	0.328075522385039	10
0.00916415097372203	0.326595495683692	10
-0.123381252461113	0.292344338264707	163
0.03327366908115	0.644862227215457	163
0.036588688644452	0.705046528737863	1050
-0.014389067822399	0.665455228978949	837
0.11409249195002	1.03155431114146	1
-0.106894148782879	0.508584455212416	1
0.037988642589933	0.688627645188828	1
-0.119059277097045	0.535167369678142	476
-0.066613915625917	0.584576549584579	476
0.047167460592531	0.577767207571149	476
0.00904413849756003	0.318298937795846	476
0.0510456925901081	0.571362176901534	144
-0.080200873343424	0.527359260759739	144
0.098008654914296	0.685663241078136	7
-0.096273138294967	0.422204544711183	89
-0.115294236440396	0.30409465501509	10
-0.114059891336817	0.295353504482584	10
0.00916415097372203	0.326595495683692	172
-0.083750896968223	0.851228166073964	163
-0.095295523918025	0.404141067123802	163
0.019018132866013	1.05915271791906	79
-0.043670521815899	0.728702078507388	9
0.099978830248865	0.430015238452963	837
-0.101116694148596	0.418332098462837	1
-0.103864689444212	0.594064820344042	1
-0.0976431745266511	0.418321727191558	1
0.08071685711966	0.944766981792523	1
0.099664666724924	0.448824890075548	238
-0.017297680606477	0.672562475284539	476
-0.024372094868687	0.561541528405468	959
-0.113162477267394	0.300091130878947	959
-0.116529311510721	0.292380354733763	144
0.0121183413884211	0.329453468473609	2485
0.096177805641235	0.461006924813787	10
0.00985219756593203	0.319713495002548	10
0.00521173645908801	0.3212736028767	299
-0.017397831300547	1.2764468092407	163
-0.019589302289055	0.433143762874894	163
0.08271075502315	1.06994351175025	32
-0.091856270840651	0.920194359544526	32
-0.087206683146278	0.968466400875691	465
0.051404767856521	0.579099476007983	465
-0.012429285890426	0.431543650696714	465
0.00904413849756003	0.318298937795846	1
-0.118656365815889	0.297836218233965	1
-0.0532211305671491	1.01922044457836	1393
0.00149030753715895	0.846394477623068	1
-0.00832626435824901	0.781244968227908	1
0.084095217416615	0.84137340653044	476
-0.027168381740685	0.548887711970319	144
-0.076066495556698	0.548149425165316	144
-0.118646066209052	0.297313196368188	144
0.100267185952416	0.453103057369964	48
-0.117131863149381	0.297070487699706	7
0.00673957357233701	0.309916915887643	113
0.0121183413884211	0.329453468473609	172
0.095417948162523	0.455739768989181	178
-0.045440204080625	1.67530316859185	756
0.065453737763761	1.36084692940892	163
-0.021522124214935	1.34376287034493	163
0.0255603462044141	1.00565749491076	163
-0.11722128611833	0.513301067455399	163
-0.113919740428498	0.302875796311498	163
-0.114225182730697	0.520720080458822	1050
0.012030710507596	1.10328592368308	465
0.073844245916609	1.22418500041746	465
-0.045271034209951	0.957002592996118	465
-0.121391749489486	0.17919694751297	39
0.00845105661557999	0.326919841231667	1
-0.032267373345514	0.780911825887364	1
0.037180623021862	0.677042185077215	1
-0.016115852093694	0.682481682850668	238
0.095128466479274	0.436804157724911	144
0.091394622346579	0.417151347164643	48
-0.103666980962225	0.248689461694765	48
0.098460807701291	0.454586639495398	20
-0.094615422690567	0.410655870846459	2485
0.088357714565195	0.445414006066463	2485
0.00843806909834699	0.325281331262212	10
0.092558352546154	0.44931894263855	299
-0.119218684564961	0.602025763143537	163
-0.108377432519061	0.385257357150103	163
-0.113969177250397	0.725053857904041	32
0.113273541339606	1.24962133606901	32
-0.031064795728409	0.897225815241779	465
-0.111502729753099	0.850791575070341	465
0.0907286071326729	0.43107978903873	465
-0.123865234541109	0.18844103961071	680
0.08192256126275	0.806023186355406	13
0.036588688644452	0.705046528737863	1
-0.110706960058428	0.294960041795385	1
-0.025239394937016	0.775487359064927	97
0.094971552176449	0.458459321384301	144
-0.117283094084173	0.295905464637686	279
-0.093831947920766	0.410456334109532	144
0.034371213409964	0.699137627178397	48
0.012815263476823	0.330614076431107	20
-0.083505621025373	0.894275426919815	79
-0.061018976440265	0.770443093970031	32
-0.065402545693065	0.856770319542308	465
0.031182192693581	0.835980198497264	465
0.014221211579021	0.320158289001501	465
0.0963353799518341	0.464436730807127	465
0.016103665283453	0.293913312228244	680
-0.104155980350765	0.763222584163522	1
-0.072531337858014	0.74197460930242	1
0.00114690843770304	0.861257262612567	1
-0.114536610980494	0.303993219626647	238
-0.024604518455277	0.543423183702096	97
0.032588863489029	0.722187447354168	144
-0.121866843876206	0.292132076819381	48
-0.011661318723305	0.432921055092797	1170
-0.00672579201327395	0.418649356323332	20
-0.118656365815889	0.297836218233965	106
0.100108057610625	0.451459236440165	186
0.082823285428966	1.4154234446445	163
-0.033833955942656	0.767017250724067	163
-0.055629851640029	1.0649710882889	79
-0.022997351089431	0.408356819476468	1050
-0.016535072563631	1.14526953012958	32
-0.0783007719421111	1.13500031409842	32
-0.011667149641384	1.03884264494287	465
-0.048364625642385	1.01133947407989	465
0.034373780470382	0.69534816656452	465
-0.114995193621584	0.73090477124463	39
-0.083461176992904	0.868284382904437	39
-0.078806561280335	0.533746736927675	1
-0.032478501126184	0.773421917381327	13
-0.09765266409365	0.40923050524098	1
0.02722388326419	0.613981140290157	1
-0.01876644337499	0.561476027117329	97
-0.016333152019692	0.394634540946899	954
-0.0895304958076359	0.40856692665434	496
-0.022220688876549	0.41245288973821	48
-0.096571200786432	0.391107246767901	48
-0.114830306282018	0.290975720133278	48
0.093161814663994	0.453679265021089	48
-0.111476291752502	0.278100173724194	113
0.00986401605334397	0.327745382331889	835
0.00843806909834699	0.325281331262212	178
-0.055468583454971	1.1621786260671	163
-0.069577425274284	1.09724823528614	163
-0.045787673139179	1.14789096655117	163
-0.117362102256442	0.735216149604396	79
-0.000585635334280021	1.40152739701947	32
0.048085489785906	1.0056772033447	465
-0.113184538111913	0.900870442828305	465
0.121509661250761	1.0464480598176	465
0.102832169548165	0.432583149019513	465
-0.048624587661856	0.652551073343775	465
-0.0210391257061	0.422493525609037	39
-0.0950994293435819	0.417117359370448	340
0.093005085710161	0.452102465745642	13
-0.026597609484422	0.558458094641294	1
-0.00307855444599303	0.784896854916318	1
-0.056708822506054	0.751386947266978	1
0.00917666770969905	0.31365265356329	1
-0.036451560534905	0.873137622894306	1
-0.025175162169976	0.533213247271368	97
-0.082458253798038	0.512310122833426	280
-0.09285374901	0.419542930721633	279
-0.012032226677542	0.669033421787588	496
-0.076006646930096	0.538225523519591	496
0.0985869052998341	0.43642614590006	144
-0.105576590368002	0.388742429500076	48
-0.019910677208534	1.87946704601125	163
-0.035112004575245	0.759148811900796	79
0.124258522976997	1.4028391945438	32
-0.107939892771148	1.03526151788957	32
-0.017546778248546	0.88634480972541	39
0.031306396866395	0.794933171965737	1
0.0847032559152791	1.04538201676635	1
0.040205301007286	0.786006993152558	97
-0.121325240513265	0.536871126734487	279
-0.097861256648242	0.633496417069276	144
-0.018412900375842	0.426474987777184	144
0.00843806909834699	0.325281331262212	4
0.0990631175644589	0.442428227391016	7
0.054635230919869	0.55272329020857	20
0.0105749834879521	0.324389193569135	113
0.00775023900044403	0.31698236723067	186
-0.022402873053778	0.420165017832584	163
-0.036620856217835	0.957430279344872	163
-0.052673515034868	0.742312199039881	163
-0.099897607490195	0.409174521280979	163
0.039064206500381	0.705358572318247	32
-0.092445954691345	1.06276871433378	465
0.030266353142237	1.25908141734488	465
-0.035035896629699	1.04871635197932	465
-0.063602113221532	0.64068006721916	465
0.046931612630552	0.686453762013553	465
-0.122305997703177	0.618463464471838	13
-0.096273138294967	0.422204544711183	1
0.099664666724924	0.448824890075548	279
0.091642117971121	0.451479966383651	496
-0.0958036995363391	0.420869740703117	48
-0.100287273569681	0.398785546344506	48
-0.121866843876206	0.292132076819381	4
0.082234611778092	0.395001176293151	4
-0.117888982633568	0.298230771809748	20
0.00843806909834699	0.325281331262212	4
0.00835495080464499	0.324178134181371	4
-0.023479507040278	0.390878237077588	2
0.00845105661557999	0.326919841231667	186
0.00916415097372203	0.326595495683692	178
-0.101283176621977	0.904509794468236	32
0.024017220769885	1.32618374175833	32
0.035736268214025	1.41304768817098	465
-0.081357769791757	0.634887177044705	465
0.00109347200871301	0.791294808476268	465
0.016655933160208	0.318484379312266	39
0.104081041266095	0.677519916761781	39
-0.078864449328803	0.552119575813767	39
0.039370263514074	0.670867277392466	13
0.039897504919579	0.706527635385557	13
-0.09253275220303	0.398936284810572	1
-0.083344864107885	0.541534315763944	238
0.043684590048877	0.913995842487311	238
-0.120638615938004	0.526929850343595	97
0.031383046463473	0.785743586287487	279
0.085956273797069	0.81695976627202	144
-0.060577574824915	0.654664162077859	496
0.00916415097372203	0.326595495683692	496
0.090609012265462	0.662506910106097	496
-0.018903898489377	0.410653559385951	496
-0.118068256931635	0.514899656865936	48
-0.023276729556357	0.531869395474642	48
-0.02383521895456	0.39314481684534	4
-0.0950053870797129	0.411577114919529	20
-0.100121082280016	0.421815244092435	4
0.00904413849756003	0.318298937795846	4
-0.115294236440396	0.30409465501509	113
0.00666700204882897	0.312491331570377	2
-0.123381252461113	0.292344338264707	186
-0.010501218715312	1.37185975524239	163
0.083391504401266	1.69750521692295	163
-0.10088077920661	0.905014322545722	163
0.096177805641235	0.461006924813787	32
-0.117131863149381	0.297070487699706	70
0.0302756500750589	1.08738203074499	465
-0.091240816314464	0.872839820740373	465
-0.044708119615992	1.09331820857264	465
-0.013704531125855	0.427138040826507	465
-0.112696390959472	0.291827881259587	465
0.00444822436740999	0.313196978201498	115
0.0963353799518341	0.464436730807127	77
-0.021500130566621	0.645648360886326	13
0.082186391926123	1.03852223800261	13
0.05162756658919	0.575468103927025	1
-0.124642553924261	0.18816233507733	238
0.00835495080464499	0.324178134181371	954
0.036640684166739	0.784234790861615	279
-0.11941368364863	0.297919373673288	48
0.093527379232032	0.420930780916735	48
0.047750105104399	0.579329339034058	4
-0.024886454865226	0.554913587688085	4
-0.089756247791741	0.412941029246091	4
0.088357714565195	0.445414006066463	4
0.051854081158387	0.567715972547774	4
0.012103935148928	0.328952881693488	113
0.096817887881536	0.445937601292418	186
-0.11802729788451	0.289998046781542	178
-0.062759507518209	1.12300772189447	32
-0.072574697182205	0.938833981259473	32
0.017682001327526	0.992625093024467	32
0.015732228633489	1.1126979342639	70
-0.097325253247119	0.414225018491237	39
-0.024859306685006	0.542046330379567	1
-0.011501815522787	0.417201408625572	1
-0.118368385149524	0.295374465765642	1
-0.118040042517046	0.298607007805695	238
-0.025429892657172	0.536615830631675	280
-0.121439530904861	0.506413257260467	280
-0.025770130951275	0.559410948145369	496
-0.05650981042165	0.650549589791178	496
-0.10183947869726	0.399650650779219	496
0.044670436177031	0.55523663606596	48
0.099162379882873	0.713038325310174	4
0.091798054424133	0.44964271979677	4
0.007665583829641	0.316978690492538	4
0.012815263476823	0.330614076431107	4
-0.111486132559985	0.363571048872916	4
0.011421258981961	0.319402858620075	4
0.096938234363846	0.462404479348132	113
0.00521173645908801	0.3212736028767	186
0.096938234363846	0.462404479348132	186
0.099505592207103	0.45333876334529	163
-0.00616581236248703	1.10196346272034	32
0.00590343770948298	0.315498352689726	536
-0.059396767640643	0.766423048638385	465
-0.088733987809766	0.48828483965131	465
0.051552047946638	0.537867755883466	465
0.014221211579021	0.320158289001501	13
0.073735317775001	0.911877099565877	13
-0.098268621874526	0.404122114527282	77
-0.121443095722697	0.619086002631823	13
-0.00814635198980096	0.938938845157018	1
-0.113778954237744	0.301173135071298	1
0.0965469878278969	0.690365050903815	280
0.00515628069427199	0.315758016117377	280
-0.123866502508858	0.538126628652522	144
-0.117951687818671	0.530163941317787	144
-0.101950473715453	0.393055994701831	496
-0.022967450579203	0.538080183829003	496
-0.123131345992398	0.515949384318634	496
0.081576480032415	0.819066954472169	48
-0.021812844381202	0.555278382921346	4
-0.099700613929734	0.387922774579374	4
-0.017611239981125	0.554165902450745	4
0.00843806909834699	0.325281331262212	4
-0.118646066209052	0.297313196368188	113
-0.09931061910511	0.408669499064004	113
-0.110706960058428	0.294960041795385	186
-0.067327109246081	0.856598763447538	32
-0.09880635713873	0.986741652783739	32
-0.036807510931363	0.877681656880728	32
0.079024859776089	1.08082128823484	32
0.111096703884535	1.17750513526361	32
0.00646666196493295	1.15482756985447	70
-0.110217495351801	0.901867162582598	465
0.012805630492947	0.970110345507741	465
0.0337832318517181	0.80516679497716	465
0.0942921444616019	0.685401394679823	465
-0.00613338036778899	0.407899694180721	465
0.109699511847264	0.696503289025123	77
-0.098598734902231	0.411878235665427	144
-0.112554203769898	0.285173213223254	494
0.0963353799518341	0.464436730807127	4
-0.115294236440396	0.30409465501509	4
-0.117899019758142	0.295150653611686	20
-0.123538470666252	0.279370865506824	186
0.0121183413884211	0.329453468473609	186
0.016655933160208	0.318484379312266	186
-0.053508592288287	1.47098857348919	163
-0.033005108840547	1.36139916467917	163
-0.120310717306839	0.288684317194078	147
0.021812592602892	1.00827851081725	147
-0.040345870951543	1.13897349777944	465
-0.0812594897268341	0.887819025321046	465
0.096249760639221	0.819406338753631	39
-0.016490275402735	0.943082795222536	1
0.040129429896349	0.885394426219002	1
0.066748793691232	0.980685256245716	1
-0.093831947920766	0.410456334109532	280
-0.013464199978595	0.435706061316806	496
0.050463605523295	0.561804457801389	496
0.0324507666441271	0.661896881891802	7
0.0508197150940271	0.576025164855222	7
-0.106163165270488	0.39004778068152	7
-0.013881327241608	0.434896126387225	4
-0.110091573358136	0.287962665269065	4
-0.00596934655074	0.385515305686259	69
0.016733682472815	0.311384468175324	2
0.094971552176449	0.458459321384301	186
0.010586319222239	0.314767234593781	186
-0.090473713389621	1.07505103599498	163
-0.00592734917191495	0.990885502010238	122
-0.022751044633501	0.418057012710597	536
-0.0118362950577821	0.432712528080545	536
-0.083645497033038	0.850336992725963	465
-0.075345600454289	1.01014128087123	70
0.00845105661557999	0.326919841231667	8
-0.097250940113941	0.417127027021194	77
0.103197311603906	1.06870949493474	1
-0.031769420705738	0.767348702146163	1
0.038597903108303	0.794646568055996	247
-0.096389203038625	0.419732920563444	280
-0.075167504861322	0.536433809816379	280
-0.097251705401503	0.397661347300535	496
0.011273897273247	0.316307839562572	4
-0.00577813434603702	0.407493749610817	4
-0.115294236440396	0.30409465501509	20
0.096938234363846	0.462404479348132	186
-0.124685315665872	0.192302335259694	186
-0.015866705149739	1.26567576195625	163
-0.089257005888302	0.814974770217342	122
0.047129385713157	0.538996491055713	536
-0.022967450579203	0.538080183829003	536
-0.00288332391500801	0.796131866769045	536
-0.095882103492142	0.416174855475214	536
-0.0418812396779989	1.00216376577443	32
0.016566081101427	1.37567449889509	70
0.00205248141481895	1.13737991267485	70
0.025621992343311	1.1657409426511	70
0.093710323292466	0.665527362629837	70
0.097096543787062	0.462372894298554	8
-0.095882103492142	0.416174855475214	8
-0.033005139225752	0.772870472953811	77
0.0408180097599951	0.788282614778971	1
-0.023345204632061	0.419637340838754	1
-0.104147472136372	0.400704603914324	280
-0.012802282680259	0.687293662942408	280
0.033278265312104	0.779888366759221	280
-0.100679783862978	0.407351989714777	280
-0.0743865454807781	0.550535952824382	144
-0.013464199978595	0.435706061316806	496
0.099162379882873	0.713038325310174	7
-0.089882470410387	0.405996999047511	494
0.00985219756593203	0.319713495002548	4
-0.120170972376751	0.295346357516002	4
-0.096468905011816	0.420679131692645	4
-0.115153663606376	0.301127275964184	20
0.00843806909834699	0.325281331262212	69
0.00913934315425702	0.317100109493428	186
-0.118040042517046	0.298607007805695	186
-0.064302461425556	1.19307340166805	32
-0.114869926631005	1.20769552030893	32
0.071807804155916	1.54259346793729	32
-0.00776960811308303	0.960289520629362	70
-0.0421063760532721	1.09635866112	70
0.0416152236635809	0.518835769214098	8
0.0963353799518341	0.464436730807127	13
-0.093244559581901	0.416998438109835	77
-0.0912296792785	0.81359351514862	1
-0.077682526124132	0.518996919773939	280
0.101023075699671	0.700630277448339	280
-0.10193035367531	0.611324510349251	280
-0.024059392901474	0.55585511985697	197
-0.01559129855291	0.436929068969342	197
0.00919397608519801	0.307974066764047	186
0.00915170945552402	0.328075522385039	186
-0.017052645855162	0.426205631030346	186
0.097096543787062	0.462372894298554	186
-0.098773558487084	1.27598724976698	163
-0.057535113928286	0.909761351130515	536
-0.00857644248315603	0.747820503255819	32
-0.12298618558805	1.03339229055604	70
0.00492281358544899	1.08127362562207	70
0.012815263476823	0.330614076431107	8
0.124830156582451	1.14119561895931	39
-0.0137897423342001	0.421137623214643	13
-0.0159732843035461	0.671862731785965	77
0.1220010128391	0.954213573996519	77
-0.018034016984582	0.632673311431102	280
0.00374967615163502	0.318868432860987	280
0.048189441510448	0.552352836046891	280
0.071484895350558	0.862979419624072	7
-0.064513804554734	0.630170895015045	496
-0.01957565316973	0.555760742691872	494
0.091642117971121	0.451479966383651	186
-0.117888982633568	0.298230771809748	186
0.00915170945552402	0.328075522385039	186
-0.108107861772477	0.283164994688899	383
0.015200852946429	0.317524411186398	147
0.095574788079457	0.463024390677815	32
0.023195141655226	1.1675687129239	32
-0.124741201092613	0.95561115353629	32
0.051587473576965	0.962127492827168	70
0.094998296159871	0.696910064718879	8
0.00828029789720997	0.316734631740958	232
-0.033150819938945	0.757631152080398	1
-0.02502542928129	0.399846487414392	1
-0.119909076059591	0.639398081715854	280
-0.049397294577552	0.639531046728016	280
-0.012176041043114	0.668044602871407	2127
0.012103935148928	0.328952881693488	494
-0.021878643602077	0.548001990510574	197
-0.119265018768808	0.298378667440295	4
0.09758120367301	0.441806596873461	20
-0.08545278641796	0.401621839910574	2787
0.01443338261579	0.31138160528869	69
-0.114830306282018	0.290975720133278	69
-0.117131863149381	0.297070487699706	186
-0.1227628250998	0.293097721202786	186
0.00911879260806303	0.322164303162132	1571
-0.116992485615435	0.294661552287673	186
-0.031643845364442	1.26978145202525	147
-0.098419482749083	0.90533808876356	32
0.090350625314694	1.27421285828992	2623
-0.101206707810849	0.395751685338363	8
0.045252875794631	0.539609121041421	203
-0.100343523616772	0.703253969103069	13
-0.10066758304094	0.708277335664768	13
0.117528288706782	1.20676542407783	77
0.103964281045703	0.717004652053912	1
-0.087242395278209	0.740123281072579	1
-0.013881327241608	0.434896126387225	1
-0.04500986685621	0.725906308334638	280
-0.077697051506066	0.536748220261972	280
-0.026913469366444	0.534333741955432	496
0.101994877429151	0.716392646447657	4
-0.02263845599271	0.554364117479612	4
0.012952826929675	0.307380353527774	225
0.098460807701291	0.454586639495398	225
-0.04393289878681	1.45798949082627	147
0.091131615297062	0.93891840098484	32
-0.013663757970564	0.734690648382049	32
-0.095794142575232	0.634669679924218	70
-0.084468201581536	0.529984838660031	70
-0.0201629919434509	0.556147483144219	70
-0.026027031003941	0.562555434273182	70
-0.014598067644726	0.671031652852159	70
-0.010585541919617	0.681754009897409	70
-0.033800997382203	0.998182049461622	8
0.120009317986355	1.21449825140506	8
-0.042188672677158	0.94461195618029	8
-0.058476333472298	0.64467018095826	8
-0.085592412645243	0.523716072005152	203
-0.013526738723858	0.42351135143973	1
-0.097447736080444	0.4125752707719	1
-0.023495275362981	1.02314465594083	1
-0.038553144682447	0.728826553584958	280
-0.0489651139405251	0.646387669215071	280
-0.046547571392162	0.8618066590222	280
0.100869487681943	0.451229665222883	280
-0.018412900375842	0.426474987777184	2127
0.00915170945552402	0.328075522385039	197
0.100710305513077	0.43956247930169	197
0.053432693493891	0.567396003146329	240
0.099664666724924	0.448824890075548	4
0.012815263476823	0.330614076431107	4
0.00772310037311896	0.316787321618208	69
0.05202717286448	0.522285023938235	186
-0.0163573062655979	0.43085791995166	186
-0.015948805556494	0.551642589905181	1284
-0.120160122255749	0.286225495366324	225
0.00915170945552402	0.328075522385039	225
0.00444822436740999	0.313196978201498	225
0.00702087444475896	0.315712964616297	383
-0.030616598762081	1.78011859670386	163
0.00907915680246096	1.01281519012563	32
0.080163483506146	1.21855597255906	70
-0.119629345127586	0.860147807423105	70
-0.107773285642951	0.976899215314513	70
-0.038661348697884	0.771481945112222	70
-0.021113795001559	0.663650703595976	8
0.0368102992453661	0.896970156802423	8
-0.018586401611797	0.426734652635088	203
-0.084484374761402	0.759454748121051	1
-0.052310408865256	0.653932970410926	1
-0.06316995337184	0.908530821958909	1
-0.093153620488303	0.620712814491799	280
-0.117750032395489	0.298128631090027	280
-0.021983225278732	0.421361595023675	7
0.007665583829641	0.316978690492538	494
-0.078806561280335	0.533746736927675	197
0.097096543787062	0.462372894298554	69
0.00775023900044403	0.31698236723067	69
0.012829110730087	0.327325394797866	186
-0.044939149468625	1.9634438030511	163
-0.116973615105703	0.951935407647387	147
0.00920163670035001	1.20794079299536	32
0.095865392967684	1.61562018946246	70
-0.116493779587774	1.04224015085782	2623
0.119742333841278	1.40553414172991	2623
0.070397335665463	1.22433216357382	70
-0.024549751236122	1.05975613801137	70
0.103434298904664	0.436448851132794	8
0.042426741791462	0.519655480571124	8
-0.092266968413007	0.415119204935034	8
-0.01876644337499	0.561476027117329	1
0.047251537492112	0.994150252506131	1
-0.113380426446329	0.640850924885251	280
-0.014810808583847	0.550566077942213	280
-0.033620858078464	0.782725674709243	2127
-0.029957151136613	0.760404560131238	496
-0.078806561280335	0.533746736927675	496
-0.085023727551345	0.528506050694196	494
-0.0787941497731099	0.515838747982096	494
0.00150696370164904	0.303197391120253	20
-0.123381252461113	0.292344338264707	20
-0.119403113030434	0.294041585897601	2
-0.122900944515079	0.2840438645063	1284
0.012815263476823	0.330614076431107	1284
0.00845105661557999	0.326919841231667	186
-0.085991477930026	1.67590298489021	163
-0.061223258257248	1.40624386867934	163
-0.098444595179453	0.797788992364864	70
-0.048149094755123	1.02930411289772	70
0.043088036557315	1.05654257026466	70
-0.078429122469596	0.995158699663949	70
-0.08827853021912	0.743839501688949	8
-0.040838486940029	0.755339276131914	8
0.111490955794845	1.12761820948155	1221
-0.042373955415026	0.860842189221431	1
0.121641127623199	1.12030395617212	1
0.122527788688058	1.07098428364245	1
-0.124487450460573	0.633071467538574	1
-0.087145960703325	0.654618665216052	1
0.00569104825802402	0.733133234697347	280
-0.0961283717425711	0.634846869315252	280
-0.084740006174342	0.531862672638873	280
-0.121292955007102	0.528895574083271	280
-0.118470784757106	0.500610306952099	2127
-0.08390011756298	0.539992999188992	7
-0.02569856898876	0.640958568536893	494
0.091642117971121	0.451479966383651	4
0.094814767629628	0.457692403463595	186
-0.118656365815889	0.297836218233965	1284
-0.055700930460924	0.651245856635475	147
-0.07661996650166	0.546601046942147	147
-0.103130831876544	1.05913173800171	32
0.044562905138223	1.30580326774095	2714
-0.101818613597885	1.06588110128845	70
-0.019081285105904	0.407294969338284	8
0.031607511213765	0.691139528463611	8
-0.097294472380916	0.391324278092975	13
0.049353234051594	0.555306579459223	1
0.049208507844455	0.898679840737292	1
-0.036655008566835	0.868118089590423	1
0.097699234870511	0.46037074099468	1860
0.00842515956498802	0.309167694316217	1
-0.075452483491515	0.541489277709161	1
-0.039636516497206	0.767447250373771	496
-0.079090617754323	0.53739146858408	496
-0.00762796256774401	0.640750987283098	494
-0.117888982633568	0.298230771809748	494
-0.098723852996577	0.404484107358714	494
-0.024182803340525	0.399687902579193	2375
-0.016010684540201	0.432477340654132	240
0.00444822436740999	0.313196978201498	20
-0.116992485615435	0.294661552287673	663
0.013525240790481	0.328465966413979	186
0.088201177537575	0.444024897149273	186
0.013525240790481	0.328465966413979	186
0.0105749834879521	0.324389193569135	504
0.010563717407334	0.319419567268249	37
-0.034814808674828	2.16721433025014	163
-0.119963352201279	1.24084840830006	163
-0.101950473715453	0.393055994701831	70
0.032510202944831	0.962567736325963	70
-0.0626151237071601	1.17908052311668	70
-0.06175601482412	1.09907787405441	70
-0.063259489340432	0.756305652899153	70
-0.023538750462252	0.540450063009874	8
0.01512310217628	0.312393174603487	8
-0.062324505868366	0.639726120745005	8
-0.010299699256056	0.432266277976494	1
-0.085909465601972	0.638763304416539	1
-0.016508466518699	0.425983766401365	1
-0.013272333811109	0.650881857966762	7
-0.0774126784729	0.534052108657574	496
-0.094782191975737	0.626987760704657	7
-0.0175230857993099	0.401276156530637	494
0.098881286615459	0.722778558960517	240
-0.117131863149381	0.297070487699706	240
0.099505592207103	0.45333876334529	4
0.047750105104399	0.579329339034058	4
-0.016284564195546	0.422372819197019	4
0.097096543787062	0.462372894298554	186
0.09747358638917	0.718228875967443	186
-0.0551349730370601	0.652760753391469	147
-0.011068395985642	0.434096005296691	147
0.104921790185911	1.47028114877936	70
0.00107127990632205	0.971996536423465	2714
-0.1172900547893	1.11817764356952	2714
0.026914935459166	1.39136496106051	2714
-0.015039236851109	1.14191388697131	2714
-0.04948520590786	1.26972028879987	2714
-0.051063275399582	0.948051161657605	70
-0.121546242573534	0.952913050816606	70
0.012801487163888	0.320585170638168	8
-0.122624064829677	0.293244123835198	8
0.00916415097372203	0.326595495683692	62
0.113960068370796	1.02458045817746	1
-0.092036518175705	0.628687322540372	1
-0.017470470260521	0.415933210316221	1
0.122510516954627	0.943619189191775	496
-0.027102097061422	0.530683645710833	7
0.088194102158341	0.815667837212188	1378
0.00835495080464499	0.324178134181371	20
-0.09207044915592	0.419313887395787	20
0.094211368598132	0.453251119625554	1433
0.012815263476823	0.330614076431107	186
-0.122006032946107	0.294000432502212	186
0.00374967615163502	0.318868432860987	1284
-0.123035676832167	1.72707468450846	163
0.013460185519198	1.24451241703778	147
-0.037645050960637	1.00347558882684	70
0.044192075836915	1.08184664130729	70
0.0514452100194171	1.15339260423791	70
0.015014482456243	1.11823063660531	70
0.095254767143959	0.698963380988757	8
-0.027584773798233	0.377503613177306	8
0.093146976783295	0.668232654434284	1221
-0.123678903456647	0.282018118013976	1
0.032458831859524	0.662391763052393	1
0.034123597950269	0.658568048167455	62
0.00911879260806303	0.322164303162132	1
0.00987590698121499	0.323268666900645	1
-0.00151428689792599	0.791989778247493	1
0.124248785235582	1.05972472753528	7
-0.079725856323003	0.636379810568111	7
-0.02263845599271	0.554364117479612	7
0.015967620659249	0.317433866241237	494
-0.027102097061422	0.530683645710833	240
-0.011068395985642	0.434096005296691	20
-0.096273138294967	0.422204544711183	4
-0.116992485615435	0.294661552287673	4
-0.017052645855162	0.426205631030346	20
0.00775023900044403	0.31698236723067	186
-0.112680838115223	1.11922826351773	163
-0.124624585470491	0.927983780237136	147
0.00381037005853402	0.879309787581534	70
0.08946054743415	1.02836522572808	70
-0.00662786486299605	1.04323635087266	8
0.035466355161214	0.684858209231349	8
-0.097744278502587	0.406213488586904	8
-0.062999579203897	0.646253177531466	1
-0.081323416628122	0.527361846269359	1
-0.010627433435042	0.922025289383532	1
0.102700834673484	0.70702788371186	1
-0.054979571247618	0.638455442725082	62
-0.070317370603724	0.741112150211855	62
-0.089435244177953	0.627229097273628	1
-0.04087292354599	0.751611754289615	1
-0.079361775601396	0.515657162878804	1
-0.00929722539279698	0.752263613876942	1
-0.014741145502525	0.684448012072199	1
0.065450034899892	0.985773710472462	1
-0.081093674614049	0.537951632462037	496
-0.075721633764258	0.529652976190691	496
0.103575880072034	0.686196647665556	7
0.0385328028424901	0.66632878849261	7
0.00703906085975303	0.897635420268088	494
-0.121388183722514	0.287933051323459	240
0.121581431819418	0.898045848395566	1110
0.1063106981117	0.708618273720479	20
0.00396053729044099	0.305578612637814	4
-0.112233765088855	0.278034501989394	4
0.00759040343654904	0.322541715501254	4
-0.018412900375842	0.426474987777184	186
0.004647531923197	0.305835032359169	186
0.09119421032512	0.435880665481761	186
0.00772310037311896	0.316787321618208	186
-0.077737997111249	0.549598166911435	70
0.022239542661457	0.597342996791847	118
0.0152791292141879	0.30840199370669	374
-0.027754054383806	0.537425953929916	1
-0.01687337235736	0.394092707927914	196
-0.110091573358136	0.287962665269065	1
0.090507370483029	0.921274135928806	7
-0.097055928636709	0.421240281322587	7
-0.1129084173721	0.630362605773019	240
-0.081665049149461	0.548811977268762	240
0.032989578391428	0.69960764398108	4
0.011421258981961	0.319402858620075	20
0.012815263476823	0.330614076431107	186
-0.118507543729429	0.299304780944565	186
0.00515628069427199	0.315758016117377	186
-0.08869625061665	0.50347166515121	147
-0.030273817586768	0.81926289685593	70
-0.078192804760542	1.08087899094216	70
0.013993045834706	1.402789234064	70
-0.0431834417441011	0.741834966384161	118
-0.018050491252491	0.435487749579658	8
-0.111938275162416	0.293323782747409	8
-0.028334493219817	0.616757739998721	1
0.00915170945552402	0.328075522385039	1
-0.09813682572315	0.721114154717003	1
0.099464875961603	0.68688091150249	1
-0.092762010773235	0.651871369129713	496
0.04304077763899	1.1671867017905	7
0.042431899637822	0.888321945736834	7
-0.010475700242373	0.430682427751401	240
0.030224664121611	0.66378375059904	20
-0.11969338554472	0.282946390722976	20
-0.011661318723305	0.432921055092797	4
0.095574788079457	0.463024390677815	186
-0.119884155669686	0.29560603021401	37
-0.115770898409793	0.292314042938234	596
0.117092781127777	1.20940161274826	147
0.00904413849756003	0.318298937795846	147
-0.118987643626816	0.812561434007679	70
-0.090011402642767	0.905833667063277	70
-0.025521255261049	1.25924719549873	70
-0.121496101428065	0.830803313855108	118
-0.115294236440396	0.30409465501509	118
0.081890311624539	0.938841456394825	13
0.094211368598132	0.453251119625554	196
0.047234219383952	0.544178089354934	1
-0.114536610980494	0.303993219626647	1
-0.0148244924635	0.439555632965869	240
-0.098133904574127	0.399685511093267	240
0.015889869345312	0.318578414672583	37
-0.017227176354247	0.424304212150771	37
0.00445852678768899	0.321554482797228	596
-0.055854339269263	0.66708557838553	147
-0.0173807554433	1.36719276957154	70
0.03496062307221	0.67233819412171	118
-0.118646066209052	0.297313196368188	13
0.038400825797726	0.777460866979353	1
0.104699765758898	1.23110190863498	496
-0.071056199987938	0.72367469176863	240
-0.103434940111745	0.375649687695666	4
0.0105749834879521	0.324389193569135	37
-0.056448333022612	0.667139196803894	70
0.047523281902328	0.571591230738657	70
-0.11465671853946	1.04340607660864	70
-0.116406910671363	0.498401704682034	70
0.056463400787213	1.40032875012293	70
0.093161814663994	0.453679265021089	118
0.049900182662124	0.993461310753833	719
0.096938234363846	0.462404479348132	374
-0.057621410042233	0.64288731285678	1
-0.10544389079727	0.886808482142994	1
0.012103935148928	0.328952881693488	1
0.102229823069371	0.420414479145607	1
0.096938234363846	0.462404479348132	196
0.033503422574568	0.876457650717834	1
-0.022751044633501	0.418057012710597	7
0.100025714911486	0.721748378063026	240
-0.117234194892226	0.633788823301821	240
0.0443146081649109	0.559297706237802	240
0.096177805641235	0.461006924813787	4
-0.019352077692027	0.423368907722633	186
0.00843806909834699	0.325281331262212	186
0.00445852678768899	0.321554482797228	186
-0.119265018768808	0.298378667440295	186
-0.119265018768808	0.298378667440295	186
0.012103935148928	0.328952881693488	37
0.096682871051893	0.408653809566236	596
0.093049788733507	0.453597326703802	596
0.00773662930927399	0.324144509539724	596
-0.111563836484557	1.04292145957412	70
0.02879412882254	1.23295007530491	118
-0.092465160400646	0.742344877077235	118
0.051399999987288	1.05947273132646	118
-0.079179975821415	0.914953114807509	8
-0.036179882535095	0.774635649286137	1
0.089979282369471	0.81900132720535	62
0.027189693567186	0.651801930979899	1
-0.025195474922625	0.535229648697944	240
-0.01705294933363	0.385794417109899	634
0.011406221851062	0.327802172715368	186
0.042921835393847	0.55099363681069	186
-0.119265018768808	0.298378667440295	186
0.094256534352024	0.444258179180339	186
-0.099114729927253	0.408950293343003	504
0.087441008304361	0.438271231575728	504
-0.114860117434843	1.02046174255982	70
0.072282767953027	1.3669386660711	118
0.045331723787049	1.41909395032399	118
0.05482392533012	0.566214335355532	8
0.105779114476095	0.67617915094734	305
-0.027102097061422	0.530683645710833	13
-0.115436686528984	0.716080965374789	1
0.04773764658303	0.556242357120783	1
-0.014922089690911	0.663641365579289	1
0.079317145851917	0.894392376045644	2469
-0.073774463798744	0.535010567672136	240
-0.0144058795433331	0.421374953305562	7
0.097193208764326	0.720854472485319	240
-0.121727012139654	0.281922705625362	240
0.098335869575859	0.677634700081009	169
-0.013288481262688	0.436089978103716	634
0.00985219756593203	0.319713495002548	186
0.094848420030773	0.433677941298626	186
0.007665583829641	0.316978690492538	186
-0.11575711458174	0.2866227293899	152
0.030397052547239	1.23087613056251	70
-0.046906861228936	1.26250206735052	70
-0.010920514892335	1.37361085064178	118
-0.085094913177831	0.638737365618428	8
-0.10108205028042	0.877468623759214	62
0.0406189422280691	0.681277436281081	1
-0.120217345436901	0.539337211110651	1
-0.040154393196955	0.741968137745115	1
-0.0906062016363211	0.792686252626575	1
-0.096468905011816	0.420679131692645	1
-0.115836609848654	0.516469941466371	1
0.122604183688785	0.892863060381766	1
-0.021230282817404	0.664004926108281	240
0.090485132897874	0.443137480005859	240
0.090328203620525	0.667756218963817	169
-0.101312207360061	0.408373994434147	169
0.012103935148928	0.328952881693488	186
-0.0274313184391301	0.537402827611717	186
0.00759040343654904	0.322541715501254	183
0.00904413849756003	0.318298937795846	183
0.051867001561649	1.12523991966907	70
-0.058420238280939	1.08717352472137	118
-0.090930392978074	0.386011156412587	13
-0.102706793292533	0.691816717729842	62
0.014511656741881	0.308469033794678	196
0.0963353799518341	0.464436730807127	196
0.035453248195349	0.778534983409179	1
-0.0219849273557921	0.655305117834303	1
0.023942060788981	0.994799261568722	2469
-0.015379710896968	0.553159918590197	240
-0.113303051847015	0.295278698353028	240
0.096772451655092	0.805338499992508	186
-0.102293460932911	0.411749445111632	169
0.00843806909834699	0.325281331262212	169
-0.115434173199174	0.300328537416938	183
-0.110706960058428	0.294960041795385	86
0.00759040343654904	0.322541715501254	595
0.095019274300554	0.438984060680651	595
0.042072201995772	0.532827903464569	152
-0.018107966183277	0.673992240956464	152
-0.080060294565471	1.07926717706583	70
0.073609037558966	1.27604161471419	118
-0.1207761013347	0.642366840076898	118
0.034941564462419	0.680242923136285	118
0.079744524121989	1.00565351465092	118
0.051574093512307	0.551955709253219	13
-0.093885567779462	0.633829021599366	1
0.096177805641235	0.461006924813787	1
0.093161814663994	0.453679265021089	1
-0.0993088385783279	0.420352325674081	1
0.040989900769457	0.69203048446613	1
-0.123204552369502	0.520963151173282	1
-0.11452010992323	0.630435570787519	1
-0.080813228471638	0.540673909117166	2469
0.039375054024117	0.907149449491507	2469
-0.042774273959157	0.870836901587493	240
0.042698882140845	0.683368541655165	240
-0.015328453588745	0.667140851529778	240
-0.012429285890426	0.431543650696714	240
0.094211368598132	0.453251119625554	186
-0.01994518935665	0.422232841761338	20
0.099505592207103	0.45333876334529	186
0.00759040343654904	0.322541715501254	186
0.00303948014751998	0.310717648335688	86
0.097096543787062	0.462372894298554	86
0.095732307356114	0.459844078730087	595
-0.020081897063942	0.926372779879666	70
0.124099899540733	1.03470382740998	152
-0.070253996297301	1.01077577284854	70
-0.0342955418141701	0.913642784645323	70
0.111645342263334	1.24170610036233	70
-0.058772019971062	0.927885999179015	118
0.078615120278028	1.45521544734279	118
0.054655052873836	1.16995378941966	118
-0.120779856587434	0.287169238410287	305
-0.024942395181068	0.557478689258925	2441
-0.120834336871781	0.642951488322959	1
0.122614209911268	0.952404408156051	1
-0.00108596693235796	0.739338090782349	1
-0.0124915426330801	0.682223043788799	240
0.12226005753055	0.9336046727308	240
0.098902909147379	0.449048017168821	240
-0.122144580818469	0.287069025105785	169
-0.014474400500479	0.429173135281892	169
0.00915170945552402	0.328075522385039	169
-0.017470470260521	0.415933210316221	169
0.091642117971121	0.451479966383651	186
-0.0985277996610689	0.408448081206267	730
0.00775023900044403	0.31698236723067	186
0.00828029789720997	0.316734631740958	183
-0.00956571057834799	1.34313830891469	70
-0.094602291593982	0.924284328064711	70
-0.020151336482771	1.09654237959099	70
0.066079757599889	1.43202859388865	70
-0.111027064052461	0.833688722599007	70
-0.066125584810354	1.00034993268356	118
-0.012897055948346	0.537419962250911	2441
-0.077400181925019	0.5304229373403	13
-0.100501364974243	0.803218252996236	1
0.0872456066491351	1.02542252842817	62
-0.054575999281623	0.65479775692339	62
-0.119101052934481	0.272695161808429	1
0.078144334598327	0.986211161876652	1
0.080677261859435	0.907594009206689	1
0.013841920906123	0.904377396623779	1
-0.060986043577546	0.658618687506601	1
0.0815236818901131	0.820976431924209	240
0.044109324607413	0.551081140479629	240
0.047963337565594	0.557939703176954	240
-0.075452483491515	0.541489277709161	7
0.077687531811789	0.813530346633664	240
0.09148686079677	0.443712385618922	20
0.095889424417641	0.430911088510674	20
-0.100121082280016	0.421815244092435	169
-0.103755589367087	0.408571635229583	169
0.091798054424133	0.44964271979677	186
-0.017993585327188	0.42342027922297	183
-0.0987537112422629	1.12786186119297	152
-0.100121082280016	0.421815244092435	152
-0.06613806273982	1.10403416715551	1677
-0.04705820958547	1.19442521448785	1677
0.00359898882144705	1.10782720325206	118
-0.015018994510078	0.673667779147568	118
-0.123865234541109	0.18844103961071	2441
0.030753255530297	0.673701313492617	1
-0.018086629531591	0.882744198734603	240
0.0000775507917329943	0.977341307834082	240
-0.11860513554406	0.526169477247744	240
-0.019006103659419	0.420969041544549	240
-0.008680317225082	0.420806973024736	20
-0.017993585327188	0.42342027922297	20
-0.026027031003941	0.562555434273182	169
0.012089602657137	0.313251917821912	186
-0.118796963117834	0.298692462225041	186
-0.118646066209052	0.297313196368188	186
0.09934719699151	0.447617217146953	183
0.050594146976539	0.572438391148497	37
-0.085339116507913	0.377853579669603	152
0.051468564820772	1.44412217263566	70
-0.036566390538806	1.19549051374226	1677
-0.00630683288574296	1.31604169899568	1677
-0.049506573830355	1.01653082357734	118
-0.091150848722528	0.408844958098262	548
0.00303948014751998	0.310717648335688	779
-0.111454964251796	0.62897586435932	1
-0.01994072793862	0.630962023366074	1
0.092732774107206	0.444779998550083	1
0.0963353799518341	0.464436730807127	901
-0.065706903360618	0.727723168226218	1
-0.122319621849466	0.685917919074936	240
0.00338919572020502	0.778135921314626	240
0.081246344723674	0.781481156873305	240
-0.01559129855291	0.436929068969342	169
0.087314466425122	0.427953286606935	169
-0.111464286348773	0.293450498381639	169
0.00911879260806303	0.322164303162132	186
-0.079929367008341	0.535281608756953	152
-0.013414961203703	1.59479120751338	1677
-0.119985514167888	1.17315209954247	1677
0.00254482631470898	0.737825853052865	482
0.00835495080464499	0.324178134181371	13
0.0587062494238469	0.566114433072241	1
-0.027890437549696	0.958464702002957	1
0.015797615742342	0.752729376862081	1
0.00904413849756003	0.318298937795846	1
0.09119421032512	0.435880665481761	637
0.00988787034314398	0.305815399936832	637
0.00374967615163502	0.318868432860987	1
-0.0996851053305901	0.897451692109234	1
0.0384939441643271	0.808803107805488	240
-0.0353437272273081	0.781368987385724	240
-0.066282661179453	0.760528822413535	240
-0.100805794702255	0.605105830631813	240
-0.119464313542808	0.619741047224715	240
-0.027984540538167	0.512516450806016	20
0.100789103214354	0.692636599640987	20
0.0942921444616019	0.685401394679823	186
-0.101950473715453	0.393055994701831	186
-0.014773339011914	0.653192799668013	169
-0.104735549284515	0.403688901521086	186
-0.0983311505273891	0.406702830065065	186
-0.013288481262688	0.436089978103716	721
-0.118783954043212	0.286931676780627	186
0.00987590698121499	0.323268666900645	640
-0.034551920215093	1.34386153786639	152
-0.00334683332338304	1.32089168981294	152
0.098744568092666	0.449452181292712	152
0.061119854933295	1.71154266796694	70
-0.059271350425751	0.96819395030562	1677
0.041202497936315	0.995445035286205	118
-0.00825343481806995	0.970573152178936	118
0.0863091968155431	0.623201165273509	548
0.00773662930927399	0.324144509539724	13
0.064088877626159	1.12632283886869	1
0.041157742768077	0.989466094279756	1
0.102700834673484	0.70702788371186	1
0.00916415097372203	0.326595495683692	1
0.0385196368602549	0.906786869237476	1
0.043292384934657	0.916317334459217	1
0.095574788079457	0.463024390677815	1
-0.07082716555728	0.746433757096831	1
-0.00369890798615102	0.776114745352551	240
-0.0462055917955681	0.938700023765109	240
-0.00710216384998097	0.7808831599584	240
0.121187707717406	1.07092786899981	240
0.032285911587451	0.744192556381234	240
-0.0993088385783279	0.420352325674081	186
-0.026283589735808	0.557607583657042	20
-0.078864449328803	0.552119575813767	186
0.098744568092666	0.449452181292712	186
-0.11666966921192	0.29860266212504	37
0.095286725387063	0.44228817670463	37
0.00843013400888903	0.315094554887299	37
-0.042325304920488	0.754542627301487	152
-0.022764518313847	0.637373471748853	152
-0.0490314236274489	0.935236037090789	118
-0.029533949589335	1.06368276653563	118
0.048620819203322	0.563407768112685	1
0.015559400212909	0.975130244662307	1
0.00620238423570596	0.897281231368702	1
-0.112533501948848	0.826857264822116	1
-0.019831321604171	0.554628685359135	1
-0.020401066629622	0.553085871294079	1
0.042695682475585	0.554789547440128	1
-0.0120789443224421	0.412451147113124	240
-0.040607932974675	0.859583629632041	240
-0.104684752777623	0.599363869516871	7
-0.100712392435608	0.612190031828953	240
-0.118507543729429	0.299304780944565	186
-0.119553855006516	0.296107658365831	186
-0.013464199978595	0.435706061316806	1848
0.076626066763698	0.913559110121566	152
0.023583778666214	1.08883099491627	152
0.032643172038369	1.07354949432319	70
0.00699016423599597	1.07442170831468	482
-0.00939926742627095	0.668556847177847	482
0.047724130647287	0.740917773931735	482
-0.016782984846429	0.410981817199723	548
0.00444822436740999	0.313196978201498	1
-0.086148176751223	0.526192652270676	1
-0.071417511121432	0.696481852441079	1
0.00690210029334704	0.779093350572789	1
-0.064867603986249	0.636539815194438	1
0.0457553741636601	0.915875284342426	62
-0.116191341078772	0.292716215392469	1
-0.022126864761941	0.546222917781313	1
-0.018534318217963	0.655573389887883	119
-0.120519926300606	0.627425773541401	240
-0.081609008460977	0.515244879509214	240
0.047155686034092	0.557102628165091	240
-0.09285374901	0.419542930721633	240
-0.083967162366804	0.508562916063841	240
-0.018412900375842	0.426474987777184	20
-0.017106913266244	0.398964433093687	20
0.044966021148873	0.561063269327362	186
-0.112080248126933	0.294451481685123	186
0.011406221851062	0.327802172715368	186
-0.017052645855162	0.426205631030346	186
0.00986401605334397	0.327745382331889	186
-0.112696390959472	0.291827881259587	1848
0.00521173645908801	0.3212736028767	1242
0.03535538765317	0.825205843890952	70
0.00870115868376897	0.896651065976282	70
-0.037446518156295	0.745034581827559	118
0.045387536585115	0.908277077703424	118
0.026106992817702	1.00310243980105	118
-0.0589372679261	0.655047909284997	482
-0.122509187279692	0.710725886609982	548
-0.055591133116266	0.988421924121567	548
-0.016014570346562	0.422627924995115	1
-0.089755376505633	0.65640078946573	1
0.047164228150466	0.99078525803061	1
0.050075075467142	1.19385941362342	1
0.00521173645908801	0.3212736028767	204
0.103575880072034	0.686196647665556	1
-0.012483722235183	0.660570755508637	1
-0.020160857835114	0.548674272702928	1
-0.083173942159025	0.753214990501302	240
0.085611567491844	0.828149866265682	240
-0.022220688876549	0.41245288973821	240
-0.013881327241608	0.434896126387225	186
-0.024629445491743	0.562546548368811	186
0.00597600539507803	0.31809893525624	186
0.0924016795002121	0.45401840587187	186
0.00846412212396796	0.316701116016018	186
0.00150696370164904	0.303197391120253	186
-0.117283094084173	0.295905464637686	186
0.00528482736550096	0.311207678158413	186
0.00916415097372203	0.326595495683692	1848
0.00703502374024001	0.314409160332891	37
0.043278636751148	0.556237032776659	152
-0.00897109609459601	0.533784055823561	152
-0.0655154030724801	0.900160312499523	152
0.0164354245146821	1.48020678600005	70
-0.09765266409365	0.40923050524098	70
-0.0926009934627911	0.994852246734514	118
-0.019070799634875	1.11047510219702	118
-0.026135427551272	1.32457140631907	118
-0.124049038456815	0.517895074013019	118
0.088961921013316	0.446488261701271	118
-0.060539541151396	0.770676964187735	118
0.113608810642217	1.59471975837702	41
0.033813082603429	0.687363502275928	1
0.015398416788714	0.884230531606479	1
0.031496086799328	0.768609485359901	1
0.087982563950098	0.83401666585095	1
0.00215710090086296	1.04418470179857	1
0.00703502374024001	0.314409160332891	204
0.033632564874273	0.803825192078553	1
0.118703781710512	1.03032355995537	1
-0.041348938014758	0.731624625671912	119
0.01830809982023	0.908304859280548	240
-0.061601748824521	0.752965687400653	240
0.013634564945578	0.954530285586173	240
-0.117136877915624	0.53338478572313	240
-0.085708642275501	0.629802360613453	240
-0.012897055948346	0.537419962250911	285
0.0443146081649109	0.559297706237802	186
-0.085592412645243	0.523716072005152	186
-0.011068395985642	0.434096005296691	186
0.00985219756593203	0.319713495002548	186
-0.098619418235169	0.410949989630456	152
-0.105183171887722	1.28878557823788	152
-0.085395056531535	1.23182267208446	70
-0.040606331515494	1.10827404925086	70
0.054209745826024	1.36591153096231	1677
0.03764963158311	1.41877294005015	118
-0.122497849854498	0.619910331521529	118
-0.015106135601262	0.872742051897256	118
-0.012932982559176	0.660494640021426	118
0.016385301789958	1.06240610845081	1
-0.070384447344651	1.08174436600463	1
0.00451985296836199	0.314187545812661	204
-0.018412900375842	0.426474987777184	119
-0.098037328748152	0.640246246722718	1
0.084001917233148	0.809970173602676	285
-0.0166859947943619	0.430671597891022	186
-0.015417474803706	0.438337718361753	186
0.0963353799518341	0.464436730807127	186
-0.114676972694715	0.302973712143562	186
-0.121866843876206	0.292132076819381	186
0.00843013400888903	0.315094554887299	186
-0.100332372735309	0.421969096405057	37
-0.015313288226536	1.59874432889508	152
-0.120631754085893	0.286890752661735	70
0.10171998745935	1.56023290809072	70
0.02828829092207	1.23452831028799	70
-0.119421253403548	0.813655966168379	70
0.090764017055965	0.449052635811849	70
0.105387675166419	0.723305289587626	204
-0.120982842471227	0.518452806445034	240
0.096621929625705	0.677985094372157	240
-0.106390390989857	0.388845528609338	240
-0.115445312166422	0.290252152225237	240
-0.029923896625052	0.781412129509787	240
0.00590343770948298	0.315498352689726	186
0.032742211725332	0.657908187816048	186
0.011406221851062	0.327802172715368	186
-0.120030585495487	0.290467287922413	186
0.012103935148928	0.328952881693488	186
0.011391261254977	0.321094987246915	186
-0.119884155669686	0.29560603021401	186
0.00590343770948298	0.315498352689726	186
-0.113312714948903	0.283768886795465	186
-0.102382281649541	0.409458776340662	186
0.026734830756754	2.25808202778523	579
-0.076917024299877	0.542367640014373	152
-0.023208575594338	0.552811803769743	152
0.0418133038934621	1.16513904753238	118
0.00843806909834699	0.325281331262212	118
0.0121183413884211	0.329453468473609	65
-0.013497213824154	0.64225993379152	65
-0.11734398187995	0.716091422263999	65
-0.122006032946107	0.294000432502212	62
-0.014649801240545	0.438048639067437	119
-0.027111054941881	0.82675014069515	1
-0.023718716591409	0.541019742950499	1
-0.057486321952603	0.667605353072354	240
0.0121183413884211	0.329453468473609	240
-0.090795413694814	0.629271795974851	240
-0.014120788809759	0.419877583370679	186
-0.076066495556698	0.548149425165316	309
0.08316899081663	0.820686925192804	152
0.015256173544014	1.74646874553853	152
0.0202850521460231	1.06270842425315	70
0.109218015443389	1.36693742217207	118
-0.070573929802379	0.960770990701558	118
0.023706328656992	0.881740173488509	118
0.042125727084793	0.669511720973829	1
0.00989415823930395	1.16285783305603	521
-0.077893346969622	0.83111018486342	65
0.00621553931200203	0.831751742334536	1
0.033793611713398	0.792389962170676	1
0.048585775692762	1.1819528353603	1
-0.012866107976032	0.415128123163635	1
0.035947351874604	0.768062520403535	285
-0.0148244924635	0.439555632965869	186
-0.061746250010853	0.620040983598284	186
-0.123999863006918	0.285171359304784	186
0.015889869345312	0.318578414672583	186
-0.014231737351886	0.435984708576317	687
0.0121183413884211	0.329453468473609	309
0.101029349852807	0.448809400090925	309
-0.091077632732333	1.38577823545135	70
-0.055856681772485	1.30304627360501	152
0.028591585925011	1.15348856711297	70
-0.044088639886983	1.24642036788769	70
0.019289165452242	1.36573585356851	70
-0.117601916648403	0.640174017794783	70
-0.027865005129773	1.26893554998386	70
0.093377817461794	1.49313755537694	70
0.080606560666879	1.29095170085374	118
-0.095990271481112	0.707220628493294	118
-0.019264624759748	0.874170610691635	719
0.00911879260806303	0.322164303162132	41
-0.00250386127397095	0.990680304235285	65
-0.100436540221436	0.771224729941287	1
-0.100512851653079	0.813915245124382	1
-0.081947102351328	0.518691060466219	62
0.000817428354186967	0.302940626732143	204
-0.0855956112035841	0.81877097951399	1
0.117510193546274	1.24961990524563	255
-0.016957866063531	0.681610182537176	255
-0.00103225560606401	0.787641284462977	119
-0.0774706390828071	0.550331046309599	285
0.00445852678768899	0.321554482797228	186
-0.096664131213465	0.411187220794052	20
-0.014056887024296	0.439262910715036	186
0.098460807701291	0.454586639495398	186
0.00521173645908801	0.3212736028767	186
-0.021808623405272	0.423881779865849	687
-0.011749264884646	0.416580138291545	687
0.012801487163888	0.320585170638168	309
0.093319225037514	0.446230549867301	309
-0.099897607490195	0.409174521280979	309
-0.118270850442828	0.71583663503418	220
-0.014952497461223	0.660286314117814	70
-0.04973784433269	0.647705522952	118
-0.036699033553717	0.996036375195136	118
0.037812994608477	0.805742735062116	41
-0.106170805117063	0.726770529118727	65
0.088076998262414	0.432523929417512	1
0.072674291378238	1.27830943404209	1
-0.023532454494861	0.647593016927014	204
-0.013561264825386	0.390619038469264	255
-0.0195995346819789	0.407996622836048	255
0.121055914787801	0.900864723170516	285
-0.096076779497048	0.417814127958968	285
-0.013372852068301	0.741669422810753	186
0.091798054424133	0.44964271979677	186
-0.091862035027357	0.41684227519737	186
-0.015417474803706	0.438337718361753	20
0.00445852678768899	0.321554482797228	186
0.0105749834879521	0.324389193569135	687
0.047977344659266	0.577227856338616	687
0.096177805641235	0.461006924813787	687
-0.114536610980494	0.303993219626647	242
-0.012254468622719	0.427295819550001	307
-0.026299982107129	0.520929196780141	37
-0.113162477267394	0.300091130878947	309
0.086473566921221	0.921394854283957	220
-0.064266124954225	1.00071670868886	70
-0.022577316050907	0.422977444788217	118
0.051632378184191	0.575245885440944	118
0.0449951734628	0.876633909654935	1
-0.122627799044188	0.631802723030337	1
0.049126874763356	0.550886272758118	119
0.00985219756593203	0.319713495002548	255
0.081674682243275	0.898188345888975	285
0.103434298904664	0.436448851132794	20
-0.026595855722768	0.540149029668004	186
0.011391261254977	0.321094987246915	186
0.049952406743726	0.570064163914644	186
-0.095199489292687	0.398618867149027	687
0.051854081158387	0.567715972547774	307
-0.123721800693214	1.19376003134997	152
-0.102029574488524	0.835679678788498	220
-0.00461514494688098	0.794817431937448	118
0.066367244662675	1.84215465253944	118
-0.00695905778899697	0.784603886808131	41
-0.077179782707315	0.687002178928309	41
-0.071075059066776	0.858638167657722	204
0.00623553284205602	0.881458354463319	204
-0.041014225674791	0.735192344983171	2381
-0.078024422550546	0.553133712495113	255
0.085608795549443	0.922549822834932	255
-0.022382827535351	0.553723692414701	20
-0.078251721436004	0.536971879183581	285
-0.019772716731399	0.420094421320297	1651
0.091798054424133	0.44964271979677	186
0.0942925477966861	0.682083142490383	186
-0.116051829750984	0.301420175985184	186
0.014511656741881	0.308469033794678	242
-0.122481431771989	0.540139145396234	307
0.099505592207103	0.45333876334529	220
-0.107964083761544	0.280877242833271	118
0.012132821358429	0.317460831977872	70
0.00666700204882897	0.312491331570377	118
-0.019784356620496	1.18613154583845	118
0.048117062135297	0.534431223731533	65
0.090058646822861	1.87317004941869	1
0.000745331158128026	0.303403645126741	1
-0.114676972694715	0.302973712143562	1
-0.02376220764621	0.404843929972033	119
-0.035027579827794	1.02254728187138	119
-0.11345447844899	0.285467783857203	119
-0.004937767490928	0.406509609860184	255
-0.110091573358136	0.287962665269065	255
-0.017279881082229	0.432374728426455	255
-0.037261214556494	0.956637585692206	240
0.00475810805365895	0.840913492420871	385
0.011391261254977	0.321094987246915	309
0.025120196502705	1.09426613764714	220
-0.069229863172481	0.751474645237981	70
-0.117967992653787	0.722850830556244	118
0.107264328418845	1.06434873640256	118
0.019636790218249	1.77993630072233	41
0.092762730858082	0.42455925343551	65
-0.015455269723733	0.657894453462016	6
-0.12458827372049	0.519427413199018	6
0.101645921568421	0.688677461029287	255
-0.094223415848487	0.417496997180507	255
-0.109495641806924	0.359731993030997	240
0.031909699240703	0.658510868955156	240
-0.0234849848201421	0.527222025277134	20
-0.018050491252491	0.435487749579658	186
0.011421258981961	0.319402858620075	385
0.095732307356114	0.459844078730087	242
0.095286725387063	0.44228817670463	37
-0.124471591706278	2.24133325965786	70
-0.090673393245742	0.833816207841342	220
0.054493156940189	1.10297870010312	70
-0.070267394694039	0.858896350459082	118
-0.097484009515363	0.823511024254426	118
0.047511765002751	1.17692228523048	118
0.010578641405781	0.870772734951608	118
0.057091507627738	0.563084030625129	41
0.014576556446798	1.12952397287835	1
0.098317907809044	0.717397274287215	204
0.00263944360168	0.763499696786345	119
0.039499855679879	0.904984101234468	6
0.082312514331125	0.823363276690494	285
-0.00555254039518105	0.674451318964229	20
-0.057898675001107	0.646226781911159	186
0.047963337565594	0.557939703176954	20
0.0528615585819751	0.569364557748047	186
-0.0118362950577821	0.432712528080545	186
-0.112233765088855	0.278034501989394	242
0.011421258981961	0.319402858620075	309
-0.0112821973302	0.959703691189519	220
-0.034380404760591	0.753697974119403	220
0.050310075128401	0.905447262628969	70
0.0394606681459591	0.782988769627048	118
-0.124743503471124	1.11690523160165	118
-0.082253273771933	0.794564459293698	65
-0.017632475298915	0.423056127732152	65
0.023374012389524	1.02036685193596	65
-0.120786147191287	0.719610752329143	1
-0.04711830927105	0.723841034795738	1
-0.120631754085893	0.286890752661735	62
0.045935368017107	0.553033351915441	204
0.035090707291968	0.652786365180211	255
0.099947285942511	0.706335617549168	255
0.09965098283777	0.678515421305484	255
-0.022382827535351	0.553723692414701	240
0.050239711022051	0.569604275034537	20
-0.082505031049566	0.546584631525447	285
-0.079090617754323	0.53739146858408	20
-0.121727012139654	0.281922705625362	186
-0.016115852093694	0.682481682850668	186
0.0121183413884211	0.329453468473609	242
0.00845105661557999	0.326919841231667	242
0.00985219756593203	0.319713495002548	242
-0.100707014741583	0.41624523258429	70
-0.114574527757697	0.648854831543868	118
-0.017122516575015	0.41793726679086	118
-0.118646066209052	0.297313196368188	118
-0.0456915077348	1.3911078572468	118
-0.089238460392956	0.988115841909769	118
-0.018436629886134	0.554639789129222	118
-0.120882446665466	0.779865217350454	41
0.09148686079677	0.443712385618922	1
-0.098723852996577	0.404484107358714	1
0.088651916257235	0.839785008909832	204
0.00915170945552402	0.328075522385039	204
-0.012429285890426	0.431543650696714	204
-0.115587303277169	0.289494787039319	255
0.0121183413884211	0.329453468473609	285
0.095732307356114	0.459844078730087	285
-0.123999863006918	0.285171359304784	20
-0.115434173199174	0.300328537416938	186
0.00916415097372203	0.326595495683692	37
0.048398986821538	2.31883343735718	124
0.031694686431495	2.45792349741835	152
-0.09053910431384	1.93885341746954	152
-0.015948805556494	0.551642589905181	220
-0.0207388977947131	0.561423652426606	220
0.094525604446597	0.448641997946062	118
0.082899203526779	0.916457182492954	118
-0.085107520360995	0.379902470672954	118
0.040126295386551	0.802577531519117	118
-0.094902742839224	0.420157183262092	118
0.014443497698484	1.18443448231752	41
-0.096501938305111	0.986146455102933	41
0.034592197058403	1.38653068183392	65
0.036302355587096	0.707861446367511	62
0.100025714911486	0.721748378063026	204
0.091798054424133	0.44964271979677	204
-0.026786021330321	0.514552920972687	255
-0.117588494576026	0.272749075742566	240
-0.047097139690829	0.731200191671131	20
0.094814767629628	0.457692403463595	20
0.012103935148928	0.328952881693488	20
-0.045597819767183	0.866211449466674	37
0.019809493408249	0.303738933843965	220
-0.023463812846036	0.550548992939744	220
0.020574408175055	0.299936580585844	116
0.038102753068963	0.968083523569761	118
0.096780605017742	0.448324830864628	118
-0.119715698586671	0.276321737681499	118
-0.1113225272926	0.295975971205177	65
-0.0664042296452581	1.40277000811225	62
-0.093244559581901	0.416998438109835	6
0.0924016795002121	0.45401840587187	255
-0.117888982633568	0.298230771809748	255
0.097096543787062	0.462372894298554	20
0.007665583829641	0.316978690492538	285
-0.119647487760723	0.513486547601937	186
0.010586319222239	0.314767234593781	186
-0.107079104964643	0.376982076951996	576
-0.124685315665872	0.192302335259694	186
-0.115770898409793	0.292314042938234	187
0.102207621994582	0.670984801916436	220
0.00515628069427199	0.315758016117377	116
0.00916415097372203	0.326595495683692	116
0.00451985296836199	0.314187545812661	116
0.006134372275997	0.308264413173802	118
0.015967620659249	0.317433866241237	2293
-0.1227628250998	0.293097721202786	2293
-0.104164476335743	1.35113621607994	118
-0.049548737837951	0.987548290870183	65
-0.015839388196522	0.429189185992062	65
-0.015915186773503	1.04045096683544	1
0.117991785507827	1.02932152028769	62
-0.11345885781006	0.283802952238089	6
-0.036328060667341	0.76472330766409	6
0.098460807701291	0.454586639495398	255
0.0335376012474899	0.701573413843219	20
-0.023801987927024	0.560585721929138	20
0.013512025287703	0.322143500898539	20
0.015200852946429	0.317524411186398	186
0.039610692047254	0.701527675093719	20
0.00759040343654904	0.322541715501254	20
0.030284633201217	0.607764150442999	72
-0.09207044915592	0.419313887395787	220
-0.0774126784729	0.534052108657574	220
-0.015178602069248	0.657293218712552	220
-0.0983311505273891	0.406702830065065	220
0.100108057610625	0.451459236440165	628
0.042714281398559	0.543759232628516	2293
0.00535787492987305	1.23546569255117	1
-0.02295300427141	0.548035498483058	1
-0.108679833782392	0.359723908647177	6
-0.017993585327188	0.42342027922297	204
0.00521173645908801	0.3212736028767	240
0.00773662930927399	0.324144509539724	20
0.00445852678768899	0.321554482797228	186
0.010816635892608	0.30622455053755	186
0.0121183413884211	0.329453468473609	187
-0.086176304207326	0.527098376664556	187
0.043245376321805	0.687494330670122	628
0.083763217643526	0.987812429899982	118
0.016756255013527	0.963861115717923	65
0.082186391926123	1.03852223800261	65
-0.042933515525747	0.755996027473604	1
-0.08277490547207	0.541396045847375	65
0.050368987519997	0.559895165603161	65
-0.07320935841696	0.536280839263861	1
-0.024361235260061	0.549319017017515	255
-0.021566401555161	0.565224492445068	20
-0.012254468622719	0.427295819550001	20
-0.120022456668657	0.295071200113915	240
-0.012254468622719	0.427295819550001	240
-0.0415930258892639	0.766186266887325	68
-0.118507543729429	0.299304780944565	68
-0.067710210192716	1.67491976412952	152
0.00599943420138205	1.44926069284182	118
-0.071971075347837	0.854170063159027	118
0.00693407056543605	1.03556562013198	118
-0.124174491432378	0.532737467565535	1
-0.081947102351328	0.518691060466219	6
-0.064179039866707	0.618159308736443	255
-0.087846100468474	0.635884376984397	255
-0.011304136888269	0.666290134641834	20
-0.119126288749928	0.296516609404569	186
-0.122006032946107	0.294000432502212	186
-0.109192228435152	0.287170163063251	186
-0.00791129524538103	0.420668669975063	187
-0.054177442450691	1.0012167279614	152
0.04212694041592	1.64751681473464	220
0.089067584345732	1.777788239601	628
0.124228433003326	1.03508035196789	118
-0.107872413343925	1.04532620166511	118
0.0000761840603580311	1.06572729125646	1
-0.00621073588311505	1.0506595352343	1
-0.098723852996577	0.404484107358714	6
-0.068396764988509	0.62348051827782	186
0.0443146081649109	0.559297706237802	1977
0.091798054424133	0.44964271979677	186
-0.00885554301244696	0.41828813941659	186
0.00590343770948298	0.315498352689726	72
-0.096860326003508	0.419275742294163	186
-0.084874312998887	1.77197461089322	152
-0.046276442289091	0.920710700072628	152
-0.093727834695857	1.25180919020337	152
-0.081164381289312	0.989757234764279	118
-0.0295481938297451	1.01476073202812	577
0.00841911722030197	0.840558112708877	118
-0.09344925695468	0.908783642053694	118
0.031015016517378	1.25859594626228	65
-0.053805413054878	1.05724414717724	1
0.096938234363846	0.462404479348132	6
-0.072803219312318	0.910350569948579	6
-0.115321842258311	0.634907102723116	455
0.034046172415001	0.803082505794103	455
-0.124282809495282	0.521048099386786	455
-0.010051882397806	0.765343671422311	20
-0.063525525027295	0.639820671994764	186
0.096077467055368	0.696699846274393	186
-0.024629445491743	0.562546548368811	186
-0.019772716731399	0.420094421320297	321
-0.100707014741583	0.41624523258429	187
-0.104321975641509	1.23567387161568	152
0.046833478168844	1.46248647554092	152
-0.11520785710432	0.88285245501448	220
0.050058388444355	1.27549415363585	118
0.07714868063629	0.922485408383844	118
0.121505642621398	0.985529379829517	65
0.012103935148928	0.328952881693488	6
0.040114872987105	0.81775630169866	186
-0.117677334206381	0.627865114075694	186
-0.113778954237744	0.301173135071298	187
0.054499439376507	1.27059293915564	220
-0.044109281825056	1.0026095304475	118
-0.066361547167305	0.906265620538911	118
-0.0149984754885431	0.433411348793289	118
-0.019589302289055	0.433143762874894	65
-0.122011509036991	0.642785682752901	118
0.036462615254966	0.776422733098699	20
-0.0876580696874411	0.730197713120415	186
0.00986401605334397	0.327745382331889	186
-0.013464199978595	0.435706061316806	187
-0.016774102190092	0.550371294467631	187
0.123987555407679	0.959443213932632	220
-0.124974947373775	0.533404900239384	220
0.035773408462794	0.684166798373952	628
0.093653270639297	0.454702105336875	220
-0.021763579088402	0.656925021340462	1039
0.109436144452218	0.679174130767671	118
-0.081934364231253	0.540962040647225	118
0.021766884718134	1.10706950102948	118
0.049787282680932	0.566351659235178	65
-0.010122990126516	0.425782005425314	65
-0.00962290804647703	0.407915727209479	1
0.0491422445519441	0.573741315386596	6
-0.099897607490195	0.409174521280979	20
-0.015792222130132	0.6609194747415	20
-0.016877403500247	0.421249505873569	186
-0.096076779497048	0.417814127958968	186
0.087792266246065	0.842956133201175	186
-0.015417474803706	0.438337718361753	186
-0.059569900616077	1.17107218426561	220
0.036849528452231	0.703967146654907	220
-0.05127380180551	0.642743845729016	220
-0.013881327241608	0.434896126387225	118
0.037180623021862	0.677042185077215	867
0.049224893824569	1.3301319662398	118
-0.081183097409166	1.23422352549097	118
-0.01957565316973	0.555760742691872	6
-0.02404739657702	0.556482881835356	20
-0.121109590462035	0.288825350020728	20
-0.099829791785472	0.705689932455235	20
-0.119884155669686	0.29560603021401	186
-0.117390237419505	0.719056776192215	186
0.013525240790481	0.328465966413979	186
0.00521173645908801	0.3212736028767	186
0.040356842491724	0.910297005871226	220
0.036640684166739	0.784234790861615	118
-0.099353465188794	0.809900567244431	118
0.040972296236239	0.914183103695498	118
-0.016957866063531	0.681610182537176	118
0.036620175271325	0.785177860544929	1
0.048787682998956	0.573474144136247	20
-0.00942400857584602	0.971190889832875	20
-0.037413217117799	0.777642778674276	545
-0.0687329549881051	0.726758674277913	455
0.075427265439767	0.908556459479269	200
-0.020445173735386	0.420890486878331	186
0.0152791292141879	0.30840199370669	293
0.013525240790481	0.328465966413979	186
0.094848420030773	0.433677941298626	37
0.09785828012531	0.456510998573434	187
-0.025797176007361	0.401011950417978	187
-0.063214426180351	1.23412739856208	220
0.052896258801847	1.5190833575054	220
0.017188965884966	1.25695047764467	1039
0.027434426186874	1.18380503070469	1039
-0.051740492167363	0.848528194478659	65
-0.109389520926384	0.903643387969071	118
-0.017070239893698	0.671742876945864	6
0.033844408218429	0.676543065997198	455
-0.103167408331448	0.409669452345325	455
0.0424699485728131	0.54952645364549	20
-0.084839519437523	0.636868936705848	200
-0.111795664777469	0.28378281560833	20
-0.043700047960445	0.840956693810112	186
0.092715707348434	0.432778578837941	186
-0.110863008378671	0.278755380940073	187
0.101994877429151	0.716392646447657	220
-0.000992752769276017	0.973466350391785	1039
-0.122006032946107	0.294000432502212	1039
0.015134252629001	1.48824552240719	118
-0.077184251070637	0.5511698430901	118
-0.0206759482052949	0.409594580151475	118
0.00344117272881395	1.29075662791003	118
0.033574868594248	0.654754910183508	118
-0.113162477267394	0.300091130878947	118
0.021154111950431	1.11845694842517	118
-0.095686172794907	0.421640120205703	545
0.00374967615163502	0.318868432860987	455
-0.014298423181399	0.428786116680502	455
-0.068396764988509	0.62348051827782	20
0.00987590698121499	0.323268666900645	20
0.00703502374024001	0.314409160332891	186
0.091642117971121	0.451479966383651	220
0.00845105661557999	0.326919841231667	118
0.085286433564383	0.830104741287118	118
-0.019842382738208	0.406099620119542	118
-0.054072556791239	0.812373267549658	118
0.00597600539507803	0.31809893525624	118
-0.013704531125855	0.427138040826507	545
-0.103989263025725	0.261716536750337	545
0.00759040343654904	0.322541715501254	1729
0.0841531262954	0.422379599416444	455
-0.093917606472264	0.628792034653503	186
-0.012400365482802	0.666258837458304	328
-0.113387141689434	1.04033163319637	37
0.026619176858129	0.732807242147112	220
-0.019179445357187	0.425581259784394	220
-0.095319646310154	0.63282388057767	1039
-0.020497445564142	0.403168831917145	118
-0.100092737481301	0.406854448685914	118
0.0442242927154231	0.79060453217864	633
-0.0930495165840139	0.412602883102756	545
-0.023345204632061	0.419637340838754	545
0.094256534352024	0.444258179180339	1729
-0.087374480851861	0.749950997942082	455
-0.113919740428498	0.302875796311498	455
-0.123519583463999	0.289903597403839	455
-0.00647272598312398	0.946861719240413	186
0.00303948014751998	0.310717648335688	186
0.00916415097372203	0.326595495683692	186
-0.123381252461113	0.292344338264707	187
-0.0906947915319281	0.889815307891558	220
0.0509754395456949	1.02316486949708	220
0.052802409074746	0.53823815328255	1039
0.046940762981358	0.576601799778213	554
-0.119337118424999	0.517271161766227	118
0.086270456655773	1.02934256285572	118
-0.089171810363526	0.412433225084878	118
-0.025365377279118	1.1935933971236	118
0.09934719699151	0.447617217146953	1
-0.0828010525245561	0.746837702987725	1
-0.10779046603005	0.388425215633354	409
-0.034604067391566	0.771087116558866	6
-0.113162477267394	0.300091130878947	6
-0.017052645855162	0.426205631030346	6
-0.096860326003508	0.419275742294163	20
-0.024430209718287	0.400725582363657	1729
0.023590662654246	1.15477161026081	20
0.043529370167319	0.650988561280472	1196
-0.117888982633568	0.298230771809748	20
-0.097201255159878	0.419925816042646	186
-0.019179445357187	0.425581259784394	2209
0.015967620659249	0.317433866241237	187
0.022156013829043	2.15859314773798	220
0.053526385832094	1.86869756049959	220
-0.0861715001219821	0.918996622780664	220
-0.00417772729650501	0.778865722533586	220
-0.0392940584309019	0.746198499650058	378
-0.021448721761533	0.412263459494698	1039
-0.112371132815129	1.11650520191756	118
-0.119535075536804	1.04855301007386	118
-0.086614180110782	0.624389298388996	118
-0.053751596047712	1.23511469036604	118
-0.040402013255993	0.719814722095221	118
-0.00626589950941403	0.95157111451907	118
0.096817887881536	0.445937601292418	1
0.03799307906949	0.638776292927155	1
0.092864559929753	0.670246983929729	1
-0.097254637414087	1.12543290108363	1
-0.022915672944491	0.662455022529637	1
0.095396350701105	1.18955113508601	6
-0.08562130128486	0.53086354283241	6
0.101077833607675	0.704620561877912	545
0.0510456925901081	0.571362176901534	1729
-0.120030585495487	0.290467287922413	455
-0.090925768221035	0.403996236728173	20
-0.086861992384552	0.39055304840036	1196
-0.119126288749928	0.296516609404569	20
0.012829110730087	0.327325394797866	20
-0.118731314444602	0.624542257348708	186
-0.115294236440396	0.30409465501509	186
0.092129180350695	0.455295011001741	511
0.011406221851062	0.327802172715368	328
0.00915170945552402	0.328075522385039	2209
-0.0311744582738031	1.95201583635765	220
0.027879996330948	1.33785455091839	220
-0.051304929075968	0.669640364571307	220
-0.093802112882137	0.647259134684257	220
0.055104767068739	0.992159371289754	1039
0.042913471141978	0.934651510322712	1039
-0.032212988884575	0.52282598660211	1039
-0.057305561937028	0.667800372938338	118
-0.00147455478425795	0.74045928696868	118
0.06568256680406	0.97838633292754	118
-0.000665683403827	0.771150379375714	378
-0.010638702086564	1.63719401142433	118
-0.041249733955229	0.704867173778444	118
-0.0601067166531229	1.12239122003645	118
0.037722099308	0.67782038224067	218
-0.02404739657702	0.556482881835356	218
0.032985797307737	0.663481421625689	1
0.085430566522571	0.814775892499644	6
-0.08562130128486	0.53086354283241	6
-0.039666469282665	0.719967915940808	6
0.0895119935504201	0.832486723651725	1729
-0.119469890592766	0.726318504033852	1390
-0.012103470474881	0.42070421411153	1390
-0.029666328423139	0.54240675124137	1196
-0.014056887024296	0.439262910715036	20
-0.122006032946107	0.294000432502212	186
0.09148686079677	0.443712385618922	186
0.098141721379521	0.445246490423665	186
-0.115434173199174	0.300328537416938	328
0.091798054424133	0.44964271979677	328
-0.118936919270951	0.289961376963894	328
-0.070054675252377	0.740268646568257	346
0.013512025287703	0.322143500898539	187
0.014273475647349	0.320565172994928	187
0.0833713212284261	1.31631521024391	118
-0.074308388602388	1.31769233329504	118
-0.123128085766629	0.96443882720963	118
0.111125588748419	1.1885401659843	6
0.118318637162275	1.27836103917852	6
-0.0733352755034981	0.929215479818027	6
0.04452027215657	0.99707015033765	1729
-0.124854108327537	0.634229693896232	455
-0.036216992446707	0.74444003842149	455
0.00774400606514902	0.886708000497086	1390
-0.05461596611135	0.6491527382888	1390
0.053668673619619	0.574347626085986	20
0.03827310727093	0.687077262990638	20
-0.018236882068154	0.529531888127108	186
-0.0774706390828071	0.550331046309599	186
-0.10947210720247	0.517198655149406	186
0.00773662930927399	0.324144509539724	186
0.084095217416615	0.84137340653044	254
-0.113919740428498	0.302875796311498	328
-0.0275461258581931	0.822970460495967	378
0.101150964770459	0.722742168242623	118
0.033520042855177	0.775194325758384	118
-0.078264652240697	0.5228694247415	16
0.012815263476823	0.330614076431107	16
-0.099284085952577	0.607142614007521	118
-0.120457935119115	0.8047537071111	65
-0.07216523124175	0.738161716566866	118
-0.121995063244535	0.976072465428846	218
-0.124685315665872	0.192302335259694	6
-0.00605739077916601	0.986277893770529	20
-0.016378157612666	0.839061690274786	1390
-0.119884155669686	0.29560603021401	694
-0.092615100682931	0.654816092465589	1985
0.00690032882809499	0.315423600255365	187
-0.10763652800975	0.271490187865255	1766
-0.026795685584722	0.517068383503109	6
0.012815263476823	0.330614076431107	6
-0.11666966921192	0.29860266212504	20
-0.113380426446329	0.640850924885251	1985
-0.098396147613284	0.63617318323062	1985
0.098881286615459	0.722778558960517	186
-0.018523769267314	0.859921278298329	378
-0.020579953403118	0.672761818090231	118
-0.123560154971365	0.633921566087979	118
-0.00994904764591698	0.748824729010206	118
0.036945050830724	0.809786868467949	118
-0.085592412645243	0.523716072005152	16
0.00985219756593203	0.319713495002548	118
0.0958961693164509	0.432709970952373	1766
-0.019006045042121	0.557316230010013	1766
-0.116022490311343	0.87811044047383	218
-0.11647058735803	0.944918054774679	218
0.074681249325555	1.11471486726243	20
0.094368082928572	0.439692073715882	694
-0.016105543824959	0.871815606378914	1985
-0.014109208128907	0.953206233768802	186
0.039915354159438	0.685441384549572	186
0.013512025287703	0.322143500898539	186
-0.117750032395489	0.298128631090027	346
-0.115153663606376	0.301127275964184	346
0.045649491092418	0.638409486675435	118
0.022810537502108	0.980597320574949	118
0.100025714911486	0.721748378063026	6
0.115218279391907	1.12672259956886	20
-0.029666328423139	0.54240675124137	694
-0.051853207287515	0.83720330028201	1985
0.124852081860342	0.966001223363223	20
-0.097507867911814	0.604333947897051	186
-0.123204552369502	0.520963151173282	68
-0.095489650092248	0.420711916672806	254
-0.019072537096946	0.648612828339089	328
-0.096468905011816	0.420679131692645	186
-0.0161843489038011	0.435724646571288	186
-0.063528171283527	0.995086162994932	118
-0.053959398468217	0.661963930690623	118
-0.11664491519041	0.901788750012407	2085
0.049430269005293	0.569297277707016	202
0.050180855891648	0.567800931962382	20
-0.0290954237491951	0.541547542389914	20
-0.085769300812812	0.644558240715321	186
0.00843806909834699	0.325281331262212	186
-0.093636355250134	0.416960272468896	186
-0.00953020391714299	0.426912715106179	186
-0.0782392400044289	0.526711066981675	68
0.102665411932942	0.689051421980965	293
-0.119744951218438	0.481590615378164	186
-0.013023489912518	0.672989490732079	186
-0.020086659134112	0.545934902884433	118
-0.0157644153615319	0.42747090440847	118
0.100505646320961	0.692733486378605	16
-0.017444652465345	1.15263657569456	2085
-0.04036474493863	0.761353422205903	118
-0.00953694563040097	1.14031276241598	218
0.00994015796617598	1.13689335329369	218
0.032964513117923	0.684629882937959	402
-0.04608918740238	0.862252725902367	20
-0.049495855793542	1.11125747686877	1729
0.083953094176314	1.01163886027282	1729
-0.094849919421822	0.737178946488734	120
0.099949608231394	0.435969600562955	186
0.120628208942997	0.953850512821633	254
-0.119907295044253	0.537021898089123	187
-0.092820941083958	0.879087212490788	118
-0.032980779430742	0.763503367611711	118
0.093812859429117	0.447993672633051	118
-0.120022456668657	0.295071200113915	118
0.0377095613724821	0.685144285768034	65
-0.040494197743676	0.768246213587569	65
0.032989578391428	0.69960764398108	118
-0.00188384970248301	0.758991339904368	118
-0.120779856587434	0.287169238410287	402
-0.100332372735309	0.421969096405057	6
0.065665141056667	1.05548296833839	6
-0.098300691265425	0.799979157022996	1729
0.059026622967599	1.00655506492973	20
-0.111464286348773	0.293450498381639	186
0.035730845244653	0.684109458553522	186
-0.082489341391445	0.530330095857717	186
0.050822345960074	0.577551558052754	186
-0.081110375528097	0.546044371776041	254
-0.115294236440396	0.30409465501509	293
-0.118368385149524	0.295374465765642	186
-0.0156924123665509	0.544012393627989	186
-0.0118362950577821	0.432712528080545	186
0.055845593022368	2.04052870112111	118
-0.001821876389969	0.774181757176841	118
-0.017202998873766	0.420557261263507	16
0.04915750920406	0.547168434486803	118
-0.117609547688724	0.522085591934346	118
0.059734044972796	1.27480424132754	118
-0.076683784489192	0.727467064455931	118
-0.015688114678602	1.04396152406679	118
0.101588358844241	0.708100829093638	118
-0.054818559189415	1.09875215233704	6
-0.037675548237638	0.779844126185377	6
-0.0694592142606551	0.856608700989376	6
-0.0893466260853531	0.917594917232701	1729
0.089313897378411	0.812489505256392	20
-0.048916577616969	0.908650538468768	20
0.00843806909834699	0.325281331262212	694
0.121491364632308	0.957955095330309	120
-0.097055928636709	0.421240281322587	20
-0.028582106869844	0.540239516872818	186
0.00986401605334397	0.327745382331889	729
-0.112122585538199	0.928572979383825	118
-0.082704706179967	1.23977485386858	118
-0.018843853319276	0.647984460898235	118
0.093319225037514	0.446230549867301	118
-0.098230642841627	0.411645848519179	118
0.049414368502937	0.86863197347638	118
-0.111153594102083	0.967529615335032	118
-0.120238067587229	0.7171772588557	118
0.078534589198239	1.22240697687146	118
-0.093342279479543	0.901184399176302	118
-0.114218272285086	0.893054123195541	6
-0.031338378816968	0.821406984960363	6
-0.05288659819092	0.948349824982472	20
0.104085696362366	0.713964822226924	20
0.041717452997892	0.897578731667923	20
-0.060650146273153	0.661622567875999	120
-0.087594987018324	0.624998236037413	186
-0.00631184916912797	0.666953483714365	186
0.043504916126471	0.558422426512233	186
0.092558352546154	0.44931894263855	186
-0.019831321604171	0.554628685359135	348
-0.124685315665872	0.192302335259694	186
-0.00775027862580302	2.40083752986167	118
0.108297931291262	1.98154211813647	118
-0.117131863149381	0.297070487699706	118
-0.056520071683365	0.745536861488253	118
-0.0502346990538331	1.09329672840082	118
-0.020229109131649	0.831151121756481	118
0.00843806909834699	0.325281331262212	6
0.050012314541463	0.573381771643786	6
0.019233035124921	1.03338157811389	57
-0.123394382460309	0.81620284129337	57
-0.056280632446417	0.944578663919311	57
0.051002810607222	0.885294098386351	20
-0.04318289201138	0.732128719252958	1729
0.033357121839014	0.777527821049996	1729
0.029007275356371	0.764660434243221	20
0.0399253676047679	0.67907754267125	120
0.037376392276396	0.809279074282949	120
0.098535616656556	0.699599804702131	120
0.036784251420505	0.8177079328752	186
-0.116513877306215	0.289803300994561	186
0.03770455638364	0.681930585712209	20
-0.124138405912682	0.289165062883328	186
-0.018412900375842	0.426474987777184	186
0.016578706012238	0.31097727890773	346
-0.013881327241608	0.434896126387225	187
-0.027876301319243	1.3341527826355	118
-0.101506951421065	0.900700079909906	118
-0.084927075062668	0.98689845803672	118
-0.117888982633568	0.298230771809748	118
0.00438270414404296	1.07936836308237	118
0.034147667396229	0.795175482728892	20
-0.115770898409793	0.292314042938234	120
-0.09124031140393	0.651735902134265	120
0.05446925285082	0.569068260542993	254
0.00986401605334397	0.327745382331889	118
0.085262648728038	1.33739880631092	624
0.010692757564806	0.320002026154066	118
-0.013407973948579	0.660824248325936	118
-0.015314041052915	0.885586049800039	118
0.00986401605334397	0.327745382331889	6
-0.0549364064379581	0.83744387370781	57
-0.018107966183277	0.673992240956464	20
0.00904413849756003	0.318298937795846	145
-0.09285374901	0.419542930721633	558
0.050237755249378	0.571902333768724	293
-0.0148244924635	0.439555632965869	348
0.036081278115208	2.22714788100503	118
-0.095261004271479	0.962535936203215	118
-0.08777743545494	0.406644711573091	118
-0.00592539454861596	1.07361886507883	118
-0.016950424514	0.429686828406378	6
-0.094208878849871	0.745683315590091	6
-0.019179445357187	0.425581259784394	558
-0.017993585327188	0.42342027922297	293
-0.016777626708981	0.429941920404657	293
-0.013196456240598	0.426575715728252	348
0.093161814663994	0.453679265021089	346
-0.014155252978609	1.3843625303531	118
-0.085651957082524	0.498791619494134	118
-0.00885554301244696	0.41828813941659	118
-0.0693093504030921	0.532544743380052	624
-0.022393652772433	0.5657336160891	118
0.050795261953503	1.32409916416584	118
0.095574788079457	0.463024390677815	6
0.118994781320025	1.03011227612295	6
-0.093630098683946	0.651118292349573	20
-0.124985187486598	0.628105769440524	120
0.031496086799328	0.768609485359901	20
-0.020996678142045	0.564253842547263	145
0.00845105661557999	0.326919841231667	145
-0.115294236440396	0.30409465501509	254
-0.031070749030062	0.520071108631831	254
0.036057302283567	0.685394961939731	558
-0.014963531519088	0.665556531477396	293
-0.122166024882894	0.715521420894453	249
0.0915529501435221	0.809814065986742	249
0.006134372275997	0.308264413173802	118
-0.013704531125855	0.427138040826507	118
0.119441174444736	1.02965014907931	118
0.033844408218429	0.676543065997198	118
-0.023071442508328	1.01188809724071	218
0.00773662930927399	0.324144509539724	662
-0.031383546758736	0.522521094959136	6
-0.021403166710398	0.873570031834031	6
0.030288822680876	1.1733168778194	6
-0.111746688215476	0.909954329026001	20
-0.117601916648403	0.640174017794783	20
-0.063001768630061	0.620741272469364	20
-0.121514540645854	0.64127905800573	20
0.00911879260806303	0.322164303162132	145
0.00843806909834699	0.325281331262212	145
0.093161814663994	0.453679265021089	145
0.00911879260806303	0.322164303162132	20
0.012801487163888	0.320585170638168	20
-0.122329594515247	0.519970161998955	20
-0.083287220633372	0.515890007973702	254
-0.0159732843035461	0.671862731785965	558
-0.118507543729429	0.299304780944565	346
-0.092534327762908	0.744218943723978	118
-0.049816636042383	0.856705221891968	118
0.00915170945552402	0.328075522385039	6
-0.023345204632061	0.419637340838754	6
-0.0822348672058451	0.531225240838744	662
-0.124678012373216	0.819642987837305	6
-0.031136374683293	1.03317192238203	20
-0.120958220541087	0.63244797476445	20
-0.024112867588636	0.522320125511602	120
0.025795179134063	0.807673037346031	20
-0.103755589367087	0.408571635229583	20
-0.124405082506457	0.534748591358738	254
0.011421258981961	0.319402858620075	254
0.00845105661557999	0.326919841231667	293
-0.1034170276221	0.38813090800498	293
-0.084503677897779	1.2956111965839	249
-0.064333232883769	0.751493459157281	16
0.053603697750956	0.88723472408739	16
0.073213366398498	0.989848322762823	218
0.032916365665007	0.928651268416381	6
-0.072984093750011	0.542318550404999	1253
-0.095632923295723	0.725627708986197	120
0.055705599636681	0.992704006273641	20
-0.064043751588606	0.611174371034782	254
0.048771444392343	0.556157517481166	254
0.099505592207103	0.45333876334529	558
-0.09661566582726	0.421065885830206	1891
-0.022968934065007	0.53607927852136	370
0.084996900541478	0.877767778708757	118
0.07790983881256	1.02550961668771	118
-0.122125408154235	0.85067087558353	218
-0.073258674866623	0.538131390483434	6
-0.100121082280016	0.421815244092435	20
0.100767698908186	0.708933177667372	120
0.0650118434938331	1.36178356540036	120
-0.114536610980494	0.303993219626647	1927
-0.00134558818142805	1.12733134699837	1927
0.00233997591600299	0.304187202563639	558
-0.017993585327188	0.42342027922297	1891
0.00987590698121499	0.323268666900645	1891
-0.119265018768808	0.298378667440295	1891
0.084032066099867	1.13842225610049	346
0.097774847556804	0.691477244522514	370
-0.00903241283461698	2.34585409981109	16
-0.118946663252113	0.523700951499556	65
-0.064660742194662	0.634064131642411	218
-0.078264111280182	0.705380333618609	6
0.00904413849756003	0.318298937795846	293
-0.052030342670552	0.945997129594129	20
0.034533923891817	1.94041695906226	118
-0.038406421395176	0.761788448859076	16
-0.107327332769857	1.05250069995522	218
0.064772619392731	1.33612544213021	2155
0.085578756745236	1.1045242669061	2155
-0.102450510856809	0.904825425224979	20
0.029414703584016	1.04892032430591	120
-0.084735829548929	0.814983814731238	1927
-0.080783334333396	0.915110953641744	20
0.100296207221583	1.491549117071	470
-0.010636078518939	0.746379644978237	20
0.047296874313541	0.549137832616882	20
-0.010158868914535	0.750540590919285	20
0.02592280622195	1.80336243655573	118
-0.040488702840729	0.747447335270404	16
0.122944509404757	0.88964237981629	16
0.027057745141669	0.847105864599339	16
-0.019798173230548	0.836248428029997	118
-0.101349342954976	0.597319432916488	6
-0.042722651646034	1.38517539121396	6
-0.06543900598744	1.39259010086829	57
0.019425850873098	0.99132038368229	293
-0.052828939441911	0.653906091556007	370
0.039064206500381	0.705358572318247	118
0.096055143241083	0.446148663837007	1569
-0.117465159489772	1.06539323504725	118
0.034725064944195	0.842349791267608	2155
-0.059219422913825	1.63393523116381	6
0.124363116050628	1.41881242258683	57
0.034422417149059	0.783073597092604	57
0.100202277816162	0.701427896755468	1927
-0.098929528060382	0.623186437791233	20
-0.00736927036212598	1.10999281916597	293
0.119886842516605	0.897218926540305	20
0.0808140499321101	0.887558209220588	249
-0.065424133491337	0.757173604557452	218
0.037135820322995	0.707026457390832	218
-0.077596819759055	1.23005589027683	20
0.091971752741376	0.439923457370383	120
0.00913934315425702	0.317100109493428	120
0.062351605193571	1.6725004729783	1927
-0.082505031049566	0.546584631525447	20
-0.119126288749928	0.296516609404569	470
0.032989737438314	1.26389300414261	293
0.105768908604439	0.682827624170027	370
-0.124642553924261	0.18816233507733	1569
-0.093476669133784	0.41293987019883	118
-0.107387068604593	0.958241165268173	218
0.111212948749152	1.29628721175067	218
-0.060814892386755	1.01488215534921	218
-0.071834493973502	0.524508329112936	2155
-0.072364808655451	1.18080871893278	57
-0.08983279257115	1.31647971380051	20
0.013583360967604	0.319491144297331	120
-0.05359006989694	0.849423258610146	1927
0.00845105661557999	0.326919841231667	20
0.072075380618526	1.07203459483764	118
-0.094667108771696	0.613427381149704	118
0.064997019492381	1.24708170302886	118
-0.00897509093882098	1.0379808855833	218
-0.049960318642476	1.60326519862849	57
0.00904413849756003	0.318298937795846	464
0.0223371456006241	1.0776100301575	20
-0.099412666492934	0.636572353071594	20
-0.085341725109487	1.3873593011595	118
-0.089223541629936	0.499577411205323	118
0.055057768079645	0.574643989316158	118
0.00985219756593203	0.319713495002548	253
0.087118883789275	0.602489997722343	118
-0.109799540741381	0.805802171942485	118
-0.058877549190291	1.46774879384936	118
0.088805329337342	0.434110265308964	915
0.00845105661557999	0.326919841231667	120
0.05324462292834	0.564678572392003	2680
-0.0604350316214291	0.966472343665898	20
0.0502800428446361	1.32305837435386	20
0.079048908117901	0.778345248189999	470
0.025970352401019	1.08158655597077	470
0.091971752741376	0.439923457370383	464
-0.061526954075104	0.725148456356415	118
-0.0930495165840139	0.412602883102756	459
0.000745331158128026	0.303403645126741	253
-0.117888982633568	0.298230771809748	253
0.097540870747914	0.44964077858242	253
-0.030028949572218	0.747176750095759	118
-0.057192490771899	1.14301144782131	218
0.016655933160208	0.318484379312266	218
-0.025211207668506	1.7630317719486	20
0.00343244080824801	1.63452048976417	120
0.092732774107206	0.444779998550083	1927
-0.052164697457438	0.666822412410089	1927
-0.066773381160792	1.02108349189021	470
0.074235934969485	1.10515385183574	470
0.00987590698121499	0.323268666900645	464
0.092849036769958	0.437629239246261	464
0.124099899540733	1.03470382740998	118
-0.122006032946107	0.294000432502212	218
-0.094991269766626	0.417835587189257	57
0.028266670678237	1.3106273836286	57
0.08138544567234	1.1008348225707	57
0.034109862099043	0.673013465787341	57
0.0369868054600641	1.62002073517256	57
0.0438602244570691	1.08882971539989	470
-0.042426485844464	1.07334338646274	470
-0.055625788887088	1.26030275785726	470
-0.034369940935491	0.921453093916298	20
-0.00678076167367903	0.765154322592508	118
-0.037875659165404	0.751431276186689	118
0.00388634378578101	0.304397083301853	253
0.030899693007472	1.76227370923455	57
-0.023939592967656	0.415999305365437	20
-0.105762566500701	0.966105454214356	293
0.01120060916381	1.11866572312074	470
-0.063001141451595	0.814276041534494	470
-0.124276307183927	0.282282241082883	464
-0.048593140648465	1.01564479418668	118
-0.088167847179452	0.507252144006509	118
-0.099114729927253	0.408950293343003	253
-0.0929210053348431	1.47175787488473	218
0.0985742651034071	0.687503331798839	218
0.056399138826059	1.36336819896916	57
-0.117834290766017	1.13369550393983	57
0.038398693260623	0.90792933056453	120
-0.073886008840649	1.15714283851936	470
0.011538503471797	0.88782246494593	118
-0.014475344435825	0.428903000359613	118
0.00843806909834699	0.325281331262212	118
0.088961921013316	0.446488261701271	253
-0.100534965308439	0.987848202285071	740
0.086670589510524	0.826671307380715	20
0.088788980400671	0.815357003042193	118
-0.052674551273769	0.762027422085478	118
-0.116960078560558	0.282526386541246	118
0.055481500835453	1.01065432083992	118
-0.058681644852056	0.66786342684473	118
-0.09285374901	0.419542930721633	218
0.0909213371448	0.442056349243586	218
-0.023798940205597	0.533941224255317	57
-0.013354022059075	0.61925963159636	6
-0.10729471121156	1.5427252520365	57
-0.015417474803706	0.438337718361753	120
-0.068005116637001	1.01644017668556	20
-0.111464286348773	0.293450498381639	464
0.094683808117726	0.444072046807948	464
-0.088780932160634	1.2750734699804	118
-0.053571841238376	0.928686770972913	118
0.075745515618574	2.19847152817036	118
0.03399294406188	1.5834095395897	57
0.077492737224874	1.36150611401396	20
-0.017680601811327	1.32495823826413	120
0.076755281764514	1.50577579085438	120
-0.079502128008174	1.17685634270875	740
-0.083673986520059	1.09692850204336	20
-0.017517048175117	0.720784961372978	20
0.02807555258921	1.71479964648238	118
0.00894818070481096	0.854226657266313	118
-0.09319161699477	1.40593677750255	118
-0.115242419534787	1.37138318316423	118
-0.082531253414012	0.532541902357825	218
0.019085128662372	0.843819896474205	57
-0.092153535731438	0.796381939542378	57
-0.118102531626882	0.976090835023116	57
-0.107944125600335	0.770293991602244	470
0.013845476893788	0.964694282711305	470
-0.032267373345514	0.780911825887364	464
-0.12173537601428	0.52993154128954	464
0.098618654344874	0.706708997326528	44
0.00184326697466897	0.79370113151578	118
-0.0242918758053819	0.650397611713622	502
0.113971821004479	0.995468025904122	118
0.00104584614949399	1.07883992351834	118
-0.029671395920043	1.25803027228978	118
0.011391261254977	0.321094987246915	57
0.021372018327305	1.8276400251333	57
-0.083791448910272	0.789558822280262	20
-0.121913990672384	1.18728697137352	20
-0.014056887024296	0.439262910715036	740
-0.00308741094075005	0.992703969461432	118
-0.062338930684016	0.844101565891392	118
0.111502953470692	1.33662075041216	218
0.07921369064315	1.80494060065737	57
-0.022998769526926	0.852995759251771	20
-0.054656021202748	0.670337938779164	740
0.015200852946429	0.317524411186398	291
-0.038834538338161	0.874645357857218	470
0.049934810637529	0.549181415866438	470
-0.053963247688206	1.13049123861416	470
-0.09582768396686	0.640609577444206	20
-0.039610403853211	0.884616971526731	118
-0.0993855897678541	2.01490043575925	118
-0.084205093405505	1.00082266931872	118
-0.101854544264353	0.398442017375252	1186
-0.114830306282018	0.290975720133278	1186
-0.01027147324109	0.647387657936253	6
-0.02439583662264	1.80307917599845	57
0.00995729886992602	1.06754482235331	57
-0.114958801084964	1.26768565036771	57
-0.114059891336817	0.295353504482584	20
-0.066173689284767	0.959835233992424	20
-0.083671564982352	0.474487791378325	740
-0.073774463798744	0.535010567672136	20
0.107373299687425	1.48455844460388	470
0.037974111508241	1.39702533015884	470
0.046348489646403	0.553548451674688	20
0.096264477379612	0.696109581677887	44
-0.122144580818469	0.287069025105785	118
0.0522287081762	0.97712743700649	1186
-0.041639191357025	1.35360439980699	57
0.00831169992833003	1.93297403671245	740
-0.10835921024252	1.04576100509864	20
-0.03338597620471	0.947978577378111	60
-0.055156067884106	0.638370213848745	118
-0.030196229900497	2.04194157668174	218
0.094197659949422	1.28500004058797	60
-0.042908924249547	0.827026127895315	118
-0.097905635469396	1.57039714057551	6
-0.112434101450593	1.16298529887637	57
-0.065513891025089	1.30171093114215	57
-0.106529463747695	0.787290031039798	20
-0.037876222304552	1.07972606856909	20
0.108860406787911	1.23463293212398	636
-0.061018976440265	0.770443093970031	893
0.086601653436703	1.22581781432933	118
0.086701254028274	0.989033516492697	118
0.050239711022051	0.569604275034537	218
0.096177805641235	0.461006924813787	57
-0.09666408064779	0.41271896520773	57
-0.1227628250998	0.293097721202786	20
-0.06051826153053	0.634955315815991	291
-0.018586401611797	0.426734652635088	636
0.101029349852807	0.448809400090925	636
-0.080258695094774	0.546459921453783	20
-0.093878619209237	0.969533500185852	118
0.044321662294014	1.18085610832193	118
-0.092987219028296	0.631493403765787	57
-0.00708371518038697	1.37024177173158	57
-0.06658608698406	1.08538274532587	57
0.0987898492559049	1.75390109151164	57
-0.11523914929803	1.05962427136927	20
-0.054507083889572	0.836786190922686	20
-0.103167408331448	0.409669452345325	291
-0.0194305853697579	0.665151693066277	291
0.029524969574051	1.09760306430833	20
0.01359539678775	1.03833497284317	20
0.118339333020074	0.983990003787801	60
0.075151295769374	0.912735828256942	44
-0.065410977378881	1.64462729794972	44
0.093765058072663	0.451770895521546	217
0.080637059653871	1.19193187055015	118
0.122728086676012	1.67917650795045	118
0.104342906293735	0.713050608253085	57
-0.1227628250998	0.293097721202786	57
-0.038007813855004	1.45302507152328	57
-0.039557652018084	1.49582409752779	57
0.092241869962897	1.77417994497605	57
0.052632425421116	1.21448878586278	57
-0.059835941832196	0.919166424901224	291
0.004647531923197	0.305835032359169	217
0.01581264114456	0.305179243590976	217
0.012952826929675	0.307380353527774	217
-0.120889964427437	0.966136195174213	118
-0.118783954043212	0.286931676780627	57
-0.080540376501123	1.14549178257769	57
0.039679886264276	1.5713700514348	57
0.101022553190425	1.90959972763053	20
-0.022205459916724	1.17743271223593	20
-0.00937860407762503	1.03153523905306	20
-0.018586401611797	0.426734652635088	60
-0.116992485615435	0.294661552287673	60
-0.041450185991591	1.06347068330108	893
-0.014212448592457	1.97778840847484	44
0.013525240790481	0.328465966413979	217
0.102372447417879	0.403424061423219	217
-0.02252966593094	0.740678250010981	118
-0.00802165073356098	1.49613588839803	118
-0.021070056402032	0.376474324626363	57
-0.00565928466866905	1.87655063395978	57
-0.040662070699418	1.47610343207674	57
-0.047009680607925	0.706770586287946	57
-0.005012054840556	1.04497180969151	57
-0.096279285505744	0.920668482703683	2257
-0.097088932037248	0.995107408527179	2257
-0.061335472855652	1.2266116804173	20
-0.118019362979267	0.719212678722884	60
0.085084642115576	0.774988031277795	217
0.046969498187752	1.01850854348769	217
-0.015188815467701	1.95741048826794	118
-0.114395479910768	0.799174199690103	57
-0.031267242921255	1.25239237916454	6
-0.014469701394594	1.79827373769551	6
-0.00735387977023705	1.18058927104666	57
-0.0842609018007861	1.05537790251716	57
-0.108529372211621	0.746580569759246	60
-0.034699779578438	0.945146310131071	60
0.081176040360626	0.905316621853844	60
-0.114059891336817	0.295353504482584	217
0.102474881009573	2.09126871316496	57
-0.080526179499758	1.23177718559691	57
-0.090974472306641	1.36314363742437	575
0.110025224745563	1.14682058430424	20
0.038253945587398	1.20691503328889	20
0.019693671613065	1.08098560302119	60
-0.0957321764145011	0.910756940559709	60
0.013525240790481	0.328465966413979	60
-0.031726700192409	1.20960777875326	893
-0.094871947286876	0.63473342914831	893
-0.085530983360719	1.14262327167767	118
0.00206749003129503	1.66081233239016	118
-0.121115519014991	1.44016173136701	118
0.04023558023958	0.976576168308769	57
-0.070978104102809	0.535590989760497	57
-0.016014570346562	0.422627924995115	57
-0.101700413802324	1.58881451820676	57
-0.039393993602647	1.1869669385928	57
-0.096787591657588	0.824471181453566	57
-0.117072547086802	0.902541722371881	20
0.086082269309258	2.15051939473982	20
-0.113500414717425	1.24480195370278	575
0.097096543787062	0.462372894298554	60
-0.052329069213419	0.925205057415362	60
0.022859037890538	0.886699572248652	44
-0.115445312166422	0.290252152225237	217
0.087285892810412	0.417027490266735	217
0.0822956660351481	1.31047355919809	118
-0.026854113246961	0.558552900016457	57
-0.011501815522787	0.417201408625572	57
0.093446154750469	1.28867608262355	57
-0.074487918635246	0.848479676429021	575
-0.11941368364863	0.297919373673288	60
-0.115153663606376	0.301127275964184	60
-0.066063864461109	1.67554203823835	451
0.087965555473553	0.914055654614421	893
0.046624697074146	0.922861060721364	893
-0.0894254260644201	0.988155864251352	893
0.01512310217628	0.312393174603487	217
0.0454193887254411	1.3951572314059	118
0.087337750602573	0.816633447353088	118
-0.094565544203568	1.22860848162027	118
-0.11720465122452	1.53832261358076	218
-0.084885500480974	0.986494148333169	118
-0.029185455724166	0.790280474956089	57
0.037543687021691	0.854784002869635	57
-0.103240027081812	0.402299601518845	57
-0.086482123812092	0.509011104011223	57
0.023548442426104	1.89535486389303	57
0.120254478381872	1.38889208930935	57
-0.116809390049598	0.293721740896973	575
0.00112951170416897	1.6069666171585	20
0.0105749834879521	0.324389193569135	60
0.00445852678768899	0.321554482797228	256
0.0121183413884211	0.329453468473609	217
-0.100957387973488	1.59182899367003	118
-0.108749977960847	1.03373288239573	218
0.022174340106428	1.29096986704261	118
-0.01748543544162	1.70488789044919	6
-0.076575529139524	0.536432708050689	6
0.070198307812633	1.97277496610116	57
-0.050907535849245	1.20979018463747	57
0.047167460592531	0.577767207571149	1376
-0.063994352549418	1.34809137381379	575
-0.09568603703748	1.13043772366173	2257
-0.0710128257559151	1.24079539061506	2257
-0.05756305971889	0.946224510188416	893
-0.00559555171311599	1.47787344690464	893
0.044725198909636	0.682712343831252	118
-0.0889703597971599	0.62700580227255	118
-0.078420109456785	0.74112147835862	118
0.053130950104002	1.6482871030686	118
0.039637109514679	0.530177089933706	57
0.050012314541463	0.573381771643786	57
-0.080270450378475	0.545592067538149	6
-0.00447713914074299	1.38387136605552	57
-0.02582673754686	1.03427094315237	57
-0.089940024465321	0.849360691984742	57
-0.044597021100943	1.3086355757049	57
0.036016407980521	0.701165448669319	1376
-0.0634341235514	1.10086634316074	20
-0.0994015528290429	1.09746928985724	2257
-0.028268170886287	0.543591607691996	60
-0.02145336965592	1.03608621587054	451
-0.120828353485546	0.622045462423104	893
-0.026692614585651	1.26048587473597	893
0.109212922477148	1.91144763271291	218
0.018569506638754	0.950902765221193	57
0.079087338118888	2.29802477781492	6
-0.077460908493296	1.69639414098977	57
-0.023586000628273	1.36777849680067	57
-0.047314467043014	1.02304964430725	57
-0.093636355250134	0.416960272468896	1376
-0.015145657221575	0.55213813374232	1376
0.00996320633148595	1.60168833142125	575
0.115419119873337	1.6015507572399	20
0.067070377037632	1.75409323013042	1727
0.0791465780555391	1.55898753747331	1727
-0.093849228245285	0.695080649694705	60
-0.123636043742493	0.528691460567505	60
0.096780605017742	0.448324830864628	57
-0.028233181799101	0.765072669445167	57
-0.110661839964268	1.28023222394925	57
0.120910286558467	0.892030052251456	57
0.048694693325024	0.929722715237692	1376
-0.053372083252356	0.837452107444181	575
-0.095702369129629	1.14763769545877	20
0.080639100692502	1.21213521229915	893
-0.106227502368731	1.39163765820304	893
-0.089527105569328	1.064085912858	256
-0.122781456394153	0.279335586929718	217
-0.1185936350085	0.887323226609384	118
-0.073374710228112	1.48910260482787	57
0.048834081324156	0.911032116963771	57
0.063657555103499	1.69576810069297	575
-0.037352772288243	1.21703709889395	20
-0.011096587550033	0.91110208628311	20
0.076442313687198	0.929678423786674	20
-0.1114594248151	0.836218882918199	60
0.01790714943551	1.26333340593339	256
0.08537448209087	0.906834659984731	118
-0.097499147933012	1.1520770179388	218
-0.095249851487847	1.61875549881994	1106
0.096177805641235	0.461006924813787	57
0.0738048616014551	1.20359350038942	57
0.0668303765057801	1.92897480372808	450
0.00154081300601505	0.764176628844226	575
-0.024923747551003	1.654635001353	2257
-0.069273490104371	1.69270955133629	893
0.123788247423741	1.87901888497341	256
-0.122900944515079	0.2840438645063	422
-0.0290011303101509	1.08954982172727	118
0.075871479367942	1.00162547822518	118
-0.057147353959817	0.65804060548953	57
-0.05696725167142	0.669495867461652	57
-0.098758472887267	1.26542310293667	57
-0.048099899844922	0.946820368424943	57
0.044303604258648	0.806617269719087	57
-0.090768970138842	0.652715021362998	575
-0.070192238072332	0.744011693629942	60
0.041579156407194	1.85670304929068	451
-0.00327514407006901	1.13327724854685	118
0.040230970632921	0.904546405169175	57
-0.044967876172198	1.03770629964029	57
0.038252212036593	0.676683536512684	57
-0.013464199978595	0.435706061316806	57
-0.091104278471556	0.756349212894476	575
-0.119059277097045	0.535167369678142	575
0.117012731805113	1.8484332477934	1727
-0.08562130128486	0.53086354283241	60
0.052435869157597	0.571750978178944	60
-0.086779206930551	1.36028404558583	218
-0.027018414581182	1.1833815261703	57
-0.039793804864053	1.08981103559705	57
-0.097739316876338	0.982221803525253	57
0.00716364985423001	1.15419427970557	57
0.093702300334952	1.36042881051797	57
0.095293453768355	1.98248407541573	60
0.013412003859689	1.47247116483072	60
-0.00126086286971805	0.796238349997627	60
-0.017404911107998	1.91731933960862	118
0.119938128711333	1.88048855581939	118
-0.080948766853298	1.1543250626566	57
-0.021911385280459	1.17117117807756	57
0.041924295972815	1.39521526539863	57
-0.07270958420353	1.00925403858088	57
0.035367625488707	1.06147284687058	57
-0.115895538308294	0.888434506148172	57
-0.012152872857221	1.01813779440573	57
0.045169836062104	1.07958439042754	155
-0.063942889799912	0.810333702652724	1727
-0.0647132041812351	1.11318313799409	1727
-0.122139659651938	0.637794146192436	1727
-0.11048294701169	0.825831215615479	60
-0.045860669894167	1.10222361509532	60
-0.054742601286103	0.836354017770482	60
-0.062227839162267	1.95282017742528	256
0.0221156437840651	1.08192647301723	118
0.080337209734178	1.11485938233961	118
0.079563677902499	0.905946193373238	118
0.115091378511572	1.72436481435085	118
0.00601396509478203	0.759141976450488	1106
-0.092053400588035	1.17059375459041	1106
0.084707078484089	1.36583813242594	1106
0.0821696714833831	1.01837971954	1106
-0.083365468211589	0.734558069713358	57
0.032702929749607	0.673741363096652	57
-0.101285251343464	0.807999206246983	57
-0.070839899580924	0.85031265905458	57
-0.087742899404782	0.629330345161268	57
-0.018446171217172	0.659524528439318	57
0.047306127010471	0.53012853111601	57
-0.123960293575872	1.32539671442272	57
-0.042728801019233	0.87231088409097	57
0.10821764354885	1.0045701083821	57
0.037473451647329	0.78909130947509	1727
-0.051043914849181	1.07602949287171	118
0.099539649519767	1.19922592975094	118
-0.0555968875049731	1.0416675413767	118
-0.123989848251628	0.634851941432775	1106
0.116525728428092	1.16845494480746	57
-0.00839280295580702	1.73496704330448	57
0.079666504914279	0.922665832049056	57
-0.111326053393649	0.724077473099637	57
-0.05710180233114	0.642928516156079	57
0.067802847624113	1.43395817891534	575
-0.00860182900582995	0.736743702332122	155
-0.091747403116749	0.655568859007512	1727
-0.037548586580663	0.768097650043346	1727
0.028786970156029	0.757442492925256	60
-0.107648845725293	1.53805171878258	60
-0.031366828922894	1.44183521395528	422
-0.116965122337257	0.976145949900935	1106
-0.017159210434619	1.2122141448755	1106
0.044303775575484	1.09154398779564	57
-0.096036304039738	0.811206777705049	57
-0.076285536589597	0.833673828532732	57
-0.114591815574026	0.711207432483172	575
-0.115129454143539	0.736808879423935	20
-0.112408473193312	0.824488117179792	1727
-0.087475498155599	0.755564488289447	60
-0.055468583454971	1.1621786260671	60
-0.00626802414087702	0.969149724108759	60
0.033016750806914	0.784071508567192	60
-0.029136167298719	1.32515251804641	422
-0.117035540448626	1.57924789554386	118
-0.040958442703325	1.0679759171799	218
-0.035390166895501	1.18281626928648	57
0.04224413168921	1.72174647792141	57
0.064821943402675	1.42841502757951	57
0.0391394545443921	0.910456507113204	60
0.047856929095517	2.2309160875785	256
0.00364294175122704	0.771263697793103	118
-0.113394252170368	0.745140533450599	218
-0.0965041109056159	1.39434408514468	218
0.012801487163888	0.320585170638168	57
-0.112233765088855	0.278034501989394	57
-0.016608670651438	0.424233338900129	57
-0.016505274964542	0.670022345010288	57
0.095574788079457	0.463024390677815	575
0.049166521087437	1.27404290705951	575
-0.121550129580878	0.280321149432668	20
-0.017389430131728	2.35468730710423	256
-0.0411987937727391	0.82345625607317	1454
0.094911839384787	1.47702155186226	57
-0.042333182246762	1.14358608312337	57
-0.094541232767359	0.782789458797444	57
-0.095663689111803	0.835193286103109	20
-0.053949689911335	1.17315487363601	57
-0.075259947849235	0.894255563064774	575
0.034484516758397	1.58699400696413	155
-0.113099317673113	0.708998979363137	20
-0.092388383569152	1.47828515807091	256
-0.111365628078488	1.11861074964225	256
0.00825030641066804	1.85042418069688	118
-0.082105243024148	1.24219598495982	118
-0.05535802474564	0.756449057038387	57
-0.06149852712496	0.766529231225777	57
-0.045525480365897	0.734738669107147	57
0.038902834966557	1.21558338982155	57
0.0820393533557801	1.06690359284467	57
-0.11949084825443	1.02978219842626	575
0.119326232086358	1.06254619088496	155
0.041820189630016	0.917626223242297	155
0.037135820322995	0.707026457390832	155
0.085697065827798	1.14307639888291	20
-0.095977440657874	0.618027781170533	118
0.012811300198593	0.775928780288505	57
0.092254551399941	0.923318133564173	57
-0.061399839925774	0.76533425167476	57
0.036736327858415	0.730653100858972	57
0.037906656691952	0.782419667523286	57
-0.062999579203897	0.646253177531466	57
0.118133632435829	0.921104713566265	57
0.038760349870855	0.780046833248413	20
-0.0193304458382561	0.631968625319236	20
-0.090758785393167	0.808632817547786	20
0.00954769563524705	1.30682744457947	118
-0.038094937578371	2.06637152334878	118
-0.081653376064341	0.533419313371739	57
-0.0148244924635	0.439555632965869	57
0.0121183413884211	0.329453468473609	57
-0.020911297974641	0.53572304998691	57
0.044212295042052	0.994482046638274	57
0.106231916305577	0.718075135718251	57
0.035453248195349	0.778534983409179	575
-0.113930450169161	0.282712498447141	20
-0.087565428583037	0.732622330701817	155
-0.119272870009067	0.290405801392555	155
0.012103935148928	0.328952881693488	155
0.048040889309747	0.554002912488291	20
-0.095489650092248	0.420711916672806	20
-0.082720710186077	2.30671443695442	256
0.042628654689344	2.43077055778062	256
-0.043890917553045	2.05817983602167	256
-0.104738367805665	1.35108135536288	118
-0.012878307916767	1.98075183043973	118
-0.0839242586246099	1.15577586327866	218
0.123805613644676	0.887433059602089	57
-0.094288494733098	0.411516975156684	1298
0.054024755477244	0.56198360796076	1298
0.081581260813416	0.941706983592933	1298
0.041451658618509	0.904611768068357	155
-0.117014845401688	2.49693169269313	256
-0.081950152437147	0.543843113535608	1454
-0.048273240963144	1.08286448673735	1454
-0.119875292770798	0.283765940244394	1298
0.045075125084666	1.06847132584614	57
-0.00944854423931796	0.417208685607659	155
0.082579542233846	1.59945993323086	256
0.102879458548584	2.14972994291638	118
0.0558181150015989	1.93372255337146	118
-0.022802238281918	0.85521055181543	1454
-0.020426995132089	1.25768258013615	1454
0.108370176016095	1.27291077545277	218
-0.118718036325209	0.797901245756153	57
0.011218485641144	1.23341375450029	57
0.041396341129582	1.05187470165076	20
-0.070451465782055	0.755597045332485	20
0.092092443796632	1.17721420561208	20
-0.085967021860448	0.837427866722412	57
-0.015600843181714	0.961069692475913	57
-0.111950895541236	0.716744065849884	57
-0.050313892405915	0.929665766349604	575
-0.117773129257914	0.844233471266484	575
-0.081359268158421	0.753868424507964	155
0.023626188753784	1.19867355893523	20
0.00625502260020305	2.26348905240447	256
-0.005897544027888	1.33327596387585	118
0.088701907683565	1.92243768806109	118
-0.041238196041932	1.03513881258873	1454
-0.104732900569006	1.26310710903306	57
-0.09877849304931	0.879019566080596	57
0.119110467407555	1.1576600172661	57
0.085771230834102	1.03937807917083	20
0.018000814983506	1.14485031595962	20
-0.055972140991457	0.953307261162007	57
-0.054227863507104	0.9193029961642	20
-0.0385190011941841	0.772309344163195	155
-0.091259439643784	0.901271519892601	20
0.103652544992769	1.32301124776522	118
0.111345017131595	2.35329961897935	118
0.089341725412581	1.10967387562438	118
-0.124003190229001	0.526750542404148	1454
-0.039043389902516	1.48797023063329	57
-0.086987935818876	0.52072039104909	57
-0.043183048557644	1.01420327933986	57
0.045982212516144	0.917772265486682	57
0.020746975246884	0.969231149529492	20
-0.021812844381202	0.555278382921346	20
0.043534290260735	0.918508930434019	20
0.098396181313953	0.806434355769173	57
0.036302355587096	0.707861446367511	57
-0.0192051633646591	0.679262354297271	57
-0.092186871535717	0.625628112176887	57
0.0509507859617639	0.551442473735756	57
-0.035712184144931	0.778087931232088	57
0.0835695817481989	0.835990988004166	155
-0.083342736123051	0.523313018487333	155
-0.11666966921192	0.29860266212504	155
-0.0734206921601141	1.06111051933065	118
-0.065212287202596	0.913955577776765	57
-0.071294405783387	0.748289983015274	57
-0.0886094717242481	0.958257871599623	57
-0.077089697782369	0.833491653419318	57
-0.067516747374737	0.763356459760729	20
-0.03300680304541	0.812889946673353	20
-0.081547338422911	0.81663535049009	57
-0.089132189947436	0.739683131897954	155
-0.057621410042233	0.64288731285678	20
0.113823792334721	1.57251186341179	256
0.07634558601865	1.22126923643671	256
-0.045049747467601	1.02556913857976	210
0.019787850155882	1.14578855435759	20
0.023265587730873	1.31455673107385	26
-0.096554530858963	0.643515725737768	256
0.052275127569878	2.31980719517722	118
-0.111348959509869	1.43100849934077	118
0.048066463078256	1.41828931903335	218
0.0329900327775931	1.68222406380914	218
-0.033287344415074	0.959602370364776	20
0.030434364050569	0.748544585067262	20
0.076025814170736	1.46881966635712	57
-0.096468905011816	0.420679131692645	26
0.114621956498934	1.8507204047519	256
0.0471925750504441	1.15630303116748	118
-0.091633272410116	0.844018221171185	118
0.018063557739642	0.977641800144155	210
-0.057542484607774	1.29948197743239	218
-0.119407415300721	1.25351336674818	57
0.016082798380251	1.5190343745137	20
-0.117429200017255	0.648880142295983	20
0.090686790053694	0.921572169148329	26
-0.055836449535202	0.6416213288677	26
-0.0436528268840361	1.08080650648795	256
0.084529736279882	0.807129250860686	118
0.0898238796773621	0.930549438025482	118
0.101897971429663	0.707198921054397	210
0.045160620430778	0.803742173247727	210
-0.076066495556698	0.548149425165316	26
-0.076246815326768	1.06026053518719	26
-0.101837987416071	1.36628816848377	218
-0.065118884026674	0.859278563689938	20
-0.097036936101542	1.15178868916294	47
-0.06806575397976	0.842166160596428	20
-0.097462092487749	0.81652219505823	20
-0.00854243425418499	1.421659088235	20
-0.00833486902209801	0.68044716307362	105
0.013977836998917	1.04718775823976	20
0.090766659731085	0.794160107242696	118
-0.019289347845297	0.671232440023887	118
-0.106205904418745	0.71857270517882	468
-0.028506706525107	1.69736280153807	468
-0.093440997843988	1.65855780478153	468
-0.0838723093656411	0.817252611021904	2851
-0.120022456668657	0.295071200113915	57
-0.113303051847015	0.295278698353028	20
-0.02376220764621	0.404843929972033	20
-0.114676972694715	0.302973712143562	271
-0.061175045026053	0.731288107430438	47
-0.032146930725733	0.519028120251747	47
-0.048231505286446	1.29302035811267	47
-0.111464286348773	0.293450498381639	155
-0.075513192893509	0.545434891455115	155
-0.068527346545974	0.720348653544537	118
0.059862094248952	1.73160408329728	118
0.087596806534767	0.442961427764654	218
0.089444317888019	0.427057778268364	468
-0.114536610980494	0.303993219626647	218
-0.101312207360061	0.408373994434147	57
0.012801487163888	0.320585170638168	57
-0.117750032395489	0.298128631090027	160
-0.0692487205736571	0.685739890022991	47
0.091642117971121	0.451479966383651	47
-0.121249207861184	0.29288073588439	47
-0.089918859859967	1.3117384922434	155
-0.088727103403907	0.796497184162689	155
-0.122144580818469	0.287069025105785	475
-0.091862035027357	0.41684227519737	20
-0.013340241846214	2.1440612779279	118
-0.047619578237233	1.56773617030519	118
0.0946586613863289	0.443051951476348	218
0.00491136460764197	1.15799200528622	468
-0.0148244924635	0.439555632965869	468
0.091998654812417	0.424716423431848	468
0.100108057610625	0.451459236440165	210
-0.060127422385425	1.43526237954415	210
0.013525240790481	0.328465966413979	218
-0.116992485615435	0.294661552287673	57
0.00915170945552402	0.328075522385039	57
0.00759040343654904	0.322541715501254	57
0.016103665283453	0.293913312228244	160
-0.115434173199174	0.300328537416938	160
0.00845105661557999	0.326919841231667	47
0.0115034748731691	0.312727135108291	47
-0.0910073877847229	0.816149402312189	47
-0.014297475005869	0.543797960232741	20
-0.060096600063841	0.906904660561207	155
0.012815263476823	0.330614076431107	155
0.00986401605334397	0.327745382331889	155
-0.115445312166422	0.290252152225237	149
-0.119309848466435	1.88016644811165	118
-0.042190315675999	0.744877990821185	2851
0.00985219756593203	0.319713495002548	210
0.053738451318345	0.659000186039959	271
-0.117131863149381	0.297070487699706	271
-0.117423900010566	0.292342351653784	47
-0.071549409703808	0.535376467294074	47
-0.110421962186228	0.285630444868997	155
0.091038330115687	0.447158477555656	155
-0.041268597745633	1.11058192484673	155
-0.079464949180165	0.526015680727405	155
0.015193953149502	1.96813417099165	118
0.0449112987965981	1.1697999649662	218
-0.026049949560343	1.04564669594628	218
0.049015882424735	0.558721465923815	468
-0.078832688857871	1.03761532477222	468
-0.1108485055228	0.28653713522161	468
0.098141721379521	0.445246490423665	210
0.0585147421869871	1.0245125570239	57
-0.117131863149381	0.297070487699706	57
-0.120160122255749	0.286225495366324	47
-0.090206525801088	0.402222281997346	47
-0.020445173735386	0.420890486878331	47
0.00985219756593203	0.319713495002548	155
-0.117888982633568	0.298230771809748	149
0.078661598538707	1.86428201617834	118
0.087285892810412	0.417027490266735	2018
-0.03663680358587	2.03568835504995	118
0.096844801388643	0.69356250514023	118
-0.108387283104827	0.852913129622161	218
-0.118796963117834	0.298692462225041	468
-0.039814971266227	0.997041352376068	468
-0.090727828035943	1.12979028115282	210
-0.122144580818469	0.287069025105785	57
0.037817806715767	0.952226291496027	57
-0.115493309154482	0.53196838866518	57
-0.114215479738364	0.285200600868948	57
0.099505592207103	0.45333876334529	271
-0.027110275947841	0.550305159175727	271
0.011421258981961	0.319402858620075	749
0.052214711712166	0.576778395255412	47
0.00985219756593203	0.319713495002548	475
-0.084265489020089	2.22852709798738	118
-0.122737462388232	1.81707372876093	118
0.055284243212063	0.57329801764528	468
-0.000927354359287036	1.26413032429054	468
0.0115034748731691	0.312727135108291	468
0.082462771196655	1.53314917606514	468
-0.0118362950577821	0.432712528080545	468
0.018040234481964	1.47179392880696	210
0.0408663704693289	0.515779601042745	210
0.0517571731398641	0.548340909194555	57
-0.113778954237744	0.301173135071298	57
0.099505592207103	0.45333876334529	57
0.00843806909834699	0.325281331262212	20
0.047739221105175	1.13051985642323	271
0.00843806909834699	0.325281331262212	271
0.014511656741881	0.308469033794678	271
0.041294015411249	0.673351352670804	47
-0.00078004635130402	0.29393574904912	47
-0.0192051633646591	0.679262354297271	47
0.095564081151815	0.68852733291121	47
0.027088948667391	1.89945008015223	47
-0.019674939569317	0.417173250937994	155
-0.00155517956012896	0.772396192753339	155
-0.116992485615435	0.294661552287673	155
0.09649363467756	0.457838794467596	155
0.00243601996319898	0.297577497208363	155
-0.111428468713428	1.99932727320011	118
-0.019771354994645	1.08618229400228	218
-0.098489111870548	1.00044145973906	468
0.080222143595991	1.80563004931557	468
-0.116191341078772	0.292716215392469	468
0.051361309189675	1.09784591487069	210
-0.09383137186326	0.406873626372049	57
-0.088100384785081	0.514076670362431	57
-0.072539482094814	0.723275706434989	57
0.00985219756593203	0.319713495002548	57
0.100108057610625	0.451459236440165	160
-0.015431775368275	0.923195950875618	271
-0.090431407150423	0.643652992348392	47
0.00772310037311896	0.316787321618208	47
0.046062305443964	0.54044124672748	47
0.104637906868443	0.424113751200196	47
-0.124685315665872	0.192302335259694	47
0.104923731528998	0.690699503537597	155
0.0121183413884211	0.329453468473609	155
0.00986401605334397	0.327745382331889	155
0.0888401038744791	0.433767391234048	1220
-0.068674798328245	0.72676220881337	149
-0.038433220967701	0.74794746345195	218
0.00820176546998497	1.01337572776002	468
0.05707094509757	0.557269406044234	218
0.089565908417196	0.436441865427694	210
0.100710305513077	0.43956247930169	57
-0.119101052934481	0.272695161808429	57
-0.09452635608031	0.607235125927897	47
-0.040337004982836	0.821231954858107	47
-0.113162477267394	0.300091130878947	47
-0.087156344406797	1.55344122460527	47
-0.101569396084804	1.04351803092012	155
-0.025201885581126	0.401897562147147	155
0.096055143241083	0.446148663837007	604
0.081786554920541	0.830434256104028	118
-0.00876136157235297	0.758878400636588	118
-0.023220651195844	0.562911416597512	210
-0.117839080337409	0.526007166467395	57
-0.088139000145718	0.825448867889057	271
-0.120022456668657	0.295071200113915	20
0.00759040343654904	0.322541715501254	749
-0.097905630072857	0.602153268646684	47
-0.040675919175832	0.837714852795725	47
0.01443338261579	0.31138160528869	47
0.014273475647349	0.320565172994928	155
0.00845105661557999	0.326919841231667	155
-0.117888982633568	0.298230771809748	155
-0.0831053847720949	0.52458782648148	20
0.00940987179755803	1.49294638604031	118
0.105426057679771	1.62234822080948	118
-0.016677318977027	1.3944759398694	218
0.0972824554790011	1.46032312796771	218
-0.0178310566237611	0.879424968089683	210
0.086652195820624	1.56368859076027	210
-0.08552364853273	1.11827205686468	210
-0.083126313381846	1.4507021916618	210
0.122792667236183	0.947845211339924	210
-0.013023489912518	0.672989490732079	57
0.032175561734472	0.671789845176725	20
0.0324172297305531	0.685941625882538	20
0.120867336094866	1.46339793739614	271
0.122344594345287	1.16653396796493	47
0.032704131500734	0.700741885368192	47
-0.0174140508348271	2.30711636824983	118
-0.018741867385445	1.35413594652827	218
0.037145748189234	1.65323792418013	210
-0.112094443777415	1.49329023843781	210
-0.105699063845645	1.06117577520271	47
-0.026283320995272	1.39693501477339	507
-0.100342140284918	0.88437620492089	20
0.064749503540391	1.32689604196394	149
-0.0638538482151439	0.745533392075103	20
0.085671183399318	0.818297613433954	20
-0.063082240663895	0.644629501376994	155
-0.096014032121647	0.823543306387924	155
-0.069999209015022	0.685792159971193	210
0.030866964115067	0.658604646730524	57
-0.097048627930897	1.20778375532644	57
-0.116809390049598	0.293721740896973	20
0.012190137536513	0.307447862455086	20
0.104473907942044	0.676657720503103	20
0.102955804552577	0.704457277238294	47
-0.01260339742561	0.427718068002105	20
-0.022393652772433	0.5657336160891	47
-0.016716014868236	0.528316798522018	47
0.049205364799066	0.567262677695297	20
0.095417948162523	0.455739768989181	155
-0.12335933370821	0.520451992166441	20
-0.00983594242390995	1.61253754918882	118
-0.09963463120391	0.398592361530632	210
-0.122624064829677	0.293244123835198	20
-0.117131863149381	0.297070487699706	155
-0.109432986729283	1.73236265664285	618
0.068368301471575	1.89069921156073	618
-0.011382026314682	0.871634055297855	57
-0.050077525751047	0.849695032170295	20
0.08207927327108	0.941465256342311	2019
-0.081609008460977	0.515244879509214	20
-0.0985277996610689	0.408448081206267	20
0.042674516338826	0.683204911378041	155
0.069757432815875	2.05311395107472	149
-0.022606585709398	0.657530924457136	149
-0.039504856953078	1.42489681331765	118
-0.058748907714767	1.10136919599066	118
-0.121444832553045	0.792280164202595	210
0.028840249264113	1.39117022993827	210
-0.100342140284918	0.88437620492089	210
-0.0632863312955711	0.629592719434563	57
0.043209999912862	1.08387388423238	57
0.077583285428848	1.10863927627467	20
0.0476249094444851	1.00067866827372	47
-0.043123300151501	1.34146610030513	507
-0.071656719201463	0.739517355416441	155
0.036370833837065	1.8738529345823	526
0.014120669295536	1.01537512670757	57
-0.0925163243623079	0.842992755173533	20
-0.0898866787663	0.96944606042228	20
0.00452184311524995	1.1327772405052	2019
0.011339234952356	1.24469348047539	2019
-0.018504804702181	1.11833863769239	2019
-0.110042551697198	0.985639455470432	210
-0.101400987158145	0.903566560984941	57
-0.038041407225236	0.774376140012985	47
-0.101900315870588	0.411501817455051	526
-0.117894172915616	1.66957462072499	1395
0.040362952744235	1.4662285699849	20
-0.099505913432037	0.402711806498456	47
-0.032207856810419	0.932933504057383	526
-0.102153809306508	0.951762387037711	218
-0.028001810249098	0.541857666685639	210
0.047938829296975	0.902832376599785	210
-0.09010769430311	1.69582919656362	20
0.057419470876496	1.16818176964161	20
-0.090533914184226	1.34665776985948	218
-0.122752710712139	0.96134153881964	210
0.041085904068012	1.65903109924785	57
0.083641710647055	1.6210639408291	1395
-0.087426022087117	1.08472044582111	507
-0.081991034094163	0.834543285645438	526
0.054846678050734	0.913393860576546	1395
0.080271981019481	0.796695714540878	1395
-0.092845620247154	0.748077318889797	20
-0.12266566703859	0.516106975902717	20
-0.015386862166245	0.881285530409784	20
-0.119712184508456	0.523827936221967	1022
-0.06897809527705	0.736502111614384	1022
-0.0134950115986791	0.8894633569688	1022
0.119254162629215	1.1627138513399	20
0.085257644073595	1.04143318255662	20
-0.115246122689452	0.907740679631738	1395
0.053804538717518	1.10869712279471	20
0.116949931463774	1.16682834114227	20
-0.0879116612379	0.850365835756247	1022
0.107071273968685	1.13287307678489	1022
-0.00811170679114404	1.04022429979825	1022
0.033367613473497	1.25865614449169	1395
-0.113386594570065	0.812289748112022	20
0.040611520306043	0.968737949921679	20
0.00153098890523495	1.27701664778768	20
-0.082209573803492	1.19499156303057	112
-0.039872266423475	0.770203004051795	703
-0.038899472781381	0.767940957182165	20
-0.043960236661697	1.08340095564183	218
0.100562132707777	1.55279013530336	1395
0.036335062753066	1.11186711832672	20
-0.00453696530030001	1.08021050264888	20
-0.023220651195844	0.562911416597512	526
-0.1108485055228	0.28653713522161	210
0.048040889309747	0.554002912488291	210
-0.040380544106825	1.04116988041198	30
-0.0868453618356691	1.44026475780195	1395
0.00828029789720997	0.316734631740958	526
-0.009332095854242	1.42638792920575	30
0.032092659854623	1.14788587313072	30
-0.118613288923993	1.19643519109002	30
-0.06287367867425	1.19509384623384	1395
-0.089118910313623	0.97348122976201	1395
-0.123794454148822	1.52605997805847	20
0.068728545340971	1.53580959486159	1022
-0.03284015315908	1.33133184655669	1395
-0.0870193342462821	1.08092010429009	1395
0.027027954840444	1.31269962172582	947
-0.116889181047841	1.05743263340151	20
-0.07775346675535	1.23174704679674	20
-0.109422864876147	1.49874394597744	20
-0.077246787381307	1.43428427574053	526
-0.0698975132608311	1.35722378390747	112
-0.11252566971086	1.68145765071822	20
-0.088076526011642	1.39130767848531	30
0.027195465043547	1.83087471853749	1395
-0.00505895591002104	1.52483887066165	1395
-0.108356777843313	1.26381665407654	1395
-0.091469924440771	0.841698108589154	20
0.093446532858147	0.68285344414802	20
-0.073891998933924	1.07985596661573	1395
-0.123874374966095	0.915958719082595	112
-0.0493413001837471	1.17475145324906	20
0.020956998262872	1.14477619586401	1395
0.101001049330626	1.33419011408463	112
-0.100571899652213	1.1470910991974	112
0.014765967852429	1.6825856531816	30
-0.058051933814505	1.2412467621986	30
-0.0938027997323459	1.15435306818716	1395
-0.082405846952487	1.07313525108276	112
-0.084674819267495	1.06325986107081	1398
-0.043279570768882	1.01730492693071	865
-0.077870391934372	1.65893094313967	30
-0.112128939499263	1.33460130870976	1395
0.085055833781292	0.93179019944984	1398
0.024723503204144	1.34341725906059	20
-0.033655059540467	1.42487867665842	1395
-0.00827585852986001	1.91291210483065	1395
-0.025764460591161	1.18024734630695	1395
0.114737045324595	1.63708569102666	112
-0.107646613867228	1.05183137955532	112
0.090971181313204	0.832445084355588	1398
-0.073289678637014	1.18696081259778	947
0.094814767629628	0.457692403463595	865
0.075237394107966	1.10677516734446	218
-0.048423389206104	1.48608048966245	30
0.049752619842438	1.19223163592098	30
-0.085283775098906	1.46848076222544	112
-0.00970806904761001	0.659362471768424	1398
-0.025762995402081	0.941889526626473	20
-0.00917809403541203	0.683091400665535	30
0.0198163380081871	1.46931542690983	218
0.042715728692228	0.699950668755319	1398
-0.124687908875511	1.5979913929604	947
-0.124166281398512	1.56966117301871	947
-0.07512345386078	1.82889745134742	40
-0.064011504292256	0.642491509097669	865
0.097699234870511	0.46037074099468	865
0.117866754971656	1.15613124880543	865
-0.09349562270518	0.969154825800523	30
-0.062436974033786	1.74325426084829	218
0.050238983692569	1.76067001377885	218
0.096439268879527	2.1624812475344	30
0.070872005269317	1.81440296173578	30
-0.10865228949686	1.18662716392819	1395
-0.0737386108825841	1.08387920431545	1395
0.00855654582182297	1.06590085337265	1398
-0.121385731928074	0.623197333335546	865
0.122208842864772	2.29778835055508	30
-0.0201883541472609	1.05646930818635	865
-0.076426564051313	1.35451336228431	112
-0.083664353197988	1.30865145828823	30
-0.10359571516708	1.20922633327893	218
-0.066233093190995	1.23477310994643	30
0.106060259556212	1.74239087960112	30
0.031198883431272	1.78512723089677	30
-0.0984553597219739	1.32935431923597	1395
-0.073659614862341	1.7525645486935	112
0.119087926230769	1.44125673231754	947
-0.101477198143593	0.989223671799459	865
-0.065829626834089	1.69098867458092	30
0.015497175067632	1.56391500568201	218
0.004251379989893	1.61750944548538	30
-0.000287727758098044	1.1937125781858	112
-0.02793614499668	1.48346841181007	20
-0.085066943941702	1.02294865251961	20
0.0787463034436811	1.0208811894041	218
-0.0272522597543931	0.968467501806839	30
-0.0269174757024701	1.20312850784781	218
-0.101099566650568	1.41113096258163	112
-0.119414116986281	0.621311979552371	1398
0.048668881833743	1.50837528299645	947
0.082473020408493	1.02469011241453	30
0.00729560239425298	2.12209298884247	30
0.021916674121683	1.15086992466467	112
-0.0922273364731691	1.46692165760526	112
-0.10715361653253	0.747865257730434	1398
0.043193177562795	1.65685225743829	947
-0.098949866152821	0.41961114990112	865
-0.098991745200763	1.27053773189328	218
-0.116956745020278	1.26242209497066	30
0.030613297083994	2.01933054937019	30
0.016387849428889	1.65996730470021	30
-0.069689785556794	1.12464177570192	112
-0.119940595096184	1.02830004739271	1398
0.025730243508724	1.22910575542864	20
0.00246866741168605	2.09553093799855	30
-0.121490559191867	0.936417354721924	112
-0.119577985487487	0.951114983515297	112
-0.117046055412399	0.799971593915874	20
-0.0445629545831711	0.854437034370914	20
-0.088023425872498	0.855875502681633	20
-0.084201335377095	0.946763276454932	218
-0.067185220563328	1.17090070057072	112
0.00564298764341098	1.4650452729366	112
-0.099513705684231	1.05542093188001	20
-0.109664437437048	0.828002856785986	30
0.116578578545843	0.91108080592913	30
0.0964447647444841	0.799327974184602	30
-0.105297534451264	0.980127922153127	30
-0.036820415786059	1.57185438326829	112
0.087184872589948	0.782100146013803	30
0.0821460881912181	0.907221624826131	30
-0.077220943149982	0.986020613565949	30
-0.0993177095673941	1.64498018251149	112
-0.095686172794907	0.421640120205703	676
-0.08487876296884	1.529513486972	358
0.112317286688541	2.15596495156337	947
0.047523281902328	0.571591230738657	865
-0.083579796160698	1.45795576654516	30
0.075278174849533	1.54087246411033	112
0.096055143241083	0.446148663837007	676
-0.109049542460905	1.78381747601665	358
-0.050386551486855	0.941373458267122	20
-0.114830306282018	0.290975720133278	865
0.00334063887549096	1.57135752873686	30
-0.048815225450168	1.48974853560448	20
0.040506409351189	0.687690549147377	676
-0.117305035875091	0.641521560248007	20
-0.021461648869726	1.0534684523152	30
0.119110874945125	1.54653593014222	30
-0.116939467160358	1.38393638026962	30
0.095921783858564	2.39393802387033	112
-0.090998356496268	0.864960789981313	676
-0.0679616561884701	1.76040036612429	20
0.087189383248428	1.13525422048183	20
0.049560106133002	0.558278850533031	865
-0.121289802967224	1.1862747275555	30
0.0116285115281	1.3512676152097	30
0.115159865036229	1.58682604527082	30
0.094831867127129	1.3821383764676	112
-0.078065563480652	1.00845519438025	40
-0.07076130806346	0.979604409635978	40
-0.089217438547495	0.970591549258258	40
-0.013442733399989	1.57013247360439	30
-0.05664673672506	1.16757606308538	30
0.033740989318057	1.28839256564633	30
-0.1220680599729	0.961169225363289	112
0.00734739339513302	1.79203710468142	112
-0.114742056851342	0.945291060753476	358
-0.011332694205037	1.48657878299347	40
-0.080695100735996	1.49892226195259	865
-0.015457808292339	1.59898284821358	30
0.051376970473249	2.48078240259862	358
0.093218927613169	2.4562148628688	358
0.051692569287179	1.1070946283891	30
0.053572110177498	1.18004668170333	30
0.121042557037	1.0557288633625	551
-0.037446518156295	0.745034581827559	551
-0.07888762860145	0.749386347587701	30
-0.112997870482156	1.51556504897869	30
-0.011335604327366	0.665878231137141	112
0.0972824554790011	1.46032312796771	40
0.053432693493891	0.567396003146329	865
-0.121064685511527	0.535244196174538	865
0.045498054524038	1.21732759413996	551
-0.121252266775222	0.519890421158096	551
0.041846505785272	1.07012630506064	551
0.013316340128417	1.69451030114981	30
0.038566719815769	0.791775899001711	112
-0.032289296511796	1.47401340188471	358
-0.112714190649802	1.24346424140736	20
-0.119593962576803	0.619707188789434	865
0.056396957653664	1.31027005372059	551
-0.046956956126852	0.953181147243485	551
-0.054717539102772	1.71085941175744	551
-0.047988800633486	0.933140148601814	551
0.00546957313856999	2.1478432523364	30
-0.0827897806888051	0.538860087829694	112
-0.119758123464595	0.893237550552932	20
0.00367570281989904	0.877827026668701	40
-0.091867526736921	1.85634420493057	40
-0.021808623405272	0.423881779865849	865
0.094055318060811	0.444848601121705	865
-0.010398930773696	0.74660272918262	865
-0.035013895394638	0.9397841403836	551
0.035429573373236	0.738571543307922	551
-0.095236784814219	0.629294376413978	551
0.100089362414943	2.21473242891165	30
-0.0924510784988301	1.03282597818319	112
0.099692626457944	0.702054512330495	112
0.087310830477795	2.13186002293516	358
-0.031154608245244	1.01734983180402	40
0.022518084654561	1.22525391133293	40
0.0447405326956259	0.558222819128324	865
-0.00973636651790499	1.43272710039178	40
0.121159240244263	0.942136985997494	551
-0.051437491777112	1.08378435614163	551
-0.039571993225802	0.940779606470015	358
-0.118682238609185	0.803607161403081	20
-0.00700647000096499	1.74453491816862	40
0.040959656434846	0.777990474222836	865
-0.122144580818469	0.287069025105785	865
0.0873102851307	1.13960952586134	865
-0.053278470324331	1.85415941125688	30
0.000428857928698956	1.22800568906002	112
-0.043892470209356	0.876764744653922	865
-0.0951625678939631	2.13683449426298	551
-0.032483520127782	2.07781267467886	551
-0.077637577078545	2.49573216237571	30
0.028849089245357	1.42357667061307	30
-0.111205039166025	0.825475340308981	112
-0.027834476701828	0.777987948515396	112
-0.057820857573527	1.51892423998442	40
-0.046731256032516	0.641011543689239	865
-0.089193270318896	0.709487053781144	30
-0.044242904616518	2.02579106265751	40
-0.00671005010761805	0.971143054251015	40
-0.07352525605595	0.952665667855545	551
0.027747669203964	1.17433298705743	30
0.122032418575554	1.03132789662509	437
-0.121208109196695	0.518085847095822	437
-0.0215084217184029	0.652755330358659	30
-0.0584808480625441	0.924776250905542	40
-0.00187837251251899	0.791141742597587	20
0.0842996924981449	0.795277760575046	20
0.122857978031606	1.02432095093332	20
-0.086532867138206	1.46914401109015	551
-0.124088329669916	0.794987381959984	30
0.036861924764207	0.80191349920247	30
-0.123558048849956	0.537011328929635	30
-0.080397243400421	0.848200465401185	20
0.10918761729434	1.08883860863623	358
-0.0543513583806971	0.75942229104265	40
0.09488996016881	2.03567252331816	40
-0.107617886737736	0.624206725855309	40
-0.123779546535655	1.06016755789728	40
-0.081886177615792	0.997766572979163	551
0.052182276864609	1.00851176534264	551
-0.081915368386097	0.73331370239888	551
-0.00652115492791505	0.944113580630082	30
-0.100092737481301	0.406854448685914	30
0.049580006664112	0.55172043700204	30
0.055409647209761	1.72487032725734	112
0.059287356282751	0.559797724982311	349
0.053312531233179	0.56200600885574	20
-0.016680405338835	0.668285025289213	20
-0.0491423090251501	0.652521940153332	40
-0.104147472136372	0.400704603914324	40
-0.040154393196955	0.741968137745115	551
-0.069363454903642	0.74883521289967	551
0.062641578201186	1.00219097326673	30
0.092558352546154	0.44931894263855	30
-0.114676972694715	0.302973712143562	30
-0.09661566582726	0.421065885830206	437
-0.104053750676187	0.401336237352614	437
0.012829110730087	0.327325394797866	30
0.00913934315425702	0.317100109493428	30
-0.015499189847151	0.398148799492034	30
0.00986401605334397	0.327745382331889	30
-0.076575529139524	0.536432708050689	349
0.039633304671253	0.660105153813378	20
0.0457335448922061	0.547412687070954	358
-0.097353879172972	0.732561952016533	358
0.094525604446597	0.448641997946062	40
0.1141588944947	1.51162939247747	551
0.107431222417373	1.39164486329598	551
0.118934712004463	1.08515331131	551
-0.094309204282674	0.649535636880746	551
-0.087029787308584	0.514415389081529	30
0.101602728266402	0.66911899274559	30
0.094432320835906	0.698198780430706	30
-0.089981590886842	0.411049461014358	30
0.090472042338342	1.5630413904567	30
-0.019414551322217	0.431803638077879	30
0.096938234363846	0.462404479348132	30
-0.100667039528176	0.940632302226335	358
0.079518592969996	1.00116234831431	358
-0.020366215902291	0.407167296641502	358
-0.036430138296629	0.77274631199277	589
-0.096162320620806	0.411384548611818	40
-0.052363420880989	1.54830209752405	551
-0.084328945642695	1.10004457191231	551
0.000899761655754006	0.763281114119954	30
-0.044647589240592	0.74457231160566	112
-0.115666906951677	0.732500513405381	358
0.043290881799611	0.7840950927196	358
-0.093121160313157	0.916173813363463	358
-0.082715743107878	2.03711512331658	551
-0.118791180435408	1.2750040274517	551
-0.058789793276195	0.656465384630766	30
-0.117188441219557	0.523012178554201	30
0.082609199351797	0.775379399784898	30
-0.017146743650561	0.916572096837317	358
-0.112698534770468	0.813217760454658	20
-0.021801498267175	0.856589286207992	40
0.00237946858923099	0.844061742871329	40
0.0978924540698159	1.66670921741891	551
-0.107926266177992	0.931561572997032	551
-0.035832026177271	1.2157375713985	30
-0.118970141470497	0.623991389623073	30
0.048319393877725	0.55006488755945	30
0.047750105104399	0.579329339034058	30
-0.113539260897187	0.519403813710265	30
0.00615234239560802	1.40802120677531	30
-0.093117784261474	0.409521870747493	30
0.0429535918606731	0.682482140929143	30
-0.123328083899349	0.537856786569309	112
0.035489893983902	0.674997031008944	349
-0.069595009124632	0.524092454201522	358
-0.12480316128219	0.608358102505786	358
0.0180176264595801	1.33251651921809	40
0.042915811508596	1.00011798691424	40
-0.124405082506457	0.534748591358738	40
-0.089756247791741	0.412941029246091	40
-0.021808623405272	0.423881779865849	40
0.072560440047974	1.32138104388584	551
-0.00448521687868098	1.05716111292178	551
0.120275459436994	1.6289276949924	30
-0.011068395985642	0.434096005296691	30
0.096938234363846	0.462404479348132	30
-0.118796963117834	0.298692462225041	30
-0.013985541356075	0.548435746084399	30
-0.0148244924635	0.439555632965869	358
-0.096740140260213	0.403181587980261	358
0.0457335448922061	0.547412687070954	20
-0.081395443573102	0.536033757371599	40
0.098183907364832	0.43221869943817	40
-0.010299699256056	0.432266277976494	40
-0.101704966025225	0.417191739958366	40
0.103511134851944	1.64913040562575	551
0.099118903515232	2.03231689795515	551
0.020989305554319	1.21615562029284	30
-0.0771299297872981	0.536655169764839	30
0.041430554210926	1.09356170044394	30
0.097904714423125	0.80647853659583	30
-0.121325240513265	0.536871126734487	30
0.03056067474531	0.650533143442548	30
-0.048624587661856	0.652551073343775	30
-0.054137586179795	0.672229794468831	30
0.063460776636784	1.30702449089076	30
0.083159686298682	1.29609072818181	349
-0.122810274739109	0.522918803590507	349
-0.107867240857695	1.20428089598028	358
-0.113248752112737	0.726477925229664	40
-0.099847785175841	0.612798104153201	40
0.018928846160266	1.15086012375418	40
-0.033195025995363	0.816815884457755	40
-0.121588382375868	0.489843466798176	40
0.00836657931959195	1.24127870691001	30
0.080525114869025	0.821499022801258	30
0.093161814663994	0.453679265021089	30
-0.021983225278732	0.421361595023675	30
0.089565908417196	0.436441865427694	30
0.089658076536338	0.815882896338182	358
-0.10183947869726	0.399650650779219	358
-0.052718127854206	1.93635740323434	358
0.112244696441149	0.699318291538941	40
-0.040098438851737	2.24150729876713	551
-0.039417587343731	1.78524699364046	551
0.012223645967827	1.38200976805717	551
-0.11441099088396	1.19034580828922	30
0.087141931999285	0.876838174607111	30
0.00810399307475596	0.897800699057725	30
-0.081665049149461	0.548811977268762	951
0.053668673619619	0.574347626085986	30
0.053668673619619	0.574347626085986	30
-0.038208167371486	1.11628571085928	30
-0.067133425191388	0.602452678770084	349
-0.078754742926815	1.03113010467128	349
-0.098863913754462	0.621684268640245	358
-0.082175555181883	0.518721677059848	40
-0.0853082652034351	0.529236583157865	40
0.050742017461346	0.944541898538405	30
-0.028783303908439	1.04824851985342	358
-0.00109312368026304	1.72767978390445	30
-0.072996573493906	0.933273156848919	30
-0.0758980548923191	0.92511825276957	30
-0.03599248911899	1.10057301212126	358
0.077295239730985	1.31153393945825	358
0.099342507873588	1.75350066556919	40
-0.0715696307871651	1.4280887073603	30
-0.067239039544164	0.850440484960988	30
0.117564065632273	1.12950473805785	20
-0.124516232216555	0.509776042696068	40
0.03841279781122	1.58674460319055	397
-0.054036674473672	1.1433948403109	358
0.061336498174471	1.42637781556466	40
-0.093475840682568	1.10585682990091	358
0.050892591820865	2.09975416835115	40
-0.025455178013009	0.537140256962097	40
-0.08263901072265	1.1298169654245	358
0.097727039463128	1.73477819039306	40
0.119415650719523	1.58116358707458	40
-0.069719928524219	0.856848410788558	40
-0.029065055471958	0.726823108084165	40
0.091224957736838	2.22601683619633	358
0.06424248343643	0.798036646323554	358
-0.111605410547619	0.280505730443199	397
-0.080270450378475	0.545592067538149	397
-0.109807005411972	0.288096125878306	40
-0.035884473060354	1.18133186830944	40
0.034242694116422	0.772421874291325	397
-0.096593752099429	0.589176333013972	681
-0.000479281733971049	2.28522308288656	20
-0.094782191975737	0.626987760704657	397
-0.021983225278732	0.421361595023675	397
0.123597095370501	0.912368532281113	681
-0.042272572902332	0.874583816859555	681
0.0862349942695611	1.90964243959296	40
0.03341865466893	1.41510868895899	40
-0.117350044654052	1.13793650705304	20
-0.112080248126933	0.294451481685123	681
0.079108703211584	0.908957552731831	681
0.0291758201385201	1.20013445039982	30
-0.093549322632863	1.62677574255517	30
-0.00551595680547701	1.74060092486464	397
0.087658618926815	1.0108942116315	397
-0.103487945542779	1.58090809461589	40
0.093608273210578	0.439980246214164	681
-0.052828939441911	0.653906091556007	681
0.013636517750828	0.846838220381983	20
-0.00533840774116901	0.775785521787515	681
-0.022073098306881	0.664643044558123	681
0.07249557554621	1.89004757071165	20
-0.087478483991711	1.36847884714727	358
-0.123852613989652	1.39925315525726	358
-0.084394439227205	0.756200835367445	358
-0.0493926312754061	1.54406502443795	40
-0.013366737828569	0.678333697391986	681
-0.0447016315591801	0.873443909189653	681
0.028555137073164	2.20880224017776	30
0.0313832987623151	2.17149668020212	30
-0.080535950232362	1.24805308148082	519
-0.036538147236406	1.86171463208342	40
-0.087919006927957	1.34495866585043	681
-0.049643435024894	2.07094537620878	30
-0.102303123050275	1.41107630779839	30
-0.100378702785084	0.800431479130458	30
0.08446042634554	1.45015350947781	30
-0.014192117576569	0.870158379574292	30
0.00575488791506695	1.22874439274824	358
0.092380115286817	1.117767892613	358
-0.045988763976484	0.842156644474629	40
0.089216418943444	1.19674921584332	40
0.094055444707919	1.78697857635189	681
-0.114156988332727	0.972995951362322	681
0.0600677508972161	1.17368929964812	30
-0.049586760903954	0.862737387261567	30
-0.022141519004591	0.644671273883198	20
-0.110797664685826	0.628679780244637	358
-0.107897124943152	0.905987861752301	40
0.102408974537991	1.0845002595982	40
0.114135882068355	1.15182624403502	40
-0.122039722041932	0.695697922206842	40
0.04122140463853	2.19999128054535	30
0.063862981991922	1.58588037395577	30
0.071865286474296	1.28195252568833	519
0.079962528820359	1.18136928715654	519
-0.03346464239005	1.85342097646347	20
-0.023323951429169	1.18569775150586	40
-0.121182273265504	0.937587014225504	40
-0.027444959964564	1.23396249724771	620
-0.0116270310245959	1.57271263998398	681
-0.112637288483226	1.04669969122767	681
-0.057483216431555	1.65361922063144	20
-0.094391899328052	0.715819226366965	681
0.121535826184514	1.00073018327419	681
-0.055335696204196	0.664761374150818	681
-0.087058816267079	0.489971305330038	681
0.00606408597218999	1.22461073987899	681
-0.075650198232941	1.21074724682965	20
-0.08537787493673	0.889563389806882	358
0.039259669230148	0.815046152212668	681
0.058079321149667	2.30883327879073	20
-0.038398610676122	1.78820742915094	20
-0.026199571179755	1.16807359979381	30
-0.059472088084256	1.68943935274354	20
-0.120019006301698	1.39526020308037	40
-0.073791008183265	0.528831071389359	681
-0.118042911084821	1.8525657745865	20
0.0855689106395861	1.71113923064278	20
-0.096947849635348	0.618036919712082	1276
0.120269763168184	1.21887760698517	40
0.00444822436740999	0.313196978201498	681
0.109699511847264	0.696503289025123	20
0.06533736446089	2.47407193423324	358
-0.109788752932798	1.86593101256634	20
0.044911832854784	1.38867946020715	20
-0.049005511605079	1.82530703821258	1225
-0.118656365815889	0.297836218233965	681
0.086675868193617	1.59691650071929	20
0.121297757727406	1.07302118120577	268
-0.120361287539687	0.84102832504472	40
-0.0000180236465460171	1.46416687706019	681
-0.102667584094612	0.931707163221544	681
-0.114614553739194	1.49345837707572	40
-0.047641173235626	1.20930150162234	681
-0.115175210112488	1.62938252456761	1225
-0.120787394396086	0.536608071140512	1276
-0.097021485074354	0.631496791888252	40
-0.116755871140433	0.989081069178602	1225
-0.094934544085403	0.616255604329725	1276
-0.060769387265224	0.618543766827138	40
-0.042633222965239	1.81442541499465	40
-0.112203317167531	1.61886594798886	30
-0.104616756441397	1.62408095380308	268
-0.053061597944389	0.752221053556325	40
-0.086761884780538	1.83399449215252	1225
-0.114115621036115	1.39605019132909	268
0.0795480379761741	0.826266301687174	681
-0.041032925613995	0.857995405399037	40
-0.078682368972536	0.820485631575038	40
-0.0257092639833441	1.92648317046739	268
-0.023819762781273	2.04136126520364	268
-0.098878993987326	0.802395566474574	40
-0.100332372735309	0.421969096405057	681
-0.098949866152821	0.41961114990112	40
0.058540958223207	2.25580387714391	30
-0.0953533664261	1.62214334534026	268
0.064154701752466	1.41095984321795	268
-0.029671490605954	1.19556306093836	268
-0.110402612572953	0.788008543063608	40
-0.064938321585739	1.74219937434888	1225
0.086060895905905	1.04835422373244	681
-0.122271498907419	1.38983092354968	268
0.032985797307737	0.663481421625689	40
0.050133709791154	1.06802514180119	40
-0.0766408994805	0.832828714815297	40
-0.0939471470208531	0.743639632879762	268
0.049421411847088	2.49334994365507	268
-0.08970144211367	0.908240453848285	40
-0.00809934622527697	0.75240754916515	681
-0.019246108087816	1.94888549210107	30
0.00980727279114202	0.316396360839034	1418
0.095574788079457	0.463024390677815	1418
-0.017693769083367	1.98136506498373	268
-0.116799908460253	1.72156030212414	620
-0.09194263235865	0.819884849576642	681
-0.117478338970909	0.933336427641886	30
-0.023958436517313	2.29754361808094	30
-0.0989236788930991	0.399406594241707	268
-0.00346675168823796	2.28231655962441	268
0.01030847777069	1.70970856155427	268
-0.0493302362039571	0.65760375558378	40
0.114649398182073	1.82818019497109	40
0.035930028530609	0.816999015606974	268
-0.115775706915031	1.38656272336593	268
-0.05899301276244	1.79587374336458	268
0.00858365104877501	1.22118445851438	268
-0.063066591113076	0.642840892736133	40
0.016134345079202	1.7464956725678	40
-0.013161022829996	2.0133336221767	1225
0.024153448092947	1.66026440907242	620
0.043333804348555	2.09970445617461	30
0.055553893539311	0.996530389382504	268
-0.059822111138505	1.61769570728389	268
-0.040185078120814	1.96105805088008	268
0.015100046371625	1.3487122244595	268
-0.023229559611056	1.4207664022829	268
0.057353112686332	0.960658189436573	268
-0.003638128164832	1.95051434876932	40
-0.032359880276654	1.82058484444489	1225
-0.040927943111469	1.96657829234314	1225
-0.0789864996401251	1.15120365375665	30
0.035947351874604	0.768062520403535	268
-0.022306613088096	1.70419126696973	40
0.019042906844147	1.88205361774403	40
0.118928251736635	1.57923615935162	40
-0.116062115057679	1.43547933216046	40
-0.12476888598506	1.78138167955736	1225
-0.012614910842036	0.756695737003212	681
-0.099262436403175	0.631871859730674	681
-0.066648025667307	0.587844828962988	681
-0.052751686300972	2.31661456937471	30
-0.11515764202655	1.66140576158853	30
-0.084260572704306	1.46698684818276	30
0.00111693068514496	0.769574089171464	268
0.0942925477966861	0.682083142490383	40
-0.106658156962955	0.921700437969769	40
0.00793968849027005	1.45291880830963	40
-0.0800081705220021	1.33725386671997	40
-0.079150136021498	0.545282793645524	681
0.049360445323804	1.07551672849694	681
-0.110706960058428	0.294960041795385	681
0.073357778135105	1.9223256529329	268
-0.122967420774562	1.4828941078998	268
-0.021789359488345	1.83811407285038	1225
-0.088906852275802	0.610115109515238	681
-0.018999863825735	0.922428360235302	681
-0.029491093836695	2.34191055716953	30
0.06013775817012	1.75283117070265	268
0.022311343285461	1.48003929677106	268
-0.085930403952985	0.739857986998305	268
0.031207159145589	0.758831416924266	88
-0.00428855385905402	0.758883123153636	88
-0.029503069832807	1.77419271290429	1225
-0.069972017890986	0.607956433862245	681
-0.078981001322664	0.733467700826023	681
0.01070834722861	0.31786546791292	681
-0.021531483994736	1.62805466961832	30
0.038123231176719	1.37267456114256	268
0.04170200439407	0.919742447981561	88
-0.04607094067095	1.08818618569899	40
0.122613075671547	1.49679015561339	40
-0.072938820456761	1.34057855753391	40
0.103795744512634	1.82272588695799	1225
-0.0764921080136159	1.51832352974572	1225
0.102974220881818	0.705809755945723	681
-0.068564425582155	0.846315455069686	268
-0.084635869770663	1.04885964006814	268
-0.105203785460279	1.10765156237958	268
-0.030877037647096	1.23757422296012	88
-0.022104089632995	1.29346665499324	88
0.103733354750472	1.68058481886999	40
-0.075451295764989	1.2783542629008	30
-0.070591762924493	1.50706005715531	30
-0.115558225644781	1.72963419642511	268
0.019963984933748	1.34334184198265	268
-0.096970261872039	0.98838538213988	268
0.013482345302067	2.25264302131869	40
0.047636366118245	1.42956558823797	1225
0.078042350733335	2.07728118067475	30
-0.122725034127568	1.5039724973047	268
-0.09514395715997	1.58666027135909	1225
-0.049089594357239	0.95769312169117	1225
-0.043985915724513	1.02872979149658	1225
0.061246885345731	1.31178192799568	40
0.0175367256626821	1.99382423299509	30
-0.0475891178708791	1.40804723813665	88
0.05408169573434	1.70908065062137	268
-0.0668206924070191	1.23640962987868	268
-0.022333655707842	1.42556299935934	88
-0.040476807564877	1.20666632436508	1225
0.078253121763261	1.53304600716467	681
-0.070710626611229	1.29622645450215	1225
-0.00697056261630602	1.20492600273057	681
-0.121509652849094	0.859565598807837	681
-0.109670497608064	0.910841434297587	681
-0.062146594261528	0.638673720886235	88
0.075351582493431	1.01527500148845	681
0.119070852665162	1.0565076471692	681
0.054112301456856	0.999774446119077	681
-0.103298413298022	0.830921917568384	40
-0.106704029036992	1.13288775068438	268
0.101597663891973	1.6493982567336	40
0.016420592090413	2.12790505049404	1225
-0.010985048406013	0.855119946921073	681
-0.108900030812242	0.822369021443879	40
-0.018751026373914	1.67706081155224	40
0.093765058072663	0.451770895521546	681
-0.12477735131024	0.596644079333604	268
-0.048938075137164	2.25062870178786	40
0.101084088918968	0.694710498395626	681
-0.10182702143896	0.72757003829311	88
-0.018446052483386	0.672120154175764	681
0.047609609799087	1.06646466577873	268
-0.07951342454101	0.995158090264348	88
-0.096231897713274	0.690591374637005	681
-0.113151699628881	0.507332241875725	681
-0.118040042517046	0.298607007805695	681
-0.033761050646092	0.756440925885577	681
-0.061431597885207	0.834430803741909	268
-0.117660630138975	0.716827077716169	681
0.094211368598132	0.453251119625554	681
0.103119575589752	1.19494736276185	268
-0.114506017182559	1.93402985098628	88
-0.116363779445742	0.626826569609539	88
-0.054853888782573	1.09885730258193	1225
-0.113113058135833	1.77309200317134	1225
0.083695124134066	0.806488567912088	681
-0.025498824034126	1.0409554884357	268
-0.01663170847791	0.658813687070983	681
-0.0279541967285371	0.519383975496759	681
-0.0606147983795851	1.52690140728875	40
-0.068463908240991	0.861716152768428	681
-0.101544360725887	1.3757499652624	88
-0.042982259947269	1.67873477703897	1225
0.11411219909384	1.72370363513956	681
0.077189339954486	1.12846366172093	88
0.111947077043355	1.16179951910972	40
-0.061307537080741	0.850844536931629	40
0.10135957779583	1.53783386835878	40
-0.055152398528031	2.0387122612045	1715
-0.038097703166396	0.914100795007391	681
-0.114085530215007	1.47498274675828	681
0.002392803355863	1.15197342915983	1715
0.088872082522438	1.46850026065893	1715
0.038745676827213	0.818121289669191	88
0.12169581347859	1.03993722372476	88
-0.103621470740996	1.41724633488936	88
0.051045934475675	1.3641491734793	40
-0.0137544442134721	2.18692261635747	40
-0.00564864933498799	0.65508727565641	681
0.055748440934894	1.52583858556386	1715
-0.119808432761258	2.23619744636318	369
-0.055009643699548	2.10567899109672	40
-0.092932671205631	0.645404275517524	681
-0.04906611198248	1.55693787880562	1715
-0.028011284804179	0.544038398429447	88
0.076620887109133	1.73243298679335	1715
-0.11452010992323	0.630435570787519	88
0.00609825773877804	1.72912931857884	88
-0.056912549145664	0.939385854443874	88
0.008622960269141	1.42878750685561	40
0.0449936920053871	0.863734764399436	681
-0.069002968377473	1.26290267766778	1715
0.073743052594947	2.13898243105749	1715
-0.067244372591501	1.97556534200343	1715
-0.121495136364799	1.51049424700618	88
0.113967022803907	1.00712839793722	88
-0.124974791491159	1.35804002597223	40
0.029020544353458	1.05477716392192	40
-0.089553348251724	0.505600395237526	40
0.083066070374394	0.945274784129193	40
0.060629557761141	2.46943909325373	1715
0.00839453970272897	2.057647454913	88
0.081520474652211	0.942639203500697	40
-0.044647589240592	0.74457231160566	40
-0.035011665363674	1.38007492608551	88
0.031214961495949	2.13464548896699	40
0.078078452189191	1.11661680668745	40
0.00983480879617005	1.290339869202	40
0.002425220015281	1.47883680503633	643
-0.05750258944194	1.21409095764494	643
-0.10142645588359	0.883743831243247	40
0.059772156703793	1.24297727285698	40
-0.040904514854383	1.33317455546658	40
0.100873439411872	1.94921729286365	88
-0.072367888861775	2.15358307525212	40
-0.094270976455328	1.03214054442376	40
-0.0807973976012381	0.753458261935009	40
-0.093432037258363	1.52881374022308	369
0.090657574316859	1.94884868513942	369
0.00936749948521298	1.37341380654668	369
0.054682208343904	1.66453305447346	88
-0.124487450460573	0.633071467538574	2273
0.049216320917984	1.14705131837139	643
-0.060650146273153	0.661622567875999	40
-0.089350492577861	2.12626551509123	369
0.033656915191838	2.42305556846968	369
-0.103892640914037	1.53889510627893	369
0.099357640632752	1.73873455974784	369
-0.083507479725487	1.39713009002605	40
-0.118985499316666	0.967482561073182	369
-0.061025371974729	0.721598886024897	2273
-0.021820743932456	0.822094603099066	2273
-0.123976886264758	0.517372886265337	2273
-0.098037328748152	0.640246246722718	643
-0.054880296780936	0.756686024028649	643
0.037923284074519	0.769571269448892	40
0.0807873340623489	0.898510369123933	40
-0.117437394679696	1.85275674533026	369
0.083700468704105	1.54170321021861	2273
-0.034177659964718	0.874917361591811	643
-0.109443794504306	0.86804800943214	40
-0.054818559189415	1.09875215233704	40
0.024342481801477	1.62822215739174	1374
-0.023290304606885	1.02537264027786	1374
-0.024626685015421	0.539738123279881	1374
-0.114831459879728	1.25658660687899	1175
-0.07974047341914	0.534731545816204	1374
-0.094923382091052	1.34979031975193	40
-0.118544598976719	1.26144050170056	1374
0.124308180515495	1.71788253149225	1374
0.034184788205368	1.12300429100286	1374
-0.118118423700611	1.38944522143573	88
0.088202308272071	1.27350386735061	1374
0.051449015369246	1.19459319959116	1374
-0.056295097008815	0.937336780463617	1374
-0.059992693331127	1.0015793707299	88
-0.012429285890426	0.431543650696714	1374
0.10547033505465	0.711291645021824	1374
-0.114466603664693	1.60025646757122	40
-0.049749775893797	0.823209800346768	40
-0.0514801213396841	0.661168857907251	40
0.037337341240831	1.25363248795751	40
0.040513269709484	1.04784225845581	88
0.070843194167898	1.41264381606384	88
-0.078464019456711	2.07475410258267	40
0.102263674606563	1.30380124452121	40
-0.119194850228069	1.42331478643642	40
-0.09229519044986	1.70019897201063	40
-0.122754756534533	1.95833421695868	40
-0.01257991097307	0.942385717732752	184
0.046123879075414	0.546182597686156	184
-0.02065634763794	0.548500568439994	184
-0.103745740796708	0.802738483333819	184
0.034057858170951	1.55309999345097	643
-0.122280648558266	0.866543518168518	184
-0.015275522461314	1.49556191191846	40
0.083479189393038	2.39905925284935	184
-0.071924012659108	1.83388160882772	40
-0.07066201068375	2.40555408594509	40
0.079999196976576	0.812499985470973	184
0.00730288147277702	0.948160415796555	184
0.00444822436740999	0.313196978201498	184
0.071585818805435	2.28117315958979	40
-0.018534318217963	0.655573389887883	184
-0.077421175682985	1.30880285332368	88
-0.09188663410163	1.34499751202744	88
0.013741620685909	1.9817761614131	88
-0.082811768562933	1.61004320917412	88
-0.0831850390622511	1.86267465931096	40
-0.051370367488455	1.43809609469934	184
-0.075515694791084	1.69142305858305	184
-0.026524095137147	1.98845667912489	40
-0.0824411415484571	1.08455473953852	184
-0.0988594333671809	1.05234768038918	184
0.051709710884667	1.50227816427948	40
0.042576281217134	1.24867221395104	40
-0.0229232708063301	2.10599967789452	184
-0.090199944918819	2.10508430956491	88
-0.056923262645336	1.95725639549744	88
0.00709334029119302	1.38812296479519	416
-0.083044698840367	1.6589621702621	416
-0.097495278178219	2.18676622988527	416
-0.028194255536466	1.43124789961086	88
0.02800799702137	1.09724421376002	88
0.0673407444820851	1.35158481429951	88
0.0449242948155329	1.44136441839978	88
-0.083597460480072	0.870575203029648	88
-0.099391347663483	2.01855782273463	416
-0.112202635753976	2.45008720643221	416
-0.118718877056502	2.1333055760967	88
0.040230168966922	1.69082678993597	184
-0.037696521115924	0.733696747609922	184
0.107994190636121	1.56691541847534	184
-0.036629574627862	1.35379043602527	184
-0.095844624631502	0.810761368385917	184
-0.072705012788463	1.47852267269583	88
-0.101529485045686	1.41864856193725	184
-0.08051544823349	0.733535099350364	184
-0.08079479548142	1.04929424660425	184
-0.11941368364863	0.297919373673288	184
-0.020842622311968	1.12616291917986	184
-0.039670708104426	1.851121263866	184
0.084288776685281	0.830673056965056	1239
0.0673521380425211	1.17115195595105	1239
0.100588643566996	0.72032861291533	1239
0.112868321612418	1.15003880556975	1239
-0.072472397053883	1.46360296504853	114
-0.025143398857851	2.24750440566401	1239
0.031726384820837	2.45029205263066	1239
-0.110792266918725	1.66897629795075	1239
-0.095409665885996	0.730222668158348	1239
-0.00890776538549198	1.20575128008436	1239
0.062927476813863	0.54640482789758	1239
-0.105999265224893	2.03601895267017	1239
-0.105505304391001	1.05355474826979	1239
0.054024755477244	0.56198360796076	1239
0.001913990276734	1.49078766012286	1239
-0.104713525885684	0.982153060680407	1239
0.096057184257197	1.1080459524212	1239
0.040287208762071	0.790300510091031	1239
0.040132291278331	1.20374441044992	1239
-0.017701837009801	0.406727175954564	1239
0.062246432256971	1.19258310104641	1239
-0.106661186163989	1.20613011015581	1239
0.089723239283155	0.446178315420123	1239
-0.0726624902845811	1.68745889838327	1239
-0.0367128951379569	1.02040607418649	1239
-0.023071170057094	2.14766975612687	1239
-0.068610615517517	1.29553414421911	1239
-0.066038873652494	1.15643883254742	1239
0.088316922483793	0.842206697604494	301
0.061865522646385	1.59604162012807	301
-0.068458554710391	1.20733620604107	301
0.034398409318081	1.50546402931798	301
0.099539431524251	1.45539171146425	301
-0.024230934098587	0.878202152840012	301
0.077107669666452	1.47381931551662	301
-0.08930711630745	0.714697776478768	301
0.078417231957943	1.57338879091439	301
0.00761525428814003	1.66207788596056	301
0.115054637979184	1.14143529435102	301
-0.055651365292642	2.16560346568832	301
0.040745130174326	0.70374603456585	301
-0.06663851327268	0.749861727491226	301
-0.053846920118541	2.33047984398781	301
-0.056209232008973	0.628179041964312	301
0.0226219218722969	1.00365307925394	301
-0.107353957616563	1.31186582699399	301
0.025620521607039	1.98743753585994	301
-0.034128673116413	1.85559246239583	301
-0.00718400709811395	1.77400450140495	301
0.032419395176799	0.745321310731725	88
-0.028079282690019	0.775793721869317	88
-0.092615100682931	0.654816092465589	88
0.0941430853881861	2.1284938750606	88
-0.11273378444845	1.65291523463091	759
0.105365716871668	2.2587426906667	759
0.122123115499921	2.2208363463271	88
-0.116303583598734	1.40917455701856	1477
-0.092812867267004	2.20209082091777	88
-0.098076084125134	2.37841754117496	1477
0.099823488837362	1.71272585540228	1477
-0.015512473147299	1.76711885967131	1477
-0.090564544513102	1.42938814342214	1477
0.00432094822087803	2.42575305307982	1477
-0.099683120917057	1.67574234989841	1477
0.067617567499263	1.72006267001444	1477
-0.102964012574369	1.16863432965358	1477
-0.071385637132848	2.28798703917486	1477
0.103491907965816	1.23593673365938	1477
-0.0403210263805111	0.938020955621795	1477
