x	y
-1.05968399241048	0.899531431761508
0.240794970647714	0.156997156601825
-0.398134972282894	0.246579777218811
-0.25592958760907	0.271982188658054
-0.419534721195677	0.495780992828966
-0.354086723989622	0.445392931607267
-0.117828858062041	0.173458592692809
-0.531402359553885	1.29626382168502
-0.183840017214245	0.281626225701827
-0.332191104561565	0.389309205649243
-0.128531398009266	0.126654327028825
-0.399114801130642	0.691176953265233
0.422930521097279	0.637865959669004
0.246871570610342	0.360807841454713
-0.634165504100359	0.820143821209518
-0.652376446027144	0.475514063034216
0.267217616838031	0.148341254252586
-1.61468457372718	2.14133830693067
0.3028679626967	0.388991450042401
-0.314464002826452	0.615243689956484
-0.102464109814288	0.135561837967328
0.16447422411054	0.21067024293028
-0.00124479892014987	0.00178491589430988
-0.132244252466029	0.202412481738899
0.349465388217336	0.620032055397798
0.00713025387196126	0.00897021226408081
0.291516228481285	0.521192174672043
-0.192096801039602	0.376146933389194
0.617362307733304	1.46741953984858
-0.168904746619743	0.284268945193817
-0.102245430618748	0.138058024703734
0.401234425877736	0.382219843990312
-0.0703207056786684	0.0738847550037057
-1.19198741681237	2.15830395237108
-0.172747964684113	0.272812854518875
0.0348770658452287	0.0483745518099847
-0.329096313289056	0.788091806189353
0.125616557968615	0.220647199705518
-0.284441896639984	0.602879416282646
-0.268339807375224	0.554392644478576
-0.230005798102768	0.446170309994995
-0.106083419526175	0.170834451650071
-0.115839820268706	0.179082090663407
0.0956777961788805	0.0411536887586267
-0.537882891151937	0.279150249642102
-0.699951006359314	0.806558918971715
-0.419732745924392	0.411261792755769
0.128603099309479	0.126311847756618
-0.0559265461703186	0.0766642250473854
-0.0314924859505454	0.0353717523590353
-0.678327094856779	1.37852562202371
0.60469065655396	0.612638406500236
0.0871849187602247	0.0687295908296946
-0.421058833468534	0.554089306429908
0.191481070710533	0.221718552126202
0.197446368967839	0.199561452166844
-0.272843877196092	0.275087609383663
-0.556781378470635	0.280634445585398
-0.850727430084574	0.557642849232468
0.094477975121589	0.0472645347495874
0.103674465353697	0.0877369901566198
-0.143243420586616	0.170224183400167
-0.275223895540036	0.388906011469009
-0.00802459484721739	0.00788750396008315
-0.174080780741998	0.283857844984684
0.103693240795692	0.159760232217516
-0.27669984234029	0.521734524191938
-0.210057908042014	0.343991543490519
0.575438677905798	1.1976864474698
-0.0150290303009337	0.0190190946904535
-0.439892438452495	0.894419994781764
-0.0981758807739328	0.121006859263784
-0.0450024276387505	0.0479332066942328
0.0908130515278033	0.0453616589700111
-0.308275012897759	0.277101429525971
0.362342279859038	0.402015576060813
-0.131986178174075	0.179208403949693
-0.256083061840233	0.48408197903658
-0.367606210008007	0.860069320213739
-0.205355080245244	0.396520645186376
-0.148151006184317	0.287153039719105
-0.143582775328256	0.275142780173308
-0.148363667434578	0.25131387020861
-0.391551307243605	0.916654976474151
-0.0457721847464986	0.0673444529679198
-0.533244528042215	1.44323559297387
0.249049751362631	0.198210231312386
-0.20792834525198	0.121511198495084
0.798771444392343	0.556157517481166
0.095673106400756	0.0499501180079539
-0.333635542285646	0.287225309227145
0.50504007458749	0.546960896387581
0.580503966521972	0.704285586179816
-0.446181528299201	0.774999270970138
-0.127411460395653	0.156099303122759
0.216047823662276	0.322588908219896
-0.453380016738343	0.420359133838659
0.322907466174067	0.3016129870414
-0.46073729214882	0.642873999907003
0.0776504591865139	0.0758067221599939
-0.013182596043945	0.0133064775079842
-0.0369171064161485	0.0329080625291283
-0.848232062414131	0.836777992390026
-0.0120201795100183	0.00976564539802511
-0.364131041588525	0.341121091408189
-0.0927619520623685	0.0774269095201846
-0.615906532771607	1.14069373843452
-0.524889864175217	0.80962731359078
0.0848452405051512	0.0866023857580544
-0.599139572177024	1.34919442519062
-0.092064462561147	0.135100561503222
0.156685502730693	0.246311840198411
0.217325920073591	0.364962806813536
0.118287479206318	0.135928010670506
0.246767582666728	0.438830131441254
-0.527848845259253	0.939869114947994
0.500762124377054	0.938130767859456
-0.211590456732086	0.231425937472736
0.126632190266508	0.0820502029720725
0.121904236958799	0.122760311064738
0.237494512202556	0.249262214760313
0.437071957447368	0.819726043018391
-0.576789757473438	1.52686136462669
-0.124491636848545	0.231469056472861
-0.229175797169688	0.462037706061224
0.0408393234700709	0.0633888418950009
-0.545896460219539	1.53787746581697
0.0740501875949694	0.121838692712136
0.00935612058676406	0.0136525352186835
-0.336176881465687	0.788473734131253
0.166810004511183	0.275621730245637
-0.380717866362724	0.915772331570415
-0.288338005456896	0.613955941508319
-0.24851318508142	0.445495583652961
-0.331911440393682	0.50448734176166
-0.94763226778701	0.912173930082469
0.0624064523047249	0.0441252137979047
-0.139670353420219	0.088546884110423
0.240226945272916	0.134537926473462
0.569666557616235	0.49483457848123
-0.249001711188622	0.136595885353398
0.311380669166317	0.271360736185788
0.0349201307764327	0.0267701676332731
-0.261432598576744	0.260317239896115
0.178849913197809	0.232273562043965
-0.092120268678072	0.113960124705628
-0.0785522075676686	0.0814624488164294
-0.179286976902091	0.16024097856788
-0.0423887143506148	0.0297878282490465
-0.0360959696177239	0.0318138786438541
0.388377210733671	0.4033915070734
-0.306528020942188	0.299055606177389
-1.1454695473134	1.3430632778091
0.246906132779387	0.228078393621485
0.168504616661328	0.14598532054341
0.00269298104129462	0.00195120638069957
-0.105951254163152	0.080630840952154
-0.156500262048383	0.0649394601145205
-0.113410241355501	0.050182902405507
-0.753197892434009	0.606427847863817
-0.388876093752749	0.339457891731554
-0.207882605994049	0.242962469599431
-0.0808697676747301	0.0887010226696035
-0.0417135439171486	0.0403507990847885
-0.0807692431503643	0.11101377000951
0.513198314242678	1.04121424406797
0.223135361427574	0.357700556028393
-0.328006161409109	0.610553326855115
-0.525592312617536	0.921606026805643
-0.0364732932655214	0.047388597862711
0.286672572444831	0.406656343759711
-0.0297449619998236	0.0345654928475204
-0.615802526850929	1.02954346498261
0.22841974153057	0.171981747399087
0.625281754532485	0.709172081916424
0.378190371181391	0.374430878630197
-0.652328248809676	1.25603040403479
-0.150121805783441	0.21486149249617
-0.238368754061268	0.521727248429726
-0.144337224728325	0.257070039228998
-0.0382285757007673	0.0624514458704833
-0.142029922282395	0.237329747673398
0.230599757384595	0.454560690504261
0.126039802708717	0.210658883438981
0.00507102653333487	0.00687031284318637
-0.429963261591317	0.922869177516077
-0.109738310181156	0.171682494099275
-0.0901733088317909	0.145575975731567
-0.179775613800851	0.303537499477256
-0.13799744626187	0.205536951130349
-0.244863585238271	0.314380484473702
-0.0254903611448977	0.0204480618084554
-0.0507469421962844	0.035117389976038
-0.400432138167213	0.230542439991542
0.46374821221195	0.502957263620093
-0.456721119121792	0.499911741698778
-0.305102287424829	0.477765212134307
-0.0464161481853366	0.0565581406440614
0.0375407870067704	0.0329643149049085
-0.0211609663361886	0.0146907578419058
-0.147930950466326	0.118756958630812
0.497622129119241	0.787834451074806
-0.114748672693352	0.104880970634857
-0.268096519388057	0.307579988453646
-0.522065794227602	0.51481506642558
0.234692982859353	0.163699230030219
0.522416925688613	0.563077819727868
0.365671764851565	0.404237134141331
0.454875337561452	0.459415212005881
0.602534338605572	0.391732017351831
-0.457666088301516	0.193557737183597
0.0895250986609074	0.0409197854883424
-0.54962043901165	0.29400595335634
0.0919719929104673	0.0454524829083878
0.266324881863247	0.154606076567885
-0.556763867286045	0.730836468174899
-0.0196876647402751	0.019835172982917
0.693327264918325	1.36403891041772
-0.195441348462047	0.217310602198222
-0.0678541527944996	0.0854163756579115
-0.256219375016704	0.422058009747219
0.1112176628843	0.168160835213673
-0.111958818549181	0.173440671731002
0.400084502523884	0.678307463600208
-0.19985842966925	0.327439923574874
-0.311244701693314	0.448112554161095
-0.245423929720284	0.352583162771139
-1.04333433366757	1.9308893239601
0.518957832821076	0.394719608972752
0.902233453933871	1.27110881598396
0.426874711027143	0.494755711947154
-0.358127069031552	0.537150379276844
-0.245164426695422	0.470119650679621
0.257530466260082	0.573414975647405
-0.246255943389531	0.508366550274433
0.132514971379218	0.216488489166625
0.33519700449259	0.785382722616225
0.129697474561801	0.211715898891968
-0.332504914990567	0.803406488541825
0.0564442473161729	0.0878030212384118
-0.383506585495986	0.897131043868273
-0.260884958060986	0.52251097060674
-0.209146500761529	0.404036693659541
-0.0499694577738236	0.0765014265186165
0.155507519890799	0.266996731232678
-0.0346178585648507	0.0497341180959696
-0.464216581781413	0.809965073363745
-0.529977215248085	0.608713635877258
0.00179704426112235	0.0013283125109917
0.0157383050802922	0.0136839152398301
-0.160230232421545	0.214162454670375
-0.0876860327875694	0.111122717516412
-0.222923856686397	0.307650794006403
-0.68904717638995	0.62152299630989
-0.468302506272757	0.491861935761541
-0.489103506591362	0.693918157253644
-0.126094360165101	0.125542302059964
-0.426468533629505	0.558384469521052
-0.012731544685962	0.0104407695118848
0.791997321497859	0.791961111589279
0.317562057358269	0.296867891515666
0.794186752558783	1.12386926103983
0.494979155686042	0.580859286444042
-0.367117308428828	0.170579736364939
0.852832169548165	0.432583149019513
-0.703756757940169	0.4197790947575
1.59588716987571	1.44044763927647
0.550948764395984	0.260245080681549
0.842319980187326	0.676358210915125
0.526334319772313	0.606958966026176
-0.209007092128624	0.260948184367366
-0.178992040842884	0.211478656998886
0.0772980266985536	0.0760196932341342
-0.161108164044501	0.248018233244724
-0.0236260389018267	0.0311975723052781
0.134555036783025	0.230615761998967
0.131587353163772	0.213007834418869
0.190017248812736	0.298282272468935
0.646432654752982	1.65487073344333
0.232111234388183	0.295628936552573
-0.0894525092395585	0.121418656762272
-0.197337234486073	0.249389643714597
1.17907983949255	1.09846600877301
-0.109911471132982	0.0927230378431178
-0.475800792540471	0.546043104369998
0.398719512355972	0.748420804779376
-0.298057342905866	0.553396956718665
-0.00411965602873585	0.00577265122458149
0.244479641441866	0.528946323272535
-0.211302555617188	0.426531149845894
-0.0711636774692467	0.128485001938867
-0.413937291574309	1.09686229861056
-0.394262851848426	0.970541250564763
-0.150586852706305	0.280703496803493
0.208858302554829	0.398265859413398
0.232080219527877	0.421257547918357
0.480313940571708	1.38635034863598
-0.0733145178004719	0.11990798343155
-0.62278353851368	1.77928145410728
0.121978036381385	0.185755468750585
-0.262751626307583	0.37725577299145
-0.459546100735633	0.534721926198856
-0.316578772993535	0.540528027165019
-0.0442337374406463	0.0243139279744432
-1.00783616219521	0.63708481508894
-0.566615701700935	0.437602894870766
-0.356909596917001	0.370762001391815
-0.15205182174111	0.135549979076829
-0.531719812049344	0.841031243706738
-0.0803610473099234	0.116725166780345
0.248452014336695	0.39860244741997
0.306162898324075	0.420519713201605
-0.182328415901877	0.190731891474574
-0.308240105303952	0.27947799486832
0.395487041128436	0.643322264083869
0.111831951232804	0.123504629003979
0.16095041510682	0.182380266826989
0.355597033518412	0.401126207334243
-0.764899752973708	0.637587876408941
0.783033110288835	1.13722635890759
0.608734237415194	0.851601487385765
0.0520954112681306	0.0429117335981477
0.780215116924728	0.725740130877953
1.71421666396199	1.27802597704065
0.0885600823677317	0.029660827823086
-0.301274042392179	0.154232580239968
0.0938122685240065	0.0398948055012154
-0.0601130112111566	0.0397284385807208
-0.057204189675485	0.0506303831224546
0.0528277376519576	0.06190762452116
0.00798177501229714	0.00760334808518953
-0.0401335218141395	0.0392706081581012
-0.196794593052012	0.342639707234359
0.120998736606378	0.204650151576438
-0.156208288820205	0.248214595643274
0.102207101810303	0.155899160763851
0.102277599231283	0.154057352198352
0.377618231218851	0.867162273881167
0.0942807782830317	0.116735072716644
-0.0517531619509187	0.0688689897353532
0.353197250612758	0.570285518303571
-0.531786692225202	0.467400447213376
0.330275901204322	0.406386124448902
0.165886304580066	0.163897386489198
-0.276664905493382	0.427446151314768
-0.245707040174263	0.45715476591745
-0.287355037109385	0.686107196611736
-0.364490998658984	0.864342619498872
0.0928610594983996	0.159945743519779
-0.0850034878567429	0.146120118949236
-0.379667139762603	0.93097426199914
-0.208741635243726	0.407429179407142
0.115678208261542	0.196100369520889
0.155700027499932	0.275952154080517
-0.0370043975228553	0.0500559883878838
-0.217152592102352	0.442801829019898
-0.261173768475796	0.524108759799507
-0.257167739825065	0.524860119796151
0.0753177863632932	0.1163505700538
-0.366196730523784	0.628737657724094
-0.263746635506055	0.281851404641004
0.399224223684876	0.558593355874323
0.220832209055364	0.288396017189669
-0.443423747260036	0.737632360319495
-0.0838714097445928	0.108296865569316
0.0690783446762986	0.0876253583150231
-0.0125233241075135	0.0161655358363888
0.19362254209598	0.29677400707784
0.117071357750694	0.172151544666386
-0.239321634539923	0.383879435384462
-0.0000178079732732539	0.000201748537618478
0.247012584254091	0.384796628147591
0.0951997232941592	0.13479061118083
-0.114947876159901	0.149660879795069
0.572543074921303	1.11479615925911
-0.267430311630251	0.403340090767994
0.113733826044706	0.137711256875933
0.397953214185766	0.70401386620272
0.226591083939429	0.321694060904442
-0.437500977456643	0.550688901965607
-0.0526991046339847	0.0482860706512492
-0.468738831045793	0.695461025328495
1.05253497130437	1.71214749888649
0.395258371142145	0.532654013798727
1.00955745916388	1.818435904374
-0.237584542202074	0.296309029058533
-0.0888639397701118	0.144073080594024
0.250694908433777	0.376684068637579
-0.11714024673617	0.180289801106536
-0.011078511030238	0.0138465822921762
-0.0844856111670193	0.119867479559632
-0.382488055801903	0.661604228823733
0.217550596561665	0.35041481358827
-0.098529792188863	0.179180506108593
-0.196468193403837	0.372209024298077
0.0749933647055764	0.13442115360239
0.0987426238651756	0.146547877056134
-0.431595654369561	1.01972392935476
-0.113466832019954	0.171720848735269
0.155572762861084	0.248188679847112
-0.378966476502838	0.794580085651735
-0.134272998540722	0.223368685401029
0.186394440605416	0.275611873074157
-0.187067729917112	0.2704522420427
0.441326776076556	0.783572463041525
-0.0431928988375275	0.0489174228216404
0.29428915410416	0.502752929272017
0.177525185854452	0.250063863471989
0.34253061586168	0.595282321018104
-0.167462806642863	0.251912428544108
0.148384229301083	0.218500977331812
0.193376479069536	0.279969962132577
-0.268037210380586	0.467202741418052
0.100775842091474	0.125903882320526
-0.198227856238433	0.284014426497724
-0.251915521250468	0.460554987897245
-0.379765530105696	0.82905902182221
-0.458635898072758	0.998119872775034
-0.383201683980601	0.739694142098223
-0.248991716702829	0.443485331879894
-0.223075534226311	0.461244749788379
-0.114772528709368	0.106863656639315
-0.316095306630648	0.258208254277164
0.450087916142983	0.384845823417629
0.655016119252286	0.736895320582315
0.0669066970599577	0.0742434623152745
0.102133906072848	0.108431021787804
-0.0470084369217379	0.0550676713519682
-0.11323422323157	0.185282037251429
-0.149029417296649	0.243541208320572
-0.0960452806378123	0.133371700885806
0.0306589131671527	0.0309298750348605
-0.377433269631341	0.519041224171958
0.0671891386767475	0.0858738322244712
-0.0801005473206644	0.103368109109289
0.291853189023987	0.506642423077331
0.819466152508739	1.68737705736946
0.454578942602203	0.662239429261498
-0.0496888290220679	0.0562713376412067
-0.497965380725993	0.7551015360993
-0.191090575339624	0.246623066960361
0.663614798303051	0.648880245326316
-0.696604271429676	0.717267741999495
-0.348165168626149	0.313582553195721
-0.702319816598176	0.835202974823859
0.562723473911168	0.519380824393668
0.882665664042664	1.29489522477085
0.318826959895353	0.37597076848627
-0.120335284501237	0.181239887954758
0.111325190208634	0.153607219482726
0.256602015612207	0.402427571500824
-0.229903251603934	0.445131058025881
-0.0871177601798203	0.139094101547613
0.418326621990959	0.818964761137716
0.0174424152883313	0.0234581397219991
-0.350362573411199	0.729114110478495
-0.0321520556895675	0.046850790707628
0.25574714792412	0.489814871637673
-0.0208247392891693	0.0294774102985266
-0.203392864406226	0.337749674840214
0.356052957208637	0.486290314093218
-0.0160179323747246	0.0188874005343228
0.386833356243923	0.754436091049262
-0.0363025576272731	0.0495529816492226
0.262867594261524	0.49252259269423
-0.320140526949169	0.595168088148311
0.167403989350882	0.249028482738599
0.0716319233305731	0.102803168537004
-0.0188691698884889	0.0236786061820531
-0.061883740731533	0.0794913547431781
0.335955470053868	0.587836277991001
-0.169597018582888	0.259663581767873
0.0222558037598786	0.0284313635421655
0.277121778462699	0.499379876231231
0.18632603006943	0.30968794342933
-0.140790860077311	0.19081546165852
0.174119274089811	0.252871328997755
0.0661177781032172	0.0955712851166667
-0.143029210162471	0.225349336215394
0.611093077142822	1.11694325467436
-0.167656599822578	0.268543187729257
-0.20550376232766	0.379850676148438
0.256564622759291	0.485919453257015
-0.677737501885788	1.98941555851962
-0.0870408952193773	0.0867047730759499
0.0463036465155459	0.0368491370915392
-0.139724950756507	0.112592556801261
0.132570334658179	0.0962213603902737
-0.639020051660618	0.691278708367798
0.172790140944908	0.196438273847116
0.480014093265282	0.862184264881289
-0.00336345364911126	0.00392250294898353
-0.241701057479097	0.446632150322011
0.0448192098513494	0.0617511514140908
-0.0158163228098309	0.018988922041042
-0.0608701495270229	0.0631294391185662
-0.0179655006100729	0.0190274872257225
0.622545166837271	1.35791617619682
0.614555539772988	1.12334545965295
0.301798544651956	0.406062195576667
-0.698371625931093	1.3189995520021
0.509176557759249	0.677768934683272
0.0628433228621672	0.0660093569160366
-0.0757819231040169	0.076273506234471
0.293815062451836	0.392559802811514
-0.514141221746473	0.615605868818313
-0.0385379847568402	0.0305374165339098
1.11071762942098	1.37967970135389
0.24588285819828	0.206264523269586
-0.470001772951231	0.512588446470427
0.233156536951365	0.236563554805602
-0.638179155497109	1.06631245212531
-0.135628141617246	0.192326437357309
-0.0272830640712697	0.0309558097085275
0.644230301101282	1.36946923879059
-0.231655447127895	0.423287487479736
0.295898476055836	0.557429205538916
0.600927581362712	1.47360324195484
-0.326442146508748	0.626807452989352
-0.183256375209889	0.298530148011235
-0.403663284701476	0.943323227461864
-0.176827555204323	0.311501922714813
-0.0582305380422266	0.0878928071802066
-0.307776896387413	0.520803835615869
-0.451643704420381	0.572964726800587
0.0787515739686597	0.0881092889378441
-0.226147963665165	0.313448090361324
0.298216797436294	0.5787544350383
0.11485327958023	0.191747509678282
-0.0949758880154657	0.142632313814785
0.260242556537179	0.468773804273568
-0.0234930776481503	0.0321551186423428
-0.145273374959213	0.223183296036322
-0.120316511482188	0.164355740807602
0.147080014593366	0.214292758043704
-0.133831115000848	0.2054444186639
-0.595564797790006	1.4285585098528
-0.0353979121543088	0.0462493759697824
0.00843362498302367	0.0115322141940894
-0.577590449722749	1.29471754855184
-0.371578300414884	0.738863160382567
-0.251125162738125	0.472494741454812
-0.163382083370675	0.23558148446034
-0.614548897058601	1.19966254229462
-0.433172235761607	0.815940125213234
-0.262637257534358	0.451049343789146
-0.541778178464071	1.31092602492316
-0.0861200836765626	0.0988429685971525
0.225905968713664	0.281687047489496
0.0617570304211444	0.0674514065517872
-0.242193666615703	0.259683255111326
0.168714054678001	0.157111503208305
0.900016983458855	1.27702969672169
0.034106899543993	0.0275550730901507
0.178251231007124	0.198990009585462
0.0284834039728061	0.0319524845667498
-0.0801181651587117	0.0945260276871915
-0.401176954413154	0.638954849353432
-0.256858122169277	0.365583089122972
0.114402189094265	0.161875300235248
0.333451313028451	0.553642925896692
-0.341522304463745	0.578102984407779
-0.126856353534398	0.175076528837911
-0.362977308257659	0.568192111616996
-0.0876918188142679	0.102373895456233
0.478451091858858	0.967364663060035
0.0235332726630394	0.0239602397458693
-0.00514420325071224	0.00568743173458733
0.221536348524056	0.320470630332405
-0.335923901670488	0.440732047399046
-0.515801965579078	0.88358123306466
0.133888795612056	0.161973846763619
-0.883850311348652	1.65030368045212
0.137314887234333	0.149634042874896
-0.672620908249189	0.991458767301078
-0.491344125350425	0.856192324069933
0.616459745653643	1.04857138367246
-0.387202734470074	0.495798812211796
0.0781207253890861	0.108204165160288
-0.119596379025813	0.121565326879888
0.347501225162157	0.624474024432471
0.290658764396353	0.557134676019781
0.217345557145091	0.37818797816987
0.45157632645751	0.915735599616134
0.389894503350743	0.77751111028948
0.206389576353569	0.342189454577731
-0.258626918155067	0.475645629741166
-0.0758026173715048	0.113401143253069
0.123688138146353	0.180545180215922
-0.529771750455351	1.29123926335924
-0.353515203962607	0.686022383159776
0.321332500973254	0.561538783952316
-0.00109667625363377	0.00151397199188988
-0.360797048058151	0.697743640131113
0.134025215448879	0.182511091416362
0.0926548461413456	0.132242921968613
-0.664428299094241	1.57935215985713
0.429346814532686	0.983658233217871
0.206144493486973	0.326695504735973
-0.249350375877837	0.339294286383623
-0.0919293219834632	0.131227259510384
0.0360663422855357	0.0491794008473107
-0.0380242223500361	0.0467560225318482
-0.0385641166141798	0.039593052245064
-0.0573124609558925	0.0746476929326521
-0.361134012877843	0.581312222964631
-0.194669767709129	0.266134851910568
-0.213334980998189	0.330726291582927
-0.171430742776759	0.266593430575859
-0.271511264744562	0.507678707590101
0.0473552956933946	0.0466103053799144
0.186405378066919	0.197022234427837
-0.442816671793677	0.545049168997175
0.0970535928951259	0.0814475768534796
-0.374875106990208	0.360234617147271
-0.566167822243477	0.683412799052776
-0.207709688322063	0.166120786897216
0.553570288783192	1.04257927476955
-0.0773059623309207	0.0896281107812797
-0.1603206775023	0.215054374732255
-0.109353972555671	0.15179855509386
-0.521909580893535	1.06799525209932
-0.188791242491703	0.291463525321722
-0.441804907856645	0.696235510451018
0.223888880744735	0.27825171331287
-0.340035835640307	0.557721469680101
0.095398481376884	0.121621460220371
-0.066170691433625	0.0736211309976977
-0.0756818758295016	0.0710121850617726
-0.23584664382404	0.284689323488679
-0.00848006248001586	0.00844455518293635
0.111690201813606	0.131622418407044
-0.263826494210895	0.338483391959566
0.353056661425763	0.374350727928069
-0.367570872846961	0.34967724344226
-1.12988859842213	2.29538035990169
-0.347218026237105	0.323656235612574
0.00495012755608119	0.0036111403114696
-0.0120625415113405	0.010471284704778
0.737185334298971	1.17263945930733
0.289343211082213	0.550786384712019
-0.186253161116774	0.231374440964999
-0.24867866819838	0.387269406403143
0.0833882123895303	0.123324249340772
-0.309824003587658	0.556608992244826
-0.487600195398632	1.14929502529644
-0.291390301175282	0.570022539140463
0.031134568654993	0.0409019099125843
-0.311115345775634	0.583952491378595
0.00385632600386397	0.00504233322315235
-0.321043605817577	0.680210440877501
-0.247495911384925	0.443558346864928
0.104297403674407	0.114089014547826
0.281172895926972	0.458200334094871
0.380655531305628	0.538591293665706
0.409006322983394	0.856928635731112
-0.138937127300015	0.206261356215304
-0.120079051496437	0.190310796492763
0.0121274377319344	0.0151452658378362
0.111506235244103	0.156513011847212
-0.166202105540331	0.281083521135094
0.0364128874879926	0.0470777737603634
-0.0407618121624733	0.0552458244791665
-0.679671291381114	1.79612274352612
0.587914734692855	1.31729524585591
-0.322538171269172	0.561617901904267
-0.141830494330757	0.19874942372633
0.584531517281977	1.32387824976521
0.214966654359976	0.359725285178866
-0.0752538779560807	0.105211536450918
-0.35685732724618	0.640219385016787
0.321822800421221	0.290803618417814
0.140255210139052	0.104189864778085
0.111042236189908	0.0661479752821635
0.361358476684449	0.259314648640918
-0.53733391407705	0.454245817075367
0.117260326102399	0.0776814626436214
-0.182764850918538	0.160120403431151
-0.0554631072080389	0.0433832340335493
-0.17809835029556	0.184106841307339
0.0118726324503068	0.0144122738376256
-0.131542196794867	0.178099530979971
0.282426672165568	0.438626362593364
-0.505272933756336	0.710656892470623
0.504771935145683	0.672862465366503
-0.570231311180606	1.12797651484901
-0.494343978004902	0.788694867073189
0.858440375095678	1.67539213371127
-0.448171374400842	0.596386819448012
-0.122119616206519	0.0951415182507676
0.288523198491393	0.314789018495661
-0.279845519151868	0.35150406233801
-0.963933689170911	1.74034205525061
-0.293106693501585	0.19610701770707
-0.25360418933114	0.140469176917304
-0.519091357662703	0.521706293152505
0.112612829969072	0.0702829618347736
0.908749360236359	1.15386313207089
0.148299395926526	0.118870614198561
-0.898949754793061	1.33517546114393
0.282193557885246	0.517348777563446
-0.517821676745472	0.692146688940837
0.0888679705588281	0.104933566950186
-0.0320509956058105	0.0400015407918141
-0.148416606602632	0.206454734797205
0.511554464865773	1.06054256021212
0.172257722014359	0.246128872642063
0.00706977292913304	0.00868486891938686
0.490752748115358	1.0975143447788
-0.227948486673958	0.356060079143629
-0.364931730249301	0.618375126938821
-0.368797462966234	0.557891532375522
0.520865260627889	0.583028561037734
0.130635585603832	0.13075514153304
0.735933386414486	1.37174829950626
0.270580217567606	0.43999997867512
-0.112723338154266	0.146608568825036
-0.574646548329356	1.36865654824941
0.502509943149071	0.980906271839037
-0.34140752352232	0.580220275839705
0.381825676409395	0.721421080107545
0.0080493142534743	0.00906555380045466
-0.0201275383936496	0.024673687172537
0.491721269566329	0.957990289011469
-0.0146000853200746	0.0168671305519927
0.165417177365452	0.210891604364524
0.0741923527319377	0.0874862287175166
-0.104944485860636	0.137059116870433
0.0213363704270334	0.025918043040672
-0.0438919495662305	0.0569383780456262
-0.305041173184291	0.5212286836143
-0.319985635083202	0.472471319989943
-0.166648637061753	0.199040871730719
-0.352285318891237	0.611100196225356
-0.425850270711699	0.749425807454146
-0.199410331472579	0.2194766841247
-0.184456156881023	0.205199022990528
-0.0593723114225514	0.0450822791673094
0.916198277907916	1.13246469429039
-0.461074337931335	0.450281054322199
0.678807706327827	0.741858754228263
-0.00590145586371373	0.00351831756156119
0.994802140848751	1.01016679884297
0.412763884551892	0.498837259072958
0.0716291295899056	0.0665007271835277
0.00368467835964901	0.00363402322716015
-0.446859926362265	0.997162942491464
-0.190430679617729	0.348616147675216
-0.0476325122767867	0.063783723329409
0.238292770631895	0.226397897337201
-0.307984133024912	0.33685909634053
-0.315081611111013	0.572518797347135
0.755836698814159	1.9338719063588
0.148216668518631	0.192151668444277
0.129389879645743	0.157421234902813
-0.086273169066811	0.0673654831885672
-0.621277891024226	1.03735693916971
0.242243096488417	0.293095637198335
-0.378933070174614	0.548764145719477
0.444863576659485	0.388404072950042
-0.0681710645060809	0.0356148307465788
0.0109459026813633	0.00743969772581896
-0.437969137116986	0.353729325638449
0.598575550810028	0.587522740924783
0.072499751501633	0.0517839473828427
0.210486561776756	0.247547655286
0.0886329072291246	0.124135740197225
0.113415473311945	0.14643473199221
-0.17069371094844	0.235578064582602
-0.313355586465963	0.654213406082936
0.109751804325903	0.167066697005995
-0.177508799045195	0.299210888241866
0.0779455610570143	0.111242837728138
0.162218541145661	0.259302790126854
-0.0792884956190146	0.130466762021287
-0.195593676282731	0.319380583602117
-0.0925125020561062	0.143178324625103
0.164959434610865	0.239407888950108
0.512995253621256	0.599303044559448
0.267215481109745	0.320439182466679
0.102642355697647	0.105080702427294
-0.458707721821391	1.04010208272975
0.0829065899661798	0.12687827868437
0.127134070830297	0.206981001880404
-0.647966423871722	1.68371605856254
-0.0536020981502306	0.0761521981705083
0.0854205701218239	0.129528832855981
0.18701889878744	0.291917812971399
0.146946582757099	0.231346993424267
0.503495733638152	1.18127901737875
0.162530156731958	0.262478548900915
0.26392250255657	0.438119623217982
-0.0300831743610723	0.042755196638668
0.170119973197104	0.267086916491713
-0.216473515631863	0.339464126612969
-0.16845670043656	0.292219283880422
0.146730849666527	0.230001219360103
-0.260734003030827	0.282834757765247
0.201733195843263	0.291538274298404
-0.0726395493539435	0.0918637124023432
-0.0693795048046463	0.0790271510507902
-0.0725444472670503	0.0871904365601824
-0.433809043017865	0.670402069343467
0.243765782983804	0.377406654195878
-0.0227683451440517	0.030542766482502
-0.330753606400554	0.638800055662822
-0.0809694594431871	0.110926043591058
0.221645110221837	0.342523552185555
-0.149202150418675	0.225778209842147
0.155820642168712	0.233425958866322
0.326251667414659	0.670734434305031
0.0717715820256007	0.107468568704547
0.242976012102704	0.435506746711075
0.0303924329932805	0.041846088102527
0.103978690929196	0.154317372553936
-0.301041354410191	0.593930478837195
-0.478191547352847	1.18172743666883
-0.186301014389176	0.345329216220183
-0.253031478758669	0.423780625819422
0.225772173105402	0.343723570385687
-0.509904249316173	1.03681625470575
0.0993527442862415	0.131877100998092
-0.412636450139676	0.810329070429767
0.0694478840922775	0.0917318368436046
-0.410445201402302	0.799311098109328
-0.103920416716453	0.143197783779751
-0.552676343244131	0.950211302981136
0.234559390902939	0.456512570104622
-0.214827148141671	0.293225925946823
0.040498310165099	0.0646683485402277
-0.264174007238062	0.413002907581785
0.374822095608891	0.785749908279393
0.226518505430455	0.344591774686534
0.0528140384790112	0.0635915407921437
0.484270300691892	1.49958488895693
-0.0277833928048828	0.0368063101074525
-0.274420956044055	0.617173971546203
-0.316260867521396	0.652238276957842
-0.30809442452267	0.69986276098725
-0.112126600369633	0.208427503593296
-0.255728922557682	0.537836788474002
-0.144859607905252	0.283838553220808
-0.593144816023648	1.4380297770522
-0.180252038261929	0.26507169607023
-0.0703569756041206	0.0875563647478143
0.0927066845123139	0.101169016948785
0.532683397859815	0.872331272613398
0.145286791412603	0.191976780546666
-0.133527646011938	0.153488613862276
-0.470614224352542	0.82042171795321
0.145029455511004	0.179889232979056
-0.347280069598666	0.46197361292985
-0.179626652814828	0.216142688940987
0.267521355733335	0.315031457068385
-0.516606388974661	0.757818829616269
0.237665430144291	0.283233658874792
0.126528877271332	0.161551496085365
-0.0579979626720357	0.0845066274533033
-0.415577613937294	1.12585180764998
-0.268507072464001	0.497061707018491
-0.405254756656876	0.769138735747973
-0.37546752108122	0.655214182288658
0.0907303260361319	0.0995530231371195
-0.536625561402706	0.889385920829142
-0.327946864942438	0.48414857971768
0.200512507220954	0.293845900255866
0.145958480267208	0.160405583806051
0.19019977301249	0.227736383089983
-0.718934844233337	0.954199973610769
0.169706142394376	0.213778699037288
-0.133212182504785	0.184797369312984
0.173950765768625	0.268306795779574
-0.108580522727333	0.188133735562713
-0.119557777772038	0.211567617785599
-0.20301062080827	0.365307410277495
0.00763499737862608	0.00897017594806056
-0.239552386278851	0.41211859201164
-0.294348627286272	0.557391399021133
-0.165248614822043	0.280580869665092
-0.0400905236154325	0.0551629430521853
-0.278357826562266	0.501934111328807
-0.14113936316342	0.170954299274774
-0.526330229470393	1.07384645262595
-0.261750233699627	0.436436999387497
-0.340336882576332	0.595408336064278
-0.476227568840287	0.534510675096915
-0.0135226456859014	0.0094708208570442
-0.761207353334458	1.04211985618504
0.0672577912902101	0.0608359614169773
0.105926572725723	0.0903290929982927
0.268803924274941	0.319372092529075
-0.148219779354802	0.209638802324968
0.0176629460036129	0.0263936290954979
-0.30268155917561	0.549006586183
-0.00686304427297668	0.00882969033045285
0.41237256334415	0.95839451847754
-0.137244118444275	0.233263010179294
0.370174416397646	0.730902879069203
0.164555053215435	0.254370546580189
-0.0967883151523786	0.158196898970969
-0.214736875089123	0.42071163514723
-0.112150178449677	0.197781899704394
-0.593647587967679	1.94881228155964
-0.0107847532787296	0.015332926716417
-0.173532630105448	0.207890803205239
0.313431108029884	0.583164745870915
-0.436144584333052	0.952448283704074
-0.265893828153087	0.575748750976592
0.208651248304099	0.380197301994438
0.0817804198854971	0.107494221744102
0.278972966622602	0.418467527724904
0.37267417301863	0.687578419605911
0.0130562390690088	0.0165519252736911
-0.000284451533332167	0.00033131517554662
0.226681405694624	0.3171309577048
0.217798198243424	0.344180272737602
-0.0261761047415509	0.030283646405805
0.0685455514125508	0.0842117000507181
0.0225356896316232	0.029060419693345
-0.130499787218618	0.164865164404658
0.205057574459431	0.319736130412226
-0.345078457497888	0.801798556382544
-0.185751852116504	0.344629974718614
-0.449311412523099	0.803427679316688
-0.277891480793937	0.57528609302712
-0.281177327700363	0.381931067173611
-0.117365084742604	0.126438066125944
-0.192503556276687	0.272451776808952
0.0564422985586164	0.0692245208098358
0.0923685336609006	0.144117485503504
-0.0429592902291727	0.0598105076569926
0.0362110721345831	0.0537039670625022
0.0536660641428223	0.0759204182857795
-0.314681285246017	0.730948848241267
-0.228357625211521	0.466355008783757
-0.164887864481161	0.315039776097473
-0.267069792810402	0.659924429838104
-0.363744916551895	0.948111599750044
0.327171340394336	0.651485492375426
-0.191297170155926	0.335047709829225
0.5653123394383	1.60435650977435
-0.123176648272032	0.256635490175667
-0.234275858500279	0.544739838427922
-0.152104161804273	0.242141660115761
-0.307016419389848	0.670111622471849
0.299277968318173	0.650901910588383
0.157304673009989	0.287247209378603
-0.464577278356868	1.59717033067804
0.0148154959385559	0.0224857401666535
-0.043153474326137	0.0578532723546363
0.269469876039124	0.523782422042844
-0.507458235851283	1.54102681781204
-0.104016794263826	0.172817283777555
-0.254458827380196	0.579926945303257
-0.0281584779791016	0.0433182155747214
0.0831893656869225	0.133501737645548
-0.142536465815758	0.274026273702212
0.0700618196726176	0.0831039940165942
0.045433327002934	0.076855279687173
-0.284806665686629	0.467459204245447
-0.0237127968105239	0.0414521193282685
0.104509139376705	0.141982174656859
0.0600551164298364	0.0715188522789652
0.231882107641864	0.33489401386852
-0.0125682888987771	0.0144294092834238
0.299680904880162	0.72205053431067
-0.0196526206898659	0.0276819218816384
-0.259930422969897	0.684162470861219
0.319548647613404	0.701973190708939
-0.166353829147656	0.341482733737639
-0.311451557021158	1.00471980360996
-0.375071668112753	1.32525846529684
0.00784978869401223	0.0157091043230171
0.15927284289777	0.296630847490063
-0.251460570802988	0.337306781429324
-0.208178695803966	0.284235659052917
0.321499608123009	0.387143563260413
0.944092643287626	1.70018656967841
0.0320146296174728	0.0291252084276979
-0.261462857605903	0.31943516641991
0.312194119164589	0.375705898849996
-0.0206967025073604	0.0201007132252493
-0.055837396830934	0.0545922087517802
0.321317193876708	0.396866250939148
0.043806007989741	0.0434495739526813
-0.173752887086636	0.184497157714654
-0.087566589289813	0.0814337587454102
-0.0124848006377704	0.0138139452314902
0.436467718917528	1.19235633985038
-0.0955425021034546	0.226214070186683
-0.204399364275737	0.404926493294274
-0.182227898076201	0.311026907534977
-0.233620098417749	0.630042417882905
-0.0730738158908596	0.115568192372041
-0.14511348163946	0.234557786224829
0.0551922516221981	0.0656072398247658
0.0193250029226917	0.0164316099364129
-0.202302858879291	0.178936401155366
-0.1541269933495	0.138476714154618
-0.243520806921871	0.282214577594918
0.105868058577116	0.111818326278859
-0.0113420235608349	0.0129960699822857
-0.0577644910938554	0.090436858306715
-0.26416699207185	0.536090559773894
-0.0311728630652949	0.0436904236595034
0.16330297085976	0.18137028618636
-0.38721268473228	0.516321086743719
-0.0108191722241103	0.0135642010044263
0.481347689729226	0.985058894629381
-0.0270655419981459	0.0313632600880654
-0.0749405061899631	0.0840708034019796
0.486608620647102	0.583495381228441
0.32449015290778	0.391958787033714
0.692235519752964	1.46106109267565
-0.140625135594052	0.150940477403196
-0.168684129225274	0.104963933114998
0.360416069711991	0.252422977373337
0.151454327021955	0.117805091471231
0.322797613230093	0.281365653090682
-0.356772189408781	0.268396727884388
-0.208403010495487	0.181565212586431
0.17220255353116	0.186204637900911
0.291943804687501	0.590560696951099
0.0132644864473261	0.0157961990686425
-0.289469611157344	0.494151133325678
0.243349440416061	0.51392695972106
0.141779696591102	0.251610086250437
-0.0384621281696313	0.0539950291975009
0.0237745433873259	0.0317216776530488
-0.190247409172047	0.308808881044316
0.394483304004768	1.0327649278069
-0.396468502188522	0.807523714097663
-0.222455752104764	0.481624408077284
-0.190705087486478	0.321058870415568
0.425647699923107	0.468298063578902
-0.272472076840979	0.360869956492977
0.103750532422144	0.133164167127648
-0.274218659740055	0.542849276826349
0.212999726331224	0.41881141416382
-0.220129722276302	0.444203422080164
-0.414901391890892	0.982990344389528
0.116204488239702	0.179401756763898
0.168926175407906	0.323420962684035
-0.582014185868954	1.57561854066476
0.220852054642539	0.446092909815163
-0.0688435380716425	0.101509767045958
-0.0550703745001629	0.0728223743244579
-0.116124443415395	0.172068377489586
0.48226052118282	1.20720803948597
-0.105682368655752	0.170703935276189
-0.129486275967917	0.211405017099481
-0.0719998546484687	0.121056276117429
-0.0143982926334806	0.0208039936766655
0.0141216500693211	0.0152691482536478
-0.108221440135919	0.166910692263151
-0.061015931668579	0.0890796718453968
-0.0378924194295459	0.0575840023300032
-0.204794043966615	0.352251039882867
-0.149154395185574	0.262503145025785
-0.139399820979209	0.2292318207333
-0.146737604495632	0.224464964648789
0.288581619522875	0.432541376607843
0.117323855635674	0.138924299631357
-0.866898370963851	1.20722941649864
0.110704959889625	0.123923113052109
-0.114728168541597	0.171606399614287
-0.458255665106869	0.969940582649758
-0.162694523057941	0.234954414101687
0.169841992324	0.1612393458228
0.4317437212819	0.567728951424295
-0.360545075279874	0.604386517137963
-0.168515249351019	0.224482068353252
0.286440579636135	0.427304210246421
0.061304549634887	0.0546976668442929
-0.130684040149696	0.106874389599969
-0.0629612748908137	0.0549248810154582
-0.285586082830562	0.349268288898839
-0.178518701453433	0.169856380107383
0.48039765897509	0.386332862743351
-0.666626082768926	0.323668911147454
0.833506731539304	0.936546751423194
-0.607302999483437	0.38533621010594
-0.753474484054618	0.62268904598339
-0.0223317194197125	0.0129772936432527
0.446501153800908	0.575051357833222
-0.202080246331329	0.292458067658966
0.449046261292019	0.77270171103469
0.0442341628347587	0.0460546558350226
0.0370050979001802	0.0564900920268432
0.328726510071912	0.703299592974819
-0.0118591633690072	0.0165989152456728
-0.117736361148661	0.182164974360843
-0.324424960799957	0.653423270351745
-0.330682766493666	0.740504797984728
-0.326098467780419	0.647026417047604
-0.157221819691213	0.281015166406157
-0.213986214789018	0.306394040258703
0.344284941345496	0.285804739880736
-0.11522190927654	0.116038328687558
-0.1027597015059	0.0937150449312282
-0.169758955449193	0.265660665620217
0.132890416505802	0.223270805913882
-0.362554410314756	0.896694968266973
-0.0501487399279888	0.0739466244749602
0.155971715218157	0.286642281931775
-0.282329163612741	0.6231161710192
-0.0591932605538398	0.0900520255511857
0.191440358050254	0.375899257614105
0.1325172917961	0.212005994809733
0.120643252991734	0.208708024054422
0.523092054022233	1.32256930826801
0.140674484628003	0.252816323572447
0.049396055308759	0.0746232673905352
-0.00979721345133434	0.0141074978868257
-0.1332055265223	0.2251672654135
-0.123995305471585	0.174451417087876
-0.552827233866658	0.742269871471236
-0.0334411433270279	0.0437324804830386
-0.41318258556044	0.894497608745769
-0.812969192477454	2.1328231640796
-0.091240764829764	0.107990170857335
-0.144718312527154	0.256715588761266
-0.147543059052067	0.196251493107174
-0.168350629895745	0.234082520821291
-0.299304149109783	0.58856267624091
0.171333350228586	0.282329012754549
0.0641723957299185	0.0799983399995154
-0.622950943676668	0.551599580961579
-0.543562050064847	0.749405833107379
0.181505227987075	0.211433367621014
-0.0929596635395969	0.135135854447881
-0.122371352381565	0.178006820167803
-0.0867415921782825	0.116017722717902
0.496480045066109	0.673907362922642
-0.0198812362115458	0.0183502171763129
-0.296995971016124	0.449962419794224
0.402859658981754	0.626855902980563
0.243949087646635	0.356644188504712
0.189861799574235	0.218702442737398
-0.0400875025261816	0.0307229584940873
-0.0121236661439197	0.0099045886790883
0.101907918510862	0.121371404199173
0.0174508463679463	0.014800629375648
-0.564071986403034	0.445115601934847
0.104316821977068	0.0586582232324081
-0.852495812600212	0.469793102262727
-0.756443604804103	0.679131482099342
1.10949338261324	1.35273367492901
1.13049905455437	1.66186021387982
-0.101620575548983	0.0952885139236025
-0.849016060452808	2.34542382815304
-0.526575447031433	1.05456573178206
-0.394392206041205	0.674491212622808
-0.376538945037693	0.876165708169929
0.0797460938087184	0.116952082263871
0.0777606167837011	0.119443422986233
-0.244301404218654	0.43098721982552
0.0254379425472327	0.0327151858848485
0.117618575795357	0.177174160409366
-0.484372817816781	1.13285073211736
-0.192832270689896	0.324503099527317
-0.139565230109011	0.195536908147215
0.696256816337475	0.936737243900606
0.185312725840949	0.224997188261924
-0.733997111822627	1.48221199249428
-0.00498061392897441	0.00678507438064665
0.342822346908894	0.749698750285255
0.0367380941768139	0.0576357562389451
-0.131813204391967	0.212885950639372
0.284227909748634	0.628918227673433
-0.106792027322448	0.182515867208573
-0.0748801471920997	0.11720305965981
-0.0439964759531632	0.0671429577650595
-0.0608823907001622	0.0887730408528628
0.0621747657456093	0.0932321707497338
-0.0069005045247379	0.00901730965872481
0.0703523351475318	0.112205200329921
-0.128224927755628	0.219254227772649
0.308626033156357	0.680706720453773
-0.323536442162147	0.665768227846581
-0.278131320432243	0.43800805966403
-0.172251806333293	0.168643908286404
0.30049164298478	0.559371895901993
-0.179804963342385	0.295923381438462
0.181047654911287	0.314754653458942
0.0518138125899329	0.0640257035832196
-0.0163484446544734	0.0193094189248195
0.0465498592581893	0.0701865185285116
-0.2949999653343	0.567776650680138
-0.330669379260503	0.57177914656864
-0.0775472331255468	0.0518415960421369
-0.385070171162967	0.511797305596356
-0.478269286348019	0.743583853775925
-0.276193086865478	0.360437939731941
-0.307645310364468	0.540011294877853
-0.0930214022286454	0.1370613571253
-0.0429871788627672	0.0530137015683027
0.229151003082482	0.236608477951502
-0.232869019672694	0.250994979033062
0.281315859026012	0.412141076328655
0.225189929894945	0.315573807923746
0.00341183470719986	0.0035475999566199
-0.0444292624863865	0.0427981984897943
-0.35362323532457	0.343045560342939
-0.413768723171613	0.62249858172811
-0.0654511422182559	0.0680554085205206
-0.193896884726276	0.225967394063192
-0.0217332773413301	0.0150517693454206
-0.204408042673871	0.159437568494278
-0.442343346202525	0.366711750058099
0.642614541593659	0.709746473003835
0.87128922525537	1.05886835603004
0.0310422941376277	0.0235302140506734
-0.060618174117677	0.0995081795470328
-0.0243032250321775	0.0455755280922292
-0.144890477361259	0.17901885578225
-0.364195988989967	0.684562772296056
-0.213866073650209	0.379041187984386
-0.0552775405727273	0.080246013756364
-0.232155547300476	0.429337014411014
0.0353468704956167	0.0502192698349984
0.155779848761812	0.263484902490545
-0.120322143326721	0.189099990477406
-0.0326090697589739	0.0433682031282181
-0.144828284615694	0.210374745293319
0.2696276932685	0.428284337061044
-0.315353848730658	0.359313964202384
-0.164193628945294	0.206419650791378
0.101424865818817	0.119662035619972
0.0949901727913092	0.136288156816902
0.227248567020375	0.440653821992999
-0.0717331825711662	0.112198051934855
-0.260141110263984	0.527197109252291
0.241171977661158	0.470022313928668
0.0572042689306119	0.0933835984966685
-0.132871208679751	0.22860321642969
0.232792282110845	0.469021933747859
0.0013818229862697	0.0018783465813996
-0.214644390296323	0.415297051514507
-0.338958262187743	0.72709847217619
0.0850235913519695	0.131775805377837
-0.193972874349499	0.31786854236764
-0.159229300085381	0.290809858090733
-0.212409351489363	0.411829511205933
-0.267489868677682	0.47074724277741
0.0349158277677667	0.0342993891057488
-0.00646790620717563	0.00819578645117788
-0.654291053594463	1.91426361730879
0.189956441044578	0.303065095354848
-0.24501299289369	0.391019144683677
-0.350869644036287	0.678984673058924
-0.219344468597298	0.574192002475642
-0.575357202318774	1.79693867419136
-0.0714974379104842	0.0861805915234884
-0.383299512119547	0.47293712065854
-0.455930014906856	0.882314288004998
-0.388410965123385	0.598609227793863
-0.332578692264519	0.41746698660947
-0.0966757065845939	0.0890397880151684
-0.115506025092458	0.131396825121632
-0.0439754403288084	0.0546467108453259
0.076429050182289	0.0940348967308673
-0.123257971657236	0.167456020824051
-0.386963353060359	0.63346090573098
0.0683761185521347	0.0744285831785418
-0.0732842819789415	0.075675212406469
0.117996674534598	0.141054495758734
-0.00139600836429927	0.0016604678077703
-0.128280798814937	0.16351682390124
0.324225199092945	0.396673694149438
0.25548328844668	0.337563442436317
-0.286669742633333	0.422487161726936
0.349419439769035	0.539801682154511
-0.545919641199597	1.14243975435191
-0.445413656796593	0.764501527693748
-0.295908234965083	0.359780121604375
0.116241896455498	0.14350150384744
-0.0175399897829806	0.019793556731642
-0.461464468522894	0.817992436278072
0.0381971109992748	0.0405906997858963
0.0236752047675385	0.022968173474939
-0.270655492474873	0.358358032924025
-0.060457389438354	0.0604748198962348
-0.145343321650914	0.266694560173317
-0.055525267459912	0.105478168006488
0.526445551074645	0.84029961851268
0.447975616304427	0.91856453208358
-0.0334959032060664	0.0325614071118299
0.0609301748403182	0.0617385729862002
-0.100415387578952	0.102814646679428
0.148113272630566	0.177272275553199
0.216672117843699	0.329344612592352
-0.0450214074298032	0.048221851881728
-0.294908863960289	0.533940956978667
-0.134583172931685	0.161414672660065
-0.0484806822182276	0.062367566991633
0.0426712152240907	0.0586695730589695
-0.0302316605982729	0.04057608537161
-0.46508698272036	1.19701533501202
0.138210200620096	0.173666857080353
1.0200518546029	1.98516325384873
-0.0462005630725874	0.0445597773749225
0.13653708908071	0.135584115968076
-0.143041352878953	0.130994361631039
-0.011849683521934	0.010809712122317
-0.320386773099624	0.364135314586758
-0.294146752232725	0.349790186890935
-0.0809997498873396	0.0728059299487669
-0.519307675067537	0.599092815728764
-0.0218436599748674	0.019918869419073
0.0301535030797329	0.0274745477453854
0.666753404753969	0.902139855924597
0.522205019392132	0.612802119042995
0.198480647069012	0.257698668351709
-0.117172032782422	0.143929213723062
-0.0749566484191882	0.114553805356873
-0.15345771330078	0.209008797636838
0.90981184354872	1.63540257641904
0.038081093569911	0.0389252977501755
0.291423597140707	0.54928198721792
-0.12077255563366	0.147959073833839
-0.0811025026788701	0.147576467750007
-0.115635495026164	0.223070724490942
-0.333854887144126	1.56271018975969
-0.232146921834663	0.805498758378895
-0.0669055619586407	0.0964056836696794
0.107549225658649	0.146777666556743
-0.205173720454833	0.305940286555918
-0.0726751441457995	0.10377298331162
-0.168059626733789	0.225351093519271
-0.286483637888592	0.379032941974011
-0.06359853896656	0.0701067309997378
-0.197779885370746	0.409708489948543
-0.00271908476702169	0.00322330119466255
-1.00726054018172	1.71765050912639
-0.0901017192927251	0.138940987242079
0.00848110359403708	0.0135457513312825
0.316318773430369	0.658492160751548
0.305421420827229	0.705195242005824
0.545533857789774	1.32213357937183
-0.183043774456064	0.254740878738359
-0.559925100594328	0.961614099049835
0.127382779962306	0.181805621033723
0.0699141782879487	0.132300368917205
0.185147602966734	0.352658412405552
0.0105873419690713	0.0103950091436062
0.0245407467554123	0.0318910168793659
0.397769853966339	0.898439740438205
-0.165055585450837	0.267739421431666
-0.120775456192439	0.23838753288591
-0.0407816131895364	0.0643581161330621
-0.06435459331724	0.0796557491610219
0.282915698669161	0.526005932175294
0.0748293232940509	0.127396029124328
0.0262319820237771	0.0397835109127311
-0.036355272390916	0.0605511820076145
-0.198887921049515	0.37385784995125
0.173340661254588	0.358345960825305
0.120385821990138	0.19884966693317
-0.291135764616478	0.446811198282727
-0.111525125652366	0.195707378937545
-0.118666360800245	0.118319986508738
-0.0285288656414682	0.0462652139289768
-0.0637677081420053	0.0726253246180621
-0.107555578877748	0.128751809403627
0.340973684072017	0.486085474724726
0.365645598971527	0.499434479412864
0.337800999617129	0.626717134507816
-0.198965918981724	0.264224199415693
0.512456829810258	1.57987925548467
0.130486244072493	0.181855265107793
-0.0215839355389654	0.0316719319539785
-0.072123806599933	0.147281585377191
-0.203643193757931	0.491309116057444
-0.223590354615704	0.585347082985555
0.12135022151583	0.155907448175347
-0.165041232275416	0.179788806852225
0.424986026935209	0.539169576010267
0.433021930478674	0.462913821379301
-0.141581879741749	0.127829033828559
0.230663376074371	0.253520168883383
0.358708739423336	0.390998156364047
0.288927477418015	0.316132008833964
-0.0234964879177558	0.0230464796902007
0.613715363903211	0.679956660706686
-0.236736551591901	0.223807674391154
-0.350420471258547	0.404081325751816
-0.266697102221216	0.249471781215673
-0.335933471089882	0.378091552581935
0.280913516842095	0.382313476440251
-0.469000897442449	0.883499422936719
-0.0160822054544184	0.0294297832636027
-0.194713187702205	0.31270549339029
0.944857844361595	1.86422866448715
0.0710070000729462	0.0877362411050678
0.140379641224069	0.288790201975562
0.0579742147314956	0.0817316918822033
0.0251734580402596	0.0415648857920356
-0.043552294360119	0.0754226344009702
0.0556909336822607	0.137292162667263
-0.119500055281905	0.288883726157629
-0.145128490790783	0.2546023028881
-0.398696218453876	0.701901998779228
0.377105183340481	0.722648233603682
0.269628130828004	0.536987067461503
-0.0769255708601568	0.135703928048833
-0.0498030844720332	0.0966562807835282
-0.230872892082614	0.64819655877884
-0.275637573206168	0.423594706547491
-0.0781741191329588	0.131439600154667
-0.907543035601823	2.80131278003015
0.00471671168597727	0.00533856908986431
-0.0636848160093326	0.0767065343344073
-0.000999635781343437	0.00133805267955393
-0.509992347277458	1.04279585302859
0.130652799145104	0.20005671017141
-0.110160351126314	0.164245925034201
-0.152006098061229	0.26271973350802
-0.233185177613373	0.40801249947785
-0.0210445494988722	0.0239736744656037
-0.264139005487201	0.384985951781454
0.0756370532581453	0.10455837421561
-0.13889390935034	0.253147108946617
0.202670581043751	0.358462451775505
-0.0214708953032396	0.0250123133490408
-0.179716235321304	0.251251093415075
0.112725777785589	0.164548284904307
0.441816871865302	0.891419825589778
-0.294122960549988	0.60459714314873
-0.0369062227461835	0.0503008962526531
0.518551091321842	1.18377629446097
-0.0861226921691466	0.110741140261142
-0.0546575435310824	0.0784991094768121
-0.279287579799282	0.503073656633503
-0.425848442361155	0.955234593698853
-0.51141728537771	1.05082685057464
0.157168119854669	0.240834335310768
-0.58709671024204	1.39363126518804
0.308820171288372	0.412260224722245
0.174755653439251	0.321955997137503
-0.21503890556274	0.286999918547875
-0.101432643289668	0.164312756939721
0.251378888231962	0.364001886378417
0.256779107108593	0.340989970850809
0.535817969440204	0.771014591026081
0.899608029156575	1.82588755068331
-0.0635933175899915	0.0908331088636263
0.0860930001469328	0.113053587724734
0.183547706906808	0.348321009987565
-0.279217225241667	0.508177466769357
0.0527610978005771	0.0816290763899147
0.214747863908275	0.534129548274966
-0.395592698252555	1.10433068700533
-0.0570917550865677	0.102196387583038
0.477407651682469	0.974623833872738
0.230159458682204	0.310138997871984
0.354671724372405	0.474817320574283
0.515939363305158	0.74533155267905
0.175441256709668	0.166909042721696
-0.253564224058073	0.327826145273689
0.550817804818458	0.784275693618856
-0.311640793375278	0.40944746349546
0.150384444589418	0.169631179359886
0.689701843877442	1.08246821382047
0.0386219452756776	0.036946729445756
0.232069312781755	0.264630400998444
0.339379342926798	0.395251812059942
0.0601266414740935	0.0605649787099545
0.137853569412286	0.176113244875215
-0.159879978326817	0.246941478527224
-0.174466081901454	0.37693732458719
-0.0558945539492513	0.0804922753376615
0.103083889185329	0.114005937078448
-0.158544508890331	0.218452904049878
0.0477973401770424	0.0792517843075253
0.042541696823037	0.117730112648236
-0.839041327193743	6.45826588945115
-0.270926478275234	0.930506495276782
-0.375123397812703	1.31000610891927
-0.255008106442317	0.627680904892007
-0.207204916983081	0.557491453822374
-0.402018007458436	1.37988086254564
-0.346195519437076	1.10807060988235
-0.25743786190317	0.683421701111358
-0.118990997304532	0.226063679157843
-0.193851556528833	0.373552170116508
0.251319589777978	0.570613747235118
-0.349961695647197	0.856406258858715
-0.0984214098091293	0.173563720609501
-0.209322282959113	0.396578989541524
-0.234364104896554	0.495278100922295
-0.0463925555295662	0.0645476732160214
-0.061158526017816	0.0880073184478393
-0.245625653629928	0.245036245378821
0.279420198911195	0.310541262325539
0.121726286907986	0.120774410670328
-0.0379538513349183	0.0405551483506907
0.0925383816094934	0.120452539925722
-0.275546935743852	0.423787463494661
-0.214209113009866	0.3494436852939
-0.163256161861281	0.236884651832194
-0.540200662211853	1.27796621994677
-0.178600588668982	0.236533635435993
0.0192044020236284	0.0224576391637092
-0.28848861943262	0.427962430910116
-0.198023209990751	0.283942507110666
0.305008006092291	0.462955379121892
-0.13133527460234	0.170807304206821
-0.158044590283974	0.185909848123011
-0.327688911010099	0.480712364508546
0.283626555158784	0.413463545569906
0.256904020628524	0.369567748783789
-0.222167388224831	0.232140323423951
0.0392573539861305	0.0286823856771751
-0.658538577351634	1.12208867777131
0.610172717344355	0.862454748046634
-0.480078373096013	0.675477690670294
0.344203791614235	0.41629384357509
0.0892258951182987	0.0947463873078984
-0.404882236638578	0.894604453596869
0.254959705800516	0.351305071465115
-0.153263993970308	0.248197093546491
-0.166055065823295	0.236121152233692
0.306455268396024	0.49716787800602
0.145505223946619	0.187089780669203
0.0586906439101017	0.073821353359893
0.41760660195346	1.0258893727283
0.291761565140223	0.51093769371018
0.159284411479562	0.263922095175816
-0.315634049893375	0.606015359105807
-0.0284729762639364	0.0373590809264675
-0.110334598138114	0.153497306890634
-0.574073696111268	1.21020858421685
-0.0982352832229451	0.145069745586612
-0.112537527769683	0.163210438418539
-0.104846360844723	0.137853835217395
0.570385740303595	1.0853715677567
0.028382245257077	0.0319026600596305
0.571614707483871	1.07489806902102
0.303474173806022	0.502221880053472
-0.0321489677836925	0.0344617175143177
-0.562240966361127	1.161687814122
0.373686635264485	0.577285499408471
-0.161907819161558	0.206376629075924
-0.358794544761702	0.506009534322896
0.313733779312682	0.473777412978771
-0.650541477885133	1.09813772214152
-0.240443187667255	0.29629285565714
0.38632885582996	0.693789620915562
-0.0647135447291385	0.0869978018544091
-0.28043886295658	0.509430347063552
0.0726795678763877	0.103942819727972
0.0856694870959346	0.107438918749239
-0.208178503714411	0.347408767978727
-0.26188147561023	0.474583619488731
0.0467218190244728	0.0614878675251582
0.0969465409695917	0.663412754467016
0.0375603904093911	0.17130964360859
-0.0152332518394749	0.0534297557368612
-0.162568728464533	0.83016978879342
-0.347199615129886	2.30714017820166
-0.441535895690643	2.79675163251929
-0.550372582826344	3.98975177554387
-0.522001721287784	2.62950504292384
0.0511521599887051	0.112119542388445
-0.222098510418151	0.754726757723013
-0.297237082064209	1.10016279663473
-0.192840567133713	0.532502804439163
-0.227844063749687	0.667886098260499
-0.452709214897614	1.08577665250334
-0.291424212929874	0.578455461847415
0.140600823704163	0.311136600762084
0.284896562592919	0.749755058450629
-0.00382477952938725	0.00614537218584058
-0.132785043705985	0.232969543215724
-0.05418777728454	0.0689677921852722
0.0147299747048135	0.0122586388413995
-0.314114666163781	0.269398093223434
-0.684625513362737	1.92440656445375
-0.125036424564893	0.225881411249785
-0.472921476798637	1.17365661163896
-0.165377752454791	0.342281669618604
-0.432161476194979	1.29774059709304
-0.30689092091484	0.708170648098473
-0.256399752572619	0.429487392956339
-0.224634889071986	0.337835102607666
-0.649823561812486	0.471660229174426
0.545950262037525	0.282345741394933
-0.459005551989905	0.448310311092205
-0.121634505372816	0.0907797636790329
-0.245295239638544	0.308499585494066
-0.846565881209505	2.40098545587532
-0.247724156439868	0.412177770308182
0.0715788362046211	0.0890915412903232
0.240621757823071	0.249923608654458
-0.815495650236511	1.10781102177359
0.194473613043951	0.258144031746067
0.277186800298026	0.343997206980806
0.13496539196044	0.133627354111251
0.245979540727886	0.228338804980901
-0.842560730147386	0.784212633811419
0.834467911243025	1.14006063369374
0.313753070934802	0.369120310254874
-0.038044971875332	0.0304774084163105
-0.852086566685202	0.468595419937119
0.754458526787689	0.321554482797228
0.281593917624369	0.151299677584477
-0.214198910450519	0.0807497252330014
0.27820143885632	0.0979927318083699
0.0411475743331011	0.0285675908093181
-0.193118197440448	0.197546917182577
-0.0919219866404198	0.110463560915878
-0.097410821673981	0.10029929509493
0.0484325651857698	0.0490976809149397
-0.043836789368613	0.0582468851517902
-0.137056638133158	0.224763394909348
0.224509652909391	0.382661621690386
-0.350869713195085	0.688400928993304
0.154807751714518	0.213293760738573
-0.47294979719759	1.1157549145219
0.214739899730366	0.31918707808907
0.0720109551857464	0.0906068700376328
0.18619910252243	0.221903855238337
0.690669164374257	0.643973011092904
-0.149594806723307	0.157034189444037
0.664970719537343	1.00794174804671
-0.553198799301405	1.18793271978179
-0.0669441544706615	0.0985138433705312
-0.225171036153397	0.429850677487044
-0.263856341497313	0.531722651563467
-0.383385852386677	0.919140900922714
-0.30343859457366	0.643817210189909
-0.489309425696754	1.26089400883238
-0.508150060524214	1.37076407142719
-0.108221583836957	0.156045681012058
-0.0997408411736429	0.161221547069198
-0.153758829088605	0.245002049662965
0.290265817547796	0.567504430845841
0.207811255305154	0.381932699428146
-0.251475738784938	0.539565884388067
-0.105275592178981	0.169350027998836
-0.126064497885525	0.153035865800011
-0.183143493615614	0.177791245802754
-0.277873057625835	0.407027228788207
-0.162475049087444	0.249283188072585
-0.0382536895679302	0.0530810697864536
-0.318020821888216	0.405500286378733
-0.173462876312054	0.225162910307146
0.0851521361957792	0.0824353428779304
-0.227139307041623	0.314422838068173
-0.253190190640333	0.358674397900732
0.072204080895419	0.462146014864626
-0.0664863017543013	0.345409097572194
-0.124707005386508	0.636495119403532
-0.0385637589107273	0.135542805831342
-0.0836487109869569	0.300666414303217
-0.241787778257841	1.14709513539213
-0.458658066514079	1.85710741216479
-0.0842156408841173	0.206153545140049
0.00891964990027443	0.0194389466962517
-0.0144153274431529	0.0322551953662528
-0.0628303769490154	0.156738203014008
-0.249185495784002	0.795404611616707
0.251587199287302	0.698050390229683
-0.353858653581217	0.80584403843879
-0.427358625491708	0.813342301234421
-0.0142318492517766	0.0241945998009848
-0.026067524099752	0.0425787452949612
0.490155487095365	1.49157051047292
0.299023887429193	0.740343201413121
1.12242513207367	3.5232486175629
0.423437694130486	0.492609369470216
0.695902888993329	0.6415388851392
-0.186501263337759	0.185518624398533
-0.239035301106822	0.381787113498537
0.000607350964703366	0.000740318137916192
0.0987098121358723	0.155853532089843
-0.100496339965307	0.184916176314977
-0.130595539080001	0.261683541734941
-0.499410060945596	1.52337168493362
-0.268412666156573	0.506575525674263
-0.346884875669415	0.722267996374775
0.0635894752572957	0.0826844965708042
-0.653919753112067	0.309103907548914
0.562323756450885	0.692123805870943
-0.00702196657141008	0.00495997264987302
-0.515664714876476	0.584306208872548
0.209311132688127	0.312638515314242
-0.689389373910131	1.43268154811335
-0.118966949972077	0.145664540503424
0.703487528483067	0.873799398661741
0.0822409347808684	0.0646333794488432
-0.10239151198252	0.112891485162584
0.28396709371266	0.308894259003851
0.0959402317986693	0.100290130369157
0.602726776776912	0.667161241799126
0.732169330317324	0.678064083068142
-0.209384584004416	0.169370529465513
0.37173092423209	0.400443834484041
-0.485893764903123	0.500467184873015
0.848460807701291	0.454586639495398
-0.156067552711447	0.0651806528008206
0.302243223023815	0.151552238569888
-0.117990910615179	0.0511579883880685
-0.118920357237738	0.0518679888636923
0.157466050033267	0.127382193426983
0.0400795365652537	0.0446563244372145
-0.0931953170544147	0.0910647979920715
-0.0563190574135651	0.057805901177189
-0.0781595529252104	0.104371841078234
-0.198905468967884	0.323290350193373
-0.186637752554208	0.334075153755447
-0.0255179894471629	0.0343287785156384
0.417395022732279	0.72905064700814
0.467624076743533	0.976217558287008
0.534820426752352	1.00550390030163
-0.716602374978286	1.55113256387932
-0.196848683783813	0.216281916368106
-0.0196018368633332	0.0110883442257394
0.673668215133051	0.932743107987049
-0.8871800051267	1.03768338632348
-0.380861717615754	0.641359704784723
0.365990597358674	0.715223579618126
-0.162640769244122	0.297807305955659
-0.142052875802139	0.255569433854304
0.10692223896786	0.185260244524785
0.069400971901418	0.117558038817212
-0.0647058580427154	0.103766980184757
-0.10528967249233	0.182558217306077
-0.257251650437954	0.502416310621815
0.139730210599457	0.250936330681688
0.126681634483202	0.220614790073271
0.176761776745637	0.331704314040742
0.0673304853856624	0.105618801372345
-0.0811315495693579	0.12698743578085
-0.214046634972489	0.363636635507051
-0.442945934441395	0.73795713534432
0.488710441816884	0.482297709091966
-0.521973198472947	0.862694354265216
-0.602669161069149	1.51268572309487
-0.261555245021369	0.415887134093751
-0.0219129162050195	0.0178091322548593
-0.218163833463413	0.266327672800688
-0.0207062356999726	0.103740737625185
-0.0396715165679181	0.182312151712669
-0.148309214125362	0.803261445268758
-0.233968926322605	1.34389952397628
-0.335104630236948	2.00678939173549
-0.464779119921436	2.26277692522089
0.0984718308489893	0.255644456425643
-0.337634118500135	1.6670386034266
-0.0704333426296268	0.196550666637623
-0.173740157832197	0.530782573093546
-0.131947040523646	0.351516013482111
-0.00997069985790331	0.0187233324010037
-0.129425345788298	0.190223721184421
-0.166525581625151	0.24656761692009
0.302805839513385	0.802074859998245
0.300031827692222	0.738021356946058
-0.137141590809961	0.284863610214999
0.151984695966376	0.298373203173402
0.386629095804231	0.688919301711047
0.512061703791716	0.652238192417925
-0.530897000650568	0.334756199186466
0.683745496268851	0.801302944868394
-0.12302298845171	0.184096023725551
-0.134776860961364	0.249609908896204
-0.406543288476241	0.905826360486364
-0.256448386840704	0.653532503565859
-0.105948095966163	0.203596193672684
-0.0872993836653017	0.14295117003472
-1.21143584356613	3.775168223726
-0.430887572572775	0.812443365169888
0.321174285153015	0.626008328870503
-0.0822274164856656	0.123197035813332
-0.0658218256818045	0.0837725247802407
0.138975628276804	0.13889332674471
-0.220542287011927	0.238726160874136
0.40957880768953	0.387489253622066
0.180500648965947	0.178330889670427
-0.370857298337963	0.721828903637706
-0.266414898477286	0.413741654550275
-0.735334734676593	1.52302020958743
1.27761304405762	1.40379801512654
-0.252576415916249	0.216911103731394
0.262813115515657	0.336038537464245
-0.0838484307939399	0.0785173821465076
0.433382313187257	0.557022715937968
-0.814191233994244	0.871495079550354
0.0184075043983334	0.0117267976146869
0.227477653233161	0.182029806604338
0.445417073835051	0.56526487143855
-0.654606756303003	0.773235487912505
-0.450516775515413	0.197413907173096
-0.463144997525403	0.449216999325147
-0.0138300673219481	0.0148030584253259
0.0183079094355341	0.0228181067671147
-0.346188757243833	0.71851662741977
-0.552997020988673	1.31960494264433
-0.0176199355389884	0.0203904302414799
-0.00273334287310693	0.00341580384441827
0.00237742111845399	0.00241972221683279
-0.24187524112198	0.348543222551909
0.135993760948171	0.168871036373254
-0.0226326467201798	0.0130993913450283
-0.100278367835364	0.0851113021002916
-0.285676293306222	0.282760655673266
0.0724234739973078	0.0774659379232746
-0.130557850854732	0.1959239696426
-0.267258415769084	0.533487887299356
-0.249169089320849	0.52646313406481
0.237807023838983	0.523251619696475
-0.0246646607452219	0.0393186715961595
0.0653584164572918	0.101861255766697
-0.1623398818821	0.306765988953566
-0.428446218408935	1.01302302556145
-0.12640454369278	0.209518311666127
0.155502759249092	0.270580402800352
-0.113447130935498	0.204890000454349
0.0615724882137486	0.0991580218911617
-0.066629901919395	0.103707632092419
-0.138961214106007	0.222185456134165
-0.430567048879307	0.772788322187122
-0.0254802835292668	0.0181442988362405
-0.448565690721178	0.779503186637278
-0.307262538532106	0.578760365635558
-0.247786220688491	0.402962573355964
0.0474750100618995	0.0530339381541911
-0.0208916656157884	0.0170140091468912
0.124798836846108	0.158339020351842
-0.0187758278543369	0.0943773775341006
-0.0236104460428076	0.10110620456778
-0.0616349872911281	0.250535714627007
-0.429150380306494	3.35942661058356
-0.291938707853561	1.21757769990421
-0.356862757864615	1.62467729243402
-0.117054810463362	0.401226140644374
-0.0460298502451576	0.130500270567044
-0.144478872719218	0.473024187501731
-0.299999234820861	1.09508047491321
0.0140858900973828	0.0284961344225631
-0.254436751655963	0.507141308298601
0.103939808708444	0.166017912345008
-0.234796638049217	0.616345379684449
-0.0302523755241253	0.0532673583098706
-0.158456587834046	0.340550049728545
0.38457653917482	1.03292441147856
0.473338225379107	0.914213872775185
-0.172712252622353	0.166875229203833
-0.412230178425914	0.418665145687322
-0.207409514856349	0.221082739244771
-0.122219636653729	0.178245858582503
0.00829132381398665	0.0134833543843312
-0.128651565877538	0.220454863560926
-0.0426088555582233	0.0797958145839474
0.0914602781511676	0.180753286958208
0.0707417096026522	0.126590828417996
-0.297029586977493	0.553339072486864
-0.59022194403975	1.25078848529683
0.295633225582331	0.615612087237545
-0.0956970283527822	0.148886289738369
-0.014776642202311	0.0184414193280453
-0.0668845060928128	0.0638353311253145
0.104535026159987	0.0851711918234153
0.365740008468348	0.487439637451573
0.229261994799254	0.343786086124422
-0.134562979489688	0.180212441393857
-0.491233057554565	0.766331009972185
-0.574646256041211	0.570747453471753
-0.337962677172903	0.350261300287234
-0.104223869629587	0.110552296821195
0.388453845670744	0.537224740539033
-0.172121805830179	0.193312587897232
0.324357231615014	0.277900921959996
-0.0237230668428072	0.0133086858097193
0.0543988429525482	0.0381046430713181
0.525033337927068	0.74105058378602
0.239924160754329	0.219739222498681
1.21290555423188	0.6156620507012
-0.15530022505575	0.065098897365886
0.274152117576546	0.144413959491078
0.265444264433577	0.156470225263022
0.494962905064302	0.27597583148111
-0.142321456655142	0.0900745234385329
-0.424182810961136	0.526468977321924
-0.0775705884734039	0.114225123304311
-0.188733779867556	0.324888795582837
-0.262605339617486	0.515878386242452
0.0760789056592502	0.0989156867542921
-0.0802673853842314	0.0962679606571939
-0.292580428281843	0.500096237073763
-0.074861741029664	0.07861687695135
-0.168334681319801	0.100712982446717
0.000945499878053826	0.000903949041216745
-0.162258659415372	0.144766247864168
-0.143715835194543	0.188065256919444
0.257348794379022	0.498863280362479
-0.0733360758524756	0.127923816122885
0.136856843694853	0.252585128544859
-0.332891835724382	0.872477148452732
-0.182182267413857	0.358838929887011
-0.306856352343842	0.775573038781871
0.199065990204062	0.440347373650605
-0.159579750688106	0.327793232008999
-0.351619843363123	0.830652498909978
-0.0741109763051615	0.118731570356729
0.0523501865442232	0.0828047364368877
-0.219197485341541	0.466339923556162
0.0797824224344422	0.130919615855225
0.0239754792845779	0.032773564095464
-0.39814667900767	0.690345078235329
0.48045786799965	0.559433992759259
-0.72097457665343	1.61991257767108
-0.27346762082769	0.511146946409956
0.108081659673017	0.153661243838054
0.0493106044911721	0.0557887779370929
0.008766483687642	0.0103134577634943
-0.0205792499903156	0.0228418946279537
-0.00259994947669281	0.0121356694413058
-0.0990570513573549	0.590250505427388
-0.205330173450302	1.28756238824666
-0.322505412606746	1.68843496022568
0.0662735967535791	0.195067466760143
0.173006511779185	0.750169428975311
-0.123146601806055	0.460312428343753
-0.159764720869862	0.563380421879665
-0.0931124336332528	0.266909832591226
-0.316182501505315	1.09349333509071
-0.315949324693231	0.7552629929264
-0.155358717090996	0.287028581334744
0.221834454614048	0.546239353513933
-0.00762209942809336	0.013490401551458
0.236200788520061	0.645698435313078
-0.0922973551319061	0.166020495273095
0.138559087166509	0.222851989941643
0.271154737557558	0.327388087447552
-0.747217037748077	1.4105187304066
-0.319663437914339	0.664606664752025
-0.133602562377933	0.236516874544708
0.0593536645480927	0.0960901101425962
-0.060365670613121	0.112899444875409
0.157962603991125	0.36801828217945
-0.183273281042355	0.355149544976437
-0.323401049401859	0.6292618971157
-0.289239707500215	0.583614839210889
-0.00327958957793199	0.00387551926931967
0.394472843315677	0.463948505713686
-0.594825262020315	1.43074915160974
0.138661203816279	0.201324873619618
-0.482598570910795	0.833582750263714
-0.267721314212927	0.230782846040356
0.0442546496737046	0.0380155686225585
0.0732287126118775	0.0769577723907367
-0.202858753853337	0.211690451207388
0.0105870464488324	0.00861409743698965
-0.300070887516314	0.322076796326363
0.627827427689786	0.539985386973241
0.661805625709183	0.8171046935203
-0.501479118449791	0.541508457376083
0.0979001349908763	0.0810103073565213
0.725940607098526	0.55585511985697
0.0942792455520177	0.0486085311816102
-1.2239196092171	0.723644438443023
0.25508294688135	0.158015365603876
-0.339779304811389	0.683802681574224
-0.125109137342839	0.21228078539616
0.0896707648245622	0.142554149260893
-0.0800765957004163	0.114843411445824
0.0297328888430293	0.0368389356355497
-0.152458709786174	0.184586653669095
0.469515876632172	1.00460009872233
-0.186827749486433	0.233878892845275
-0.690476184438708	0.720268314560837
0.241051859698581	0.249656518785115
0.613159591119631	0.876761500688583
-0.2678868426013	0.434418775117944
-0.145480927377879	0.258362243649036
-0.217411899850242	0.442501388874899
0.00881160509081142	0.0136444888270395
0.316862908171353	0.863478202637906
-0.351301787155008	0.930240454478591
-0.230869192703193	0.498109183336214
0.148066754926985	0.272228574977089
0.0812420739315404	0.134181749352355
-0.0265044907855194	0.0387215215912355
-0.0854777660971947	0.138748736336541
0.178464627838506	0.359399350900846
-0.4450516328549	1.23058757826451
-0.207481339372356	0.394960125591133
-0.599134739199546	1.67213805486891
0.142193688127956	0.192906191034218
0.645861188650561	0.779514988746816
-0.126866728661971	0.149733258368149
0.089800103088461	0.135714004069169
0.0540435085034904	0.0766055460730065
0.0471479624003522	0.0510012241106251
0.0156740136866833	0.0757511105748343
0.053646212276886	0.259329045579011
-0.123314304818878	0.485885001095821
0.0936184776115186	0.319018522754429
0.00358960229495551	0.0103817605021892
0.0449338895111049	0.130969362066681
-0.193871143997131	0.737810455815022
0.103053572332195	0.294105119305908
-0.0219624398615041	0.0461888776668437
-0.174169220522379	0.327883086498236
-0.171049617722174	0.301608323816935
-0.012874123045903	0.0234315131156076
-0.275673095324188	0.805045575279952
0.081430011241491	0.160356835492524
-0.11473060095576	0.219610382221773
0.0130206381853171	0.0173957306910997
0.174139618267123	0.178673759926132
0.146481929853824	0.114312593718486
-0.416065389663818	0.514556497745548
-0.336308565972667	0.779442062220418
0.0139092159149833	0.0214177816784692
0.213463755239381	0.387463847380662
-0.131519312135791	0.262945656702009
-0.0512978616205316	0.0874319484175675
-0.36376065729595	0.903803784152966
-0.563225040356829	1.20013453247382
0.314491202154994	0.689657984284559
-0.183049851526008	0.34280080809761
-0.375652673157407	0.439474819538733
0.270845200676923	0.421071649368687
-0.0124216722614595	0.0147422061559928
0.060232355533891	0.067988953075529
-0.310213832794547	0.27363997572942
0.233978028490188	0.178924184258386
-0.0390186722311913	0.0383501933367578
0.523311181997081	0.705469716884783
0.895335429941127	1.7084188919807
-0.449070760297909	0.559388826950688
0.941373739793456	1.21790117468008
-0.213149476997177	0.19469846296217
0.0677188363745715	0.0582022765253186
0.158759542739155	0.13800009724645
-0.454355435126325	0.196358742358895
-0.00533499077365209	0.00719565927565728
-0.396177597756396	0.813404634543129
-0.110087719159397	0.132015939250162
-0.0449711441740058	0.059322312678354
-0.0908195441376686	0.0979383934830798
-0.445180710515773	0.358417360563377
-0.131089554728762	0.109445906862489
-0.0465625951513628	0.0319644243897511
0.0584565696582719	0.0669545664230724
0.00205942975571778	0.00261873566835057
-0.303795327616884	0.678188482712101
0.13784896811835	0.242845698275039
-0.154614137039862	0.278537905763235
0.05050057368183	0.0800616477592832
-0.268017402092708	0.570661686319009
0.211473924836488	0.419323831628074
-0.188718998169904	0.334338480588381
-0.475956215594204	1.08234983894988
0.352601001058443	0.737905986985455
-0.349568554201858	0.856908356321972
-0.460481520604364	1.06596071444392
-0.0359906202620295	0.0546186239286822
0.306949895976391	0.603864744783637
-0.290634306656473	0.447934345077959
0.411848386023782	0.395156139072924
-0.341176565421477	0.498582614565833
-0.35081975993629	0.615039202977012
-0.633147460915062	1.4889778518445
-0.0821532451699009	0.0920960821806968
-0.0644109251966373	0.0690550321995041
0.0425559888464664	0.235080685731721
0.0676601671015969	0.318613950610309
0.388804840867822	3.19449970970197
-0.0397299949313525	0.143721507688884
-0.0670886673391564	0.237427367153038
0.00074795815123642	0.00188247859140137
-0.0141354511679464	0.0364306239606081
-0.0633796431852163	0.171733851115272
-0.176640750780541	0.35198282410842
-0.317186154499317	0.771792830288691
-0.000918473199933994	0.00171916275480308
0.122820254330537	0.285566393702648
0.26135118717488	0.78980446939882
-0.058657928198508	0.112476481120741
0.100124245858379	0.166586314563665
-0.344103598689506	0.486814284552919
0.314693389910884	0.309097106458556
0.295173274856186	0.409390870157441
-0.409031222520314	0.967000495647616
0.0445905719702445	0.0756112272446088
0.0752444940783888	0.133683594470501
-0.0399077618605759	0.077683111775533
-0.277674953363874	0.743694374594847
-0.287413281544854	0.723240505227996
-0.0932694617778081	0.129849924359583
-0.0622799333284561	0.100813820862612
-0.106591481202108	0.18833933537603
-0.578752710255702	1.40570980915388
-0.167767409043214	0.18267156744828
-0.00831849754586144	0.0102946107521816
-0.26222506799488	0.444315223751684
-0.44696272696652	0.848554773285814
0.462862708438346	0.467772672924127
-0.158569278733933	0.143641843310909
-0.288748762621652	0.417644079142389
0.312088446397631	0.418835083324616
0.349361629310242	0.512882452631876
0.0496903992342408	0.0421198650844012
-0.756551764551517	0.741133067872708
0.164921786363291	0.162597103993757
-0.0277108744790876	0.0218331453512668
0.32121044331566	0.292174198918924
0.649712726430319	0.398785546344506
-0.150065878230747	0.0608333751456503
-0.297383552665826	0.149399643110304
-0.987114293898747	0.743479943057878
-0.177706180234348	0.125524928290332
-0.0121389404762109	0.0133331438401912
-0.143996238147892	0.19305977785849
0.2400178189558	0.314607815749599
0.544631588112759	0.510732995232278
0.305657711332508	0.309100367079737
-0.385583016310346	0.466554730673485
-0.171085905396667	0.233829294513738
0.00555908524568447	0.00806132268796123
-0.225856790907354	0.497553122797943
0.26864282782155	0.585206607346673
-0.0277466901697172	0.0410133114981699
0.0470635554037742	0.0754913121985645
-0.0150282001283628	0.0217691782937813
-0.182927148424359	0.341177070683747
-0.34215480550909	0.793382641779453
0.244278414046757	0.497027220090405
0.0115424508585051	0.0149738705690894
-0.109712661156634	0.202873239031893
0.356496074838113	0.827041658071678
-0.212650797825301	0.406835890923155
0.14450009605923	0.235283495698051
-0.406315042861638	0.748724572917274
0.0981464848423959	0.0825399287031257
0.165844041859597	0.223781324121909
-0.461461513843821	1.03784430740152
0.0116600937255464	0.0151948744967367
0.0666630494430366	0.414453250316124
0.0939908102212401	0.54426173693223
-0.303007527564747	1.99648800435793
-0.317977560982057	1.75788752077837
-0.333768464042012	1.6134486264179
-0.37222469787334	1.98093746500745
-0.434933384131639	2.50493821549356
-0.395548602304907	2.23106923121663
-0.540821917422799	3.126353233085
-0.282519684989087	0.903865377410633
-0.206730320906534	0.517927953279751
0.0108972137635727	0.0207506965526559
-0.0803898499028032	0.16452728085696
0.130059974179762	0.312687964574081
-0.280853456554655	0.870997521878231
0.0445551648070589	0.0745962175604065
-0.531939876597631	1.94776984448575
-0.0777448160365686	0.157635762820766
-0.0899248138443489	0.179162313630958
-0.0829681326822906	0.16976678980962
-0.0959927303027126	0.148635741597371
-0.277843501461403	0.643710294308345
-0.0522722155420597	0.0764487630005684
-0.147506717741917	0.241634684592599
0.0280914906279277	0.0390826600897631
-0.26553154532243	0.494964457372655
0.207481560758371	0.366543408005031
0.36225894053495	0.680906555251677
0.371654031113795	0.681456826817139
0.150929741900991	0.22311199711552
-0.111191918161125	0.151816925993638
0.166418845673634	0.224963444641754
-0.0999804821964503	0.133581311265444
0.128722765300423	0.154149606026446
0.161836304190839	0.224445614529894
0.535787145966111	0.916771060742967
-0.0562957268078211	0.0530411275018512
0.119624790898728	0.106406507934728
-0.00640811240019356	0.00649917164811725
0.942118382157384	1.88561429830673
-0.457849756652239	0.590179601004899
-0.16670646537553	0.182622410757589
-0.578102922925111	0.897714483610286
-0.375997830254451	0.785717948134769
-0.374777592447753	0.913848461318859
-0.22960174277549	0.397195364213578
-0.380372646484256	0.814917336998497
-0.305415309779417	0.548331136970827
-0.386913324226106	0.858308734574751
0.0723736962539077	0.118124228405591
-0.428199062791184	1.01031638447366
0.0391877169021262	0.0491327260173865
0.298427507248835	0.534701127845581
0.672763051148465	1.43491600228513
-0.144931522223291	0.192394881219437
0.321710854286864	0.55491643998945
-0.0206268897061198	0.0238547063286999
0.0404839325145866	0.0510610756896966
0.00339725457636292	0.00410497822980594
0.118078729350877	0.159430958895796
0.401160940183286	0.701437952889343
0.221575291850248	0.320084982978185
0.0831721318400916	0.0948602581574524
-0.337427266489531	0.536203107550036
-0.0548181046154076	0.0835726329925647
0.156591400290619	0.259482513714791
0.00816664850777768	0.0120375331014505
-0.3630401257021	0.765055177781547
-0.308334558610773	0.509898227841774
-0.0335765224033644	0.0454717478851269
-0.547256816636782	1.75371090990115
-0.00899344670064677	0.0420577508912695
-0.0752368708730309	0.365467824943409
-0.21421331176625	1.21909556434385
-0.219409568340953	1.00840154141999
-0.343422576684467	1.97208461665911
-0.420346719153894	2.4496249136834
-0.374334574206067	1.84049869623986
-0.597328890010032	3.47534808054966
-0.0449139714318573	0.0995647663118684
0.175374464603267	0.450429463601981
0.215931199006858	0.626985468514114
0.0750401582774068	0.168941375366124
-0.464419004889285	1.58767986260217
-0.354630781850519	0.91728032580365
-0.146876361945184	0.253598814153772
-0.0132743247047122	0.0213222148860443
-0.154894162093956	0.347313873775766
0.159082393038689	0.370393174182916
-0.199183672996489	0.477722141317532
-0.0722990497666423	0.131442051113481
-0.175177435972264	0.356042541658077
0.267500116604528	0.435244252120172
0.0971297614859996	0.124824162264399
0.017933212786495	0.0233694026454404
-0.626302758777087	1.58511501568166
0.368673013418087	0.769310932501244
-0.131112769433654	0.177043197162293
0.437071957447368	0.819726043018391
-0.282346368619208	0.452786186355964
-0.0966590632666689	0.113192569233615
0.332254331565704	0.552671869971616
-0.288620293112321	0.418168978348574
0.281128543517345	0.423308976947641
0.115725386976948	0.116146592488851
-0.200023868192066	0.249449269726036
-0.015438439167174	0.0157346970432037
-0.15670607053065	0.1367472757596
-0.322192038563484	0.320355850427218
-0.162187333940811	0.168564701541366
0.398213198659663	0.35083310243412
0.400381950807927	0.489346654761107
0.366094380635075	0.404807087118538
-0.703500528036619	1.18460568831744
-0.0927636207861184	0.12538091627771
-0.21016758902215	0.362618796768138
0.361204247681093	0.795632367818767
0.0837351753871542	0.121194496348911
-0.56625704538925	1.4416787712804
-0.388875012868431	0.570587267379727
-0.0216098905517958	0.0271806069116377
0.443217752819189	0.868990499127003
0.154069030797442	0.239410809899764
0.141925339345213	0.20476387431641
0.421607892919397	0.941149141545434
-0.175131312918886	0.250989602110617
0.148430187919411	0.214027260676413
0.228246122054261	0.375574021988366
0.549542023781507	1.3357807311618
-0.0778497454323948	0.10851062543655
0.136022998205938	0.195646307752234
0.138316958766287	0.195812226085065
0.00766800927129997	0.00922202164745855
0.282767406601258	0.474030668577675
0.510615850247422	1.10984461693455
-0.505611031400598	1.05462237448506
0.188838235642107	0.323257602344212
0.087958288051004	0.128738102924545
-0.204146287441113	0.316612006202443
-0.18759650594672	0.295041239690088
-0.104729132033989	0.144146151075194
-0.138613471037598	0.214622613282654
-0.0985717412876781	0.158933244103428
0.0331830558924376	0.172902264236526
-0.0278542154221704	0.1228404607845
-0.177643701235674	0.927542813838791
-0.177239881617718	0.816244581881493
-0.275710230099239	1.41940786646125
-0.374417317866357	1.32079011356691
-0.617726900683852	2.8567856185708
-0.263305846952075	0.961556259789195
0.113703496768213	0.303551367350078
0.19676714022178	0.603930972505517
-0.160571114632369	0.440884681524206
0.0751079828353072	0.128597732720853
0.196948760289323	0.263460645171754
0.093265289889192	0.0768621296042192
-0.428102904122766	0.718001386375442
-0.178728077286695	0.374633441961066
-0.0791248921199105	0.160765447282752
-0.263685961778011	0.563438029323945
0.143194884441258	0.21252889866929
-0.0189966411045003	0.0272636945290058
-0.724217642583747	1.76023771897315
0.177945224325353	0.163895911591139
0.821276008550889	1.18989663899355
0.518787355250093	0.896365238222483
0.00829711944523698	0.00814950191058174
-0.0290324925069303	0.0288047635291201
-0.397026677418738	0.466442060775961
0.111119027300535	0.0675186618303863
0.706525045027868	0.859657574853903
-0.886464919030185	1.36750991926548
-0.144353210327874	0.132124792955633
-1.2866283272929	0.991111334287554
0.474341564025202	0.164839889982924
-1.15424383253722	0.765747310205607
0.797750105104399	0.579329339034058
-0.299122294076313	0.154319008295263
-0.218593784111446	0.15734953828694
-0.578222974007082	0.902164248057293
-0.258907711439513	0.454061851833149
-0.135712130118575	0.227395389723902
-0.0661839259110109	0.0947490746913402
-0.0114061891157934	0.0141664314582665
0.483562378658935	1.16604510535117
0.227680040600148	0.363142989470627
0.291046509641254	0.485245697335776
-0.169822138002145	0.229324027568437
-0.3841267428392	0.340239158526046
0.0492147185713943	0.0397485953925616
-0.300789728111975	0.304969575087525
-0.0115886783605032	0.0149207169491238
0.0235439647832093	0.0310093466617656
-0.0701158281128711	0.116197929599276
0.365253031791679	0.829527616433084
0.0945196871014059	0.161230451781526
0.288379649657154	0.647773000020277
-0.023020113101386	0.032923612548208
-0.251345479740662	0.495711217714218
0.0399349764882827	0.0610631928706916
0.36201727031209	0.830856067339766
-0.164341114957148	0.259189906462289
0.0111914052513569	0.0161745426510818
0.350687107263537	0.791690424991614
0.0285999250375811	0.0410288973098676
0.239315194297371	0.440154287114464
0.0359248622619572	0.0437719692470289
0.495936146183485	0.510082301388417
-0.368603085612577	0.602788093268679
-0.0766796347501114	0.116442943558468
-0.264132914430472	0.44854622966967
0.113541308556651	0.146782704234065
-0.135460425939428	0.173444723942407
-0.0715727422523709	0.0684877695485603
0.123214561619541	0.937094228497135
0.0145111621919339	0.0581867683037762
-0.204768449120018	1.19154273880877
-0.311431025136892	1.96154322424627
-0.417931815744906	1.89993161974959
-0.585947690036165	2.93028136659989
-0.21479212921375	0.749196648031101
0.0868129217860708	0.235833391257686
0.0440816317432366	0.106878194147012
0.260298412127485	0.830671221597545
-0.0266378858484688	0.0451473521146788
-0.170368955399588	0.23456766981968
0.302908155375279	0.320463801726244
-0.0394655685994325	0.0491316509370898
-0.0733349335202433	0.132517532295765
-0.0965124204782226	0.207880697237151
-0.158781778566956	0.360546399243906
-0.00230982101996143	0.00321939202781103
0.15394311857568	0.289893571278031
-0.0626452860783073	0.105411590989217
-0.090051818132219	0.132783411310917
0.220813656540714	0.369950136305401
-0.418293104984613	0.781344167141207
0.175574845622921	0.144862408946941
0.0722191297121558	0.062823943561311
-0.220506693183734	0.289383415994909
-0.107521859205033	0.132021512770835
0.00222020138738212	0.00191985046418509
0.43512655698746	0.497954170721993
-0.152451668458697	0.110567741319745
0.025219410224774	0.0196684789489202
0.128418955412306	0.129195449321192
-0.439587233965207	0.461988978626881
-0.24493654626323	0.168357555807749
-0.304393257380517	0.151380789437762
-0.300956576562365	0.232639922277494
0.590158121077933	0.508372376907503
-1.39646949431411	0.794842575816911
0.731465681782037	0.655573389887883
-0.265026615780917	0.25100030344426
-0.267628898276601	0.50589530029261
-0.0835205376695646	0.112241545147739
-0.0235645358870439	0.030985995786144
0.630977743683932	1.30976814599171
0.0628495946010158	0.084379145293638
0.227828874555585	0.304188158794716
0.363090834177832	0.266924426470146
-0.365403372537146	0.345454017686052
-0.384529852821685	0.47602779070747
-0.0973271050599065	0.132219846878453
0.130137558911735	0.215437607458913
-0.182649300276872	0.349785409161014
-0.130979740191737	0.23703694307928
0.0691252542372859	0.104672234669673
-0.470290554982762	1.31383930505041
0.172805128641841	0.309634728500166
0.0378945704779788	0.0570156556179358
0.198442297238104	0.362100670477171
-0.142118556500852	0.236344884933571
0.0764801435676109	0.115314440653412
-0.18803854399127	0.3640901093103
0.214511605999239	0.408799006616643
-0.00518623320948639	0.0072477428766139
-0.00406823056255287	0.00515296508559871
-0.199298606347009	0.292172949475476
1.1434759015267	1.83394907216272
0.219342613307593	0.329980715756604
-0.395229922555979	0.780611795933268
-0.0843033040824284	0.112490846500142
-0.381522831056581	0.617470048525598
-0.35575441172879	0.572038995404781
0.00177479008405532	0.00787003785064923
-0.00285980210564054	0.0107971991066626
-0.37347200450727	2.94554684293461
-0.501287214851792	2.72174124558446
-0.498535056278083	2.34014664609588
-0.0677699544001171	0.186611926630029
0.141892778651577	0.432278065621816
0.0288786818332618	0.0646833644442533
-0.0165832634415632	0.0349475317009544
0.247846658439225	0.609850203290702
0.167466507329447	0.236754297516172
-0.172096342991215	0.181322039869255
-0.62673602375406	1.3340547950156
-0.0297214807594243	0.0507129504008763
-0.0895960138696375	0.180056298858964
-0.0644464927563414	0.118088886903907
-0.166550023856567	0.432937497531867
-0.0704287477265445	0.141713904238943
-0.321724317367144	0.846701732224893
-0.111832205475759	0.174493467198009
-0.0448527813604197	0.0749841015653738
-0.43569022685665	1.15586287108845
-0.223929449660278	0.393402464078944
-0.292841325038132	0.38566531853057
0.0197012940814632	0.0269173309822855
-0.224325147013645	0.347419295286836
-0.315947099729568	0.274188060943263
-0.084351427796465	0.0727579410738841
0.225853670221223	0.322547346306939
0.18881246952788	0.243361005909317
0.173226174353655	0.208319260430185
-1.02532753850086	1.45436588313865
-0.282034220111741	0.265234267226512
-0.158743976281231	0.12654937211728
0.0366897997841414	0.0339361901323959
-0.1962867829989	0.170122949180069
-0.854776161570587	0.568053388353687
-1.55845636674702	0.563664174440847
-1.00626815069787	0.597708215224998
-0.609273413599445	0.392571437525835
-0.119509626919869	0.0520650137978431
0.1223676004314	0.0843179611222379
0.293199813900081	0.304542560715682
-0.325421260678467	0.472793842334579
-0.442667770071185	0.979830644817453
0.0164632404989845	0.0208565045804834
-0.231156410026881	0.360329350342669
-0.308999094249161	0.430554997840013
-0.142806527865127	0.20978179274583
-0.593888495841208	1.17265219705885
-0.458676002308434	0.266716967365388
-0.570849925607196	0.757610999465874
0.172395542116314	0.153659988492311
-0.15183048197392	0.202129690197054
0.0259963428343726	0.0367239597485164
0.273806880550267	0.575323442604903
-0.296682356334538	0.605502166308744
-0.390902849728462	0.869633293988147
0.356352611691152	0.686013030114353
-0.589150501789464	1.44077336355159
0.348173052117437	0.722238359730202
0.164564390264549	0.297979268552628
-0.0314256357751609	0.0425241002504465
0.00344719903926106	0.00439369982563036
-0.0149921464973994	0.0215496159051406
0.176801735097132	0.335946673097635
0.0558612572585478	0.0805189716974058
0.141540338988928	0.228437487376416
-0.550738362697477	1.13205141696798
-1.0754468986816	1.42678268710561
-0.214390366941036	0.300304271790644
0.148758294911997	0.236243368118006
0.296536327919132	0.527334030086388
-0.00325700951525906	0.00381139226401176
0.0349508716184089	0.188081794574478
-0.150661712149266	1.0364937884199
-0.232005202918269	1.3490840467301
-0.35412995610409	2.00391168210362
0.206730267767993	0.98669699672065
0.296716068225351	1.44644018938759
0.477637090850769	2.86309166868674
-0.140323064014515	0.451533135945352
-0.277822543405054	0.867816376283588
-0.0241395523089359	0.0413508330197716
-0.258303416741236	0.426343004396128
-0.492145732854436	1.61325988011282
-0.043851022804652	0.095493951186871
0.125791106737528	0.346013773536386
0.0358184288690198	0.0746653809711786
0.0973400287576723	0.225879745753118
0.0329403927157627	0.0679717461423128
-0.284988758730693	0.873001376827984
-0.0618753664375706	0.119596789530884
-0.0073584529571909	0.0109349589989175
-0.19679521764397	0.472511234187001
-0.157418783872789	0.198256102786851
-0.511706620307924	0.585796708668363
0.0440212217276002	0.0401467894923421
-0.688148527220682	0.636685122382998
0.628286204522188	0.506656109669454
0.962684521612563	0.865941503801344
0.0513411552155639	0.0799852846091845
-0.10510242852522	0.18503580553497
-0.0537472704313037	0.0801641165205039
-0.0328312297680537	0.035114506529385
-0.282030658500033	0.328075185495824
-0.3930062974491	0.750287198013509
-0.0645105055014539	0.0832180737609991
0.524087402218833	1.1492470001314
-0.0219877098372119	0.0238164426164285
-0.548024426293228	0.59475241955069
0.114089892934502	0.106293751985164
-0.162445120837569	0.213177061367502
0.135375541438506	0.148135861273008
-1.1773467208908	1.56193229961003
-0.115834447561849	0.051979517932219
-0.692568470364332	0.767540871602982
-0.676200018312102	0.604061531797476
0.233387771706539	0.184584579423863
0.491590548876285	0.503747836619176
-0.462104488149738	0.679004715833771
-0.252106788012381	0.422476090982404
-0.393070572036293	0.829738991511638
-0.152663262072259	0.255163369891683
-0.0959405979604287	0.155564501678886
-0.234543684352238	0.458464473495537
0.30795061625143	0.704831558707376
-0.74143094786662	1.74073226452271
-0.379450969974151	0.453353313319195
-0.0107693182712295	0.0119084312510492
-0.0411734528327507	0.0468511686863477
-0.238970815133894	0.443460557711427
-0.341271201911437	0.680246371527565
0.235694120896532	0.428443589168958
0.160550801717148	0.249346000709346
-0.0947553450467009	0.148327722972569
0.311869024909508	0.615201098750907
0.62074945527339	1.74640383099256
-0.00421180206578999	0.00591739915806523
-0.268282091929764	0.493449798306556
0.189000851048327	0.300301690343112
0.322133470064393	0.667337645011062
0.269333203450472	0.535848428998152
0.129658450972727	0.19828805873984
0.0961207661546411	0.144963652110605
0.399761415323033	0.943302241462157
-0.401357049110819	0.944809074575052
0.0779312215493809	0.0843948458690528
-0.0418848461211812	0.0554511846241721
-0.111659260884171	0.176510078833414
-0.218069171337415	0.430648877858851
-0.21498572717224	0.372631893150954
-0.0909927481622553	0.126041848085134
-0.00544853163132573	0.0241303807319492
-0.2064337162921	1.53489493826786
-0.259070064586356	1.50391150672077
0.278575450030587	1.76728258801249
0.330760279828886	1.93524831230642
0.294572814746757	1.52176393033883
0.0302953506515932	0.0821501708783227
-0.109872205593334	0.309000266440812
-0.505229153850341	1.84478865824206
0.486327689039173	1.12914783671535
0.0176846802546175	0.0279262091297273
0.161662001256864	0.488987559428571
0.0826815265082005	0.202568010612664
0.31990218568246	1.15627308871841
-0.0267549925927438	0.0539669000612498
0.115788102286952	0.250804923306384
-0.0141126546299936	0.0268913903380031
-0.101419854049246	0.219801664658431
-0.100241314096627	0.183862433610999
0.189678561178835	0.274545690399627
0.068982353666405	0.0840069633403216
-0.346348875451191	0.415498379476832
0.6472627413839	0.94761840363618
-0.17131831193267	0.150663732028333
0.375733392114754	0.391726906750157
0.918763339156955	1.0477690539044
0.548622720030623	0.482645917761446
0.0110001376065358	0.0143983110843288
0.2403374091715	0.553407215084861
-0.0664446241500853	0.110198040610666
-0.169902097205397	0.29907174568277
-0.44479640932315	0.69582620187532
-0.458567358287747	0.703370928359069
-0.0403373692379384	0.0581111756424392
0.706273758060944	2.00451784717531
-0.15386869628058	0.245941818911779
0.258411612208152	0.351297238021829
-0.0249039423595825	0.0227010194444075
0.114561574438013	0.13174076569955
-0.0341936273971971	0.0406436255033022
0.409197122691804	0.549626632012432
-1.00558004113608	1.05424445106411
0.0999549916313839	0.0494651897794145
-0.0627756781621419	0.0433180694134267
0.871638127682916	1.03641245495981
0.923549038962211	0.96863458531845
0.643472348708779	0.833784311636437
-0.343364946248757	0.410302620805513
-0.19873379825272	0.345280390839226
-0.501707468818724	1.0598082888485
-0.236004880631246	0.371863986542333
-0.072829867594731	0.114361992425311
-0.229943336501173	0.443345181937452
-0.0631054480117279	0.108804557340289
-0.194671889272494	0.333160628753065
0.153442249226101	0.126910089482989
0.150249211240538	0.192886492267173
0.00148634883352244	0.00179064138390346
-0.102678792971237	0.175034945937011
-0.333085627961654	0.801037903864558
0.122938682290547	0.178513572808808
0.225323417511903	0.394440453953945
0.0311171834833503	0.0401646276063917
0.671358197501348	1.60080826973983
0.225750341884735	0.402333270140345
0.00341903927975631	0.00464612136758292
0.162065205316013	0.241423140251988
0.109726255320652	0.142489206519412
-0.322873813195661	0.530584749691454
0.0429502883258456	0.0593910457463563
0.364782560064712	0.640684295179138
-0.162762530367062	0.24842353999195
-0.153810572593891	0.291202081096823
0.083644460470755	0.127467536377143
0.227614237559612	0.274730252752943
0.0603552962165184	0.086367450367055
0.0855611044637145	0.137772443891705
0.00377591089223	0.00499715723218143
0.129578799352609	0.216425615698071
0.0821808029849484	0.112850437789326
0.102338032253501	0.100936175652806
-0.0131631190608789	0.0628947179349062
0.00617660261113694	0.0261665421653207
0.553878691960793	5.32927622094789
0.524289116521042	3.352229555039
0.148803775400954	0.459450139129304
-0.012124210054185	0.0266768512448885
0.0595415496447797	0.162626951656555
-0.597806990928218	4.9754680837991
-0.348373670517012	2.06492870993795
-0.198038524510046	0.895928369215389
0.394363593004302	2.00163151741781
0.625896947968056	2.7583526377528
0.310186465371546	1.09939012872966
0.144084702120399	0.265077135190763
0.262340992139795	0.540963145028276
0.291232144073069	0.612597690446446
-0.27211964776437	0.796854445753329
-0.312438091164598	0.779192026132265
0.0402007557309653	0.0529474653891376
0.200716358937888	0.334111177759679
0.0466303712473196	0.0533890519342547
0.476975461718323	1.06926361202001
0.213943444435243	0.379047281600521
0.0346227994822334	0.0492073885295129
-0.143931845941572	0.279929665290678
0.234200159169669	0.442228748469249
0.118132052993916	0.206695482044447
0.10729151021096	0.160025792446766
0.237243945870749	0.409804133996743
-0.157493479924887	0.268928303718656
-0.0887810765692343	0.162775886285041
0.265139660286775	0.601409883876328
0.738727124652433	1.65180756104331
0.410476474047976	0.927034158143555
-0.249491494391697	0.430522622557779
0.175698542497732	0.284663225539936
-0.40851406839497	1.06076520625473
-0.524327788296816	1.36929463844355
0.659709421514283	1.64753907143391
-0.0955114474073389	0.132270321808765
-0.242755019676717	0.515317905387007
-0.15783406966878	0.278335829205995
-0.732438669582284	2.30521669413737
-0.521908885147945	1.36648674917508
0.220583777189035	0.376849934059169
0.358121895657064	0.700444165844546
-0.385860127555721	0.54574341857874
-0.114323009587147	0.192740671328075
0.280317927435585	0.407499977819173
-0.19007305593547	0.359587720598932
-0.0508384575186874	0.084826810682713
0.0893827727811329	0.120726780582643
0.257723308900133	0.530030818607429
-0.364258082607729	1.10454984803897
-0.216608768505061	0.490554261225709
-0.0413710994407948	0.0768645924043092
0.136321849804396	0.190918206105159
0.271470757191907	0.352202651881189
0.498855313720646	0.777791666417288
0.172327692492314	0.176914161481828
-0.147270055674666	0.145226659530576
0.172635531121663	0.185456662813547
-0.31329150316359	0.396482999578875
-0.397795650681859	0.497123136395721
0.139893995112645	0.157025129363326
0.0925003395775429	0.0922433132835609
-0.333274975662058	0.389413446831623
0.498506587216827	0.659123997212681
-0.713657161370651	0.886634771405791
0.046938673976567	0.0437716514660594
0.0844180926507585	0.10307326494267
0.600118710668824	1.48001702571454
-0.0196918224837848	0.0324951672930657
-0.203644065840136	0.350129380642563
-0.792072456585123	1.64658060065255
-0.497581532182855	0.997624429781725
-0.0218678779181156	0.0348775897246357
0.0731803319885324	0.108784656129968
0.158265167858171	1.360296894089
0.221740653146741	1.71967332084797
-0.315118524640374	1.95222487639581
-0.42255299968804	2.76217497834299
-0.71288183629361	6.84593374912683
-0.00488892071516961	0.0118520576059613
-0.411463948229649	1.85285784934922
-0.173313011757218	0.51434064554162
-0.144702727789831	0.29274164435524
-0.309984244933456	0.803709892928947
-0.638267600071974	2.32868635737651
-0.367818445304635	1.3384375330234
-0.413535169988042	1.18440111352682
-0.097956472502615	0.20466022396034
-0.117414980337157	0.1754528523766
0.202255691540882	0.337930325285298
0.398367475362061	0.849359152779165
0.852660619663226	2.26878585890337
0.00635353257773233	0.00778986607070578
0.151934095701682	0.244031122489037
-0.280704088682485	0.498570735435274
0.154748467836678	0.289845316786755
0.247191623011644	0.475285822619469
-0.0461283691593395	0.0662621190954619
-0.114296797031193	0.197284632653916
-0.273708650710865	0.515784851202419
0.0314006981719746	0.0435789822106641
-0.643326733541895	1.71503023457495
-0.159848192367353	0.30665465645353
0.141551161883718	0.262207425071344
0.0129913858820343	0.0169815155416836
0.318434551905341	0.64188553368618
0.224267898934775	0.381650783247177
0.0568811912542703	0.0746481443673038
-0.429613035449066	0.923112589272472
0.106817997062619	0.165840767840945
0.06414589328699	0.0855621290734546
-0.317473768007586	0.579692044385535
0.163879460785139	0.264646751019831
0.147588332760604	0.237166251073866
0.0702855104954942	0.0970296640719816
-0.126538818142621	0.190734010036285
0.416792472885291	0.798845271446001
0.367060832178542	0.59807210571484
-0.176727246569618	0.221059351883266
-0.220044458909475	0.37569469812933
-0.572765104404789	1.05152584637867
-0.361271745834504	0.797000934391183
0.0248699292343223	0.0355607196068696
-0.168967400683149	0.265114553915664
0.034172192715155	0.0500391025015297
-0.207496724293924	0.442684510043317
0.234540712027808	0.478624310628624
0.00216902487673025	0.00341386192868226
0.181227115371024	0.263539048500415
-0.213174910640645	0.291442642849333
0.344828372378137	0.483105987082493
-0.212183427595766	0.254398925747287
0.431113952357855	0.495616405595086
-0.0756095124497893	0.0782852005171994
0.306914056727112	0.358894072340551
-0.0752511336666466	0.0725085900630189
1.29612903051381	3.09455027073078
0.472734871523067	0.617985894997801
0.0913670419958111	0.0938069006097083
0.640541998689999	1.19252697542887
0.0413501595045349	0.0372297015851052
-0.153693218862859	0.16451358302947
-0.337581661321982	0.470853195337513
-0.00421211956256239	0.00529097933409448
-0.234969704914183	0.566677500610721
-0.836251883347696	1.9533224200379
0.0668537548752956	0.0922479633606994
0.0964243186732743	0.651002229678719
-0.146725497145537	0.898717832018482
-0.297214114437707	0.673756405505665
-0.723727578991466	4.16338708870863
-0.0911189023768953	0.283027110040386
0.110334911060578	0.352788485267907
-0.166570363504631	0.527079251347684
-0.209538203576364	0.702502961415106
-0.204411446787598	0.609446271155218
-0.434559011640695	1.91357837509641
-0.474284463276897	1.93350492097054
-0.156059815279285	0.337972400175793
-0.288574111696944	0.857938874475856
-0.146981460767565	0.341775134974617
-0.101418097653256	0.185027578515185
-0.0558300309929592	0.0587529098922474
0.571037896798236	0.839571004551433
-0.19450057950243	0.221379328567645
-0.373139156925846	0.411601425294447
-0.422318572082163	0.373174065553572
0.146701505276654	0.108974128646692
-0.69282616824194	0.714481903456995
-0.0605389675192012	0.069137700227801
-0.435792067748822	0.628144888103012
0.0192566348294858	0.0255965457811968
-0.427209736444698	1.19149210273395
-0.338807399087813	0.921804735375073
-0.54182153130632	1.55226636482394
0.218402584622641	0.258817964243894
0.188944030022409	0.23856431742596
0.260595680666095	0.448366361368397
-0.311304074699087	0.556465237093426
-0.218581458055608	0.360159568123893
0.0486291350226522	0.0536244042250085
0.094048375237405	0.0960978840052331
0.181332131770617	0.21637039590766
0.110061204731335	0.14460608671301
-0.444777101499375	0.6062230330546
0.988182192791702	1.00091050074911
-0.070156097623482	0.0359657810705491
-1.25569219455268	1.29820452667284
-0.00272525001344051	0.00167787285968485
0.730898186616583	0.64061813794068
-1.02683140950113	1.31170870022335
0.118314696462805	0.157258323329928
-0.321438155106095	0.631206223548413
-0.216588220327632	0.305882151633084
-0.141594760862399	0.182999851475145
-0.490065839947907	1.15798923389106
-0.0334164061182177	0.0502932897093711
-0.228853577596117	0.389255685826789
0.0106561517546703	0.00861870697489821
-0.187604144224199	0.223294327046311
-0.38005095863898	0.575704985264684
-0.276705748763402	0.535030060004272
0.243284564159915	0.448972373542967
0.166189784946686	0.281055904484004
-0.037762366224264	0.0472333503577344
0.150461409381431	0.241249309944944
-0.304968386715254	0.550611631100478
0.138114300917727	0.189911430724833
0.152961538968927	0.23079372900908
-0.0531876345433489	0.0723539306541882
-0.0125332602149563	0.0149813117628696
0.50819307389114	1.0045397791462
0.172350662640724	0.255315622403942
0.115449714406249	0.161259792865266
-0.0117051039060551	0.0144743678599368
-0.472108305103181	1.01762768128323
-0.040587373920857	0.0586610798333735
-0.373274251258139	0.693773917236507
-0.0223433015437676	0.107688116090923
-0.150263225771388	0.94059009896302
-0.243857905846082	0.552064790924193
-0.408256559048433	1.62108992734341
0.0401144468522556	0.101665736286877
0.143958141412088	0.510094616653582
0.123588239425116	0.374174611855155
0.104626531634847	0.299843521013546
-0.143606281973268	0.428479803021588
-0.231498827722663	0.753256155281955
-0.276246329682586	0.787953147713199
0.0137930372632987	0.0225991084310087
-0.416690477933714	1.3842234980299
-0.170568018880845	0.373415038628864
0.029551472391784	0.0318837285537839
0.000679660761100298	0.000584490316908191
0.475250904757831	0.646980977382766
0.168244139100242	0.148341412536821
0.384710453269482	0.3916438168587
0.716992329972032	0.777324491317842
1.04708829755081	0.756771008971422
0.392725996149261	0.26806293624217
-0.262591124781774	0.392126029289138
-0.365447093477049	0.483985840678884
0.172908825534565	0.241293079101729
-0.472037719818227	1.46903158225136
-0.609485076480116	1.80514145134703
-0.111822933788473	0.181498304710583
-0.423350532774378	0.541243739754603
0.224381172527441	0.26941115622002
-0.210196181775553	0.329871182291722
0.493532149033635	0.977415414437932
0.217240386250805	0.331679800930052
-0.240356586291301	0.277860108984722
-0.416064185947886	0.397144061518565
0.686949764663292	1.146007694714
0.114715245276781	0.136422548546767
-0.0154430708635446	0.0149993875549467
0.0943149558150595	0.0470843551133346
0.232869092719455	0.150697958679572
0.236916100046102	0.167535847800479
-0.213558767052498	0.122449494465507
-0.70970888597824	0.779044429119927
-0.426358072246805	0.572987270249235
-0.0937279738054772	0.120402817839881
-0.189875831926126	0.271415129245007
-0.141351497177299	0.21577379628435
-0.0358301512254048	0.0479042308866651
-0.131869734972156	0.18284021965289
0.0404788352881141	0.0278005972840634
0.129815150978017	0.134875218034001
-0.253895254894389	0.313145582073153
-0.280492223376706	0.529576808451048
0.270356755151338	0.549107303963351
0.258889898190553	0.509012304741698
0.175844786588489	0.269930976590344
0.140186335205453	0.205854329070483
0.0614475856869703	0.087063745902518
-0.422226302398358	0.840597743820199
0.151231408074395	0.217026381097081
-0.0197285527920039	0.0259605326421981
0.149119534690557	0.220303005950377
-0.168447138496422	0.244203905597354
0.152061451353026	0.23463980241025
-0.46885487289837	0.829067725397519
-0.0672612995533218	0.0926459445386998
0.153533971625299	0.238178029820764
-0.0470618310876864	0.0603557223397887
0.0149619323858108	0.0715157647947105
-0.222801280357741	1.75409328454715
-0.119799558891996	0.284216560297315
-0.563209090476746	3.48423230654675
0.412715361101385	2.63476876932561
0.167302603851316	0.692711926035452
0.102642399947882	0.323361327599488
0.0164526800264099	0.0398917721509836
-0.105719264098414	0.289047052668731
-0.454377556184156	2.34858333185953
-0.523843655715827	2.39423682517374
-0.300983841092827	0.846599444985431
-0.199849314767995	0.554396336610159
-0.470477426787446	1.63111085444999
-0.101409330338576	0.171046621075167
0.198488385568598	0.294313835384324
0.109331491473492	0.149159684342218
-0.0616309369187917	0.0699559640069343
-0.121779950615263	0.123459621734955
0.634873708469738	0.948310870611842
1.49361440779809	2.82163638888083
0.2383467095463	0.196560237162154
-0.143987574368785	0.10572169249832
-0.613290257216465	0.583930942236366
-0.1449881300674	0.184077814722549
-0.405387607011851	0.71958185581148
-0.159847950218593	0.264411564683347
-0.125936503763962	0.254215721891345
0.148363349938087	0.305487557374704
-0.0740447260831947	0.123057751573191
0.48454239636466	0.73009488146459
-0.0346201965318926	0.0391936282075763
0.139540379954422	0.206843031206585
0.0616756429156303	0.0812968614751865
-0.402614683941994	0.722239701753026
0.250339132206021	0.326951662239188
-0.625892595672318	0.765027631859273
0.424620978482978	0.628500017893734
-0.0438018293805617	0.0551914336552653
0.118022325490463	0.135129061143579
0.317994543129771	0.261577219031576
-1.14515807673448	1.37665153985154
-0.293767351711792	0.191784220922944
-0.239083057290746	0.370007975361551
-0.109793802776002	0.159522343568755
-0.0512132069712663	0.079241410532864
0.0346452399151052	0.043669394963369
0.235039212864018	0.177771192727912
0.624315199082864	1.05180475273567
0.0445015592391201	0.0495349720123755
-0.323383714822466	0.622348559262711
0.176556736918271	0.30378532248483
0.26649877244059	0.488829727508905
0.484211366552123	1.05573943919509
0.104611036646768	0.148725295096183
-0.0281138064954958	0.0375395640840615
0.0286852537498908	0.0389975555968608
0.230518645404042	0.424318880243242
-0.0447715586158491	0.0597852204632515
0.154899646572774	0.245238912146264
0.239824726898617	0.419374882622936
0.169539821944198	0.303117368976651
0.133146572469076	0.192113840622695
0.529332938719598	1.33111438028594
0.49144283107943	1.24985862209933
-0.192795188925559	0.315923199994463
-0.103055439268711	0.147336100321603
0.0419122427350646	0.225927478997198
-0.215613043030579	1.73583514607988
-0.556407626359548	5.72121166688861
0.193120621175506	0.713398301317729
-0.0905464183181282	0.332878728580113
0.24428715520233	1.1433910972614
0.16778000006904	0.599343162515487
-0.142718553469475	0.451124970825812
-0.245978571194581	0.946683189875736
-0.321892406905237	1.24496050627855
-0.165526768149606	0.422595507389424
-0.166750805951065	0.466117892963232
-0.187132992110591	0.476841847404344
-0.0588228563603931	0.102867965913146
0.035564803004358	0.0461219673547349
0.0856365909782364	0.110859579232715
0.057597040479391	0.0839391013201055
0.659912181177866	1.81933344062144
0.18884158857372	0.277177321279336
0.0259632372775748	0.0263173492180529
0.504672236592402	0.870563142317794
0.635008610197476	1.04379633210337
0.339595046499999	0.385942613355439
1.25430705877434	1.9232022074246
-0.0139689573219548	0.00993218151030074
-0.375681077194002	0.703219505605624
-0.338129642251047	0.578071393935813
-0.449231626349573	1.05871018829811
-0.249453000046042	0.615370827727206
-0.0735137920906729	0.146596059018541
-0.134888809628389	0.272469365345353
0.450967317777724	0.659962846717789
0.0211456128702443	0.0264829439600027
0.00660230322278254	0.00951129679745652
-0.0163578814557234	0.0230861871320218
-0.255050447145199	0.485818130683115
0.173828319744885	0.26308947213401
0.142539822341223	0.171830731571681
0.128600020200982	0.171400100467688
0.192028063595039	0.32174205255142
-0.155467525098485	0.199307883770642
-0.343524814391594	0.305671226245449
-0.0709021069105596	0.121535019732386
-0.0970168831553677	0.160448053423386
-0.08131585117938	0.111514043741463
0.247774273071998	0.222964338376133
0.252910158044168	0.346423578996023
-0.218258467048322	0.284818691262077
-0.320919055535197	0.651014248137396
0.122164423183762	0.194588428656594
0.424698608553026	0.945443879324881
0.0614274486106773	0.0750534075937048
-0.0301794382940651	0.0369463641354131
0.965655775948373	2.88126259984425
0.105329914373138	0.149929237490518
0.09376313945187	0.136147771286778
-0.194719461515521	0.294236653405946
0.175133167212941	0.261264044487335
0.868069199833491	2.39333241157658
0.345035247560529	0.614035070416754
0.438392698699612	0.926153367706084
0.409275329987855	0.881496384137918
-0.0174640148636363	0.0256911702238074
-0.138838435861455	0.220588003413424
-0.112385241038612	0.122376086784015
-0.223356838836919	0.371832039547341
-0.106023622741128	0.165145933150671
-0.0672410126053605	0.422178184142238
-0.119072135945342	0.816004746844098
0.563589940962954	6.11120878499208
0.303365123361509	2.19219276104321
0.306173243363744	1.49298942058648
0.080068639701722	0.190863125043289
-0.305662019147454	1.03452639527303
-0.315675845035715	1.03793506529624
-0.715021494932299	4.27690299095054
-0.0665926342778936	0.140280919127783
-0.0845221866940218	0.128803491115588
0.515161192613542	1.3225748219501
0.429049590411319	0.982700209820343
0.450210355361689	1.08829258317196
0.00664588284354095	0.00846497896925161
0.500150508156415	1.13248733334863
-0.0868711865297443	0.116713459185853
0.196303263299653	0.275664405524596
0.169030681449265	0.239654992062599
-0.0237803123672389	0.0259273269807154
-0.140760305340592	0.238401234730476
-0.185090432615828	0.381342215278232
-0.574090248715333	1.7862641074466
0.0167059805330317	0.0256594938485319
0.357299361753399	0.936539824336431
0.0417330531826453	0.0675904618275989
0.0202882583322458	0.0282893605167885
0.603157517077351	1.74049599492365
-0.0780380683206546	0.125990904865345
0.142840744496488	0.23433799600619
-0.161410860654465	0.297585018705215
0.422895456591728	0.919500223792399
-0.0311112397164428	0.042236426054366
0.180676648549671	0.288274731354821
0.289263802876964	0.506638484055054
-0.313568634426701	0.555801907705356
0.394276422104332	0.572071014487251
0.178021217677188	0.175943632446237
-0.47200816386403	0.744192438232013
-0.299613666458555	0.544615558500356
-0.198775291010065	0.298343910891694
0.0246099919448832	0.03074842097511
-0.0563235307612756	0.083054944195541
-0.145138782621943	0.24660672169803
0.207013684256503	0.325042398147526
0.371202751163551	0.76400318491033
-0.0173995571524339	0.0244626729484229
0.392844331785264	0.828560786625025
0.499911886524847	0.946393063451628
0.31251143172659	0.404548729663399
-0.353170834429945	0.390660168339071
0.321180149850386	0.431575586853612
0.185544357781574	0.224055888843557
0.228812466384584	0.267229820126543
0.227570570671678	0.249295639062896
-0.147392313515694	0.158924051682457
0.365280394682491	0.457269216386132
0.959008677584737	1.55788820940332
-0.375237824868693	0.510878455420818
0.182936692882187	0.189993595369482
0.224234624724637	0.239662212691944
0.397308261043912	0.753850951445686
-0.092457956812507	0.124265151157146
0.0770789505967882	0.11533056182211
-0.0148753153183329	0.0187430970703987
-0.0363676826327668	0.0451379514372036
-0.107504963441077	0.136192704593451
-0.152589393605173	0.248267153965209
0.138363315486791	1.21468517031277
0.219876434678486	2.12691561943619
-0.154856566084054	1.09668660960955
0.31426949244022	1.42158512137928
0.1523843528271	0.519070460173456
-0.0457126040121168	0.0753521492893541
-0.148890902027673	0.252775713737929
-0.255257177283258	0.517328974927813
-0.767590353788822	4.79218716620797
-0.364487158664869	1.04275466390387
-0.137279498476747	0.297607517830987
-0.0703195818284285	0.0894162077117101
0.129305098766487	0.18095410261123
0.0506324905404	0.0901410476898057
-0.10921499724458	0.200569794747833
-0.17097792768706	0.355820105161414
0.229025397607319	0.56938931146248
0.175256697233763	0.407857422122994
0.00555814028794278	0.00864866214613939
-0.125166006192801	0.25211321202516
-0.0447692175683206	0.0839676399600124
0.153423712357106	0.380505680696998
0.0607505549758849	0.124758237616307
-0.00151757776788054	0.00243167811249273
0.0293684719114338	0.0527403323158978
-0.128788710781449	0.26194481340443
0.331340514031867	0.699626950483582
-0.0912036774346007	0.12741066836022
0.11487542239123	0.180083174550888
-0.114060956572321	0.266527196842625
0.0117621901102865	0.0195458839855347
-0.306312700223274	0.701021538437677
-0.010161282960785	0.0142613001321895
0.38917997489472	0.936150279469751
0.0965644595949009	0.195144393900066
0.00367905384026597	0.00547716851722885
0.378614639773572	0.814450009225384
-0.386146193905229	0.933778282528592
0.151770233302509	0.30911463474373
-0.422627967306896	1.09119430149608
-0.400992178251923	0.518996023150525
-0.207886792982431	0.359579553844685
-0.241964692914185	0.283195450905253
-0.206417319305444	0.23772460121885
-0.0437770428551593	0.0446684524839725
-0.572365531195895	1.13530362081158
0.0157966965383277	0.0155827710755917
0.0906013258425971	0.145186997417293
-0.116887549053469	0.145494294829082
0.0970818031363603	0.158273315606585
0.271228696831344	0.767279920635472
-0.218664009965061	0.503405783919312
-0.345584142273808	1.00598658986669
0.435990673775187	0.653857659644334
-0.270726857951322	0.294504630424898
-0.190286702464058	0.166152537820244
-0.21198999559116	0.167428612491907
-0.30672652580557	0.227342444145799
-0.176292856277955	0.144408619853114
-0.112143996391204	0.0737368350193268
-0.248465123455793	0.217486682340869
-0.154717785573691	0.139177716631808
0.375349916826164	0.400570861254793
0.532482124449301	0.603995930301404
0.107393736315501	0.0955484340804644
-0.0267080335508337	0.0186095431352745
0.462771403291178	0.378503499502976
-0.0528012814660542	0.0515535635485552
-0.172317365085557	0.224145998696185
-0.407580397471496	1.29690267082427
0.0431039086194618	0.0559546611018621
-0.251629327771095	0.263560731685143
0.0922181570435045	0.10863391778723
-0.353455049774395	0.828786464023646
-0.13019854584949	0.205590731646459
-0.0322619139278344	0.181900289523532
-0.0189075805019122	0.094451118297253
0.701970035304695	3.91966665370384
0.411317443483916	1.94057416255175
0.756584054198119	1.93509463180794
-0.236073694543973	0.357225398333643
-0.0873823629742729	0.121636743029851
-0.622563785207205	3.15336492435113
-0.444832948423795	1.36557651045045
-0.367453746878724	1.06274497116155
0.775596253060115	1.49170077836868
0.0825049567100226	0.0765937634472543
-0.0735933392548871	0.0989661497736208
-0.0105866835364213	0.0145777018900176
-0.118957737604679	0.244515157506915
0.28200039494441	0.61646436559701
-0.0246528593987974	0.0410529651005588
-0.290005470548943	0.75003632991661
0.361611757689069	1.07636856552222
0.0132493638437781	0.0198024360846663
-0.292159795411179	0.759585823995509
-0.0385724357960415	0.0775197042154472
-0.0115685175998531	0.0236568269967514
-0.0883569526895674	0.24674407341367
0.290301535914948	0.816330404232904
0.00169197350287949	0.00314743952955659
-0.0143422446750275	0.0223048311128119
0.474053904782434	0.794306409214908
-0.335030532981239	0.510065700673946
-0.147012236024261	0.236683203894047
-0.00744996910352287	0.0146755949864031
-0.122576320437952	0.173549075252699
0.435858905529562	1.0818519621484
-0.25390861771898	0.808982074197675
-0.0219431581046108	0.0359708284875468
0.0276419128015218	0.0371136504353101
0.0720780543609717	0.111748401633971
0.0433539467118175	0.080985347997789
-0.21247589959192	0.567573366079184
-0.0548177443465614	0.113681736527298
-0.103240887434255	0.224978405801331
-0.167862794450445	0.449476543202323
-0.121889408702152	0.110543389733409
-0.144771438626834	0.132804997138259
-0.419588112183103	0.646448868966311
0.472826322092858	0.562375330917462
0.178163045310778	0.274415804796152
-0.264459169634839	0.255694499579685
0.00750833652555485	0.010408099756332
0.109896775159721	0.262391229490573
0.0662392763092785	0.114046387951102
-0.00120259153255128	0.0020742562574855
1.33013599460066	2.59872640380728
-0.384944230374178	0.226804327162788
0.667735623015897	0.531606504167838
-1.67269603824104	1.19440808498832
0.660828189636474	0.412433225084878
-0.294820006040297	0.152902062194149
0.841525368081967	0.454183696313418
0.240774396714787	0.182491862647852
0.706525319329048	0.636084626876135
-0.204274154889812	0.12062160520433
1.07367798864138	1.05881145186887
0.262697948093299	0.149004182956119
-0.208523468100921	0.120307753162303
0.00106761859717778	0.000551227528662855
0.408049204331789	0.375425602617935
0.370001887695225	0.564391275037586
-0.442436564649806	1.4797430575347
0.0960017830887487	0.104283880337245
-0.307949657717044	0.264811499098414
-0.281941995682717	0.303901371954172
-0.109874859082233	0.164414481829768
0.100054143918898	0.756142340502801
0.499296884295043	6.60106089980955
-0.368537943450676	2.76667944275762
-0.572534280193865	5.13334710655042
-0.630544409672478	3.10961976331155
-0.785047985835905	4.13191757500078
-0.421829939440517	1.04207727094739
-0.61091546601534	1.83106167491081
-0.394054638433393	1.04154097768689
-0.196833217361998	0.402257780213057
0.111216713714652	0.230356086589922
-0.413511614209761	1.0685238053688
-0.365364906231234	0.970783743541604
0.00526794094891627	0.00849779521614675
-0.190782717049382	0.388981825575063
-0.323921824598028	0.757311089234113
-0.600118929073789	2.41557416050724
-0.312272697517015	0.876748643498177
-0.0614759863544991	0.148188450178755
-0.389947542708601	1.25010374052236
-0.391891417175068	1.2580061322646
-0.491758748273855	1.53949612901196
-0.275315303355753	0.55244630936092
-0.807585767612082	2.45002171511152
-0.253527295302874	0.525738703257567
-0.19305745000553	0.515579733601015
-0.0944631241553336	0.181684476363914
-0.71531436147538	2.07571602868465
0.169362966215971	0.281061139563689
0.103707864880111	0.173481279421962
-0.139376128362344	0.314710209014729
0.0357563510697546	0.0543213933135084
0.425806327377927	0.877440443412656
0.0451621321440451	0.0657826033497657
0.0233029966724706	0.0374320794277338
0.0205122134460404	0.0333244091692198
0.188553630315848	0.37213808309082
0.0354339222398144	0.0538650926951604
0.111918212872472	0.215706946953773
-0.144766298948528	0.24388498692048
-0.107127375163774	0.109290126207288
-0.437306300421957	0.991634967365137
-0.605057229656659	0.931029256816579
-0.276235230714311	0.556235429116619
-0.0515250397127643	0.0488559766596877
-0.830977530627736	1.98713659354814
-0.183040320558378	0.255655704481304
-0.0347188486491871	0.0506165625757428
0.258831265227679	0.374542707677461
-0.25200258256432	0.492126829724436
0.0368974013656809	0.0724875603657501
-0.417463546068894	1.08155075906615
0.236294888678645	0.589840698413395
-0.289793952593834	0.438054768102077
-0.111072647803714	0.102968391960622
0.608207092775491	0.724407524623906
0.120293070906841	0.0779308840618364
-0.190172948971252	0.151467707368509
0.598851913193318	0.804361775821971
0.480885690286685	0.472143711601602
-0.375212466203729	0.394949726706128
-0.80835649854667	0.95075757994287
0.234374686915268	0.180456816413404
-0.0271553509918085	0.0218721997936206
-0.277190172743096	0.23762105442343
0.407929424663296	0.396264628195214
-0.063241225428835	0.049200762730405
-0.776355472738694	1.14747162411094
-0.0868018580079226	0.100640441190727
0.00688405055298369	0.0114938404735043
0.0553721755607674	0.0666643980773609
-0.529004290164437	0.672916374917649
0.165307009388896	0.187756387559519
-0.101870108738524	0.173139064878606
-0.0625245753166916	0.08802160418689
0.103497219978243	0.768623941318453
-0.288341687580602	2.97578279611159
-0.380301912148241	3.63733123024859
-0.507533432233384	4.19800748114186
-0.560549738324994	4.24055864676276
-0.175084080561296	0.488842220053218
-0.603059100826269	2.60899630115941
0.131375015855993	0.201941090358292
-0.0296546257928337	0.0412709867573722
0.0272073461374192	0.0339258302625509
0.00419972861795033	0.00626885429885099
-0.151716911282028	0.324100477199459
-0.00823251445208548	0.014944882731038
-0.00130971566130452	0.00232182281944347
-0.321020149798526	1.00635287659438
-0.0550045400766903	0.104298842851264
0.0342525299075063	0.0570428623050706
0.199592271843486	0.44768432060452
-0.0544890793093413	0.0837761744621836
-0.0852409499227428	0.114961198811021
0.550373240840091	1.24116640820718
-0.080295043667742	0.123193986560943
0.328083033296787	0.633560937773618
-0.00189911871528915	0.00171056320135581
0.244650000069649	0.209637206132872
-0.142745073116095	0.161968153014437
0.181576720618556	0.189886903798619
-0.295783797255142	0.450959842893871
-0.0812198736261432	0.139621153197132
-0.132110732461642	0.187920335425175
0.061084025540437	0.0717051523350723
-0.225643282546131	0.472438589660746
0.0390233252933684	0.0597840671702678
-0.0738575489535675	0.136383592484231
-0.615052522401787	1.85748137149904
-0.404152813099146	0.954373524034825
0.331666129469404	0.505429177846026
-0.571622597862947	1.40164020088492
0.388900911273891	0.860475152901746
-0.105011534128089	0.169600018452043
0.00130910790039083	0.00162166788101671
-0.227581940735649	0.342904914477354
0.0395971729842054	0.0419011193951597
0.335806309637377	0.552133060979557
-0.0461912287319885	0.0528041276109401
-0.154277488965554	0.203226699849378
-0.0892208069697912	0.102467382532149
-0.0759065265870818	0.0858796197584484
0.120554009933449	0.14684560343034
-0.13427687903768	0.172430633262997
-0.152090168439762	0.189984914519883
-0.288605687777588	0.392617281443256
-0.0189775496266848	0.0202272964498163
0.023590649972027	0.0311349090346098
0.0137756096413882	0.0194382259938381
0.335725621249395	0.595265314180677
0.096180216932783	0.135526769484464
-0.742708602051452	1.73295229894013
-0.148459357668809	0.236037777362121
-0.14625091428271	0.241609712940664
0.00792407750680458	0.0100975132571998
0.0150353646947262	0.072595884368102
-0.0984095299204814	0.566229731750699
-0.0426926910803015	0.16286737387217
-0.164696487906784	0.771795545363159
-0.0733880541721296	0.204418931813663
-0.34273438535902	1.70631214822513
-0.222166670321683	0.785672553032496
-0.200022525219819	0.565294464701234
0.226481533726927	0.239192327811803
-0.528204950413013	1.41730525142223
-0.127886890177978	0.223470769494299
0.144711860152054	0.287054734243907
-0.114906287930915	0.26157110852738
-0.112949248862979	0.274551702425906
-0.273726015235576	0.741620145321984
0.0637879291070612	0.103495807916596
0.11549524151367	0.206822046622836
0.693604591299644	1.99811570287816
-0.0448327122987067	0.0476175696513777
0.198293015302888	0.298144090919878
0.216501878514784	0.351740088424482
0.0418481358971059	0.0516585237086599
-0.765140810968665	0.761083299907864
0.0981158921865616	0.056693449370877
0.0117234860969504	0.0127330558396601
-0.199921215761641	0.39393755470054
-0.0443814036976181	0.0730313605711635
-0.066939250543998	0.112749833894632
0.0120658810006045	0.0187457411545798
0.0826755822193831	0.127383843242408
0.307845588907256	0.313801228761846
0.197873839219391	0.278732595995922
0.0462485405910722	0.0578293258158628
-0.378030608359068	0.888235299768355
-0.144504945363925	0.247692651083128
0.123172511849268	0.18528435962197
-0.0386677749630665	0.0508590041070235
-0.18266108445649	0.278785232954514
-0.0231342610177925	0.0297487392657691
0.440987818545202	0.861004817237507
0.00469999688737763	0.00529518668229654
0.129453746247574	0.193612948272248
-0.0745995262839518	0.0948177091339831
0.358080061946486	0.633706235872686
0.0135122389924143	0.0177600966776952
0.305299030331054	0.505335638287306
0.251005352194604	0.447357522095963
-0.120376422519575	0.19406897658321
-0.0661174363697888	0.0995531676440994
0.3019266281745	0.433680846599935
0.631887839884651	1.69971061699937
-0.343295018628699	0.756771660370019
-0.0438729503854574	0.244988996485029
-0.126315185014043	0.779568976793586
-0.320227187918702	2.27441500596005
-0.494010291474697	4.17817168960415
-0.195452491075255	0.78499711852979
-0.255607841315181	1.22470917202534
-0.0988723050346723	0.2574584615117
-0.0175417426710726	0.0339081167520086
-0.276000722931238	0.468162343811501
0.0741637878585987	0.127737033805627
-0.170151196395963	0.364346950469702
-0.350667189946144	1.04800726035799
-0.192192296780528	0.507100339377333
-0.00261530479052719	0.004732290008543
0.120763350181036	0.25215527920859
-0.206332855804408	0.387460924531732
-0.102357778190223	0.181537934470448
0.327894086016487	0.802600655627873
0.150372892327558	0.278214999681026
0.0594890647207764	0.0802649727969067
-0.0433325558661377	0.0518534774964659
-0.101621073516426	0.155325186864524
-0.0256519188554893	0.0299965237270028
-0.0742524803303465	0.0752217494273485
0.0623072189800521	0.0555148986094018
-0.0649712673119454	0.0656808052105831
0.0700211642872371	0.0657100023122951
-0.0525583732558443	0.0500844316015335
0.167654831642606	0.263938494290951
-0.0326820941488337	0.0515142671111885
-0.089110287996177	0.143174269220072
0.130270488911252	0.248850743321654
0.49397305686288	1.316912579453
0.0060286558654028	0.00856004936557309
0.21400157724106	0.300664842940284
0.109164503161432	0.154169252302898
0.201499777158929	0.318583326696467
-0.0913430579790341	0.137764322290033
-0.0100834674969053	0.0128701250875588
-0.0529510201973882	0.0702283738873368
-0.0988773035714136	0.122234062322635
0.0737004181635772	0.100285277586603
0.00661211299757338	0.00792941074708206
-0.180221749981542	0.246845911712741
-0.198962944193924	0.316215382967339
-0.0432228410140074	0.0550457495661249
0.0960283031357206	0.122563967519944
-0.112497329834289	0.144561747333646
-0.331104168827476	0.613840227333334
-0.261500984453091	0.375693458577134
0.232254999135763	0.350379989332987
0.285850923928246	0.519796684320824
-0.0385961680862927	0.0552095512992406
0.280372561663697	0.486524494287776
-0.576681852400432	1.41303500593635
0.0178674992818439	0.0872088989588296
-0.234573947412857	2.02688366987517
-0.266528211538127	1.81146562022952
-0.336981214674191	2.0966359372276
0.0960273671612504	0.29675782840863
-0.177097703302309	0.757385768048284
0.126697820540884	0.442412813497603
0.204814133939812	0.663846127462193
-0.40137935662624	0.326774972047515
-0.196896724037331	0.323464790772149
-0.0253149850099382	0.0294192220445459
0.208662646992293	0.369911412556104
-0.1590888887583	0.385864032885427
0.233702170289529	0.615521128992587
-0.0742824019181403	0.123236123869931
0.233893724886961	0.498711235852955
-0.0267585433684236	0.0350095342397273
-0.329689551764902	0.464541184870345
-0.393519827535464	0.243982023923252
0.897264416356485	0.597059490500985
0.251345806835933	0.15927659081582
-0.168658114616622	0.322278486256248
-0.0696900504771776	0.111715428039907
-0.104539562778088	0.174952445936536
-0.415965357116444	0.861660620176159
0.400401176037983	0.885995805041534
-0.278754345537416	0.434409739148979
-0.0885206069360805	0.0589465047819078
0.418961189756389	0.570720166335526
0.227197597171541	0.239876683701436
0.0241552806698388	0.0327539057078406
-0.521430327156385	1.38309842331642
-0.155496979523101	0.285993686653833
-0.171284644121826	0.322516680758382
0.408069757714548	0.962670031767636
0.105900885187061	0.170444406776258
0.330300788111787	0.705190868914365
-0.0850548570866481	0.134835321781816
-0.290694075798921	0.590225987665157
0.0227571796111083	0.0329000469043539
-0.0813613961472926	0.128923022692441
0.194823142214404	0.369379521670754
-0.163580914918541	0.288879424675525
-0.371027895529118	0.794193646444101
0.456616772609093	1.22924352106106
0.00163690815363889	0.00223064691715129
0.100885065700836	0.085619987854715
-0.184856989556862	0.278494963436079
-0.281752990258165	0.519425818250842
-0.173028167295691	0.285097458891258
0.0458831571331207	0.255102913388683
-0.0501924889790103	0.237946658133259
-0.171305448916885	0.859678115092453
0.324403956070708	1.86674041545118
0.203423523659811	0.960168659696979
-0.500079429948964	1.085628818366
0.187204995071947	0.293003065147693
0.0356489797176193	0.0558024733055975
-0.0546517189413793	0.107300662725567
0.325324107331848	0.98536996397928
0.212931115997705	0.443017779624772
0.224114306128229	0.274970372804123
-0.00180045877651099	0.002567066538437
-0.70803428479605	1.4192332402445
-0.218906916927808	0.152864877241012
0.384258191000353	0.269131166728694
-0.250813529848045	0.13802436150748
-0.0931123494769936	0.153206454590786
-0.167448644926749	0.324004203054763
-0.246961965586572	0.501359939150629
-0.125402324780378	0.20740070995534
-0.218134167817993	0.289785737730957
0.323318540110636	0.289646157332547
-0.599433375268949	0.897005265145792
0.0593164133198366	0.0507340708027963
-0.0732247963400412	0.0998102283004258
0.142063075685833	0.249971042661034
-0.131384301020251	0.236165033121677
-0.0150609833704988	0.0213722852805985
-0.00135032952074678	0.00182447919912434
0.0432442123129373	0.0667968177190159
-0.186710715160047	0.34446619355123
-0.0110699676408629	0.0163810430384979
0.111121441818968	0.1788573894016
0.288504952436662	0.60163328491167
0.444725097882465	1.04581924105476
-0.326141175462747	0.695099753141239
-0.179061004786868	0.312990682861931
-0.217353439546268	0.401942075344468
-0.628566569868581	1.69164392867422
0.0000188163808685432	0.000103287839062076
0.0295017049756902	0.0229890736132077
-0.0931324978389941	0.116042923037117
-0.227011796159423	0.419888574460601
-0.196650471914499	0.302949862797204
-0.212252443225241	0.291790650980694
0.181987813847871	0.221906499618339
0.0378775923656843	0.200725484340423
0.191412424883158	1.32311630197402
-0.166566876640285	0.29062816372544
0.475496342588878	1.07461085524847
-0.0489514256184703	0.0854722463020442
0.0107864321120451	0.0210094278318784
0.171942309224861	0.419557218016546
0.0382610577632887	0.0654057952111249
-0.287815386158456	0.0928860635320077
-0.408594702532801	0.291308525296083
-0.219368112130975	0.157852115682444
-0.344260654607126	0.720208813793883
-0.118062284614316	0.175671851562699
-0.598920632064552	1.1995174000337
1.18637634893975	1.32110445819413
-0.0500739596786026	0.0513532820717185
0.0561845950114001	0.04668197185191
-0.459035165834396	0.973114379724317
-0.161042875178975	0.272870885693717
-0.0544802251719087	0.0832626799132799
0.225395328959375	0.417036546508283
0.123793098331226	0.197196953286466
0.44671799213554	1.04229247491151
-0.065481753047649	0.0895439720604434
0.0143375941129222	0.0181986222160607
0.526191952701469	1.1169469777035
0.396940880968994	0.816895550073621
0.40592400103547	0.844074855856576
0.150906453213633	0.247988782229543
0.413775544213803	0.892414081129356
-0.118102790814887	0.179986251109897
0.229442517017848	0.427383543710838
-0.422676199811972	0.654021645384912
-0.0360183305681025	0.0284661109177031
0.00517339258652104	0.00607761865864734
0.12114105821657	0.178343429186954
0.021004399942822	0.02607107541838
0.00448774628327147	0.00484968390116608
-0.0721490009588582	0.0759307744963266
-0.0266246913535565	0.0233817169493564
0.171681059257211	1.57594191534443
0.0842850629477535	0.458951468892372
-0.353037281808647	3.38540419990147
-0.0829350364022854	0.30323029364159
-0.171654042187738	0.637392999529945
-0.510790802556021	1.63887540607955
-0.205040295656661	0.598622893931639
-0.355508205851469	1.1361271215267
0.0401915732594993	0.0872323673757329
-0.136434696909008	0.333600125322547
0.0948439956173789	0.213920915329586
-0.0341362569418277	0.0680240778946561
0.109027896942856	0.190189649314768
0.050685664895748	0.0519445030350702
-0.0726753508871527	0.0668300053866536
-0.411598149351796	0.918107687825784
-0.215277560547228	0.404559264833188
-0.0466013052448125	0.0585233819707944
0.13135981366757	0.179163246656681
0.559050928447613	1.37774404657853
0.174041755833544	0.280560327759457
0.499161115563945	1.05385247245564
-0.281136869861845	0.44926686902498
0.165069661091671	0.20742878700281
0.3138999741859	0.461842323067927
-0.241799497059581	0.354213016855419
-0.472341680903794	0.784487949391575
0.278526385769988	0.445465814000605
-0.272727357329142	0.398752920380708
-0.113327517534709	0.132088042395663
0.0406713739690779	0.0444066136497583
0.18928262397764	0.264935570707598
-0.037834862404026	0.0430419140221372
0.190380235245746	0.251101410219534
-0.16178956924583	0.235523952706747
-0.111525181557963	0.179839912488484
0.225531800751113	0.36396569581558
-0.154384107309897	0.237073302564387
-0.418260092125624	0.822267235065859
0.0978735365142775	0.138712011441538
-0.0172599026259689	0.0827449349056218
0.11105539232623	0.669390443538425
-0.102557826898318	0.422799618639732
-0.154317441488397	0.568246178402372
-0.0234879058336359	0.0345669662862247
-0.50733949031831	2.02023052006903
-0.448485391074328	1.62801198378649
-0.476308205361451	2.01033497670131
-0.0622901927016606	0.140590612961405
-0.509577598414231	2.074591275022
-0.00557672663735058	0.00979250592015555
-0.841603497909776	0.84919760228088
-0.288470992187475	0.347878886419533
0.167373729077849	0.153799362797556
-0.13747595757434	0.108921580391748
-0.429603879206729	0.810552844048577
0.150261128565725	0.159607066393841
-0.015788180532993	0.0193711984340684
-0.201871595420348	0.310426859145804
-0.108568878380483	0.13642723996139
-0.351981481756993	0.661851258351137
-0.351877913618693	0.51789091216784
0.485699088087274	0.758087429964854
0.00940113193902215	0.0104303371353833
0.0933737894138942	0.114985228369276
0.0561048074220336	0.0659875964543028
0.112375501425835	0.141217493872933
0.386230920899315	0.624614646438901
-0.218958728879879	0.272932745674451
0.288351378312189	0.429273253315269
0.270656423503175	0.37230686446211
0.0480946502317423	0.0463965845542438
0.0233542632992414	0.0252417162653027
-0.324095845118381	0.489747493520056
0.250142948537499	0.38328095585714
-0.100795366663609	0.124399593941184
-0.250669671383015	0.388607394309314
0.124501209881937	0.170156381761797
-0.357757645549359	0.590435981978273
-0.245379289977681	0.425936665314496
0.101048423594538	0.71674161900238
-0.139643516507803	0.886772612235748
-0.245852574144964	1.38192142439892
-0.102044757988563	0.179470227318513
-0.365850368787803	1.5429062405209
-0.0184049010871381	0.0381422165060117
-0.289029807507541	1.12368498507347
-0.211259108039405	0.75475803709838
-0.0380163755455262	0.0867357604267031
0.0510084310760116	0.112386794460226
-0.133954986505042	0.237821726094212
0.0417224701245889	0.057126528568759
0.160116899038779	0.209839845447477
0.057462228836132	0.0707341588301242
-0.355859262137519	0.646940395208307
0.262233517567184	0.472641884630455
0.120442731513319	0.185730146512278
-0.0702651095808657	0.0967948106050986
0.0481853881397434	0.0632879822514909
-0.0389110497955373	0.0447452538932995
0.0904705340279893	0.1328486167613
0.0235884390413633	0.0287907394652059
0.727653189635814	1.88707988072086
0.0303474546043836	0.0348306260062254
-0.141191594208666	0.198620836581581
-0.0482486373446019	0.0569800245603799
-0.592574888188764	1.42175503425589
-0.716003216065219	1.71976509464897
0.217223718779752	0.309180725937373
0.134508559155618	0.189845174345977
-0.206759307134457	0.370629314766812
0.209526791253621	0.316860371052614
0.117442050302677	0.169292406006931
-0.771556058403047	2.20061496398251
0.263764931259436	0.461493509995076
0.00537217198524046	0.00726825440190905
0.0458299015751803	0.0570742919184503
0.00676984661248407	0.0306110358549295
0.0161720484626967	0.0613916761805489
-0.090761864185167	0.187655845260014
-0.668463963347628	3.05853235172583
-0.320071447042162	0.950023625280704
-0.340817087154176	1.23176520339865
-0.454340355264167	2.33069390654122
0.103698440283311	0.264852526273521
0.21119124552099	0.589153105163487
-0.0593324034288903	0.0764227664487172
-0.243238991770631	0.410760204975331
-0.438141930506623	0.885835981772529
-0.17385501547938	0.264593145688635
-0.223654772999843	0.433295643675434
-0.205293829583905	0.298020140484998
0.0511221345936525	0.033928560465615
-0.50659373973151	0.746479801484003
-0.26022017245115	0.426661875781481
-0.40183582872147	0.851395575405501
-0.120666793631794	0.186353771838277
-0.0762455914087643	0.111325028208427
-0.562865795527236	1.29968056979551
-0.44457124171118	0.884565836952708
-0.40004770864374	0.769550845769849
0.0343867428800562	0.0404621168624458
-0.00699849433642182	0.008718298171188
-0.184258385506549	0.281210685194988
0.0810098064247778	0.110642489789934
-0.0357161530198085	0.0438865164292537
-0.425507723834688	0.870884482862797
-0.154085112663853	0.225607777367079
-0.360827178248022	0.599049791986199
-0.195183251012684	0.187262035805038
-0.309232425558026	0.458532015900471
-0.0208760421347566	0.0249154936299542
0.0327944141319183	0.0391305236153669
-0.0891214493729333	0.101834910437976
-0.0634279594719559	0.0668703484477094
0.104519320446505	0.660396010036051
0.175573079203343	0.833730435164531
0.0337395145755901	0.0934219235545035
0.0515060609958256	0.173401583955091
-0.11992780709865	0.451580120147623
0.0540214642965999	0.151274188356174
-0.0834234710991636	0.21944643390739
-0.180539575065949	0.565159627400847
-0.380962225267145	1.51101669503216
-0.197309186568213	0.449652940864708
-0.40405815799359	1.12967691909028
-0.292464375633365	0.644581189647778
-0.460145809721126	2.3897757291135
-0.323228038800385	1.26049179873447
-0.2934879156592	0.892125764783544
0.0242590496156033	0.0293097756086433
-0.508374021338675	0.953427376178999
-0.111933142841314	0.151951885995091
-0.347887827463611	0.575276217336383
-0.228836134342705	0.356257378414576
-1.22316280888391	1.04843574701304
-0.421953461169191	0.667321139803058
0.128741331132697	0.160006399239594
-0.274361975191326	0.374756089443019
-0.1160847916974	0.135907336421853
-0.0265513822977944	0.0295295419666135
-0.0352691448934833	0.036854788931031
-0.783693591709388	1.73363382121377
-0.416534318711996	0.664825060930357
-0.193995633169898	0.240191623592165
-0.0182704045365619	0.0184699957432649
0.0586492119575794	0.0590960694521438
0.0368362022727355	0.173194873257602
-0.181491797995846	1.24425679431688
-0.305480022728698	2.33907710674924
-0.363805179722186	1.69686052395903
-0.177961589139031	0.518965004390847
-0.2542593559361	0.733699593931098
-0.0578068391871965	0.109736097461282
-0.214028846596106	0.239488017651345
-0.0972675661112046	0.0984657659115403
0.467040533768066	0.638120499445721
-0.00168463682538094	0.00146611621967429
-0.203986596364065	0.226924495283729
-0.255516334702226	0.292385898729556
0.787091517510211	1.48171494540926
0.128983462316196	0.140205218490205
0.0427187540559025	0.205667653279132
-0.0136912406256573	0.0556986173676679
0.0361151756069096	0.149574019998583
-0.145389505222197	0.800591389598313
-0.29933137885001	1.92610742476235
-0.20741079734774	0.994085509069342
-0.268416811537783	1.39249419336753
-0.383912238944106	2.15903676680115
-0.220690589345399	0.811997169943791
-0.229229416137658	0.765631690650353
-0.553274684193673	2.76500986305401
-0.296590051902959	1.25299524046426
-0.331202191914553	1.31778546518949
-0.421556206560035	1.9417688772919
0.00506235661288492	0.00947524052367763
0.138774388662701	0.297716175923462
0.0654952459212791	0.125988656620768
-0.0156694154712965	0.0145247705473704
0.116238361254535	0.104279761603962
-0.218708171197675	0.225550063366373
-0.22786544963238	0.248336939738022
0.211204050326728	0.294565093469402
-0.00926986155490585	0.00861172500434257
0.0963370048802226	0.598714020652378
-0.029638884085782	0.12474204786119
-0.186247313849292	1.16946645656433
-0.157433979308896	0.831614161378177
-0.227503218129352	1.34504990502869
-0.0256291757535429	0.0787963701459948
-0.336256508567068	2.13354949975724
-0.382913137048433	2.41984779289809
-0.251226395650055	1.25729458600228
-0.216634257023938	0.996106115097142
-0.22543803062283	1.09233840043538
0.0926884199429057	0.293006832699786
-0.321686649047772	1.40620078235542
0.0382635389784712	0.0736799831317889
-0.268544503102352	0.713335323480423
0.139912398856363	0.104677874288825
0.175544213453669	0.148266523688365
-0.409393449193562	0.294203592009652
-0.0754964424806941	0.093995506539452
0.642414100934448	1.20786871969899
0.0939950156881446	0.102954490634783
0.0740805145785336	0.443034880349419
-0.0698830777430064	0.368918777029345
-0.0604194095819699	0.268813060287757
-0.196974042850002	1.18123878763708
-0.067067426558391	0.259600982863822
-0.142426714706831	0.63276450769945
-0.265553160346979	1.26244133218033
-0.145680926120754	0.536980701195423
-0.372827146042151	1.70744595791171
-0.203992332882368	0.908866948103099
0.162246583390629	0.599424170354979
-0.361826521648508	1.80765546668271
0.137511832813047	0.364228834241056
-0.0969855340621062	0.237727437379154
-0.485978607750813	0.71039196697891
-0.0175943023981011	0.0163359188266044
-0.0252668361580654	0.0269983712538332
-0.00964987349564245	0.00965511537065453
-0.18874780139152	0.223155875933433
0.073564841814728	0.435569254223976
0.0522207020088103	0.26559141805295
-0.0840764663226195	0.3999942008058
0.00551224823574945	0.0196339227666174
-0.241706937103878	1.55924644693912
-0.202620899911806	1.04470383064751
-0.153994987999222	0.700165601302927
-0.140028090351245	0.523437445071416
-0.309346196781039	1.88523764261232
0.150835559047999	0.573810766004883
-0.020708705690382	0.0542980535129524
0.125567523604496	0.359847904081999
-0.26174732621939	0.284048276723214
0.170741395207331	0.171815721965118
-0.0067794766804708	0.0062497930829135
-0.298979331203832	0.32225706206068
-0.728699487753888	1.10592552869032
0.0559518800158634	0.326060906137869
0.0674041179139046	0.364049695112322
-0.043817883356978	0.189372045621624
-0.145158417671981	0.819893403215226
-0.137699049869783	0.648633768656636
-0.158162358878655	0.781922793399943
-0.160036739576925	0.702520616122108
-0.223869621749348	1.18735639791913
0.250506448738073	1.18895021199753
0.07908309971077	0.235557779205325
0.174051820377231	0.489149432434146
0.151785932582193	0.119845422249909
-0.3536644897391	0.326954103923405
-0.898912735308922	1.46247756665734
-0.396355377195095	0.406039604681353
0.0959132636213078	0.644549074750511
0.0376121140882904	0.179000568182433
-0.114480066962403	0.665099179433624
-0.0939605029656898	0.486034601201038
-0.158145280360655	0.940690281101349
-0.174658191168895	1.02591522233433
-0.00853130057224199	0.0272724213177105
0.282450366692439	1.60375082787538
0.0782433982991398	0.243296375030341
-0.480935744705107	0.432618301719964
-0.130765014132976	0.108833866174148
0.0637258667393049	0.36729948413032
0.0449036826769736	0.215376452132412
-0.0600975225682074	0.283901297238718
-0.0506765040516317	0.214330962510928
-0.0733613993281021	0.287726968883728
-0.128546430125111	0.597794133287054
0.360073503573925	2.11584726910545
0.127802818510597	0.416135152378927
0.0292636256311069	0.0188877226612563
-0.066408048137961	0.0456709055490496
-0.180344155180989	0.147450388977456
0.340550344830761	0.287099034038533
-0.104803677985266	0.0758098583288104
0.103869927034865	0.733638327695711
0.0216289355656167	0.100179247919975
0.00709337586265409	0.0281939881032723
-0.0446082557459495	0.184925763698736
0.0159996594464568	0.0552105749413536
0.436660808681006	3.14762210208832
-0.0997751242399094	0.316668459286089
-0.304146110419653	0.236455637216294
-0.0484119333369986	0.0261498682313696
-0.112313403976142	0.074408914654578
0.0917232435936821	0.66052105901613
0.0882846606558808	0.562060452095185
-0.0459850934358778	0.219466862502049
-0.126568573236822	0.707666150805636
0.187952969979244	0.750727730031164
-0.0426995362845539	0.0750163148439424
-0.204859875153171	0.120115165838046
-0.145791085334595	0.091952476323389
0.133031058520498	1.11306220804952
-0.0729957589357067	0.435119139704913
0.0670281218460566	0.324732768419426
-0.0632259330162482	0.188740564879956
0.132672699727183	1.13607506290066
0.0925215576006795	0.590106222920293
-0.047777559787975	0.145253082811266
-0.184586106495972	0.373300448995739
0.234594045274093	2.64829593843804
0.222366084860828	2.03615469787048
-0.383182481156747	4.10245627207214
-0.22186132918889	1.37440763945474
-0.234582228531216	1.25823661535331
0.0125840192343541	0.0369018516678555
0.100267043886409	0.723459908199503
-0.22625353704732	2.14248578127323
0.0625576039767123	0.248060062617687
-0.118011553719192	0.485023466634461
0.227018837415074	1.14681657861567
0.345492759222705	2.22472248952607
0.0415961139823424	0.231962376489844
0.185746804727719	1.41037954960446
0.135176862510036	0.713136595526829
0.229396034339187	1.37116883988839
0.525358353727284	4.03687302536727
0.0704347109646433	0.44349560677521
0.00259867699122779	0.0103307625565135
0.125941650993675	0.695124023773942
0.218792634537799	1.01610920845373
0.117188615622458	0.871613713232878
0.0731948979312319	0.370415622499847
0.0890775774859203	0.608100140213301
