x	y	clickSelects
-0.09917377877168	1.88467878994774	38
0.0236436431974301	0.501021106838483	38
0.01862010393453	1.44443866404326	38
-0.0364901199398899	0.652813197572668	295
0.0188610936934399	0.573408427354897	56
-0.05712156943892	0.802766926414934	14
0.02332107742543	1.66847947023916	185
-0.0701520645673901	0.931437979855676	185
-0.07018480644264	1.23146871190665	141
0.0188610936934399	0.573408427354897	282
-0.05311311534745	0.816475824123138	655
0.0570321816594199	1.14643206300148	655
0.10537192576875	1.6260170950038	56
-0.04287949243112	0.624346392894567	127
0.01669492753573	0.550125205679112	314
-0.0604430798886899	0.793259870105594	56
-0.0393711659646401	0.665200083300004	56
-0.0577241199671199	0.791621966644759	56
-0.0577178985604701	0.778976054562041	209
0.01892444000319	0.558701135901297	17
-0.0511347069214401	2.43844447154704	655
-0.0327954587574	0.681778093840489	38
0.02247113122907	0.561845184114915	209
-0.03066834881654	0.670834457100386	297
0.0217272352748801	0.553826828326109	14
-0.0346583410369401	0.67560105050096	14
0.01482992697402	0.551451387665716	535
-0.0783878692607201	1.06508357706123	535
-0.02473064658103	0.641782208077441	141
-0.0640695431517799	1.32398909279302	282
0.0146309086974801	1.34199661170052	38
-0.0664731906388101	0.91503453606692	38
-0.02780311801449	0.641426792348198	127
0.0254194045999401	0.553621271431493	384
0.03677099923782	1.22777981408546	185
0.0209519003601499	0.574895216470381	91
0.12186204875706	2.30084677456025	655
-0.0664939803584801	0.923804703958489	655
-0.03128692626297	0.691728626198683	38
-0.05804972084355	0.786533270226898	314
0.01775911438248	0.555461559626313	209
-0.0319056885851501	0.689496896686378	758
-0.0709201605074501	1.09846600877301	24
0.000684071738330072	1.59882287109473	1273
-0.0627283925097999	1.60902380515161	162
-0.06061134207898	0.798413187030627	38
-0.07415859996646	0.965568945911329	56
-0.0647782138981201	0.778926179546762	314
0.0180978701416501	0.553736624957976	175
0.07537372090036	1.81746711493108	141
-0.08201347565798	1.10675992560779	181
-0.0525401024862799	1.88575201514436	38
0.05381277164183	1.13556461928851	314
0.0209519003601499	0.574895216470381	175
-0.0599247165308301	0.783812619757829	175
0.02171699762171	0.577695266385675	142
-0.0598522479511601	0.902265341162907	38
-0.0587324390770501	0.810059840346583	18
0.0181609168039201	0.574381438846744	18
0.02171699762171	0.577695266385675	142
0.0315347593650901	1.30535708551963	181
0.10966356752334	1.59499212471381	162
0.05637242709075	1.15101256972686	17
-0.0744624117721799	1.42866235844949	104
0.0203221991379601	0.551671451265171	56
-0.0632479979998	0.78988985324376	209
0.01892444000319	0.558701135901297	142
0.0254194045999401	0.553621271431493	2111
0.00919561560664994	1.77111105477884	1264
-0.0730511978980699	1.34847619425661	1478
0.0215402273741301	1.40706655958699	38
-0.05942168939017	0.770266726407827	38
0.08669345847286	0.982811185879656	177
0.05253852192487	1.13749781620821	56
-0.0358694721397701	0.675501958126194	175
0.02171699762171	0.577695266385675	692
0.02247113122907	0.561845184114915	14
-0.04137306073174	0.619612214878608	2111
-0.09741818910761	1.78960802424351	1007
0.02166466432482	1.4361958561499	1007
0.0163466634783001	0.530708633328315	282
0.08843189836737	1.0029145117579	38
0.0856889631125699	0.976783296308701	56
-0.0325246358914799	0.665760356226534	56
-0.0352490111976	0.677650216886525	81
-0.0234993473762299	0.626453854954086	14
-0.0574543801426499	0.815374317066546	142
0.0209626476559199	0.55774028837157	142
0.0238923287775701	0.542962777018053	2111
0.01775911438248	0.555461559626313	282
-0.05491236871043	2.23793743151934	162
0.05110454044629	1.15817281424846	38
-0.0525182955457899	0.812230774327002	2289
0.0878786757686301	0.988364854183286	127
-0.0583858284593799	0.804019160429899	56
0.01739713079873	0.554604139276196	209
-0.0435886241905199	2.0336134512952	185
0.08826228220955	1.58677360417506	1007
-0.0726480116767401	1.22081442887793	267
-0.05762294510315	0.817477126939524	17
-0.0564332795646301	0.78773116456971	38
-0.0360031608657301	0.673941905692906	38
-0.06307778254139	0.787114084301535	38
0.02171699762171	0.577695266385675	417
0.02248078426208	0.573384827718089	142
-0.08124325131041	1.05411710479796	317
0.0197581457620899	1.46428641464318	181
0.0888380388877199	1.00950725327002	127
0.08902534510952	0.974833472814745	2289
-0.06120651424645	0.790028218152225	2289
-0.05908381447293	0.800767141401236	56
0.0271422653162401	1.24329336418219	56
-0.0355478759694301	0.662443343608802	56
-0.0358694721397701	0.675501958126194	148
-0.0846709817858899	1.14320827548964	181
0.0101354584614299	1.46688803458304	17
-0.12122889306815	1.45175654484489	17
0.0209519003601499	0.574895216470381	56
-0.0407453610352899	0.645626197661032	127
0.01739713079873	0.554604139276196	2839
-0.0670172646537299	0.924528826544065	56
0.01892444000319	0.558701135901297	102
0.0181609168039201	0.574381438846744	592
-0.0219912162100999	0.60949935214949	592
-0.03204120635196	0.68978248087887	148
0.01482992697402	0.551451387665716	148
0.06598831848895	1.94079955361996	1007
0.0839643601076401	0.980370901265814	181
-0.07694107729842	0.915558354967691	2303
0.00219605131903	1.48525352072696	38
-0.05473479741738	0.817976409496111	38
-0.06685585657936	0.964246186725101	38
-0.0364901199398899	0.652813197572668	56
-0.0358694721397701	0.675501958126194	1258
0.0246688336999299	0.535804061943147	739
0.05599616186532	2.00215232335379	162
-0.06319419077722	1.1763358909615	17
0.01406957989324	0.55227187092237	38
0.0209519003601499	0.574895216470381	56
-0.0393711659646401	0.665200083300004	56
0.00872502522245999	1.75837146742193	250
-0.0745959109062999	1.07677522616683	1641
-0.08396627439475	1.07595143200048	1887
-0.0338749488091801	0.657034622396476	91
0.01775911438248	0.555461559626313	181
-0.0352490111976	0.677650216886525	1237
0.00700738551279989	1.80924086393988	2303
0.00963539509719991	1.51145959396549	38
-0.0724747605734799	0.94681844047401	56
-0.0351148968828401	0.674752877971837	314
0.0209519003601499	0.574895216470381	272
0.01407542845912	0.550669138194053	272
0.0246688336999299	0.535804061943147	488
0.0232432545685901	0.558348960506902	102
0.0111999574978801	1.55280667757111	141
0.0181609168039201	0.574381438846744	141
-0.08060725554183	1.11614645743214	267
-0.0770705648811401	1.10041784706356	162
0.08826478975574	1.69877735656681	2303
0.08728618226942	0.993772731158565	1045
-0.07357289087519	0.925460549469042	488
0.0180978701416501	0.553736624957976	148
0.0181609168039201	0.574381438846744	14
-0.11950094544563	1.66186021387982	24
-0.07459876529441	1.21997236976658	141
-0.0806205264512001	1.05119400419603	141
-0.0577241199671199	0.791621966644759	91
-0.0337406171725601	0.67174207523337	362
-0.0317695375932801	0.662683622504812	38
-0.0606130707241901	0.924884526817075	38
0.08980391048207	0.962527183166344	56
0.08728618226942	0.993772731158565	56
0.01739713079873	0.554604139276196	883
0.01669492753573	0.550125205679112	141
-0.0716700655420901	0.947924328837552	91
0.0523730213503499	1.15180083670858	1459
0.02819976293709	1.28777270288561	17
0.10308524282371	1.56561626779762	38
-0.07905949098415	0.880162350508211	56
0.0349504548240001	1.28872428646799	314
0.0268084460737299	1.27864702065721	56
-0.0749609540932299	0.931449267468925	56
0.01675617595184	0.553927534180723	56
0.02171699762171	0.577695266385675	102
0.0188610936934399	0.573408427354897	14
-0.06577670196353	1.2675557438246	1007
0.00832241243430998	1.57528797807933	181
0.04499687865018	1.09492556254213	181
-0.0678239648615799	1.08901892047259	17
0.0639359346233399	2.13522250629236	17
0.04890779919777	1.1115192943832	38
-0.06026642339373	0.811998233562789	56
0.01739713079873	0.554604139276196	56
-0.04012502816429	0.661625334883671	56
0.0181609168039201	0.574381438846744	1181
-0.0392368125581499	0.648353771012584	1183
0.0894308590673101	1.02117757768848	142
-0.07269490237485	0.955267745554754	141
0.01406957989324	0.55227187092237	267
0.0180978701416501	0.553736624957976	267
-0.11229329397069	1.74699736632274	17
-0.0333447010827801	1.88165180652469	17
-0.0337406171725601	0.67174207523337	56
-0.0364901199398899	0.652813197572668	56
0.01009490918858	1.52179372355147	488
0.0870602494564401	1.00753645770727	142
-0.0733319149513201	1.39126962767752	1007
-0.0757712572867999	0.957825472254146	38
0.08591915787613	0.981735970512872	148
0.00962777062230002	1.32541240766325	1007
0.0182000238690201	1.41727141167965	1007
-0.08795625988374	1.91685634288408	1459
0.02248078426208	0.573384827718089	181
-0.0918742630840801	1.67356083151098	17
0.0709598680765999	1.93091198541332	38
-0.0698044372325901	1.09746699302623	1583
0.08996396318224	1.00347960166138	38
-0.0407453610352899	0.645626197661032	58
0.0196240552620599	0.557810840104493	58
-0.05908381447293	0.800767141401236	56
-0.0322068679952501	0.660316210457115	56
0.0349444486380599	1.28184076651236	56
-0.0618858346559099	0.768743180582793	56
-0.0472446669642701	0.777338928042154	81
-0.05549999058747	0.8215019770827	2131
0.0201967502639	0.555160037352433	14
0.0174592754426599	0.569501645243817	264
0.0235013948740299	1.38986608523713	141
0.08537866839908	0.921893603395687	141
0.0923481805222399	1.01098052697654	17
-0.05925310247948	0.797639901981348	56
0.01669492753573	0.550125205679112	148
0.05331881499132	1.14788583085842	141
-0.0704250311993	1.23054988716389	181
-0.03616630969782	0.676981888625591	17
0.08865730415954	1.01021240180817	17
0.0196240552620599	0.557810840104493	56
-0.0827852310435	1.00900927003316	56
-0.0393711659646401	0.665200083300004	2136
-0.05762294510315	0.817477126939524	2136
-0.0678812690299	0.951629830641789	148
-0.0314528139811701	0.659761374820383	264
0.0276130440576201	1.40379801512654	24
-0.03128692626297	0.691728626198683	1509
0.0181609168039201	0.574381438846744	710
0.01457952431859	1.51783190860957	2731
0.00773208614330989	1.5615655805847	58
0.0894308590673101	1.02117757768848	14
-0.0370944457681199	0.6156620507012	24
0.0047687527017799	1.55663388597739	162
0.0888380388877199	1.00950725327002	56
-0.0293134934161501	0.648127129412922	78
0.01406957989324	0.55227187092237	14
-0.0725986134597401	1.07598382240667	141
-0.06605075807501	0.957136389834524	1072
-0.0765775735512499	1.22310463186414	17
-0.0780274355411801	0.908423935230921	2370
-0.07028107593315	0.958849819440319	78
-0.0748191939331599	1.20039406507563	263
-0.0555736904632	1.69553392781165	141
0.01822335972151	0.554152989863487	141
-0.0344948296830001	0.676892139961638	141
-0.0273240219426301	0.671607313317384	17
-0.11921212473984	1.53582964306037	58
-0.0799699870842701	1.2262737773599	56
0.0185240857053799	0.537171979438649	56
0.0209626476559199	0.55774028837157	81
-0.0375392740970499	0.652900600855313	78
-0.0775711831114601	1.07631723851709	141
-0.0214640260607	2.2378104154242	95
0.0159912666939099	0.535844375950078	17
0.0307815453021301	1.27660602390787	58
-0.0753280665456799	0.92258306253108	56
0.0507200011864599	1.15542383793687	56
0.08924995067499	1.00457559836354	51
-0.03128692626297	0.691728626198683	81
-0.0335496826142601	0.662161632776018	78
-0.02977828651139	0.67902464114843	81
0.02390515260083	0.536254853260128	81
0.0188610936934399	0.573408427354897	78
-0.0579642509805001	0.801529867905447	14
-0.0895570504424601	2.12065905766781	621
-0.10288977556402	1.74679647741915	649
0.07264803884823	1.9943334710748	698
0.0985297397125	1.7306443703335	1539
-0.0478021036718199	1.98666081907626	17
0.0541438082341701	1.1403616138289	261
-0.03613621816753	0.645902366210847	261
0.0937081811387299	1.01191418335048	261
-0.07457448334079	1.10122328339535	56
-0.0259531417890699	0.646048574555583	56
-0.0367572778402401	0.664934543234127	78
-0.05328296847227	0.807451725185584	1462
0.01699968554956	0.552896110613039	78
0.01300646910367	1.77118432530342	698
0.0952586556475099	1.00909948994404	125
0.0056888912875499	2.14039990391288	17
-0.0593284622620101	0.808075350141944	17
-0.07957223472959	1.04858559000876	51
-0.07193468324404	1.22721569718033	313
-0.07982304767799	1.06232008307622	313
0.0187971392061499	0.547707693072573	78
-0.1065240984733	1.83394907216272	24
-0.0823870932649999	1.05981519526502	158
0.0194295487949401	0.541966876683729	125
0.0186459482352499	1.53264537261658	17
-0.0718569439891401	1.49525881416675	313
-0.0798335061962701	1.23474923285906	313
0.08728618226942	0.993772731158565	78
-0.07190488479266	0.955998974153065	78
-0.0344948296830001	0.676892139961638	81
-0.06162845353029	0.803310197192443	78
-0.0311509861955399	0.686103370129228	78
-0.06540978020857	0.949057632309799	649
-0.0760734009096	1.05946956165536	17
0.02094122899938	0.545822959912802	17
-0.0784247044986499	1.25316015621926	261
-0.06969744320024	0.961563230667883	261
0.0183711953021899	1.19495356895808	313
-0.0553295406410801	0.822316572824865	56
-0.0598479759100301	0.801720444351279	78
-0.0364901199398899	0.652813197572668	78
0.0188610936934399	0.573408427354897	1690
0.0203221991379601	0.551671451265171	78
-0.0367572778402401	0.664934543234127	166
0.0279181360257399	1.31314288198287	17
-0.0775837758704701	1.26312669314944	261
-0.0775232424251899	1.38112503896394	58
0.0166856972606599	1.45733850826523	313
-0.04937319711938	0.795634756588629	313
-0.0610384145884599	0.766186163244512	78
0.01822335972151	0.554152989863487	78
0.04925200549178	1.10135498373664	95
0.03216412968099	1.29186311459811	17
-0.00412622549570996	2.28911436355784	17
-0.0763756939221401	1.11310187973029	261
-0.05473479741738	0.817976409496111	81
0.0148352631895701	0.544734387495597	911
0.0181609168039201	0.574381438846744	78
-0.0598479759100301	0.801720444351279	78
0.01892444000319	0.558701135901297	78
0.01406957989324	0.55227187092237	78
-0.07441668347497	1.10147105172213	95
-0.07028107593315	0.958849819440319	23
-0.0745130124704001	1.46300245831569	17
0.00982522819494003	1.50059180888224	17
-0.0610322215175201	0.805275387589663	17
0.01406878359468	1.61700897745349	261
0.020185498175	0.560498579418097	313
-0.03204120635196	0.68978248087887	313
0.0188610936934399	0.573408427354897	313
-0.0372444009759101	0.645942900423926	56
-0.0687421985335901	1.20204855564282	78
-0.0757712572867999	0.957825472254146	649
-0.0668787624789	1.47405590008043	17
-0.07703244289249	1.04702115873524	17
-0.0801235635202799	1.07284777732059	17
-0.07108613059773	0.962813087378381	261
0.01482992697402	0.551451387665716	56
0.0896131772817701	0.967025485506208	78
-0.03436029024131	0.669643146584329	78
-0.03066834881654	0.670834457100386	616
-0.0787052184766	1.0935539314367	17
0.05278412129273	1.13451452394427	261
-0.04701289448346	0.58391532105775	313
0.02094122899938	0.545822959912802	313
-0.07982304767799	1.06232008307622	313
-0.0568592699852	0.824390269201117	78
-0.0327954587574	0.681778093840489	587
0.0604658787079	2.26470380131034	95
-0.0475047330910701	1.41534996170732	649
-0.1075212613884	1.64571342465044	17
-0.0327954587574	0.681778093840489	17
-0.0632479979998	0.78988985324376	313
0.0290333055535501	1.30239068341122	313
0.0217068329991299	0.559229882339998	313
-0.03737852510253	0.662870148210666	78
0.0181609168039201	0.574381438846744	78
-0.02869585709661	0.670126430566298	78
0.0188610936934399	0.573408427354897	78
-0.0627638669652599	1.72439911669822	587
-0.0395048813074499	0.647847850716796	1702
-0.07714557475254	1.22637031629986	17
-0.0294506133647101	0.664435930690339	17
0.0912720732766501	1.76191857834961	261
0.0944763269951401	1.77859242922538	261
0.04724955671271	1.11310967009654	313
0.0830057305098799	0.946934324029415	313
-0.0366240151619099	0.671816824980133	1372
-0.0358694721397701	0.675501958126194	78
0.01822335972151	0.554152989863487	46
0.0043070587743399	1.9232022074246	24
-0.0546544096060899	1.57423068724407	181
0.00956472348144	1.51752321367406	125
-0.06669853564486	1.07223677319652	313
-0.07250721861002	1.02200259023273	313
-0.07498044649017	1.0985698704438	313
0.0897098479446901	0.911495943661389	313
-0.0322068679952501	0.660316210457115	93
-0.0503875018259901	2.25579729809409	938
-0.07206317226278	1.09595443580933	5
-0.06248169302198	0.788999190683487	627
0.0357774354551701	1.26361760517997	649
0.0601584315144399	1.84977835077375	23
0.0114342823220701	1.69092401810647	17
0.10937881455771	1.65832385472805	17
0.0497220187098399	1.14474086008684	616
0.05777610617691	2.17156210611616	17
-0.0781381045327201	1.09109275225198	36
-0.0755727017421199	1.23445745121341	36
0.0181609168039201	0.574381438846744	261
0.11141577623699	1.61895723147199	313
-0.05925310247948	0.797639901981348	56
0.01669492753573	0.550125205679112	82
0.0232341179901201	0.557855487687911	78
0.000486536195450027	1.86882292282856	938
-0.0587324390770501	0.810059840346583	189
0.0177665121664801	0.550797365243141	181
-0.05925310247948	0.797639901981348	17
-0.05967049190445	0.790283031047856	17
0.0159912666939099	0.535844375950078	17
0.0133079212009599	0.547779280660439	17
0.02483786258511	1.25051989849343	17
-0.0514089869058301	0.787430007760796	36
-0.0549893908391701	0.797405221820083	1060
0.02171699762171	0.577695266385675	261
0.0185172137301499	0.551572504203913	261
0.02465652806694	0.554135218823491	22
0.08669345847286	0.982811185879656	93
-0.0366240151619099	0.671816824980133	78
-0.06952777444309	1.07819435184863	78
0.0193325512682401	1.35189213348945	938
0.01700760424064	0.554674549798578	1391
-0.05856020432309	0.799592018032149	189
0.02171699762171	0.577695266385675	17
0.02540769092115	0.539970230094425	17
0.06506048147304	1.84153410903449	17
0.0174592754426599	0.569501645243817	36
0.04971014972597	1.11225348302897	5
0.08633101049824	0.981175452258476	1391
0.0909800867286701	1.02411413754917	1955
0.0196240552620599	0.557810840104493	1292
0.0882449883488901	0.972067487287798	17
-0.06405541344665	0.933658033129777	936
0.01822335972151	0.554152989863487	1060
0.02618095261545	0.54199359413802	261
0.0209519003601499	0.574895216470381	261
0.0195597997519801	0.566790595699457	22
-0.02624030140402	0.624921335520375	78
0.10601982110266	1.65590629864507	55
-0.06058392235442	1.44857786147441	754
-0.0525182955457899	0.812230774327002	616
0.0180978701416501	0.553736624957976	22
0.0886535729901099	0.984612666630243	93
-0.07613479650237	0.921461003798304	78
0.0196240552620599	0.557810840104493	78
-0.03066834881654	0.670834457100386	1139
0.00358644922286011	1.86889339871686	5
0.01126345604782	1.61851997461544	5
-0.0347943022622701	0.664238044554235	5
0.0195597997519801	0.566790595699457	5
0.0188610936934399	0.573408427354897	125
0.0880092218186801	1.88167030530287	754
-0.0465777269538601	0.758069490308022	616
-0.11381526441846	1.59534428946995	36
-0.0579642509805001	0.801529867905447	261
0.0494883117977401	1.074089429423	261
-0.06889902385506	0.944392440751573	22
-0.03053261935878	0.688306370489708	78
0.0239957875681101	0.543874213554032	78
0.0196240552620599	0.557810840104493	78
-0.0311509861955399	0.686103370129228	78
-0.04087886060927	0.652962932957941	78
0.02094122899938	0.545822959912802	78
0.0209519003601499	0.574895216470381	78
-0.0997289281027001	2.06547919169314	17
-0.0739356636466799	0.930697812040586	261
-0.06401350463462	0.78665597069126	22
-0.0500462318194199	0.769418112998012	78
-0.0367572778402401	0.664934543234127	78
-0.06307778254139	0.787114084301535	78
-0.03128692626297	0.691728626198683	78
0.09020511969672	1.02563784730129	82
0.0923481805222399	1.01098052697654	78
-0.03616630969782	0.676981888625591	1139
0.05983627509731	1.14109239535513	5
-0.06086258591367	0.809999526093607	754
0.01448369131912	1.65124126090816	17
0.01739713079873	0.554604139276196	261
-0.0689314790422799	1.33647298698328	22
0.0891225416432999	1.69850468154877	22
0.09252280124428	1.00611257535179	78
-0.05234758325473	0.815529560101019	78
-0.03053261935878	0.688306370489708	78
-0.0360031608657301	0.673941905692906	605
-0.0291604995810799	0.65914098026396	605
0.0203221991379601	0.551671451265171	55
-0.05192370570441	0.787015634565149	35
-0.10318378141779	1.88985926372502	165
-0.0814604285316401	1.24588108199559	189
-0.0641158729868301	1.21274077003558	125
-0.06137391395444	0.79046288654831	261
0.00598272312417003	1.50803095817671	261
0.07234206505105	1.92044388973062	22
-0.0797715094156	1.06165468115056	22
-0.0578944344180701	0.772475321812925	78
-0.0346287370028799	0.657714063056061	78
-0.0636236510602499	1.32110445819413	24
0.05163006663925	1.11652475548254	5
0.0181609168039201	0.574381438846744	261
0.02390515260083	0.536254853260128	22
-0.0850935308052701	1.19995950945315	93
-0.0366240151619099	0.671816824980133	93
0.02171699762171	0.577695266385675	78
0.0181609168039201	0.574381438846744	55
-0.08255973308682	1.31813758547982	227
0.04971014972597	1.11225348302897	22
0.02374661115966	1.35702705626066	93
0.02171699762171	0.577695266385675	93
0.0194295487949401	0.541966876683729	78
-0.0327954587574	0.681778093840489	78
0.0188610936934399	0.573408427354897	78
-0.0366240151619099	0.671816824980133	82
0.0201967502639	0.555160037352433	78
0.0209519003601499	0.574895216470381	78
0.10696181357714	2.12138121079395	189
-0.0583713416636	1.74876584827506	17
0.01482992697402	0.551451387665716	17
-0.0317695375932801	0.662683622504812	78
-0.0358694721397701	0.675501958126194	605
-0.0509865761936401	0.804739992248405	605
-0.10936621995285	1.79143970635565	17
-0.0344948296830001	0.676892139961638	261
-0.0739833115216699	1.34353443931604	261
0.0944830668397401	1.01372817483186	22
-0.0209053551843501	0.610194378009411	78
-0.05473479741738	0.817976409496111	82
0.0196240552620599	0.557810840104493	82
-0.03616630969782	0.676981888625591	78
-0.0346287370028799	0.657714063056061	125
0.01699968554956	0.552896110613039	2385
-0.0534041520175199	1.89407484019479	17
0.0284653285150001	1.28613065843024	17
0.0122627636189101	1.65933708088036	36
0.0304982822958699	1.28372568122336	108
-0.0721110111412699	0.95796815445167	898
-0.0351148968828401	0.674752877971837	1879
0.0197102325926899	0.963731597162357	78
0.01822335972151	0.554152989863487	78
0.0174592754426599	0.569501645243817	78
-0.05328296847227	0.807451725185584	5
0.10677165608813	1.57632219481598	17
-0.0741566094600099	0.934523127437168	22
0.0880611362549599	0.989959480931716	22
-0.0291604995810799	0.65914098026396	1879
0.0195597997519801	0.566790595699457	78
-0.0279410778879801	0.669539681080409	78
-0.07698388359401	1.25782962809381	189
-0.06969744320024	0.961563230667883	189
0.02724037347917	1.6116419743061	189
-0.0783606742727401	1.10101394227362	189
0.09175576084294	1.01668666266164	227
0.10580823395602	1.60935113296026	17
0.0118322576731	1.35417105276505	17
-0.0845342478675799	1.05991547332762	17
0.10885097980921	1.66296574256372	17
0.01546557888166	1.32795120244369	17
-0.0294506133647101	0.664435930690339	261
-0.0273240219426301	0.671607313317384	261
-0.0337406171725601	0.67174207523337	22
0.01739713079873	0.554604139276196	22
-0.04563984194496	0.767472129142673	22
0.0209519003601499	0.574895216470381	22
0.0963821727834899	0.951603437836624	1879
0.0174592754426599	0.569501645243817	1104
0.0188610936934399	0.573408427354897	78
-0.0703720954646201	1.35973824439138	23
-0.11316747612476	1.47083279156057	17
-0.0675983556800901	1.43528476774567	17
-0.07438065582445	0.959224633434023	17
-0.05549999058747	0.8215019770827	251
-0.0648263193132601	0.951687320652412	251
0.0909800867286701	1.02411413754917	22
0.0913356036222599	1.00146224148913	22
-0.0319056885851501	0.689496896686378	1104
0.01739713079873	0.554604139276196	78
0.0238923287775701	0.542962777018053	605
0.01775911438248	0.555461559626313	1023
0.0261697639892899	0.539503770259791	78
0.0254194045999401	0.553621271431493	78
-0.0604430798886899	0.793259870105594	2846
-0.0620657989430999	1.49154093696508	469
-0.07364858159599	1.2697265247553	337
-0.04920156250657	0.783691301766898	375
0.0114406289942399	1.92892121931	17
0.01514853053482	1.83201827009885	287
-0.0842177463388401	1.07579556142599	251
0.01675617595184	0.553927534180723	22
0.02247113122907	0.561845184114915	93
0.0181609168039201	0.574381438846744	78
0.0209519003601499	0.574895216470381	1023
-0.0327954587574	0.681778093840489	78
-0.0273240219426301	0.671607313317384	78
-0.00508465402062996	2.37952553784324	469
0.0243705115559301	1.22834819803789	1498
0.0423873822483101	0.995784001624565	125
0.01582524542981	1.56995637275736	375
-0.07728405793723	1.27013819122824	287
0.0523730213503499	1.15180083670858	261
-0.0816783477479901	0.879038081561501	22
-0.07523320409736	1.0834462556064	34
-0.0321760923557499	0.661600262483077	78
-0.0529425648183799	0.806809669431668	78
0.0209626476559199	0.55774028837157	1023
0.0195597997519801	0.566790595699457	1746
0.04844982588765	1.16563741424719	78
0.0611566090453599	1.09968119754511	189
-0.06685585657936	0.964246186725101	189
-0.06473897182474	1.30964880462726	17
0.07924111258371	1.95166944673466	17
0.0215402273741301	1.40706655958699	287
0.0893875536834501	1.77286790522959	287
0.01892444000319	0.558701135901297	22
-0.03206930801368	0.644086483901577	93
0.0180978701416501	0.553736624957976	82
-0.03692025747873	0.669286934913104	150
0.10736509297864	1.61054309070557	189
0.04927637154214	1.16375635676282	189
0.02483786258511	1.25051989849343	189
-0.0387514160774101	0.651243916769106	125
-0.0299144369751001	0.667697615107245	588
0.0220021324261901	1.23864449799029	17
0.0697166284722599	1.92391934425602	9
-0.03436029024131	0.669643146584329	22
-0.0366240151619099	0.671816824980133	22
-0.07715248560509	0.908622416619158	252
-0.0367572778402401	0.664934543234127	695
0.01892444000319	0.558701135901297	929
0.0232341179901201	0.557855487687911	78
-0.06663730357649	1.65765603483248	937
-0.10942152016596	1.69198158038693	938
-0.0691366937473701	1.37104757020843	469
-0.0351148968828401	0.674752877971837	337
-0.0358694721397701	0.675501958126194	375
-0.0258151931370401	0.647065652569594	375
-0.0587324390770501	0.810059840346583	170
-0.06864925990044	1.50189311324216	17
-0.03603055594926	0.661924725387155	17
-0.0769399051641799	1.12493123577699	287
-0.05702799720567	0.813189609461948	695
0.0181609168039201	0.574381438846744	78
0.0125518153255699	0.5470032561333	1419
0.08902534510952	0.974833472814745	35
0.0118324137324	1.69033951108757	469
0.0196240552620599	0.557810840104493	17
0.01406957989324	0.55227187092237	17
-0.0560948021496499	0.825899239887167	287
0.0180978701416501	0.553736624957976	574
-0.0352761601735601	0.658882758902854	108
0.0188610936934399	0.573408427354897	22
0.02248078426208	0.573384827718089	205
-0.03772815038355	0.634561376181717	891
0.0231401496000001	0.525962623251488	929
0.02145415505115	0.533645428904542	1419
-0.0723233595731201	1.09317312798998	937
0.0952586556475099	1.00909948994404	191
-0.0327954587574	0.681778093840489	189
0.0209519003601499	0.574895216470381	189
-0.0560948021496499	0.825899239887167	189
-0.03128692626297	0.691728626198683	189
0.0196240552620599	0.557810840104493	23
-0.0691224965766499	0.952567387648679	17
-0.0757078631827299	1.09515801102209	17
-0.0563971535937899	1.80888568609352	117
0.0908996097590999	0.914026498247435	22
0.0555900688008999	1.16547652137229	22
0.01406957989324	0.55227187092237	929
-0.03616630969782	0.676981888625591	78
-0.0666455904357	0.734608353663504	937
0.0536087265998999	1.14221706978413	146
0.0174592754426599	0.569501645243817	337
0.0195597997519801	0.566790595699457	17
0.0180978701416501	0.553736624957976	17
0.0188610936934399	0.573408427354897	574
-0.12263329533382	1.49175023394909	251
0.08843189836737	1.0029145117579	22
-0.0525182955457899	0.812230774327002	22
-0.05865845942385	0.773310336558219	78
0.00815626839706996	1.90698851210975	938
0.0430935285876901	1.06939220893645	469
-0.06026642339373	0.811998233562789	5
-0.12277860090268	2.28545555277169	5
-0.0493274560746	1.65586803927346	17
0.0531999094242099	1.14034178404065	36
-0.07976638534596	1.11703325786111	22
0.00487261401947992	1.48439000807982	93
0.0187971392061499	0.547707693072573	290
0.0291141334162399	0.512903795186998	937
-0.05234758325473	0.815529560101019	33
-0.0809657920698501	1.0689814243666	469
-0.0670996577084499	0.949312303321472	146
-0.0360031608657301	0.673941905692906	5
0.02247113122907	0.561845184114915	17
0.00934826829567004	0.522918798879968	287
0.0196240552620599	0.557810840104493	1227
0.0187971392061499	0.547707693072573	899
-0.0915740836158001	1.99512638363578	803
-0.03616630969782	0.676981888625591	17
0.0185240857053799	0.537171979438649	1227
-0.0352490111976	0.677650216886525	78
-0.06689525282357	0.707165492650765	1410
-0.0780047896628999	2.41656554914706	803
0.0847305951613999	0.993962942789435	9
-0.07540055995345	0.874346109506394	189
0.0973848543253	0.993428465133781	45
-0.0755204988067	1.10700568085675	125
0.0232341179901201	0.557855487687911	22
-0.0763489550118599	0.921295023517995	22
0.03203919656886	1.2459765577893	22
-0.05387785647221	0.811633973246619	87
0.02618095261545	0.54199359413802	133
-0.0317695375932801	0.662683622504812	695
-0.0832973205376799	1.21325500893534	189
-0.06026642339373	0.811998233562789	17
-0.07993473583196	1.18272527374417	251
0.0848223594820201	1.74003646184015	251
0.0181609168039201	0.574381438846744	22
0.0181609168039201	0.574381438846744	222
0.0181609168039201	0.574381438846744	35
0.11538589231651	1.5262689631759	327
-0.11525264734006	1.67682792560734	9
-0.11694661842318	1.65858152505291	251
0.0125518153255699	0.5470032561333	78
0.0209519003601499	0.574895216470381	156
-0.03128692626297	0.691728626198683	78
0.00745381264075995	1.34722414115909	87
0.0174592754426599	0.569501645243817	695
-0.0303962574718299	0.676892249940029	143
-0.0393711659646401	0.665200083300004	35
0.00783333988876001	0.506479558816698	191
-0.07315322898932	0.927652891133009	251
-0.0282150987182901	0.64754401149044	87
0.07693263499656	1.96980815709668	33
-0.0721266304872901	0.961593491547758	1489
-0.06061134207898	0.798413187030627	1489
0.05352985106391	1.15776895808721	9
0.0181609168039201	0.574381438846744	87
0.02171699762171	0.577695266385675	87
0.01739713079873	0.554604139276196	133
0.0181609168039201	0.574381438846744	133
-0.03436029024131	0.669643146584329	93
-0.0299144369751001	0.667697615107245	695
-0.0568592699852	0.824390269201117	45
-0.0335496826142601	0.662161632776018	17
-0.07065568673681	0.929800887154297	17
-0.03616630969782	0.676981888625591	17
-0.0344948296830001	0.676892139961638	251
-0.0741566094600099	0.934523127437168	36
0.0177665121664801	0.550797365243141	133
-0.06061134207898	0.798413187030627	93
0.0187971392061499	0.547707693072573	695
0.0148352631895701	0.544734387495597	430
-0.12442410774776	2.4263033950335	33
0.0980438065858	2.41180542574841	170
-0.02780311801449	0.641426792348198	695
-0.07955936176126	1.06733213903957	1185
0.09267550897799	0.98054292492735	1185
-0.03053261935878	0.688306370489708	45
0.00845271643460999	1.61018539620455	17
0.08277632700522	0.930997547855896	87
0.01892444000319	0.558701135901297	93
-0.0386172748701701	0.664489741570261	132
-0.03053261935878	0.688306370489708	189
-0.0668414196849601	0.652679947297078	45
-0.0741566094600099	0.934523127437168	9
0.02171699762171	0.577695266385675	265
0.0203221991379601	0.551671451265171	265
0.0232341179901201	0.557855487687911	265
-0.0692685044650201	0.950661702009666	606
0.04724955671271	1.11310967009654	189
0.0935263996550999	0.970498571312443	189
0.0209519003601499	0.574895216470381	45
-0.0574543801426499	0.815374317066546	9
0.12408929585078	1.49472902484034	9
-0.0831466318951699	1.07434765412382	36
0.0188610936934399	0.573408427354897	87
0.02247113122907	0.561845184114915	87
0.0210697176049499	0.536530606265955	93
-0.07357419104034	0.960412404920123	93
-0.0329299223192601	0.643418953406362	532
-0.07175945640384	1.09073282550956	265
0.02390515260083	0.536254853260128	477
-0.07188614623561	1.39677104787889	606
-0.07148929136984	1.36253452736169	154
0.01669492753573	0.550125205679112	45
0.0878786757686301	0.988364854183286	767
0.0115906107586701	1.34096234786764	2383
0.0209519003601499	0.574895216470381	170
-0.0760989739960201	1.12308591489062	9
-0.0291604995810799	0.65914098026396	87
0.02247113122907	0.561845184114915	93
0.01010374098895	0.522236795152922	134
0.0180978701416501	0.553736624957976	93
-0.0366240151619099	0.671816824980133	93
0.02249050740962	0.540083760465437	265
0.0174592754426599	0.569501645243817	265
-0.0723479708056301	0.945895790865693	265
0.0825940502281499	0.97687289508038	327
-0.0337406171725601	0.67174207523337	1326
0.0188610936934399	0.573408427354897	134
0.0181609168039201	0.574381438846744	1815
0.0865119383670301	0.992679446478008	477
0.00768112700218993	1.5071234133348	154
0.020185498175	0.560498579418097	1908
-0.07028107593315	0.958849819440319	23
0.0188610936934399	0.573408427354897	170
-0.0360031608657301	0.673941905692906	167
-0.07357419104034	0.960412404920123	265
0.05777628476427	1.1065451129512	33
0.0897805763852799	1.00415260508841	45
0.01482992697402	0.551451387665716	2241
0.02540769092115	0.539970230094425	265
0.01822335972151	0.554152989863487	3
-0.0337406171725601	0.67174207523337	1525
-0.07010135013536	0.927436232270008	993
0.0196240552620599	0.557810840104493	33
-0.05339637081335	1.58456450841756	33
-0.0723308815731301	0.936330613983541	606
0.0915725633036899	1.01829064034136	17
-0.08390120650255	1.02342798255358	331
-0.0279410778879801	0.669539681080409	22
-0.0291604995810799	0.65914098026396	45
0.0174592754426599	0.569501645243817	170
-0.0354123372567601	0.678865487404981	170
0.02171699762171	0.577695266385675	167
0.01892444000319	0.558701135901297	1009
0.0174592754426599	0.569501645243817	33
-0.0280784043050699	0.672201649641604	154
0.02540769092115	0.539970230094425	533
0.0188610936934399	0.573408427354897	170
0.0897805763852799	1.00415260508841	170
-0.0335496826142601	0.662161632776018	720
-0.03204120635196	0.68978248087887	36
0.01892444000319	0.558701135901297	36
0.0246688336999299	0.535804061943147	234
-0.0279410778879801	0.669539681080409	33
-0.0648263193132601	0.951687320652412	33
-0.0319056885851501	0.689496896686378	1365
0.0853245060364401	0.996436326500806	1365
0.0937081811387299	1.01191418335048	606
0.0144777675909	1.43997419421847	606
-0.02486934470177	0.640637519022417	606
0.0209519003601499	0.574895216470381	327
-0.0680105445839301	0.744639041044885	23
0.0291141334162399	0.512903795186998	9
0.0187971392061499	0.547707693072573	167
-0.0317695375932801	0.662683622504812	36
0.0196240552620599	0.557810840104493	134
-0.0589039676238801	0.791701164370226	146
-0.0346287370028799	0.657714063056061	1365
0.0262503591490699	1.27529775597356	606
-0.0582181234300601	0.808634639561417	45
0.0187971392061499	0.547707693072573	167
-0.0314222342330199	0.669015742292157	9
0.0126351435268499	1.83402140206575	9
-0.11737405357258	2.19535381753369	9
0.0181609168039201	0.574381438846744	36
0.02171699762171	0.577695266385675	36
0.0269305076842099	0.528653027571116	1748
-0.0393711659646401	0.665200083300004	87
0.01669492753573	0.550125205679112	87
0.01699968554956	0.552896110613039	87
0.0196240552620599	0.557810840104493	93
0.02171699762171	0.577695266385675	134
0.0713010341910401	2.01019261648293	327
-0.08145847908319	1.06107463327272	327
0.0894308590673101	1.02117757768848	45
-0.08134429115054	1.2141045346646	9
-0.0346287370028799	0.657714063056061	17
-0.0368899094467501	0.627679039656807	87
0.01407542845912	0.550669138194053	93
0.0898027442916101	1.64892191976357	533
0.12378604949033	1.43108423960985	99
-0.06427785995146	0.930133333568757	265
-0.05234758325473	0.815529560101019	3
0.01407542845912	0.550669138194053	143
0.02171699762171	0.577695266385675	333
-0.0606922465301401	0.786944017571383	35
-0.0745208873001	0.91909702485083	45
-0.0502195278981299	0.791680061301603	170
-0.0352490111976	0.677650216886525	318
-0.0584890092872401	0.796705023659928	265
0.01700760424064	0.554674549798578	3
0.0232432545685901	0.558348960506902	143
0.02631722752043	1.24490824544467	45
-0.0609457681025001	0.750458446955973	234
-0.05549999058747	0.8215019770827	93
0.0313240554869301	1.27876370905605	265
-0.03436029024131	0.669643146584329	143
0.0913356036222599	1.00146224148913	101
-0.0664120926235201	0.927418556612776	45
0.0181609168039201	0.574381438846744	23
-0.0597674754645701	1.66639450203481	170
-0.0713069341474699	0.964420138569278	36
-0.05967049190445	0.790283031047856	36
-0.0919915650021399	1.75279168287226	36
0.08007318035404	1.95425899069519	87
-0.0755390895135799	1.31545607993317	87
-0.07316272288534	1.07833204461746	265
-0.03053261935878	0.688306370489708	3
-0.05908381447293	0.800767141401236	201
-0.0743559849812701	1.23936040723956	170
-0.0372444009759101	0.645942900423926	343
0.02618095261545	0.54199359413802	3
0.0818182117034101	0.970845673204697	17
-0.0717717309635899	1.07353158759935	265
0.00128071187890999	2.22625617314914	1859
0.0929160078976301	1.84732937285921	327
0.01726900930569	1.70371517955388	9
0.0569927023951	1.14806175786628	36
-0.0375113612774001	0.645319288145867	1759
0.0195597997519801	0.566790595699457	1670
0.01321403374247	1.53762656948275	610
-0.07346702516582	1.10590952439079	234
-0.05311311534745	0.816475824123138	265
0.08669345847286	0.982811185879656	143
0.0180978701416501	0.553736624957976	1443
-0.0517528317646601	0.811303262851395	1443
0.08862918972476	1.65502877707477	94
0.0074737643676801	1.56219460275353	94
-0.0721110111412699	0.95796815445167	2327
-0.0753911351098999	1.09128697952404	2599
-0.07381456969018	1.23179908077309	1415
-0.0636741033885699	0.764247334493397	318
0.08883680102555	0.98117858331311	265
-0.06970659235309	0.957575443462853	3
0.02171699762171	0.577695266385675	143
-0.0334700550293101	0.619803765334153	201
0.0896542502737301	1.73627283757177	492
-0.0505634102955199	0.761289061610429	492
0.10206049041109	1.50765616187083	87
0.08550643722395	1.00459969517939	265
0.05525868717259	1.13860692229033	265
-0.05908381447293	0.800767141401236	3
-0.0525182955457899	0.812230774327002	1222
0.0853350358607901	0.950290300746947	201
-0.0395048813074499	0.647847850716796	94
-0.08215569081793	1.17887049119096	45
-0.0721110111412699	0.95796815445167	265
-0.0351148968828401	0.674752877971837	3
0.01892444000319	0.558701135901297	3
-0.0273240219426301	0.671607313317384	201
-0.04012502816429	0.661625334883671	201
0.09350140095792	1.6727191695179	1078
0.11492974441002	1.6021949293515	45
0.0478286349844499	1.10724186698763	228
-0.05908381447293	0.800767141401236	87
0.05278412129273	1.13451452394427	265
0.0259618231154699	1.31101045202533	1411
0.0897805763852799	1.00415260508841	201
0.09020511969672	1.02563784730129	201
-0.0542692873486099	1.64346890314696	33
-0.0765037275710101	1.09791860389817	29
-0.0705024115422599	0.965554016728231	9
-0.0565254712772501	0.804714067877184	610
-0.0574543801426499	0.815374317066546	610
0.01739713079873	0.554604139276196	36
0.0180978701416501	0.553736624957976	36
-0.0366240151619099	0.671816824980133	318
-0.0393711659646401	0.665200083300004	316
0.02540769092115	0.539970230094425	265
0.01406957989324	0.55227187092237	265
0.02247113122907	0.561845184114915	265
0.02872825178289	1.51103634166466	1078
0.09389054864767	1.01946129658989	29
-0.05482921917909	1.76698729561172	610
0.0195597997519801	0.566790595699457	265
0.0181609168039201	0.574381438846744	265
-0.0351148968828401	0.674752877971837	3
0.0232341179901201	0.557855487687911	228
-0.0584890092872401	0.796705023659928	228
0.0672295317716101	1.92616848374605	248
-0.0767708901683899	0.872188960508741	36
-0.03204120635196	0.68978248087887	87
-0.0666341745489401	0.954465972838955	709
-0.0303962574718299	0.676892249940029	3
0.0555900688008999	1.16547652137229	3
0.0209626476559199	0.55774028837157	2015
0.0293841380553199	1.26731087211679	201
-0.09970375110238	1.82014434467033	45
-0.0407453610352899	0.645626197661032	23
0.0312704599434599	1.34825049022197	170
0.01775928946039	1.86541807258718	2006
0.05840602824402	2.10347281187678	36
-0.0560948021496499	0.825899239887167	278
0.0207064604720499	0.532921404677904	278
-0.0728062764088899	1.2642135055424	36
0.04334111471415	1.0821961552019	3
-0.02869585709661	0.670126430566298	3
0.01675617595184	0.553927534180723	2015
-0.03128692626297	0.691728626198683	2015
0.01822335972151	0.554152989863487	1411
-0.0706442162991701	1.10230880260221	170
-0.03204120635196	0.68978248087887	492
-0.0273240219426301	0.671607313317384	278
-0.03954313323223	0.635969614996999	354
-0.0727672774492001	0.956518106450621	265
0.0728115286562401	1.78417159618232	29
0.0169862141111801	1.46174025680726	29
0.01943500024657	1.30851432582289	29
-0.0308365017491501	0.64625390476866	45
-0.0294506133647101	0.664435930690339	170
0.0181609168039201	0.574381438846744	278
-0.0319056885851501	0.689496896686378	87
0.05723997918118	1.14864853083199	87
0.00452653982815998	1.61797960956545	36
0.09978716015586	1.61720615923802	778
-0.0817284754007499	1.29537872603287	265
-0.0739356636466799	0.930697812040586	53
-0.0709201605074501	1.09846600877301	3
-0.0460129061327299	1.78647169849345	29
0.0677938513850001	2.07020427381166	29
0.0181609168039201	0.574381438846744	29
-0.0366240151619099	0.671816824980133	1150
-0.02718627662859	0.662779182212401	543
-0.0525182955457899	0.812230774327002	29
-0.0912101850329501	0.935815893191353	690
0.02247113122907	0.561845184114915	36
-0.0773210374431901	1.09713465403294	36
-0.0559245141176901	0.813375885320054	87
0.0188610936934399	0.573408427354897	316
-0.0568592699852	0.824390269201117	543
-0.07418377256756	1.38797608108942	543
-0.07371431165563	0.911619037929252	543
-0.0739356636466799	0.930697812040586	29
-0.06086258591367	0.809999526093607	36
0.0876968084646801	0.955544354135306	52
-0.10378223203462	2.2161456521866	29
0.119921732142	1.40063295067572	766
-0.0233604504334299	0.639838597549319	87
-0.11971360851739	1.58306737183098	265
0.0125518153255699	0.5470032561333	1370
0.0174592754426599	0.569501645243817	1370
-0.0501389657972999	0.793318444913187	29
-0.07839612637988	0.92476163512055	29
0.0217068329991299	0.559229882339998	29
-0.0407512264230601	2.331843389002	29
0.01892444000319	0.558701135901297	690
0.0176638192402201	1.41349230670023	265
-0.06367117561818	0.753271570411474	543
-0.07008072621752	1.09981523176484	543
-0.0762864021736101	1.18579272147299	29
0.02247113122907	0.561845184114915	29
-0.10852581570935	1.7143043722844	228
-0.06500636642645	1.06802105529466	1150
-0.0311509861955399	0.686103370129228	354
-0.0678402399654201	0.732524126002001	3
-0.0335496826142601	0.662161632776018	557
0.01822335972151	0.554152989863487	543
-0.0618019171934701	0.763195372200442	109
0.0209519003601499	0.574895216470381	360
-0.0665314221945199	1.56133387062066	29
-0.05814800062238	0.777940756391199	29
-0.11661329520145	1.50012572047157	228
0.03459872123623	1.31030532330212	1150
0.02247113122907	0.561845184114915	1379
0.0174592754426599	0.569501645243817	36
-0.0363014254112299	0.655157182438175	107
0.0786934123650001	1.80172426569083	87
-0.0355870030207099	0.619993235444959	354
-0.06001640051797	0.794373249113039	3
-0.03573727879459	0.618330767415798	557
0.0555464050090599	1.15278306336724	29
-0.04487421113839	2.01224947311732	23
0.0973351659897801	1.78040463595271	1150
-0.0366240151619099	0.671816824980133	36
0.00648768744995998	1.8808616299696	87
-0.07449280991267	1.34235344987164	2203
-0.0743765094992801	1.39663682761933	265
-0.0344948296830001	0.676892139961638	53
0.08728618226942	0.993772731158565	109
0.0581033866429399	1.1318058577021	29
0.01699968554956	0.552896110613039	2344
-0.0340407051715601	0.661170820065436	2344
0.01775911438248	0.555461559626313	140
-0.0680105445839301	0.744639041044885	3
0.0203221991379601	0.551671451265171	25
-0.0648658259122199	0.751095557698553	29
0.09661003158388	0.987520778411331	2344
-0.0393711659646401	0.665200083300004	2655
0.09795549852689	1.49603311752784	36
-0.0572851163822801	0.787915802482945	265
-0.0735158179855999	1.23723852186921	2203
-0.0326603637691001	0.687561376526335	2691
-0.0280784043050699	0.672201649641604	3
-0.0718233201845899	1.34865592046776	528
-0.06950286927322	1.07146996650967	265
-0.06625191853732	0.91993216126403	3
0.01822335972151	0.554152989863487	53
0.0539411562630401	1.1561251657209	690
0.01892444000319	0.558701135901297	110
-0.0718347774313199	1.21619610912529	1144
-0.06357054448425	1.56771637546639	36
0.0880611362549599	0.989959480931716	265
-0.02855831693711	0.647613452410432	335
0.01406957989324	0.55227187092237	335
-0.03737852510253	0.662870148210666	215
-0.06697100394892	1.42436733429082	36
0.01482992697402	0.551451387665716	850
0.0162473676918	0.552114117381388	52
-0.0755498665543799	0.954309812629963	1963
-0.0783452914263501	1.11772964423066	29
0.09987423084199	1.48859588989267	29
-0.0603291073763901	1.48617541793832	428
-0.0803314667792201	1.11401510902287	228
-0.08117254484444	1.11312898370901	36
-0.0273240219426301	0.671607313317384	36
0.0181609168039201	0.574381438846744	36
-0.05379663278571	0.798380836783041	3
0.01892444000319	0.558701135901297	1963
0.01406957989324	0.55227187092237	1963
0.0837795603512099	0.930481940339066	265
0.09079765304287	1.01978470206524	265
-0.0529425648183799	0.806809669431668	335
-0.06685585657936	0.964246186725101	878
0.0268084460737299	1.27864702065721	71
-0.0786672220673901	1.25633562290311	23
0.01822335972151	0.554152989863487	690
0.0253523711371799	1.25710413328056	601
-0.0598479759100301	0.801720444351279	3
-0.02500741098251	0.610601525616168	29
-0.04951580742436	2.25889310525245	9
-0.0724747605734799	0.94681844047401	111
0.10897390210269	1.60034035154196	265
-0.03616630969782	0.676981888625591	83
0.01739713079873	0.554604139276196	850
0.00602966870308008	1.80458149620797	9
-0.0288327641191199	0.666474529444551	265
-0.06086258591367	0.809999526093607	83
-0.0647782138981201	0.778926179546762	850
0.02248078426208	0.573384827718089	83
0.05973543564194	2.21120871192985	45
-0.07200630297689	1.47707995497225	71
-0.12477141145968	2.03105664440891	190
-0.10763708118591	1.65671906090488	11
0.0150506944608999	1.43388882491878	111
-0.0574543801426499	0.815374317066546	497
-0.0360031608657301	0.673941905692906	83
-0.04025831717544	0.639634664315229	850
-0.07108613059773	0.962813087378381	54
-0.0517067308666599	1.96676066434694	2397
0.0102804122807201	1.55687218736263	23
0.08746846927755	0.979109860474188	601
-0.06026642339373	0.811998233562789	265
-0.0586930157185199	1.45418214873557	265
-0.07674261023802	1.26687961951824	1006
-0.0749651530465301	0.964371034499958	83
-0.0690080159683799	1.49952330541975	23
-0.0639495106041501	1.63852549732836	190
-0.06020187069509	1.71933787573448	190
0.01892444000319	0.558701135901297	1194
0.01138662375003	1.57222940859314	372
-0.0980943613818099	1.99826510969759	610
-0.07346702516582	1.10590952439079	83
-0.0753601181539301	1.24647828848521	29
-0.06901487326497	1.2137101118461	71
-0.04287949243112	0.624346392894567	9
0.05539014807902	2.13036103915942	265
0.04971014972597	1.11225348302897	83
0.09020511969672	1.02563784730129	71
-0.03204120635196	0.68978248087887	71
-0.05925310247948	0.797639901981348	697
-0.0273240219426301	0.671607313317384	23
-0.0724747605734799	0.94681844047401	190
-0.0358694721397701	0.675501958126194	111
0.0944830668397401	1.01372817483186	394
0.0196240552620599	0.557810840104493	394
0.020185498175	0.560498579418097	2271
0.0384956854370599	1.26312679388584	3
-0.0733515979189301	0.961611288979783	3
0.0125518153255699	0.5470032561333	497
-0.07143465848485	1.44710279281001	71
-0.000206906809040008	2.01466641916516	372
0.00852819544043992	1.37088230599169	223
-0.0953484283956501	2.3416815283915	190
0.0262441541623599	1.29661970220818	190
0.08550643722395	1.00459969517939	111
0.01945651158846	1.45606202879827	394
-0.0745533538858101	1.04067359570843	394
0.01892444000319	0.558701135901297	83
-0.02869585709661	0.670126430566298	83
0.00691686843346995	1.88032915335434	71
0.07451875395982	1.92908777856968	71
0.0488211049556	2.4289550824753	610
-0.0653616620599	1.4546892418426	419
-0.08020074575926	1.22397455742381	137
-0.06086258591367	0.809999526093607	3
0.08669345847286	0.982811185879656	3
-0.0565254712772501	0.804714067877184	2081
0.08213570546871	1.87332764915771	29
0.08687678281548	1.01150638341381	190
-0.0746543106676001	1.2282899702934	11
-0.0346287370028799	0.657714063056061	265
0.0181609168039201	0.574381438846744	3
-0.03206930801368	0.644086483901577	83
0.0254194045999401	0.553621271431493	54
0.01892444000319	0.558701135901297	54
-0.0368899094467501	0.627679039656807	223
-0.0408808151200599	1.65803906094804	11
-0.0691140261097001	0.951876034792548	265
0.02171699762171	0.577695266385675	3
-0.06889902385506	0.944392440751573	83
-0.0770402975759099	1.3263350443831	29
-0.06307778254139	0.787114084301535	29
-0.08047763495666	1.17966755717375	29
-0.0337406171725601	0.67174207523337	29
-0.0651078360205299	0.729823387055092	590
-0.0710128856261401	1.49450636099332	497
-0.07120788451106	1.09382280491407	286
-0.11929999285656	1.59345757955346	29
-0.0340347488313499	0.656662492219272	32
0.02519101003624	1.2155503943214	542
-0.12400965719542	2.22523412596865	71
-0.05991756739844	1.64818363999784	71
0.0246442942424501	0.529522045766262	223
-0.0609466841508	0.774732760849036	265
-0.0828436490756399	1.04588747160468	286
0.02325140455068	1.2218904037725	542
0.01558895674145	0.545499423004904	128
-0.0311509861955399	0.686103370129228	485
-0.0713069341474699	0.964420138569278	590
-0.0733515979189301	0.961611288979783	9
0.00652889280318991	1.99642655087708	9
-0.0814604285316401	1.24588108199559	286
-0.0706442162991701	1.10230880260221	286
0.0196063156958699	1.36572007120647	29
-0.000323245153379892	2.31838608624768	29
-0.05788848798656	0.798064723512757	71
0.02247113122907	0.561845184114915	265
0.05216198471715	1.15687492065795	83
-0.0317695375932801	0.662683622504812	128
-0.0727112083605399	0.951647405541854	381
-0.0566898440237	0.816853111414735	29
-0.03204120635196	0.68978248087887	32
-0.0582181234300601	0.808634639561417	32
-0.0346287370028799	0.657714063056061	1198
0.0106462252061199	1.66890424955344	265
-0.0751866719288901	0.952765315970559	3
-0.03204120635196	0.68978248087887	3
0.03376852321806	1.27405528685549	286
-0.0739356636466799	0.930697812040586	921
0.0181739704466	1.37448263294704	83
0.0195597997519801	0.566790595699457	485
0.0209519003601499	0.574895216470381	71
-0.06086258591367	0.809999526093607	2835
-0.0366240151619099	0.671816824980133	190
-0.03573515051872	0.652152727764909	442
0.00661198491045001	2.27144081287798	11
0.0188610936934399	0.573408427354897	1096
-0.0317695375932801	0.662683622504812	286
0.0203221991379601	0.551671451265171	83
-0.0716700655420901	0.947924328837552	128
-0.02746113493478	0.652871767856083	485
-0.0383984361852601	2.0378892438598	29
0.0922108671166999	1.66165558912755	600
0.0102616988106601	1.82420582611833	9
0.02031422145177	0.550531733915658	442
-0.0340407051715601	0.661170820065436	442
-0.0340407051715601	0.661170820065436	442
-0.07321661537861	1.22624898783505	137
0.01407542845912	0.550669138194053	3
0.00281980636317991	1.67492948213669	921
-0.0825251517850401	1.03923970776715	921
-0.02855831693711	0.647613452410432	746
-0.0351148968828401	0.674752877971837	32
-0.0748683804350201	1.08413795049063	1243
0.0269305076842099	0.528653027571116	190
-0.04815334648568	1.86537760272324	265
-0.0346287370028799	0.657714063056061	828
-0.06027411648616	0.765374443165486	2382
0.0177665121664801	0.550797365243141	286
0.00884046422179008	1.57946177089613	286
0.01531368545308	1.45408894431891	590
-0.0393711659646401	0.665200083300004	29
0.0888380388877199	1.00950725327002	32
-0.0346287370028799	0.657714063056061	1243
-0.04577556225196	2.34600561416903	36
-0.03128692626297	0.691728626198683	339
0.02540769092115	0.539970230094425	3
0.0483270733976899	1.12293470429651	286
0.00391208047850999	2.1282619836916	600
-0.03360565306858	0.65951351290366	600
0.0133079212009599	0.547779280660439	3
0.00822615041360009	2.1230924313473	1138
0.0182000238690201	1.41727141167965	828
0.0194972004134399	1.52654625343996	3
-0.08117254484444	1.11312898370901	286
-0.0691224965766499	0.952567387648679	921
-0.07990964376965	1.20327199951296	128
-0.0709201605074501	1.09846600877301	29
-0.00755116434930003	2.26696957528051	32
0.10201806755783	1.63260232603896	1243
-0.06120651424645	0.790028218152225	190
0.0285338734418701	1.23119370231812	3
0.00429274205536001	1.67471752435178	1731
-0.0505507853518099	1.90388181540089	11
0.03606383493581	1.29581668116557	265
-0.07232060539923	0.92831344738633	921
-0.0724747605734799	0.94681844047401	128
0.02100477987192	1.40336533063884	600
-0.0164902917879599	2.30013612377251	11
-0.0662725687192201	0.954531086085952	286
-0.07532469518878	0.91812232311379	286
0.0894308590673101	1.02117757768848	128
0.01892444000319	0.558701135901297	1458
0.0201967502639	0.555160037352433	190
-0.03312113000815	0.652290600516832	190
-0.07419495660355	1.04694473572672	286
-0.03692025747873	0.669286934913104	29
-0.08988447614464	1.78157091746378	610
0.10821239070136	2.32413262464767	36
0.04877064968415	1.09932650434546	83
-0.07213438110163	1.22213767515645	83
-0.0806737579850101	1.22889963786373	32
-0.0578942989387099	2.21594626808889	190
-0.06882790882485	0.948102706949	11
-0.0584848867571199	0.774589538620953	128
0.05216198471715	1.15687492065795	29
-0.0743928666578999	1.09855693805973	29
-0.0435523381180201	2.40086316801811	29
-0.0566898440237	0.816853111414735	2300
0.0232341179901201	0.557855487687911	32
0.01822335972151	0.554152989863487	2843
-0.07517683540224	1.06373484452135	36
-0.0952599516802899	2.09068347465283	11
-0.07200630297689	1.47707995497225	879
-0.11971360851739	1.58306737183098	199
0.0868944020799201	1.68262350864525	199
0.02171699762171	0.577695266385675	128
-0.0314528139811701	0.659761374820383	27
-0.0319056885851501	0.689496896686378	1458
-0.0451973341640399	1.71012711357594	1431
-0.04860663940216	0.791754964486594	600
-0.0791058197049099	1.34003614911822	345
0.03578343558135	1.28648716060885	1074
0.0940072607700499	1.79014567529654	11
-0.0732544735038601	1.52494278366339	265
0.0776016565728701	1.79705734491103	879
0.01822335972151	0.554152989863487	103
-0.0875364710489199	2.37259077765581	29
0.0158230676062401	1.36489017627728	345
-0.0326603637691001	0.687561376526335	9
-0.0314222342330199	0.669015742292157	190
0.0162389329817501	0.53978288693564	564
-0.0721110111412699	0.95796815445167	36
0.0515087884494301	1.13592156388265	1074
-0.0752749030612401	1.30711239315051	879
0.08710448850567	0.987281039020676	128
0.05216198471715	1.15687492065795	128
0.0209626476559199	0.55774028837157	1458
0.0528427582004301	2.16349036034301	29
-0.0812660881877301	2.20044908939716	9
-0.11812664788274	1.69127458250813	610
0.0502259362458699	1.13789524002158	1074
0.00396959122887997	1.80671808367789	265
-0.05311311534745	0.816475824123138	83
-0.08104356504513	1.22038794024241	27
0.0512987965820899	1.16806758445816	1458
-0.05473479741738	0.817976409496111	32
0.0547654876749699	1.16415677182948	2399
-0.0273240219426301	0.671607313317384	9
0.12463060714562	1.44939552105665	9
0.0507200011864599	1.15542383793687	11
0.0134776637528	2.00759850008909	879
0.00959166822276991	1.68228318844903	83
0.11063027986629	1.61081850872339	83
-0.07441668347497	1.10147105172213	1458
-0.0566898440237	0.816853111414735	1458
-0.0670716219507399	0.731840705349138	29
-0.07305899791283	0.911429021521322	2399
0.0175208207600701	0.539639541921768	9
-0.06465212424922	1.46734315168856	9
-0.0719577599411101	1.36470478379538	29
-0.07375838846154	0.875397514911368	345
-0.0797715094156	1.06165468115056	9
-0.0727776074508499	1.22266583812652	2122
0.08843189836737	1.0029145117579	190
-0.0781254160064	1.26636235362731	11
-0.0310144125698499	0.654274876382357	103
0.0835550913255501	0.934678585454268	1329
-0.07487132770826	1.09906640714307	221
0.03744979343717	1.26166270090944	36
-0.0314222342330199	0.669015742292157	11
0.01482992697402	0.551451387665716	11
0.0786839133528401	1.87608249389316	11
-0.09795136697042	1.83567691533827	137
-0.10987858261989	2.45689097475876	32
-0.07317818604701	1.09000335646748	36
-0.11598895011788	1.68686767797704	36
-0.0688701249977699	1.67429192925856	137
-0.0791058197049099	1.34003614911822	1329
-0.0786213371332101	1.11026750495559	1329
-0.0803314667792201	1.11401510902287	1329
-0.0507340256911399	0.785197763589531	221
0.0938212323145999	0.945400915618559	221
0.0196240552620599	0.557810840104493	221
0.0584743161118	2.19960368689284	29
0.0253316673883801	1.53592113942998	32
0.12464103627278	1.47829348958822	11
-0.0703833933535001	1.06327829179655	11
-0.05762294510315	0.817477126939524	324
0.00494732570062006	1.61977743429347	11
-0.0537081652820199	0.807721454487619	11
0.0674557503254301	1.95491143906678	103
-0.0658592959825199	1.07065507032247	221
0.01775911438248	0.555461559626313	221
0.02171699762171	0.577695266385675	27
-0.0836997435551201	2.40464874260603	32
-0.07927252506989	1.08510969102778	11
-0.05277567789245	1.67083716696252	103
-0.0598479759100301	0.801720444351279	27
0.09450296512698	1.67722167862318	221
-0.0682849555418601	1.02377309242759	221
0.10339836524227	1.60844463719793	221
-0.0337406171725601	0.67174207523337	221
0.07289885664659	2.17823201420349	345
-0.12094998487947	1.59834465749667	2399
-0.11727220298443	1.55985214420031	610
-0.0340407051715601	0.661170820065436	765
-0.0767818242334399	0.91819223005952	36
-0.0311509861955399	0.686103370129228	11
0.03634000591729	1.29668246235675	103
0.02540769092115	0.539970230094425	103
0.0181609168039201	0.574381438846744	3
-0.05549999058747	0.8215019770827	1329
0.11473188075823	2.17702253845316	2399
-0.0770710408328199	1.28235814281748	765
-0.0682441034947501	0.962929034975586	765
-0.0756861751548801	1.09358355041224	27
0.02229902883867	1.41593035968406	221
-0.04012502816429	0.661625334883671	29
-0.0319056885851501	0.689496896686378	29
0.00305989345951008	1.56173169956309	345
-0.08623291422778	2.39453651447309	11
-0.0974904317054399	2.11263456284186	11
-0.06526210524663	0.92051508262741	11
-0.09932121074426	2.4370630972715	474
-0.06341750725702	0.766505571903061	341
0.03070080419203	1.31090596786831	29
-0.0577178985604701	0.778976054562041	29
-0.06248169302198	0.788999190683487	11
-0.05762294510315	0.817477126939524	27
-0.0825789919675901	1.077157781815	221
0.0187971392061499	0.547707693072573	27
0.00734338748454011	2.03252659528504	341
0.01892444000319	0.558701135901297	983
0.01892444000319	0.558701135901297	983
0.01675617595184	0.553927534180723	983
-0.0267071489948401	0.652342023619165	983
0.03515869159546	1.30367410206172	12
0.01675617595184	0.553927534180723	12
-0.05311311534745	0.816475824123138	103
0.0232341179901201	0.557855487687911	103
-0.0726754154117799	1.22952447791608	1084
-0.0552369939011701	0.791627340603273	1279
-0.0714993823985399	1.0811507825371	665
-0.0489495356954199	0.766043673087718	27
-0.03155508950678	1.88181384869409	11
-0.11742347300878	1.56657220589102	11
-0.0754349404199299	1.08654021381606	103
-0.07344187107247	1.0474958778355	221
-0.0338749488091801	0.657034622396476	135
-0.0666341745489401	0.954465972838955	27
-0.0707116373782399	0.879926641828582	29
0.08573840384464	0.986491267329472	32
-0.05669638333363	0.779169531426266	36
0.09603494821725	0.997807236946927	11
-0.0326603637691001	0.687561376526335	103
0.01699968554956	0.552896110613039	135
0.02171699762171	0.577695266385675	27
0.04729126747484	1.11159883463135	29
0.09020511969672	1.02563784730129	11
-0.03737852510253	0.662870148210666	75
0.05331881499132	1.14788583085842	103
-0.08007353039885	1.06162749704399	27
-0.0351148968828401	0.674752877971837	27
0.01036867119852	1.35145478631611	1199
-0.0698044372325901	1.09746699302623	11
0.08859268152199	0.970165634893682	103
0.0209626476559199	0.55774028837157	159
-0.0733515979189301	0.961611288979783	186
-0.06374288209516	1.51633990435308	29
-0.0826642607736101	1.02811242464684	29
0.04839530205654	2.28037463898588	12
-0.0539688097333899	0.809260942750519	11
0.0187971392061499	0.547707693072573	11
-0.06265207006966	0.769551966902681	473
0.0188610936934399	0.573408427354897	103
-0.02473064658103	0.641782208077441	103
-0.05575782845522	0.80383005694422	320
-0.0577908125648801	0.799915817702543	79
-0.0594998295642899	0.813492335052179	29
-0.0716827329975001	0.92202444885215	64
-0.0311509861955399	0.686103370129228	11
-0.02656961792204	0.66479612480454	75
-0.0358694721397701	0.675501958126194	186
0.0181609168039201	0.574381438846744	27
-0.0715660086243699	1.23804861971295	29
0.04796759674936	1.10331961353104	320
0.08843189836737	1.0029145117579	320
-0.0521951676452099	0.765209036431583	320
0.0217068329991299	0.559229882339998	79
0.0209519003601499	0.574895216470381	1663
-0.0280784043050699	0.672201649641604	1663
0.0188610936934399	0.573408427354897	32
0.01406957989324	0.55227187092237	688
0.02249050740962	0.540083760465437	36
0.02171699762171	0.577695266385675	186
-0.0696129437918001	1.10417965524147	29
0.0174592754426599	0.569501645243817	1663
-0.0368899094467501	0.627679039656807	64
0.07690248874059	2.11268886817529	79
-0.0517528317646601	0.811303262851395	79
0.0279935050809601	1.27592215675765	1663
-0.0681261048251201	1.50255329050747	12
-0.02961651619304	0.616218095095162	473
-0.0803314667792201	1.11401510902287	503
0.0065081926483701	1.49452360233554	1199
0.02400324886466	1.26019082690303	11
-0.0549893908391701	0.797405221820083	29
-0.0858555013509801	1.05527613617933	29
0.0507357018352801	1.1103527968728	2196
0.0725484653619799	2.07044614845603	2196
0.027207303732	1.41555986460646	29
0.0592588471795401	1.15311956509948	1512
-0.0377671142782601	1.91370593360487	345
0.01700760424064	0.554674549798578	599
0.0923481805222399	1.01098052697654	27
0.09524323227708	0.978312802838408	79
-0.0644391239686	0.747629538047909	2196
-0.0723233595731201	1.09317312798998	92
-0.07503521594009	1.37870225415301	92
-0.0682441034947501	0.962929034975586	11
-0.0847856670985401	1.07298583418262	11
-0.0740313785600399	1.09731669638943	599
-0.0699189082217899	0.95574970883915	27
-0.0499681886749399	0.787465118500752	29
0.08555824104217	0.969515721451451	2215
-0.0764735754168899	0.999415638914503	9
0.0220505632224199	1.19886612428424	31
-0.07346702516582	1.10590952439079	12
0.06959296075294	2.10435659038512	12
0.0483270733976899	1.12293470429651	36
-0.07271932053648	1.0834846616607	64
-0.0695837318339401	1.21940269847889	11
-0.0319056885851501	0.689496896686378	103
0.0894308590673101	1.02117757768848	216
-0.0587552573917001	1.31729532017607	9
-0.0335283650481499	1.98734112613087	13
0.04501609935884	1.11469881004907	11
0.08843189836737	1.0029145117579	11
-0.05592960390158	0.78360553502308	11
0.12445709397275	2.11822886559016	103
0.01955850739724	0.532828653915028	2811
0.0162389329817501	0.53978288693564	599
-0.03436029024131	0.669643146584329	27
-0.10878410760373	1.70747497030358	27
-0.0366240151619099	0.671816824980133	971
-0.0339043219233699	0.666712033992412	29
-0.0321760923557499	0.661600262483077	387
0.0181609168039201	0.574381438846744	387
-0.0372450567377001	0.649410324193089	347
-0.0662725687192201	0.954531086085952	310
-0.06086258591367	0.809999526093607	310
0.02248078426208	0.573384827718089	11
0.0181609168039201	0.574381438846744	216
-0.03929936967791	2.16483578483475	553
0.0137874229313399	0.522486092016919	29
-0.0346287370028799	0.657714063056061	651
-0.03416962905168	0.660131148542738	32
0.0188610936934399	0.573408427354897	32
0.0232341179901201	0.557855487687911	1974
-0.0355478759694301	0.662443343608802	345
-0.0458118246962	0.764531970809726	1
0.0251546787553301	0.500913305530442	1413
0.01406957989324	0.55227187092237	229
-0.07942358958022	0.923247000928032	387
-0.0295871004978401	0.649337030513445	11
0.0175208207600701	0.539639541921768	971
0.0174592754426599	0.569501645243817	971
-0.05328296847227	0.807451725185584	9
0.01303424630046	0.525845422760793	825
0.0253469053167099	1.20865475695232	863
-0.07583556728278	0.900912949962263	1413
-0.06384415714376	0.787998286083361	1413
0.0188610936934399	0.573408427354897	809
0.0201967502639	0.555160037352433	216
0.01739713079873	0.554604139276196	971
-0.0337406171725601	0.67174207523337	971
0.0125518153255699	0.5470032561333	79
0.02247113122907	0.561845184114915	79
-0.0514089869058301	0.787430007760796	1137
-0.0591680906638701	1.49075184346637	1
-0.06026642339373	0.811998233562789	229
0.0923481805222399	1.01098052697654	347
-0.0603387803787501	0.744288900932426	11
0.0203221991379601	0.551671451265171	599
0.01892444000319	0.558701135901297	79
-0.0616207995759299	1.71010752523899	1413
-0.0360031608657301	0.673941905692906	229
-0.0328509862217801	0.639494291613609	387
0.0181609168039201	0.574381438846744	310
-0.0727309892741099	1.44598415726825	2291
-0.0364901199398899	0.652813197572668	79
0.00467074118211008	2.01897852271601	32
-0.07927252506989	1.08510969102778	345
0.0326532788152301	1.30307002544611	1
0.020185498175	0.560498579418097	387
0.01739713079873	0.554604139276196	310
0.01554121362852	1.68824328657995	1174
-0.06026642339373	0.811998233562789	2291
-0.05925108179168	0.764096492759649	2291
0.0880611362549599	0.989959480931716	79
-0.0280784043050699	0.672201649641604	32
-0.0583858284593799	0.804019160429899	347
-0.0352490111976	0.677650216886525	11
-0.05387785647221	0.811633973246619	89
0.02171699762171	0.577695266385675	10
-0.07645597606924	1.28720075654587	1174
0.0967368346020301	1.71806441574129	1174
0.0824120866281599	0.973204640923937	163
-0.0395048813074499	0.647847850716796	9
0.04621804874569	1.13886294777126	92
0.02171699762171	0.577695266385675	11
0.0217068329991299	0.559229882339998	216
0.0181609168039201	0.574381438846744	66
0.01558895674145	0.545499423004904	1173
0.0125518153255699	0.5470032561333	449
0.0181609168039201	0.574381438846744	2095
-0.06248169302198	0.788999190683487	229
0.09304121470495	1.80718744249721	11
0.01739713079873	0.554604139276196	626
0.0246688336999299	0.535804061943147	123
-0.11163937204698	1.64467893578992	1174
0.09079765304287	1.01978470206524	1174
0.0550973814468201	1.10408467139895	1174
0.0217068329991299	0.559229882339998	449
0.0217068329991299	0.559229882339998	1
0.0239957875681101	0.543874213554032	73
-0.0699082411920999	1.47779530143843	902
0.01675617595184	0.553927534180723	10
0.0287625131176701	1.19794722391172	1174
-0.05480994550528	0.771108442093009	1174
0.04892073203453	1.12778358558799	539
0.0261697639892899	0.539503770259791	304
-0.0743067681552301	1.1077040006838	1
0.0125518153255699	0.5470032561333	1095
0.0203221991379601	0.551671451265171	425
0.0173398662828299	1.37682096436242	1174
0.0203221991379601	0.551671451265171	410
-0.03616630969782	0.676981888625591	1233
0.0174592754426599	0.569501645243817	465
0.0174592754426599	0.569501645243817	193
0.0187971392061499	0.547707693072573	73
0.0174592754426599	0.569501645243817	1
-0.0332797065933399	0.663963697762793	352
-0.0790225422439601	1.07067883518138	902
0.07551879239836	1.85693112501104	1174
0.08752078982901	1.87773398695284	553
0.0196240552620599	0.557810840104493	410
0.0203221991379601	0.551671451265171	410
-0.0788355316923699	0.902661573149826	539
0.0188610936934399	0.573408427354897	449
0.03605768206611	1.21832421607574	553
0.0180978701416501	0.553736624957976	382
-0.0311509861955399	0.686103370129228	449
-0.0474564401770801	2.22729557778619	345
-0.07035135546681	0.894718647006487	163
-0.07614950760335	1.372481368075	163
0.0201967502639	0.555160037352433	1870
0.09020511969672	1.02563784730129	465
0.0203221991379601	0.551671451265171	1
-0.06768370693446	0.954260810213685	73
0.013314277271	0.551485741714422	480
0.01482992697402	0.551451387665716	48
-0.05712156943892	0.802766926414934	425
-0.08228057398511	2.21826502383128	553
0.0310490049231	1.26858877581503	553
-0.0339043219233699	0.666712033992412	32
0.0188610936934399	0.573408427354897	32
0.0209626476559199	0.55774028837157	347
-0.05925310247948	0.797639901981348	449
0.0196063156958699	1.36572007120647	1
0.0209626476559199	0.55774028837157	10
-0.06027411648616	0.765374443165486	70
0.0256249265363	1.23886877213942	465
-0.0814604285316401	1.24588108199559	1
0.01739713079873	0.554604139276196	347
0.0278732054645801	1.37738848652374	163
-0.0737423876385599	1.10516320342257	32
0.0209519003601499	0.574895216470381	465
-0.0721110111412699	0.95796815445167	1
0.12050488555461	1.43588416244399	1
0.02171699762171	0.577695266385675	366
-0.0279410778879801	0.669539681080409	27
-0.0729475239111099	1.22758786653689	1
-0.0354123372567601	0.678865487404981	476
0.0180978701416501	0.553736624957976	10
-0.0273240219426301	0.671607313317384	10
-0.0372450567377001	0.649410324193089	32
-0.0511877969749699	1.92223330764163	32
-0.0699167259763101	1.1886959595865	32
0.10338268019875	1.58788095847388	39
-0.06866348464785	1.08391508018931	837
0.01406957989324	0.55227187092237	1
-0.08201347565798	1.10675992560779	1
0.01963339625713	1.39889996159518	144
0.01409379175957	1.32762464727523	959
-0.0652452181269501	0.943991044278452	48
0.0199484928315401	0.533366971491823	10
-0.0354123372567601	0.678865487404981	10
-0.0364908528352701	0.636692950248818	212
-0.0652956540196299	1.21900379572575	32
-0.12197752825389	2.21601269170587	32
-0.0280784043050699	0.672201649641604	1
0.05191562500382	1.16213438914495	1
-0.06554212676262	0.765627699782809	959
0.08591915787613	0.981735970512872	959
0.01739713079873	0.554604139276196	172
-0.0360031608657301	0.673941905692906	27
-0.06137391395444	0.79046288654831	1050
-0.06405541344665	0.933658033129777	32
-0.0537081652820199	0.807721454487619	991
-0.0366240151619099	0.671816824980133	1
-0.07561297133806	1.0643553204173	1
0.0188610936934399	0.573408427354897	1
0.12463060714562	1.44939552105665	1
0.0495017106309299	1.13095639276685	7
-0.03573515051872	0.652152727764909	10
0.0159912666939099	0.535844375950078	10
-0.0729146426509	0.945657194685915	1050
-0.0716269560878	1.38043946031613	629
-0.0752947918421001	1.29437952181768	991
-0.0778880131565201	1.09963219732006	1
0.0632512253196	1.08628271718695	1
0.08573840384464	0.986491267329472	48
0.01892444000319	0.558701135901297	7
-0.05447297466427	0.802996136417095	7
-0.0366240151619099	0.671816824980133	10
0.02248078426208	0.573384827718089	436
-0.07200725618721	1.30824051394548	1050
-0.12341354754358	1.43499895515348	32
-0.0695134395883801	1.02063499404299	144
0.0181609168039201	0.574381438846744	10
0.0188610936934399	0.573408427354897	106
0.0180978701416501	0.553736624957976	2737
-0.0675029246496299	0.92860533114397	837
-0.05234758325473	0.815529560101019	1
0.0847415666826401	0.976713716689843	97
-0.07243353395855	1.20946207394044	144
0.10457277487737	1.61368654194255	144
-0.03341501087949	0.679611715919747	48
-0.0543034455218601	0.779698725893117	10
0.0174592754426599	0.569501645243817	10
-0.0347943022622701	0.664238044554235	10
0.0201967502639	0.555160037352433	113
-0.0568592699852	0.824390269201117	1050
-0.0852874937949699	1.04509102438497	465
0.0209519003601499	0.574895216470381	1
0.0931156061732801	1.01762674364669	48
0.02618095261545	0.54199359413802	27
0.0210697176049499	0.536530606265955	1050
-0.07405720868027	1.23391452030916	32
-0.06685585657936	0.964246186725101	465
0.0135448231016799	1.53372942639302	1
-0.0747704221515799	1.05412234243264	352
-0.08236169204403	0.987463514823649	1170
0.0839643601076401	0.980370901265814	2485
0.02248078426208	0.573384827718089	896
0.0201967502639	0.555160037352433	269
0.0181609168039201	0.574381438846744	113
0.05191562500382	1.16213438914495	97
0.0896123562193101	1.01385634314216	48
-0.07051371622118	0.964679369379014	48
0.02171699762171	0.577695266385675	20
0.0209626476559199	0.55774028837157	20
-0.0559245141176901	0.813375885320054	2139
0.0125518153255699	0.5470032561333	186
0.0187971392061499	0.547707693072573	106
0.0209626476559199	0.55774028837157	27
0.0203221991379601	0.551671451265171	1050
0.0865119383670301	0.992679446478008	144
0.02171699762171	0.577695266385675	48
-0.07132039556382	0.966043621093888	20
0.02540769092115	0.539970230094425	113
-0.0303962574718299	0.676892249940029	186
0.01482992697402	0.551451387665716	186
-0.0280784043050699	0.672201649641604	163
0.03606383493581	1.29581668116557	1
0.02171699762171	0.577695266385675	10
-0.0300828301060301	0.640081056110927	113
-0.0358694721397701	0.675501958126194	186
-0.0358694721397701	0.675501958126194	186
0.0203221991379601	0.551671451265171	27
0.08746846927755	0.979109860474188	238
-0.06273340916838	1.21183410504153	4
-0.0560948021496499	0.825899239887167	113
0.02247113122907	0.561845184114915	115
-0.0790578201897501	0.870729661497917	340
0.00813160935738	1.68318430778737	1
-0.0664120926235201	0.927418556612776	1
0.0246688336999299	0.535804061943147	238
0.0195597997519801	0.566790595699457	954
-0.0393711659646401	0.665200083300004	279
0.0187971392061499	0.547707693072573	4
0.0174592754426599	0.569501645243817	10
0.04559565833929	1.1263939461415	4
-0.03128692626297	0.691728626198683	168
0.01700760424064	0.554674549798578	13
-0.07725980206044	1.27571473349178	13
-0.0729324210999001	0.950836472447939	1
-0.02746113493478	0.652871767856083	279
-0.07927252506989	1.08510969102778	496
-0.03436029024131	0.669643146584329	4
0.0543900627487901	1.14689228583246	4
0.0261697639892899	0.539503770259791	113
0.0209626476559199	0.55774028837157	536
-0.0399911014407801	0.649002093729938	465
-0.05882364029725	0.764203008731062	1
0.0217068329991299	0.559229882339998	1102
-0.0680861688124299	0.937657050648818	509
-0.03692025747873	0.669286934913104	48
-0.0525182955457899	0.812230774327002	48
-0.06775584479521	1.23522064228374	48
0.0217068329991299	0.559229882339998	4
-0.0617145887292101	0.784035135421293	122
0.0089106676853099	1.77223390895263	536
0.0166856972606599	1.45733850826523	465
-0.0670172646537299	0.924528826544065	39
0.02958646617872	1.32182101046622	13
-0.0329863745201	0.66153728829847	509
-0.07699509759531	0.904259770170859	48
-0.0684417346005699	0.701164337759323	4
0.0217272352748801	0.553826828326109	4
-0.0572851163822801	0.787915802482945	186
0.0181609168039201	0.574381438846744	536
-0.12013350508897	1.59652428603037	1
-0.0807948873069499	1.31600394704559	144
-0.0537081652820199	0.807721454487619	496
-0.02977828651139	0.67902464114843	4
0.0195597997519801	0.566790595699457	536
-0.0815115166648299	1.31354834160879	77
0.10484323986625	1.65080855935498	13
0.00571707435442992	2.09984918903393	1
-0.04920156250657	0.783691301766898	2117
0.01482992697402	0.551451387665716	1
-0.0706442162991701	1.10230880260221	280
-0.03128692626297	0.691728626198683	496
-0.0545634845045599	0.813470018947441	7
-0.0587324390770501	0.810059840346583	4
-0.0352490111976	0.677650216886525	69
-0.07861282741613	0.906431481489239	147
-0.05054685221538	1.86599663005502	32
0.0209519003601499	0.574895216470381	1
-0.03128692626297	0.691728626198683	496
0.08921052237603	0.989667794852246	197
-0.0513293157097901	0.759178192006939	4
-0.07346702516582	1.10590952439079	147
-0.0347943022622701	0.664238044554235	536
-0.0810590493721499	1.28352929452737	1
0.01406957989324	0.55227187092237	496
-0.03066834881654	0.670834457100386	7
0.02171699762171	0.577695266385675	2
0.0254194045999401	0.553621271431493	186
0.02764205763619	1.30169109107848	8
-0.07261416326941	1.0510298898372	496
-0.07674261023802	1.26687961951824	280
0.0162389329817501	0.53978288693564	1615
-0.0778880131565201	1.09963219732006	494
0.09756787144657	0.997554977274097	197
-0.04451803851928	1.514982825475	536
-0.05822756468624	0.745629295624567	70
0.08915423942642	2.40497030867653	2623
0.0195597997519801	0.566790595699457	280
0.0188610936934399	0.573408427354897	280
0.0929339978877299	1.00326870152008	280
0.02145415505115	0.533645428904542	1615
0.0501790568610101	1.09588510252566	494
0.0188610936934399	0.573408427354897	7
-0.06371320369762	1.48402030699909	232
0.0847305951613999	0.993962942789435	232
-0.0682441034947501	0.962929034975586	1
0.01558895674145	0.545499423004904	1615
-0.0595765518854201	0.768313655983421	2038
0.0196903916273601	1.37032123863673	2623
0.0771723107281099	1.97086648566905	232
0.08847093914309	0.956574902562178	1
0.09506248087918	0.942137591254999	280
-0.06241207752492	0.938262186865306	496
-0.0273240219426301	0.671607313317384	496
0.02248078426208	0.573384827718089	240
0.01482992697402	0.551451387665716	69
-0.02687816984609	0.617508799640259	186
0.0232432545685901	0.558348960506902	2038
-0.06729802375502	0.919856377275713	8
-0.0661590117778701	1.61065854663925	8
0.0133079212009599	0.547779280660439	203
-0.07598433066038	1.43441568761775	1
-0.07262714066149	1.09842805587905	280
-0.0537262025260199	1.671967760351	7
0.08765398540587	1.01007675617219	280
-0.0273240219426301	0.671607313317384	494
0.0818182117034101	0.970845673204697	494
-0.0351148968828401	0.674752877971837	186
-0.06086258591367	0.809999526093607	147
0.09389054864767	1.01946129658989	8
0.0555900688008999	1.16547652137229	13
-0.0726173099217999	1.45425710307775	496
-0.05473479741738	0.817976409496111	494
-0.0395048813074499	0.647847850716796	4
0.0157491033314401	1.40139801137477	147
-0.1123076550586	1.75180717859636	70
-0.0697986635266801	1.51994373905474	2127
-0.0745972854780299	0.885844755103496	496
-0.0375392740970499	0.652900600855313	494
0.0890041217631901	0.995581996818309	4
0.0174592754426599	0.569501645243817	186
-0.0355478759694301	0.662443343608802	1
0.0203221991379601	0.551671451265171	7
-0.0337406171725601	0.67174207523337	663
0.0217068329991299	0.559229882339998	186
0.0209519003601499	0.574895216470381	186
-0.02855831693711	0.647613452410432	383
-0.0762528738889401	1.09605076301164	62
0.01559377574663	0.529982882552716	1
0.01407542845912	0.550669138194053	1
0.01021141911339	1.7153083989519	147
-0.0714993823985399	1.0811507825371	1
-0.0395048813074499	0.647847850716796	1
0.0902487631317499	1.76927252294946	7
-0.0321760923557499	0.661600262483077	4
0.02031422145177	0.550531733915658	4
0.01406957989324	0.55227187092237	186
0.09192976617952	0.96915652649212	147
0.02248078426208	0.573384827718089	1
0.08924995067499	1.00457559836354	1
0.04704422003626	1.1489943698322	1
0.08452006358592	0.945457490534854	7
-0.0351148968828401	0.674752877971837	4
0.01669492753573	0.550125205679112	186
-0.05010868115832	2.44759643056144	1
0.02826755380121	1.28853296345941	496
0.08824419099231	0.970570057223222	494
-0.0410117228245701	0.621736992794872	186
0.09621959807725	0.983812738739475	186
-0.04563984194496	0.767472129142673	147
-0.06009592247499	0.811487689830038	7
-0.0682441034947501	0.962929034975586	240
0.0825940502281499	0.97687289508038	4
-0.0254854832864799	0.638791054853615	4
-0.0321760923557499	0.661600262483077	186
0.02171699762171	0.577695266385675	147
-0.0314222342330199	0.669015742292157	374
-0.05908381447293	0.800767141401236	13
-0.11643807176375	1.56518640817655	496
-0.07134896238565	1.3492719427416	7
0.09965999585517	1.69407613202448	7
0.0174592754426599	0.569501645243817	70
-0.06508369644577	0.924398904874972	8
-0.0717473363532299	0.905603488304274	240
-0.10300856548437	1.78763910212745	118
0.0290333055535501	1.30239068341122	8
0.02171699762171	0.577695266385675	13
0.013314277271	0.551485741714422	1
0.02618095261545	0.54199359413802	240
-0.0690484058258101	0.958588900889567	4
0.01699968554956	0.552896110613039	186
-0.06077890437727	0.786526897950921	37
-0.0755449745860499	0.928898220909899	8
0.0931022319211099	1.78121398192706	13
-0.06241207752492	0.938262186865306	494
0.0201967502639	0.555160037352433	240
0.0188610936934399	0.573408427354897	4
-0.07218317292136	0.927298732413764	634
-0.0300828301060301	0.640081056110927	634
-0.0314222342330199	0.669015742292157	186
-0.0685308245079199	0.920024987590773	4
-0.0568592699852	0.824390269201117	169
-0.0685032071029901	1.2153787934454	186
0.01739713079873	0.554604139276196	37
-0.0352490111976	0.677650216886525	504
0.01509409507925	1.79103769962251	70
0.0209626476559199	0.55774028837157	894
-0.08411300111356	1.15658431998278	1
-0.0781381045327201	1.09109275225198	7
0.0853261468601301	0.946604500057878	169
0.0174592754426599	0.569501645243817	634
-0.1001012288637	1.86746111537645	118
0.01739713079873	0.554604139276196	1
-0.05247863973009	1.85694407679158	1
-0.05965027907636	1.55414775062788	240
-0.0618019171934701	0.763195372200442	240
0.0535656310580099	1.1524646656487	169
0.0180978701416501	0.553736624957976	186
0.0180978701416501	0.553736624957976	183
-0.06265207006966	0.769551966902681	1
0.01739713079873	0.554604139276196	240
0.0188610936934399	0.573408427354897	186
0.09407350320749	1.00334303044902	20
-0.0349801493239701	0.647493439323313	186
0.07183679416504	1.88454216360083	1
0.09560640651605	1.77994958026545	240
-0.0806737579850101	1.22889963786373	240
0.00084598110584011	1.75929977329564	152
-0.0680076548123101	1.36406157176714	118
0.10736509297864	1.61054309070557	548
0.013314277271	0.551485741714422	1
-0.0355478759694301	0.662443343608802	186
-0.0360031608657301	0.673941905692906	183
-0.07684155705586	1.29772143772838	548
-0.07600169250108	1.07826558465316	1
0.0904503810944599	1.82329706561766	1
-0.03053261935878	0.688306370489708	183
-0.07016492146892	0.879572087304582	152
0.09884240750511	2.12298577891253	118
-0.03341501087949	0.679611715919747	548
-0.12480906572346	1.50534330171485	7
0.10534202495405	1.58333669367869	20
-0.07487132770826	1.09906640714307	169
-0.03128692626297	0.691728626198683	640
0.0232341179901201	0.557855487687911	548
-0.0586561781039201	1.68817890518328	1
-0.0344948296830001	0.676892139961638	1
-0.0603820945542199	1.5117291003798	1
0.08201372647345	1.80469626260625	240
0.02171699762171	0.577695266385675	186
-0.02977828651139	0.67902464114843	186
-0.0372450567377001	0.649410324193089	183
-0.0545634845045599	0.813470018947441	1
-0.02869585709661	0.670126430566298	1
0.0810972788203499	2.00250424717555	1
0.0894308590673101	1.02117757768848	240
0.10369136321	1.5898434897572	240
-0.02746113493478	0.652871767856083	186
-0.02977828651139	0.67902464114843	169
-0.0344948296830001	0.676892139961638	186
0.0858573516879599	0.946842611597396	183
-0.0604162872489999	0.721691017501828	152
0.0239957875681101	0.543874213554032	1
0.0188610936934399	0.573408427354897	37
-0.11535259131588	2.25928639264927	1677
0.0232341179901201	0.557855487687911	548
0.0217068329991299	0.559229882339998	1
0.0188610936934399	0.573408427354897	1
0.0267769599357599	1.40978142614525	240
-0.07055147944267	1.24883330593523	186
-0.07693327759558	0.907808814444495	186
0.0195597997519801	0.566790595699457	186
-0.0379979223456199	0.650587516070477	186
0.0188610936934399	0.573408427354897	186
0.02465652806694	0.554135218823491	37
-0.0657167806679799	1.35273633652497	152
-0.0337406171725601	0.67174207523337	1
-0.07206317226278	1.09595443580933	1
0.0610397601789101	2.05241960183346	1
-0.03603055594926	0.661924725387155	204
-0.0770705648811401	1.10041784706356	240
0.0194295487949401	0.541966876683729	186
0.0839643601076401	0.980370901265814	186
0.01406957989324	0.55227187092237	1848
0.00985138155151	2.0380157438894	70
-0.04430502680891	2.03553399415092	41
-0.06570663555894	1.35133798754714	1
0.0987100764243101	1.75730441742454	1
-0.06866348464785	1.08391508018931	240
-0.0710329484000101	1.40380832512702	240
0.01015070093076	1.4166639555812	240
-0.0656741611449201	1.06528825231418	240
-0.0783606742727401	1.10101394227362	186
-0.0680230784464599	0.946773533183944	186
0.0181609168039201	0.574381438846744	186
0.0196240552620599	0.557810840104493	186
0.0188610936934399	0.573408427354897	186
-0.06882790882485	0.948102706949	186
-0.0765037275710101	1.09791860389817	548
0.02248078426208	0.573384827718089	41
0.02248078426208	0.573384827718089	1
0.00893390782071002	1.62534172267984	1
-0.0749651530465301	0.964371034499958	285
0.0136420809365001	1.41848895002363	20
-0.0351148968828401	0.674752877971837	186
0.02069699963403	0.534093678759923	186
0.09061580903881	0.981502718893027	186
0.02069699963403	0.534093678759923	1
0.0377291032737099	1.28445723771984	240
0.00247907949984993	1.64763312136397	70
-0.06951340122928	1.36703194489529	118
0.01057454190869	1.39051869909846	65
-0.0743559849812701	1.23936040723956	285
-0.0360031608657301	0.673941905692906	1364
0.0209519003601499	0.574895216470381	243
-0.0996446167043901	1.92035887187579	579
0.00787203778720991	1.70103097054979	152
0.0220755130158199	1.39841810670177	70
-0.08124325131041	1.05411710479796	118
-0.0679058895304301	0.947463948807197	186
-0.03128692626297	0.691728626198683	186
-0.05908381447293	0.800767141401236	243
0.02247113122907	0.561845184114915	1044
0.0209626476559199	0.55774028837157	309
0.0857962060034001	1.9263844044151	152
-0.11268425057537	1.95564529614868	118
0.0490030739437199	1.07201555481065	118
-0.06070441340231	0.743684292326787	521
-0.0676605137426001	0.965657255125981	186
-0.0647782138981201	0.778926179546762	385
0.01739713079873	0.554604139276196	72
-0.05030309185223	1.82354711405878	118
0.09756787144657	0.997554977274097	186
0.0929339978877299	1.00326870152008	385
-0.02824685759129	0.633043454417581	687
0.0217272352748801	0.553826828326109	501
0.02410314221216	1.54791888856026	118
0.0869233869175201	0.94988972400975	1
-0.0562643901984601	0.820009182465214	1
0.10910663242345	2.13140656366304	119
-0.0569584335454101	0.782123537927626	20
-0.05549999058747	0.8215019770827	186
-0.06026642339373	0.811998233562789	385
-0.0615056952352999	1.34800591278272	118
0.0888380388877199	1.00950725327002	255
0.08573840384464	0.986491267329472	285
-0.0553295406410801	0.822316572824865	186
-0.06889902385506	0.944392440751573	186
0.0242316132217	1.25278849657394	385
0.0174592754426599	0.569501645243817	687
0.02248078426208	0.573384827718089	37
-0.0562643901984601	0.820009182465214	1651
-0.0288327641191199	0.666474529444551	20
-0.03128692626297	0.691728626198683	687
0.0209626476559199	0.55774028837157	242
0.0180978701416501	0.553736624957976	37
-0.0773274308274801	1.34341000641702	70
-0.06026642339373	0.811998233562789	220
-0.0311509861955399	0.686103370129228	220
-0.0294506133647101	0.664435930690339	70
0.0894308590673101	1.02117757768848	1
-0.0395048813074499	0.647847850716796	1
-0.06086258591367	0.809999526093607	255
-0.0584890092872401	0.796705023659928	1651
-0.03341501087949	0.679611715919747	1651
-0.0017711420753499	1.75519454212354	118
-0.03312113000815	0.652290600516832	20
0.0209519003601499	0.574895216470381	307
0.0188610936934399	0.573408427354897	309
0.0497451972860701	2.41250976012564	152
0.0209519003601499	0.574895216470381	41
0.0183859610328401	1.44831733497214	285
-0.0563639953924899	0.759052572110972	186
0.0507200011864599	1.15542383793687	186
0.00324004043769	1.64799040809021	220
-0.0506403003242399	1.70370597229345	70
0.10997501850472	1.63829122992691	116
-0.0718907393697401	0.961683159201022	1
-0.00613375501534996	1.63568621429936	457
0.0209519003601499	0.574895216470381	2748
0.0628662508008699	1.10744124328846	118
-0.04012502816429	0.661625334883671	118
0.0996151397015801	1.58107924791192	65
0.04762353670218	1.16153873965391	255
-0.0366240151619099	0.671816824980133	255
0.0174592754426599	0.569501645243817	255
0.01669492753573	0.550125205679112	240
-0.06384415714376	0.787998286083361	186
-0.0387514160774101	0.651243916769106	220
-0.0344948296830001	0.676892139961638	118
-0.07313033284218	0.925176651986564	118
-0.05234758325473	0.815529560101019	2293
-0.0688039173936299	1.20640102822159	1
0.01822335972151	0.554152989863487	1
-0.03296090257083	0.65479504111132	255
-0.02718627662859	0.662779182212401	255
0.01010374098895	0.522236795152922	671
0.0149114499656999	1.38317169437676	20
-0.0723338022390001	1.33465905189643	186
0.0217272352748801	0.553826828326109	116
0.0291273754914501	0.517840346746635	118
-0.03573515051872	0.652152727764909	2293
0.0181609168039201	0.574381438846744	20
0.0188610936934399	0.573408427354897	116
-0.0254854832864799	0.638791054853615	116
0.0188610936934399	0.573408427354897	20
0.0174592754426599	0.569501645243817	285
-0.0352490111976	0.677650216886525	186
-0.07082671213319	1.35782556634499	220
0.02145415505115	0.533645428904542	116
-0.06026642339373	0.811998233562789	116
-0.0347943022622701	0.664238044554235	65
0.0472230288463	1.00031497520872	65
-0.0299144369751001	0.667697615107245	1
-0.0228896500353599	0.572779206157561	204
-0.0352490111976	0.677650216886525	240
0.0188610936934399	0.573408427354897	186
0.0541424201485901	1.15381660534536	186
-0.0692959087564	0.943904569737356	186
-0.0721266304872901	0.961593491547758	1
0.02540769092115	0.539970230094425	186
0.01775911438248	0.555461559626313	186
0.0571986963570299	1.14220796564294	65
-0.0658036253404899	0.749659885848886	6
0.0323740004392401	1.31868589484159	186
-0.0386172748701701	0.664489741570261	186
-0.11154223847743	1.58462001376212	2425
0.0203221991379601	0.551671451265171	2083
-0.03312113000815	0.652290600516832	6
0.0196240552620599	0.557810840104493	20
0.0505129375625799	1.10818148533715	37
0.0217068329991299	0.559229882339998	118
0.0257619840488901	1.22237808922106	186
-0.06969744320024	0.961563230667883	187
0.05722821262539	1.12611648325736	220
0.0541438082341701	1.1403616138289	118
-0.11438317992433	1.65613579354582	220
0.00178644479591994	2.06542296597783	118
0.0195597997519801	0.566790595699457	65
-0.0759578677112001	1.09373973489839	6
0.02171699762171	0.577695266385675	186
-0.03206930801368	0.644086483901577	186
0.0163466634783001	0.530708633328315	37
-0.0788318490998601	0.841666452315535	628
-0.0755390895135799	1.31545607993317	628
0.0209519003601499	0.574895216470381	186
-0.0319056885851501	0.689496896686378	186
-0.0739016954736	1.33979764440654	220
0.1218826631248	1.43664647630482	118
-0.08396627439475	1.07595143200048	118
0.0162670072512101	1.40898567476727	6
-0.0762075480903499	1.07467424503163	20
-0.03206930801368	0.644086483901577	20
0.0196240552620599	0.557810840104493	186
0.0180978701416501	0.553736624957976	186
0.0204691704136499	1.38756435939161	20
-0.0652061933847301	0.762027934776205	186
0.01955850739724	0.532828653915028	186
-0.0339616501025699	1.83054439263947	118
0.0138762209276599	1.51267854393782	118
0.0436095012789499	1.07554769328456	62
-0.0775837758704701	1.26312669314944	545
0.04810588586538	1.10584761072334	20
0.0232432545685901	0.558348960506902	186
-0.06642278923277	1.35819178530046	220
0.0915678282885699	0.991711367905596	220
-0.05447297466427	0.802996136417095	1039
-0.0233604504334299	0.639838597549319	118
0.0201967502639	0.555160037352433	20
-0.05664061837288	1.73622659473259	455
0.01669492753573	0.550125205679112	455
0.02540769092115	0.539970230094425	455
-0.0631432281294599	1.32589789438784	186
-0.0710981166445199	0.954681044200734	220
0.0174592754426599	0.569501645243817	220
0.01407542845912	0.550669138194053	455
0.09223322857556	1.68998341154426	220
-0.0363407325441101	0.620430002771116	220
-0.05549999058747	0.8215019770827	220
-0.0598479759100301	0.801720444351279	1039
-0.0626341893223701	0.939808285125198	118
0.0876666670800501	1.75957308726513	118
-0.0681276702701901	0.911342236635745	118
0.0181609168039201	0.574381438846744	118
0.0539411562630401	1.1561251657209	545
-0.03737852510253	0.662870148210666	186
0.0174592754426599	0.569501645243817	293
0.0797998473224499	1.79473927185533	220
0.0798703901796101	0.907659071035833	118
-0.0545634845045599	0.813470018947441	409
-0.0619691541962999	0.782271305018122	1196
-0.0360031608657301	0.673941905692906	1196
0.02247113122907	0.561845184114915	293
-0.0553295406410801	0.822316572824865	2209
-0.05492207774456	0.771820958160697	118
-0.08161929099216	0.88269777437742	554
0.05945794111449	1.13455335734385	409
-0.0758248928571801	0.884416418363831	6
0.02094083291233	1.39159609507628	1729
0.00961647902663998	1.5163467750219	455
0.01822335972151	0.554152989863487	186
-0.0367572778402401	0.664934543234127	186
0.01296226525517	1.35591598042055	1039
0.0128156626295699	1.94185938519171	378
-0.08690143314168	1.02259324950716	6
0.10351472863667	1.60533551627263	20
0.0287459934602801	1.28991999379451	455
-0.0387514160774101	0.651243916769106	186
-0.0299144369751001	0.667697615107245	293
-0.0299144369751001	0.667697615107245	186
-0.03204120635196	0.68978248087887	186
0.0520135051902	2.37397156482985	378
-0.05234758325473	0.815529560101019	293
0.0181609168039201	0.574381438846744	37
-0.03128692626297	0.691728626198683	6
0.0875149522678001	1.85411897529994	118
0.0181609168039201	0.574381438846744	694
0.0181609168039201	0.574381438846744	186
0.0999969879018401	1.56981373097338	186
0.0196240552620599	0.557810840104493	346
-0.0375392740970499	0.652900600855313	694
-0.0843475985045801	1.01250951439857	118
-0.0354123372567601	0.678865487404981	1766
0.01892444000319	0.558701135901297	6
-0.0435157137025699	2.03985815032445	6
-0.06833831751151	1.36194296772316	118
-0.0646097332859099	0.784779133095328	694
0.0217272352748801	0.553826828326109	694
-0.07070088942703	1.40061980994619	254
0.01955850739724	0.532828653915028	65
-0.06732196673858	0.919134344815394	118
0.0580120818488801	1.96311462238491	20
-0.07213505186178	1.08754710299151	20
-0.0344948296830001	0.676892139961638	186
-0.0682679716138801	0.94456502857881	254
-0.0319056885851501	0.689496896686378	187
0.02247113122907	0.561845184114915	118
-0.0832973205376799	1.21325500893534	186
-0.04860663940216	0.791754964486594	187
0.09951593314302	1.57489944482929	118
-0.11763703857033	1.42554283303106	118
-0.072546570134	0.927697133913543	186
0.0181609168039201	0.574381438846744	346
-0.07214881414242	1.38934797016836	6
-0.0299144369751001	0.667697615107245	186
0.08728618226942	0.993772731158565	186
-0.06009592247499	0.811487689830038	118
-0.05702799720567	0.813189609461948	118
-0.08107102194077	1.19728621656773	118
-0.0710981166445199	0.954681044200734	6
-0.0344948296830001	0.676892139961638	120
0.09174850463882	0.997570872320072	186
-0.07298999815102	0.930859559037172	346
0.0595892735888499	1.1033610654707	118
-0.0293134934161501	0.648127129412922	120
-0.07433227322948	1.21134401748146	120
0.02247113122907	0.561845184114915	20
-0.07400808132293	1.0861826788242	558
-0.05925310247948	0.797639901981348	293
0.01892444000319	0.558701135901297	377
-0.0358694721397701	0.675501958126194	118
-0.05515838946959	0.804771976572018	65
-0.0395048813074499	0.647847850716796	249
-0.05499499689264	1.80536183009521	118
0.0174592754426599	0.569501645243817	662
-0.11849376187963	1.60044000277166	20
-0.02718627662859	0.662779182212401	558
-0.0724747605734799	0.94681844047401	370
-0.0681016263324401	0.910300732270076	6
-0.0700718382383401	0.932337678869561	20
-0.0833984939630801	1.07877407744623	20
-0.07474054417976	0.931956672816775	20
0.02247113122907	0.561845184114915	558
0.08573840384464	0.986491267329472	293
-0.11436177962252	1.50890194672204	249
0.08550643722395	1.00459969517939	118
0.0188610936934399	0.573408427354897	662
-0.05880998838581	1.46164012394617	120
-0.0836608838830999	1.03380896804589	370
-0.07818662870847	1.04603292331752	1927
0.0936366152481001	0.9828327345287	346
-0.0845502001234699	1.20906101704895	20
0.0733747675744301	2.03698712717561	249
0.10826914135131	1.48526916494062	218
-0.07132039556382	0.966043621093888	218
-0.07679591817217	0.987500735453421	57
0.0181609168039201	0.574381438846744	20
0.0882474906556201	0.981465907191419	20
0.08979444317917	0.97476404467811	120
-0.072546570134	0.927697133913543	1927
-0.0743771498269701	0.922452061972225	20
0.0187971392061499	0.547707693072573	293
-0.0708543683353899	1.2608055811956	218
-0.0585686427966701	1.59525624664204	293
0.0320672868901599	0.449077030329865	1569
0.01892444000319	0.558701135901297	459
0.0299610738988501	1.53679577893847	65
-0.05762294510315	0.817477126939524	2155
0.02317310901167	1.41789094999413	57
0.0572786081057	1.13354370759788	2680
-0.0524992761652401	2.29287654602042	470
-0.05989087998641	1.95166938872639	118
-0.02746113493478	0.652871767856083	459
0.05187738956356	1.16144638304039	118
-0.0559245141176901	0.813375885320054	2155
-0.0584890092872401	0.796705023659928	2155
-0.0646209564451601	1.68353849858996	57
-0.06722783613646	1.3055128467542	6
-0.03053261935878	0.688306370489708	464
-0.0693095331247899	1.47837778296345	57
0.01892444000319	0.558701135901297	120
-0.0747432250834801	0.955490118390886	20
0.01699968554956	0.552896110613039	845
0.0246442942424501	0.529522045766262	253
-0.0560948021496499	0.825899239887167	120
-0.0694755752518199	0.949740974932179	845
0.00738971074023009	1.75998586069796	20
-0.0707496314195899	0.900887821311034	253
0.00154549114576996	1.72119783392885	218
0.02247113122907	0.561845184114915	464
-0.0755374149878301	2.02668773835595	464
-0.09686309319232	1.9613302140644	120
-0.05415493857911	0.780812867186003	120
0.0431275955093	1.10820506813223	118
-0.0332870855827601	0.652784038902297	57
0.0194911690978601	1.56217617363507	348
0.05352985106391	1.15776895808721	44
0.0199385024367	0.523863555345757	118
-0.0650364040343701	0.761097851039099	118
-0.08117254484444	1.11312898370901	20
-0.07134896238565	1.3492719427416	20
0.01406957989324	0.55227187092237	118
-0.0568592699852	0.824390269201117	1186
0.0555900688008999	1.16547652137229	57
-0.06162845353029	0.803310197192443	291
0.02069699963403	0.534093678759923	60
-0.0651856569586	1.35983717866709	118
0.0555900688008999	1.16547652137229	636
-0.0713069341474699	0.964420138569278	6
0.01775911438248	0.555461559626313	118
0.01892444000319	0.558701135901297	217
-0.06061134207898	0.798413187030627	57
0.0254194045999401	0.553621271431493	636
-0.0667607294877599	1.34330176603029	20
0.0835550913255501	0.934678585454268	217
0.02069699963403	0.534093678759923	217
0.1014728063838	1.50510968153653	57
-0.0364779085197	0.615943266127186	291
0.07795337110332	1.78016818263007	60
-0.06248169302198	0.788999190683487	57
-0.0747432250834801	0.955490118390886	20
0.01239542387102	1.54473120164938	118
0.02171699762171	0.577695266385675	217
-0.0686069993732199	1.5734791183804	575
-0.03128692626297	0.691728626198683	118
0.02247113122907	0.561845184114915	57
-0.0399911014407801	0.649002093729938	1376
-0.0346287370028799	0.657714063056061	1376
0.0911512798665901	0.977767228109398	256
0.02540769092115	0.539970230094425	217
-0.06384415714376	0.787998286083361	57
-0.0490161750015801	1.91779460558814	57
0.01775911438248	0.555461559626313	57
0.0217068329991299	0.559229882339998	256
-0.0670771394149401	0.955892611588827	57
-0.03204120635196	0.68978248087887	57
0.0923481805222399	1.01098052697654	1376
0.0155666662437299	1.57010842273696	6
-0.0346287370028799	0.657714063056061	217
-0.04964965662446	1.9646668905028	1106
0.0905308640018701	1.73194666932525	57
0.09020511969672	1.02563784730129	57
-0.04025831717544	0.639634664315229	575
-0.0288327641191199	0.666474529444551	57
-0.0593284622620101	0.808075350141944	57
0.0232341179901201	0.557855487687911	892
-0.0540468514799599	0.795948977021079	256
-0.04158180846438	1.97545419023987	57
-0.0410947552710199	2.18856063047354	60
-0.11207008864957	1.69403048060098	1727
-0.10441281464967	1.75484348596892	1106
-0.0404323979534	2.07741177887922	57
-0.08299732401634	1.2108015087557	60
-0.0796843918974	2.26659975275341	57
-0.0755019686446501	1.3445407059601	60
0.06222857162353	2.20216547365971	60
0.0133177097945401	1.35586267229304	218
0.01406957989324	0.55227187092237	57
-0.0705024115422599	0.965554016728231	57
-0.0360031608657301	0.673941905692906	20
0.00762091956590005	1.75408927190376	57
0.0137170746961599	1.91335932778406	57
-0.05692201473671	1.68590899319058	1454
-0.08158811223662	1.17609954544967	57
-0.07942358958022	0.923247000928032	57
-0.10296906052453	1.72711745495861	20
0.0026871664816599	2.00444254621813	57
-0.0796978951922001	1.34523689575761	57
-0.0617365565915	1.71119597362402	57
0.1090159276955	1.59496814414889	57
-0.1043593600711	1.78679995965354	57
0.01349959511878	1.35940584879592	26
0.01338625000239	1.88928356544585	57
0.0279119064951101	1.29801596228915	218
0.10948953853707	2.33685370379088	256
0.10027769255246	0.963196423961815	26
-0.03296090257083	0.65479504111132	26
-0.0999306745166799	1.87661233617912	20
-0.0695170345059799	0.922834871558059	26
0.0172649974565899	1.94620747220254	256
0.00242837595946011	2.42248057310355	256
-0.0817261773753399	2.0809842261593	118
-0.0404503595835899	1.92974738795051	118
-0.10591438585746	1.699937545572	118
0.0305073074008699	1.23772164380734	468
-0.04920168748625	1.94208417458299	210
-0.07218476524703	0.894466226694006	218
0.0898423671209401	0.971542121695981	118
-0.0707361222066201	0.960902036299736	468
0.0217068329991299	0.559229882339998	218
0.0238923287775701	0.542962777018053	218
0.0181609168039201	0.574381438846744	57
-0.00236771343245001	2.30602475152506	271
-0.06585021190855	0.918249026325517	155
-0.05967049190445	0.790283031047856	468
-0.0346287370028799	0.657714063056061	271
0.01822335972151	0.554152989863487	475
0.0195597997519801	0.566790595699457	1053
0.0278589286378199	1.26025623835072	2851
-0.0267071489948401	0.652342023619165	57
-0.0678239648615799	1.08901892047259	47
-0.0387514160774101	0.651243916769106	155
-0.0234993473762299	0.626453854954086	155
-0.03341501087949	0.679611715919747	105
0.01699968554956	0.552896110613039	1053
-0.0757648489007401	0.923803770506349	2851
0.01739713079873	0.554604139276196	160
-0.06009592247499	0.811487689830038	20
-0.0589039676238801	0.791701164370226	155
-0.08022906644561	0.91039719640402	2018
-0.07825418915383	0.891967174529719	218
0.02543118713768	0.525130584723431	468
-0.06001640051797	0.794373249113039	2851
0.01756955437121	1.44179771766889	210
-0.0367572778402401	0.664934543234127	57
0.0795592665992899	1.85205829470599	271
0.0148352631895701	0.544734387495597	47
0.0217068329991299	0.559229882339998	1220
0.09720242035135	0.956156007012101	468
0.0199484928315401	0.533366971491823	57
0.0196240552620599	0.557810840104493	271
-0.0393711659646401	0.665200083300004	749
0.0217068329991299	0.559229882339998	47
-0.06985636111917	1.20930788984909	118
-0.0812006888405301	1.1996701370682	118
0.01763781066211	1.39777257042105	118
-0.05575782845522	0.80383005694422	782
0.01465608024742	2.09740740233292	57
0.01406957989324	0.55227187092237	57
0.0217068329991299	0.559229882339998	20
-0.0379979223456199	0.650587516070477	160
0.02465652806694	0.554135218823491	160
-0.0327954587574	0.681778093840489	749
-0.02977828651139	0.67902464114843	155
0.0125518153255699	0.5470032561333	155
0.01675617595184	0.553927534180723	155
-0.06026642339373	0.811998233562789	604
-0.0367572778402401	0.664934543234127	604
-0.08314184333864	1.22826630472657	118
0.05088358647767	1.13597570253759	118
-0.0367849275507399	0.660139105693345	468
-0.0426409258253599	2.02318656052416	57
-0.0319056885851501	0.689496896686378	57
0.02465652806694	0.554135218823491	749
0.01700760424064	0.554674549798578	47
0.01558895674145	0.545499423004904	155
-0.03204120635196	0.68978248087887	155
-0.0719599149253101	0.947487256359126	218
-0.0376741797214899	0.650434908309939	210
-0.0327954587574	0.681778093840489	475
0.02138665880697	1.4800035739892	218
-0.0625169347474599	1.49506993537406	57
0.0296585015277899	1.28894506766025	57
0.0290290367580299	1.30059256092337	155
-0.0421373328325601	1.98483741556586	149
0.0949010573687601	1.7057875158855	218
-0.07993473583196	1.18272527374417	57
-0.0786213371332101	1.11026750495559	20
0.0198696666626701	1.42446628481082	47
-0.07583556728278	0.900912949962263	47
-0.0372444009759101	0.645942900423926	20
0.08924995067499	1.00457559836354	210
0.0880611362549599	0.989959480931716	57
0.09693192707167	0.932278012446499	20
0.0886535729901099	0.984612666630243	20
-0.0340407051715601	0.661170820065436	20
-0.0954048524379101	1.75681633200814	210
-0.06046642790892	1.68706010493155	47
0.0796832858399701	1.71236499207928	210
-0.05538157524941	1.64273366716543	20
-0.12185387615105	1.55816546198785	865
-0.0354123372567601	0.678865487404981	865
0.1093038612252	1.57292710669291	1398
-0.06849002771887	0.952393142498287	865
-0.07411287115536	1.20803534503404	1398
-0.0751866719288901	0.952765315970559	865
-0.07983424174523	2.46749724112199	30
0.02094083291233	1.39159609507628	676
-0.07408281299633	0.928818566233341	865
-0.000432132758340087	1.86744860958927	30
0.0240977615069999	1.19639660937688	865
0.03070080419203	1.31090596786831	865
-0.0358694721397701	0.675501958126194	865
0.000737629233759973	1.27288411893024	30
-0.0572923202367099	0.799989264635833	865
0.04491566205716	2.48685549546637	551
-0.0441668880166699	1.84943801969042	112
-0.12209097457074	1.45112254694505	865
-0.06792636318087	1.5061926189701	865
0.0855034551520799	1.69088367064682	865
-0.0449454116103001	1.83394152966211	865
-0.0731394413140001	1.31068777698271	30
-0.07501587128827	1.3339683335596	40
-0.0757078631827299	1.09515801102209	349
0.00166902047208994	1.89659983858452	349
0.0961995013494801	0.987889719640478	358
0.0418951141959001	1.06205867993466	551
-0.05712156943892	0.802766926414934	112
0.0125518153255699	0.5470032561333	358
-0.12116379495252	1.53236323777901	358
-0.02656961792204	0.66479612480454	40
-0.11123134336076	1.67633997285984	551
0.0174592754426599	0.569501645243817	30
-0.0740462267600099	1.37777587632518	20
0.05978678889039	1.09897551441454	358
-0.0442522744350899	0.620969261694555	40
-0.0709201605074501	1.09846600877301	349
0.0119462809544599	1.39292818925041	358
0.0819973560490701	1.90137935515654	358
-0.0631495281779799	1.37801976878099	40
0.0944830668397401	1.01372817483186	30
0.08806442740213	0.998829917288757	20
-0.03053261935878	0.688306370489708	40
0.0508046051214599	1.10221926127651	951
-0.02977828651139	0.67902464114843	20
0.0256920978052699	1.2556981369808	30
-0.05702799720567	0.813189609461948	349
-0.0724855195915199	1.47800664790166	951
-0.05941994687618	0.762454916658735	358
0.0182000238690201	1.41727141167965	40
-0.0478762316400601	2.02188627498143	30
-0.05984660034113	2.2229510139546	349
0.0427351560525	1.19740278542139	40
-0.0602713413313101	1.73017862376696	397
-0.0583188567934201	0.795607918096908	358
0.0942994622014399	1.80870300207109	358
-0.07364858159599	1.2697265247553	681
-0.05908381447293	0.800767141401236	681
0.00955846610833011	2.13784053305322	30
-0.07645537985337	1.06872743068074	397
-0.0968794599913501	1.80865173687021	30
0.10399133507073	1.63977752756228	1276
-0.05669638333363	0.779169531426266	681
-0.04012502816429	0.661625334883671	681
-0.06866348464785	1.08391508018931	20
-0.0612499649777101	1.5893715578637	40
-0.0729324210999001	0.950836472447939	681
-0.0823870932649999	1.05981519526502	681
-0.07953496545241	1.25311355093858	1276
-0.05641153439254	1.4986941288995	268
0.0515463851874001	1.15680717157838	40
0.01531368545308	1.45408894431891	40
0.06576300725935	1.93992463319369	268
-0.0630243394902601	1.47894928816002	268
0.00771670930766	2.42195545076704	268
-0.0716778574710699	1.36018935139669	88
0.10164360904312	1.66042457697718	681
0.09267550897799	0.98054292492735	681
0.0861938317648201	1.75046877505606	40
0.10686399734744	1.53690652158943	681
0.01822335972151	0.554152989863487	681
0.04155131344844	1.26294503406434	88
-0.08741033217801	1.99927340791904	681
-0.08715284947728	2.3995115431699	681
0.0123697993576	1.3462202489247	681
0.0185601318937101	1.48962678973913	681
-0.0273240219426301	0.671607313317384	40
0.03415022129085	2.44312628803016	681
-0.04119107592926	1.847444664365	88
-0.06182291660243	1.47829701913337	40
-0.04916997897392	2.15320796607072	369
-0.0550762325510701	1.7280144837496	40
-0.05991137570789	1.58501138664184	1374
-0.12466079500364	2.29303295586394	1374
-0.03053261935878	0.688306370489708	1374
0.0199915447091801	1.43469892019436	1374
-0.0765037275710101	1.09791860389817	40
0.11102996716185	1.6098469505122	184
-0.0364908528352701	0.636692950248818	184
0.0223344538754	1.26427949653721	184
0.0952586556475099	1.00909948994404	184
0.12446365232936	2.27883297958618	88
-0.0793435364378201	1.39313165953414	88
-0.0346583410369401	0.67560105050096	184
-0.05762294510315	0.817477126939524	184
-0.03913897187543	1.84103351982483	1239
-0.06347065490853	1.69015435510059	1239
-0.0667607294877599	1.34330176603029	1239
-0.04794747846585	1.69594728633993	1239
0.09548712516554	1.67385472468184	1239
0.0902055001140001	0.96201328712752	301
-0.06251947986296	1.46188754814693	301
-0.10406716855615	1.61125027212071	88
-0.0602299196104501	1.03182925133599	759
-0.0494629771120101	1.9501037583789	1477
