x	y
-0.190323800069293	0.131396438060151
0.109631740745291	0.0982745501670328
-0.300077240963148	0.148836366183265
-0.308427234002363	0.283369426946022
-0.157919351660416	0.114122264255916
-0.0537967432241104	0.0283143449306699
-0.459041508479614	0.19102705091112
-0.125068782398981	0.144203593597347
-0.374358148418973	0.393964084668106
0.0443999588934443	0.0468843973830129
-1.15944900049376	0.793110748516912
-1.05075650731172	1.33337709963221
-0.613946261938783	0.739127312559122
2.0104648901966	2.37233383606573
-1.77562857686481	1.42952490195575
-0.525135437327047	0.810253623924693
0.11907851738807	0.0736688934446967
0.0961463731141414	0.0498905407897335
-0.514891858054815	0.332649128138856
-0.373012417093663	0.463905790389302
0.44365356338328	0.377486603690433
0.234154953006423	0.164276296393272
-0.19700530171328	0.174733467359282
-0.0278341139924133	0.0276733189568012
0.16564722872862	0.167432594884247
0.101766402486792	0.0573322395175913
-0.515727163291696	0.342628163075621
-0.0965967335580545	0.0455135798713381
-0.0044266188375175	0.00326111802298769
0.253858163376498	0.157110539786468
-0.163004803372127	0.224481797578166
-0.242763818877507	0.301365188625537
-0.111963071723943	0.0735453766786499
0.787722099308	0.67782038224067
0.72595260342298	0.556482881835356
-0.141184094684807	0.0879111678372976
-0.0584643140923162	0.0560176725349304
-0.611911548897249	0.579558271439596
-0.349594034679132	0.409979398826648
-0.0863419645321504	0.0586675266456941
-0.673492267997081	0.55725853663753
-0.475197661617314	0.770251865425514
-0.2724186402735	0.35028742357835
-0.286827006134881	0.291645175524051
0.0513610161351319	0.0526185853951905
0.102536642406861	0.0865385187783513
-0.596012479943628	0.670704133310393
-0.492189182816558	0.558444393739676
0.276871944794784	0.319468562602159
-0.361272914893487	0.432493949681287
-0.0452666835898508	0.0347696891204952
-0.270553744851799	0.215290470648876
0.398233544717942	0.392509889600884
-1.05231820758679	1.21595104253031
-0.428846654045565	0.526349873064
-0.18089824244803	0.215425255226156
0.0802497011350446	0.0811810780871579
-0.480127890932561	0.559435998268216
-0.0978994323153107	0.0725097357660656
0.114773605368571	0.0715077223795917
0.485051726560954	0.510601821073534
-0.431011595203568	0.390119775139206
-0.12890875886117	0.0980277303705887
-0.0596671401453693	0.0577106246344033
-0.581588436557978	0.81509884197186
-0.442178732518239	0.601926306527149
0.238004475207093	0.210316440594752
-0.328569412022675	0.364967653072937
-0.255120191456684	0.289751822357527
-0.553251710638167	0.705692347873069
-0.0482423656281209	0.033041466870733
-0.755992409814762	0.612912727408069
-0.120594054017866	0.101645058562783
-0.240612967891521	0.179941715486241
-0.129630954607619	0.119681139397976
-0.845888543634803	1.27381557236124
-0.765228701385311	0.858076097258941
-0.850156545815294	0.857506268326525
-0.528491743586262	0.469385379786065
0.00963324093964167	0.00716926452125011
-0.0507770270482758	0.0428311781931932
0.942139556277842	1.75186274723214
-0.45861458382129	0.574725825455673
0.628004936755465	0.976072465428846
0.364478020194432	0.26659618132501
-0.12938961714787	0.0982809112335295
0.244835316645232	0.251597763109221
0.144855825325261	0.169118176506098
-0.443459571543158	0.618014377939883
0.438796188717894	0.552194654444088
-0.693505063777033	0.995206810784772
-0.363965187961707	0.438574362607481
0.484580581852868	0.493065343761126
-1.07223750527953	1.54378523513186
-1.15265831855617	0.793387986498286
-0.747769207321811	0.869153440131836
-0.474152338986735	0.594131757053215
-0.399261577260428	0.445185291135421
0.409109244223952	0.392249454485469
-0.107636039026045	0.0706559024004432
0.393768206444574	0.381454802671904
0.392725996149261	0.26806293624217
0.46428580954014	0.585258106185309
-0.0580258109888495	0.0603757025811792
0.31340571521951	0.276668482199344
-0.513467593489083	0.319187753849927
0.24313712168435	0.147992202224573
-0.23466864116279	0.202266144201146
-0.384644518000246	0.405384765374228
-0.260755105913499	0.318785425479258
-0.497819125156182	0.570892630111015
-0.448179989210803	0.571179125792397
-1.28508629494506	0.994880936174283
-0.271430217737014	0.216590968159304
0.0598954123164235	0.0527307079279718
0.0122593010892865	0.0101135585760745
-0.386041147098155	0.380635580853759
-0.0115415625871791	0.00946704968670374
0.415794486892766	0.48989762769615
-0.0533921192275576	0.0420241066421581
-0.152077958513247	0.121941147099391
-0.876980892039423	1.14420521326318
0.110201251001488	0.0596077751661431
-0.219693104930996	0.190216173397009
-0.767411512995954	1.18877780355007
-0.700925395713092	0.743690712103146
-0.934671914322606	0.946352116744742
-0.218670811022726	0.154528404780796
-0.845072508044467	0.812299328008707
0.633977509688657	0.87811044047383
-0.530917420534394	0.698490263276113
0.0974007289133339	0.078858753166011
0.251607121976832	0.163187752332753
0.230860813032876	0.197279262731485
0.108467102350599	0.0949379574133303
0.63352941264197	0.944918054774679
-0.444894965954506	0.734182136165331
0.234691730192649	0.238555051189452
-0.30876000352442	0.321972218164908
-0.121654223866735	0.078477631413719
0.0435398653536541	0.0363567947180025
-0.0572103578487311	0.0552677373473614
-0.377893832679028	0.495854893598024
0.124557638435839	0.142420598721965
0.314125967103774	0.359236658303698
-0.731729768224034	1.12442445118676
0.22933109710252	0.246420045320206
0.0578536966653534	0.0420716166841786
-0.0946442886100888	0.0629232504763952
0.58419105784269	0.391505688797579
1.72546275127953	0.934682112872336
-0.647632189935785	0.738976558783701
0.148669336103026	0.159570355578968
-0.363378808954369	0.403536881168771
-0.706734226530502	0.890993048500043
-0.717497576226457	0.941746282979347
1.51926736921576	1.57993573708276
-0.337495851143639	0.214078982693388
0.407187464134671	0.387246655927905
-0.6600824668896	0.523835861360504
-0.419313104516258	0.423056397221801
0.981202524730163	1.66744330654079
-0.17831346667545	0.157327798448396
0.0130745927800945	0.00823681133656089
-0.179603190750317	0.131802720883287
-0.110428410842311	0.0917233344897154
-0.0850469602949407	0.0806654108895475
-0.550890491392257	0.771063475535745
0.104601435375751	0.0889452482363213
-0.0766795245898222	0.078225147333858
-0.396403793124954	0.245680816291716
-0.554279094919523	0.529058920604197
0.0131313943576488	0.0113199229348009
-0.0555724616290195	0.0487696994576684
0.127931074441722	0.114351139827194
-0.245392716828396	0.249767334890299
-0.11129348803834	0.102090764104145
-0.0283347452565824	0.0221730836512676
0.345534531044238	0.257139913046688
-0.807443851321555	1.23576966703996
-0.205560508027454	0.229670081361488
-0.347063586863479	0.340938394575747
-0.497452517371099	0.4793952842529
-0.754304266197332	0.673045333192509
-0.520765836051458	0.603834753422635
-0.465465246703034	0.535994394981632
0.897013546692978	1.38183198011129
-0.453494193056621	0.301042248512053
-0.890359895011044	1.10807935577181
0.5711148151039	0.828023270128359
-0.0867551298543669	0.080838356158435
0.0564072533665572	0.0567047444620119
0.0855106897807931	0.0865864401920972
-0.465633042965811	0.684352753459053
0.0949123247837632	0.0398483974971294
0.319791953122061	0.306924848059517
-0.388427345946784	0.460117603438547
0.218427378461735	0.258649294309173
-0.220461645906098	0.21301483086242
-0.00706003831636646	0.00579179825268466
-0.108626075398602	0.114614308147429
0.444306535627627	0.493668201405328
0.132375955833267	0.0959640703399086
-0.402804934454309	0.409407848708065
-1.71707766860096	1.74324094810956
-0.161107905261875	0.161585880261851
-0.281341041666908	0.240375422498489
-0.345539043100197	0.257080788839201
-1.2444081631712	1.21562760501913
0.740463054369599	1.14031276241598
0.299772348667593	0.303960589360129
-0.721557324443638	1.04568719419009
0.759940157966176	1.13689335329369
0.271786399000444	0.312004442717427
-0.0935104115733377	0.0449221504685989
-0.31266088130825	0.266308233300089
-0.510562108602425	0.765411933613161
0.355470360849241	0.464424262464653
0.0483198036377553	0.047527504732619
-0.242198417987111	0.283714827313109
-0.459069715557001	0.625798264365685
0.132597384363943	0.140669629314906
0.0484056936219103	0.0415837690408289
-0.317188900453931	0.272915687553955
-0.394592126179431	0.436853224474765
-0.115860276530713	0.076215406062423
-0.688026515040646	0.671557294802197
-0.245981302307774	0.215803801059702
-0.10150449705943	0.0910672964869711
-0.371628324349125	0.417979482640323
-0.168082549373576	0.165239377060284
-0.289247368580697	0.196623493544274
1.56300231475686	1.92618878029022
-0.507146583379354	0.709122768021096
0.238821611096944	0.268373669837617
-0.052025181383545	0.0406828071814849
0.116224074014257	0.104814929029004
0.169186723059544	0.152790727875687
0.245488356595379	0.22065379620082
-0.319493008782635	0.272534239159286
-0.579632709768889	0.611060684908222
-0.147307600856403	0.143722752133508
-0.679539798121658	0.651032482746918
-0.344368345893234	0.287218507223382
-0.0940405421509027	0.0787291735890735
-0.109568760460148	0.109886288795658
-0.763579286780103	1.07147890207104
-0.307703030779047	0.277197994312564
-0.330750293726319	0.413362922072665
-0.23394530201492	0.254806167564837
0.0105266006790147	0.00994293392337575
1.03148100776545	1.85711285695207
-0.804189501244409	1.45627733239735
0.37050694499404	0.396766069381506
-0.26022373524105	0.243967035982834
-0.616208149995473	0.603539756959898
-0.446203371588014	0.518078299958642
-0.586349226887085	0.746687816032829
-0.550157947237175	0.686957223357721
0.407512761936832	0.555787648385945
0.330678625007779	0.369391033970877
-0.376416944660758	0.467781659478106
-0.321943324239828	0.361741073299162
-0.818456334505748	1.27947464768514
0.0429625865942295	0.0403809961287152
0.298228042030006	0.280783165168425
0.596233560655542	0.526087273125729
-0.631711034629843	0.772866471091301
-0.36279712689427	0.43143132060957
-0.38264930082658	0.367546764149852
-0.514521314090358	0.569678106756563
-0.82689529698339	0.919955785192536
-0.555989152420855	0.632385299849811
0.175704540085574	0.176283892443674
-0.262136618971127	0.26008299679771
-0.107357161780269	0.0784404765109097
0.232616169000678	0.189311162715368
-0.00757005952143982	0.00441228081228059
0.343248753525652	0.151539694434123
-0.529022173962642	0.711929858107073
0.427154265264353	0.565034457163984
-0.338923221489379	0.32971179983904
-0.580086870209108	0.575653420879974
-0.642102449006159	0.729776068811222
-0.278410344765653	0.28086128766831
-0.168796359313909	0.176397058647456
-1.31920577196816	1.3243486391939
-0.195537706483379	0.231358017951525
-0.63571189051896	0.841108409223757
0.608204159590363	0.893901249750795
-0.290617833940376	0.314665574794577
-0.67565053637542	0.930163658442242
-0.284906832541329	0.32178839842028
-0.202066140764139	0.179576545142393
-0.194994554486777	0.173422498586304
-0.672210118995072	0.570269625931175
-1.12265906153972	1.71209770514687
-0.773522577963306	1.23138875742099
-0.491321454879904	0.690894940087262
0.298308400973393	0.313979324726645
-0.42211525117757	0.409062146582694
-0.367542785130599	0.381599599287418
-0.0584606338898435	0.0301315825094542
-0.238211045891924	0.186427861046022
0.0768239809345305	0.0643395226408858
-0.961229688945523	1.38359214616488
-0.81147806315637	1.05853062706664
-0.124562893799102	0.0547399127164511
-0.0190367436160003	0.0135057686679603
-0.197335075735565	0.192028661123075
-0.22344263956173	0.223566797348702
-0.120220225821511	0.111099405434285
-0.225340748805228	0.230584647388063
-0.319594951622932	0.339245532886649
-0.457640481911747	0.511683709636253
-0.589693035004937	0.515041743013148
-0.149162034237345	0.120690278239854
-1.22752499795341	0.69197399523437
-0.271888936741727	0.230854630246048
-0.845668817385538	1.46239216506694
-0.106049262842928	0.0813854528373732
-0.614297722881899	0.55573163652233
-0.391878853185369	0.322714727341824
0.985095412246622	1.40848777291309
0.0526148854242954	0.0491638827660504
-0.48387164896958	0.588781890412637
-0.723865470089385	1.08540388021641
-0.00829438592221183	0.00470382458231739
-0.43926838527371	0.345390378868211
0.293177990715975	0.33357792266795
0.260058882989504	0.330899576344228
0.145220917741315	0.160025195290014
0.11731719753626	0.116939296696149
-0.0705677457469258	0.0705473762416392
0.0168766254798335	0.0130138877119614
0.567176863648942	0.604582844267843
-0.360283076276187	0.296450444258721
0.0894481958393896	0.0343787598115402
-0.180222413483146	0.128524176695276
-0.314959353270735	0.362097350576829
-0.638770861533735	0.808978540837613
-0.324673789481132	0.446454303002656
-0.753108455560202	0.623917601351067
-0.768408112157184	1.04918269712564
-0.0403200000214355	0.0276882838991386
-0.215163437494911	0.118924617461512
-0.35045759676946	0.263724687722578
0.501327014205097	0.495721519213605
-0.880667238380534	1.3211801219023
-0.203069238676943	0.22819876246306
0.00426980535113554	0.00355153078064437
-0.19150210638634	0.220526381843174
-0.526725625462865	0.358363385659627
-0.0692322205994391	0.0458590700618024
-0.154127574621267	0.154135266634388
-0.301899340287391	0.38111622327357
0.726928557491672	1.01188809724071
-0.811373967458567	1.34859815159998
-0.213482409430635	0.234157021368941
0.414969165409577	0.399215201728693
-0.47744773497361	0.411341161685789
-1.19311394529824	1.64137382281337
-1.2796617629031	0.914239255819875
-0.638925603563661	0.689588654303501
0.00769364184540115	0.0066450781855638
-0.545950482023973	0.818215296417636
0.0445914410260627	0.044552465300233
0.0148286153498638	0.0111363101012734
-0.621094226905678	0.724340871612609
-0.253451103758927	0.221315745740885
0.346425984646071	0.253164003567092
-0.248870383159094	0.255178162687471
-0.362977849378793	0.459294348656842
-0.694868772060706	1.11896079055366
0.131242680402666	0.13452240038136
-0.143173580503807	0.141962447096149
0.276575922246062	0.138730636010381
-0.162001670691578	0.146697988500617
0.0768563954929006	0.0886389954670618
-0.334591936421528	0.469515448702579
0.240449170082793	0.244429376740014
-0.209391050007679	0.179829714261361
0.0155519416486515	0.013877717139228
-0.338385468702393	0.380775269310507
-0.859161068866339	1.14825738745628
-0.910118979420796	1.01351495992534
-1.28899747749137	0.952950209495419
-0.448620672039892	0.514777197141217
-0.969762330720529	1.409808466999
-0.335162055965863	0.509243268758173
-0.585590914996091	1.02315086527306
-0.0922057628842539	0.0871599231838196
-0.215802027313603	0.247814919010367
0.376482009540563	0.40051194412249
-0.895089847228132	1.42760047038187
-0.490362103665693	0.615653076766168
-0.180160180517848	0.227036768494416
-0.131766608601053	0.150953206197216
0.0198211762477856	0.0146386013008335
0.823213366398498	0.989848322762823
0.242494565005103	0.208661273584319
-0.562711646980486	0.624220265179352
-0.148889560481335	0.145463038480594
-0.0222874274484254	0.0223783405420889
-0.238058705581977	0.293802794877443
0.369515079717382	0.381828269881845
-0.339998487523629	0.327843607550311
-0.233980946492477	0.187612904878824
-0.258925018375541	0.177696086125313
0.232202238981904	0.16705459566376
-1.07159778150492	1.58240074315029
-0.513605820251869	0.756456459873085
-0.418782972936607	0.405279069041216
-0.444587158434771	0.442632032012536
-0.589693035004937	0.515041743013148
-0.741846885323843	0.526159695725751
-0.395808432394046	0.246753024349627
0.255374143676843	0.158849322863759
0.0124582148767066	0.0110834347330897
-0.0671281797608683	0.086868348634892
0.125564770684949	0.197028017900266
0.627874591845765	0.85067087558353
0.591685559436623	1.212974095946
0.0697512619031637	0.0504673308467463
0.23825617663155	0.17010914302817
-0.254763390783311	0.269846018876865
-0.0711266878372887	0.111470427235163
-0.240620603073925	0.380989424039911
1.35826914135131	1.48526916494062
0.478600146715116	0.380267603420145
-0.441118722535003	0.357363641509942
0.386279071767299	0.266631399520848
0.332836039404704	0.284737428647018
-0.0409296249183661	0.0631858961639423
-0.356812669588345	0.603897928873507
0.268320774039379	0.155879519324344
-0.299721703660851	0.153158693925426
0.254859830612678	0.14453969764531
-0.138496373732032	0.0880151621986954
0.252585691289059	0.136941303878737
1.17867960443618	0.966043621093888
-0.990217803333365	1.94863945736878
0.511195465272856	0.479974752318236
0.022491022765075	0.0268055451023521
0.138508098209608	0.23973089283774
-0.492195544801	0.842868433138987
-0.394677012521779	0.844128537605583
0.0955250947422275	0.135778326462237
-0.454344430284938	0.947361361359734
0.176824992001965	0.241933754066491
-0.471522449433106	0.799248777647259
-0.629512320863405	1.56083427921958
-0.378550609452701	0.813335212933321
-0.45437329309607	0.328905546314788
-0.429243810362332	0.376846591305201
0.685339257805338	0.634064131642411
0.315831009166571	0.397138745561252
-0.123397067759353	0.219119756518696
-0.116540346102839	0.200279056513841
-0.3152450235942	0.521839650331817
-0.275686955053207	0.593404129347746
0.326555182666371	0.268968040152535
-0.592728391876262	0.644082693317351
0.390178035403131	0.676116481506561
0.0285956913238252	0.0473487153916243
-0.4970281991979	1.39402091851988
0.139146738211386	0.0994494917249896
0.895310192943483	0.841416566826945
-0.3393990593045	0.213068241713482
0.361723487412874	0.274363928078112
-0.246460518198477	0.209176021237855
-0.0903316825207809	0.181346419514688
-0.122952893568103	0.210342889610919
-1.01173421679315	1.07887609644387
0.105199576865459	0.0606470251713807
0.103178994304596	0.0605751962069668
-0.460793812177824	0.259248539846837
-0.169251941309689	0.103684230220871
1.58845805422658	1.3107125530075
-0.441310956544741	0.882627095244628
0.00348864914228767	0.00269996565885014
0.0992661513114294	0.161565046006915
0.0153276720699099	0.0243921899102293
-0.0441237911015515	0.0561581786807625
0.297611393809045	0.607905518094206
0.189949336723953	0.331223473419901
-0.047700173962225	0.0710279891211409
-0.192681494617137	0.298783386593436
-0.454146499287412	0.760844806061263
-0.311520230896443	0.713231066956444
-0.225321712202746	0.456535429042126
-0.156629247655968	0.201889103850231
-0.0499736915538878	0.0535643547594706
-0.153490307207799	0.196669270803973
-0.296208912398934	0.549550020864723
-0.325602591654065	0.568501316809542
-0.377576806899797	0.74028915722289
0.129670056250672	0.175149449757185
-0.115447849038987	0.148255688814121
0.0730932629549729	0.0929854687008582
-0.193996562368775	0.270671151860329
-0.154771334306864	0.239223415590889
0.0195761137791505	0.0265727825960021
-0.79713534756782	1.42535291465365
0.00577817194322126	0.00528290912685495
-0.067779798398756	0.0751185402756989
0.113490023020505	0.138777832663613
-0.898760473038166	2.01530235163496
0.0214192239269052	0.0274447833277239
-0.0950443491409081	0.129759941037275
-0.540817161850455	1.05686596585417
-0.613073594679901	0.95249739331344
0.35203618163084	0.482873214004156
0.568974418301154	0.958040032503401
-0.0718392168415944	0.0867125300811146
-0.950722848174014	1.9733607328411
-0.327176677531842	0.629429856004673
0.236105020778639	0.30470158355742
0.167371122660542	0.229931943752704
0.642672667230143	1.05250069995522
0.569858288994791	1.00819558024075
-0.161818165639983	0.14637618748316
0.0407578761279736	0.0270509169238858
0.273678664671722	0.289308387554131
-0.0566417997890049	0.0591848169606489
-0.0868595932796789	0.0893896032995902
-0.335703749930795	0.524247561728946
-0.233757495348544	0.394435914701441
-0.492565000220084	1.15900946998339
-0.112145603426247	0.14864002241408
0.566878402418657	1.28700981243423
-0.0207779925345741	0.023870009549957
0.239502632552423	0.35570814185136
0.450881617817762	0.801340127109927
0.166591518455552	0.24891439492404
-0.168400069083832	0.248019075144383
0.101037469775884	0.13228933802461
-0.452892045653518	0.816038397371014
-0.112444676440207	0.144162046288877
-0.106173504402221	0.116927465653565
-0.235541505194372	0.352583593191949
-0.237932276853419	0.388438635607862
0.350705902797298	0.663004893139882
0.213755511558166	0.346978433079904
0.359813427011208	0.666556067018001
-0.311286033220988	0.583014771654949
0.135165483240902	0.199386987628984
0.514173856379821	1.02738980398815
0.127465155642266	0.179704886945034
0.349883508436909	0.550734404582271
0.0595597842771779	0.0822226757579729
0.095857659226829	0.113714299208001
-0.213521320179694	0.386961803479828
0.0691959186845314	0.0865952394920825
-0.124926581560998	0.1382491931913
0.542791933936002	0.730135538045979
0.13629131249213	0.138616111159868
-0.238456941321088	0.224304395664233
-0.556985178030991	0.532096716705622
1.17914563166461	1.2608055811956
-0.0925706594391495	0.0872689101805319
0.0720026907861247	0.0684242575177464
-0.169577407653822	0.251906772570746
-0.460097355208808	0.848469719317671
-0.047784919150623	0.0422588895994926
-0.175811647767949	0.144926592759816
0.0639288600901688	0.0658293073334677
-0.198575903078926	0.202225831118248
0.165262055058309	0.243333183573581
-0.147289425626373	0.200413122066229
-0.210305433310132	0.255377730370379
0.421938550332308	0.492925660112594
0.302777022977043	0.362851378098836
1.02495260625801	2.914227429728
0.346722961926634	0.595268309843536
0.116159413351698	0.163950177073858
-0.415480535203534	0.78982706528805
-0.0977319055738013	0.146520846091923
-0.0828777004374224	0.0748244189886241
0.137651487162199	0.158320623389654
0.265695056066589	0.461440424720218
-0.320747638654611	0.595203407301633
-0.0428684150513142	0.0524393293484314
-0.444361526851037	0.867466471171179
-0.109485258377676	0.157467808517405
-0.147317629156085	0.212520613810733
-0.114217749685887	0.149541940657182
-0.179241646116937	0.220917604483187
-0.415931507066741	0.408562201191828
-0.0570442358986862	0.029435483045602
0.245454083684787	0.167265647256713
-0.453124880465039	0.199044623772574
0.0826632371693682	0.0277098608023809
-1.77805996838408	1.41828918677563
-0.104595802262687	0.0787192869238294
0.0586524950897503	0.0752138580219423
0.404994547552647	0.557738651974207
-0.0197771383177587	0.0175404143645814
-0.615762394368745	0.540044760146464
-0.585092317864834	0.784935568227731
-0.393093854484014	0.462037325592475
-0.239471324925631	0.344574225994105
0.373201122973508	0.626428878499117
0.369969060833145	0.46803990982325
-0.0322986030163243	0.0257159785479558
-0.294577664544005	0.318223673881302
-0.279136779020011	0.390710038423293
-0.00514999033254772	0.00560019576856896
0.371506089125972	0.691396902361405
0.207903577722566	0.320639082623503
-0.184996569009517	0.272130713258836
-0.813883092596341	0.913833279002348
-0.507365071415844	0.676918084418734
-0.318337454729339	0.598666568080409
-0.0321683114724509	0.0390738666471505
0.577553277394624	1.30875876465294
0.213831915053474	0.316656478179129
0.0383666750310956	0.0511071242959809
-0.939488884034404	2.18292766113258
-0.446631031518826	0.695260274664899
-0.40502290396377	0.495644997688836
0.684575866508663	0.757173604557452
-0.210418023592066	0.119742701315301
0.119413447454293	0.0775197510566021
0.787135820322995	0.707026457390832
-0.390353737219476	0.113266906683294
-0.280299952976662	0.0962838321108
-0.667729311723081	0.564196693911552
-0.189703014333569	0.137143295764462
-0.0481724456318058	0.0653527642295437
0.104061066301274	0.11965143621321
-0.203913681130274	0.225125609372246
0.642612931395407	0.958241165268173
-0.541036019542241	0.826286062628319
0.444538213867992	0.484742656386879
0.157968277432492	0.20701727078236
0.26880971693344	0.434226454499723
0.24243314474755	0.304939188153592
-0.377363950465029	0.385993307547111
-0.258435467014334	0.30237436335419
0.906082450107204	2.09502396158027
0.0158572216698669	0.0186248007708835
0.0903823996347292	0.136978915324639
0.073891440272584	0.0965841452820817
-0.127598467227355	0.186449287242799
0.861212948749152	1.29628721175067
0.689185107613245	1.01488215534921
-0.484316998590379	1.16758435716037
-0.40384712133898	0.919779852219258
-0.177717878385448	0.293744285156388
-0.0285862734128661	0.0393756228061017
0.0678423306410973	0.100975541760355
0.159876410249413	0.244741244962185
-0.196159339310897	0.244466128073664
0.311078867879899	0.375344631986669
-1.40992344291804	1.786345981302
1.07509106582705	1.04543605837558
0.95853584357801	0.852965461441888
-1.38564492243311	0.912093410395943
0.0880635441758291	0.0303830587493939
-1.16829473188773	1.13136370261346
-1.52617892259946	1.03856471957291
-0.0657636965416147	0.0789016206943526
-0.563679617959466	0.679479574180238
0.0135881901218089	0.0134512015869254
-0.273714561769082	0.307788639675025
0.0335431012015106	0.0405172945725867
-0.0438128510691042	0.0513348716229422
-0.108774015019319	0.114947934187407
-0.616719951406699	0.726966889091314
0.122562452251982	0.112423851501275
-0.0150371411532396	0.0152500746656991
0.340925335142997	0.671226201833276
0.138957924404301	0.213849750026193
0.235438475004074	0.455403889654001
0.0934474792790732	0.139388007706204
0.741024909061179	1.0379808855833
-0.648215681931367	1.0068300950425
0.446212357669157	0.968584382167069
0.00897620009832118	0.0116304614291112
0.18419384789945	0.331698171056717
0.141141914337006	0.223833612020241
0.166074896173955	0.275963402313853
-0.281235530638898	0.529606026759717
-0.410851583945849	0.704089080140532
0.257907280781213	0.363798868506891
-0.131691203051918	0.119229378241462
-0.0846574603390622	0.0414221297060549
-0.393286287461657	0.286784800868323
-0.0672034350832409	0.0342177195266493
-0.0413527785504769	0.0476587498076052
0.0907205927155737	0.117924993567367
-0.144471679003889	0.202437674092762
-0.127624394828198	0.126340157295808
-0.763597794140576	0.988980236408052
-0.421380642375854	0.477585792818674
-0.260364701961912	0.419243934086192
0.188468464414295	0.290552975372215
-0.21399846277523	0.389386518548746
-0.0334422918913881	0.0435751750778214
-0.168575374103043	0.288566135050515
-0.225128318192347	0.214378341892218
0.0232087714210552	0.0234708037557393
-0.220304140489371	0.41672985435291
0.203317246236503	0.362597738264198
-0.015052247697498	0.0212173561512324
0.22570668808155	0.388215143093335
-0.11785357453624	0.181120405833721
0.136760141943961	0.219108947240798
-0.0666674046588426	0.0757704755112039
0.443877829070014	0.501909012662319
0.10432137862285	0.0615384480742099
0.114281375785086	0.0751077471631823
-0.285158484475384	0.486481176612042
0.137229278476761	0.192256446202911
-0.027359319589405	0.0318666036601069
0.692807509228101	1.14301144782131
0.019607522492436	0.0151979385373799
0.0766357545289204	0.0711761910569752
-0.221681582349464	0.344052271602056
-0.0851607608619149	0.111036986044426
-0.198301368120279	0.373854350128536
0.295697555006709	0.562237786902967
0.165510071790393	0.270066995265732
0.0572491428804189	0.0498320905979843
-0.661626123496177	1.02812124648343
-0.217684558728535	0.3719304058167
-0.00130571203354713	0.00187469595451974
-0.0356548959869159	0.0500823529158084
0.000341456774543894	0.000543902846749663
0.067457372808646	0.101520950241211
-0.010461736381855	0.0125888551434847
0.446689517244032	0.390482149366993
1.95949245369152	1.64601501267681
0.766655933160208	0.318484379312266
-0.311943450818894	0.526176299124988
-0.338795369000748	0.692409422805365
-0.0924301729389217	0.133822641168762
-0.0823153590312249	0.0788914354600054
0.12783458351568	0.127806761786453
-0.32947715075148	0.560778264929854
-0.290444033157892	0.475586854221872
0.504373035805949	0.731337220757425
-0.320103025684827	0.262240177418977
-0.0458414551592603	0.040522648888289
-0.109140265468331	0.142012877570076
0.467336985092781	1.05082400196468
0.128788054529892	0.219473493028124
-0.0434861673905097	0.0607636780458525
0.334838837130627	0.685103033608562
-0.249359793224134	0.246043295045764
-0.178852492423671	0.210575996788689
-0.200438355008588	0.37988757587162
0.265358664244585	0.532101417784819
0.222263459674499	0.430501243662203
0.22399510599197	0.401279488504031
-0.298692489590521	0.595385934953103
0.205143355155608	0.344120181575492
1.00752785727839	0.503715228763269
0.627993967053893	0.294000432502212
-0.155999345823478	0.183864499161022
0.0553396734616103	0.0712985158289296
0.332572932560186	0.582857945972365
-0.234777586892447	0.412172977474396
-0.357835355051953	0.511677086733591
0.181912342523819	0.258535467064339
-0.482692539919978	0.886555514626363
0.377282743587335	0.546338799791933
0.269222067635337	0.288904747086829
-0.310616242510795	0.414419409359411
-0.00287533056532583	0.00308996569420029
-0.37438044081491	0.676083534022979
0.265093659628949	0.513026113911745
0.247552944970244	0.444389026586387
-0.271454583621917	0.512725679214077
0.16634542374832	0.185980814850245
-0.3235482178336	0.468322445627532
0.149483341594123	0.253708917633256
0.250825235305597	0.431949811649079
-0.358483025300201	0.693709412614579
0.398533691799569	0.804607785593399
-0.0325183655589769	0.0456506665652858
0.423886674949333	0.391463436585637
0.267534195715713	0.132589752665424
-0.249193472301947	0.379547260691191
-0.2512814792807	0.42114757270049
-0.142916237693565	0.216932457931002
-0.168207412383612	0.259656874015042
-0.222019712691979	0.381396778093114
-0.629186864766177	1.42942151952099
0.0228834540369213	0.0296056517052707
0.325812470926027	0.62459818557698
0.657078994665157	1.47175787488473
-0.557743275248228	0.83309695160879
0.113544552872455	0.147689571078742
-0.157412375282804	0.233655973003255
0.097246510889719	0.143685787454973
-0.124991800044786	0.210647642803198
-0.00622189976379214	0.00797013249718539
-0.0817719405277998	0.121557440307898
-0.193729427957389	0.259012755034641
-0.305138848916015	0.501702400843481
-0.134045824053521	0.205492101075814
-0.247754725835461	0.493196824910234
0.0755212166479664	0.113929099511164
-0.608271663198481	1.51782540664627
-0.0888255495323429	0.137514149745444
0.402047926385871	0.778935182779865
0.382677853086358	0.391356916027057
0.325717907559238	0.29591800866247
0.848574265103407	0.687503331798839
-0.0842008559663684	0.0927818403562998
0.0229987345328075	0.0272358461587515
0.336769998767525	0.635912088300569
-0.153855495791124	0.247438212586727
-0.0859945441376452	0.123420537502832
0.211930443619102	0.294139653751995
-0.97585255789572	1.6828096063856
-0.130379865475457	0.120479717283142
-0.304037131557743	0.337071581853736
0.0643196522731587	0.0653841107595262
0.0252840157859007	0.0331348355381172
0.415361580550551	0.797648929571985
-0.187993008772128	0.220063101999241
1.25154549114577	1.72119783392885
0.167187185710159	0.170772883795162
-0.0234411654315507	0.025965700408412
-0.125506775754893	0.174938707671627
-0.196436237025435	0.357171504596018
0.0117281013507658	0.0149144643451664
-0.27376822024278	0.451450923035169
-0.712027685499765	0.901507123039943
-0.296853284518678	0.429593687981095
-0.415600625551885	0.907886641759406
0.391541023884383	0.835393663639224
0.120301946530003	0.186008617024381
0.107694225952207	0.168800970507013
0.235630017213314	0.202293037148182
0.0159215717735728	0.00974049820057879
-0.286762807659803	0.190292087079858
1.96947071857615	1.78851077662039
0.388926845632142	0.158761217583667
-0.323755856669406	0.448017769031474
-0.439757690175158	0.859526691354427
-0.364945832268989	0.694009539843216
0.305448638286137	0.591351643786435
-0.13937306392622	0.208570468215753
-0.357426893807539	0.509901974329587
-0.223764391258618	0.197974946569771
0.516213506425414	0.805455382866571
-0.462685165079998	0.535030282455722
-0.076173198009404	0.0973288933656131
-0.00502713822635712	0.00546897142681317
0.235893850409367	0.27805245881108
-0.134875768433768	0.109118286335628
0.284637176634129	0.324349044600906
0.174719903000643	0.252345199620485
-0.144447315676775	0.233282689751308
-0.0511204901162303	0.0753192869339939
-0.130777506154928	0.20394353138102
0.0717346432067348	0.104885482077433
0.37210155825011	0.380929421728339
-0.0463089928148102	0.052473530550352
-0.0955123775279366	0.147019130774438
-0.245683734697452	0.491012860106468
0.0393003039996547	0.0535276113148529
-0.121158241460443	0.172590550745058
0.65714625099	0.419542930721633
-0.00577908342045592	0.00416179026280175
-1.31772017453804	1.24902152452213
0.8409213371448	0.442056349243586
0.33980233590096	0.149595550987341
-0.276524200862948	0.393722192014929
-0.237689009617838	0.369155670190744
-0.482820029218246	0.979697723718471
-0.641564947414589	1.67859357648565
-0.0779448473965558	0.10363508977215
0.285150824426482	0.596768237371111
-0.292200061700732	0.5093902007169
-0.0540491341466329	0.0700639984828833
-0.411926305490168	0.801118059847182
0.285641831313926	0.554622342200672
0.155810598776693	0.264372829194841
-0.00838660915174239	0.00850410830654092
0.148986444533597	0.204732141604431
0.316584645019573	0.526157979570183
0.323963556399259	0.571229446367098
0.148954328554713	0.219046844180808
-0.0292102359219601	0.0434145073614085
-0.113386607565282	0.188730564418325
0.311680855144262	0.615492568678646
0.123204461322844	0.163201568831676
0.515822215084916	1.09254941306331
-0.0504276136335962	0.0586554693003993
0.215536159939634	0.307013942456235
0.242977545363044	0.446816435054694
-0.14067374641664	0.197581580753272
0.06931893731855	0.0828290112760491
-0.187719971441811	0.208657442235179
0.320459699843311	0.362414214820207
-0.0333475161223967	0.0300106742006446
-0.0860874770267339	0.0732289186738613
0.0351760310299869	0.0335495340155362
-0.350219548848159	0.673036737721594
-0.0947207759480323	0.136964496965099
-0.0162309901794252	0.0190269404503543
0.308345215290997	0.511198591450584
0.327382462491684	0.563391621014954
0.151381988451246	0.215753811942722
-0.0302650314067015	0.0383395726257329
-0.31699000146566	0.563961131400996
-0.183611794343787	0.264614196216586
-0.202603000466073	0.270600266659476
-0.0082495421245876	0.00899254055426649
0.0545303161770669	0.0730583580177969
-0.191589365319512	0.279047443820921
-0.090241357734947	0.13015546150203
0.253852346683708	0.460532852722836
-0.122062322715025	0.196083698433781
0.140143715669262	0.237393998241246
-0.166139458747413	0.235363087023072
0.203247419104913	0.310894111541172
0.388018548319905	0.718384441719523
0.183515163346555	0.268594276448057
0.158438201382253	0.230917101186089
-0.000955078486904518	0.0011583930664381
-0.0926220013731648	0.116598073287227
-0.119942024505501	0.146548597598612
0.282379524178779	0.396970362510275
0.120154429195248	0.115007694584277
-0.8727560595211	1.15381752049086
0.667468746585988	0.532541902357825
-0.023890713408918	0.0167118385593671
-0.235992348191785	0.259153412749715
-0.498441843186267	0.602610940551609
0.174006425134501	0.199389366352666
-0.189136125505925	0.210202670448199
-0.705439288603524	1.57634033275839
0.531793213897347	1.1656840224104
-0.257494927263864	0.31538327347825
-0.346603503267171	0.306772460448477
0.880182215636967	1.73515865102875
-0.153446510533747	0.217177746037581
-0.263736800657276	0.446061727291818
-0.020095001902685	0.0294090648139498
0.354312747030243	0.743718393469398
0.324071944030631	0.588950889591518
0.980016740575611	1.42032573372839
0.0620318485564998	0.0647841094503106
-0.022220556558819	0.0305572441457908
-0.334205412354906	0.674027938702699
0.0542381802864076	0.0810022002476937
0.158799607035573	0.258894044423661
-0.00689583632123988	0.00954753325445842
0.214190447917023	0.385424137041408
-0.261803717981033	0.384126209941517
-0.154439006509544	0.171899029907284
-0.238045521030555	0.198555976896907
-0.0254039199840912	0.0144329290196182
-0.217892697765877	0.18439081529858
-1.00850405741608	0.641127990833274
-0.56208869468081	0.900597425272283
-0.663550068535296	1.26874718529906
-0.353894957782561	0.407218512352108
-0.0872322651853365	0.0675797805846019
-0.396637351503689	0.427672919713944
0.24360776205419	0.241730313917921
0.180178346410451	0.268176823103348
-0.365942486829385	0.625290473102084
0.861502953470692	1.33662075041216
0.325466240784836	0.297959779513292
0.00737718808353315	0.0062398377504057
0.144098127233537	0.194517314258848
0.136208449154012	0.197495377211495
0.204324139368938	0.385847072422796
0.236439913389107	0.414520747518566
0.564425976622605	1.01983032774472
-0.889180921062462	1.05167590895789
-0.280129715757754	0.344924009460066
0.200106372843945	0.354751868378522
0.268323958757847	0.47073022869131
0.200932863497077	0.353292991431571
-0.26964047695755	0.502500895419786
0.239857217725401	0.425827277632895
-0.349572476772389	0.668348353421251
-0.221858548415795	0.311559221335309
-0.0740186370186384	0.0767857856137669
-0.627838730522779	0.62959005882629
-0.151095922326742	0.0629118559801664
-0.988183713891241	0.708691218023075
-0.662963995120321	1.14705504438483
-0.132969528230148	0.207285190540359
-0.344952122124075	0.53563443962372
-0.265899118509436	0.299168122140009
-0.285064672613125	0.280159549898084
-0.116222505457599	0.124876139782906
-0.00281339537996121	0.00237762226190962
-0.161291403631209	0.219043878609267
-0.198003309480555	0.272370658431601
-0.0662737904751947	0.0736629047179708
0.03350838177518	0.0259155568163987
-0.441650487533953	0.472335508010893
0.0537264804704314	0.0648866753287675
0.101268107533547	0.123726798964928
0.0511324119857365	0.0772582169998269
-0.252423520728042	0.482990445913251
0.227731088016771	0.38139184359414
-0.39167740708195	0.351199426129764
0.313540357991973	0.450266968863516
-0.320257357999657	0.671103462102435
0.409684987221265	0.875338916688685
0.393117028499033	0.820133062505049
0.17735365596819	0.293160564685065
0.0168163578336096	0.0230847112828199
0.322657711761883	0.559168421848874
0.00064204416111378	0.000824474039244515
-0.140418955134253	0.171930023029811
-0.479131887891646	0.475242054192657
-0.174846492298264	0.10759207830818
-0.346302224412551	0.310212688554388
-0.787291888126214	0.267452034306255
-0.140465038134912	0.139789075307
-0.372391521141905	0.418048282446183
-0.333619796145144	0.490810066183462
-0.140423049336563	0.217718773215247
-0.146021629036437	0.215004823949364
0.0826448382248316	0.129293462002402
-0.196156662210194	0.256665474431443
-0.376997772998409	0.46096025028269
-0.0718837991699478	0.0925502784450539
-0.0802462384897308	0.108383276419201
-0.164340529040117	0.174079125471797
-0.251202580132131	0.258211905575975
0.359284098891521	0.499255559292306
-0.100699909558142	0.139086807995321
0.480940944108	1.07409419399959
0.148521949552427	0.227629543767484
0.0847226978251766	0.126335739146294
0.293622126511289	0.574446435021115
-0.618244728346674	0.743832039539685
0.294611992013097	0.37124605804652
0.33489414895126	0.660164746192862
0.0979978159505084	0.153200366852883
-0.169000732697734	0.288343792274653
-0.167981941397133	0.270708195011532
0.0960205611649164	0.141526413666169
0.510892825734111	1.24661748466991
-0.0869011163763176	0.100287509014708
-0.0874025072307543	0.0976646021871122
0.0712256230046696	0.065260271118361
-0.659665954901245	0.330747919442919
0.103214026141965	0.0601294754805738
-0.624637170112215	1.49392382356631
-0.12208476669136	0.178699589742477
-0.323241830900162	0.547298041391767
-0.113232034837685	0.164524116478064
-0.294720133897572	0.538668859836308
-0.163610244698367	0.245685660816666
-0.285577061071557	0.537198188737706
0.0546428581466781	0.0726543190105468
0.3060477676634	0.572114531988723
0.207335388665244	0.345199603202618
0.207041150831359	0.339006100635534
0.193031140747905	0.29987661443075
-0.106075201509117	0.138777144136989
0.719803770099503	2.04194157668174
-0.186622260931819	0.286299612086988
-0.386027987551675	0.76043524558596
0.146026391319841	0.248102994950037
0.258087871078663	0.514549017121814
-0.161274928001542	0.270074163206042
-0.00299349848446805	0.00381517027708672
0.0357094004704546	0.0459092119814781
-0.17760162903344	0.283796628258987
0.480317602129495	0.807271258386938
-0.082113539568547	0.112933929205497
-0.228330502068729	0.383078363810254
-0.371882517817761	0.89221472804059
-0.331467246675018	0.658174582004007
-0.271547811934822	0.393307211160798
0.306791263570463	0.386945029121727
0.226034595385823	0.265433893380732
-0.235746671427807	0.187393464643732
-0.0933509553536763	0.0677628754781633
-0.517166281869332	0.458975745369472
-0.127387979955313	0.127174791719142
-0.344073288132927	0.38203985219099
-0.381179938909048	0.392776859309276
-0.31878159838407	0.629671557311234
0.262126785840949	0.511160624383619
-0.527428781038213	0.997171243583703
-0.20454987563817	0.315121745712679
-0.104455715500372	0.135679804322442
-0.249591645417844	0.396985855839081
-0.392803232693858	0.820500493486432
-0.142676105236378	0.215617283082115
-0.361825143284651	0.589873515692964
-0.314519443585371	0.501931308615354
0.0459225561498901	0.0631458899186769
-0.221683691874244	0.384661193118469
-0.0760599633622187	0.0889650980785583
0.0715869849238244	0.0933660823503691
-0.424658930026323	0.879604029037602
0.305734630477644	0.524220972394272
0.0212636118878067	0.0273567125752714
0.290195499016854	0.573595589278201
-0.255616585066524	0.529503956113726
-0.471854234732552	1.0918823575845
0.0613942303632755	0.0808977616943831
0.197778138201473	0.292059444485474
0.027944902482849	0.0329255694428962
-0.495765636919833	1.05289459432089
-0.0482509517534941	0.0597950484949751
-0.756678902969287	2.45028056074231
-0.444477598268137	0.782965092024337
0.395907760442065	0.69973858724642
0.30789597412831	0.443089135055564
-0.722892955101591	1.34971849834043
-0.112402463790704	0.0850950768396146
0.0391115063258609	0.0269729539582853
-0.142007867368121	0.113227902753438
-0.136926649400827	0.157687129412805
0.172824782165511	0.169342008523694
-0.497110927817617	0.540592147154015
-0.289121534399856	0.299849786664221
-0.281034596303063	0.283896770241133
-0.21617251855693	0.23655978172607
-0.0150767739571312	0.0165853929745406
-0.31607744220436	0.579059288054712
-0.265144558881453	0.462092729025875
-0.101537116276539	0.0959694743309662
0.00537733372632395	0.00464195009871214
-0.502368862496405	0.776654298235023
0.125346870402374	0.149808579101211
0.0909365394642583	0.0979965587373633
-0.193053137224307	0.16972256231278
-0.507587047219217	0.489223122961437
0.0464285836894166	0.0525006554715888
-0.0460472450789163	0.061456929573776
-0.00580548325177252	0.00693382163345236
-0.0957411161761845	0.126683740541831
0.15805030727811	0.227657194793656
0.24768460419783	0.244707510464861
-0.734443663803142	1.18415843245675
0.0371828288163342	0.0447356704160312
-0.364810540396659	0.725477968124059
-0.0435706101396006	0.0532969741418836
-0.572535733351293	1.32245007888836
-0.108195103282076	0.157032719208914
0.154339147151305	0.208287509344224
-0.0697694817920632	0.0699434481322089
-0.768127966804937	1.15902372717177
0.0804211625857038	0.0573523148878951
0.800239711022051	0.569604275034537
-0.208792193378355	0.124421774336451
0.383587048412277	0.156012044058552
-1.17593414403549	0.3709145036914
-0.368482313558395	0.171770419169252
-0.603110833950915	0.395130142498686
-0.11263477317255	0.050012488942774
-1.09025327399605	0.461739342382665
-0.465529977380725	0.663177024790225
-0.287742980622333	0.335181105402431
-0.732080675927969	1.18299641060059
-0.42683014309017	0.879824845381375
-0.217055765757025	0.2257394140535
-0.383484389948771	0.479255020875628
-0.321212442791	0.315264724901452
-0.0238573154379262	0.0239780868668133
-0.0134991530050384	0.0165881352931872
-0.0631082966791074	0.0900950788549171
-0.105706658265061	0.161315582299904
0.294170667507698	0.53162025344497
-0.528579377676774	0.619870271966066
-0.37613320326995	0.568523718041727
-0.0829201026944705	0.126853217812547
0.0123562764287916	0.0163977352851011
0.380675241491273	0.879751539552763
0.0377389978609029	0.0503967033487483
0.23032874867761	0.441480796118125
0.37858195624897	0.730408324367592
-0.0418432273239312	0.0514835531249091
-0.77199454269328	1.41227480507408
0.146456940908665	0.116600138601157
0.267235211124343	0.153777597804414
-0.319406839922996	0.26745601603658
-0.245699054328301	0.135840872556132
-2.34424638922208	1.25008944378275
0.110959705458534	0.164581132951005
0.0238148885919734	0.0236646572632308
-0.625087142772977	0.773219688720538
0.322210994426102	0.401064134817733
-0.143828659589273	0.20033371855519
-0.252732990349339	0.51922394475912
0.00260067417504168	0.00354962439601899
-0.0409097929829194	0.0562283433489463
-0.317117377439952	0.371709035368238
-0.521280056269036	0.782979195543379
-0.0675580642852247	0.101780189839221
-0.0667482230843029	0.106143989852747
0.260021885393446	0.513513099435246
-0.343307687500465	0.686505304847887
-0.0419961200477521	0.0649141773401901
-0.0337360679944813	0.0446683015192883
-0.0885291155944974	0.102363694770201
0.55463994606676	0.878220036406201
-0.176074408879804	0.157360419423553
-0.352357782451519	0.263324889629444
0.482765301162836	0.376668225892935
0.0922512447095292	0.0437652697229771
-0.709056998012246	0.426487825513074
-0.210797254677949	0.278443249647701
-0.377754868072256	0.45866913088127
-0.228990970862223	0.357065346832209
-0.43072917721855	0.968802852206137
-0.173577269562892	0.30794498627939
0.0604863409122386	0.0871811024381593
0.00623221327285439	0.00868092698671826
0.0817840024815709	0.114630524799958
0.320787433121858	0.600415092278012
-0.607348591481057	1.50489026151703
-0.00184308469046506	0.00235506445214948
-0.176269353329764	0.219252685489763
-0.0108485086770378	0.00776337400380581
-0.644645550912283	0.466718880793348
-0.362219523045555	0.172147548371392
0.100122329706241	0.039692187472218
-0.753712311058258	0.63166943459021
-0.508686277481083	0.496561837334508
-0.145621314044186	0.205511160740742
-0.277035999939401	0.407062553820888
-0.0819940846707772	0.111792220450427
-0.363326065452595	0.555741960663306
0.0771314307774344	0.05858850142623
-1.15110012256226	0.798807671318542
-0.15573942870475	0.0588622502570252
0.450647086527117	0.27058660134581
0.0414415229836682	0.0283792987061965
-0.5353835581664	0.460421359639833
-0.197852635742273	0.233605751014633
-0.257487032576113	0.39063203028286
-0.00858130296904694	0.0101527283531028
-0.477185418215537	0.490314378513308
-0.666275866576469	0.833286411149186
-0.417166019522467	0.493675192593346
-0.287467269728507	0.506232497426505
-0.262187220565575	0.470708784339928
-0.409413414131905	0.81554263527995
-0.415685438904804	0.765922946429216
-0.122231331509031	0.162378591176765
-0.309162206748413	0.352017667085818
-0.276791804948643	0.239870599024753
-0.347375917509658	0.342108925785286
-0.0790934267149712	0.118359326598128
0.0312543342468156	0.0293363663361803
-0.254344910113878	0.29286899602606
0.124135578563444	0.176386624909734
-0.196000661788158	0.353765312770884
-0.333285004835517	0.478778075260779
-0.6367900659629	1.25058984637824
-0.3907654740452	0.242197056964249
0.0755583377871583	0.108230328663671
0.0801430165098931	0.117896124419245
0.0490453353957107	0.0710555417112626
-0.129372619715655	0.206146298337258
-0.0389669266870045	0.041164144615755
-0.177038461567205	0.165368337004311
-0.278467995758417	0.37145978980387
-0.0854510923819457	0.10699855011306
0.0869419425562878	0.120795303961002
0.0238647772424531	0.0347761091661554
-0.338395714067395	0.634017627424706
-0.690501456536128	1.35454352268474
-0.140669470583946	0.124657393042432
-0.548572107309279	1.19418608649507
0.0771349734441653	0.110984675950751
0.63279534877548	1.53832261358076
-0.165026057661732	0.271019010521539
0.11419681983314	0.154604849631871
0.184976053660452	0.221866510241368
-0.0572838477448619	0.0560162394818137
-0.650248003492547	1.21667095278549
-0.843964666015818	1.26273841070546
-0.166339978843469	0.175337105676558
0.171873528105829	0.240265903967952
-0.290406505688702	0.56198256663829
-0.122667548748445	0.178416788010622
-0.228311496450127	0.346572377566849
0.14875032071816	0.187485472685125
-0.710235322215199	1.92442078718741
-0.0326237333277747	0.0437332443637574
0.550942017977919	1.57005035488691
0.0984216292125666	0.149292472178123
0.360886088785298	0.606202436522346
0.641250022039153	1.03373288239573
0.0142884924091729	0.0121732270604074
0.0378308717431241	0.0443946007262964
-0.10459754118163	0.150476272028365
-0.643891515965234	0.895332949209098
-0.193877287965371	0.325050832754175
-0.271500340804578	0.489930348564942
-0.256955297738595	0.4261500397919
0.186536120293281	0.261272690597355
-1.23325260832268	2.58044392323443
-0.643484928617095	0.87094925087537
-0.366873506934795	0.564740016903002
0.179091752910078	0.275596626183013
0.223420468432119	0.389684670844163
-0.139121311065456	0.236876119823005
-0.0286917817505407	0.0374507165350344
-0.659926191196177	1.41906753656351
0.559770245800012	0.959801893636611
-0.368946551183109	0.420374923367908
0.000289129402195822	0.000341522600278797
-0.146350469616986	0.175722430255175
-0.0555185684933788	0.0700665812547729
-0.197001222779454	0.3099722792549
-0.259865805261072	0.337395693038068
-0.61200814533883	0.863690881013253
0.0132145725940395	0.0160993478716499
-0.191658665077377	0.324696570991955
-0.100206151382569	0.154083609612047
-0.649805278690439	1.11020900603749
-0.217900151515354	0.408123066633332
-0.010929836360302	0.0155474498131307
-0.352050941858925	0.716851279299952
-0.486170633657082	1.08559327432043
-0.364510520234047	0.471194912307063
-0.311757161837035	0.407708330018822
-0.178364587634225	0.158151943642086
-0.716096502905394	1.24255226904958
-0.0863612629703644	0.0890079787612204
-1.11935405450267	2.23775888970292
0.0465944869395711	0.058909691571336
0.0968806977910699	0.133804879469388
0.26084677036219	0.476234680642605
0.168895890593276	0.250355546882732
0.859212922477148	1.91144763271291
0.0746465390808629	0.0723399538408278
0.105378607423982	0.0884386797556672
-1.18594154002736	2.77953127857305
-0.349568094008895	0.445039774017689
-0.341525564894148	0.650111297912434
-0.21758742074498	0.337142698822275
0.0828496684120278	0.0939470293884467
0.163164199654417	0.146406740787466
-0.330682110453996	0.410927321875095
0.0352016224571407	0.0452425593667082
0.0450241443395908	0.0629753155921988
-0.0722034210641068	0.106907160677168
-0.0539694599524654	0.0776596941943049
0.0586826887878545	0.0810331466572992
0.389717440850139	0.467584332004995
-0.151213618487985	0.171513253852612
0.11733651918517	0.187784087874303
-0.0726759593687221	0.104747181003157
-0.182349620043531	0.301459008501323
-0.834268998445638	1.65010422431907
-0.361532960663574	0.557213595794534
-0.54815123773586	0.699062325714075
-0.290092370985702	0.191117851855461
-0.443397456879673	0.364830553564005
-0.163716054612141	0.0641621384789266
-0.498686420740841	1.018793080042
0.0568761995815417	0.048500682379665
-0.44557674454842	0.691287318483437
0.0669781689573164	0.0719127868427673
0.189794517711004	0.295376168350706
-0.147571708372793	0.219565083434743
0.000843718352623108	0.00109481368989974
-0.137236208341566	0.206956788539106
-0.140629919291765	0.193965003185663
0.0849807421259904	0.0980677716197482
0.50106847799656	0.577131822123633
-0.566727010820452	0.897988639495025
-0.719175307064202	1.38491082595676
0.0225382845581597	0.0251383430589377
-0.0604570476750005	0.0739487871309952
0.0459390803311558	0.0450201338984311
0.415148865441678	0.451987263489318
-0.659812251699442	1.126326321195
-0.522140373666462	0.942728834260752
-0.158705502165512	0.265426457319997
0.091328399786608	0.13622260149021
-0.0175731478173221	0.0214800433340232
0.0781918174577224	0.104500052155854
-0.190597706823188	0.166868712322636
0.111541782377638	0.156611913072525
-0.115425561779671	0.178821436574662
0.350258744625064	0.707473795474025
-0.224432556882145	0.407064335799965
-0.296803221965063	0.511807296955136
-0.00927698043134415	0.0110289508640342
-0.526363914507551	0.952913640602819
-0.385799302770336	0.551934479109335
-0.457266660471573	0.44791408760913
-0.749656755957447	0.646694224241116
-0.510917747141331	1.06663950984643
0.401677287328126	0.802504728096273
0.331505710249258	0.503317480738062
-0.239489356423604	0.263971889498407
0.00212546094957622	0.0023231109398633
-0.240608704947185	0.378173105639007
-0.0441412854590113	0.0579172043778903
0.386360352328213	0.837683598206188
0.15830208135048	0.251860400343462
-0.0836728934095716	0.0961119989879296
0.430060400011861	0.685962381437896
-0.668953728360136	1.02387758483173
-0.135051756076973	0.151553294026347
0.193356095383738	0.207481492722164
-0.247202219469139	0.398805012150139
0.387655018362888	0.754557084612556
0.0402826670068228	0.0430079859680875
-0.472993460401533	0.587634173002447
-0.486694668466172	0.723465942016887
-0.137405600135003	0.192017873969006
0.110511530724226	0.169754366912678
-0.236997467758745	0.419001718577333
0.0677930546130129	0.0981201313264168
0.244390703054339	0.415131024400283
-0.448185609617018	0.505906684327606
-0.21146928989164	0.369135707049858
0.0204155192268647	0.0266874000142727
-0.253141359292106	0.416038488714232
0.0603791910156095	0.0900228890504079
-0.236362544423091	0.375255992475211
-0.222046960939465	0.329541793278303
-0.0293454771506692	0.0307134556494468
-0.487998447457337	0.629450817602863
-0.142990006335284	0.136242081636342
-0.00784660913362786	0.00994788995556664
-0.0594650210703775	0.0738136680997031
-0.307206097134096	0.397965970719738
0.652500852066988	1.1520770179388
-0.117960238820087	0.128342093699605
-0.0216950258775068	0.0263408634177698
0.0251225962749469	0.0329324262283542
0.0178058286692592	0.0240772103967429
0.316957237021881	0.638451411137346
-0.287571453897876	0.423092882458994
0.0814809406973636	0.0783840260857499
0.345237893633808	0.40829819099394
-0.309443533718912	0.454099275434421
0.233626306955009	0.29402419122535
0.342943686873198	0.624414973448413
0.234064049888844	0.39877251527314
0.37026344259881	0.557548451422316
-0.101712524872778	0.0867520052882481
-0.842085896981581	1.48148248972024
-0.403635315448941	0.609003431042905
-0.012411919575714	0.0170008052342094
-0.289108646619067	0.601665102328945
-0.117493135452912	0.178690924295071
-0.0979324337999288	0.144801799068249
-0.211271854793396	0.37644539845593
0.243091053332461	0.459655483839905
-0.00233053206038812	0.00293469807628866
-0.305172524124499	0.595892116688126
-0.247426138751911	0.418821018317023
-0.155574966961707	0.188711912155925
-0.640921904231107	1.11546011909974
-0.0688979758669453	0.0599864167841233
-0.982834137034414	0.747691697706202
-0.268335946063005	0.291761268614103
-0.151943433368219	0.2078200059704
-0.294111811286917	0.313101023142863
-0.126085890639937	0.134269359606053
-0.258572044036442	0.334506072277418
0.105493943659221	0.137494214334384
-0.0712557416416396	0.10793008563475
-0.0386869399081271	0.0524663502986335
-0.0764966685576905	0.107922898752327
0.262339108140415	0.383847132501454
-0.122161051496845	0.134003102890696
0.17145267893897	0.152740561904641
-0.39965238821041	0.549420259625993
0.225703456871902	0.265464596016406
-0.430390050060389	0.773675408207447
-0.0402479358764121	0.0474657804721391
-0.0823313256110725	0.0814564155044372
-0.134260723029626	0.111651480751983
-0.624769664597416	0.947816503217201
-0.00305814882289823	0.00388970365946516
-0.0230933919715241	0.0326586064937167
-0.447479707407273	0.92967056135198
-0.436331485433633	0.95568030877233
-0.08362035156755	0.110624362011803
-0.265014994521987	0.483909710439482
-0.332324546402522	0.639194871749094
-0.390756023706618	0.723562263969685
-0.13366248438612	0.200356024483536
0.0892513116416407	0.108000210628398
-0.396529082524195	0.52244698189041
-0.812026692679098	1.12559236717309
-0.483678004996585	0.888358061982835
-1.41097159357312	1.42597779836122
0.449705613636324	0.584062016276224
-0.178349397811715	0.238915230869981
-0.110061052186161	0.143830626252272
-0.269031391146163	0.430926199988228
-0.148251283777066	0.2733406911097
-0.0568428151122059	0.0757741135528638
-0.143192145678142	0.21322064655419
-0.121176342378262	0.155638229254877
-0.215424874492457	0.384691347558075
-0.144347812343278	0.258852540038804
-0.333203329048012	0.763936841100015
-0.102564382753443	0.175101225605852
0.190473902428799	0.28785719925564
-0.308138307201563	0.49033995591242
0.571057752722127	0.807365405174061
0.0579347063670771	0.0736214649306293
-0.236148405130775	0.278151238841613
-0.380835075848383	0.851291147549807
0.00623785763790286	0.00847856316133749
-0.0786270951368682	0.0993030039765156
-0.323876722394411	0.681162809359335
-0.199161520565127	0.394006078171014
0.125041899938973	0.201495429095052
-0.124462309976397	0.1953717125852
-0.388594775800631	0.761935534666258
-0.138187816260189	0.249251647988778
-0.421839901747296	0.95788264946731
0.197254455726905	0.301784509562437
-0.0468813901364506	0.0607642126292866
-0.874071482847699	1.7087479383939
-0.733858499982633	0.530263571424982
-0.60539557429687	0.38607507012605
0.0871901681259378	0.0693832630004758
-0.413513710564253	0.789071851114149
-0.159754479772341	0.143425168066539
-0.48425623666086	0.804215629699966
-0.30795135418471	0.531199607803619
-0.404690138642624	0.790286052588398
-0.303492980828762	0.643085352134964
-0.167019831621362	0.254181924117483
-0.285919310865247	0.643800340979102
0.246720584002855	0.596288478647957
-0.091395589037789	0.146858038287846
0.0699987329898842	0.110134419590417
0.663220793069449	1.36028404558583
-0.0877764159266438	0.118901157623171
-0.603413058385497	1.60056934344886
-0.129348875828803	0.238905026529337
-0.112785696395864	0.196999233050105
-0.353661550819108	0.535678621465284
-0.383018931650891	1.2288226825353
-0.137459370837041	0.263611764101235
-0.105512953248349	0.123764177161613
-0.303084876516175	0.387986093294707
-0.210074995013139	0.234259832206171
0.327542725430301	0.403183682631204
-0.13501092441747	0.130841222345624
0.138700429826354	0.244248336404794
-0.0311293394418336	0.0380508285116709
0.198349681139985	0.384987844670051
0.231157289676758	0.403488896948635
-0.439911076209564	0.948843685935269
0.237705428557287	0.380923209349363
-0.141087677883079	0.172494841965486
-0.303905655056567	0.515103703638668
0.0203075247921189	0.0252866837579435
-0.119891200605982	0.189393172054199
-0.271420350936206	0.453107768517908
-0.597643107743482	1.44964647027686
-0.289582144805539	0.584304519149867
-0.789382852575946	1.55950326227072
-0.717266974293207	1.03307368828232
-0.566310279781879	1.36549013745953
-0.192563052297475	0.321729690890555
-0.207890919171638	0.420307479148433
-0.432369702286943	1.13367488154958
-0.0752653225941803	0.106551933855751
0.137104827635332	0.248970936196962
-0.532063530544927	1.44486384184779
-0.158459959512068	0.275457505671443
-0.20010281737317	0.363523317311281
-0.00725873664821118	0.00903063880708792
0.00281395369979761	0.00304630402459845
-0.0337786480890317	0.0451264736898039
-0.318885618505927	0.723941696783004
0.250280943300308	0.483288389213564
-0.18253387171257	0.255501981472468
-0.143404160185102	0.197697891638099
0.185204361495694	0.230366373196971
-0.00666919736276625	0.00597913430132819
-0.267486440965393	0.346682444642465
-0.138571117083501	0.165490014981942
-0.107702587249632	0.180079165349981
0.17814692303868	0.271735382010722
0.0792555670523204	0.100993865004808
-0.308263786261738	0.563225894892951
-0.228540237773038	0.346039515326037
0.175131223985583	0.207332185011093
-0.161182007339292	0.182172540408058
-0.213729735030468	0.276483006049349
-0.485100939231336	0.746176969568553
-0.568469140035227	1.0309031635228
-0.194113978844402	0.298207278064384
-0.398770743123081	0.830713936036983
0.0486839043633389	0.0629597052208608
-0.317112327580143	0.589374893453747
-0.234718278361682	0.378518082031536
-0.529255096789646	1.20332798162837
-0.338066557200106	0.630189835788364
-0.340696139191793	0.612441943336402
-0.392544094518094	0.801991596895664
0.102717914309721	0.170585675098015
0.463446350418413	1.45475349165447
0.364280492145825	0.706370365060168
0.262787333399533	0.591880845221984
0.140187066750362	0.153762735232425
0.309698493668281	0.481252646070021
0.297899248973563	0.511466556549788
0.575975222866168	2.1513958215069
-0.102970405569686	0.165185524512922
0.381052059308399	0.404047162288386
-0.436252049893961	0.451685781373642
-0.647223431309078	1.97624514377461
0.237746232558562	0.457769711928903
-0.302171838421684	0.593901688562733
-0.210947434011219	0.380920524727347
-0.241971628901674	0.48694290248842
-0.369644124516129	0.726549431833549
-0.0133700383063712	0.0186394255487039
-0.1013522921015	0.176619457911875
-0.150088615359228	0.257568078170839
-0.00672554644025084	0.00881926384255388
-0.214147517283971	0.452399799138105
-0.31517155816406	0.690187389657758
-0.337370500738333	0.662480933101326
0.310433142664381	0.4915360850963
-0.161198049328271	0.218883780393505
-0.204527582807396	0.183334348600136
-0.018813567755036	0.0271549891270029
-0.0386137759174815	0.0591345893185252
-0.0813691539533566	0.12095458342537
-0.0221057495453487	0.0337300842307095
-0.266406616115872	0.3087628515525
0.0611353116063686	0.0641935450268641
0.234013332327388	0.399586465115231
0.115625337125973	0.20746093349817
0.0850159685208205	0.119949363493095
-0.203534450052043	0.195616917608275
0.0767482807567451	0.0594928613256207
-0.309664391024759	0.254618216561598
0.0668480529876424	0.0852580327058174
0.300260701648447	0.438272055184533
-0.0166318582994785	0.0252245612381012
0.359920522112694	0.757943704550406
0.231824859027758	0.441709718742383
-0.341976069555028	0.676605224748834
-0.549646095597754	1.32516226656208
-0.165436150871463	0.301913980049657
-0.261841288513807	0.483751085799113
-0.496465948853283	1.25796618544436
-0.0649631466882686	0.104042096464866
-0.482576714921108	1.26139978083344
-0.276603001308055	0.535235179319173
-0.240450151755821	0.487082492602788
-0.484358376670419	0.793231611432442
-0.250073792327486	0.255385465109699
0.0819807595031569	0.103241563355564
-0.339801440622013	0.751454182709691
-0.594150773085454	0.491457071379402
-0.0346912355767726	0.0189538106560297
-0.222274226442933	0.349612506958588
-0.403891759281657	0.633575067035647
-0.0498826671476295	0.0395768826447884
-0.695726396397297	0.667686386858597
-0.128813924408116	0.163699407986235
-0.160436977061933	0.183975730145389
-0.506964652692032	0.785787639199136
-0.0569662317881154	0.0589629543720392
-0.154178413310002	0.209506766682949
0.0513955294789028	0.0740780367657595
-0.144499628496651	0.238517492054244
0.00146816811222439	0.00184828433211202
0.00548777722518772	0.00697768259993456
-0.357101041152071	0.550629570462506
-0.376670636357259	0.724529732554214
-0.0690768627946675	0.0924325237932739
0.0107236571196583	0.0134426908417818
-0.034266085247674	0.045471281907725
-0.243089983591713	0.301259066469421
-0.363871741366844	0.821559213173551
0.0265091463715149	0.02727164406314
0.0708277565985262	0.0647508180595829
-0.225179429781643	0.244330360305284
-0.933217886735499	1.52477868501811
0.34632289286457	0.636614593381947
-0.261530916290873	0.393411079660899
-0.067026340315549	0.0911451715003368
0.111025688507529	0.146176619909001
-0.292889850841791	0.475111579375401
-0.0682454040398911	0.0797093004995592
-0.244175928355447	0.289777246528624
-0.195978655475241	0.244936247765408
-0.243173723898689	0.439993252358325
-0.649891700538356	1.65701222200761
-0.288475571745201	0.410193946627386
-0.686408427093479	1.38499233521219
0.502634917762533	0.964526412061941
0.370649166589988	0.627586096222758
-0.0598833093215667	0.0758926524220298
-0.180765437294708	0.274152433806128
-0.0255082366982177	0.03412438524186
-0.141725187558985	0.217632089599178
-0.640912870265453	1.11726149720911
-0.162932509292363	0.189056650902733
-0.589990974971304	1.03934105903969
-0.446027274864717	0.454903471231676
-0.408296703951038	0.41730865928443
-0.385047320274339	0.378295991735766
0.23870612199112	0.226507202529921
-0.152517604523543	0.113174974049514
-0.0878446867891589	0.0967706757583105
-0.628624108260617	1.06658412678324
-0.643365916928495	0.906214307301059
-0.302141358280339	0.385456042237122
0.328320897909603	0.414243813907097
0.310694249890132	0.497662051829198
0.28223523211785	0.470347395882378
-0.058482612336805	0.0887918584827646
-0.415798718231402	1.02149120543022
-0.267684546460215	0.520137864755955
0.318634540828341	0.650695568563716
-0.0496162261410433	0.056067508094038
-0.135818068548397	0.191365315804005
-0.0454555008913412	0.0597885590523447
0.124868121217842	0.194864741376788
0.440457585180329	0.847936746454984
-0.252725718525177	0.309763777371829
-0.216330006482132	0.20494366059782
-0.240689470040551	0.40497398098444
0.132091908978157	0.163667808075201
0.00490662637304028	0.00461001756400881
-0.0787727526183812	0.0687096337310988
-0.216593239774925	0.205727823039591
-0.275713495360995	0.296024445646185
0.360771046699788	0.402257978804718
0.132836989682169	0.19319275184619
-0.399394150057404	0.690799260906821
0.0705585048557444	0.0954718948392176
0.143153279628149	0.203520671830855
-0.488532632703172	0.974329706134349
-0.028102356117886	0.0287321869246311
0.709041557296675	1.0679759171799
-0.179555208894669	0.239446765711819
-0.680978404903287	1.93997073293852
-0.188491182338903	0.366952186558959
-0.00275883380875084	0.0030278928558657
-0.0497155283774606	0.0608819025594272
-0.796546658329204	2.09969903378502
-0.263141370946075	0.394207021377232
0.543374747712729	1.08856020676853
-0.403054459447526	0.96924986031466
-0.255980737756231	0.43898852845679
-0.605441098286322	1.43652092147434
0.0901519805848143	0.0882232387377562
-0.427920662434759	0.690348169783873
-0.000809680824403072	0.000599756427594927
-0.619385331062775	0.784500656916035
0.305798199736542	0.330334279184718
-0.257544991714059	0.265265391490858
-0.583644578855259	0.566508211367129
-0.346314593458867	0.345465228124342
0.0108975643369948	0.0106388599624804
0.139842741152705	0.166707572223776
-0.265639723988986	0.306029009190485
-0.127999481795144	0.129479509220785
-0.0469369906607993	0.0411028710618172
-0.0431690005090651	0.0380725039329803
-0.21061315737668	0.164624041608267
-0.502199174314689	0.536154574763554
0.27709967005125	0.340215732458284
-0.0629326892598527	0.0903174335246167
0.0407477901520787	0.062412288989461
0.205876595525165	0.292609563917087
-0.559536680742635	2.14751209339238
0.240026189351551	0.224156428665284
-0.114664889204494	0.0968466065328381
-0.0185811120440192	0.017875112377701
0.0327706633155878	0.0477619550504882
0.155385839378881	0.228926687024698
-0.524255623803279	0.503769381583678
-0.569342181757825	0.446183422913497
-0.581530749058829	0.695016901165071
-0.113943392343688	0.241741150167841
-0.020285306745136	0.0271856902538859
0.636605747829632	0.745140533450599
0.0985091932710087	0.0465367549241702
-0.256002975862341	0.137262791103383
-0.34163409131079	0.222159465992571
-0.463749762036966	0.314443608352794
1.26331770979454	1.35586267229304
-0.0712754647040314	0.0797420581072187
1.46266089504999	2.16279131855583
0.128558029985047	0.187141901390479
0.047304963429732	0.0755888488355768
0.298192202129227	0.540867064259178
0.206909724410785	0.394513812257564
-0.388731548233929	0.882029611903261
-0.396251958506165	0.994679800144179
-0.174090693250769	0.284082265559921
-0.234246225155223	0.334700216659164
0.059260321507451	0.0815985415669615
-0.176183958854147	0.32465723836727
0.120425503865205	0.1723311395343
-0.17685105369193	0.344090102996114
0.0215086951484916	0.0327244095448057
0.499823862493185	1.15318571425261
0.653495889094384	1.39434408514468
0.0742479568960119	0.111014223366667
-0.493366908546177	0.699369023635121
-0.0715934972341374	0.0362933411554512
-0.159251049963859	0.1266618445959
-0.445691861272191	0.774411610108671
-0.0705524758416777	0.0982184191996054
-0.186829035321424	0.134690058047637
-0.462153971638724	0.274338130000703
-0.852061223266864	0.586778966516488
-0.599725218115882	0.375731590177516
-0.78838456077992	0.263794903153124
-0.0113307285392621	0.013285771132296
0.302023977232832	0.389076523330021
-0.585787444660921	0.489080772609236
-0.529135454256066	0.343161100838307
-0.299684896045434	0.150059774434131
0.0943962913228287	0.0433474083850143
-0.196120604978825	0.104148963761001
-0.392499682014243	0.770105303447501
0.172976121118348	0.327221402861005
-0.31712061422716	0.572599762941624
0.0588677323843317	0.0927458521873845
-0.411020404231242	0.915402557262463
-0.563245776809254	1.28927771210825
-0.0990963281697485	0.133845113866841
0.202569701986056	0.326535067221113
-0.30582292636137	0.514031383609735
0.444238224319861	0.901777934710677
0.521772971199303	0.96294661899407
-0.625113875096626	0.963792319816836
0.0138858673484623	0.018603799960619
-0.160060117056161	0.227303861336697
-0.091962678422771	0.126117843931412
-0.230570317612719	0.369851586509846
-0.154821651430013	0.164929261639206
-0.442482876179152	0.544640330157035
-0.143540643409094	0.170867601033772
0.268323260087925	0.47872321724934
0.0989935858557395	0.12223770734933
0.0900280955981954	0.113035194564555
0.00320380089287566	0.00355183686105863
-0.0994683720881138	0.143305874883479
-0.00126800357656648	0.00103229554191937
0.176039665306426	0.161776570723781
-0.138992855984899	0.157622427790331
-0.94185700241493	3.32323001690993
-0.226843014226257	0.452945289190961
0.39051693411025	0.518290296713335
0.0562354842165134	0.056527310734321
-0.358235022070731	0.628665852337455
-0.133053265624368	0.14836040677011
-0.850677431120205	1.9298871876231
-0.720576592520115	1.8217139997988
0.0068287923505251	0.00903631845652112
-0.19050942044652	0.287928096338746
-0.180341716211053	0.248705829636245
-0.0706823343168643	0.0811840852929489
-0.119958015034591	0.152088932675806
-0.0663331657562903	0.0587048329210708
-0.0322007213589618	0.0283103889597154
0.0406999438810761	0.0445348182549664
-0.151055773071093	0.166759543707329
-0.204152898585619	0.179459514515661
-0.382369951567693	0.403491586517763
-0.483235563679912	0.551631663339004
-0.00827931247764488	0.00685301670462952
-0.54493959503227	0.700728387134153
-0.370362113302267	0.58056384314466
-0.128565490346602	0.128614937737708
-0.443005757780589	0.501415217434968
-0.104963517582457	0.0894016506815113
0.233684108198267	0.220073896661185
-0.762438553028461	1.17877823888009
-0.00100863496021273	0.001126166781828
-0.192918132622334	0.331323539231665
0.163301992042692	0.274392387393611
0.127405781289306	0.165803581569389
-0.0135851494843269	0.014730001403506
0.096541403995511	0.121086783922156
-0.0360188128075871	0.0410783163057511
0.18832020601723	0.295911672181534
-0.246539108807426	0.397373093321749
0.166573802132752	0.144121493059049
0.0131957334553243	0.0117316096678668
-0.233086279235221	0.228605420347166
-0.135556789793065	0.152672017195981
0.389949196181914	0.65394266881918
-0.0198608345840781	0.0264903821064533
-0.18590480616685	0.249985494274008
0.609936339737272	0.935191502349438
-0.150487890231118	0.123182220885439
-0.140506101825296	0.124185525847231
-0.297702432898006	0.337420290818493
0.898590255469297	2.23442323398209
0.0309926666114559	0.0332772010019397
-0.0847491390905342	0.110014895713548
0.00659721136128069	0.00568705342003084
-0.0241439310124919	0.0218986544105611
0.0802648502415164	0.0853420050533887
-0.36704004688658	0.754800922331046
-0.406215240117736	0.923498125879091
0.112618615654057	0.141575920711296
0.160117160119248	0.193720228114517
-0.404493173959159	0.701645765989191
0.103083217625435	0.129687017144309
-0.200926299295465	0.265011848628378
0.000286035789121805	0.000385071888436412
-0.137556947660684	0.197296718109277
-0.39359003011834	0.687066326338078
-0.164382028356788	0.200136129639617
0.597995804723581	0.860403071450986
-0.0993089918967011	0.130304457972267
-0.152201567737936	0.158238109271199
-0.697882614041917	1.12209189476303
-0.263797363857531	0.317792456703027
-0.264744600708913	0.200018635029854
-0.0928328678822405	0.0854798954778942
-0.307829284836293	0.429937927562275
-0.518144062518807	0.487669493076798
-0.26065464025945	0.244305657259787
-0.613651055957385	0.770845657124856
-0.159873135499502	0.225569500252686
-0.0571466944479398	0.0752845326077894
-0.0239635840820111	0.028844618109936
-0.625182940658707	0.940673123759906
-0.0305318155692629	0.0327007291651055
0.605468085394059	1.27222666048362
0.0342865123061863	0.0427906970789269
-0.666003035873366	1.38836642698522
-0.29211788574158	0.307204291890998
0.0741876136681662	0.0548048687671879
-0.384727236723185	0.368740353821101
-0.51122067107307	0.686473673699071
-0.10908504407875	0.17210504724664
-0.230911519255297	0.381374583582323
-0.7258044203719	1.07245428327405
-0.75539546718193	0.672793230318764
0.124264858286402	0.0825790797972158
0.039500149831407	0.0423796348872762
-0.445978728536389	0.923173343390187
0.28221658672932	0.448839121536635
-0.0499568887629641	0.0613644936173103
-0.0129597375158787	0.0160130551601407
-0.171201742903172	0.255949757730801
-0.322093366790003	0.658945535871365
0.218873236447047	0.384811245570814
0.270382032235742	0.493888538122189
0.0186082671330127	0.0228354905380636
-0.0997690943730547	0.138135389566969
0.239538862342924	0.413163950446034
0.185503151714799	0.291607849725718
-0.533936711171452	1.19631718055684
-0.192941286057061	0.30402083427051
-0.431714195422974	0.823576318688616
0.0582917190538513	0.0607975384415743
-0.608308913524604	0.727883737759424
-0.341407017873033	0.451688238151864
-1.06336763176802	0.966024928483989
-0.427887949019238	0.386136776105315
-0.181920260161842	0.107704166713538
-0.20349156366021	0.225408818282439
-0.32098948782875	0.408728827394132
-0.957629640823727	1.12452548578005
-0.271100636821241	0.215462184347078
-0.144282051733349	0.116512017720839
-1.2012407401492	1.26425038562127
-0.754051224522595	0.604171045145679
-0.380509673831781	0.566091169458427
0.00590579810646116	0.00590694708599127
0.182503504431713	0.277127165625339
-0.00566267661491829	0.00395427100312864
-0.0291940940837658	0.0254067688563076
-0.184798893757445	0.241140373753473
-0.168561213574977	0.279878928241457
0.143579257581549	0.2272866319517
-0.692912940887114	0.692395234930464
-0.00681411470172173	0.00392923000854801
0.0338128048743649	0.0380925024498003
-0.280308765859404	0.664269477423272
0.0128403483253992	0.0161596190893806
-0.0651583522498921	0.0897317853494644
-0.186917859561227	0.326609461415181
-0.0312393475896204	0.0429381673559436
-0.0308795562499228	0.0417592398921086
0.268589765598253	0.48752624413519
-0.227199703677751	0.432159225852101
-0.0141790271230854	0.0206945066238958
0.210400922561376	0.362931391761426
-0.186882619738699	0.397926487755139
-0.492030048967544	1.39203578907921
-0.123864336271734	0.196991099033937
-0.000805420709564137	0.000544757672882598
-0.849638917452289	1.56651574569116
-0.538895464679296	0.460391615515633
-0.250955990625991	0.16438608008275
-0.639500225536761	0.478748912483373
-0.248814186777083	0.133578382915813
-0.337493330875296	0.68501824267424
-0.758805050296756	0.804327589526126
-0.0842668670598582	0.041467623654341
-1.6185716127665	1.54591930168935
-0.0921023596070366	0.0995528253903787
-0.849641728906275	0.546106044622434
0.107961310366948	0.0594709218803146
-0.00615761425270202	0.00368335263849644
-0.212162304259659	0.123721436128352
-0.854302813022391	0.556958155682245
-0.164900956608898	0.277977476764363
-0.46433467675574	1.01364643120049
-0.235374331425861	0.38669321362919
-0.247860026791167	0.437789085212834
-0.165506393580519	0.303971125677632
-0.0467830792422222	0.0650565231820648
0.66607574137539	1.15577586327866
-0.0677794869266191	0.0803490210731867
-0.52651951976499	0.63375356059017
-0.256179199403775	0.240184970706918
0.22376712861615	0.240503457149659
0.28254248423394	0.350079850197131
0.039856849473121	0.0416401381013342
0.154221359965323	0.250136388596963
-0.0618566194446961	0.0752539889035618
0.109123900541457	0.106206046242989
-0.759300447948779	0.89809222207281
-0.586141327692565	0.741949638126121
-0.283898783898962	0.415633673553784
-0.0298167802067873	0.0376935029191617
-0.117638073001511	0.136329681075199
0.0011394784180152	0.0012156809257668
0.204144844529793	0.337220211339601
0.0492827907371674	0.0714527856085692
-0.255910712312703	0.503694919773442
0.00403810776509295	0.00518895363794887
0.509447418765815	1.15211057030588
-0.391660743645397	0.720676752202691
0.0173449789838839	0.0196461507846684
0.182676120587327	0.290815591739019
-0.246047365830331	0.389548542944001
-0.128302640336881	0.181927299314877
-0.282481899372172	0.317403964637928
-0.531992982521982	0.651417731528799
-0.354695366447718	0.321716995364047
-0.0778306263938557	0.0590664174961537
-0.963568084277022	1.15976447397082
-0.354210625041852	0.348815465275842
-0.159970589563713	0.20135071148716
-0.130789541838021	0.0936971398714836
-0.50136823878525	0.386918021887784
-0.320023750988046	0.296358272996707
-0.571430389905091	0.694011307779422
-0.424326500308767	0.40707334118588
-0.211483025005964	0.178444688070367
-0.57377689786001	0.5851596465996
-0.701683527296073	0.78322396258716
-0.146895393179768	0.107960807537599
-0.301770883345682	0.675955304674267
-0.367313366932629	0.757694355870288
-0.215766093783056	0.318841985322119
-0.0492183568628999	0.0711152662867407
-0.601897543124848	0.923383537044371
-0.504623759438189	0.402786216164648
-0.213667159892732	0.166191976137313
-0.426095764654145	0.408168976410998
-0.105722764569536	0.0972895135675302
-0.0799136663237303	0.133297687525495
-0.29545993697986	0.537678011963185
-0.383092181415373	0.361542138333232
-0.27652368474241	0.519273860700826
0.00719860124950754	0.00978628299869747
0.14449893002319	0.222059321017459
0.0249165070338532	0.034192366774642
0.159786060953978	0.262162910767677
0.120510597934089	0.194099545114616
-0.537110560846064	1.29128312510872
-0.118045130677475	0.194207671240644
-0.190124921527778	0.331725248309602
-0.0816268290365216	0.126576078173306
-0.273646878388906	0.477854327782792
-0.204950886459234	0.393389014472709
0.194896278858502	0.35460674537499
0.235107436108401	0.402880837848223
-0.189598281547752	0.262867156175761
-0.0313212327595815	0.0421148830564294
0.0367539132565873	0.028599059749927
-0.16911814104187	0.204614089700108
0.155193910382642	0.121977462592581
-0.39933115985812	0.24435354561514
-0.116711947084796	0.0752331781503364
0.122500671485303	0.0797487040341118
-0.172884083936243	0.10620801557003
-0.15254533519303	0.181754178590793
-0.0391740409134461	0.0510331272425609
-0.0567264197513041	0.0686471321941095
-0.363072804403128	0.296962508716285
-0.405775035588042	0.29310055035441
-0.338569262921894	0.220333783062573
0.403546050706196	0.259383181162077
-0.70185154390183	0.797274536037617
-0.314027844253618	0.261606466260505
-0.168380347892002	0.102663704948041
-0.848580371986396	0.752923611418166
-0.0964562482796187	0.139501616924902
-0.0745921814306476	0.105082524601298
-0.156061380200687	0.205355870647622
-0.185112326768662	0.257413159032106
-0.0510784924874103	0.0575241895178849
-0.0510769533822002	0.060706605402799
0.121608425852236	0.153711106347209
-0.279563942061682	0.362337649254014
-0.254911801480145	0.394752341468254
-0.82059051210154	1.21579308303511
0.361690420780463	0.363686301675289
-0.0986114735879057	0.0924933721745737
-0.430545638548734	0.95964902475607
-1.06155946788854	4.24703765374529
-0.405170778743046	0.584046794893482
-0.588568435107309	0.793682050843692
-0.467836290879548	0.745691378484384
-0.567322020999144	0.754889204800057
0.858370176016095	1.27291077545277
-0.0261935616882376	0.0286526829629756
0.461265302836898	0.872423489690468
-0.86090681650442	1.51974727277072
-0.0770561784162272	0.0849094369106675
0.0495078214096447	0.0411276890009808
-0.221875674774154	0.200736820361928
-0.720320791700586	0.976012930059155
-0.0609479854715103	0.0585663636270728
-0.225011199841238	0.206389811335926
-0.555455627164946	0.639601031332428
-0.173560802939794	0.17100219263176
0.311184451445448	0.402995244773003
0.00809336382747725	0.00696475468197029
0.113603112482776	0.0986805953132443
-0.311280835278912	0.288011656156598
-0.483576520130114	0.419171184020397
-0.00733294991380185	0.00528799739842462
-0.12728557855401	0.103329543146029
-0.693192499898688	0.689927874021127
-0.212474509172557	0.346918182370654
-0.0390731617060412	0.0545959968202241
0.020156357202154	0.0297703363439737
0.00130756118705559	0.00145735862248122
-0.308007387344652	0.333257627250718
-0.381787202186799	0.369879436469376
-0.0737672072950146	0.0867279115290704
-0.246529615881746	0.444855180561741
0.618378816955592	1.42975899668718
-0.686862325638048	0.979421469443067
-0.152623880030395	0.114718441791554
0.13217253057571	0.169794535118207
-0.0963131704435726	0.124718286111877
0.217019957126247	0.316789789822095
-0.0666032222166343	0.0959364528347733
-0.292135680663107	0.404818772090935
-0.139838388975179	0.164779475845315
0.601732978278119	1.15717224161808
-0.541574830728237	1.30136234706432
-0.408136909049311	0.946376634556294
0.0707460411783662	0.0889138174591104
-0.0400774093048638	0.048369569320699
-0.381701110940291	0.684078698577527
-0.846955978203511	2.00110986291761
0.444312630443747	0.860499986122644
0.102464965727052	0.142504154087887
-0.112966676866303	0.151523823314766
-0.122441551988014	0.167841660717859
-0.00856574391963439	0.00783818414924822
-0.267047496445218	0.351907433876827
0.541007404850048	1.07043576846967
0.463908286714159	0.57977068154632
-0.272917994394046	0.210617000874893
-0.409668570428069	0.430554821495822
0.435592409515891	0.389027193108825
-0.837149945546255	0.912917528817809
0.0814690369975055	0.058855394280381
-0.708277304761553	0.439293745961399
-0.613380449377536	1.65396820836422
0.123583751504321	0.159003589601262
0.0467655322140674	0.063739108175128
0.0395273282128042	0.0612370768680492
-0.238647450489334	0.262273079980578
-0.119695962510205	0.157565397103511
-0.157563973799084	0.245200366448242
-0.0864387603719157	0.0662207564469109
-0.142251321035825	0.0910923902600074
-0.531490084748896	0.355937909372272
0.93976748602886	1.19529894000769
-0.592855439354158	0.782434190998519
-0.0544168497159216	0.0951604841629726
0.115567749918866	0.171663773398511
-0.699346860129366	0.738303712868028
-0.309287293480585	0.233796360286377
-0.215399536825967	0.372935951860471
-0.287245211222294	0.654830275748673
-0.0510188926070811	0.0685856313252338
-0.143269313307388	0.231173873036546
-0.172688238746219	0.316149044810292
-0.362440430764619	0.922826877454796
-0.312607009849438	0.620884040184571
0.0325504646254455	0.0458409523666686
-0.521147497296376	1.4808590241364
-0.313869756898913	0.680271053279012
-0.0543223548864941	0.0887873749247749
-0.170261376958238	0.311589010464932
-0.382978135803357	0.828811890071964
-0.551381081690798	0.299539130005276
-0.0636404379901219	0.0929353440713745
-0.301736649038701	0.540428219174484
1.03145330545004	1.40749568092198
0.0900628646714785	0.0339365001761911
0.091648967659451	0.046617686118984
-0.091175311217228	0.0412118942701144
-0.989483410588707	0.718787829873971
-0.290347649776693	0.190469357758904
0.00772878901828676	0.00493815035192397
0.135231078660218	0.0983633820596979
-0.212938850281684	0.171442835411341
-0.203770222123541	0.142959591861894
-0.390067277713918	0.280704510849474
-0.0544655736592754	0.0855192294473961
-0.0356685995730718	0.0651873512589755
0.0394663411127225	0.051254276489251
-0.196271410723981	0.32708401635731
-0.508596047655135	1.36647589279576
-0.157678879908967	0.318824017768377
-0.214036777464206	0.406198273617738
-0.16742139328105	0.285423548550054
-0.299444679430202	0.723897947864837
-0.22032493534348	0.274896256534623
-0.124411609460119	0.159459740099334
-0.419817829029335	0.80749768670681
-0.0241997945931786	0.0367659744623664
0.181812077482386	0.319983239920764
-0.262760651375628	0.318226781126418
0.332111631846413	0.283977445868284
0.107853984025015	0.0897192357811402
0.338882150124423	0.406700691512657
0.0784793682242098	0.0933546726540354
0.121712342912651	0.257279048159125
0.249858404687301	0.526299556305375
-0.132809632819396	0.133863174199584
0.0492054589217494	0.0414575777992697
-0.0245769850203266	0.0171315162269478
-0.0281551175072377	0.0371437262284515
0.00123805254324273	0.00132168603913478
-0.0911810462788716	0.150944014721424
-0.60954274379528	2.13274102543011
-0.199931110570506	0.358833973983156
-0.230529491735506	0.45870380366822
-0.31552529301262	0.699723528375838
-0.219722520176666	0.442920648556607
-0.678282190130838	1.97255391932951
-0.782776451839282	2.27656435869799
-0.461949444976338	1.15859028636127
-0.349149033585273	0.802478313610735
-0.256077442156435	0.601254758843091
-0.157228618438063	0.293016346838294
-0.631084513103704	1.9475005118073
-0.118161618853746	0.186506482901404
-0.37425546456208	0.895554477777674
0.122172738450565	0.162410214358306
-0.423174114221579	0.382852819374385
-0.703757230322452	0.726401372277559
-0.826276553116535	0.97970873039128
-0.220927413961636	0.240129733300423
-0.410700934071636	0.758412907323464
-0.180989055562237	0.345984140872506
-0.0810357912484594	0.108204637337139
-0.499257185659117	0.608936251552255
0.0280136005330647	0.0207039524033076
-0.621627868186879	0.608431435919611
1.27791190649511	1.29801596228915
-0.109188372281159	0.0818998804903215
-0.186578618220754	0.149942516608562
-0.322268973006448	0.531410826945034
-0.185586614340088	0.283426843839783
-1.19855883071937	1.82499240431049
-0.355716537178838	0.296546653072467
-0.400444962586155	0.413127860041484
0.332374520838214	0.297384015099009
-0.10227848090332	0.0862710378143669
-0.679626140800797	0.897916118157014
-1.0035985105642	1.04406745055381
-0.310994669306394	0.243346596386897
-0.477431969410082	0.987753018692037
-0.294636395921599	0.63389695913245
-0.143913509940348	0.291550577342962
0.0385151792335246	0.0619182610558493
-0.414441128247493	1.12576148431803
-0.259949208087957	0.569166353078728
-0.34572938553701	0.841832131502088
-0.347188332750882	0.692689910870157
-0.276268619075346	0.509293465051486
-0.155094689252724	0.230366768081451
-0.125719724468032	0.177549187213439
-0.15298301562829	0.243227497323058
-0.21650811652891	0.346861303724823
-0.204989544539312	0.362001305017837
0.0654513833788944	0.0856888519574472
-0.127105559392368	0.149865783643042
-0.195066836786163	0.24218676678515
0.0639115566921049	0.0781878226397151
-0.261966995587171	0.475386065715555
0.440089843764383	1.02085455414083
0.241331215065413	0.425241961076733
-0.102373199536199	0.133244886888676
-0.0885389876991343	0.0987674681855501
0.000546088024120859	0.000664003351422949
-0.356696295549389	0.470882110071804
-0.323911373906264	0.453180550650793
-0.260698908452208	0.473576489089956
-0.269734506474634	0.497264543025557
-0.405513352258978	0.748643309335921
0.0428150041226421	0.048172463608203
-0.331723532937099	0.52397320819342
-0.353180126774112	0.426843878751383
-0.0485070471672177	0.0532007787046804
-0.191933753962361	0.283124265219254
0.182284059528629	0.221572357537721
-0.565256118155365	1.13882973840062
-0.283947488786508	0.407966598712546
0.0960735147170375	0.122467991615204
-0.281423752047517	0.341751214299301
0.133070380956976	0.153103917384129
-0.451359027277774	0.606286064416129
-0.264168664327103	0.296949421614639
-0.412129857483088	0.532069426075351
-0.428159477436687	0.696083933952094
0.367752136206423	0.570763748879283
-0.0189398623275494	0.0207843811439636
0.615318972379318	1.1007470158729
-0.311154130737187	0.466893847901106
-0.376442370812139	0.583135971326925
-0.297312664483877	0.41698941841769
0.214310027184626	0.247741504384839
0.18834409249326	0.180631191220593
-0.691163973548243	0.986448038428992
-0.940100040243066	1.4800030263984
-0.206939024204433	0.242698901723082
-0.160103466072407	0.200403519721775
-0.49555235726054	0.81104098098081
0.303808782944536	0.317986287695324
-0.207715462378287	0.205781661132109
0.0582501444878744	0.051132795305122
-0.411750198344351	0.531222386216149
-0.338717972676861	0.397966888655978
0.487313203343539	0.671658906897898
-0.708142585766427	1.11958684539847
-0.223550429688366	0.452624945336517
-0.391139013856787	0.654571776924926
-0.186577765020708	0.336213598724803
-0.061272189861504	0.0915464872605728
-0.285404057067847	0.406647218746173
-0.492233064430612	1.0882975556349
-0.11069079998627	0.177393532660326
-0.0989961895450468	0.132648563672959
0.111157755446977	0.148256114063947
1.01894547328329	2.29701940796125
0.141422162962977	0.172018105019765
0.295524700763724	0.480100390583705
0.0446479880507619	0.0569443966250945
-0.190961418313539	0.290153233055181
-0.0884196111324796	0.115829298887132
-0.0171653210499224	0.023168677442357
0.00729794955994716	0.00838704868848543
0.0237115557862821	0.0312216317209003
-0.17776470238064	0.272435689725522
0.051331826650169	0.0606325527497428
0.0886577944349212	0.101344515881809
0.00807543030186055	0.00859829913309077
-0.0150124825814795	0.0176817483823667
-0.766487391414161	1.71611636881822
-0.301166242459078	0.345246792489203
-0.204298021730873	0.180751599435749
0.798066463078256	1.41828931903335
-0.340412248761575	0.224246213454468
-0.504761503394686	0.621168825970766
0.252396715436901	0.371521862792778
-0.0287249299728176	0.020283325755477
-0.0195797342073377	0.0213730529622054
0.272661340802848	0.428201008386082
-0.102958549032536	0.144715324252439
-0.632353675864507	1.38431556510948
0.0186012345941825	0.0202602496381544
-0.415597865546239	0.609951750548516
-0.443604553449599	0.726504230226476
0.257159281601244	0.365734783798548
-0.473753723561627	0.470115022189693
-0.146415696515635	0.118411409727579
0.612033758598565	0.864858454329976
-0.295429401083803	0.422332549915051
-0.223984455229725	0.297981014844049
-0.301863886986935	0.379003763059355
0.353004508202848	0.471936515056173
-0.180836880657637	0.203005638595149
-0.119555819987964	0.144455861756048
0.238158906199043	0.233397679981278
-0.146344507186475	0.169941495884678
-0.180457514209614	0.227995183243174
-0.0711372766239149	0.074820222472632
-0.263979271750488	0.368878949878336
-0.364950941609072	0.482143338155599
0.782990032777593	1.68222406380914
0.158794943212991	0.208135367180813
0.180132197141559	0.204328410958793
-0.246487669863843	0.272454408471988
-0.0382918457232493	0.0508611400046587
-0.128157132362653	0.2253586463293
-0.209961977367323	0.394337169856212
-0.252737462939847	0.447106104538956
-0.175944175769056	0.306294117520342
-0.252858449218597	0.404268634078082
-0.173191887030232	0.231532621984259
-0.240644391411485	0.358508796161036
-0.157033636354294	0.239915476793252
0.1194088987371	0.163131219645693
0.200186486505675	0.282385823449186
0.207463369660882	0.328584847278703
0.132577559613093	0.205583971149996
0.0476544238002962	0.0526835243834715
-0.127880819464857	0.188425637348572
-0.0485215299189785	0.0669448726193772
0.61219851125677	1.19223236722932
-0.149282146076764	0.176925186396513
-0.25870636397526	0.383588752385907
0.254535191137205	0.377680228147394
-0.517334865153069	0.973971225743412
-0.0847213365016676	0.109481491297664
-0.253698949643171	0.398705675066444
0.0362815025825833	0.0393858273118117
0.436231885108323	0.558231024477666
0.0718566488177919	0.069683024981458
-0.600268013154451	0.508976500404177
-0.0923988148611124	0.112060501671186
-0.205240084731305	0.298079022292953
0.100507444268561	0.121796635058047
-0.29458926946309	0.436407044851868
0.191052709570799	0.280551260440119
-0.203891088361348	0.279286431190233
0.00185626111698827	0.00182007741189164
-0.11142350379021	0.122113195557823
-0.392221064334318	0.603444714086395
0.297665975759922	0.411880665617073
0.611677151889359	1.04111538222735
-0.0964857680673206	0.0734346667970201
0.464892497629205	0.47678217771835
0.537888251060321	1.03871934025091
-0.0901369824372256	0.107149116970222
-0.182892324945489	0.235183061713897
0.215156231643229	0.26664155533097
-0.0788784089713179	0.0878808857775974
-0.280587541820499	0.432392311301433
-0.278465055441913	0.375849384509773
-0.797392047462462	1.28198522078783
0.485060398261723	0.849283724300106
-0.204027247217732	0.276121056640218
0.244366755367179	0.342989592933563
0.436764362660184	0.739787256612644
0.0138547752381164	0.0133556277167683
0.692457515392226	1.29948197743239
-0.326528982153309	0.475260584926948
0.316144225640077	0.394572639302401
-0.27098846582479	0.37011960876058
-0.175455275412043	0.206492743862778
-0.0837277632351486	0.112016426801007
0.234222602755053	0.467739898678227
0.0850212567051998	0.137443906942333
-0.118882305628775	0.178709759966724
-0.440481341811196	0.977272714871626
-0.157886339121499	0.284103495375363
-0.180965963144339	0.270309647288985
-0.210427823409849	0.372455288867784
-0.15403161398009	0.260236948123249
-0.238055980821541	0.378920365045727
-0.417177022081479	0.52671133498737
-0.174858251243831	0.240454271029353
-0.487887823008435	0.998104137615855
0.180257344775197	0.27043132566025
0.109458557530988	0.159747539940631
-0.40125195340506	0.818424761115761
-0.0176733128034511	0.0243657092789094
0.071620934417161	0.088268289553689
0.200512092134538	0.280647462899906
-0.137841278473962	0.221095240982934
-0.086720544147226	0.109813985780671
-0.227079366081687	0.324326090573137
0.0430606167139679	0.0526709403906918
0.0886766052420788	0.11284539500024
-0.0269424964811156	0.0339669844730714
0.189918575927458	0.28476772504162
-0.19201477068005	0.286729624345338
-0.271425189587396	0.294622015101471
-0.437846152213122	0.469155003402851
-0.293432790169268	0.354793968294839
0.0390020517802857	0.0268221434157589
-0.0506221867516639	0.0470287415368745
-0.294411863769986	0.480221562424012
0.220929885574402	0.369293605445223
-0.106487691920503	0.140891849291626
-0.145504118758494	0.205672613654003
0.31147268264015	0.50815520693726
-0.205649437710684	0.292203427236641
-0.136875300061151	0.187240918624114
0.169897574623509	0.231027063219191
0.0381767550047406	0.0380815921849586
-0.112569745756387	0.13847339325966
-0.278520054226365	0.39291342083715
-0.192252372086599	0.267370585595892
-0.76461133234645	1.00238977885518
-0.105323953461856	0.0804921641494077
0.0838065498657936	0.078208970072632
-0.130123731561604	0.176440479360452
-0.51023301089188	0.94862618792066
-0.0351259215233954	0.0406149620495854
-0.0824718568029852	0.0963057127359315
-0.253998774120498	0.352205941065484
0.129838420173025	0.138472326811295
0.128941499565541	0.126339181170907
-0.126633418492236	0.155489649159126
0.0541067826309457	0.05412910525541
0.281053750406468	0.399394357993129
-0.326428199048464	0.485436600588297
-0.0571758107653216	0.0692682434789145
-0.15525346577576	0.190245331325422
0.5236345434451	1.04544599845819
-0.0281164060478597	0.0306643447480878
0.118956715969451	0.150390548201917
-0.610777093242347	0.959867244278401
-0.260774183072285	0.492796605219271
-0.196106996834995	0.405576866467951
-0.362905799468203	0.916404922075355
-0.111482227794841	0.171312581915317
-0.221225606431096	0.429268445938727
-0.546876669731707	1.42963213138183
0.26714556344291	0.484378699473348
-0.0101819358516194	0.0135182616546278
-0.196397767084249	0.325179411274036
-0.0638238757712006	0.0857696709469045
-0.513688804985177	1.18992882281249
-0.44254100994499	0.853979971274377
-0.323505829790901	0.696560723160818
-0.604971908612925	1.66193648442981
-0.321764609778303	0.515733177634703
-0.320220184423057	0.424960442535734
-0.275309456312646	0.450308168691696
-0.084092947298598	0.107290395941472
-0.656994967050724	1.51091243751974
-0.418391421641147	0.91544453440364
0.434265387915196	0.902489558218448
-0.0739599335051655	0.115861486942918
0.140332269836805	0.195403269308715
0.336750458991654	0.530968194957709
-0.137304632055582	0.220127877250564
0.218140758194131	0.349723352532159
-0.399632883433654	0.674141221669499
-0.386087048009814	0.649733577238308
-0.0833364008923555	0.111560447940213
-0.0458446931876524	0.0566984623982648
-0.557764792131508	1.22344862951003
-0.553264884468377	1.27353677574677
-0.758230316793089	1.42959455941498
-0.458282961602655	0.432009403508186
-0.249674664467646	0.349871317645528
0.00607594553525854	0.00555908680771262
-0.589403200395052	1.2591984068732
-0.0270666091625878	0.0335484762213082
-0.389443453102219	0.766882585439915
-0.126918113948152	0.181261697069857
0.123918234085098	0.156546179815995
-0.370716345397509	0.628611869812898
0.137257005686035	0.174068961090175
0.648162012583929	1.36628816848377
-0.334515690587389	0.510717239969924
-0.244405656801847	0.364476568861315
-0.25564511110367	0.36069264172359
-0.249199197506455	0.319641686476252
-0.0322734844878991	0.0284576939517185
0.0911311705180216	0.0732097605505263
0.460142808909939	0.660738321746117
-0.230887671920587	0.356569465636792
-0.310150132585322	0.491389335898574
-0.113092775786447	0.141688458879299
0.00926718915000628	0.00982740763876857
-0.232650912530851	0.271893555706195
-0.288935680115398	0.386141593578808
-0.0950445482693823	0.0801344974393974
-0.122328189827973	0.141432971726786
-0.197065262851804	0.284518149460081
-0.0438282353472217	0.0500657753949062
-0.196881194843149	0.257043693810125
0.0210502392442141	0.0217007581955616
-0.134159556491299	0.163949164854609
-0.102740668091955	0.12783894700446
-0.306296761019984	0.38989034493062
-0.33799740875809	0.427960621186393
-0.331669978828844	0.793144836654936
-0.185948214969063	0.383921630645573
-0.350078874342543	0.855018132599838
-0.0987767666230476	0.17703969488955
-0.0926621943199295	0.163560961267866
-0.418421443347544	1.195263029716
-0.630506536939583	2.01914578656245
-0.371630207953651	0.642602139536207
-0.0525593931416473	0.0559238705671918
0.224436208581956	0.278993224017933
-0.132803600145776	0.18007947920524
-0.142788739966531	0.212400470701507
-0.0372364631968264	0.0621186073906403
-0.248883605331212	0.590077469544908
-0.306016656975066	0.729719665448872
-0.128163813920052	0.251303420750455
-0.0102997111025726	0.0118660062167482
0.272647553295391	0.447879594882079
-0.174116581256951	0.316002527679893
-0.0129607232052166	0.0183995565050101
-0.0871982357180856	0.14126998647498
0.22645769468087	0.30342133008502
0.153401150768173	0.134979739282795
-0.384178618581116	0.476361223186388
-0.412032899883149	0.718771047424937
-0.0733238954148396	0.101880120801473
-0.198879053565562	0.466856514247167
-0.2969403505234	0.672701192770328
0.122991236252945	0.152445327864156
-0.717669861200511	1.01866408183618
0.110745392538098	0.104789772515811
-0.703846869855754	0.83455176384381
-0.0705755064916928	0.0709769900481451
-0.32979610666015	0.391453061684974
-0.317234631574995	0.592377650689725
-0.214144134385405	0.389987199650996
-0.52629308544337	1.35580582253251
-0.0687126457737461	0.107021644164899
-0.402338733609443	0.959568401252334
-0.252895453140789	0.386377259652684
-0.115750825122873	0.140291013633002
0.171037158795272	0.162996665022259
0.222982744796638	0.209419502396961
-0.287765763323784	0.268989172064308
0.0352935626598854	0.0279392045334295
0.16427253517412	0.145089570162408
-0.64848489201159	0.744070310396561
0.443936703105568	0.571660474512959
0.070601392798144	0.0785429275368094
-0.491844707383823	0.892441299288393
0.213344900842387	0.399595028161828
-0.455759668993519	0.921479292864911
0.191054442444354	0.232428617144165
-0.162842272334292	0.157267660571287
-0.599337562543862	0.680875565054309
-0.262832110527119	0.37578566213208
0.0414851704299404	0.0517460924715861
0.114971233219059	0.104030237624288
-0.0778861280674921	0.0681395850559442
-0.0498525192974138	0.0391747761635164
-0.44088336813461	0.365181566647244
-0.0148975623745775	0.0119912742077599
-1.08452414562227	1.75311776957433
-0.497630702642025	0.478932406252014
-0.520949489823722	0.960517631328936
-0.0400134486071235	0.0428990010419323
0.0252694227840472	0.0323184910784152
0.359175378236878	0.480781462419067
0.587715682255154	0.393577717108831
-0.574454938481221	0.217528154651967
0.265831912467628	0.152459341391546
-0.0633159362598433	0.0323496388630872
-0.0534559356698334	0.0717538188009014
-0.123254812953498	0.131031618290644
-0.05790981838222	0.0706677611680417
-0.703381499994403	0.4113960829387
-0.278300308987408	0.0934829962973264
0.08411452832653	0.0281029800068727
0.998855326682782	0.46447325381921
-0.460731174913674	0.194820487318824
-0.476990637539488	1.44520996306925
0.0440547185297403	0.0699734551472958
-0.300147303510935	0.508030567132884
-0.461314370899572	0.75897942709908
-1.33367395830211	1.56034376807746
-0.117768353572952	0.053748701036197
0.466441594983451	0.171307702237758
0.331929739232322	0.148479481257662
0.0854948349304932	0.0291336362685548
0.101728333238819	0.0296388416125892
-0.579546968006033	0.232937984124923
-0.15246200590134	0.0636277568577794
0.905953110695725	0.559461083322179
0.117122345658406	0.0736083716348774
-0.146580321604888	0.153726170650295
-0.198964379568229	0.320032936145538
0.250774294557167	0.366196932175082
-0.460030613140345	0.334140841762287
-1.08600236418832	0.447686671947522
-0.835956895397557	0.363660938170497
-2.12892542830691	1.00744914319558
0.00258184227842812	0.00224860116187124
-0.156577902007377	0.0648595186504267
0.101649572542974	0.0309006320571505
-1.54454425427616	0.807523702234594
0.338384294397371	0.149530281263049
1.17781523475297	0.894466226694006
-0.0846772293235031	0.0405030464973111
-1.21995816778598	0.69803428963495
-0.151968148338356	0.145621477585252
-0.145603060492669	0.170604957095369
0.394440611355782	0.439966264260339
0.837596806534767	0.442961427764654
-0.591831381339741	0.224356216397514
-0.251774724856606	0.219235064453805
-0.256384791068939	0.256651330360977
-0.276101952456844	0.0905989157599928
0.0969427320136504	0.0315160301563082
-1.86928527139059	0.786620203398239
-0.778706269962488	0.277506716437333
-0.547003327318513	0.283497286827809
-1.87447138525472	0.788270761016177
-0.393621163963244	0.119864422038082
-0.19510066254089	0.377768392913676
-1.09573775800765	0.434763808991456
-1.87083506392157	0.799330750712119
-0.27759573936595	0.0948442160696842
-0.784679002346375	0.272511739339325
0.635463389019506	0.303993219626647
1.27170683299913	0.559229882339998
0.0887804004040245	0.0307215196457276
1.27389232877757	0.542962777018053
0.48344900690306	0.260969248771279
-0.286524001194052	0.304163424179857
-0.339137508926152	0.373870864470474
-1.04291488994375	0.54729497249711
-0.362822796769626	0.314477207518249
-0.211523945422259	0.0786460672415612
-0.280245260443984	0.0943901859916087
-1.87527437187244	0.792004216943924
-1.09101004174505	0.464055649344474
-0.157414100100431	0.166375425052722
0.00197199703753939	0.00180368793546252
0.238689354740163	0.239927370882574
0.844658661386329	0.443051951476348
-0.282314771005338	0.0939202167989843
-0.547216616591529	0.282487536318461
0.0901781838597058	0.0304050830197748
-0.581830152059278	0.234765102071671
-0.585802186030424	0.235276241265227
-0.209132456638137	0.0760202556563843
-0.83131726616745	0.375352333144437
0.763525240790481	0.328465966413979
-0.369669324247828	0.17063028464622
-1.0098694373889	0.643841059526592
-0.405926688511335	0.425964918884212
0.127895567267397	0.128317515361444
0.541125509612609	0.597147630209129
0.549009733890738	0.280734413670193
-1.33319239183699	0.624792864981833
-1.40495027149496	1.10269226374043
-1.03896401093435	0.546862449269498
-0.363102695513676	0.17389620762676
0.100841618220157	0.0306037225182791
1.50858045403691	0.764975951686878
-0.392806014770747	0.113361899018573
0.0886884435976563	0.0339785317442027
-0.711429599636369	0.431236379309193
-0.67048803536663	0.325813068376038
-0.105803926914856	0.0673405221132928
0.794911298796598	1.1697999649662
0.723950050439657	1.04564669594628
0.618804920112616	0.713894523139666
1.00235361650242	0.468344127072592
-0.457815250704409	0.186314772728443
-1.54639752256922	0.805857653513256
-0.240348956203355	0.190650287427141
-0.555910944753303	0.87533377624337
0.088970809542526	0.0343502930519553
-1.34617800530354	0.609031684362141
-0.579546968006033	0.232937984124923
-1.17593414403549	0.3709145036914
-1.0920338325352	0.430883137128951
-1.03143330448315	1.20655546857948
-0.390353737219476	0.113266906683294
-0.361037213486106	0.172960677682169
0.461471226091374	0.167402222187446
-0.284509161936771	0.0953249756486629
0.0880732014716776	0.0338742930393662
-2.53256829055263	1.4226544709379
-0.0541378477064861	0.0270911403884671
-0.437378638217401	0.469700805682527
0.641612716895173	0.852913129622161
0.0480087292290058	0.0324677226095516
-1.01501364441342	0.623511475637097
-0.582550811167019	0.229091280879186
1.17174581084617	0.891967174529719
-0.635249221791883	0.459016652059359
0.0646520212234741	0.0663241640666767
-0.0887019302995854	0.0442816743592904
-1.01104225737757	0.642814993534646
-0.313294910393657	0.269601146005663
-0.212760964716108	0.0764657891795757
-0.395218992202507	0.117352559140598
-0.0318687964152536	0.0358500287732738
-0.205904866312255	0.0740009829544015
0.391986658999551	0.371920170197193
0.118928781503873	0.0296345362274095
-0.399585349034207	0.117760480470411
-1.55845636674702	0.563664174440847
-0.666636427686449	0.296590742286788
0.144503602610233	0.111293186535421
0.121068220484314	0.0801197203581332
-0.462884993278017	0.595964430141776
-0.110025273402237	0.116384953140945
0.102015319031087	0.0865446716598927
-1.04579823494708	0.529100522327899
-0.248574173692163	0.135043647951841
0.136796598398526	0.164475981824019
-0.157970802956232	0.0632810442088152
-0.301231014297535	0.152526224804533
-0.543399329686623	0.469224895032442
2.34733526418435	1.87953101734026
0.097920385788477	0.0289855038096373
-0.399294730808401	0.243257506937194
0.11503303088594	0.145936696331423
0.122083806984067	0.0823088418178988
-0.478820789988841	0.476572895274788
-0.2111944852925	0.256930575545252
-0.156218504518712	0.17389670577902
0.730228645005355	1.08618229400228
-0.24565476371458	0.136625156703869
-0.297967763006057	0.15163217220921
-0.0484004247212513	0.025997949116246
-0.169737659192853	0.131426306667108
-0.00873594155144789	0.0103309159475404
-0.367735756586034	0.173727298234492
-0.279664707095976	0.260364011471621
0.109615535697818	0.133444343589128
-1.31943229959044	1.23280066141066
0.330892694415387	0.139853598285323
-0.0644590771033105	0.0334359482745385
-0.22327861117301	0.391877664561294
-0.538871660266773	0.270074815208976
-0.0877404035463674	0.0431148857399043
-0.310037752377609	0.145198386210576
-0.169433270676477	0.214715516235281
0.0205638671772097	0.0231320179863288
-0.449774985551121	0.367717381398363
0.711566779032299	0.74794746345195
-0.0466068918404847	0.0471544450226069
0.288688700259812	0.437811793680403
0.209122637989127	0.229593591148565
0.133065715532425	0.08742340320942
-0.36446412565522	0.175573977511138
-0.360605034336958	0.167876049345314
0.303015340150998	0.152232703821422
0.308940759150458	0.48380277763718
0.80707094509757	0.557269406044234
-0.213663093483453	0.152881093534645
-0.0195351801171018	0.0179918979366664
0.138051832644061	0.187093829993732
0.0959261903122232	0.0391194087674732
0.0910382105454021	0.031092100725638
0.0500866579468706	0.0716619401309716
0.0961738891454695	0.0317139567514868
-0.156067552711447	0.0651806528008206
-0.397214675434233	0.114521743990419
-0.456003598556155	0.198791342936551
-0.221634439191123	0.188456330823296
-0.387591920310292	0.234450163949514
-0.174360618275761	0.103127925993171
-0.102416278157113	0.123984150773156
-0.02615419759762	0.0211756591397241
0.0405041033580497	0.027617893766836
0.0495026963920686	0.0486478108729312
-0.31366776270261	0.418602119943378
0.233550915459287	0.2219259679428
-1.22897575891707	0.646269798946631
-0.659035817517921	0.164780868926832
-0.258623636296927	0.136324552776172
-0.208555149753553	0.0789780098782792
-1.87539649629783	2.12866223119271
-0.145258786022357	0.176613136959909
-1.53053152684823	1.07313223051765
1.17804008507469	0.947487256359126
0.0641159061887834	0.0559987026954367
-0.342503188103783	0.506316812972406
-0.333738049828041	0.411977099974447
0.104900312130082	0.0315424460194993
-0.679001250209659	0.618662368308602
-0.142210021627245	0.193338727269369
-0.261710683355386	0.3715612056122
-0.585782757934839	0.229386084697674
-1.73395787388261	0.962079900323104
-1.87601738353218	0.79793268192811
-0.398765859223418	0.115667052413358
-0.966772050902123	1.12862722856849
-0.845386873828626	0.483043705976737
-2.58558390776956	0.743326333733362
-1.79771985651342	0.446675792418859
-1.79771985651342	0.446675792418859
-1.79855097632956	0.444373754165809
-2.58558390776956	0.743326333733362
-1.79771985651342	0.446675792418859
0.141774469405235	0.147121600171823
0.733322681022973	1.3944759398694
0.312593754438692	0.430464724165434
1.07138966203093	1.93517446988515
-1.00145911034417	1.01862386603066
1.27138665880697	1.4800035739892
0.346692910326138	0.273026586887535
0.363538985252511	0.266148424671527
0.600447482411389	0.801327927029011
0.223442094834622	0.228530833271885
0.222439727409778	0.31792386846735
0.360985579487093	0.385473250837507
0.0953003169459985	0.101998153029876
-0.0277742256867635	0.0196859494299241
0.544436162937254	0.585790200841507
0.847282455479001	1.46032312796771
-0.135934803727327	0.150648277016452
-0.0458520783297726	0.0492325590499006
-0.337744364766163	0.223728862483519
-0.40459034855588	0.300544580668031
0.349026401266483	0.261610861050429
-0.0524367547563485	0.078641374443187
-0.189057404449531	0.335668822623011
-0.177786811778126	0.306694131669482
0.395089405740537	0.794028174774696
-0.333931694616564	0.527052962509152
0.731258132614555	1.35413594652827
-0.300395618093239	0.440251167222948
-0.137889568169645	0.176932218665257
-0.0143583137637083	0.0168488811102519
0.23350663102363	0.374440960757855
0.176648483293851	0.267469249041501
0.233995581102607	0.394090427381826
0.250073362913794	0.405480621835876
-0.055512691241307	0.0632105583876624
0.0236172521704641	0.0265192482306722
-0.378492843081648	0.677740924429892
0.147232858846214	0.201063601711761
-0.0703075263025966	0.0879286967114136
0.307192690030419	0.438062163339495
-0.0745569519092835	0.0698709279545986
-0.0859964781534276	0.0873314537860071
-0.223202536436346	0.28025661081222
-0.0570176509715436	0.0786964464932885
-0.445867473020866	1.09879061356147
-0.649100863315592	1.69596159921247
-0.0170433470194456	0.023711128532833
0.352947790477261	0.728785698263165
0.0269892465633764	0.0339759959286845
-0.138600538590664	0.18768526863542
-0.654473195383784	1.47445579063688
-0.0263603929335265	0.0319771493740685
-0.0157193971198052	0.0180969921624496
0.424795422367327	0.856366934258367
0.189138922918181	0.287602542965565
-0.101833973459146	0.153539874660405
0.294407226110339	0.502870422581954
0.190205203071019	0.269450954191959
-0.837398727280522	1.94012191841707
-0.285621170254597	0.431085280753308
-0.225567104851316	0.359711040206634
-0.108547375285388	0.149209654885793
-0.570812966502312	1.01790033611578
0.118769418449439	0.138728899937344
0.109133366242132	0.120958064093279
-0.217246304845172	0.278234733039827
-0.13935881751104	0.190111717360841
0.0608026749630858	0.112820604037763
-0.297729099530815	0.671851375782409
-0.433054612969984	0.922692367905313
-0.00391751767000068	0.00400332018165818
0.111401015002829	0.0971632556761263
0.174161531157061	0.203405468974588
0.34066182946547	0.397173910939081
0.489510176567836	0.936252777622568
-0.302847840950746	0.598092749190027
-0.159678684260273	0.296780507946551
0.304570736950474	0.544770066901188
-0.0204031409060954	0.029497358451617
-0.126445303519531	0.144577822395668
0.132775777712945	0.165306094314839
-0.318947474727469	0.496929127591415
0.116789345500327	0.19562474673446
-0.192635187430929	0.310373720663321
-0.230995113597719	0.235087946976859
-0.457601459004237	0.442637207078723
-1.43483078526508	2.25168505485629
-0.632628855404557	0.618196181766391
-0.14527748340335	0.259677573234407
-0.14481417651823	0.220513249239209
-0.467576673549104	0.600366692628506
-0.580137899571037	0.985935707984341
-0.832545919958093	2.70410705297028
-0.181860324025636	0.355669363305615
-0.245867124377042	0.407336851099154
-0.0585407955214011	0.0398597909532896
-0.131444985510965	0.0817445990841313
1.34490105736876	1.7057875158855
0.1194813234116	0.0789621988309952
-0.353064925993185	0.415379213285026
-0.121160500847891	0.207236065886939
0.0978996459796735	0.149910639773525
-0.0380211058019173	0.0404581489958015
0.141809264862887	0.238704574857769
-1.19355172455501	1.31821610146465
0.311658231190284	0.296591968990799
-0.401598693230823	0.691738642062814
-0.289077693069918	0.664092063078025
-0.597414821560299	1.33869105725205
1.10823423579017	1.34854223828235
0.11129593416335	0.0642699014839378
-0.000819945227199926	0.00055817845864037
-0.294725129231617	0.196447150256052
-0.0740788461915291	0.130235751176077
-0.139497275290704	0.246814353317017
-0.252502183150668	0.438311133650756
-0.767402507179856	0.809163697565241
0.105127216639384	0.0621792281737709
-0.180407309123078	0.126565776125714
0.594509148823909	0.52943491060613
-0.53209369615362	0.750955550867232
0.278202556273766	0.543693999821053
0.124178199842653	0.234224830946377
0.110513970569403	0.152144158440877
0.0651222667354656	0.0913153929823845
-0.600356485043875	0.674920666926343
0.164997192504039	0.149621824496225
-0.478318110575501	0.846651390553517
0.0715568276982993	0.123424177771169
-0.36532348924673	0.72028086299848
-0.0693440280041068	0.0473017659340476
-1.0088960427784	0.640328153008853
-1.08580752962131	0.43457051305456
-0.0970630869998714	0.189339354296644
-0.136776808678956	0.149500143727385
0.00953407951972853	0.00812284103235061
0.235344746703656	0.238125053771845
0.143812780596101	0.161174555936996
0.0988611955429668	0.140999441285205
0.308046612517396	0.710468673383384
0.338001450581778	0.855568672741826
0.258227310222581	0.485129217858237
-0.203788507740681	0.32933062745237
-0.134367607087308	0.133210692033281
0.183156935768265	0.207947483209722
-0.191454747726996	0.273419464010825
-0.132592279736407	0.21477849775914
-0.0868155543519436	0.161148064782282
-0.0782211249170517	0.104477154052401
0.238364664417493	0.516418302381639
-0.0278636104170644	0.0440774876048065
0.0112057726295416	0.0145361037337277
-0.578264268519238	1.64082339804303
0.565660116324361	0.915320977442295
-0.023623814148147	0.0275639594859579
-0.0401698191222765	0.0492836848389578
0.0163061893467204	0.022566492578369
-0.0706773951792848	0.101670437109215
0.184549737186407	0.309188308719902
0.196439520317946	0.393174684003948
-0.0317138891750184	0.05803851641651
0.0208468769550593	0.0347557345812612
-0.151366189544557	0.29595056709921
0.100762645167898	0.223157459142912
0.103578847720533	0.157698676513412
-0.0981398837542403	0.144212105723575
-0.367643845481342	0.826242765066059
-0.0378844896479862	0.0652657821059997
-0.111232230331777	0.183031909775817
-0.367958743220718	0.578215482812614
0.0728063045484368	0.144784426711807
-0.313892177102362	0.830686820053344
-0.120217547878418	0.265143813233318
-0.293952512737394	0.92414125210132
0.307860788845804	0.745824290872761
-0.341908359367769	0.871728242580008
-0.498352663382919	1.17159638141835
-0.402244995385102	1.13820761452466
-0.163958441814983	0.303932133390992
-0.0138608669957324	0.0221700917830955
-0.0448303186276811	0.0766939034015931
-0.431517027028374	1.0127717011782
-0.269039919702677	0.437851498363778
-0.0243541200494777	0.0309467978663754
-0.0870130281589204	0.135546758304407
-0.0308725111671433	0.0450237996953405
-0.0398461544222028	0.0636166413759473
-0.0531560220722945	0.0841495311449105
-0.148623630017286	0.291603734526888
-0.0920468245898127	0.115995227225704
-0.540878310830972	1.49564174001681
-0.218578621373172	0.383088509611269
-0.396255170948489	0.848797715885563
-0.129021551872417	0.230610599099682
-0.889015968454824	2.97430288726922
-0.471269396943058	0.72141025670973
0.0947463105040506	0.26135956490839
0.0621763226821574	0.107045859047023
0.00651848860189106	0.0105022804124047
-0.0898648855004243	0.165248228916523
-0.152348181002814	0.363550688440828
-0.138256251609568	0.336059734938659
-0.0909556485633286	0.199140756879281
-0.154505555544009	0.385729944551682
0.308138841371751	0.790478958441363
-0.0150941061920663	0.0223392814672242
0.0620560653678185	0.0851153635036721
-0.184103601304813	0.349826236165701
-0.493931543017335	1.24667252910929
-0.279067972088539	0.686563901758763
-0.362900149344414	0.92051802287526
0.160561151026374	0.250683383483525
-0.183369215757761	0.242676722381657
-0.0044188049704492	0.00550271691109306
-0.17499950423465	0.300339441442627
0.0515689431157049	0.0823645409078512
-0.307167184846957	0.706865209290834
0.0833473801004873	0.141516784976085
0.0483208366908304	0.080939862249629
-0.282637134972719	0.518327600335448
-0.677541825097051	1.9706496053784
-0.256034829799118	0.487012795339017
-0.275938612722438	0.518223429986664
-0.760885052056796	1.47445812217332
-0.0891473899679227	0.0750016679886672
-0.912081810780592	1.29168098547602
-0.605239969252346	0.921304812572018
-0.00372483342732786	0.00846047634462582
-0.159306511157542	0.403646034951828
-0.202193709268159	0.473095977046645
0.0316651533198539	0.0565771247457724
-0.00558595748366796	0.0103933063074841
-0.103741628205504	0.225196942131994
0.147409266404256	0.33738844658871
-0.148369987239662	0.359596747300526
-0.346700811506914	0.901102302728824
-0.283552276645172	0.571740079662043
-0.4150041868828	0.801206495102611
-0.169300821461135	0.325712496205915
0.134408447866805	0.226302689607289
-0.104527255627553	0.208202007381596
-0.403056841453177	1.10984081914782
0.302388828502788	0.560610022194414
0.0539911983821861	0.062885850479559
-0.279834364676569	0.54169743216521
-0.00900915210212164	0.0131299348587463
0.0452194695621002	0.0691737830478898
-0.218481492302419	0.464407973622701
-0.379919080614104	0.970526032505036
-0.324830004193206	0.780714249622864
-0.342018586071208	0.841358134033795
-0.128508208056219	0.189816748941432
-0.456741011294115	1.06478767526846
-0.377967775603212	0.802936571148733
-0.354404681224925	0.78674968891738
-0.741058824975927	2.13467144750224
-0.260400639912726	0.333947624336527
0.647846190693492	0.951762387037711
-0.316885592697318	0.36432524647539
-0.737542989982351	1.48021421980967
-0.68914451606949	1.06950237021313
-0.212918932734329	0.717386391380947
-0.108634841627153	0.321246855602718
-0.0504809339104494	0.104819230121286
-0.0648053579036853	0.14225318849755
0.0494174987226677	0.104204965307775
-0.172609573006115	0.385283197708787
-0.37990250056672	0.923354609145187
0.0506927977003849	0.0889132452910745
0.074186288875777	0.1379291279825
-0.28664979597645	0.76614144758741
-0.386839848708568	1.13952286762493
-0.493047096113736	1.66520903688089
-0.413430741722606	1.28131559350439
0.0276189595992193	0.0440800959894525
-0.0304298991185267	0.0459667073399048
-0.299939142827739	0.695261587807489
0.0904126671818988	0.150162151274236
-0.155750264616638	0.27910160621848
-0.508347179154703	1.04592865442195
-0.201322333283316	0.337195223238535
-0.290160414751461	0.472562094669684
-0.457912963281066	1.1518371522263
0.0984451206179072	0.149736485002491
0.0788570669613011	0.0984482651008098
0.0375504074405006	0.0422041172659755
-0.241331709679511	0.344651020793192
0.659466085815774	1.34665776985948
0.0542571142926228	0.070847135953988
-0.634344201382636	1.85071696481137
-0.0339578128514107	0.0477655896223212
-0.186145583122485	0.299414813046296
0.0827334636570224	0.100706222379545
-0.384219905042287	0.622875514774239
-0.426565698267562	0.495357649219042
0.242328271828387	0.228799731030817
-0.204910732772571	0.216798084249671
0.0734958273633438	0.0921332433665158
0.17019409829274	0.249451073585661
-0.716340209164317	1.15889356787074
-0.231437420106316	1.08682427037795
-0.185787504327974	0.43109498618813
-0.224733336743262	0.622542735707392
0.0441282285723254	0.092153928781113
-0.319757355387415	1.2370806224879
0.168281447269512	0.414847071164772
0.153784887622839	0.196974185112311
0.45493472610122	0.665485170146143
0.516488124195654	0.814406819413469
0.422904431291445	0.685358009717066
0.224926218164801	0.446412983351375
-0.131325829194372	0.334432599389542
-0.0151949498809315	0.0295277942877381
-0.166449500036589	0.309061587836745
-0.35410467172713	1.13826866907958
0.00331432578764447	0.00364483347402441
0.165480059881446	0.200315921529356
0.162636137995711	0.269629965705864
-0.141779332965742	0.327860509775916
-0.495782728740123	0.704176422258883
-0.135802715759435	0.280189833172653
0.00966016053563209	0.00862598696890715
-0.343050812670934	0.314663244465741
-0.125206495841364	0.0948426601798935
-0.498162229963639	0.477753909016676
-0.452833572080252	0.362514820963947
-0.10709880729732	0.0850953662917249
0.0448695060230409	0.0588176510084135
0.469818710134891	0.744233842659768
-0.0624597847065269	0.101321246547326
-0.282135248327255	0.703380305315101
-0.585652725746057	1.66618603421623
-0.234247882990719	0.478248546720164
-0.085143137128976	0.123832221961115
-0.625849743177968	1.9011637786648
0.140338700888891	0.240007486808069
-0.416844748306131	0.922714065416987
-0.306935420171722	1.02652516307061
-0.163217752839939	0.410870515256332
-0.011967650257755	0.024656842074333
0.0000837455660281634	0.000255138911723344
0.109452542324866	0.173541782220117
0.451737798499997	0.739069605196116
0.122253861081461	0.163550350582532
0.00649039795055977	0.0081440521346649
-0.145592148486861	0.256563397279441
0.0618910355251244	0.119227638690499
-0.110087615019025	0.245579332394185
0.0268361806318375	0.0419519197132178
-0.327165549094498	0.874518074989395
-0.318609001396182	0.539970861672235
-0.0748451266285935	0.0992367329600808
0.0894426967806986	0.13903670381316
-0.105113654682436	0.196934692383527
-0.197289295041299	0.257059351704794
-0.111767160673899	0.137542565598079
-0.14686410468049	0.268082325608021
0.261645751598072	0.316012694452362
-0.0420150202717026	0.0334351865367062
0.00159515786063091	0.00132885663827311
0.0116559480486832	0.00838572099063659
-0.257107690399386	0.257679524332356
-0.653552511097277	0.908476183700183
-0.218798504049467	0.318057680347958
0.100651547418875	0.129149113609905
0.344369463073207	0.725365482268939
-0.183791858228858	0.347581771519689
-0.0874706540761592	0.127647051401745
-0.163250442280613	0.261711614192248
-0.0117586769207456	0.0139414798944798
-0.575960493337442	1.31785570892636
-0.318955362807233	0.660340439535718
-0.291116529757079	0.565703406496113
-0.349282392589239	2.32493073015936
-0.21075616011518	0.689051275708653
-0.225440248781826	0.815710439964781
-0.338547885805849	1.31584909382297
-0.142873440262318	0.442125091664843
-0.135684764713917	0.352736837621235
0.136669573632437	0.24785373787053
-0.596268907377043	1.49620720469775
0.169108986469778	0.279421643041644
-0.0205492572517718	0.0272217803345249
0.196447894886329	0.412088443588423
-0.0582510178060155	0.128618674007095
-0.0577258052940467	0.117146542427736
-0.0541114332143575	0.0968080103399392
0.109997620084847	0.246428428665882
-0.478742487274126	1.05849538456211
-0.46962049280002	1.18688740246637
-0.1906113159392	0.369539488384272
-0.09993190435722	0.209278991788445
-0.215133807129439	0.304625758481934
-0.287991994592172	0.438135270494381
-0.242713043660183	0.552415367254419
-0.0725830989012287	0.087670799393389
0.239300879599847	0.251596700634667
-0.162501997216375	0.168567845954949
-0.940666924333985	1.54062256903149
0.359591692246799	0.473241957307857
0.0886482069394527	0.0891738944476132
-0.225393189324512	0.414839567722301
0.151196849606205	0.222362773407419
-0.149323682384282	0.265097280099594
0.0403151829406794	0.0616188659703373
-0.144885673112766	0.225153368002812
0.230897816507939	0.346461168109314
-0.390201518505597	0.571795312676991
-0.0353809141363973	0.0438407504535267
-0.519956727892924	1.07143583788026
0.0809794444266574	0.538346093626664
-0.0484507817433337	0.239117704949794
-0.125305452613353	0.636616811366077
-0.248562722836728	1.48023427385319
-0.330102128350445	1.69306621123033
-0.2445844982316	1.1288507032445
-0.495357708666679	3.51662516255666
-0.26109945026319	0.961867430369154
-0.489114270204244	2.21465368740004
-0.100254452126993	0.25139640119303
-0.0946398271713444	0.232808231221412
-0.0319237959316834	0.0647699540893492
-0.177035955089453	0.532759728792674
-0.13146777961041	0.357139799923858
-0.0838166462261132	0.184964512348899
0.231743910505743	0.622789798211182
-0.414774843273312	1.06890038904191
0.206540735667121	0.44948853856845
-0.474597882502803	1.20298397203604
-0.181636438477567	0.425228205589862
-0.0191318570969101	0.0318620835196664
-0.15449692033576	0.287393220437796
-0.0263028476506099	0.0386497328465688
-0.200884022890045	0.418344544758146
-0.260460189707436	0.606043653604557
-0.167574054016937	0.393972763692644
-0.248565900156564	0.454134247146077
0.0349483207826956	0.0494492943129765
-0.235291926411766	0.529866058941594
-0.0569089601377878	0.0955032704414215
-0.515627646151502	1.28383744534287
0.0681103688717636	0.10530889326926
0.0733228380285265	0.114067786036208
0.040835067866779	0.0619027987529633
-0.290754327020718	0.65464320004914
-0.579265091795	1.6581181865054
-0.553510133542405	0.922817752404528
-0.202823097989359	0.209384135008639
-0.195201124697304	0.245823916575717
-0.490828237370824	0.566076904052242
-0.508363142142923	0.39862570293281
0.537267493049753	0.487655584588706
-0.459201624057652	0.619491068077366
-0.217282514906745	0.295427199170409
-1.58061678869085	1.58461991350561
0.00955718941927607	0.0453890582704098
-0.0942441557609244	0.550597330441916
0.0120832297162157	0.038196565143871
-0.167467437843225	0.531261505881284
0.0169603041551	0.046674429574781
-0.0591138697171824	0.174648940747386
0.00164418639439262	0.00329323804565929
-0.0273339320066664	0.0506422284733492
0.0876990256332618	0.200177076673745
-0.0793033486971609	0.201066917941462
-0.135347986874327	0.398218754511571
0.105049457574798	0.284370493054189
0.101264072305028	0.271713497251538
0.0839151580853557	0.171100035094728
-0.352081940794715	0.879177807295868
0.229220540945799	0.368217029295133
0.092918123411462	0.165490679172199
-0.0662754573428819	0.10198203575999
-0.0973842168564378	0.194324148602111
-0.28305546177679	0.783336040503282
-0.144167457516057	0.24345073979522
-0.051658698775676	0.057275499106867
-0.434043757371534	0.905252652067003
-0.277774436468046	0.60540227504355
-0.0639694631367396	0.120343676612848
-0.443674425033006	1.321041469203
-0.250795888450882	0.344216359553254
-0.0650884944514957	0.0958171395998436
-0.238495314363993	0.599657144497146
-0.121224308093722	0.250201847945925
-0.0756433889185277	0.139382611303761
-0.293365669935704	0.637493363668908
-0.0231122756418143	0.0378207441715051
0.0280292769006102	0.0440255846708589
-0.10896523540803	0.162925335590221
0.147812207537529	0.236211378731403
0.194917422333217	0.217781844972822
-0.975712036883825	1.11708262902585
-0.249688716702534	0.288421662225208
-0.352549861041005	0.271908006543933
-0.829181311004835	0.3856706502031
0.0965292861839559	0.0489080178992079
0.421507377491128	0.482265159831064
0.706039763338303	1.08340095564183
-0.50248377510766	0.393743711401395
-0.015625174630297	0.0756340874186572
0.00143273732792501	0.0049644452789445
0.0249355202996135	0.0608189045125071
0.164486190764564	0.706775653877726
-0.037974633994482	0.115991920918597
0.0874199744653938	0.216864302178989
-0.316312718047733	0.987207474428164
0.176925018417551	0.451793642583499
-0.115690969128339	0.314029778369185
-0.0686953166569212	0.173250231940718
0.0167317651574849	0.0371164300419826
-0.127536155623051	0.340667636147594
-0.0358664540659593	0.0649035717624875
-0.383472557874039	0.946125212702202
-0.274101106652638	0.504156440544849
0.0329381796567758	0.049887533091817
0.0158691275825214	0.02145373536985
-0.0821787864855695	0.158973680117957
-0.269413761578006	0.646329252032154
-0.315058365388457	0.628174794680936
0.316450708418555	0.538763702581994
0.311769949776966	0.562893841776264
-0.218583420993709	0.456099273816002
-0.0507554602057006	0.0870307524554065
-0.0206710138584622	0.0217097764130218
-0.495351938102641	1.0922921705098
-0.0660622433019683	0.118725102774755
-0.356303909402426	1.0196356313893
-0.0860764008543262	0.141106421328612
-0.115718788667527	0.204176217418811
0.0486328487463027	0.0837388884557797
-0.667214677620143	2.19806317373502
-0.23549513785915	0.430327279163034
-0.375677235665623	0.859478167243477
-0.270983179075128	0.336797250808773
0.334957939478778	0.279446197991591
0.147821836088211	0.115364287230302
0.0952911528972231	0.0479381583123747
0.482078856099134	0.263269776586554
1.04638742407677	0.767277558515833
0.310673556001773	0.301100672835609
-0.400114481809615	0.45652256257031
-0.283666402628868	0.191178015189444
-0.0796161177846356	0.531317584949035
0.18486644400524	1.49401227888985
0.332789478458971	2.43683136468364
-0.339797115031889	2.40914699429872
-0.119063045269559	0.4814879146764
-0.0744002171600036	0.245458499181412
-0.176781579050321	0.633125833822297
-0.041085608654968	0.0856967832535303
0.104829474829256	0.216076931987398
-0.0782986436941762	0.153551043049082
-0.158516112070412	0.395817037352181
0.179206571404268	0.498305771487393
-0.209652969675778	0.715839924878418
-0.147027042170238	0.392103595472326
0.203322688869235	0.537683091268838
-0.28694779509854	1.1203885262221
-0.122206402441905	0.232075180707127
-0.172755755358415	0.3501088076283
0.0948483872953657	0.172453526498977
-0.0399051936271366	0.0733179692559978
0.0786966335009779	0.149123923815585
-0.122702831329628	0.169569370214865
-0.161835887051052	0.215875730801603
-0.204509678241039	0.371916707230315
-0.0377061342281099	0.0575151370699059
-0.128173076552379	0.287717727513397
-0.0690090990308494	0.124222659263094
0.044067682317502	0.0621220488563742
-0.148425498298157	0.207984739802871
0.0247491736504808	0.0301723317737156
0.0776746469094899	0.0877032643013088
-0.105611987666584	0.139067027996082
-0.299486196830694	0.451042837224841
-0.38080895944702	0.962335417872296
-0.348607732644859	0.719321783860774
-0.915958919228806	2.60014567871141
-0.0798195792693874	0.111181705411573
-0.429862286246172	0.81330276962965
-0.751603364462945	1.39877237364865
-0.368570434831514	0.51092886801072
-0.214881466647048	0.268501900900755
-0.103688346312989	0.131650941397805
0.0600760568980625	0.0706121859157102
-0.0415904183064035	0.0462084748314924
-0.063001692552999	0.0607898288415123
-0.190584682976259	0.223442800509575
0.105098628067934	0.137931821388183
0.144564884548156	1.32626436968968
-0.182214054470708	1.46994821908045
-0.226925209992725	1.64612072080519
-0.37941074322411	3.38166364897389
-0.0763170496465944	0.270705561039586
0.00452195891523569	0.00865048602928066
0.114907106768456	0.265977117505291
0.0541836843686188	0.134203253920328
-0.0352565244895706	0.100532140311306
-0.27965753436604	1.21255141390525
-0.113682110842617	0.313089620984147
-0.127829892334693	0.378193199508314
-0.209561847807834	0.447821334213032
-0.335006337411008	0.955946551750266
-0.36885379890567	1.10259367671802
0.0573025338391916	0.122588918422502
0.401712743802845	1.37249744348001
-0.0754755190079219	0.112024737082305
-0.213338370453093	0.331745055960541
-0.224860915202005	0.330575612454788
-0.0982873411375454	0.147931884618357
-0.196853103565022	0.381091908253029
-0.0660798140655889	0.141063095522203
-0.266845581696309	0.791471064603996
0.125884582077226	0.207191408020709
0.135655905398738	0.180609243337649
-0.236248469111954	0.332059351462475
-0.00386781422392772	0.00356578403828438
-0.179507635051626	0.227425522749923
-0.128602053593648	0.156686858138058
-0.13866755870466	0.283283489464743
0.0542486085329173	0.0801694230422283
0.185711316304267	0.372073320685825
0.190307911715301	0.390590804470172
-0.335490457649275	0.724716424221578
-0.278798103051444	0.458467970406697
0.00828692807740199	0.009755740895864
-0.157003382500858	0.226091204095395
0.310508460766086	0.525797163575354
-0.596345305061498	1.24206468920632
0.00200274199318294	0.00208960256527735
-0.124908282048757	0.154868860258792
0.171796449932409	0.264451841475299
0.0595737360728433	0.0866255227983817
-0.242039631498972	0.42067429941072
-0.136529563177746	0.211986960536981
-0.0590114468555365	0.35990721368104
-0.249568568027394	2.23290985113245
0.12693718633668	0.604327889121699
-0.0338040127354646	0.108951442205951
-0.0480357045929049	0.144735262809967
-0.0457980304220899	0.108034914744405
0.0504056959871982	0.113536915689627
-0.149234816160783	0.361104874052512
-0.136643024088257	0.333758114483449
-0.0514950057106172	0.105910780999939
-0.107126233499826	0.2466822157689
-0.446287289239139	1.63187160185179
-0.00740799323656574	0.0120385089148912
0.0474821356659896	0.0731795231138235
0.0394993843680182	0.0615640168855716
0.0650643855843075	0.114235213867493
0.12761563792609	0.234620576627443
0.0652102738944962	0.103290026573132
-0.220124806590913	0.513914358766427
0.117619445010247	0.253050773514238
-0.12020150366663	0.199088484152469
-0.267732670826894	0.597954424491203
-0.152465194223742	0.307876065260226
-0.108059334411623	0.188521105438063
0.16088798641963	0.276342365108733
0.107611009506873	0.162091790144963
-0.196138706879981	0.333909937312326
0.0775548500642798	0.115305416350632
-0.250527565059397	0.549932994072772
-0.601090650525183	1.75236543199325
-0.283850856514953	0.457792420416008
0.32154951253058	0.504396444016818
-0.0710716506914943	0.0795783002803461
-0.215785419229008	0.204779850097738
-0.499379396181871	0.467442700227927
-0.927207077797638	0.953812974376195
-0.61592912561382	1.15414492679223
-0.294261494386329	0.411917238800123
-0.345665780193983	0.389222165091175
0.428763156591929	0.379224520729724
-0.178046698523684	0.172835309164711
-0.135918182879519	0.150877814392729
-0.120053445971943	0.134349945602715
-0.321518360134359	0.63469922801302
-0.414416147673403	0.831144708802978
0.0214647834402756	0.109542886638279
0.0485482506486529	0.226633271630148
-0.0766649592028173	0.32371015008167
0.0807406565079355	0.307762981791557
-0.206779428609348	0.767664237485045
-0.522075952857372	2.16468395556403
-0.290142210763062	0.985048224476312
0.143426537068332	0.349041552793221
0.172566891828007	0.468844897466698
-0.219035867611865	0.646803197386385
0.203704060333977	0.495352636705807
-0.241060842083245	0.508105671910496
0.225269762886668	0.52398084176848
0.187917582136013	0.394727317971272
0.0751041387520747	0.130226119798166
0.100245876834225	0.185464439481361
0.295648805971151	0.775612618206651
0.12929720415487	0.312848709667885
0.0424513871875012	0.0655322000123293
-0.104675155102098	0.209006033892763
0.0978560048091342	0.177664349893647
0.330483753602793	0.784204330268654
0.101292263950317	0.170399283019608
0.393234539729112	0.806871574022917
0.301882732785884	0.627792061219609
0.0756262637570053	0.115486938339531
-0.306723064883156	0.705880303968026
-0.360700249145305	0.973640912585921
-0.626307424019786	1.64838150472318
-0.216545739977397	0.291907878440176
-0.0739357480876854	0.088160507258738
-0.369161534381903	0.388223018992402
-0.347238973903489	0.294672184819093
-0.442210820234473	0.350745892139159
-0.329740782627633	0.477126714983289
0.0663637245879643	0.0588422239722788
-0.385249248688323	0.352054723747033
0.173030862719222	0.164608380648725
-0.481112152384548	0.848439023319798
-0.146193645269315	0.215147988788734
0.186944089636591	0.231862675233127
-0.278936344592615	0.512638438481745
-0.150838381077659	0.248759444632372
-0.189184183476783	0.326684667392497
-0.01679087765816	0.0824156159931578
-0.0714704097393421	0.409716611737645
0.249816548232347	1.84588664337614
0.0502909831441777	0.129102509955609
-0.214762350992959	0.939334567107155
-0.488537903864773	2.76887065057302
-0.327204009821022	1.24998395051427
-0.234605966616276	0.817106553411579
0.0497848324314337	0.0914477449318059
0.000989277252609029	0.0016841343125899
0.202295237860298	0.457984232666567
0.0203385052483897	0.0350926328406991
-0.171163137088936	0.380012619051226
-0.251087767662472	0.491228557303843
0.261894663541186	0.465840888237176
0.391759200395735	0.808856791179085
0.0364225890752233	0.0503578411738357
0.147360308646033	0.303879114036939
-0.318026491672859	0.839261603786044
-0.0202118666365447	0.0342939607978504
0.400915988510325	0.897829142421672
-0.167933241273982	0.241692527375733
0.470271987915373	0.942212954631024
-0.25649350952506	0.320732518888483
0.616722302887362	1.40444300593273
0.192907791448207	0.27340689281654
-0.183618025580253	0.341622162858861
-0.26789400084355	0.500460720156278
0.00697315918441082	0.00915591181032395
0.106428477649451	0.145137261343148
-0.292744241716867	0.554011789696847
-0.756065600815875	1.43615483961149
-0.419948316853186	0.539931462128132
-0.0758695645320746	0.0784981422915474
-0.26989753747036	0.404428182836444
-0.234937647250095	0.33926867694233
-0.258152176334083	0.298363498298619
0.13424062235946	0.133394374874272
0.0932031581775401	0.0914928887790237
-0.155840592115526	0.186476626595644
-0.561718178869884	1.21179379220451
0.0260837085055595	0.0280296766925806
-0.263082787939626	0.390855179031338
-0.222588811166182	0.37534361724318
-0.487814788347998	0.988354607650772
-0.534046689964022	0.897854682205137
-0.00886692258100509	0.04421837866876
0.032410759161616	0.0845134811074597
-0.0986270277708803	0.318201141279979
-0.601899984165961	5.57772793888416
-0.622087570440431	4.70358794535829
-0.445614653477507	2.34262314288435
-0.142135435145099	0.484679242872676
-0.084595002341845	0.178995427073891
-0.280475504330748	0.833443011037096
-0.267476832452823	0.732380912362484
-0.120217508066533	0.278698855042143
-0.00564407533564143	0.0105194167520767
-0.160645212686284	0.292211059372315
-0.247907708438173	0.449624190293931
0.398362563985588	0.752975128668335
-0.190129844372528	0.332040010530382
-0.16660006878391	0.348290342282147
-0.23732869569582	0.711716461315343
-0.0220672571200503	0.0432133396119825
-0.214106994162255	0.355635183995317
0.191961064236872	0.265267278871449
0.42241532246935	0.68385833603791
0.278983916858242	0.348855924899561
0.492203033283579	0.745706040020339
0.308986146761007	0.508020056967753
-0.249625472889667	0.581326257171437
-0.567350193630094	1.53569614656703
0.252549357922841	0.559683261819127
-0.21755897667541	0.434817009665464
-0.405504266593272	0.959593075325312
-0.312451658900665	0.52555522613925
-0.238887728595202	0.366524441324236
-0.176689156796264	0.227737283605708
-0.460315384940288	0.962983214947099
-0.204707871323251	0.324444161194254
-0.357062176764692	0.678473546602083
-0.30938834293095	0.551375835819335
-0.394561243242772	0.596859135581638
-0.0735540445605669	0.102004448646239
-0.137875017371293	0.214594498380836
-0.522369821027476	1.26400499157645
-0.325013858298709	0.710396651988784
-0.168782408804324	0.258336170317901
-0.247462974023572	0.390892278477048
-0.385958308376067	0.922078366604172
-0.144422142023692	0.190470199272508
-0.197807604463834	0.251957859482138
0.111063282856551	0.124970981808106
-0.803229171775452	6.22854390649815
-0.47404357066178	2.40092550630018
-0.583609001205653	2.70875057465593
-0.639659042920155	3.02034030652526
-0.269237990068444	0.788201223023186
-0.458204106981961	1.84412157432337
0.0197842377839157	0.0385293884459606
-0.0948247065880975	0.184592310277537
-0.259666513197481	0.568079382182365
-0.253976562457503	0.532069803347649
-0.426940120056787	1.24973829238588
-0.285001136731965	0.752715204884114
-0.0859578746545713	0.180126349323781
-0.224469936861064	0.588056900227922
-0.0897071410257645	0.148826054700043
-0.0218798212313152	0.0278296300409257
-0.0882956455370529	0.119818907559448
0.0840066692186199	0.108274725827722
-0.395453737939061	0.708252698474638
-0.119760995313595	0.170196999149793
-0.128941744683928	0.231556596145512
-0.00598799103140811	0.00865519438413236
-0.463323281643617	1.2568859499009
-0.483208971163798	1.08200919222484
-0.252831075060194	0.322426905238719
-0.168896202230597	0.214164479189457
-0.107975684883725	0.157033205493211
0.0630648037843277	0.0922457795336431
0.294330944824464	0.465724222090665
-0.155761438809325	0.252587468428554
-0.0610919126187606	0.0745735337256494
0.0387178096367384	0.0426904576388245
0.00748438417792399	0.00838643508516753
-0.165383290880531	0.196976208491318
0.0417906268338565	0.0527215589935831
-0.988286289925755	2.87216291468823
-0.347539383111874	1.37792729506938
-0.338408787795432	1.12607563590027
-0.355823855104831	1.39949478502186
-0.615850886517658	3.27217143787635
-0.129426115862013	0.247355167270324
-0.231515637743974	0.452441046220437
-0.11612317883326	0.224333639829894
-0.311616875679434	0.901938099256288
-0.154713132708593	0.366877625358459
-0.388071861635238	1.28504007564001
-0.320096739112145	0.954763474364774
-0.285479985786344	0.885244607089304
-0.0982477947757347	0.151550938797191
0.0585907914763178	0.0909563766854441
-0.262599103776332	0.671557250955
-0.0898561652226966	0.16266907653283
-0.568111812743431	1.68523969793083
-0.17958302938915	0.335061921684524
-0.0460362521952645	0.0709067625403528
-0.168311970431383	0.313677475209525
-0.164800309033673	0.313703930095437
-0.237261294360729	0.483279169578309
-0.108169917727684	0.133263018428625
-0.39912438228674	0.294246699171571
-1.11637880948058	1.14406024627475
-1.31579595157138	1.25702864537401
-0.0915648594572932	0.0947313735991756
-0.0226394524500349	0.0206135126447732
-0.0485397423726789	0.0382575597823644
-0.0340046607413328	0.043590050064345
-0.416223618311828	0.786405157047424
-0.128952003962988	0.165197418873892
-0.0562183844010653	0.0752551665724543
-0.265032049815652	0.461520086943331
-0.0542972291877572	0.0754524077808563
0.214323789562554	0.334928193488832
-0.122935919786209	0.185309491204877
-0.540637583928327	1.13999296076438
-0.212460258453632	0.338131936091415
-0.295261431334584	0.560966610988313
-0.25880187714465	0.440083546306236
-0.353958178894689	1.43220638788347
-0.160032341405205	0.393136190425669
-0.413198367530998	1.82775907800516
-0.109176301770728	0.275269521384628
-0.178666622985125	0.391231759886227
-0.129124691205088	0.283560441550167
-0.262482736641659	0.735969858357449
-0.0316558522019605	0.0573286248391767
0.444879539909312	0.84887511036413
-0.224141888534498	0.398686231605656
-0.495019323055801	1.67132518645771
-0.044240103132632	0.0771875507254378
0.00349110747233475	0.00528681070383205
-0.550347875197251	1.57089216512119
-0.384452062902497	0.98830385860515
-0.508657460273389	1.46669902950679
-0.137948604156578	0.219935326347899
-0.142560126803778	0.20442558154763
-0.868229308168817	1.54162396602316
-0.735388379630663	0.512870831981649
-0.0440925380348103	0.0341400396823981
-0.450739037386298	0.511324921077662
0.0239270002207589	0.0156860073638242
-0.385006537023429	0.486613726562943
-0.0430267334018033	0.0550565161552124
0.235958320605132	0.351024824847332
-0.0511095053997144	0.0723405826697596
0.181265958838941	0.321364471676166
-0.249959829847263	0.460267794499026
0.299741385671773	0.547627128338269
0.0666398419186269	0.0923005212520861
0.203942027091719	0.305193465905897
0.101679714544984	0.140856124564155
-0.263874738218013	0.444993149787624
-0.121165666192825	0.196106010620129
-0.42496422979799	0.745350567340964
-0.138862025602645	0.216927943839161
-0.466140335220671	2.60962705169873
-0.284705690327204	0.981819552149353
-0.196680531984627	0.730667697256017
-0.17076230484248	0.539098709829984
-0.149554365178601	0.358536589117718
-0.29881153440626	0.685858559450007
-0.30298324556376	0.734454137279866
-0.287912989101778	0.879182174195972
-0.120347967539272	0.282968385669619
-0.154877442740591	0.41356232966348
-0.00355279685820712	0.00710813292599134
-0.15794020538422	0.259821338317366
-0.229145910081324	0.481567042004977
-0.160488831871121	0.361604266571477
-0.199562511610745	0.397480920467266
-0.164901693717724	0.3760146509946
-0.442044660744118	1.16353111724531
-0.34324243219782	0.852608276835777
-0.381509048166447	0.847124942391717
-0.941992492115901	2.21994774796429
-0.588969526281233	0.486856906024338
-0.858306652624906	0.654250664956142
-0.0867017323957598	0.0673785327203427
-0.150565577301791	0.138535253261566
-0.395467761223805	0.514658100949153
0.825237394107966	1.10677516734446
-0.391663014075103	0.731369555424211
-0.514850957021656	1.08009526450654
-0.302607242549712	0.552175576335347
0.125226890906305	0.207952653980098
0.203603395124781	0.383561329347125
0.235102110359366	0.404802841087541
0.509668823591063	1.15429987920255
0.160804477240425	0.257488789588474
0.282843649904844	0.550801248763019
0.0407317144719814	0.0496374973584579
0.106499000757755	0.158422452284425
-0.367314417222327	0.77359814849642
0.249284872065601	0.472525952798359
-0.265466000552692	0.533165604792593
-0.307459287043118	0.617874122665506
-0.348264491240241	0.608508544603343
-0.598288106444588	3.89184109058001
-0.265575435628769	1.18525047493764
-0.365895149148549	1.50084767561378
-0.159178552717448	0.567359758831524
-0.145547391527484	0.475003600078826
-0.31904342701962	1.00984824050697
-0.0591598402726251	0.129798437970481
-0.0735041587123165	0.170177513227696
-0.207472900330386	0.617649362772029
-0.377683968253812	0.835009257779653
0.022694248615272	0.0375614198059363
-0.466656712194353	1.55590388029388
-0.2298124337918	0.511081453311995
-0.159125196013146	0.289928388930263
-0.304306695362322	0.742616329246676
-0.76676749284996	1.64527489826319
-0.376289956324593	0.416346057179279
-0.023726585676027	0.0136481731500037
-0.474922451564066	0.417165454001285
0.0534315079443729	0.0435375662279334
0.769816338008187	1.46931542690983
-0.50869210953101	0.57624632478737
-0.130867119994072	0.192935867921166
-0.225492748283586	0.417248493079796
-0.0428173012705215	0.0523344604557301
-0.10421421848095	0.171742160160635
0.0655952458824433	0.0955404125907726
-0.453805409417187	1.01452567009546
-0.0749193848364564	0.11220549009098
0.202948993583674	0.340278189096362
0.0201741892398003	0.0266558325555656
0.0467337386288822	0.0646676586516892
0.103092819059565	0.135055503280922
0.0624047586152934	0.0557528271319038
-0.0686469348592742	0.0530878285059319
0.185250356474337	0.19725083825567
0.0331537061485345	0.0432318420930714
0.172893590705223	0.290710625642089
0.255710111150464	0.414691024205451
0.369458209877492	0.781225725170692
-0.336456468993069	0.76778024622728
-0.483940950237751	1.02487260799884
-0.133732716208141	0.427632071295258
-0.253848827823669	0.650241624503286
-0.30583612305343	0.611959047991463
-0.0313361513260858	0.0451467269613568
-0.0591077877425286	0.101443807934967
-0.0473782123422532	0.0640616310826817
-0.0950755917530465	0.140555944614959
0.344161088638612	0.564527654492943
-0.431930949593761	0.724612967780453
-0.972451582956625	1.40661028428508
-0.1538495728779	0.17903965038437
0.0678317392960558	0.0821927557645326
0.00897378046141211	0.0103997866682232
0.251118429891084	0.419499238760045
-0.0391830475930642	0.0514565415089919
0.687563025966214	1.74325426084829
-0.203847676860662	0.336112817755872
0.392511119539034	0.707897702160622
-0.51683865048382	0.995893337461219
-0.272992199567361	0.463621388916475
0.382547019256305	0.675457815524615
0.800238983692569	1.76067001377885
0.117619650368071	0.139200355844368
-0.0788244876975092	0.0935817028162812
0.293701687581155	0.38091419551735
0.417109226047885	0.663330717757107
-0.0605556390915401	0.0691446145034926
-0.0165658224868916	0.0206811754614862
-0.128049780816942	0.173010972777695
0.415511064359775	0.693702375843333
-0.109628375412133	0.139268181974922
-0.330736122452515	0.930749862949314
-0.233535813010268	0.477582547066865
-0.277049484412184	0.656857146107842
-0.11123364562488	0.214494172213104
-0.0221722870671469	0.0336208385855448
-0.349221176313745	0.710212458336852
0.126561066393236	0.176436017590842
-0.241540384256946	0.318120416392343
0.0246065947490173	0.0372532475695439
-0.0844970534284431	0.127592379651908
0.0138157270687851	0.019156624225045
-0.189552216080741	0.341904026322244
0.385603945424883	0.685379013286651
-0.350533249514986	0.825129006969418
0.454251989820813	0.975431636639787
0.44202031672786	0.650582177427869
0.151347831623423	0.183425687228663
0.624699742163868	1.03883630826222
0.596855267923892	0.882562005201062
-0.0503893896385991	0.0535425558576153
-0.080410619188028	0.0891673290151816
0.10401848390593	0.150982375170726
-0.0471782728389168	0.0633114314471292
-0.187415506827444	0.333933205885404
0.194430834029782	0.359114674677404
-0.269380914009874	0.448839681597494
0.0993087253866721	0.101250173547763
-0.00125206422224601	0.00128776190370452
-0.255124714205103	0.303962247810448
-0.236062928908686	0.624004928596908
0.210808020059906	0.432034887511824
0.236830640063796	0.621595749301945
0.0815288977862521	0.158486567125809
-0.13648996136769	0.25468126638655
-0.373585243769448	0.790606621086916
0.0556096683822501	0.0781000762975791
-0.035162076810627	0.046055693432396
0.228824542790212	0.385118834787312
0.0346408847901625	0.0468323476174388
0.31583196250186	0.627781091666184
-0.207599818940321	0.378794675122073
0.3194947203926	0.786245208975096
0.0617160968335612	0.0885834774109284
-0.506216500668898	0.843620658868455
-0.436530653447028	1.08745608708073
0.0292465087629456	0.0307199060190027
0.303235733853271	0.408955605251939
-0.478907900947132	0.68238457405704
-0.536057298496414	0.777886116319938
-0.0831273399294992	0.0790409147071815
-0.548066731198703	0.657435966981019
0.087143935987495	0.0871569176764962
-0.691904448722064	1.28995416598555
0.422156887525305	0.709532989494444
-0.160090758150892	0.259737919983532
-0.111289013483368	0.199064146036597
0.0175222795693249	0.0262073001415994
-0.0545656401678041	0.0625681834594088
0.389429300917221	0.466531058758328
-0.236039149891175	0.24121096150011
-0.112040680430675	0.0940282169252013
-0.301225588190517	0.588254456378531
-0.191558613352362	0.421743600244946
-0.288109031764584	0.658777920311981
-0.561985799241153	1.71831501352865
-0.0199214570740813	0.0277506907609502
0.054603633728188	0.0750326666515175
0.103181494269173	0.135945215494779
-0.0636289162158185	0.0593213217563627
-0.207217482552473	0.281410165805936
0.177089385146761	0.190629108164308
-0.438133973935804	0.636717753309327
-0.174662947639609	0.251729108226278
0.373383072465285	0.77343496070867
-0.135891257180943	0.189448097665306
-0.232255594247699	0.402625332771823
-0.315507168859869	0.566560019975694
-0.269553156650778	0.537034340318021
-0.355214108143025	0.688281074137841
0.64640428483292	1.20922633327893
-0.126552352460069	0.141621477008011
-0.0304414874431752	0.0361090850233805
-0.0338786317142147	0.0363682290777002
-0.150943353978311	0.173605096606523
-0.102296474125264	0.117946290583298
-0.0333084032078025	0.0389520012360702
0.25793495014848	0.457735933018179
-0.134911058934672	0.183966347505
-0.196468688836283	0.268967595427525
0.0177807987129756	0.0221079263861386
0.0139733830567809	0.0163491997619268
-0.0812873666493694	0.0909058573494851
-0.315902895767639	0.424687728141379
-0.279564236190386	0.621053880442263
-0.307549423541101	0.769497002276305
0.239211210322399	0.57476728485203
-0.212177940065044	0.446892101619744
-0.371472235660273	0.794360930577299
-0.205354628760296	0.330205937696965
-0.0290701903141785	0.0349653434740742
-0.107576542208296	0.16381674066696
-0.235141092955346	0.366096240898916
-0.197347239954509	0.296295494505976
-0.0335100071029849	0.0455797486996825
0.449672385160456	0.971801184090614
0.0116301622049777	0.0160582389223523
-0.177876221221737	0.294254807991804
-0.227211841945355	0.345989283109112
0.147201512228466	0.244794837501184
-0.117835157446355	0.136660641540825
-0.001047143023299	0.00102691233533795
0.458333506024904	0.714800407333948
-0.10764120196972	0.115421046033437
0.345587825203453	0.548221346696435
0.611404303016811	1.02499192782305
0.765497175067632	1.56391500568201
0.576869835626828	1.19777737741632
-0.233092235077009	0.305992082743796
-0.0868437916498487	0.114417853971877
0.140304110542806	0.246168175237673
-0.420814159860336	0.973613695292957
-0.0712075533383623	0.0985013904463494
-0.494010615684788	0.768001770379979
-0.390316785292112	1.06964634807649
-0.228192487904705	0.510846839367144
-0.41578496897058	1.28244513157744
-0.736895278696074	2.28228791742213
-0.223075824866419	0.307905235963546
0.189096623372984	0.239752848480703
-1.29482866214848	2.08753929682873
-0.861389705839715	0.748897236630977
0.828746303443681	1.0208811894041
-0.338376063608456	0.429463165381309
-0.180400571642158	0.241031318930811
-0.345336868835197	0.289565565932304
-0.682047171252408	0.595848316293179
-0.3080797382824	0.281164771758133
-0.49506199037116	0.888026451337245
0.268498371515918	0.426457240447314
0.72308252429753	1.20312850784781
-0.0474023864499721	0.058659798775169
-0.0797128207122225	0.114651873362136
0.267162787943057	0.541007615059598
-0.037432217758127	0.0514165018306068
-0.127353804107219	0.1946586442923
0.154746131050009	0.234178117285143
0.0587530216725355	0.0739111147041074
0.390373192039162	0.755112169187459
0.062040148004224	0.0824972109947577
0.438673655627295	0.944362502625389
-0.145678775816367	0.217397422520324
-0.0811837264907787	0.113361496754601
-0.18234936061452	0.184483076439406
-0.29648315753391	0.299084967865611
0.025305835006066	0.0264809230866487
0.181585797892811	0.282154114440315
0.130087215223682	0.197882414934289
-0.158888723886631	0.245037811510007
-0.329453655723054	0.555602087641747
-0.256525990156236	0.41473765014205
-0.0720525996111054	0.0999183734372307
-0.203286587745062	0.884249868905806
-0.103446958627462	0.206612538847435
-0.290726544622954	0.737440654720423
-0.312673841405226	0.632858255703659
0.972830636453659	2.32371358009145
-0.303883216534701	0.483058933508237
-0.499029697065732	0.525419294964198
-0.201479780985179	0.289174295880182
-0.434625901160105	0.762730268190939
0.00250280837087055	0.00281536912216417
0.0192461898758229	0.0184399946980657
-0.116355464172673	0.189140843187442
-0.0980956786801666	0.15209459237913
-0.37090839705117	0.673835415532424
0.0682016323193811	0.091823778901479
0.184232651415044	0.298617267610227
-0.0947697888275789	0.14647268857145
0.248842236970501	0.417105350775663
-0.370609615503615	0.802604373978084
-0.410142374616061	0.825243276687869
-0.120638372600106	0.171603958264917
-0.247593629580326	0.416703104566391
0.0712013889510641	0.0657509336469078
0.45973333563449	0.582350264522927
-0.448568923850857	0.741897274139373
-0.156713872418848	0.236576176438269
0.145203362691596	0.231065606543066
-0.132442563523514	0.199790513223717
-0.396348538351269	0.715296193061186
-0.26546423119245	0.320179471207806
0.0573413753829978	0.0742120743370161
0.343323861907968	0.593681952607111
-0.16479926695081	0.248955469913549
-0.20423851999315	0.343142493817518
-0.445264283663571	2.8475117238436
-0.108473643842167	0.197345081108855
-0.203057173763337	0.447082995187782
0.218028498144522	0.426470870641411
-0.0734486282123776	0.113133940496525
-0.428818429229209	0.802299966776684
-0.559822031385285	1.04681361877879
-0.198287975253455	0.337312893981268
-0.230600902786989	0.389685206894907
-0.211539398273411	0.38638831943231
0.531520585442261	1.22598509391198
0.124150178816995	0.170250407128969
0.182315231843246	0.269918478929431
-0.417376458487067	0.61199609806653
-0.383462922566451	0.550866340044693
-0.146067738408641	0.197176673215847
0.188197097148358	0.274266474018386
-0.310800842224212	0.530271918148052
-0.403122976017201	0.77399650854284
-0.173283390131588	0.279295205979639
0.17947666524016	0.260029109566356
-0.52603105250655	0.741758161265589
-0.0739689860642504	0.0688265295510851
0.651008254799237	1.27053773189328
-0.634236309380876	1.09592419463847
-0.0389483613566619	0.0483566792950856
-0.0814139342201907	0.0954714526498811
-0.0223200950279105	0.0257805542974591
-0.502293022905463	2.72516876335809
-0.323092818492844	1.33100115817595
-0.311095485909094	2.02289793316818
-0.341989025041368	1.77551905263368
-0.336085211272133	0.754475228214885
0.0204758386394767	0.0397692094173651
-0.14846051423763	0.362481704013768
-0.268193479923764	0.658664740818617
-0.257559809702299	0.579876502241372
-0.105124210438819	0.198768229728152
-0.220688335640181	0.406520998475095
-0.366555996852617	0.567850298717488
-0.24981724342069	0.51504970266413
-0.612066569643437	1.02193061791879
-0.541263355825268	0.752280598350944
-0.317946174534954	0.37167411509281
0.0154582772788142	0.0127014443637847
-0.617821621662485	1.18087980169186
-0.123856992584716	0.198904659163928
-0.31829323821595	0.743511327691444
0.329133457587035	0.830568348626129
-0.362432498729016	0.531207031349509
0.0614621967819715	0.0513055527499057
0.253952628876603	0.235247473731555
0.355164025720082	0.390957874993536
0.0797749939339724	0.0781626061475353
-0.102265031840325	0.166973299530794
-0.582765887251955	0.806627406686737
-0.465597430554628	3.10620841129504
-0.258576209284617	1.18230119535673
-0.370208004830265	2.52608989149637
-0.380222032931461	2.13208743264067
-0.0910660712532156	0.194596763535651
0.0142751639948389	0.0222520647145778
-0.058910101008792	0.0981775930755312
-0.163010914545019	0.250358464107347
-0.261782816044203	0.772153705878434
0.0587958673417425	0.104354185257168
-0.0383769273167446	0.0725854870951244
-0.0296983753254917	0.0551669925557528
-0.191558570958954	0.394481676837998
-0.362211322183589	0.884942566815516
-0.232108259062335	0.460543604462966
-0.173648736540885	0.293362607881148
-0.780298141185356	1.76356130467403
-0.0891311911005102	0.145160496500892
-0.293027487252995	0.429487010964495
-0.104272313390629	0.133221498308704
0.179309167209855	0.220393405781128
-0.221612291039664	0.300950792487679
-0.372654324565701	0.612781876464875
-0.620043480724873	1.2998150707398
-0.0936788488494286	0.135085322956346
0.121074888215473	0.184565709306644
-0.263548167391352	0.584688851911964
-0.00610701968015048	0.00723580318004939
-0.162150427818138	0.205329951110304
0.665798664622905	0.946763276454932
0.4612296882181	0.640925207270239
0.058400445876087	0.0576123801517262
-0.151294356419133	0.2420808228762
0.233576291247214	0.454093381808151
-0.273474296405037	0.367706196625891
-0.484131342289265	4.18181694518701
-0.276068886840837	1.60653752630791
-0.67603359860496	4.20449553883812
-0.549268032903858	2.57001154636834
-0.24591542768964	0.853587293766567
0.0423558128094028	0.0882135690585988
-0.13080764736014	0.288260343600315
-0.154428785070806	0.34679171882508
-0.318222397630377	0.939280011765333
-0.793201668552173	3.46892934846991
-0.578058728040283	2.17869439464286
-0.260413389692925	0.497941417176721
-0.0714678449392482	0.0686602021953412
-0.483260247373509	0.914193524237838
-0.768865569107321	1.2234035690741
0.316148329577849	0.550489826037336
0.156507518227053	0.248540616284524
-0.217695702886879	0.348838290582768
-0.0942886633458056	0.12837138609318
-0.162022355628899	0.16289494225518
0.237894232440628	0.225760641096197
0.620516341917223	1.01110357629261
0.316315703903503	0.569848641959341
-0.1063744059336	0.137735253671849
-0.451040748041858	0.92175438430731
0.278900973035448	0.494823592568321
-0.163061285073003	0.250698926244564
-0.263448327964951	0.420357889605156
-0.218139368942663	0.281809257759156
0.0458365203436388	0.0553451343419267
0.125088411411974	0.18977289394761
-0.010641425282195	0.0140228283297703
-0.0304235077325643	0.0368097689541056
-0.607461710607618	3.2574180620754
-0.152557271562787	0.412071040851043
0.0354467786978525	0.0879501342315645
0.158380573422729	0.481342962281339
-0.066196136944207	0.162265208034303
0.000232021282442191	0.000401073854451121
-0.0283398765283336	0.0599191076848113
-0.112783544301984	0.271976187233462
0.0253497679222263	0.045131041059361
-0.297560159392876	0.694144425472315
-0.332999306807462	0.606722520904757
-0.108741884698227	0.102563457774901
-0.220596102627783	0.254526625743699
-0.0928870981890946	0.0618451102247955
-0.410784267243546	0.747064234420942
-0.311838107369024	0.552998658480723
-0.0862953948914495	0.119133204157087
-0.016166981520483	0.0226711468196227
-0.233689939025836	0.446408958315705
-0.307377858366456	0.5904191331467
-0.0609853731701896	0.0978761424355801
-0.151552991527438	0.124215218815256
-0.14867838105326	0.106342961476161
-0.181385236130063	0.191618161744871
-0.71361473362106	1.84484092471273
-0.411099937774433	0.941817570453307
-0.246656925513534	0.435328285368018
-0.361160538768923	0.8039329249208
0.05773533330464	0.0865441865823641
-0.11936508567605	0.182513657342585
-0.323911001451917	0.323240193368368
0.398514336752744	0.626078110665859
0.0330694782959595	0.0467397214019508
0.137799267947327	0.223212602683984
-0.118754528566549	0.184836664079997
0.042690818511511	0.0568540607833761
-0.443169067328208	2.09440437141317
-0.0360429541213828	0.080912407008621
0.08018401849228	0.246867565361088
0.0562421353546716	0.15550807906136
0.200797271059212	0.693023640078298
-0.0224386137694222	0.0494517963843732
0.104292992890331	0.284594039090168
-0.32028045437299	1.10385263428513
0.0187079959605475	0.0329369867140287
-0.148474728104046	0.306416661416446
-0.664154509706509	1.60397406697266
0.0508622574259196	0.0428885517399896
-0.325826970292413	0.479438516046848
-0.218320179678764	0.189633810402674
-0.314082554078187	0.694828634896156
0.103320945649939	0.136833070276731
-0.223216479142115	0.444381142002122
-0.0491866124451783	0.0815249940575203
-0.0409023404404339	0.0616539897999618
0.127150472197783	0.122108947458938
-0.10050903537168	0.148410182060916
-0.00253162423563094	0.00357883657975846
0.16776143564006	0.316141267764774
-0.323173341025938	0.721883230199809
-0.0458162495311548	0.0742452438772929
0.0355273645923773	0.0503257186348011
-0.61962254517534	0.841421454215079
0.234494987227279	0.358626813191055
0.0185207279442262	0.0258535591163443
0.251488162166486	0.51832613490583
-0.0928107348225037	0.150479982117173
-0.667390087209626	1.95465665259515
-0.594228769079111	4.55520746770109
0.0101761281020552	0.0279768330138515
0.295439712702449	1.30131603501578
0.294362699206313	1.24823857027361
-0.123440664879308	0.346680825219771
-0.2400602296531	0.846971348873377
-0.0865005439336402	0.209935944651891
-0.0463853496991395	0.0990389851673113
-0.0787684250341521	0.0887783225832787
-0.532948957886364	1.0804457725355
-0.500353569259225	1.23258065300214
-0.362277595821973	0.836079707047145
-0.179520135549232	0.310880405866351
-0.0677276573724518	0.120580010720064
-0.0822574351589659	0.136636732581915
-0.134020367206179	0.226750227206902
-0.196376412293844	0.232902675393028
-0.390121824162095	0.851421427734325
-0.0187720416224845	0.026839687348045
0.110504873759632	0.170541411323356
-0.33337899432833	0.741567566485537
0.425337802835047	1.12121869991214
-0.116750519586372	0.170335142073409
-0.0512610420822639	0.0503875675583211
0.245288530205786	0.392135918290495
0.00275779816159222	0.00358985317209911
-0.0642759629225517	0.0977614378626724
-0.00283208569143277	0.00385130298302495
0.15666801234548	0.267816047546188
-0.345871800456962	2.55482763957856
-0.0543784600150008	0.189284965286626
0.226876881180601	1.00986738419024
0.194960129227017	0.700490374596209
0.0544253652015785	0.1390733162725
-0.0144035876673265	0.0337790124752036
0.0622426948841935	0.15359365686259
-0.186608671654571	0.620559471973712
0.323795066700254	0.624859467378339
-0.684989592591894	2.18063214217969
-0.222816306611596	0.507070070353429
-0.0556324144714199	0.0899023162757661
-0.0240396417954125	0.0371182897515757
0.0521042623350097	0.0791223761533048
0.0516901887250002	0.0800367249040904
-0.129306645188454	0.204507656469132
0.00728995667370948	0.0104301067158745
-0.113498617787398	0.183903260766925
0.0296455823426511	0.0453622790889312
0.069056324675242	0.104125835522013
-0.0975326930714265	0.147994394009575
0.17227392148276	0.29894035226882
0.22355017124364	0.420926145929418
0.154516095627253	0.202429345601796
0.127484258207597	0.19144062124143
0.0468064796324343	0.0754473623770905
0.535851573788868	1.47483971908482
0.0818429504105763	0.127375797627388
0.138825194128851	0.227903765556863
0.0272408810879304	0.143018512278473
-0.147972502655592	1.07632156416878
0.384015417922095	2.102444686681
0.365834405855292	1.33718010051586
0.275795153264445	0.796574020316344
0.52771373763682	1.7533849879288
0.161712808602364	0.336655140554347
0.00335816596058652	0.00527933976147172
-0.248530578013063	1.08328303091185
-0.234429960891985	0.803159379666987
0.12920074044698	0.438575958517047
-0.477047784841038	2.5768527240491
-0.559989574962584	3.00343370439643
-0.383913820332107	1.12997823157887
-0.64769636579213	1.08991988796744
0.0183618702658299	0.0210529594877205
-0.0344946665319387	0.0338079367646918
0.177122835860815	0.178353419846333
-0.261590322951904	0.254882542388915
0.520135987624616	0.751392498587844
0.0116953469218341	0.0102484784740012
-0.0271772644268923	0.045919963236329
0.0161474949999756	0.0232385165057164
0.223848889366397	0.296298314808916
0.0575121070798655	0.0514118519407932
-0.184527614521561	0.215617627619368
0.0554976651836957	0.345227935256613
0.259300443838948	2.16004607368746
-0.00536578943826475	0.0166773226579626
-0.264743003473355	1.36029730155121
-0.0717862395682667	0.214858919601117
-0.242857344333924	1.09677628085583
-0.351048461893198	1.88922119094625
-0.192380595245813	0.817595439933905
-0.612512699769655	4.50657839902201
-0.559346493732352	2.79712727087596
-0.42618850659598	1.06192732676973
-0.188196316182491	0.427216577694788
-0.0741270632668019	0.121209216820551
0.190473819542875	0.311281210615108
-0.145851130945496	0.181006696147002
0.195762958766724	0.262980005937507
0.117436997986821	0.143087368178766
-0.253075459851996	0.355669789042928
-0.256100812484111	0.531655193867717
0.0704135104836073	0.1104163914797
-0.0742942863948203	0.0906090272806157
-0.132322300640456	0.185795095764474
-0.149259129279588	0.188306271176629
-0.133754720500422	0.157285794554297
-0.266437026522789	0.4212401778747
0.104567576963387	0.777355872589734
-0.0593933199116772	0.306481019706254
-0.224378085457745	1.59611313548336
-0.27127183575159	1.80888995035457
-0.326282692164726	2.30819896889474
-0.392684524035148	2.74499695957277
-0.439628508528385	2.83227408355067
-0.0532392875463588	0.0910027000706864
-0.74881818566435	3.46821126131804
-0.357511552874245	0.664308454986875
-0.175280616990681	0.235604639052639
-0.236038256563366	0.465901317647026
-0.166697704132769	0.323336637970084
0.0430732575335816	0.0624898745376998
-0.0987163480977957	0.168909281245932
-0.120756759243536	0.224028715183805
-0.34705617157506	0.504065046880837
-0.18014808214573	0.27591166887028
-0.0475038807362264	0.0704856342137402
-0.0170610616518848	0.0256563035974942
-0.0574435085149045	0.0850723335122233
-0.0334823803826665	0.0443051862701949
0.0733466783463306	0.116939023508659
0.0298372508407761	0.15886498884933
0.00193731421333707	0.00786695471943918
-0.127661220786312	0.673852263722087
-0.105592842753505	0.46754883007017
-0.156620734801806	0.719063417253866
-0.221315757353899	0.930047978823019
-0.24224908029108	1.03361318253718
-0.730444772868452	4.20466042882589
-0.17343474191298	0.338864606751912
-0.0847334915235971	0.10018439692975
-0.148555974228935	0.249917713416024
-0.178800270234884	0.350183399928563
-0.0558297819717374	0.0858636040822645
-0.0155435097986201	0.0208655831538616
0.154146817506845	1.32059451211245
-0.0708898332656057	0.36829339301994
-0.183697872515354	1.07598091367474
-0.132218903636452	0.584606704524631
-0.153887267882794	0.570762795767827
-0.45931084330294	2.75793722133777
-0.255702563609573	0.800462411905144
-0.766184526573504	1.13066109837874
0.0957828536540334	0.15099422210121
0.0357051884984979	0.0523498256966998
-0.0256572790112878	0.0375410934665111
-0.115564052470726	0.194156856705195
0.0199033328216145	0.0965971917176874
-0.116438254691942	0.715936163746614
-0.0828232803713581	0.352232471521613
-0.0847197090974938	0.295179470288731
-0.320529452616973	1.62877827320792
-0.395420391026831	1.70550718486431
-0.209803824026092	0.39339628188471
-0.352770977555787	0.809649995051525
-0.411815359201685	0.953861220834868
-0.25945276248752	0.505453044616832
0.032895847459693	0.176440524782573
0.00776596739506821	0.0310951036330507
-0.0142129978563595	0.0474982974419733
-0.20296129480298	0.983265440791967
-0.118627255196249	0.36681491526404
0.0944622189725885	0.63617851332131
0.048136833871515	0.224032650971601
0.0181427317413268	0.0635277802116615
-0.0793960018591084	0.254036892449101
0.103961757873002	0.777738202286735
0.102217184500582	0.609206905236657
0.379815648461377	3.57245325177665
0.234484492447886	2.35733111247565
