x	y	clickSelects
0.0580125831876299	2.15830395237108	24
0.09440862901762	1.75545273629302	181
0.12340697949468	2.30700804133612	162
0.0732521631838801	0.370172278890225	38
0.10308211301442	0.758591481302476	56
-0.0686629428261301	1.24361847160299	127
-0.09082883678342	0.651675633707475	56
0.0357825675526999	1.03589126036308	209
-0.0901353700223	0.646033218417456	384
-0.0875771514186101	0.63212207909197	14
0.0732521631838801	0.370172278890225	923
0.06989061855482	0.361863679322192	17
-0.0250759995996399	0.901623678463572	209
-0.0831923918369899	0.624792864981833	209
0.0765201111659499	0.361036157678615	2798
0.07406585596451	0.3709145036914	456
0.03069928806819	0.706250061600965	14
0.0262565095938001	0.696761690052262	214
0.07073111785231	0.359283326343532	142
0.0287369232660799	0.71618803059248	672
-0.08385428350303	0.622563088499078	181
0.0557499239797501	1.37471570809763	162
-0.0381618563197801	1.92058711106262	530
0.0737790834829899	1.49553439385864	609
0.07406585596451	0.3709145036914	273
0.07814704139678	0.352779254983655	142
0.1045304526866	1.3430632778091	24
0.0836354992597199	1.12388139398831	162
-0.0000989904381800688	1.29945550315937	655
-0.0870201968550499	1.5862862373738	104
0.09056004976176	1.17111026263649	411
0.0882996113733701	1.13986223200254	396
0.0999045177237901	0.768022826675792	672
0.0628645842122499	1.65320606746399	181
0.00514616895704001	1.81764679785606	181
0.07570599555351	0.351515034614242	38
0.0956438825914001	1.08246820124954	151
0.05818580670114	1.30139411969067	1541
0.07409712804754	0.367420429263891	239
0.0981088512977399	0.795382444268735	384
-0.08685054112859	0.650695538697045	214
0.0300418322140199	0.69803428963495	214
-0.0818243790670701	1.58109113476033	181
0.0824625359621201	1.12603623096504	162
0.0343911964255199	1.5525524909472	162
0.0748791153249599	0.361405005837757	17
0.07406585596451	0.3709145036914	362
0.0994806975985001	0.797638106569233	362
0.09553418419818	1.11577996389254	295
0.0037144448950801	1.29854253071612	56
0.09835627433793	1.32166811058476	151
-0.0420303063020799	0.963784826694613	1541
0.0899673604675699	0.778921187833341	411
0.07409712804754	0.367420429263891	239
0.09731857271313	0.770650377948655	142
0.0298647564366901	0.712998582670094	873
0.0765201111659499	0.361036157678615	181
0.0723379463199001	0.359759751594949	17
0.09253422925249	1.12342198576891	1310
0.07406585596451	0.3709145036914	104
-0.01654122067523	1.48498872161093	295
-0.0387784085696501	0.97116157265935	273
0.08719191413905	1.12191717123886	1541
-0.02891646620841	0.927679041560702	56
0.0981088512977399	0.795382444268735	56
-0.0393534495503001	0.920629846409517	417
0.0265013869176101	0.712437980809731	384
0.07406585596451	0.3709145036914	384
0.11586522711694	1.52179708613267	181
-0.07624604488611	1.46387346755711	181
-0.07249250932945	1.23850632078327	181
-0.0109405785460299	1.49291763389698	530
0.0000281499329100043	1.22859715470476	104
-0.03646324068007	0.997020989141928	151
0.09604289489172	0.799998582854141	273
0.0950148849141299	0.819994653273912	209
0.06909918981246	0.358983817490974	81
0.0732521631838801	0.370172278890225	14
-0.09363318894026	1.83755012308843	162
-0.0350862949450601	0.994880936174283	362
0.0127117378372601	1.81767365194562	38
-0.0790101449738301	1.50419559941566	609
0.10222861132207	0.770620528451375	104
-0.03417387381745	0.975669857015676	295
-0.02529663220983	0.91956481109073	295
0.10243902905212	0.796762346440746	151
-0.09154985414299	0.633122587919885	102
0.07409712804754	0.367420429263891	81
0.0987667042823399	0.741510740156497	81
-0.08754702831989	0.647502485726157	14
-0.0358180098073999	0.987662123854787	873
0.0748791153249599	0.361405005837757	873
0.02694753233242	0.694870978274857	181
0.0970438305794099	2.0562971835045	162
0.00570100628791992	1.30371826736991	530
-0.0320435974873201	0.916581151182885	295
0.0302791124127499	0.687690037180194	151
0.0327017174461499	0.706696854466365	81
0.07733379296195	0.361722109979266	14
0.07733379296195	0.361722109979266	14
-0.0303769486358001	1.85137984362631	181
0.02530838538865	0.726679396255938	181
-0.0664616264282001	1.19838657628929	162
0.0864342965537399	1.10982937950416	362
-0.0254166799587201	0.867857931756723	56
-0.09540458158048	0.625608272604495	81
0.0732521631838801	0.370172278890225	14
0.12011140157787	2.29538035990169	24
0.0280759697733599	0.711178698251438	141
0.0298647564366901	0.712998582670094	362
0.09149616828578	1.12050628421486	104
0.00201574267210991	1.27485621067122	151
0.0228278791124801	0.674967755024634	273
0.0281406671050799	0.71353808889011	273
0.0291589377818899	0.687882480018648	273
0.02992881382277	0.709155131923397	81
0.0732521631838801	0.370172278890225	565
0.0757241952224399	0.358809802628489	873
-0.0842681270750401	1.79494903664018	181
0.06403251429943	1.70055041132363	162
0.10231100258691	1.39711249279284	362
0.09288341405266	0.795973273603091	38
0.10006130509257	0.79252241580258	104
-0.0441009812200699	0.955185307844396	273
0.0732521631838801	0.370172278890225	81
0.07491087834156	0.368145189989722	81
0.07406585596451	0.3709145036914	81
-0.0877835888087699	0.625838636262737	81
0.0765201111659499	0.361036157678615	14
-0.0939469053603701	0.601608384984272	317
0.0657099899682001	0.349308304828629	317
0.03069928806819	0.706250061600965	181
0.00717530748012996	1.93197192247938	162
-0.0683017771472101	1.33842101262155	530
0.0314703611431999	0.681288283826541	104
-0.09010916006381	0.627957519214809	417
-0.0878656717147901	0.627415990608733	1544
0.07491087834156	0.368145189989722	81
-0.08615421081827	0.648939241803862	81
0.07733379296195	0.361722109979266	14
0.06907493082974	0.368773047437297	14
0.07409712804754	0.367420429263891	142
-0.0856598504272399	1.62657475870279	95
0.0925156227296899	1.0714828641602	162
-0.0203855656161001	1.46428546159481	38
0.03193037905953	0.691235108398857	273
-0.0915224562719299	0.651016892062133	81
0.07491087834156	0.368145189989722	14
0.0699153717621199	0.366068594755104	14
-0.12387529619199	0.818785037060845	14
0.09796687450003	0.819497119076546	317
0.0783272120362899	2.16781423651249	95
0.0776809964105101	1.08523669084334	181
0.00247773802939011	1.25535784472716	181
-0.03119693614301	0.965931683276657	17
0.03130984352817	1.07325652623947	38
0.02933297212633	0.714808328295595	273
0.0748791153249599	0.361405005837757	14
0.10177575672205	1.29809296250339	1007
0.09363923438047	0.811023129693463	181
0.02739813217933	1.04105575202883	17
0.0248868843408701	0.717569102784134	56
0.03610031314573	1.09514109626967	81
-0.0444276085227699	0.945578006014428	308
0.0732521631838801	0.370172278890225	14
0.0723379463199001	0.359759751594949	56
-0.0901353700223	0.646033218417456	81
0.0765201111659499	0.361036157678615	81
0.07406585596451	0.3709145036914	148
0.07409712804754	0.367420429263891	14
0.07491087834156	0.368145189989722	1059
0.07491087834156	0.368145189989722	317
-0.03141895912889	0.993312239853729	181
-0.0854296980609901	0.625307527713718	362
-0.02931692950413	0.970121753627359	362
0.07491087834156	0.368145189989722	530
0.0279962260781901	1.02645500256686	56
0.07406585596451	0.3709145036914	308
-0.09010916006381	0.627957519214809	308
-0.0901450199081499	1.64736360834753	141
0.02590498980093	0.722440331579778	181
0.0732521631838801	0.370172278890225	181
0.0948036003497399	0.817115611613413	58
-0.09910730784253	0.591433453764291	273
0.0277188095404399	0.692109202558875	273
0.0732521631838801	0.370172278890225	417
-0.08827441376751	0.629179396138068	1767
0.0903386871632501	0.79783451426435	362
0.07406585596451	0.3709145036914	530
0.0397146225030101	0.981250398799851	58
0.02933297212633	0.714808328295595	81
0.0748791153249599	0.361405005837757	81
0.07328294388498	0.357469400515175	14
0.06909918981246	0.358983817490974	14
0.0849473746548399	1.14000417323524	181
0.07409712804754	0.367420429263891	181
0.07409712804754	0.367420429263891	181
0.11018578588918	1.54049964223359	181
-0.00115724199284006	1.28063424282882	162
-0.0322183755224299	0.996866295100714	17
0.0948036003497399	0.817115611613413	17
0.0748791153249599	0.361405005837757	58
-0.08754702831989	0.647502485726157	58
0.07243803652764	0.360030201558138	56
-0.03762040659292	0.99478192689528	417
0.07491087834156	0.368145189989722	81
0.0732521631838801	0.370172278890225	1952
0.07409712804754	0.367420429263891	14
-0.0305161940571601	0.931228194469406	14
0.0699153717621199	0.366068594755104	14
0.0748791153249599	0.361405005837757	1941
0.03606034674754	0.991463739545576	162
0.0682588072382999	0.361552350134347	56
0.0732521631838801	0.370172278890225	58
0.0757241952224399	0.358809802628489	56
0.07733379296195	0.361722109979266	81
0.0547951833695499	1.30547383228526	847
0.0290870356744599	0.679168587599337	81
0.0732521631838801	0.370172278890225	81
-0.08685054112859	0.650695538697045	650
0.01324331367735	1.83579679505926	95
0.10027241634509	0.788075272196311	181
-0.05753651230004	1.1787165297224	17
-0.00419696126052993	1.28869838750343	530
0.02411455412953	0.720540891480179	58
0.0434456460597099	1.46621127643948	58
0.07491087834156	0.368145189989722	58
-0.0868209646375	0.62404764908568	417
0.07406585596451	0.3709145036914	148
0.07491087834156	0.368145189989722	443
0.05284379816422	1.77880677043238	181
-0.03668291105746	0.956850240735928	181
0.07902069087437	1.08700546088623	17
-0.08688004692054	0.630477788457475	81
0.07570599555351	0.351515034614242	148
-0.08615421081827	0.648939241803862	443
-0.0220347412814099	1.73150055755099	17
-0.0752073456754401	1.22579733191998	17
0.0757241952224399	0.358809802628489	17
0.00141942951850993	1.25227736152192	58
0.0657099899682001	0.349308304828629	1767
0.03554884771094	1.03920564171501	81
0.06487412246589	0.351681013980674	847
0.07491087834156	0.368145189989722	81
-0.0940334629172499	0.608754266868874	14
0.02411455412953	0.720540891480179	14
0.07243803652764	0.360030201558138	14
0.07073111785231	0.359283326343532	181
0.0757241952224399	0.358809802628489	181
0.07409712804754	0.367420429263891	181
-0.08615421081827	0.648939241803862	950
-0.08688004692054	0.630477788457475	171
-0.0763172128443901	1.20393335948194	56
-0.03161382220858	0.960870898444724	417
0.07570599555351	0.351515034614242	847
0.0757241952224399	0.358809802628489	81
0.0986897270872	0.794223290968916	14
0.0905509995062399	0.793110748516912	14
-0.0831923918369899	0.624792864981833	14
0.0699153717621199	0.366068594755104	141
-0.0790131882841001	1.8804609003882	95
0.06989061855482	0.361863679322192	950
0.0731536250120799	0.353255997733963	171
0.0591491712518	1.35910855633765	673
0.0748791153249599	0.361405005837757	530
-0.0895079667132901	1.6817721103917	283
-0.0770510381184	1.39015541507434	81
-0.08755374733038	2.16933317786182	181
-0.0340032228366001	0.9370042074773	181
0.0332571421037799	1.08101009053997	188
0.0518880571899101	1.34523671981341	17
0.0699153717621199	0.366068594755104	171
-0.08685054112859	0.650695538697045	58
0.07409712804754	0.367420429263891	81
0.07406585596451	0.3709145036914	81
0.07409712804754	0.367420429263891	81
0.0923006313686301	0.802776412702918	81
-0.08615421081827	0.648939241803862	2125
0.0981088512977399	0.795382444268735	14
0.0952268224105	0.804653806783051	14
-0.0887239426655	0.607254213672232	262
0.09078274960251	0.775077131914118	14
0.0260803907828999	0.723644438443023	24
0.0357819540464299	1.05734833209461	158
0.03494441589736	1.02916451660145	181
-0.08688004692054	0.630477788457475	181
0.0942215241359099	0.816316075384491	49
-0.04006929401749	0.987592157290331	17
-0.0295366826848	0.974550565390624	673
0.0991106747595401	0.78666114034821	56
0.07570599555351	0.351515034614242	56
-0.00410633460263998	1.26690474104364	81
0.07328294388498	0.357469400515175	81
-0.08717513030772	0.622255654825568	14
0.04005731773986	1.01757265407199	141
0.0765201111659499	0.361036157678615	445
0.10854270630341	0.695688357574436	17
0.07733379296195	0.361722109979266	1308
-0.0939469053603701	0.601608384984272	58
0.0953854631657201	0.813379412416961	58
-0.0882436724242599	0.638917853433033	56
-0.0875771514186101	0.63212207909197	81
0.0748791153249599	0.361405005837757	181
-0.0409601895374701	0.902712234613481	49
0.10424543653546	0.748078711968241	58
0.02744927646454	0.693474958027177	58
0.0226510793394099	0.696968776347968	58
0.0682588072382999	0.361552350134347	81
0.05982933168033	0.334494794523721	98
0.0127781527300299	1.80190555085066	460
0.0940110476934499	0.790752466996557	81
0.07406585596451	0.3709145036914	78
0.0667181477130101	2.22770474144793	49
-0.0389104020978399	0.984060887841028	17
0.0252368561630201	0.693093529425053	81
0.02573030517526	0.691001989827811	81
0.09389413650399	0.764672683183875	81
0.03245379434288	0.668396358925636	14
-0.0366283272929	0.991111334287554	24
0.09575616746278	0.765747310205607	24
0.0748791153249599	0.361405005837757	95
-0.05648014969093	2.2766541572035	460
0.0260803907828999	0.723644438443023	171
-0.0291382659697199	0.948774922564223	1448
0.09168279982534	1.11301708738882	1959
0.09839158796603	0.775905085098438	1959
0.0869093177081699	1.13951022547319	708
0.07733379296195	0.361722109979266	56
0.10243902905212	0.796762346440746	14
0.07491087834156	0.368145189989722	581
-0.0220490764143	1.68271676085059	649
-0.0884685461535699	0.619656334801109	188
-0.0901353700223	0.646033218417456	171
-0.0831923918369899	0.624792864981833	58
-0.03337507281495	1.00535126862955	448
0.07491087834156	0.368145189989722	14
0.06487412246589	0.351681013980674	581
0.0748791153249599	0.361405005837757	95
-0.0885472214612	2.00023054308008	95
0.0143993328282599	1.82164397477093	460
0.0332972239157801	0.705346228585062	188
0.0732521631838801	0.370172278890225	171
0.03364492534857	0.656666261382605	171
-0.09609039778503	0.621718199121932	1448
-0.0346038555619099	0.920160320854532	283
0.0894537573496601	1.16703187527471	58
0.08697320014457	1.15229090867084	58
0.03193037905953	0.691235108398857	81
-0.03184803601889	0.942771793284939	81
-0.08615421081827	0.648939241803862	81
0.0726532791092001	1.56193229961003	24
0.08999960233229	2.06822222184004	95
0.107313732418	1.32288511569052	1448
0.0699153717621199	0.366068594755104	1187
0.0950148849141299	0.819994653273912	58
0.10185816769486	0.79793753845267	708
0.0757241952224399	0.358809802628489	78
-0.0580471258983599	2.1937254107113	95
0.02411455412953	0.720540891480179	188
0.06907493082974	0.368773047437297	188
-0.0332074889957501	0.968674347561139	773
0.0981088512977399	0.795382444268735	313
-0.03682155460237	0.999518490906753	1959
0.0977375985436399	0.789644731338701	81
0.000358966571049946	1.34416360175538	95
0.0896732988857101	1.14640244668441	17
0.0267736860993799	0.68569551454122	313
-0.0922442560044601	0.632528806362414	1822
0.10360011435851	0.782141968265855	1466
0.03778950557942	1.08672408172545	78
0.02008514680426	0.689921630671593	1372
0.0732521631838801	0.370172278890225	81
0.07491087834156	0.368145189989722	81
0.06989061855482	0.361863679322192	166
-0.03067980367444	0.948186705459979	23
0.02128048980895	0.701736661403363	23
0.06907493082974	0.368773047437297	1064
0.0882996113733701	1.13986223200254	1372
-0.00569219455268	1.29820452667284	24
0.10924468796443	1.91211794548719	158
-0.0213743007593099	1.49062618444857	95
0.08602235922747	1.11639729162235	23
0.00107839804348009	1.30931767414537	36
0.02145648020939	0.69590184159412	708
0.10122188265233	0.768143878128514	1962
0.00300667041916003	1.25020809957132	1962
0.07073111785231	0.359283326343532	166
-0.06836551677653	1.25410854751377	23
0.06907493082974	0.368773047437297	1116
-0.07193800429468	1.24305120202196	36
0.0923006313686301	0.802776412702918	975
-0.06528217809496	1.27149525095206	1962
0.08981015263162	0.762458937538144	2163
0.0315100844135501	0.697492283418583	1372
0.07491087834156	0.368145189989722	81
-0.0889404734739101	0.620240116866567	78
0.10484192326552	1.37665153985154	24
0.05557602044948	1.32352289014321	95
-0.05157094567472	2.08799697265539	95
-0.09079721363636	0.600054257316084	181
-0.0689197018152601	1.2468941049786	23
0.09559690392185	0.820808712288049	2316
-0.08581296387477	1.69202548221414	36
0.07814704139678	0.352779254983655	1372
0.0682588072382999	0.361552350134347	486
0.02453697979076	0.704173780564231	486
-0.08685054112859	0.650695538697045	961
-0.08685054112859	0.650695538697045	166
0.07406585596451	0.3709145036914	166
-0.0253826649641999	1.70477010271095	95
0.0264302562403	0.683561587052118	125
0.0209725818423201	1.65909786366962	17
0.10964972360466	1.51814599650599	36
0.0300418322140199	0.69803428963495	356
0.07491087834156	0.368145189989722	1372
0.0287369232660799	0.71618803059248	1372
0.07491087834156	0.368145189989722	1372
0.03193037905953	0.691235108398857	486
-0.0754615529895799	1.18938629661076	181
-0.00611640480644993	1.25843100932495	2316
-0.0322183755224299	0.996866295100714	17
0.0559597977647	1.67322497379486	36
0.02737031026359	0.691986903515674	838
-0.0854296980609901	0.625307527713718	93
0.0315100844135501	0.697492283418583	390
0.07491087834156	0.368145189989722	486
-0.08545803735671	0.641581757468607	486
-0.09540458158048	0.625608272604495	81
0.07409712804754	0.367420429263891	403
-0.08688004692054	0.630477788457475	78
0.09712977266199	0.762682345364339	181
0.07406585596451	0.3709145036914	23
0.10185816769486	0.79793753845267	36
0.07570599555351	0.351515034614242	1426
0.0732521631838801	0.370172278890225	784
0.03010360666558	0.711852611027546	78
0.0723379463199001	0.359759751594949	81
0.0732521631838801	0.370172278890225	95
0.07406585596451	0.3709145036914	181
-0.03624292593743	1.00328287369985	2173
0.0953854631657201	0.813379412416961	36
-0.0901353700223	0.646033218417456	93
0.0732521631838801	0.370172278890225	93
0.07073111785231	0.359283326343532	755
0.09582922283102	0.795799315747337	755
0.07409712804754	0.367420429263891	78
0.0765201111659499	0.361036157678615	403
0.12381093996785	1.74902688406023	95
0.03010360666558	0.711852611027546	95
0.0171637520254699	0.620106401264723	181
0.03863452398268	1.04519553961626	23
0.06907493082974	0.368773047437297	977
-0.0922519857055799	0.603678040133702	977
-0.08685054112859	0.650695538697045	734
-0.0559654143637201	2.28508777425899	49
0.0757241952224399	0.358809802628489	22
0.07491087834156	0.368145189989722	93
0.07409712804754	0.367420429263891	918
0.07406585596451	0.3709145036914	93
0.0748791153249599	0.361405005837757	156
0.08882015297905	1.13545475383947	95
0.0237993164554799	1.7144363886017	754
-0.0892915244308199	1.44941651705643	977
0.0749499995052201	1.91220262589449	17
-0.0873269086768	1.46298696858427	36
-0.0936335209499299	0.609844724032109	1527
0.07409712804754	0.367420429263891	156
0.07814704139678	0.352779254983655	81
0.0981088512977399	0.795382444268735	35
-0.08685054112859	0.650695538697045	17
0.0258336596461499	0.691122821312279	918
0.03322742667768	0.668068513046267	390
-0.0838858244492999	0.626415376188355	784
-0.0889404734739101	0.620240116866567	2857
0.0699153717621199	0.366068594755104	55
-0.0845314616591299	2.36403971197664	940
0.03831153414725	1.02371148298834	754
-0.02586190365755	1.70507514567329	17
-0.12446214949101	0.821954801682755	93
-0.03668291105746	0.956850240735928	390
-0.08615421081827	0.648939241803862	1028
-0.08685054112859	0.650695538697045	81
0.0723379463199001	0.359759751594949	78
0.07312099966002	1.56674660636652	181
0.0732521631838801	0.370172278890225	17
0.0958660275272101	1.09249799784556	93
-0.0356645060973899	1.00179687794403	93
0.07491087834156	0.368145189989722	156
-0.0838858244492999	0.626415376188355	156
0.07406585596451	0.3709145036914	35
0.0287369232660799	0.71618803059248	261
0.0947747031853201	1.10591891615824	58
0.02933297212633	0.714808328295595	390
0.0286412153618401	0.664949336655674	1028
0.0732521631838801	0.370172278890225	55
0.0748791153249599	0.361405005837757	5
-0.0141508729820099	1.52629879141723	23
0.08019534659285	1.52239014804138	49
-0.0878656717147901	0.627415990608733	17
-0.0831614766705999	0.62543341148645	96
0.0952464061479701	0.802634869236103	58
-0.0828355964027601	1.68104299036805	22
0.06989061855482	0.361863679322192	390
0.0748791153249599	0.361405005837757	78
0.0752403336027501	1.57644236614876	95
0.0783664427327999	1.54118369060678	23
0.03069928806819	0.706250061600965	58
-0.0386879019781601	0.976140118788793	22
0.0731536250120799	0.353255997733963	78
0.07073111785231	0.359283326343532	35
-0.0915688424241801	0.600974203038057	5
-0.0328723182861601	0.93825438750072	23
0.0506953115447799	1.18310397335543	96
0.02601136115206	0.675668031556172	2723
0.0321060043241901	0.70412970662876	58
-0.0901353700223	0.646033218417456	156
0.0287369232660799	0.71618803059248	78
0.0299027784896599	1.07642514516035	146
0.0642686296335	1.60350339139732	17
-0.0327966199065699	1.00384943870655	390
-0.08688004692054	0.630477788457475	156
-0.0864141869864501	0.621269798130482	35
0.0757241952224399	0.358809802628489	832
-0.02794150847514	0.939055688341929	832
0.06989061855482	0.361863679322192	2723
0.0408712763780701	1.05981266673896	58
-0.0329885114933499	0.972067979505024	22
0.0748791153249599	0.361405005837757	121
0.0682588072382999	0.361552350134347	28
0.07073111785231	0.359283326343532	55
0.0268371911160901	1.04843574701304	24
0.0858009745209001	1.1413075651064	939
-0.0215481934213899	1.5284401925896	726
0.07406585596451	0.3709145036914	1048
0.0973846046507401	0.814116938598403	22
0.0699153717621199	0.366068594755104	82
-0.08618310023996	0.623638372110676	156
0.0732521631838801	0.370172278890225	495
-0.09010916006381	0.627957519214809	156
0.07243803652764	0.360030201558138	35
0.10642315260684	1.34359194505253	146
0.08861452852719	1.13020836312955	1498
0.02737031026359	0.691986903515674	23
0.0295077182483501	0.713221764448928	23
-0.0718123925641201	1.21629081480106	49
0.0732521631838801	0.370172278890225	34
-0.0878656717147901	0.627415990608733	1151
0.07409712804754	0.367420429263891	1797
0.02225822476065	1.99769206483884	469
-0.000790552876549944	1.30499473849647	191
0.0372749650459501	1.04557042809665	189
-0.00156304978985999	1.31512204608204	125
0.0363416389546101	1.03971783181866	23
-0.0864141869864501	0.621269798130482	23
0.09559690392185	0.820808712288049	23
-0.03646324068007	0.997020989141928	23
-0.09293529737659	0.600137640042268	23
-0.0293370374826401	1.62536981653179	49
-0.07939131879432	1.43002930044196	832
0.0302791124127499	0.687690037180194	224
0.07406585596451	0.3709145036914	180
0.0748791153249599	0.361405005837757	34
-0.08897183400035	0.621230543623696	121
0.07073111785231	0.359283326343532	156
0.06909918981246	0.358983817490974	851
0.07409712804754	0.367420429263891	78
0.0315100844135501	0.697492283418583	23
0.0315100844135501	0.697492283418583	17
-0.08647555776922	1.49002808760366	832
0.0942215241359099	0.816316075384491	1010
0.0247115735438801	0.726028738818367	22
0.07409712804754	0.367420429263891	22
-0.0908019963765401	0.627381745115181	1432
-0.09154985414299	0.633122587919885	252
0.07570599555351	0.351515034614242	675
0.06907493082974	0.368773047437297	121
-0.0861252533938	0.626926997860543	1012
0.0757241952224399	0.358809802628489	156
0.07243803652764	0.360030201558138	194
0.09971240462021	0.807724036557821	146
-0.02067039652154	1.51414726902392	23
0.0851605333874299	1.40186061380842	17
0.02720443211863	0.666696838925974	1010
0.07409712804754	0.367420429263891	121
0.03252604631121	0.689946563337964	1012
0.07328294388498	0.357469400515175	78
0.07409712804754	0.367420429263891	194
0.10101376612312	1.37284569948387	23
0.0756596943491501	1.52947661529152	17
0.03069928806819	0.706250061600965	252
0.07491087834156	0.368145189989722	93
-0.08685054112859	0.650695538697045	2346
-0.0875771514186101	0.63212207909197	406
0.0998508406583401	0.779807628202975	150
0.03069928806819	0.706250061600965	35
-0.03235381509969	0.963901114608924	189
0.07565192198946	1.57938490507654	125
-0.0915047946076899	1.80984825581843	9
0.03298084824251	1.06385913209831	2529
-0.0161594280842501	1.5112781968634	17
0.0280759697733599	0.711178698251438	246
0.07409712804754	0.367420429263891	675
0.07570599555351	0.351515034614242	2346
-0.0824688224160699	0.623814192542301	121
0.07491087834156	0.368145189989722	150
0.07409712804754	0.367420429263891	150
0.0699153717621199	0.366068594755104	35
-0.0370417191972101	0.998492342691738	1498
0.0872239149492	1.13699290856035	17
-0.03810862106677	0.971656676418578	129
-0.09082883678342	0.651675633707475	22
0.07243803652764	0.360030201558138	180
0.0699153717621199	0.366068594755104	675
0.06487412246589	0.351681013980674	121
-0.0831923918369899	0.624792864981833	121
0.07328294388498	0.357469400515175	121
-0.03337507281495	1.00535126862955	191
0.0986897270872	0.794223290968916	45
0.0476178568115699	1.26273956604372	45
0.07406585596451	0.3709145036914	23
-0.08688004692054	0.630477788457475	23
0.10166898435317	0.7626103419541	17
0.0327017174461499	0.706696854466365	17
-0.00252425616831009	1.33369566848766	117
-0.0953169651466701	0.600770215341564	22
0.07491087834156	0.368145189989722	1004
0.07409712804754	0.367420429263891	78
0.07406585596451	0.3709145036914	194
0.07409712804754	0.367420429263891	194
0.08655962658379	1.09552003058486	146
0.0513564782713201	2.17988839759119	191
-0.09082883678342	0.651675633707475	1498
0.0961787095836999	0.817028706656386	1013
0.0748791153249599	0.361405005837757	129
0.07243803652764	0.360030201558138	246
-0.08685054112859	0.650695538697045	22
0.07409712804754	0.367420429263891	93
0.07243803652764	0.360030201558138	1296
-0.0908019963765401	0.627381745115181	78
0.0732521631838801	0.370172278890225	132
-0.10047439172788	0.580357574582154	569
0.0988998774377401	0.798807671318542	146
0.02530838538865	0.726679396255938	146
0.0732521631838801	0.370172278890225	191
-0.0655704616786099	1.27271597411136	23
0.0952268224105	0.804653806783051	170
0.03133883022769	1.04872081347639	9
-0.0831614766705999	0.62543341148645	2529
-0.0434732335071799	2.14265451132173	36
-0.08941647550221	0.62280281992148	1013
-0.02971669493098	0.95013269032377	17
0.0302791124127499	0.687690037180194	36
0.07406585596451	0.3709145036914	1215
0.07491087834156	0.368145189989722	1304
0.0765201111659499	0.361036157678615	512
0.07406585596451	0.3709145036914	2746
0.07406585596451	0.3709145036914	132
0.07073111785231	0.359283326343532	156
0.0732521631838801	0.370172278890225	156
0.07733379296195	0.361722109979266	194
0.0732521631838801	0.370172278890225	35
0.0341405708278999	1.02733672291948	33
-0.0875771514186101	0.63212207909197	146
-0.09471893664371	0.622677474229705	146
0.06907493082974	0.368773047437297	491
0.03087484021063	0.686419610405965	125
0.07243803652764	0.360030201558138	23
0.07406585596451	0.3709145036914	23
0.0699153717621199	0.366068594755104	359
0.06909918981246	0.358983817490974	23
0.0994925882184601	1.04595829758555	9
-0.09540458158048	0.625608272604495	9
-0.0838858244492999	0.626415376188355	303
0.07406585596451	0.3709145036914	9
0.0699153717621199	0.366068594755104	17
0.07406585596451	0.3709145036914	246
0.0732521631838801	0.370172278890225	1304
0.07409712804754	0.367420429263891	132
0.0657099899682001	0.349308304828629	132
0.09411281044853	1.0809307751242	150
-0.09549166083952	0.606286422284148	146
0.02187784970509	0.69972310738668	146
0.0682588072382999	0.361552350134347	45
0.07733379296195	0.361722109979266	23
0.0117455387577501	1.81630829809776	23
0.06907493082974	0.368773047437297	359
0.07491087834156	0.368145189989722	359
0.0757241952224399	0.358809802628489	9
0.0732521631838801	0.370172278890225	2730
0.0699153717621199	0.366068594755104	129
-0.08685054112859	0.650695538697045	129
0.07491087834156	0.368145189989722	22
0.06989061855482	0.361863679322192	246
0.06907493082974	0.368773047437297	132
0.07409712804754	0.367420429263891	132
0.0981025447642501	1.35680158256551	156
0.07409712804754	0.367420429263891	808
0.0281406671050799	0.71353808889011	156
0.07491087834156	0.368145189989722	156
0.06989061855482	0.361863679322192	150
0.0948767381129501	0.798535561876838	1830
0.0968401359536999	0.774909596041914	45
0.10538938676493	0.741318463957348	45
0.10560051670632	0.755982970670054	45
-0.00694231182814997	1.25713524652801	23
0.10228062145674	0.761870277402712	2730
-0.08095577433556	1.44871806411906	2730
0.0648894834577301	1.70545886609725	117
0.0988998774377401	0.798807671318542	36
0.08999025902688	1.15745160370807	36
-0.0371797322116401	0.963375022829566	129
0.07152183182018	0.352982277833318	246
0.0682588072382999	0.361552350134347	246
0.0682588072382999	0.361552350134347	246
0.0247115735438801	0.726028738818367	1086
-0.0901353700223	0.646033218417456	932
0.0732521631838801	0.370172278890225	132
0.09171763481269	0.804460276132376	156
0.07406585596451	0.3709145036914	61
0.0387617924996899	1.88141027123878	33
0.0064134625643999	1.84195362956271	33
0.0334736530165001	0.688175764126672	1830
-0.0929388115972101	0.626206699856175	359
0.0352223297158201	1.03474763704749	23
0.08812137959422	1.05549287953852	9
0.03750462136379	1.0991949334547	819
-0.0324110223614	0.973098860131152	36
-0.00188842066968009	1.80845576034493	22
0.02856293596765	0.693119539231974	246
0.07406585596451	0.3709145036914	2603
0.07406585596451	0.3709145036914	93
0.0732521631838801	0.370172278890225	93
-0.0831614766705999	0.62543341148645	1304
-0.0854296980609901	0.625307527713718	932
0.06907493082974	0.368773047437297	529
0.0757241952224399	0.358809802628489	156
0.07409712804754	0.367420429263891	156
0.06907493082974	0.368773047437297	61
0.07733379296195	0.361722109979266	61
0.0335414272482599	1.07264202992084	45
0.02926870103654	0.717130682013422	129
-0.0385889079802999	0.955262424944589	129
0.0289116226796999	0.710599286486434	246
0.0975277626481801	0.792774943538115	93
0.0757241952224399	0.358809802628489	2603
0.02685299659414	0.697322643304579	2589
0.0757241952224399	0.358809802628489	61
0.10156845695044	1.30113834353683	23
-0.0154592418887201	2.26836795144238	9
-0.00448152289986004	1.9712561989944	9
-0.0148370014297601	1.42857405953103	1943
0.10991639100024	0.694302415002682	93
0.0699153717621199	0.366068594755104	2589
0.07491087834156	0.368145189989722	695
0.07491087834156	0.368145189989722	156
-0.0164407325629099	1.465918906725	191
0.0613429412616799	1.71505327463787	45
0.0814030317883101	1.09315339870186	23
0.02945959314929	2.05278515596416	9
0.0952268224105	0.804653806783051	36
0.0965631482420699	1.30863788450185	22
0.07406585596451	0.3709145036914	2603
0.0260803907828999	0.723644438443023	132
0.07491087834156	0.368145189989722	132
-0.09154985414299	0.633122587919885	156
0.02411455412953	0.720540891480179	156
0.07409712804754	0.367420429263891	143
0.06989061855482	0.361863679322192	61
0.0699153717621199	0.366068594755104	61
-0.0281622001180999	0.967705421387289	35
0.0262740791469001	1.68333769427937	191
0.09220861240681	1.76279477410715	45
0.0614896877562401	1.33940481893824	45
0.1088954616414	1.33911762382728	45
0.10700265796387	1.33354751039332	9
-0.02516688985961	1.7921623662292	36
0.09171763481269	0.804460276132376	246
-0.0705401710221001	1.25431548659388	463
-0.08754702831989	0.647502485726157	2021
-0.08685054112859	0.650695538697045	93
0.03010360666558	0.711852611027546	132
0.02128048980895	0.701736661403363	695
0.0765201111659499	0.361036157678615	156
-0.09082883678342	0.651675633707475	156
0.07406585596451	0.3709145036914	993
0.0699153717621199	0.366068594755104	61
0.09443265241684	0.81462985588443	506
0.0784249292406301	2.36608130444129	23
-0.08615421081827	0.648939241803862	93
0.0748791153249599	0.361405005837757	695
0.07733379296195	0.361722109979266	61
0.09366362019259	1.04182631123153	191
0.0228278791124801	0.674967755024634	23
-0.08980737562797	1.85639440004382	17
-0.0884685461535699	0.619656334801109	904
0.0765201111659499	0.361036157678615	93
-0.0901353700223	0.646033218417456	1305
0.03389252386927	0.699840267189601	93
0.07409712804754	0.367420429263891	132
0.07073111785231	0.359283326343532	993
0.07733379296195	0.361722109979266	143
0.09109716401664	1.17014345776634	191
0.10618136536496	0.754913958230972	23
-0.06557341597241	1.22403823911444	170
-0.03033317479557	0.946951937902058	246
0.09559690392185	0.820808712288049	93
-0.0894420559612401	0.629001155105184	93
-0.09010916006381	0.627957519214809	2799
-0.0854296980609901	0.625307527713718	156
0.07328294388498	0.357469400515175	993
0.089762904981	1.31839386184626	191
0.09796687450003	0.819497119076546	23
-0.0817763207119	0.617110072229077	246
0.0977375985436399	0.789644731338701	463
0.03069928806819	0.706250061600965	132
0.07406585596451	0.3709145036914	132
0.07409712804754	0.367420429263891	1701
0.09226548542227	1.14594978037707	23
-0.00156304978985999	1.31512204608204	170
-0.0315314321301401	1.77289772476882	170
0.09604289489172	0.799998582854141	93
0.09694646099524	0.786337962106927	392
-0.0915224562719299	0.651016892062133	2799
0.06907493082974	0.368773047437297	993
0.07491087834156	0.368145189989722	379
0.0196607494316201	2.19162790420077	844
0.0533197892321999	1.35839981920771	23
-0.04301861279257	0.944119711067533	23
-0.0683000979147701	1.27464603776543	9
-0.0345082923433899	0.981996621757425	36
0.05805165828996	1.32743600923622	36
-0.0901353700223	0.646033218417456	246
-0.0408704558250901	0.982981359456117	246
-0.09463185003987	0.604309604403684	246
-0.08941647550221	0.62280281992148	246
0.0950148849141299	0.819994653273912	904
-0.08457941061108	0.623534548765836	904
0.0437443621579301	0.9626941914399	392
0.07406585596451	0.3709145036914	993
0.07409712804754	0.367420429263891	993
0.02411455412953	0.720540891480179	45
-0.0889404734739101	0.620240116866567	23
0.0314703611431999	0.681288283826541	678
-0.0882436724242599	0.638917853433033	36
0.0579234183675299	1.17314479267324	246
0.0732521631838801	0.370172278890225	246
0.0757241952224399	0.358809802628489	87
0.0306377249093599	0.694157396652287	2749
0.0757241952224399	0.358809802628489	93
-0.08615421081827	0.648939241803862	993
-0.09082883678342	0.651675633707475	45
-0.0864141869864501	0.621269798130482	170
0.10106488412459	0.75963374046592	170
0.09639095920615	0.810630399708477	2799
-0.0922442560044601	0.632528806362414	993
-0.08615421081827	0.648939241803862	993
0.0765201111659499	0.361036157678615	294
0.0732521631838801	0.370172278890225	294
0.0682588072382999	0.361552350134347	143
0.044319366384	1.45474965056882	35
-0.0868209646375	0.62404764908568	35
-0.00381189746818	1.30680774200911	146
0.0893319708081699	1.40258547376705	146
0.0234537360601901	1.71837307783216	538
-0.0901149410036	0.587305010174991	191
0.0990607284531999	0.756218628252642	1076
0.0966256527249401	0.793208926140691	1076
0.0986897270872	0.794223290968916	45
0.01784752969143	0.666574641361446	471
0.09171763481269	0.804460276132376	678
0.1194546512122	1.56750942801316	36
-0.0216681755298001	2.1994304626707	36
-0.06641568144758	1.24647692817664	234
0.0248868843408701	0.717569102784134	234
-0.04244049225657	0.947891853394802	93
0.0279667268406001	0.694411942800868	156
-0.08688004692054	0.630477788457475	35
0.0248868843408701	0.717569102784134	35
-0.01763196953725	1.62011974841517	844
0.0291589377818899	0.687882480018648	191
0.03726005600724	0.65784022995076	191
-0.0310365984688299	0.957526905203265	191
-0.06501682032854	1.27447051264567	191
-0.0182521562351401	1.46959113929337	45
-0.0337850352454001	0.967660848857987	678
0.0193880396342101	1.69607369585383	36
-0.08530587482107	0.585811174168128	330
0.02590498980093	0.722440331579778	392
0.0765201111659499	0.361036157678615	100
-0.08685054112859	0.650695538697045	156
-0.0882436724242599	0.638917853433033	156
0.07406585596451	0.3709145036914	993
0.0757241952224399	0.358809802628489	379
-0.0655704616786099	1.27271597411136	146
0.07406585596451	0.3709145036914	471
0.07409712804754	0.367420429263891	9
0.07082864149908	1.84451483441468	9
0.11525131518855	1.58389915404449	36
0.07491087834156	0.368145189989722	841
0.06907493082974	0.368773047437297	392
-0.0863081147807301	1.6987306614638	302
0.03781848750064	1.01319184576325	302
0.07243803652764	0.360030201558138	156
0.09311605940358	1.73528510299341	379
0.07073111785231	0.359283326343532	146
-0.0927110609702799	0.531154045298706	1129
0.06989061855482	0.361863679322192	146
0.03069928806819	0.706250061600965	45
-0.0485966958832	0.890983427048587	23
0.0748791153249599	0.361405005837757	471
0.06487412246589	0.351681013980674	9
-0.09154985414299	0.633122587919885	36
0.02933297212633	0.714808328295595	93
0.07406585596451	0.3709145036914	513
0.07491087834156	0.368145189989722	143
0.0311756967336301	0.579444583104674	35
0.09092195656431	0.800950353931559	33
0.10053266936912	1.38613816600416	146
0.0370826825488799	0.65351570449611	154
0.07406585596451	0.3709145036914	191
-0.04359497467045	2.27018525189092	23
0.07491087834156	0.368145189989722	170
0.0757241952224399	0.358809802628489	99
0.0757241952224399	0.358809802628489	9
0.0732521631838801	0.370172278890225	36
0.0952464061479701	0.802634869236103	36
0.06909918981246	0.358983817490974	87
-0.0875771514186101	0.63212207909197	93
0.0295077182483501	0.713221764448928	156
0.0540013199063301	1.30573075350291	146
0.07733379296195	0.361722109979266	45
0.07733379296195	0.361722109979266	45
0.0757241952224399	0.358809802628489	45
0.07491087834156	0.368145189989722	1394
0.0748791153249599	0.361405005837757	1394
0.02933297212633	0.714808328295595	23
0.0260803907828999	0.723644438443023	9
0.0748791153249599	0.361405005837757	9
0.0295077182483501	0.713221764448928	36
-0.08615421081827	0.648939241803862	234
0.06989061855482	0.361863679322192	330
0.07491087834156	0.368145189989722	93
0.07243803652764	0.360030201558138	93
0.07406585596451	0.3709145036914	302
0.07491087834156	0.368145189989722	265
0.07491087834156	0.368145189989722	143
0.07409712804754	0.367420429263891	1355
-0.000506030340470032	1.3304771444944	379
0.02933297212633	0.714808328295595	146
0.07406585596451	0.3709145036914	45
0.10734242588106	0.742001999502655	23
-0.09082883678342	0.651675633707475	99
-0.0789351421039901	1.44296526146105	170
0.0287369232660799	0.71618803059248	248
-0.0831923918369899	0.624792864981833	36
-0.0914949844662301	0.621185886652253	36
-0.0877835888087699	0.625838636262737	36
0.07491087834156	0.368145189989722	36
0.0748791153249599	0.361405005837757	234
0.0765201111659499	0.361036157678615	87
0.07733379296195	0.361722109979266	93
0.0394690747298401	1.05824014737427	316
0.0988998774377401	0.798807671318542	35
-0.00199618286245995	1.33558914255517	154
0.0732521631838801	0.370172278890225	23
0.0699153717621199	0.366068594755104	99
0.07570599555351	0.351515034614242	706
0.07491087834156	0.368145189989722	318
-0.0884685461535699	0.619656334801109	93
0.02453697979076	0.704173780564231	316
0.07491087834156	0.368145189989722	156
0.00253295017548005	1.30970830047263	379
-0.08688004692054	0.630477788457475	35
0.0369886265280399	1.05012765031775	191
-0.0892449373465101	0.620639750737195	99
0.02722302811096	0.638806132514439	2079
-0.0738073176662299	1.23955940855501	248
-0.0359106614012401	0.949802473026537	36
0.0118440313950801	1.62110531188359	36
-0.0838858244492999	0.626415376188355	36
-0.09082883678342	0.651675633707475	318
0.07243803652764	0.360030201558138	318
-0.0831614766705999	0.62543341148645	93
0.07406585596451	0.3709145036914	1027
0.0262565095938001	0.696761690052262	316
0.06989061855482	0.361863679322192	316
0.0732521631838801	0.370172278890225	635
0.0699153717621199	0.366068594755104	288
0.07491087834156	0.368145189989722	420
0.0757241952224399	0.358809802628489	333
0.0699153717621199	0.366068594755104	952
0.0386272736062601	1.53938347069505	23
-0.02563635579153	1.44185436374362	99
0.12087623271239	1.70839824586571	99
0.11954823927424	1.97286626148612	170
0.0577164677534401	2.07111568138444	36
0.10216342101493	1.31171170379211	1570
0.09796687450003	0.819497119076546	234
-0.0878656717147901	0.627415990608733	234
0.09121258849994	0.73374994156327	316
0.02861194287444	1.04698861161795	379
0.06989061855482	0.361863679322192	538
0.0834902137371401	1.55750283361372	538
0.12358192030575	1.68088812321809	191
0.0874472874021901	1.13858472581183	23
0.07733379296195	0.361722109979266	316
0.07814704139678	0.352779254983655	753
-0.0838858244492999	0.626415376188355	753
0.07243803652764	0.360030201558138	3
0.00378190014013002	1.33346785111455	99
0.03046354456009	1.07774156656076	1570
-0.0773908819770399	1.59016358488111	318
0.10185816769486	0.79793753845267	318
-0.0622266617788101	1.2505493608451	316
0.03052444849224	0.698309712963042	316
0.02849616820281	0.701133569968235	753
-0.0908019963765401	0.627381745115181	288
-0.0705401710221001	1.25431548659388	288
0.0748791153249599	0.361405005837757	35
-0.08615421081827	0.648939241803862	35
-0.0840278582054601	1.93549575345687	170
0.12145071045462	1.93140054887727	9
-0.06032552514012	1.22956197740773	1222
0.02968317761296	0.685322015648811	143
-0.08545803735671	0.641581757468607	288
0.07733379296195	0.361722109979266	1200
0.07409712804754	0.367420429263891	35
0.10136024659553	1.91589120123668	9
0.03550488072702	1.03891394272864	36
0.0767350202653401	2.16707105387245	36
-0.0345082923433899	0.981996621757425	36
0.07406585596451	0.3709145036914	101
-0.09576065941256	2.23511083858352	1409
-0.0261333116014599	1.63016056740863	234
-0.06641568144758	1.24647692817664	234
-0.03373295307827	0.988868636127468	316
0.10185816769486	0.79793753845267	538
-0.0204279492450501	1.52357363489918	36
0.11199805005995	1.59622303632593	36
-0.0840390550032599	0.602031547587509	318
-0.01615955097763	1.49622020601316	316
-0.0318337414387	0.969661586014594	265
-0.08688004692054	0.630477788457475	52
0.0757241952224399	0.358809802628489	35
0.02884942681628	0.692506965606286	201
0.00430987306075004	1.32414368271592	689
-0.06451381961301	1.21286785241361	707
0.02102424108293	0.646269798946631	265
0.0332972239157801	0.705346228585062	143
0.12423496497599	1.74699555596358	29
-0.07949909059804	0.589257080487979	248
0.0699153717621199	0.366068594755104	1222
-0.0908019963765401	0.627381745115181	1222
0.0858009745209001	1.1413075651064	94
0.0382797430510899	1.54409829857087	45
-0.03681364192864	2.10269668284267	29
0.0536349261136999	2.37613190953694	970
0.11239957576066	2.03790185374452	9
0.0220538835436399	0.698966595318208	343
0.02992881382277	0.709155131923397	1322
0.0886421286771799	0.766251509137147	1222
0.0985294846846001	0.780337548996118	136
-0.08685054112859	0.650695538697045	143
0.0147889609604599	1.6996714323759	146
0.0509252955734401	1.25125830808886	146
-0.09034270313163	1.64304634472461	696
0.0406580335514299	1.52129675793778	696
0.06835835016175	1.64490945314706	1409
-0.02551663174244	0.895171664854073	318
0.02992881382277	0.709155131923397	316
-0.0387055586148899	0.911659480917638	265
-0.09218812435943	0.605131472941646	1274
0.0732521631838801	0.370172278890225	35
0.0185844119965399	1.80907255707139	538
-0.0981563252023401	1.65573182339945	45
-0.0280541021895	1.63108683288114	23
-0.0625384452534901	1.22335526789929	1409
0.11018574998485	2.11328281133892	36
-0.01091867774456	1.38687602356786	36
0.0895437046762499	0.773140450339807	1381
-0.0589326300539299	1.20359511580866	234
0.02068292222107	0.698641906849938	234
-0.0339537343845	1.00155258518128	316
0.07406585596451	0.3709145036914	2553
-0.0647284987732899	1.27912742493793	2553
-0.00141105347691006	1.30006622750799	136
-0.08827441376751	0.629179396138068	2407
0.07733379296195	0.361722109979266	52
0.02849616820281	0.701133569968235	45
0.11540636428804	1.75574274278871	36
-0.09540458158048	0.625608272604495	689
0.07409712804754	0.367420429263891	234
0.0732521631838801	0.370172278890225	234
0.0732521631838801	0.370172278890225	318
0.0732521631838801	0.370172278890225	316
-0.09471893664371	0.622677474229705	3
0.06989061855482	0.361863679322192	2407
0.0748791153249599	0.361405005837757	52
0.0953116729710799	1.10722625100619	201
0.11391359511891	2.28210035844186	146
-0.1034453939544	2.18944623381728	538
0.03193440527516	1.06937755285838	45
-0.0745526124788301	1.67757940112179	9
0.09934311752855	0.817488965944625	36
0.0357825675526999	1.03589126036308	36
0.0192212150765501	1.66100946882677	36
0.07406585596451	0.3709145036914	318
-0.08503560672413	2.00335566777982	316
0.09913371884935	1.35636592819649	354
-0.08545803735671	0.641581757468607	3
0.0554952391574	1.26360309894128	3
-0.09686452187553	0.605422273804418	3
0.03922635224033	0.998256855441647	136
0.07073111785231	0.359283326343532	2407
0.06907493082974	0.368773047437297	52
-0.00366784207843995	1.28769573389198	45
-0.0000184647142100758	1.27558573438643	45
-0.0829434717473301	1.42581934307839	9
0.0952464061479701	0.802634869236103	36
0.0260803907828999	0.723644438443023	689
-0.0389104020978399	0.984060887841028	316
0.0966723170875301	1.39594031103808	316
0.0790921604447301	0.669864037283295	538
0.10480848239122	0.742350791723909	538
-0.09190053413314	1.37166845151702	228
0.02128048980895	0.701736661403363	248
-0.0921064569793999	1.42533396588151	36
-0.0121079066927801	1.44119920490352	234
0.09971240462021	0.807724036557821	318
0.0286724388608699	0.716507312777047	709
0.09443265241684	0.81462985588443	3
0.07243803652764	0.360030201558138	201
-0.01528541988294	1.51334760292318	607
0.07409851579894	1.50188812413406	36
0.0221542904891501	1.71104396391027	36
0.0579089892957101	1.36704720934626	36
0.0905509995062399	0.793110748516912	2008
-0.08754702831989	0.647502485726157	1411
0.0732521631838801	0.370172278890225	684
0.07409712804754	0.367420429263891	52
-0.0915224562719299	0.651016892062133	52
0.02849616820281	0.701133569968235	36
0.07491087834156	0.368145189989722	36
-0.07841531230108	1.16352299244282	36
0.06489179604247	0.349646088616197	316
-0.0316403395256699	0.983860562513223	316
0.0903386871632501	0.79783451426435	2008
0.0957832181053899	0.759989210264768	52
0.03830451812627	1.02258823314029	52
-0.0768823993035499	1.19440574664501	52
0.09971240462021	0.807724036557821	146
0.0257881658904899	2.12177602195355	45
-0.11074578369324	2.47532588876306	696
0.0437443621579301	0.9626941914399	36
-0.09154985414299	0.633122587919885	36
0.0748791153249599	0.361405005837757	36
0.07409712804754	0.367420429263891	36
0.0248868843408701	0.717569102784134	2008
-0.0686533435147201	1.24315011634085	3
0.03249587203708	2.38293196614221	45
0.07406585596451	0.3709145036914	248
0.07491087834156	0.368145189989722	36
0.0699153717621199	0.366068594755104	36
-0.0831923918369899	0.624792864981833	36
0.0757241952224399	0.358809802628489	36
-0.0901353700223	0.646033218417456	36
0.0267551940791999	1.46555766554615	36
0.10280910330238	0.761747429130898	265
0.03785481337924	0.653170723450249	316
0.07814704139678	0.352779254983655	900
-0.0921622614381701	0.599222513504075	538
-0.0358849709042799	0.990190364495995	36
0.0699153717621199	0.366068594755104	36
-0.00419848759599994	2.00166327663423	36
0.0260803907828999	0.723644438443023	316
0.07491087834156	0.368145189989722	1172
0.0377892999346801	1.04126831747229	109
-0.0372612393363501	0.963137090516422	360
-0.09082883678342	0.651675633707475	538
-0.0908019963765401	0.627381745115181	23
-0.0739099376247201	1.41809256110179	248
-0.02185846221501	1.5359503347678	2371
0.03606516630228	1.04435375477383	36
0.07328294388498	0.357469400515175	316
-0.0370417191972101	0.998492342691738	136
0.03774494853535	1.03485960951551	45
0.03322742667768	0.668068513046267	690
0.0319275689613601	1.50648079826874	607
-0.08897183400035	0.621230543623696	36
0.0919309167001401	0.791804288529761	36
0.03466413767291	0.681730330826511	29
0.10845398820157	1.34765773680266	785
-0.02803462329582	1.71985722823255	607
0.0859188335590899	1.52498518330721	36
-0.08630063041026	2.22826669067089	36
0.03010360666558	0.711852611027546	52
0.0959671127274699	0.804725636731854	1269
0.07406585596451	0.3709145036914	36
-0.03161382220858	0.960870898444724	36
0.07491087834156	0.368145189989722	36
0.03245379434288	0.668396358925636	1973
0.07406585596451	0.3709145036914	43
0.07073111785231	0.359283326343532	29
-0.0868209646375	0.62404764908568	785
-0.0872987920013499	1.6936401662141	2371
0.0348105796331899	2.01794840608835	36
-0.06641214784274	1.2294921738683	36
0.0757241952224399	0.358809802628489	36
-0.0243149603786801	1.67488004220605	1019
-0.0884685461535699	0.619656334801109	29
0.0765201111659499	0.361036157678615	1577
0.0566249103210099	1.3765528017949	36
-0.0200432692335699	1.49533808812753	709
0.0349467981582301	1.05752905879768	1019
0.0699153717621199	0.366068594755104	2009
0.0973846046507401	0.814116938598403	109
0.00180721372706993	2.44571915586128	428
-0.0254370030332101	1.80421829539318	785
-0.07998893651163	1.52083151250224	248
0.0397458083601401	1.0147481901917	36
0.0699153717621199	0.366068594755104	36
0.0566249103210099	1.3765528017949	1019
-0.03315414161206	0.99796976456914	215
0.0294457328950399	0.697469154743753	109
-0.09085560598486	0.627874446752861	23
-0.0831029212428001	1.45870880028402	248
0.07406585596451	0.3709145036914	9
0.07406585596451	0.3709145036914	36
-0.09082883678342	0.651675633707475	36
0.05014126921392	1.31739932660165	36
0.0315750026200701	1.05423324518014	36
0.10618136536496	0.754913958230972	3
0.07243803652764	0.360030201558138	2345
0.02933297212633	0.714808328295595	109
-0.0571879056857001	1.14629199872503	29
0.10557164820504	1.61032589935664	428
0.07406585596451	0.3709145036914	36
0.0566089591413399	1.30068849954769	36
0.02656272205493	1.0558816722831	36
-0.09010916006381	0.627957519214809	36
0.0834168302123499	1.09867808957449	3
-0.0395766417739101	0.93952385742011	136
0.08922624789344	0.766861400345482	215
0.01455086031548	1.65423744127296	45
0.11998352078989	1.5660478561375	428
-0.07901748869653	1.62753800398837	428
-0.08344285417176	1.63584240862521	36
0.0866547448776101	1.13077002498713	36
-0.0655474103890901	1.22322100520028	3
-0.0831988686599401	1.45595760571822	215
0.10127709367779	0.795291231432438	228
0.0377820113471401	1.47676763509085	610
-0.0500043439862801	0.884847652943248	36
0.0976529246705899	1.3997126326633	36
0.10170504863909	0.775323698072949	335
-0.0339397089048401	1.85579276053766	428
0.09889708105511	1.39601108810097	36
-0.0864141869864501	0.621269798130482	36
-0.08688004692054	0.630477788457475	1342
0.07409712804754	0.367420429263891	1342
0.07491087834156	0.368145189989722	52
-0.0875771514186101	0.63212207909197	83
-0.05066885906137	2.32304704899789	23
-0.0798710515104899	1.4886314881268	23
0.0000958469682599272	1.29621208813302	36
0.0971733790037199	0.79671393899304	36
0.0304046917604399	1.61481747234669	36
0.03494441589736	1.02916451660145	137
-0.08476202071164	0.62344710987004	3
0.0247115735438801	0.726028738818367	136
0.02968317761296	0.685322015648811	136
-0.03315414161206	0.99796976456914	215
-0.0831923918369899	0.624792864981833	1342
-0.08615421081827	0.648939241803862	52
0.09699148960713	1.83023380260125	428
0.07525335456811	1.52739299928912	23
-0.08155967113466	1.36629060360176	9
0.02530838538865	0.726679396255938	36
0.0372749650459501	1.04557042809665	1006
-0.0310365984688299	0.957526905203265	136
0.0884274539387799	0.775553753378907	215
0.0948767381129501	0.798535561876838	215
-0.0961780053035399	0.609031684362141	215
0.0265013869176101	0.712437980809731	435
0.0972538683102899	1.09844462863943	550
-0.0839477694245301	1.64447668121607	36
0.0190760324830099	0.980919165857253	36
-0.0861252533938	0.626926997860543	2351
-0.0901353700223	0.646033218417456	215
0.0252368561630201	0.693093529425053	215
0.07073111785231	0.359283326343532	363
-0.0892449373465101	0.620639750737195	363
-0.02931692950413	0.970121753627359	83
0.10469103491737	1.38658612493625	428
0.0897552035476299	0.789747721111616	2351
0.03578779993314	1.02504408964567	2012
0.0682588072382999	0.361552350134347	3
-0.0868209646375	0.62404764908568	136
0.07406585596451	0.3709145036914	215
0.0338229322003301	0.664563266789916	23
0.06139461941987	1.71696647364022	36
0.0659721142954599	1.69008316064352	137
0.0866722502075601	1.16249409207891	1826
-0.00235451697487998	1.27406532959444	83
0.08643683337482	1.1595765729053	23
0.12423646253849	1.94591004789062	9
0.0568191139291101	1.35154885178115	36
0.03193037905953	0.691235108398857	2012
0.02530838538865	0.726679396255938	772
0.0302791124127499	0.687690037180194	83
0.03010360666558	0.711852611027546	763
0.07406585596451	0.3709145036914	83
0.0560414105429501	2.41580138637011	45
-0.0132474255495301	1.44963975716006	36
0.0247115735438801	0.726028738818367	3
-0.0443347477720399	0.923105877553241	3
-0.0875771514186101	0.63212207909197	763
-0.09085560598486	0.627874446752861	83
0.0986897270872	0.794223290968916	71
0.00965716016964002	1.82785811955597	23
0.08659513313543	1.12378132576684	190
-0.0192306147860499	1.47645601416337	2281
0.06907493082974	0.368773047437297	3
-0.08685054112859	0.650695538697045	435
0.03321007901087	1.46073367527516	36
-0.0374294186738	0.962534847746132	9
0.09071014675863	0.774428299061459	190
-0.0301142085992601	0.973513217738577	111
0.0264891557336	1.50147925504913	36
0.0304606051974901	0.703258543060209	1731
0.0765201111659499	0.361036157678615	83
-0.0345082923433899	0.981996621757425	83
0.0748791153249599	0.361405005837757	1340
0.07409712804754	0.367420429263891	1340
0.06907493082974	0.368773047437297	83
0.07406585596451	0.3709145036914	83
-0.08984722857113	1.6332248030906	71
-0.00308000971297995	1.23960427511231	23
0.000358966571049946	1.34416360175538	23
0.0574111473089001	1.73858724908291	11
0.01784752969143	0.666574641361446	1826
0.01082158928621	1.22353285850052	83
-0.0910910871692501	2.1808393394448	45
0.0318520752010201	1.06681280435127	23
0.0326352962190499	1.51097629108121	11
0.10501945559055	0.753701475451787	137
0.0732521631838801	0.370172278890225	236
0.0326896952622899	1.02621123269017	83
-0.09077497241559	1.8929930549462	71
0.0389536474052501	1.03346126013826	23
0.05024079275819	1.33903006606954	9
0.0710315546613001	1.57333844801884	9
0.00692804956570003	1.78453051798009	36
0.1193812570536	1.47510585102255	11
0.0994806975985001	0.797638106569233	3
0.09559690392185	0.820808712288049	3
-0.089930764092	0.60457067774456	1268
0.02737031026359	0.691986903515674	1268
0.0931628937620801	1.07722235174432	83
0.0321358950035799	1.06830911474985	83
0.0226510793394099	0.696968776347968	83
0.0226510793394099	0.696968776347968	2681
0.07733379296195	0.361722109979266	54
0.0307492137896599	1.07195536706343	146
0.10629461538054	1.34421243486632	714
0.0294457328950399	0.697469154743753	3
0.03252604631121	0.689946563337964	2681
-0.03682155460237	0.999518490906753	9
0.07406585596451	0.3709145036914	9
0.05447709825505	1.26068106879562	199
0.09251406831868	0.794863716718191	29
-0.0366007444443	0.977761391130077	29
0.09389413650399	0.764672683183875	29
0.0881058722819901	1.96881470697561	32
-0.0915688424241801	0.600974203038057	9
0.07406585596451	0.3709145036914	9
-0.0928219546587401	1.60188554330464	11
0.02453697979076	0.704173780564231	137
0.0757241952224399	0.358809802628489	3
-0.0823383410424601	1.4578134426988	2681
0.07328294388498	0.357469400515175	236
0.06405598776144	0.352021861919425	236
0.05845011884354	2.00490859435722	23
0.0352561395851101	1.05911875352526	549
0.10027241634509	0.788075272196311	137
0.10323089601625	0.794084261020771	199
0.0326966081304101	1.07717541106845	83
0.07491087834156	0.368145189989722	236
0.02969221526542	1.06424214986929	864
0.10509566685159	1.91592807999943	71
0.10258459980781	1.71147841104509	23
0.09443265241684	0.81462985588443	199
0.07328294388498	0.357469400515175	1268
0.0732521631838801	0.370172278890225	236
0.06907493082974	0.368773047437297	236
0.0327017174461499	0.706696854466365	29
-0.0936645114046399	2.06763792567927	29
0.0289116226796999	0.710599286486434	2722
0.03666953373955	1.07375322393233	9
0.10492127027472	1.34584075079656	3
0.0951069214590201	1.06896140180841	1268
0.0250599187923399	0.676639332776204	1088
-0.0226035097742701	1.66813497254042	590
-0.09085560598486	0.627874446752861	9
0.0757241952224399	0.358809802628489	572
0.07409712804754	0.367420429263891	1002
0.07073111785231	0.359283326343532	2683
-0.0153908421483	2.33043772230754	9
0.0765201111659499	0.361036157678615	3
0.0233428240718701	0.698557042486112	1268
-0.0360545447699301	1.71919456164705	23
-0.0875771514186101	0.63212207909197	2614
0.08527680260354	1.97726726556025	36
0.05487683061118	1.69061038886672	864
-0.0824688224160699	0.623814192542301	9
-0.0915224562719299	0.651016892062133	36
0.06907493082974	0.368773047437297	36
0.09172861679642	1.14207473214651	137
0.0699153717621199	0.366068594755104	237
-0.0000350152150199179	1.91778351981273	864
-0.00323145810425007	2.11521852950563	1138
0.02530838538865	0.726679396255938	71
0.0391115008296501	1.53635280376996	23
0.00948408656395006	1.81660517216541	23
0.00741039969202006	1.8851535033753	23
0.0699153717621199	0.366068594755104	1377
-0.02998330774202	1.75729431259239	36
0.0890114191916	0.771036807026005	36
-0.09540458158048	0.625608272604495	137
-0.09079721363636	0.600054257316084	864
-0.0877835888087699	0.625838636262737	864
0.09279200158626	1.99607517032139	71
0.07406585596451	0.3709145036914	1377
0.09044384816677	1.81350070630898	9
-0.0922162285146899	0.644182760698786	36
0.0310562474551299	0.682346591036125	199
0.0844096572914199	1.14370080993719	2766
-0.06417499218156	1.28091182254034	237
0.00458009978737994	1.30466196344526	381
0.09018505049242	1.75148527619881	137
-0.07086979492909	1.22388122428263	83
0.0327017174461499	0.706696854466365	83
0.09934311752855	0.817488965944625	381
-0.0969732192300501	1.92164231939846	1138
-0.0800302005403899	1.72353257531344	23
0.0352220905245799	1.06899036608119	23
-0.07025044508014	1.25031944622474	36
0.02428981985548	0.706593550014062	237
-0.0358849709042799	0.990190364495995	1055
0.10122188265233	0.768143878128514	23
0.0866722502075601	1.16249409207891	9
0.0765201111659499	0.361036157678615	137
-0.06384658068795	1.18861212337381	864
0.02961753381586	1.06735696801688	36
0.0505740669738499	1.32614798570485	36
-0.0705401710221001	1.25431548659388	11
0.0326869257775999	1.48260482123508	137
-0.0356645060973899	1.00179687794403	199
-0.0356645060973899	1.00179687794403	686
0.0967603020432199	0.808269062360299	381
0.0944506689531699	0.781064806389762	23
-0.08515004719799	1.8519192056345	23
0.0547897752754001	1.3330793436645	292
0.11556046920654	1.59299887584895	190
0.0789187364483299	1.11647024946624	190
0.03866295498849	1.0403100934139	83
0.0986897270872	0.794223290968916	83
0.02992881382277	0.709155131923397	237
0.0996916519319899	0.789219468892725	27
-0.0162887653046999	1.53855323430967	199
0.08861452852719	1.13020836312955	686
-0.0831614766705999	0.62543341148645	415
-0.0922442560044601	0.632528806362414	36
0.0732846022234499	1.52609355318847	199
0.03722960888182	1.08280557698561	32
0.07073111785231	0.359283326343532	9
-0.09527651918535	0.56280864664294	415
0.0347119778552201	1.09294712115346	292
-0.0309107578150101	0.946011602775866	1171
-0.0831614766705999	0.62543341148645	190
-0.08320108350429	1.65091212161769	36
0.0715294893849501	1.52797288969861	11
0.03052444849224	0.698309712963042	1731
0.0488776831203199	1.79827988793298	137
-0.09217476110049	1.78878167110704	137
-0.0967763853169701	0.607277658531365	199
-0.03254702796278	0.906908553680814	27
0.0295077182483501	0.713221764448928	79
0.12106595100919	1.52532493839362	23
0.0294457328950399	0.697469154743753	1161
-0.0536069500285601	2.43277376610162	36
0.09971240462021	0.807724036557821	686
0.0731536250120799	0.353255997733963	953
0.03634262621636	1.03283800595923	27
0.12048167080023	1.58458879480819	345
0.06907493082974	0.368773047437297	9
0.0201999342644299	0.995384670399337	292
-0.0723959426037	1.22963287797257	36
0.07491087834156	0.368145189989722	190
0.0913669592512301	0.775713654573205	36
-0.0882436724242599	0.638917853433033	79
-0.09540458158048	0.625608272604495	415
-0.0266711371628101	0.905020441491696	83
0.01387164931768	1.76271268912309	1171
0.07243803652764	0.360030201558138	36
0.07942511035241	1.02357825030697	137
0.0264302562403	0.683561587052118	103
-0.08545803735671	0.641581757468607	103
-0.0914082574659101	1.39734670526495	199
0.0902268063134799	1.11317726990306	199
-0.0677462808463001	1.27325717145365	686
0.0732521631838801	0.370172278890225	213
0.0748791153249599	0.361405005837757	79
0.02513374620625	0.70024776199062	2568
0.06989061855482	0.361863679322192	85
0.02068292222107	0.698641906849938	85
0.0332972239157801	0.705346228585062	9
-0.0854296980609901	0.625307527713718	36
0.07073111785231	0.359283326343532	137
0.0313196642107201	1.44845744243032	137
-0.09471893664371	0.622677474229705	213
-0.0824991127455501	0.618069806669546	11
0.10368869087949	1.55529363487376	137
0.02720443211863	0.666696838925974	199
0.07328294388498	0.357469400515175	83
-0.08685054112859	0.650695538697045	27
0.07491087834156	0.368145189989722	953
0.03942110877144	1.48429383529302	213
0.0441821044404001	1.85113827092355	36
-0.08676268099054	1.55925705063308	36
0.10011430709203	0.778013819126134	199
-0.08897183400035	0.621230543623696	83
0.03289905500206	1.51538030772309	36
0.0338229322003301	0.664563266789916	27
-0.06367344777311	1.20783603363642	27
-0.0391802071726299	1.93507354116184	11
0.02744927646454	0.693474958027177	686
-0.09609039778503	0.621718199121932	27
0.03778950557942	1.08672408172545	27
0.0357819540464299	1.05734833209461	27
-0.0794549591504099	1.45732989917927	36
-0.0831923918369899	0.624792864981833	36
0.0140608036743399	1.81271779779601	137
-0.0319971447743099	1.00024390963292	27
0.0953854631657201	0.813379412416961	27
0.06907493082974	0.368773047437297	137
0.10228062145674	0.761870277402712	199
-0.00149141642135997	1.29107695318351	503
0.00156190073305007	1.31012218705292	221
0.07409712804754	0.367420429263891	27
0.10130129741281	0.779303667213444	32
0.03158453999981	1.0636677459852	345
0.0757241952224399	0.358809802628489	85
-0.0901353700223	0.646033218417456	85
-0.0875771514186101	0.63212207909197	157
0.0302042943952801	2.35894655139017	79
-0.08615421081827	0.648939241803862	79
-0.0814669906694401	1.65627708547748	345
-0.0306742344144599	1.96508274169786	9
0.07243803652764	0.360030201558138	27
0.10143330746527	0.773893227853073	79
-0.09480548842507	0.593283452322883	32
0.0959671127274699	0.804725636731854	32
-0.03161382220858	0.960870898444724	11
0.0740649808903799	1.52902878055737	103
-0.00115724199284006	1.28063424282882	27
0.03046354456009	1.07774156656076	103
0.0355573494572701	1.93451650837566	29
0.05769731786522	1.34633141580573	1177
0.05242928877468	1.86057108026778	137
0.03722960888182	1.08280557698561	27
0.03389252386927	0.699840267189601	27
-0.0827203400221099	1.49703251329177	79
-0.0849590422823201	2.0032241359003	79
-0.0837955069594001	1.58412710050223	79
-0.01043938329198	1.49241770113396	79
-0.01557669467394	1.50449378426062	9
0.09156133795889	0.743621619529007	36
0.09307173971255	1.12913392665541	400
-0.0847342986078701	0.618592187971751	27
0.0886978368512401	1.14225364490345	79
-0.0683000979147701	1.27464603776543	2585
-0.09154985414299	0.633122587919885	1141
0.0975277626481801	0.792774943538115	11
0.07753532330469	1.90279504562568	29
0.03778950557942	1.08672408172545	1141
0.0140644028317301	2.38301190117818	36
0.0923006313686301	0.802776412702918	11
0.09602174515702	0.774959141834524	27
-0.08709880243905	0.626413045383082	79
0.03807476203219	1.04166831924503	29
0.00505340109960994	1.75418887191868	79
0.0254837412709901	0.72300251812457	36
0.02513374620625	0.70024776199062	39
0.10250013193539	0.757974237385614	92
-0.09082883678342	0.651675633707475	92
0.0731536250120799	0.353255997733963	186
0.09858759229511	0.732903245592579	79
0.07491087834156	0.368145189989722	2323
-0.08685054112859	0.650695538697045	2323
0.0923006313686301	0.802776412702918	688
-0.0383312699411	0.97328001662399	36
-0.08615421081827	0.648939241803862	36
-0.0730471877407299	1.22808283950424	92
-0.0324110223614	0.973098860131152	11
-0.0831614766705999	0.62543341148645	503
0.0250599187923399	0.676639332776204	29
0.07491087834156	0.368145189989722	59
0.02856293596765	0.693119539231974	36
0.0732521631838801	0.370172278890225	36
-0.08457941061108	0.623534548765836	92
0.07328294388498	0.357469400515175	92
-0.08685054112859	0.650695538697045	11
0.07733379296195	0.361722109979266	75
0.0287369232660799	0.71618803059248	503
0.0731536250120799	0.353255997733963	27
0.06909918981246	0.358983817490974	27
0.0732521631838801	0.370172278890225	1003
-0.0361047914362	0.945151803499215	79
0.01984280976625	1.67369041562431	36
0.02992881382277	0.709155131923397	79
0.0732521631838801	0.370172278890225	59
0.0385876747040299	1.03067357336289	2035
0.00649424196040993	1.28519024561321	92
0.0975542428266201	0.7984453375621	503
-0.0639603546088501	1.20713475959733	503
0.0349376701347599	1.06175730136827	186
-0.0372079069497999	0.990019436280742	79
0.05700193320303	1.68608101857337	9
0.0394681260289	1.06708903703877	367
-0.0387784085696501	0.97116157265935	503
0.0315100844135501	0.697492283418583	503
0.09171763481269	0.804460276132376	27
0.0300418322140199	0.69803428963495	27
0.0439930386807299	1.01487047348737	27
-0.06501682032854	1.27447051264567	66
0.0882134443656399	0.767891809170891	79
-0.0322183755224299	0.996866295100714	971
0.08324068803007	1.08470940338033	79
0.0349401463619301	1.00109808398882	79
0.09774786028019	1.65015637407023	39
-0.0271562028768599	1.8071869353271	245
0.05906002268615	1.68176845576869	27
0.07491087834156	0.368145189989722	59
0.06989061855482	0.361863679322192	556
0.0938675797813899	0.782663318524788	863
0.02992881382277	0.709155131923397	36
0.0978995040125199	0.769558985381606	92
-0.06451381961301	1.21286785241361	11
0.0798421258186499	1.55768438286206	371
0.10158455200524	1.38677859531177	245
0.0732521631838801	0.370172278890225	780
0.06909918981246	0.358983817490974	780
-0.0929388115972101	0.626206699856175	27
0.03634813293774	1.03470598941678	66
0.03010360666558	0.711852611027546	29
0.03437767300288	1.07350128652322	971
-0.08688004692054	0.630477788457475	79
0.02102424108293	0.646269798946631	79
0.02145648020939	0.69590184159412	59
-0.08615421081827	0.648939241803862	556
0.0220538835436399	0.698966595318208	92
0.09113442423984	0.801301430044554	92
0.0748791153249599	0.361405005837757	503
0.02884942681628	0.692506965606286	79
-0.09609039778503	0.621718199121932	79
0.10265585811203	1.38208686847034	863
0.0363762033991899	1.05191529023157	92
0.02317227026464	0.638899454539904	92
-0.0383312699411	0.97328001662399	11
0.0328781010028301	0.685791885380591	371
0.07406585596451	0.3709145036914	245
0.07328294388498	0.357469400515175	780
-0.08688004692054	0.630477788457475	971
0.0757241952224399	0.358809802628489	79
0.0682588072382999	0.361552350134347	556
-0.08685054112859	0.650695538697045	1
0.0748791153249599	0.361405005837757	347
0.0748791153249599	0.361405005837757	92
0.0349401463619301	1.00109808398882	371
0.02737031026359	0.691986903515674	371
-0.0875771514186101	0.63212207909197	371
0.07491087834156	0.368145189989722	11
0.09092195656431	0.800950353931559	503
0.11834403048116	1.96148129646404	503
0.07409712804754	0.367420429263891	342
-0.0366283272929	0.991111334287554	342
0.0748791153249599	0.361405005837757	216
0.0748791153249599	0.361405005837757	79
0.0572588411928301	1.36315583720623	36
-0.0838858244492999	0.626415376188355	1778
-0.08709880243905	0.626413045383082	371
0.03046354456009	1.07774156656076	371
-0.0856598504272399	1.62657475870279	11
0.06989061855482	0.361863679322192	481
0.0732521631838801	0.370172278890225	541
-0.0922162285146899	0.644182760698786	342
0.10360011435851	0.782141968265855	195
-0.08827441376751	0.629179396138068	195
0.07491087834156	0.368145189989722	79
0.0723379463199001	0.359759751594949	32
0.07073111785231	0.359283326343532	310
-0.08615421081827	0.648939241803862	11
-0.0838858244492999	0.626415376188355	503
-0.0915688424241801	0.600974203038057	481
0.07409712804754	0.367420429263891	481
0.000503130674879948	2.00833855046932	342
-0.08754702831989	0.647502485726157	27
-0.03624292593743	1.00328287369985	9
-0.0914949844662301	0.621185886652253	92
-0.04635405158258	0.923038178387574	2788
-0.0915224562719299	0.651016892062133	503
0.0897552035476299	0.789747721111616	503
-0.0878656717147901	0.627415990608733	481
0.02446295085781	0.678516065146556	481
0.07409712804754	0.367420429263891	216
0.0699153717621199	0.366068594755104	1018
0.0946633757547399	0.80432849773744	79
-0.0824991127455501	0.618069806669546	59
0.02968839726489	0.68802140202378	70
0.06989061855482	0.361863679322192	13
-0.0887239426655	0.607254213672232	322
0.07406585596451	0.3709145036914	92
-0.08615421081827	0.648939241803862	371
0.07243803652764	0.360030201558138	503
-0.03125666858856	0.961534468276968	103
-0.0882436724242599	0.638917853433033	27
-0.0882436724242599	0.638917853433033	342
-0.06668072880664	1.22622488517596	27
0.07491087834156	0.368145189989722	66
0.09681565314694	1.36244522627383	79
0.07406585596451	0.3709145036914	9
0.0260803907828999	0.723644438443023	9
-0.0787055511863499	2.04361191007904	39
0.09312589800317	0.749861227259443	345
0.0369082868138999	1.04009498328519	352
-0.0877835888087699	0.625838636262737	36
-0.0861252533938	0.626926997860543	36
0.07406585596451	0.3709145036914	2053
-0.0847342986078701	0.618592187971751	347
0.07491087834156	0.368145189989722	92
0.07406585596451	0.3709145036914	92
0.0248868843408701	0.717569102784134	89
0.06989061855482	0.361863679322192	89
-0.0915224562719299	0.651016892062133	503
0.0682588072382999	0.361552350134347	186
0.07406585596451	0.3709145036914	342
-0.08709880243905	0.626413045383082	1921
0.0312947625928199	0.695502635639148	32
0.07243803652764	0.360030201558138	9
-0.0297557998801901	0.943705830228242	9
-0.0908019963765401	0.627381745115181	9
-0.08545803735671	0.641581757468607	36
-0.09093118295075	1.82444192660456	352
-0.0878656717147901	0.627415990608733	352
0.0329732316270701	1.06937560272058	36
0.0748791153249599	0.361405005837757	1127
-0.0915224562719299	0.651016892062133	92
-0.0854296980609901	0.625307527713718	92
-0.0861252533938	0.626926997860543	1202
0.06487412246589	0.351681013980674	1202
0.0732521631838801	0.370172278890225	1828
0.0748791153249599	0.361405005837757	985
-0.09082883678342	0.651675633707475	342
-0.03684998785903	0.958182099152825	1921
-0.0266711371628101	0.905020441491696	70
-0.08688004692054	0.630477788457475	2039
0.07570599555351	0.351515034614242	571
-0.00390863035279998	2.01041945317997	352
0.07409712804754	0.367420429263891	1127
0.07406585596451	0.3709145036914	452
0.0732521631838801	0.370172278890225	92
0.06989061855482	0.361863679322192	1497
0.07406585596451	0.3709145036914	11
0.07406585596451	0.3709145036914	89
0.07073111785231	0.359283326343532	1202
0.06907493082974	0.368773047437297	79
0.07409712804754	0.367420429263891	2837
0.0896732988857101	1.14640244668441	304
0.07406585596451	0.3709145036914	70
0.06907493082974	0.368773047437297	571
0.0936797298116501	0.786603208204121	39
0.07491087834156	0.368145189989722	427
0.07409712804754	0.367420429263891	347
0.07406585596451	0.3709145036914	92
0.07409712804754	0.367420429263891	503
0.08224281286156	1.1354966445629	503
0.07328294388498	0.357469400515175	1097
0.07073111785231	0.359283326343532	216
0.07733379296195	0.361722109979266	2331
-0.0856103916304301	1.48414170487419	79
0.0732521631838801	0.370172278890225	2837
0.0748791153249599	0.361405005837757	70
0.0731536250120799	0.353255997733963	304
0.07406585596451	0.3709145036914	39
0.07733379296195	0.361722109979266	912
0.07491087834156	0.368145189989722	36
-0.0660531252819501	1.17300205818225	36
-0.00333281973294008	1.30618908837043	352
0.07406585596451	0.3709145036914	566
0.0723379463199001	0.359759751594949	566
0.0748791153249599	0.361405005837757	144
0.07406585596451	0.3709145036914	1389
0.07491087834156	0.368145189989722	452
-0.09082883678342	0.651675633707475	503
0.0682588072382999	0.361552350134347	15
-0.06417499218156	1.28091182254034	15
-0.08685054112859	0.650695538697045	2014
-0.09154985414299	0.633122587919885	163
0.0220538835436399	0.698966595318208	79
0.06989061855482	0.361863679322192	70
0.06989061855482	0.361863679322192	693
0.02187784970509	0.69972310738668	9
0.06989061855482	0.361863679322192	9
0.10048417557826	0.76070252099138	912
0.0287369232660799	0.71618803059248	1
0.07814704139678	0.352779254983655	352
0.08814956884531	1.51040096465718	352
0.0723379463199001	0.359759751594949	92
0.06989061855482	0.361863679322192	89
-0.0915224562719299	0.651016892062133	503
-0.0386879019781601	0.976140118788793	503
0.0748791153249599	0.361405005837757	503
0.06989061855482	0.361863679322192	123
0.03069928806819	0.706250061600965	79
0.0254837412709901	0.72300251812457	70
-0.06138625595197	1.22576141061504	693
0.0748791153249599	0.361405005837757	693
-0.0915688424241801	0.600974203038057	9
0.09988511789665	1.65776377545436	39
-0.0250128969375201	1.57901828223997	523
-0.0300680651723799	1.54200892424882	523
0.10032840178187	0.756415168384646	523
0.0442683508942401	1.30441249779178	352
-0.0805745219126499	1.47109900616636	352
0.0732521631838801	0.370172278890225	781
0.06907493082974	0.368773047437297	92
0.07073111785231	0.359283326343532	452
0.0732521631838801	0.370172278890225	138
0.02530838538865	0.726679396255938	79
0.0748791153249599	0.361405005837757	79
-0.10124587719241	0.566811554501617	622
0.07409712804754	0.367420429263891	2710
-0.0396889848648001	2.14571679963512	39
-0.0000989904381800688	1.29945550315937	523
0.07406585596451	0.3709145036914	10
0.0699153717621199	0.366068594755104	1163
0.0887972555588601	0.757433999473766	503
0.0991307743413701	0.816515481825793	15
0.0248868843408701	0.717569102784134	15
0.0358315930462501	1.0654799991663	27
0.0757241952224399	0.358809802628489	66
0.02992881382277	0.709155131923397	756
-0.0908019963765401	0.627381745115181	163
0.0657099899682001	0.349308304828629	449
0.0258255215300101	1.93655000571401	352
-0.08353681301089	1.44086017492213	352
0.07328294388498	0.357469400515175	352
-0.0922162285146899	0.644182760698786	1833
0.07733379296195	0.361722109979266	310
0.0699153717621199	0.366068594755104	11
0.07328294388498	0.357469400515175	503
0.07491087834156	0.368145189989722	1201
0.03694476855522	1.10042545164542	15
-0.0647284987732899	1.27912742493793	756
0.0327017174461499	0.706696854466365	32
0.06907493082974	0.368773047437297	483
0.10323089601625	0.794084261020771	39
-0.0210042567311399	1.49621892318448	1
0.07406585596451	0.3709145036914	352
0.07491087834156	0.368145189989722	144
0.0949927169787299	0.738043701289114	11
0.0732521631838801	0.370172278890225	329
-0.08615421081827	0.648939241803862	503
0.0765201111659499	0.361036157678615	138
0.06909918981246	0.358983817490974	50
0.07406585596451	0.3709145036914	27
0.0975964799664499	0.801178413429649	2014
0.10185816769486	0.79793753845267	79
-0.09082883678342	0.651675633707475	79
0.09200886067648	2.23845013657236	79
-0.08754702831989	0.647502485726157	70
0.06989061855482	0.361863679322192	131
0.0765201111659499	0.361036157678615	352
0.0682588072382999	0.361552350134347	144
0.0732521631838801	0.370172278890225	92
0.07406585596451	0.3709145036914	388
0.07328294388498	0.357469400515175	425
-0.0922442560044601	0.632528806362414	230
0.0682588072382999	0.361552350134347	298
-0.0892449373465101	0.620639750737195	298
0.07409712804754	0.367420429263891	389
0.0732521631838801	0.370172278890225	389
-0.0861252533938	0.626926997860543	1182
0.07491087834156	0.368145189989722	725
-0.06668072880664	1.22622488517596	163
-0.0803345358730701	1.41018294699163	163
0.02433793472791	2.19523114799855	39
0.0875261946211501	1.1741007307851	1
-0.0310365984688299	0.957526905203265	13
0.0947747031853201	1.10591891615824	13
-0.0803345358730701	1.41018294699163	1
0.02386577574419	0.6756856470524	352
0.0254837412709901	0.72300251812457	352
-0.08827441376751	0.629179396138068	311
0.07406585596451	0.3709145036914	92
0.07491087834156	0.368145189989722	92
0.0895951700551601	0.7604598082086	92
0.07409712804754	0.367420429263891	10
0.07491087834156	0.368145189989722	10
-0.08709880243905	0.626413045383082	138
0.07406585596451	0.3709145036914	299
-0.08709880243905	0.626413045383082	1182
0.0699153717621199	0.366068594755104	725
0.07409712804754	0.367420429263891	27
0.0961787095836999	0.817028706656386	70
0.1037111826211	1.39261747881716	39
0.0369886265280399	1.05012765031775	13
0.09171763481269	0.804460276132376	131
-0.0818163903388001	1.46259752473571	352
0.0248868843408701	0.717569102784134	92
0.0732521631838801	0.370172278890225	89
-0.09463185003987	0.604309604403684	10
-0.0914949844662301	0.621185886652253	298
-0.0922442560044601	0.632528806362414	298
0.0732521631838801	0.370172278890225	50
0.0732521631838801	0.370172278890225	299
0.07409712804754	0.367420429263891	594
-0.0115514117490501	1.41530588966489	2014
0.0557499239797501	1.37471570809763	2014
0.02453697979076	0.704173780564231	70
-0.0847209355041401	1.59115107178965	39
0.07406585596451	0.3709145036914	338
0.07328294388498	0.357469400515175	92
-0.0685894887523699	1.23006319415003	89
0.07328294388498	0.357469400515175	336
0.06909918981246	0.358983817490974	27
0.03069928806819	0.706250061600965	1
-0.0348650348669499	0.988747980195057	352
0.07406585596451	0.3709145036914	352
0.06907493082974	0.368773047437297	7
-0.08688004692054	0.630477788457475	89
0.0699153717621199	0.366068594755104	336
0.0732521631838801	0.370172278890225	186
0.07406585596451	0.3709145036914	1593
-0.0312253014042301	1.94729368029264	629
-0.0889404734739101	0.620240116866567	7
0.0260803907828999	0.723644438443023	1180
-0.08717513030772	0.622255654825568	39
0.07406585596451	0.3709145036914	2393
0.0377797390479699	1.07520494027974	1
-0.0915224562719299	0.651016892062133	559
-0.08685054112859	0.650695538697045	352
-0.0697618087752101	1.23451245199739	338
0.0950148849141299	0.819994653273912	7
-0.08685054112859	0.650695538697045	89
0.0757241952224399	0.358809802628489	1953
0.07491087834156	0.368145189989722	674
-0.0915688424241801	0.600974203038057	186
0.06907493082974	0.368773047437297	531
0.0732521631838801	0.370172278890225	1257
0.11459122087525	1.56862143459665	13
0.0765201111659499	0.361036157678615	2126
0.0699153717621199	0.366068594755104	2126
0.02694753233242	0.694870978274857	89
-0.08754702831989	0.647502485726157	10
-0.0854296980609901	0.625307527713718	20
0.07409712804754	0.367420429263891	642
0.07409712804754	0.367420429263891	642
0.02145648020939	0.69590184159412	299
-0.0915224562719299	0.651016892062133	13
0.0692415452592901	2.10373370713902	13
-0.0406475203654999	0.944920497871376	13
0.0358245274233699	1.08704322295026	352
0.0946633757547399	0.80432849773744	352
-0.0817763207119	0.617110072229077	7
-0.0861252533938	0.626926997860543	2274
0.0732521631838801	0.370172278890225	269
0.07570599555351	0.351515034614242	299
0.0757241952224399	0.358809802628489	39
0.0288350044772101	1.4327675488339	13
0.0718261358379899	1.58263986376867	13
-0.08754702831989	0.647502485726157	559
0.07491087834156	0.368145189989722	352
0.04255738193062	1.00898438160172	352
-0.08618310023996	0.623638372110676	20
0.0226510793394099	0.696968776347968	629
0.0765201111659499	0.361036157678615	13
-0.0861252533938	0.626926997860543	352
0.08387178977845	1.14224971050656	97
-0.08827441376751	0.629179396138068	144
0.07406585596451	0.3709145036914	531
0.0349467981582301	1.05752905879768	629
0.07409712804754	0.367420429263891	433
-0.0016037140271099	1.29546933151729	13
-0.0421151832856399	0.949314906893013	13
0.0748791153249599	0.361405005837757	943
0.0995632104928901	0.755031307485522	144
0.0991106747595401	0.78666114034821	7
0.0332972239157801	0.705346228585062	269
0.0699153717621199	0.366068594755104	531
0.07406585596451	0.3709145036914	39
0.0765201111659499	0.361036157678615	433
0.06907493082974	0.368773047437297	352
0.00607830181203006	1.29262279251263	352
0.10286891268786	0.772636843928214	7
-0.0801888295344499	0.590691258456663	568
0.06907493082974	0.368773047437297	269
0.07491087834156	0.368145189989722	269
0.0732521631838801	0.370172278890225	269
0.0757241952224399	0.358809802628489	299
-0.0386879019781601	0.976140118788793	79
-0.0301142085992601	0.973513217738577	629
-0.0887325795773199	2.31628478449485	629
0.0545932270779601	1.36884042122349	465
0.0437093231630099	1.01509391468916	13
0.0748791153249599	0.361405005837757	352
0.0975277626481801	0.792774943538115	97
0.0969727075915201	0.806954394697659	144
0.07406585596451	0.3709145036914	2
-0.09154985414299	0.633122587919885	531
0.0657099899682001	0.349308304828629	531
0.07733379296195	0.361722109979266	724
0.07814704139678	0.352779254983655	27
0.09166419761952	1.09296869725413	163
-0.0137791656437001	1.51236273779909	1
0.07733379296195	0.361722109979266	352
0.03634813293774	1.03470598941678	48
0.06907493082974	0.368773047437297	269
0.0732521631838801	0.370172278890225	269
0.0732521631838801	0.370172278890225	2
0.0699153717621199	0.366068594755104	1005
0.0347017718489	0.65169384414826	465
0.0765201111659499	0.361036157678615	509
0.07073111785231	0.359283326343532	352
0.0222306402129999	0.672184533601659	97
-0.0329885114933499	0.972067979505024	144
-0.0429450010866499	0.945154743080274	568
0.07152183182018	0.352982277833318	903
0.05958330092945	1.62810355906607	13
-0.07357046245109	1.36378241275498	13
0.049366113402	1.89284881416847	13
0.0411548859503199	1.05037946686998	144
0.0732521631838801	0.370172278890225	7
-0.08754702831989	0.647502485726157	568
0.10381148917331	0.788989444269532	1249
0.07491087834156	0.368145189989722	113
0.0266768330135301	0.719443117252758	2
0.07491087834156	0.368145189989722	186
0.0765201111659499	0.361036157678615	186
0.07491087834156	0.368145189989722	2226
0.0274485667392801	1.62029967535235	1
-0.0752935904304499	1.18710371577957	144
0.0517447909265001	1.3261835665837	48
-0.0900229508579999	1.6434333461108	7
0.0723379463199001	0.359759751594949	10
0.09274978490981	0.768813227040939	20
-0.0915688424241801	0.600974203038057	20
0.07491087834156	0.368145189989722	881
-0.0838858244492999	0.626415376188355	186
0.0732521631838801	0.370172278890225	32
0.05015181218858	2.47277485231571	70
0.11246797628352	1.59680876963035	39
0.06907493082974	0.368773047437297	115
0.07073111785231	0.359283326343532	583
0.06035073543877	1.34569716358322	247
0.0332972239157801	0.705346228585062	1249
-0.08685054112859	0.650695538697045	1312
0.07491087834156	0.368145189989722	1312
0.07409712804754	0.367420429263891	1005
-0.09686452187553	0.605422273804418	186
-0.0824688224160699	0.623814192542301	122
0.05510135219573	1.37898509235427	1
0.0748791153249599	0.361405005837757	509
0.07406585596451	0.3709145036914	509
0.07814704139678	0.352779254983655	509
-0.08163289948863	1.45370948692454	7
-0.0824688224160699	0.623814192542301	4
0.06907493082974	0.368773047437297	1005
-0.0875771514186101	0.63212207909197	19
0.07409712804754	0.367420429263891	724
0.0748791153249599	0.361405005837757	1373
0.000480057420839897	1.90549841564016	39
-0.0319289534232801	1.63003280729811	509
0.0921709433234601	1.15258089342063	4
0.0174260720802299	0.657738134167956	2
0.07733379296195	0.361722109979266	1005
0.07409712804754	0.367420429263891	2
-0.08615421081827	0.648939241803862	1872
-0.0383312699411	0.97328001662399	32
0.07491087834156	0.368145189989722	39
0.0765201111659499	0.361036157678615	247
-0.0876421432258101	0.568835307426173	247
0.0699153717621199	0.366068594755104	509
0.0732521631838801	0.370172278890225	509
0.03381749702696	1.07982428651407	7
-0.0875771514186101	0.63212207909197	7
-0.08685054112859	0.650695538697045	2
0.07409712804754	0.367420429263891	1005
0.07733379296195	0.361722109979266	2
0.0732521631838801	0.370172278890225	270
0.0765201111659499	0.361036157678615	270
0.0682588072382999	0.361552350134347	2505
-0.0861252533938	0.626926997860543	1373
0.10164790691692	0.775421927037843	32
-0.04071125849306	2.12880630926669	32
0.04905909992307	0.923272626568411	13
-0.0789124675467801	1.47652604102171	247
-0.0383676941846101	0.970368094712549	496
0.0266080000029401	0.673804944553336	7
0.07243803652764	0.360030201558138	2
-0.0845472429407099	0.61479024694299	2
-0.08754702831989	0.647502485726157	1437
0.0757241952224399	0.358809802628489	2505
-0.0877835888087699	0.625838636262737	1373
-0.08615421081827	0.648939241803862	79
-0.0873269086768	1.46298696858427	79
-0.08618310023996	0.623638372110676	70
0.0747686914727499	1.86999181910985	39
0.0235173270083899	0.709459762145212	13
0.03550688518612	1.05638348152835	1
0.06989061855482	0.361863679322192	247
0.07328294388498	0.357469400515175	509
-0.00854200409487005	1.41255246379074	7
-0.0394897434107999	0.988673684287184	496
0.0765201111659499	0.361036157678615	2
0.0266768330135301	0.719443117252758	2
-0.0861252533938	0.626926997860543	2305
-0.0793496942179199	1.48789365239224	70
-0.07333600042184	1.19403640390788	7
0.03725664143855	1.51682408838075	7
0.09796687450003	0.819497119076546	7
0.07409712804754	0.367420429263891	7
0.07814704139678	0.352779254983655	2643
-0.0824688224160699	0.623814192542301	1373
-0.0441009812200699	0.955185307844396	122
-0.0875771514186101	0.63212207909197	70
0.10265009039307	0.795253002220745	39
0.09109716401664	1.17014345776634	13
0.0279719844172801	1.05572641714467	7
-0.0276467366089299	1.64109003482141	7
-0.00107515063274	1.29445581223963	7
0.04287462022147	1.00870794041453	7
-0.0655056586392799	1.25573389972735	7
-0.0875771514186101	0.63212207909197	20
-0.0861252533938	0.626926997860543	20
-0.08545803735671	0.641581757468607	69
0.07409712804754	0.367420429263891	2
0.07491087834156	0.368145189989722	2
0.02145648020939	0.69590184159412	2
-0.0976553569285099	0.563458613449267	1437
0.10006130509257	0.79252241580258	1284
0.07570599555351	0.351515034614242	270
0.06989061855482	0.361863679322192	186
0.0732521631838801	0.370172278890225	2123
-0.0422507589591801	0.944348983057269	122
-0.09471893664371	0.622677474229705	8
0.07073111785231	0.359283326343532	13
0.09363923438047	0.811023129693463	13
0.11871646142465	1.58527448077201	13
0.0732521631838801	0.370172278890225	1
0.0757241952224399	0.358809802628489	509
-0.08382811661788	1.68176916280088	7
0.0748791153249599	0.361405005837757	7
0.07328294388498	0.357469400515175	7
-0.0915224562719299	0.651016892062133	7
0.0732521631838801	0.370172278890225	2
0.10459776582293	1.39436484864524	122
0.06989061855482	0.361863679322192	232
-0.0914796537634299	0.602751367025864	13
0.0807240538721501	1.45646882864688	13
-0.0887239426655	0.607254213672232	247
0.10060445924315	1.3574243460481	509
0.0732521631838801	0.370172278890225	1284
-0.0845472429407099	0.61479024694299	186
0.0886000453167699	1.17174198037184	70
0.03274545053162	1.09067198525737	247
0.09099733756968	0.766961607179205	2
0.07491087834156	0.368145189989722	186
-0.0929388115972101	0.626206699856175	2
-0.0901353700223	0.646033218417456	1284
0.07733379296195	0.361722109979266	270
0.07406585596451	0.3709145036914	1807
0.0731536250120799	0.353255997733963	2123
0.06016430190557	1.34780935362791	2587
0.0968401359536999	0.774909596041914	1614
0.0732521631838801	0.370172278890225	20
-0.0287394608115601	0.971148943171238	20
0.07328294388498	0.357469400515175	186
0.0731536250120799	0.353255997733963	186
0.07733379296195	0.361722109979266	1807
0.07243803652764	0.360030201558138	2123
0.06907493082974	0.368773047437297	13
0.0326966081304101	1.07717541106845	7
-0.02029227343713	1.6027159352322	7
0.09071014675863	0.774428299061459	496
0.0281406671050799	0.71353808889011	7
0.06989061855482	0.361863679322192	186
0.07243803652764	0.360030201558138	37
0.12339585304414	1.76175339853665	13
-0.0901353700223	0.646033218417456	13
0.07733379296195	0.361722109979266	13
0.0981838518104901	0.747287742002048	153
0.0936797298116501	0.786603208204121	1
0.0250599187923399	0.676639332776204	7
0.10127709367779	0.795291231432438	2322
0.0999249035830401	0.813719249609057	20
-0.0861252533938	0.626926997860543	2
0.07328294388498	0.357469400515175	37
0.0560642316173501	1.31639113288955	70
-0.0838858244492999	0.626415376188355	13
-0.08688004692054	0.630477788457475	13
0.0372749650459501	1.04557042809665	62
0.09109716401664	1.17014345776634	7
0.0732521631838801	0.370172278890225	7
0.06405598776144	0.352021861919425	37
0.0765201111659499	0.361036157678615	37
0.11441879171053	1.75381400715934	70
0.0757241952224399	0.358809802628489	13
0.0883803065881901	1.16937877031318	62
0.03934201447849	1.51116391051369	62
-0.000506030340470032	1.3304771444944	7
0.0732521631838801	0.370172278890225	7
0.07409712804754	0.367420429263891	1399
0.0682588072382999	0.361552350134347	2
-0.09082883678342	0.651675633707475	2
0.07491087834156	0.368145189989722	1284
0.0757241952224399	0.358809802628489	924
0.0915050118946901	0.799283371454612	153
0.0289116226796999	0.710599286486434	1316
0.0818313750976001	1.55267604794384	1316
0.07406585596451	0.3709145036914	258
0.10287934569132	1.39722576495828	2570
0.02934183338161	1.06968188282702	7
0.07406585596451	0.3709145036914	2
0.07491087834156	0.368145189989722	2
-0.08827441376751	0.629179396138068	2
0.0262565095938001	0.696761690052262	39
0.07733379296195	0.361722109979266	13
0.0936797298116501	0.786603208204121	62
-0.08615421081827	0.648939241803862	258
0.0327017174461499	0.706696854466365	20
-0.0892449373465101	0.620639750737195	20
0.06907493082974	0.368773047437297	186
0.07814704139678	0.352779254983655	380
0.0732521631838801	0.370172278890225	2
0.06989061855482	0.361863679322192	1284
0.07073111785231	0.359283326343532	368
0.0920878532995	0.792559985159827	8
0.00738802739227995	1.86728867396919	39
0.0524423184280101	1.37116536294085	1316
0.00200442675487	1.29146713015763	1316
-0.0688523191869901	1.2265691660166	62
0.09580899752702	0.80984983509764	494
-0.03284864113857	0.92644407284749	20
0.07814704139678	0.352779254983655	380
0.0283153198227299	0.703831100216674	2
0.06989061855482	0.361863679322192	353
-0.0868209646375	0.62404764908568	1284
-0.0573092043500501	2.2767955530516	70
0.0978995040125199	0.769558985381606	494
-0.0408704558250901	0.982981359456117	2133
-0.03319758151257	0.910164334716289	524
0.0757241952224399	0.358809802628489	2
0.07409712804754	0.367420429263891	1284
-0.0882436724242599	0.638917853433033	842
0.07733379296195	0.361722109979266	37
-0.07465267195943	1.22735057289965	70
-0.08754702831989	0.647502485726157	70
0.0954599234026099	0.80168225398557	1521
0.07406585596451	0.3709145036914	505
-0.06406993928156	1.22529328348862	1
0.0357825675526999	1.03589126036308	7
0.03694476855522	1.10042545164542	7
-0.03646324068007	0.997020989141928	1110
0.07243803652764	0.360030201558138	2856
0.07409712804754	0.367420429263891	2856
0.02324806773362	0.689286266151015	37
-0.08685054112859	0.650695538697045	37
-0.072359106328	1.15363568349141	719
0.06989061855482	0.361863679322192	505
0.07406585596451	0.3709145036914	534
0.07406585596451	0.3709145036914	240
0.06989061855482	0.361863679322192	524
0.07406585596451	0.3709145036914	380
-0.06282530808873	1.22659748627617	922
-0.0000743240168699089	1.31476051053894	70
0.03069928806819	0.706250061600965	70
-0.05177470311995	2.30765702497828	70
0.07406585596451	0.3709145036914	534
0.0699153717621199	0.366068594755104	62
0.0859759742644599	1.70383948627064	196
-0.0901353700223	0.646033218417456	1110
0.0657099899682001	0.349308304828629	1825
-0.0914949844662301	0.621185886652253	2
0.06907493082974	0.368773047437297	37
-0.0295366826848	0.974550565390624	13
-0.0817763207119	0.617110072229077	62
0.0682588072382999	0.361552350134347	62
-0.09085560598486	0.627874446752861	62
0.03389252386927	0.699840267189601	7
-0.0354433959092599	0.990198242942805	7
0.0281406671050799	0.71353808889011	2
0.0352220905245799	1.06899036608119	37
0.0757241952224399	0.358809802628489	719
-0.01679063559585	1.54215749367673	1
0.02068292222107	0.698641906849938	1110
0.03193037905953	0.691235108398857	20
-0.0875771514186101	0.63212207909197	2212
0.07409712804754	0.367420429263891	2212
0.0265013869176101	0.712437980809731	1110
0.0289116226796999	0.710599286486434	20
-0.0878656717147901	0.627415990608733	935
0.0732521631838801	0.370172278890225	37
-0.0818407764028699	2.39975453231632	70
0.0872239149492	1.13699290856035	13
-0.0627796885312799	1.26048105812578	62
0.0291589377818899	0.687882480018648	62
0.05182139859555	1.35911384706081	7
-0.00761593928288007	1.27203732245733	7
-0.09010916006381	0.627957519214809	935
0.07409712804754	0.367420429263891	37
0.00254330151833004	1.99500390603466	70
0.0757241952224399	0.358809802628489	8
0.0757241952224399	0.358809802628489	13
-0.08754702831989	0.647502485726157	13
0.07491087834156	0.368145189989722	196
0.09195095453437	0.771170472055891	1
0.0351640412335801	1.69597526731443	7
-0.0882436724242599	0.638917853433033	20
0.0280759697733599	0.711178698251438	37
0.07409712804754	0.367420429263891	37
0.07328294388498	0.357469400515175	62
0.0945929675413899	0.787294866530893	757
0.03750462136379	1.0991949334547	1
-0.0260829613331	1.67291346819926	901
0.0923006313686301	0.802776412702918	7
-0.0854296980609901	0.625307527713718	2711
0.0331215068970501	0.68473600823542	2711
0.07406585596451	0.3709145036914	615
0.0732521631838801	0.370172278890225	615
0.07328294388498	0.357469400515175	2
0.07409712804754	0.367420429263891	37
0.0224111395662501	1.71496450207554	70
0.12460980988197	1.17348487103371	719
0.02042653072137	0.64589304516524	757
-0.08651988856421	1.92157897112886	7
-0.0339537343845	1.00155258518128	7
0.00129319419486995	1.28894563602228	7
-0.0211672853132201	1.66711674994081	7
0.0254837412709901	0.72300251812457	20
-0.0901353700223	0.646033218417456	730
0.0985489310157499	0.82031114547901	37
0.0682588072382999	0.361552350134347	305
0.0825903604785001	2.08757193843284	13
0.0858009745209001	1.1413075651064	20
0.0732521631838801	0.370172278890225	20
0.0266768330135301	0.719443117252758	20
-0.0868209646375	0.62404764908568	730
0.07328294388498	0.357469400515175	1280
0.0281406671050799	0.71353808889011	183
0.0699153717621199	0.366068594755104	37
0.01724942178956	0.666148041497538	37
0.10206907216093	0.792627864472491	13
0.02713743109676	1.64713492726403	13
0.0715909975972	1.60021084914624	62
-0.0351116840555099	0.977398075385967	757
-0.0627810347679101	1.19052156527555	7
-0.12446214949101	0.821954801682755	20
-0.0878656717147901	0.627415990608733	1063
0.06907493082974	0.368773047437297	1825
0.06907493082974	0.368773047437297	37
-0.0878656717147901	0.627415990608733	37
0.0858009745209001	1.1413075651064	70
0.02656272205493	1.0558816722831	20
0.0757241952224399	0.358809802628489	13
0.0942979543654701	0.72525613188552	13
0.0732521631838801	0.370172278890225	119
0.07814704139678	0.352779254983655	1160
0.0936797298116501	0.786603208204121	20
0.02670627231361	0.685397086457869	482
0.02453697979076	0.704173780564231	13
0.07491087834156	0.368145189989722	901
0.0349467981582301	1.05752905879768	240
-0.0372079069497999	0.990019436280742	240
0.0298647564366901	0.712998582670094	37
0.0953854631657201	0.813379412416961	37
0.0304606051974901	0.703258543060209	37
0.0748791153249599	0.361405005837757	981
0.07491087834156	0.368145189989722	37
0.00424175509781999	1.29187549760284	482
0.11124439332963	1.57179795323326	719
-0.0838858244492999	0.626415376188355	119
0.02968317761296	0.685322015648811	1408
-0.0838858244492999	0.626415376188355	721
0.0723379463199001	0.359759751594949	884
0.0723379463199001	0.359759751594949	176
0.0920878532995	0.792559985159827	13
0.07814704139678	0.352779254983655	119
0.02785768451704	1.62850962300177	7
0.0975964799664499	0.801178413429649	186
-0.0892449373465101	0.620639750737195	186
0.09436982377548	1.09799740706525	482
0.0366252727265599	1.04553492924549	482
-0.0823383410424601	1.4578134426988	65
0.00367255550344003	1.24604773730583	119
0.0966038627699899	0.779656148735056	20
0.0748791153249599	0.361405005837757	37
0.07406585596451	0.3709145036914	37
0.0699153717621199	0.366068594755104	37
0.06907493082974	0.368773047437297	37
0.0929634733710101	1.06577080150475	20
0.03806429580402	1.09256361662426	20
0.0966256527249401	0.793208926140691	186
-0.0824688224160699	0.623814192542301	20
0.02068292222107	0.698641906849938	186
0.0286724388608699	0.716507312777047	37
0.0997777304841101	0.744608180905731	37
0.02453697979076	0.704173780564231	482
0.10222861132207	0.770620528451375	482
0.03010360666558	0.711852611027546	1
-0.09082883678342	0.651675633707475	119
0.0332972239157801	0.705346228585062	186
0.10222861132207	0.770620528451375	482
-0.0228002991551599	1.50134567630799	719
0.07406585596451	0.3709145036914	1
0.0233428240718701	0.698557042486112	62
0.12482166988503	1.15035441499832	119
0.0374682616648701	1.04126241798029	186
0.10265009039307	0.795253002220745	186
0.07409712804754	0.367420429263891	1455
-0.0875771514186101	0.63212207909197	1052
0.07243803652764	0.360030201558138	385
0.02453697979076	0.704173780564231	37
0.07406585596451	0.3709145036914	1042
-0.0976553569285099	0.563458613449267	65
0.0988998774377401	0.798807671318542	65
0.0295077182483501	0.713221764448928	62
0.052640321553	1.28875478017981	119
-0.0370417191972101	0.998492342691738	20
0.02324806773362	0.689286266151015	1455
0.06907493082974	0.368773047437297	1156
0.03228234235065	0.679597497031817	65
-0.02803624288838	1.67439388523165	62
0.07406585596451	0.3709145036914	62
0.06909918981246	0.358983817490974	62
0.10286186386066	1.32674777518164	119
-0.0908019963765401	0.627381745115181	467
0.07491087834156	0.368145189989722	1455
0.06989061855482	0.361863679322192	1455
0.07409712804754	0.367420429263891	62
0.07409712804754	0.367420429263891	186
0.07409712804754	0.367420429263891	1117
0.07409712804754	0.367420429263891	1117
-0.03810862106677	0.971656676418578	1299
-0.09082883678342	0.651675633707475	37
0.07491087834156	0.368145189989722	646
0.10381148917331	0.788989444269532	119
0.0821015224455699	1.42796837990992	285
0.1043918700069	0.779564500758732	1299
-0.0940334629172499	0.608754266868874	72
0.07406585596451	0.3709145036914	37
0.08637119739569	1.13573025591788	119
0.03750462136379	1.0991949334547	119
0.09694646099524	0.786337962106927	20
0.00133314530529005	1.3145549071753	118
0.0973292263938099	1.39367825971822	65
0.02737031026359	0.691986903515674	315
-0.0838858244492999	0.626415376188355	315
0.0732521631838801	0.370172278890225	385
0.0699153717621199	0.366068594755104	37
0.02933297212633	0.714808328295595	62
-0.0271018873875799	1.63687991336985	119
0.03158453999981	1.0636677459852	20
0.0986897270872	0.794223290968916	20
0.03228234235065	0.679597497031817	186
0.02933297212633	0.714808328295595	70
-0.0831614766705999	0.62543341148645	119
-0.08754702831989	0.647502485726157	20
0.07406585596451	0.3709145036914	20
-0.09209251829117	2.00862109188893	72
0.06989061855482	0.361863679322192	72
0.07406585596451	0.3709145036914	72
-0.0639100558115899	1.26030014849709	65
-0.0896342898837601	1.44286174407561	20
0.0318061836019701	1.4565651044058	20
-0.0857240512900601	1.81018161344939	20
0.03298084824251	1.06385913209831	1057
-0.07115826152653	1.17891719917436	72
0.0732521631838801	0.370172278890225	72
0.0757241952224399	0.358809802628489	37
0.12424572474552	1.75102991760478	65
0.10392394664939	1.30164933979761	62
0.0513137530430601	1.36647904442925	20
-0.03926739212775	0.975101352558773	20
-0.0345808260867699	0.936099904931895	20
0.02737031026359	0.691986903515674	315
-0.08827441376751	0.629179396138068	72
0.0283153198227299	0.703831100216674	2847
0.0757241952224399	0.358809802628489	2847
-0.08215474690735	1.45999651093841	70
0.10164790691692	0.775421927037843	65
0.0275442035062401	0.70670365883224	20
0.02411455412953	0.720540891480179	20
0.03010360666558	0.711852611027546	20
0.0920878532995	0.792559985159827	68
0.03069928806819	0.706250061600965	1057
0.03187029446189	1.06912361330663	2847
0.02068292222107	0.698641906849938	648
0.0335414272482599	1.07264202992084	20
-0.03819930300457	0.985814223794392	20
0.07409712804754	0.367420429263891	20
0.07406585596451	0.3709145036914	72
0.0657099899682001	0.349308304828629	186
0.0969727075915201	0.806954394697659	37
0.07073111785231	0.359283326343532	37
0.0400718810656999	0.995227856592684	628
0.07491087834156	0.368145189989722	118
0.12298732571208	1.69762882453062	867
0.0288203769016999	1.03791195714776	65
0.02601136115206	0.675668031556172	20
0.02856293596765	0.693119539231974	20
-0.08618310023996	0.623638372110676	849
0.07491087834156	0.368145189989722	90
0.0491049413376099	1.87874045378271	867
0.07491087834156	0.368145189989722	119
-0.03141895912889	0.993312239853729	68
0.0699153717621199	0.366068594755104	186
0.06989061855482	0.361863679322192	174
-0.0984240176645801	0.581065783057182	118
0.07733379296195	0.361722109979266	577
0.0732521631838801	0.370172278890225	6
-0.08688004692054	0.630477788457475	6
0.07328294388498	0.357469400515175	1425
-0.07490983929642	1.38621124315985	849
-0.0329885114933499	0.972067979505024	68
0.09559690392185	0.820808712288049	72
0.0409012461241201	1.04510142424142	72
0.0334731089548099	1.49195982084569	37
0.0985489310157499	0.82031114547901	628
0.0562275979348099	1.32615294450862	628
0.07406585596451	0.3709145036914	65
-0.08685054112859	0.650695538697045	1425
0.10256415737905	1.39569783556544	1425
-0.01758375834276	1.41946293796997	68
0.0182694220755499	0.629406154738436	72
0.0732521631838801	0.370172278890225	90
0.08727661995567	2.06018830615896	37
-0.0878656717147901	0.627415990608733	37
0.09831081980635	1.41339946497291	220
-0.0618844787225901	2.48190861806417	628
-0.0212408227780501	1.45501682193503	628
-0.0751083532122701	1.44028757824361	628
-0.0591948526280901	1.18143937363398	1152
-0.0346038555619099	0.920160320854532	20
0.00911731863304999	1.85668946115749	1425
0.0352220905245799	1.06899036608119	20
-0.0891536745322401	0.603636620477762	438
0.07406585596451	0.3709145036914	90
0.07907533807645	2.28141597098701	628
-0.09010916006381	0.627957519214809	65
-0.0721101406237901	1.22644048852572	65
0.1246161329913	1.96544898179318	62
0.0537175434102499	1.36704665312898	920
0.05882955137682	1.34809132924064	20
-0.0354433959092599	0.990198242942805	20
0.09171763481269	0.804460276132376	20
0.0286724388608699	0.716507312777047	438
0.0300418322140199	0.69803428963495	68
0.0220538835436399	0.698966595318208	68
-0.08462341243261	0.591135736362902	174
-0.0868209646375	0.62404764908568	37
0.10653703554492	1.89167578832835	65
0.07328294388498	0.357469400515175	20
-0.0845472429407099	0.61479024694299	68
0.0596568046725801	1.35598948882408	68
0.05957127561215	1.25124558826848	72
0.04797121298065	1.85193472346167	6
-0.0239708234712399	1.64215011147777	920
-0.0861252533938	0.626926997860543	20
0.02187784970509	0.69972310738668	68
0.03694476855522	1.10042545164542	68
-0.08754702831989	0.647502485726157	65
-0.0237394341781501	1.76764935307589	65
0.0039508624809601	2.2886630600261	65
0.0404395452597599	2.22669253918099	1
0.11152644567298	1.8806174622232	920
-0.00655571475712002	2.46433212019132	20
0.0902268063134799	1.11317726990306	174
0.08409394568865	1.12518597437775	187
0.08653835711357	1.53110785221322	65
0.0461568712493501	2.38087041080942	65
-0.00600629137214992	2.17928720387663	633
-0.0106326022246499	1.45735423773387	1425
-0.03070736819984	1.67220451395149	20
0.07409712804754	0.367420429263891	37
-0.02940307136084	1.94309940844075	70
0.00972610514877004	1.2249118061387	628
0.11642009532072	1.4824802119434	65
0.0019428378908799	1.32247915350039	65
-0.0532163721802701	2.11113886819524	65
0.03126183826589	0.663484575971788	200
0.02672327016215	2.0398366891674	20
0.07491087834156	0.368145189989722	186
0.07491087834156	0.368145189989722	857
-0.0838634828954701	1.71922419853036	65
0.0975277626481801	0.792774943538115	200
0.03214367904257	0.987630306309898	20
0.0974499955906101	1.71637186172568	68
0.0114526940908799	1.8225342379248	628
0.0404478646341699	0.610685272113373	65
-0.0826588917665601	1.63002914759794	65
0.03610031314573	1.09514109626967	20
0.02386577574419	0.6756856470524	20
-0.08685054112859	0.650695538697045	68
0.10301967789242	0.791632590175403	68
-0.0998773787223599	0.577175091567627	37
0.09078205422251	1.15262353192107	20
0.0315100844135501	0.697492283418583	658
-0.0861252533938	0.626926997860543	658
0.09272816533705	0.76343346549583	2033
-0.04602876594143	0.90125752538106	628
0.0295077182483501	0.713221764448928	20
0.0732521631838801	0.370172278890225	186
0.02530838538865	0.726679396255938	68
0.0682588072382999	0.361552350134347	658
0.0334736530165001	0.688175764126672	857
0.03634262621636	1.03283800595923	70
0.07814704139678	0.352779254983655	628
0.07814704139678	0.352779254983655	378
0.07406585596451	0.3709145036914	378
0.06909918981246	0.358983817490974	118
0.07406585596451	0.3709145036914	6
0.07406585596451	0.3709145036914	20
0.06907493082974	0.368773047437297	20
-0.06421913976648	1.17873744119831	20
0.0732521631838801	0.370172278890225	186
0.07409712804754	0.367420429263891	186
0.07243803652764	0.360030201558138	20
0.0275442035062401	0.70670365883224	20
-0.0884685461535699	0.619656334801109	20
0.07814704139678	0.352779254983655	20
0.07406585596451	0.3709145036914	198
-0.0634420652096801	1.17900542013141	378
-0.0051634276724899	1.2939990208322	378
0.04031184064891	1.06306908588218	378
0.09363923438047	0.811023129693463	20
0.10071978169319	0.787368818722194	455
-0.0893437406051501	1.69747518550606	20
0.03010360666558	0.711852611027546	20
0.02850617746802	1.65044104192962	174
-0.03177527134511	0.967329065131721	378
0.0905509995062399	0.793110748516912	218
0.0879197538463801	2.48034788509195	62
0.02909238612932	0.697223978393895	20
0.03298084824251	1.06385913209831	20
0.0412522043635	1.49194857016895	20
-0.0330170592335799	0.967754469612186	20
0.0335405401309901	1.00602565090119	20
0.10323089601625	0.794084261020771	20
0.0699153717621199	0.366068594755104	20
-0.03257553888974	1.00173656839474	68
-0.04262184915487	2.13197139198474	65
-0.0492434919763201	2.29715031662582	65
-0.0169549231741899	1.49656893225832	62
0.0294944422174299	1.51779094866723	20
0.09242606608306	1.0817071455945	20
0.07491087834156	0.368145189989722	293
0.000624639567220031	1.28753107410983	174
-0.00218557284517007	1.32020760175887	37
0.0332571421037799	1.08101009053997	187
0.04128576112154	1.48096235586032	867
0.0951746740833199	0.779312874033584	867
0.08659513313543	1.12378132576684	65
0.0973416814438299	0.793387986498286	218
0.0952268224105	0.804653806783051	20
-0.0861252533938	0.626926997860543	1205
0.10469361059316	2.11324277482085	130
-0.0350862949450601	0.994880936174283	218
0.07409712804754	0.367420429263891	62
0.100445851276	1.40622736976695	1040
0.00254405761907006	1.25484653571147	20
0.00844780051276994	1.94519146980123	20
-0.00947595816189994	1.43200234308876	20
0.10034859453522	1.40962607445774	20
-0.09010916006381	0.627957519214809	20
0.0861174258797399	1.13441143809162	186
0.07491087834156	0.368145189989722	1205
0.02825949440844	1.03402739398298	68
0.09443265241684	0.81462985588443	68
0.06907493082974	0.368773047437297	346
0.07243803652764	0.360030201558138	20
0.07491087834156	0.368145189989722	1205
0.05405026060192	1.33253764489233	68
-0.0767667151953699	1.4703132892821	186
0.09666871207929	1.10657887913626	624
0.0380280575938801	1.03816672335953	130
0.0325019689245001	1.51277945979486	62
-0.0788095008757601	0.58341729996487	68
0.0748791153249599	0.361405005837757	186
0.07406585596451	0.3709145036914	65
-0.0608784960498501	1.23557797612622	186
0.00559183682879993	1.21562760501913	218
-0.0339248001071499	0.930297917469557	62
0.09307173971255	1.12913392665541	20
-0.0295366826848	0.974550565390624	68
0.10243902905212	0.796762346440746	68
0.0254837412709901	0.72300251812457	764
-0.0915224562719299	0.651016892062133	764
0.07814704139678	0.352779254983655	65
-0.0326301510073099	0.96527574489969	62
-0.0737649540458401	1.23241560808708	62
0.09672548105285	1.67221840057881	6
0.00214549211398007	1.23441802498327	20
0.01665110594649	0.660118339546891	293
0.0748791153249599	0.361405005837757	1858
0.10243902905212	0.796762346440746	118
-0.08086071122164	1.12811950824533	65
-0.0768264033303001	1.37697973653944	62
0.08043075279879	1.86343364664664	20
0.0266768330135301	0.719443117252758	20
-0.03404804021598	1.65621939203943	20
0.06907493082974	0.368773047437297	20
0.0765201111659499	0.361036157678615	729
-0.0940334629172499	0.608754266868874	729
-0.09082883678342	0.651675633707475	65
-0.0316403395256699	0.983860562513223	20
-0.03764761056926	0.847965533351309	249
0.07814704139678	0.352779254983655	65
0.10875450325657	0.693425413518077	62
0.07152183182018	0.352982277833318	68
-0.0757611519647601	1.44083497657073	68
-0.0854296980609901	0.625307527713718	20
-0.03601001022001	0.885911672761671	293
0.10327499607249	0.724538320536443	293
0.0682588072382999	0.361552350134347	186
-0.08688004692054	0.630477788457475	729
0.0757241952224399	0.358809802628489	118
0.02463984565461	0.690086100556044	62
0.09698917355984	1.35898037937065	20
0.0983188444672001	0.796164115226204	20
0.1028617964859	0.7678344522435	68
0.0318520752010201	1.06681280435127	20
0.0344381328097001	1.08244697838135	2511
0.07406585596451	0.3709145036914	498
-0.06920577196816	1.3243486391939	218
-0.09010916006381	0.627957519214809	62
0.05782895394592	1.28927042796649	6
0.06604473783021	1.2689625432274	20
0.0279667268406001	0.694411942800868	20
0.0280759697733599	0.711178698251438	20
0.07409712804754	0.367420429263891	498
-0.0281622001180999	0.967705421387289	624
0.02247500204659	0.69197399523437	218
-0.0838858244492999	0.626415376188355	6
0.08141325980767	2.07423459285866	20
0.07073111785231	0.359283326343532	20
0.0732521631838801	0.370172278890225	1387
0.06907493082974	0.368773047437297	118
0.11917865213532	1.51981523698713	65
0.02709757687569	0.690967009619914	6
-0.08618310023996	0.623638372110676	20
-0.0885312426089	2.00088161225684	20
0.07406585596451	0.3709145036914	20
0.0946633757547399	0.80432849773744	20
0.0247115735438801	0.726028738818367	348
-0.09154985414299	0.633122587919885	729
0.09796687450003	0.819497119076546	729
0.07814704139678	0.352779254983655	1387
0.05688605470176	1.64137382281337	218
-0.0296617629031	0.914239255819875	218
0.07406585596451	0.3709145036914	6
0.11156016588764	1.57438929289513	20
0.07328294388498	0.357469400515175	20
0.0940618312907899	0.779123122361141	1065
0.10494041046531	1.33109435785662	249
0.01724942178956	0.666148041497538	249
-0.0389974774913699	0.952950209495419	218
0.06506492043586	1.85197610943084	1041
0.0786680792757599	1.50240300867263	1253
0.00544602583010989	1.28914238912212	20
0.0657099899682001	0.349308304828629	20
-0.02941687710119	1.61981974543298	20
0.00141942951850993	1.25227736152192	20
-0.0961780053035399	0.609031684362141	20
0.0279667268406001	0.694411942800868	20
0.0239400057917201	0.703594884969875	20
-0.09082883678342	0.651675633707475	20
0.0112800870386101	1.7993343298472	65
0.0350577352969701	1.02958996154606	1253
0.0283153198227299	0.703831100216674	1253
-0.0825591087394999	1.46187498547533	1253
0.0303264219143899	1.00962331301814	641
0.0289116226796999	0.710599286486434	20
0.0275442035062401	0.70670365883224	1065
-0.0840390550032599	0.602031547587509	293
0.0996436515338299	1.38444213158074	348
0.0321358950035799	1.06830911474985	1041
0.00722212342348994	1.2333580903056	20
-0.08754702831989	0.647502485726157	1253
0.03696430312465	1.02958255827842	20
0.10172431627822	1.40825111074073	1065
0.09934311752855	0.817488965944625	1065
0.07328294388498	0.357469400515175	293
0.0584185292651001	1.28568296897808	6
0.0817052681122701	1.13136370261346	218
0.0135406265668401	1.82893894506544	20
0.06232715322642	1.30646579035122	20
0.04080511667208	1.49333488178259	6
-0.0394897434107999	0.988673684287184	20
0.06487412246589	0.351681013980674	348
0.0335634832896901	1.00870189332077	20
0.0622398087073	1.72862642578793	348
-0.08709880243905	0.626413045383082	502
0.10185816769486	0.79793753845267	118
0.00459315498109003	1.98818610507487	502
-0.07193800429468	1.24305120202196	20
-0.09540458158048	0.625608272604495	120
0.0274792936375401	0.700404802184977	20
0.0273031114315201	0.695551480109356	20
-0.10406237021673	2.42481898511489	20
-0.0296617629031	0.914239255819875	20
0.10069580685787	0.788760836506912	502
0.0911780449520301	1.1401592857881	502
-0.06772017453804	1.24902152452213	218
-0.0530975247012999	1.05008520889549	20
0.0331992305540501	1.51400997024169	20
0.08807680213277	1.12650100365579	20
0.02926870103654	0.717130682013422	915
-0.0901353700223	0.646033218417456	118
0.0903386871632501	0.79783451426435	20
0.06907493082974	0.368773047437297	20
0.0586414015803201	1.35724199136306	20
-0.0389104020978399	0.984060887841028	20
0.02590498980093	0.722440331579778	60
0.07406585596451	0.3709145036914	218
0.03634262621636	1.03283800595923	1219
-0.0104938928587499	1.24892700170705	20
-0.08572974239261	0.605756893967432	44
0.0228278791124801	0.674967755024634	118
0.0958975401753901	1.07872027402743	20
0.07406585596451	0.3709145036914	118
0.11809714074315	1.46917749097416	60
0.0988998774377401	0.798807671318542	218
0.0919309167001401	0.791804288529761	20
-0.08717513030772	0.622255654825568	744
-0.08618310023996	0.623638372110676	2361
0.12207096738469	1.74092221995287	6
0.11423321935706	1.6055884725832	60
-0.08582963242814	1.99594132531147	450
0.0723379463199001	0.359759751594949	1148
0.02926870103654	0.717130682013422	57
0.03222213134494	1.06446255966298	57
0.06297691283528	1.27600086373905	6
0.0917298938478699	1.32466061735882	20
-0.10205672088696	0.467896306541007	2361
-0.0818435874730099	1.65719341369265	20
0.0383747917844199	1.52867532105202	20
-0.08353265432344	1.66514848559156	57
0.0974228348114801	0.768616942728552	20
-0.00299729994168008	1.30324150342518	575
-0.0878656717147901	0.627415990608733	57
0.0923452811301799	1.68094209912873	20
-0.08108397153055	0.600582821385667	422
0.0970474966927899	1.72557780860617	450
0.09005885475922	1.82213039628246	20
0.0962394419822601	1.89898153894881	20
0.0973312103850399	2.04181014897975	20
0.0748791153249599	0.361405005837757	1762
0.0546779767790999	1.33460556414242	20
-0.0871460054003399	1.42214049881026	155
0.06381096028204	2.35555835764911	20
0.0793702471087601	1.78044007132295	57
-0.0922162285146899	0.644182760698786	57
-0.06641568144758	1.24647692817664	20
0.03218488193015	1.0836620554806	575
0.01990996563208	0.678409004584618	155
-0.0358849709042799	0.990190364495995	20
0.12015648259653	2.38440240162656	20
0.07406585596451	0.3709145036914	422
0.11510632415076	1.59096517259607	20
0.06489944893537	1.27779161406409	57
0.0487592598508	1.26425038562127	218
0.10425372321649	1.39339391713906	20
0.0938315025776899	1.36631372994348	57
0.0747195926541799	1.52121167181324	20
0.0961787095836999	0.817028706656386	57
-0.08632349955194	1.76758183280749	20
0.0967603020432199	0.808269062360299	57
0.0260803907828999	0.723644438443023	20
-0.06943229959044	1.23280066141066	20
0.00281047055414008	1.25741258921493	20
0.06168493219524	1.30235613619732	105
0.11297202913704	1.57904370110939	20
0.0467354943492599	1.89561505894156	57
-0.03244747126979	1.77737213139255	155
-0.01679063559585	1.54215749367673	20
-0.06282530808873	1.22659748627617	20
0.05144116928063	1.82499240431049	218
-0.08367395830211	1.56034376807746	218
0.0300418322140199	0.69803428963495	218
0.07491087834156	0.368145189989722	20
-0.03624292593743	1.00328287369985	105
-0.0940334629172499	0.608754266868874	47
0.0765201111659499	0.361036157678615	20
0.0382719020751101	0.626771631924107	20
-0.0854296980609901	0.625307527713718	274
0.07406585596451	0.3709145036914	516
0.07406585596451	0.3709145036914	105
0.07406585596451	0.3709145036914	271
0.0731536250120799	0.353255997733963	47
0.0287369232660799	0.71618803059248	516
0.0959737678279	1.35815781459065	105
-0.0831923918369899	0.624792864981833	218
-0.0824688224160699	0.623814192542301	20
0.06989061855482	0.361863679322192	47
-0.0961780053035399	0.609031684362141	218
0.07406585596451	0.3709145036914	218
0.0748791153249599	0.361405005837757	271
0.07733379296195	0.361722109979266	155
-0.0861252533938	0.626926997860543	274
-0.08618310023996	0.623638372110676	105
0.0247115735438801	0.726028738818367	266
0.0569062904714099	1.273951946835	20
0.0748791153249599	0.361405005837757	47
0.0286724388608699	0.716507312777047	155
-0.06943229959044	1.23280066141066	218
0.03886390897972	1.00501455439231	210
-0.0922442560044601	0.632528806362414	611
0.03035032001967	0.657882813062333	20
0.07491087834156	0.368145189989722	20
0.02856293596765	0.693119539231974	266
0.06989061855482	0.361863679322192	20
-0.0854296980609901	0.625307527713718	20
0.02102424108293	0.646269798946631	218
0.0732521631838801	0.370172278890225	57
-0.0901353700223	0.646033218417456	611
-0.0824688224160699	0.623814192542301	20
0.10106698994414	0.776537429883632	47
0.0258336596461499	0.691122821312279	20
-0.0204732952989399	2.39292984757458	105
0.07406585596451	0.3709145036914	210
0.07491087834156	0.368145189989722	2354
0.0765201111659499	0.361036157678615	20
0.07406585596451	0.3709145036914	20
0.0732521631838801	0.370172278890225	20
0.0732521631838801	0.370172278890225	155
0.08450801730598	1.16108459292919	2591
0.0822268904444099	2.34734225007456	20
-0.12074502731399	2.32625591975139	47
0.07689900608872	1.54789289089944	20
0.05644827544499	1.31821610146465	218
-0.00588691560731003	1.98546370231924	20
0.10085296814189	0.783099003673744	20
-0.0883534001803601	1.69605813707839	20
0.02128048980895	0.701736661403363	76
-0.08941647550221	0.62280281992148	76
0.0757241952224399	0.358809802628489	105
-0.0362240297726399	0.887646478586031	20
-0.02838225487435	0.962888954288461	20
-0.0831614766705999	0.62543341148645	20
-0.0271819806462501	0.909767849242061	20
0.0942215241359099	0.816316075384491	20
0.00471892931580009	1.7789669462089	20
0.10106439357571	1.38768145464781	20
-0.0851897308607199	1.46260542554207	20
0.05839471091228	2.32432767588124	20
-0.03439785709872	1.86718655399892	20
0.04294634329272	2.31335183739638	20
-0.0104547175373	1.81766909144335	20
0.11039093451334	1.56808624798488	20
-0.06579595157138	1.25702864537401	218
0.11144992956888	1.53321826542836	30
0.07406585596451	0.3709145036914	20
-0.0448286621484799	2.08753929682873	218
0.10973074138825	1.77205915149977	20
0.0895916950968601	1.34073602820047	30
0.0104766405062	1.80982070068328	112
0.0562685834261001	1.97090585502289	40
0.0205532967392901	1.69200781546496	40
0.0930229863362599	1.14797989366323	358
0.0127085844164501	1.84510030232776	1673
0.0290566315818901	1.06608327725472	30
0.0959671127274699	0.804725636731854	437
0.0300418322140199	0.69803428963495	30
0.06909918981246	0.358983817490974	112
0.0287369232660799	0.71618803059248	112
0.10006130509257	0.79252241580258	20
0.03389252386927	0.699840267189601	40
0.0276848638728	1.05835138401833	423
0.03722960888182	1.08280557698561	20
-0.0951847822357099	1.7779489306193	20
0.04744304621249	1.87010129699515	40
0.0641624233746101	1.24966519604364	20
0.0372201088420301	1.08737273765265	112
-0.02702258961307	2.38485736722721	1673
-0.0761506206637601	1.45182659956952	358
-0.0840390550032599	0.602031547587509	40
0.03550688518612	1.05638348152835	40
-0.0861252533938	0.626926997860543	20
0.09447780743824	1.05569893729247	20
-0.08754702831989	0.647502485726157	620
0.12014768776265	2.15271599157047	20
0.12173715926345	1.49656963038735	20
0.03010360666558	0.711852611027546	1238
-0.02130430628814	1.5214649076912	20
0.0954793842463699	2.07670689959446	40
0.06896644167776	1.98595246568669	40
-0.08837058558178	1.4589228042985	40
-0.03010314655989	0.92825343404436	40
