x	y
0.184023874108732	0.195859131254887
-0.224807434244149	0.269416219755581
0.156160672922745	0.1924481387532
-0.324520475163146	0.324279079374419
0.625314684334128	0.192302335259694
-1.8700867636776	0.79333661976611
0.308572042537898	0.145206102547819
-1.55323161197334	0.77443248562888
0.981172282856903	0.372017532625154
-1.86928527139059	0.786620203398239
-0.280299952976662	0.0962838321108
0.75703502374024	0.314409160332891
0.466441594983451	0.171307702237758
0.61962621063934	0.201522244647387
-0.117785501720005	0.0527065611871576
0.562518129363664	0.701853373470103
0.145722622685498	0.17546119717035
0.167508861863438	0.15061537459483
-0.121504200612963	0.13717149658718
-0.426534528097255	0.566271901721447
-0.0343919927822792	0.0241107214456784
0.383101403131986	0.15484281839632
0.136920705038257	0.0276544244584546
0.614478989136667	0.194606563884473
0.0893266797115947	0.0298584619440812
0.123958640083443	0.030889091157911
0.123958640083443	0.030889091157911
-0.658213786449221	0.169205854171519
-0.783949913526956	0.278891669070979
-1.18010938144518	0.361863679322192
-1.3900501383743	0.874972439856165
0.136140866751737	0.098210770208772
0.348474080913819	0.407373506861735
-0.478070634078877	0.727666827780087
-0.156665518518182	0.189606919928423
-0.35543697451079	0.298579096227119
0.469874793099029	0.172372103841324
2.74742756837137	0.826246481115038
0.617699607015864	0.194176298788628
0.622076172115503	0.201430407091027
1.26892444000319	0.558701135901297
0.924694488523232	0.236845893882658
-0.397989979346878	0.117974320602497
1.41386367877426	0.473155121604025
0.983618255586994	0.382651425999275
0.879654485745286	0.954132021330948
0.176035648620005	0.191552426830572
0.326836584180015	0.399493048071031
-0.0768329725712985	0.0741215619505521
-0.085030296531979	0.0802465504849183
-0.509215712861612	0.476407980489101
-0.393658686964282	0.116150392877874
-0.661659844383083	0.331823077657325
0.123976331196576	0.0321704885802751
1.95838308976339	0.512785793969077
0.490460604537644	0.278217951691113
0.462235391280685	0.168297810515123
0.92006321585776	0.24584935325024
0.172716902304056	0.145721127530821
-0.286036014599841	0.338612100525973
-0.0962572304325251	0.0703433290903022
-0.56108660659694	0.749541510739041
-0.0045294779327165	0.00365308105229535
0.076250836749882	0.0582730084965613
0.761406221851062	0.327802172715368
0.918345124738017	0.251770863873478
2.06028104477512	0.924253009219099
-1.5676768487881	0.577081584384922
0.921478282282821	0.247302516524772
-0.657392185827201	0.165268089701776
1.95838308976339	0.512785793969077
0.0886392965044954	0.0301744312136337
0.236385739376439	0.166469900515452
0.0148375037030436	0.011325388002671
-0.0567374503749823	0.0293752977832897
0.0535838107644659	0.0452421998931425
-0.373634043271297	0.444844620119769
1.08261252232959	1.75880019921035
-0.313750832818546	0.353571220910608
-0.685393861116332	1.15727265647657
-0.711795630243747	0.851107219956202
-1.17512088467504	0.361405005837757
0.466441594983451	0.171307702237758
0.918345124738017	0.251770863873478
0.123159074419786	0.0311724352253345
0.391592758808993	0.146124157880073
-0.781420601346175	0.27002960392147
1.51829564503407	0.730315190188165
0.329892008490271	0.286509984581533
0.359541168219022	0.27950012844211
0.231314122554288	0.226181771588693
0.0419415849263682	0.0440977304171388
-0.0265905562365103	0.0266638034997261
-0.20904230028298	0.252290849751731
-0.345305482159897	0.437633765846365
0.46241756398894	0.575557879759414
1.56657852471753	1.10342415970373
0.621299130100455	0.19765529034279
1.41794017709347	0.46521994232223
0.096388793268559	0.0291006075115741
-1.1776620536801	0.359759751594949
0.12314188083723	0.0313348936138455
0.846780605017742	0.448324830864628
0.129566423848103	0.0899704279487503
0.241111618593626	0.208875913603701
0.733110886305625	0.632972094347622
0.691136689402563	0.662175570066687
0.180141546663355	0.19544352589697
0.0118505033404256	0.00996224307223678
0.331786779356568	0.48546232068136
0.606212149616916	0.864015566584817
-0.654164406701907	1.18570345082485
-1.09357804560657	2.15542703985726
-0.635398083438951	1.05166270020086
-0.195713975176075	0.242582770265677
0.337896149712406	0.295990900117896
1.38605127967477	1.51204107421576
0.669515387629534	0.532065535136738
0.122275222796018	0.0823875070786667
0.31420560510557	0.296473968157906
-0.304550249239177	0.236482502084464
0.0981098154467577	0.0541657480941824
0.0574234096606382	0.0502280798076373
0.233603879626528	0.219544617518452
0.179509675948163	0.174312616823071
0.341345410679617	0.277925348834135
0.535922098396285	0.754180290699317
-0.0355491875525789	0.0360068479441359
-0.810998008898451	1.4550930566454
-0.230104062243817	0.29481561554642
1.30637242709075	1.15101256972686
0.740099324895491	0.394134381811878
0.482078856099134	0.263269776586554
0.103088214142933	0.0909199911212495
-0.0247217656381025	0.0175145706635729
0.829548037976174	0.826266301687174
0.0554899352322247	0.0462176232822045
0.530234660173146	0.601550163033407
0.539106258175606	0.611071108824579
0.379255483024223	0.396821202369554
0.611364236916392	1.00139504187756
0.0785733528053467	0.0719759155543949
-0.061897937636119	0.0679715479181422
-0.0280929202885403	0.0277583896435808
0.709653083249469	0.757378257429492
0.112432146563459	0.0600917188421328
-0.0885091650371206	0.0680454900958096
0.227700014704278	0.215041302513204
0.632590129392909	0.804088400882907
0.414677332020309	0.36269602711928
-0.47133375174075	0.519825083150596
0.359258624267071	0.403441356747468
-0.212728665722866	0.152656424749973
0.393011416673384	0.493125009292355
0.404965156485939	0.386068683929266
0.619619124131222	0.810799973916357
0.779962518677393	0.812714307057692
0.123248836506253	0.129722668851543
-0.221832226524796	0.189277612916121
0.413159962331725	0.480957217977094
0.0412728792758929	0.0422940667848944
-0.211276677675947	0.192735234939518
-0.262528888537048	0.218006476729975
0.46462415075961	0.46223677147931
0.158545491910492	0.132445315575977
0.581981522122796	0.764354009485759
0.32090038746438	0.294283495686981
0.417051948695581	0.377739060189103
-0.108323339105595	0.0704854588912767
-0.198637408102529	0.17695660174268
0.283829732668404	0.30515188129088
0.172829380117922	0.157558980121809
0.324145120829019	0.303398322996
-0.359322374969149	0.305696276642519
0.238302982789543	0.231585958534575
0.296291947621713	0.32234420808962
0.0453243778108625	0.0494155781043945
-0.32202066359725	0.345697569624485
-0.107429494739849	0.108079677266185
0.59968024336013	0.607891464649659
0.282360418194354	0.14680796695644
-0.854450297016096	0.574361063258785
0.437110820397616	0.264107307821317
-0.169831355787193	0.103448261660515
0.307594558327535	0.152369927736369
1.05842986221395	0.932077346149737
0.434637718056436	0.255202669006066
0.0924228742985507	0.0398479224992087
0.484981235564708	0.260960222743141
0.37399210367354	0.392579384121394
0.481086327828092	0.484000128193422
0.476391636284489	0.583074218483627
-0.721395360711335	0.965703474984158
0.370701609303161	0.263745131009514
0.634296425673414	0.702926872890096
-0.252452704642631	0.250331157653064
0.886848840870556	1.36360451832957
-0.262165273481955	0.257075651670512
0.0745196077043049	0.0576620911173957
-0.379118641945421	0.377271950656017
0.329278567211331	0.28731930865301
1.08599533927646	1.5122724301974
0.582385900246073	0.781454923107723
0.422170754338831	0.458922702309705
0.905604941479404	1.07766336784996
0.991494640909166	1.45557536832952
0.618423362224209	0.813723803308936
1.0518016962044	1.61453722264479
-0.467040668260509	0.558035417983691
-0.508737944356823	0.714458273619237
-0.0702915900470685	0.0606523068006179
-0.139112817599397	0.0890166785708911
-0.0650309349778788	0.0336885514101221
-0.710639477034523	0.434410530920651
-0.151095922326742	0.0629118559801664
1.19237705489685	0.817477126939524
0.890613037434088	0.576337900128725
-0.0391704177859646	0.0274144595985955
-0.878807163940271	1.09911460197986
-1.0473621916203	1.46927484874533
0.463701164601256	0.49651117492098
-1.12148817787953	1.19224054668455
-0.553972476301848	0.522835407907465
-0.418403191923322	0.366726667537265
0.779082051137748	0.788716900710173
1.05953977412082	1.41121443430136
0.128104012310171	0.0893966478703465
0.134616720259957	0.0977759723315861
0.658106601434729	0.649974009343613
0.070754062478059	0.0499701962890223
0.970495336021747	1.07296703685248
0.605391702398124	0.632310301594369
0.336546979674112	0.374158375486932
0.359955719494905	0.404867211547947
-0.0943055908890387	0.0847194115079914
0.299925869273047	0.328871859687993
0.847808333244135	1.32162889501028
-0.303687437967934	0.353423701300704
0.0490352107385151	0.0414642110281894
-0.0170042644108012	0.0139304828189075
0.829131261200075	1.23175261163549
0.0266819176546794	0.0245718561095758
-0.0368814861061507	0.031800568907774
1.05522029638518	1.54631157343649
0.123303570963973	0.126022381109935
-0.0725781706650301	0.0726421014885874
-0.0035831088881597	0.00357878911231129
-0.44907164249917	0.661972321397777
0.120675167034251	0.121574145160834
0.487542820055326	0.280134832369106
-0.578852492250181	0.233014554599645
0.0817898676780647	0.0267031559705113
1.90677677833449	1.23096115595404
0.0886884435976563	0.0339785317442027
1.77530707906121	0.699869472656923
0.462235391280685	0.168297810515123
1.57040672884211	1.08598251990346
0.0937087769679686	0.0360218744711359
0.894524624065274	0.58365167454388
0.332482076875408	0.290841894700847
0.559024981920644	0.274038120573682
0.414822664048505	0.47762296712811
0.0135149302438408	0.00843830437449071
-0.184661086891754	0.132363128222137
-0.64021449666154	0.694614452642902
0.181161799587692	0.188517084993349
-0.218217679735448	0.209988980270775
-0.234400306245468	0.215340392953398
-0.2031868841161	0.1591294135813
-0.819074590728994	1.09244152022233
-0.330616029933725	0.358476269035405
0.179299989576145	0.175903867530182
1.10297753101519	1.29119748038295
-0.433541359668735	0.379950809242729
-0.0314450184691659	0.0256099836202049
0.825006265600409	0.946760586960535
-0.0021517436061965	0.00147712663498413
0.9490355280074	1.37062996961648
0.864680985350335	1.16679281035672
0.107974070116415	0.0664025215826751
0.540705640084643	0.598646157857155
0.668252425994439	0.776593014641835
0.345730603652106	0.38761268366678
0.408496661651564	0.371203174385291
0.777702474824502	0.638518359661505
0.930031236186238	0.936765426209851
0.37977437324717	0.552892685816669
-0.00328611847332709	0.00197058055538108
0.243384648593906	0.199115199648413
0.191478260456125	0.236716848986335
0.31766312158542	0.304843738363122
-0.352198563060836	0.27108319170715
0.157625860250601	0.127597201328054
1.26013545846143	1.46688803458304
1.12877110693185	1.45175654484489
0.617028695530615	0.712336647890071
-0.288582627591073	0.333072002286476
0.30603861783107	0.306845078313871
0.379524931817296	0.47379557581597
-0.425753522896866	0.766190821519151
0.0489369162423963	0.0518096047284075
-0.580154415632754	0.702285133587614
0.423869521257489	0.498013318300241
-0.248855818434837	0.213033332782382
0.230789157808098	0.248801122098827
0.150186154371034	0.111523577297173
0.322271249754331	0.291598011641702
-0.277245120121369	0.297691133487923
0.290823744107332	0.301231242993509
-0.601171943855822	0.670361250775745
-0.21582854288117	0.150061952969629
0.0931786104539652	0.0796135312156129
0.0155601195646964	0.0136069370767594
0.164217952896673	0.152348758990668
0.103489159171911	0.0829208960473484
0.350143947631502	0.40218335319341
0.502557797960972	0.487835580356039
0.827310340790513	0.801758120389556
0.136590825744942	0.0995671547274354
-0.202635718815737	0.222105812530177
0.263986065531042	0.307816454612769
-0.00546180819836326	0.00390218543211426
-0.0472305748329692	0.0370680122554472
0.228394041750528	0.222926131269807
-0.00687113028641836	0.00547187973817435
0.518695546561583	0.581361501415669
-0.34708350919638	0.261876002321682
-0.753197892434009	0.606427847863817
0.634473381517904	0.502051334059334
0.852557246472099	0.692574221285337
0.153968629982188	0.127712988887252
0.311227299335183	0.314974388690029
0.09105371886668	0.0383779251319336
-0.765070159179337	0.817782343039275
0.325432806064951	0.282490683818162
0.542074144786166	0.511422909022923
0.321013261465738	0.301285078965363
0.366808516128347	0.390650854658253
0.180190153893324	0.17672546866682
0.592716681686162	0.941113540619073
0.482891209686233	0.566371498196931
-0.0647607858835509	0.0443848678940853
0.920679890372773	1.06782285293346
0.40342360183196	0.442871023463449
-0.873356021701097	1.13194769275822
0.667392300789903	0.803502637509357
-0.00218967603970819	0.00217197904753838
-0.251188755739752	0.340980354976472
0.175561634092738	0.186965672146524
0.0638090380123805	0.064042424755362
-0.110221291960568	0.120648440641245
-0.204718489056782	0.253376469381813
0.429510715619556	0.383595235018462
0.086190129316629	0.0288397333698396
0.385155723921547	0.260040164604564
0.473576954997531	0.167111991186575
0.632729394643101	0.290868955563158
-0.67462108813269	0.29392484974604
0.258304010337092	0.155929725233583
2.69035160082465	1.55998754916027
-0.74660695683158	0.586001603370632
0.556711254896012	0.280265718703974
-1.28119693614301	0.965931683276657
-0.369451883192764	0.37907808054376
0.497688308447181	0.588871158347752
0.0987677762984773	0.0510571810439622
-0.46507844882561	0.2545597166695
0.0969492987027561	0.0809700643092909
-0.208633596281565	0.165731914534327
0.513453256006305	0.682984366347108
0.422120263494109	0.38569340766789
0.0725002088106302	0.0528691829846811
-0.214784340224313	0.21973830090105
-0.813974076193283	1.20380197910953
0.387739339456296	0.379006092756514
0.232109527341547	0.190135939326358
-0.261168084042624	0.2527587908706
-0.393526313770623	0.387783492727943
0.0484069439694429	0.0471684527072837
-0.0732575138722678	0.0639363300074148
0.320979441018535	0.284566215059942
0.0864395756656776	0.0680206199045899
0.160872849397119	0.143420375294053
0.792952603830081	0.996543713157571
-0.397697961154699	0.297105458193667
-0.325040153476832	0.295826824226723
-0.24328781258	0.231802060734256
-0.0516551829059897	0.0397569812264775
-0.149644195893929	0.148276232858866
0.661983708235085	0.658119354113446
0.789008147050389	0.904367920984092
0.413058427048449	0.39919033819644
-0.312004162886028	0.262105930418129
0.625493900858713	0.580547034479145
0.699582941293311	0.643630210174364
0.120025793036523	0.0801550904538464
-0.394417307430775	0.250120119511599
0.0297153655819005	0.0302388712096984
0.197991434277308	0.227436468111733
0.353362218262385	0.265558621358843
0.0977252885204061	0.0463904218065037
0.719471492581322	0.510579088295243
0.868106358326814	1.06881982906342
1.03350229934684	1.19710011776551
-1.22260186782067	1.04105575202883
1.18680580922278	1.1763358909615
0.387905267907502	0.272718479175957
0.544570277892872	0.604321767837608
-1.4451401854463	2.86262473470686
-0.0739706780621342	0.0573886890030657
-0.485735045260716	0.559769557882982
-0.338703474094523	0.490988879902521
-0.247276770356716	0.284871160335781
0.0500642856537022	0.0418150834900972
0.0364852394811843	0.0350716589017318
0.598549402652388	0.57107550364746
-0.494188130944381	0.632686826054649
-0.0283113993164098	0.022146011300982
0.236469644708738	0.207172923474691
0.28996313251083	0.339121122295088
0.448993865917133	0.480262255552056
-0.995227861226222	1.32679163337776
-0.0428913828883733	0.0230209762323909
-0.233247655181265	0.269154739403051
0.275269267689398	0.297680063382719
0.0287341034213357	0.0263967971447552
-0.00104128738228817	0.00108676586340597
0.139236314415115	0.154603521335856
0.232645833605582	0.214103365117733
0.658846655134861	0.980197255494529
0.0424135300479155	0.0496379239391437
-0.222783640767697	0.295680796781439
0.293378111038282	0.44387184706806
0.157324596375711	0.130039238915976
0.113534041144999	0.07215548113243
-0.0406532673192142	0.022244599850519
0.0505684253072646	0.0510286334438515
0.00361912939446809	0.00337973331560178
0.244020123061941	0.197191312244884
-0.761550271431288	0.99758826153046
0.158097570812088	0.139631979349057
-0.110841903119176	0.109854469919708
0.677455702955611	0.971051367662176
0.407088155034907	0.360018126465077
-0.841962242118397	0.47349339814642
-0.560729983169094	0.439881547816676
-0.352916688560104	0.262878496171646
0.408369963534298	0.486041293640285
-0.14729544338783	0.169562181160968
0.221445874914479	0.240681863197646
0.101579447964467	0.0857182348653433
0.125128049548745	0.129712233011556
-0.291700915299103	0.198098524726425
0.230173628905461	0.171007204664789
0.466361280271345	0.496362661214641
0.0379695204707695	0.0338740380063314
0.131028582800221	0.124370720699718
0.0538984388774574	0.04474839841736
-0.20505256607549	0.197983179532657
0.075756063435546	0.083215485656618
0.368022596841721	0.487353767562034
0.33647128979645	0.39155062656749
0.364200469274825	0.48573833056535
0.551446134318566	0.771416124015496
-0.140026502693924	0.123514617982511
-0.272637077918107	0.297021182742952
0.543643514069116	0.769650378136833
0.636564175507784	0.825619645622846
0.688628675338395	0.626333276045389
-0.0691289301158427	0.0762375438839007
0.138437561988099	0.137141185959129
-0.423453118576699	0.544324196312427
0.239804339144828	0.30794638376365
0.724754888792566	1.4357660511284
0.101649572542974	0.0309006320571505
-0.782226195272586	0.275727221482085
-1.08519815874479	0.460286451421787
-0.368919875408047	0.176327496864307
0.627993967053893	0.294000432502212
0.846177805641235	0.461006924813787
1.95728726474171	0.516817053041281
0.380792427091486	0.148935763868596
0.451635116444972	0.355457276708139
-0.00106343316951534	0.000700116135663575
-0.681895299092543	0.623563379263147
0.516642097307454	0.617842606088698
-0.560170715873421	0.811996557834212
-0.358173019399944	0.291771602866491
0.940346840022619	1.17749405809476
0.631261907416302	0.898949382124116
0.858884152934563	1.19890289527072
0.0268190362493024	0.0215355896517177
0.628237294644392	0.628015758159655
0.231482149780493	0.177195977379331
-0.399829861067769	0.329904927636552
0.307044694770503	0.317203982749713
0.756990247403439	0.892870273995593
0.0807301846737801	0.0620918996913821
0.490443369510886	0.651247561616673
0.828981123801178	0.920162308941216
0.358359430613187	0.272014332415943
0.0995325756669172	0.0560399436083842
-0.424871682280536	0.361496830283488
-0.180689681588979	0.132599343422754
0.10974151541705	0.053161414825452
0.0834062824396491	0.0858918726205166
0.059871800112673	0.0522894741565739
0.334492305255919	0.425485836734985
-0.55003613089873	0.677119350943412
0.41557280598799	0.56098422586851
0.176298866860553	0.197083788331088
0.385681315069088	0.481536444242914
0.355763538983601	0.469963711240192
0.553005406149814	0.393743133631042
0.328315514412957	0.295184348884457
1.07674817079735	1.04056980798417
0.79900140274936	1.28280897090206
-0.764182574127519	0.730635859935216
1.0772005202311	1.10292573896405
0.611183481637024	0.620821137074013
-0.18787699638007	0.21119299995172
0.257247432910659	0.331727261317563
-0.465257866097873	0.599338734696889
0.229237421738462	0.249232899191653
-1.1234137976906	2.14992117644243
-0.665998267092625	0.828165569163903
-0.455883925955947	0.197892889796847
-1.56607184397722	0.573530057955278
-0.393621163963244	0.119864422038082
-1.56093869536232	0.574417313732474
0.383835023262217	0.155730893895936
0.0912142421554929	0.0264868169859697
0.391038492900321	0.371675640608185
0.445897225591129	0.265619423947133
-0.286719286064136	0.191813678587199
-0.42965015772947	0.539060497461799
0.175327187222637	0.160094536934568
-0.568955460309165	0.695045435867656
-0.0376005029172193	0.0256788577184511
-1.42045183081467	1.38154871526163
0.443139908450235	0.489902157505055
0.479961495394654	0.575820432053915
0.23820829045451	0.202410665145564
-0.33610504529036	0.211525260846927
0.408078567129386	0.355787625711136
-0.155234345070562	0.10972251928037
0.634484428381694	0.710129544407598
-0.313081038690894	0.328249244557188
0.405607933391963	0.397258170334749
0.48719016309144	0.482323152386822
-0.52080683857791	0.35655663291457
-0.519406732921083	0.355081443238951
-0.0439898000496325	0.0236638241979402
-0.673844388795282	0.551827148492022
0.334764788409441	0.148723519423108
-0.170308461239947	0.0978826448048567
0.589467788865167	1.01673725701229
0.404728153890316	0.647865895244382
0.302169903523335	0.379009591863112
0.61984556689074	0.924847713639257
0.107650943820885	0.112219721637607
0.278368781688052	0.32944878640348
0.366411161748144	0.4710391763262
0.579062575372282	0.619608138103061
0.685050876341774	0.830889942013229
0.556140149533259	0.556543672987
-0.117339871874368	0.114385562566703
-0.704761791874883	0.87325446427182
-0.61591536560979	0.865485370228406
-0.609398623342016	0.911703569433898
0.31492339723663	0.400434781743737
-0.120441432784513	0.0990615416480516
0.0873819698611535	0.029361854732006
0.0931442284249561	0.0318235508351483
0.849505592207103	0.45333876334529
1.95838308976339	0.512785793969077
0.240811813806496	0.251200542855234
-0.029515621482012	0.0252610940143333
0.454443162651568	0.494391398939889
-0.119684551229385	0.0770450953398295
-0.0456460018195033	0.0250329441494203
-1.47161410552071	1.95837947198151
0.300442424818095	0.318612226382423
0.343225921654679	0.399093337867758
-0.316126032141346	0.314888121873156
-0.0324703963466643	0.0227469918609095
-0.0306714832664699	0.0172881114467977
0.565126036468203	0.510772429941266
0.905361640400171	1.07641896732233
-0.24674648397944	0.174188938269729
-0.246220145813082	0.172997736830308
-0.185862693530867	0.133420732352939
-0.586318464276815	0.741431796747232
-0.155075630768867	0.113961922032705
0.349892137388284	0.372240472275006
0.307967033890636	0.293357660021335
-0.357428255712875	0.263505043182163
0.672870070212702	0.536655169764839
0.629054329132073	0.526254462498683
0.108261426078285	0.0590870693710197
0.238224873982627	0.167901193375247
-0.31476875619238	0.263204563832617
-0.756547729728118	0.606853997140453
0.520557961795905	0.888757599457691
0.412818459768095	0.696468902013233
0.590840395622747	1.22564717574644
0.63502728539378	1.09300220273248
0.937544502472748	1.77868272309969
0.773091955237305	1.68833213965605
0.113379129202346	0.109058088072749
0.0966294090587472	0.0951110430060388
0.370313406486628	0.478591881691496
0.387866985480358	0.404557013202851
-0.00374236857461183	0.00349400311725
0.275937021938136	0.333143807560917
0.435791139558647	0.477215348247472
0.918521685719776	1.08685280801761
-0.00248768719339839	0.00195864516961977
0.333910127207469	0.368235687523617
-0.747982768265294	1.32545223027222
-0.145868164513925	0.146815850602935
-0.304679939930008	0.307812853289629
0.0727102246109749	0.0521568419791823
-0.457173207158299	0.332748530255601
-0.209944467508675	0.078233431212157
-0.457995568132231	0.20258776894597
-0.662427592353477	0.330792729759668
-1.08742811582886	0.451484255457576
0.0912518954117558	0.0339922018555033
1.27819976293709	1.28777270288561
1.0294754365692	0.603103476285818
0.597961640566077	0.673372308673691
0.095569149781071	0.081435162189135
0.588780804217633	0.688048836901864
0.0299111774063924	0.023911012162963
0.240933604586882	0.168937465871823
0.231980844075546	0.166228688910675
-0.0894786081181656	0.0587505009364251
0.0763412535017392	0.0694397393365429
0.742635652802372	0.969085997189945
-0.108393709421876	0.0824685216338955
-0.607605654537741	0.562679685459289
-0.434471782804853	0.343231236418359
-0.097812602482623	0.0813820191192415
0.423031791849096	0.479348870224822
0.00997240534993685	0.00630757927611074
0.82928435880176	0.796768498240659
-0.353172198300365	0.297855530075319
-0.87389283743538	1.13421691225959
0.426933442401703	0.48505237645455
-0.324086394539053	0.347561623751067
-0.259734127252698	0.225181655466356
-0.136822384796611	0.0992873809771375
-0.649156116414605	0.483297976932181
-0.0264992477698305	0.0153784692128929
-0.352474516070442	0.264101911608618
-0.0747387900624691	0.036992291261652
-0.444073855880782	0.462230356946269
-0.416261461825821	0.408276022444179
-0.181564869127587	0.145751995550068
0.429338360996677	0.365149351223454
-1.0002382512504	1.05208703647283
0.968658718232268	0.880681509590956
1.51842987457632	1.57563756664842
0.443687730428642	0.387287098749887
-0.0310353412207501	0.026793173151131
0.483885810883287	0.384721988125965
0.624440546256051	0.524716967316888
0.402302451302325	0.552828384388447
0.798345578716645	0.549120240177469
0.590798317976569	0.401391568339057
1.18217603513842	1.08901892047259
0.447470335133751	0.582424779908787
0.0345677172024763	0.0270897881031744
0.242235367712665	0.160900395915004
0.731328172585702	0.678786248847127
-0.187538339296371	0.176386772203478
0.134531020298867	0.147682211751294
-0.154558848240775	0.116745266681088
0.303927149693094	0.289185389126488
0.152908326068782	0.123571820446026
0.140516108969785	0.100142408078035
0.312016468548904	0.297590150866002
-0.650888763028188	1.13360335502787
-0.94404018741593	1.19266538615217
-0.840074856312341	0.886041171605033
-0.251576730975717	0.219358755043612
-0.414037089387813	0.409183833421353
0.652799060392087	0.639913715346421
0.132054900395084	0.083557226587068
0.447670378053587	0.393040559479685
-1.05675174270112	1.43382203822686
0.597047079141642	0.605311899706324
0.713905252678791	0.862100686604475
0.0655371600954775	0.058378985582154
0.150443367379815	0.118550488217828
0.623991187869617	0.82342570515304
0.510858175905847	0.375432135231541
0.897411514884459	0.571134034446348
-0.604576360488606	0.386104451661409
-0.565629343490309	0.54795375352169
-0.432400657346779	0.531373939219591
-0.0915623383147514	0.076227713663372
-0.104489883908805	0.0976107016135689
0.563152585777476	0.511620782732495
0.618286086209991	0.495438144592509
-1.28221837552243	0.996866295100714
0.773772706993044	0.93725486262897
-0.217803980871251	0.187262787837403
0.235848607887832	0.219196977575566
0.00098831454151353	0.000474073963270922
-0.593530662984539	0.519677919656648
-0.222642412900131	0.1917398482754
-0.306144918718524	0.250803704601598
-1.15519639965026	0.817115611613413
-0.840602575950505	0.47353464317356
-0.382143829602606	0.223521533991568
2.01304893321439	2.27014446152653
0.10543952464498	0.063458144716912
1.31393593462334	2.13522250629236
1.40426609266294	2.01758287704667
0.0446631477879839	0.0306309191515975
-0.327724362430272	0.320448578343128
0.487148158180192	0.272777920415663
0.895115272832137	0.585224831762189
-0.501428259961297	0.456293595635409
-0.826784126376324	0.975403971670696
0.118939396235283	0.0301990106180882
-0.114004206633141	0.051585333147538
0.61962621063934	0.201522244647387
-0.108075120670701	0.0831192370707228
0.306757955912437	0.516918653069962
0.0151416652699296	0.0240825605251018
0.294716732509133	0.423891778311165
0.408868251339666	0.265507380915712
0.726868444230193	0.651059347939839
0.0741876136681662	0.0548048687671879
0.371326402891818	0.229259138754377
0.408025346092152	0.270992973846469
-0.19585862561006	0.264675032151024
0.59222534812107	0.950055585856104
0.401280461914637	0.365657696465003
0.338123523700723	0.397971892374023
-0.0357237413057545	0.0386274444980069
1.97954270701228	1.67175145033111
0.807298103043692	0.557683221119042
0.0992572752569548	0.0536272411693876
0.00946969346060466	0.00590989894542431
-0.0139633367057881	0.0141184049895469
0.0223772948819286	0.0147917273892018
0.646173314771248	0.398886832626777
1.40148439778294	0.856313390438158
1.38322643200487	1.49588656196737
0.6761778732642	0.5052984645661
1.04870562177908	0.760672686145096
1.13770670602931	1.74699736632274
0.367445457008907	0.543741860124095
0.211304127511021	0.37293010317616
0.331849712602427	0.274679990403825
-0.0777672365615183	0.0606042720005647
0.0920064603589287	0.07600225679908
0.469761770108865	0.490967626310752
-0.677294336717973	1.58848917515724
-0.211489656453548	0.300642866854489
0.7874685098946	1.46468160198804
0.432316245485505	0.649267281396491
-0.0262554469767029	0.0257026947544721
0.198310874015444	0.256738803267734
-0.0912780496108862	0.101225626116751
-0.0397277098526464	0.0419825220743653
-0.163329867543852	0.226300681958348
-0.01768181872423	0.0204659396579871
-0.037130103119881	0.0391983785716339
0.137755951151155	0.0278992132091276
1.21665529891722	1.88165180652469
-0.0794307715395562	0.0660813326148265
-0.0206376228334883	0.0181600364576564
0.19094244619491	0.255677949868379
0.857652843788218	1.38531287980708
0.138169989143272	0.136329589613538
0.450052859160615	0.738748172619281
0.12759043101565	0.086775324551381
-0.102689708738952	0.0656852553939434
0.925648620252302	0.989923168326778
0.232454227374874	0.241577430207882
-0.0469325081207924	0.0597185340906537
-0.0804074497059617	0.085917640101778
0.195623678570005	0.242425252920588
0.238437901909158	0.196044225772581
1.89306171342324	2.5108872376636
-0.601366310747547	0.381905622600911
-0.427814116717497	0.609193937355531
0.135233525460441	0.154880260700436
-0.0599772402838482	0.0453140108068114
-0.309949043760653	0.236474168521269
-0.325853171109175	0.365412591484161
-0.231740053148662	0.254663199279373
-0.373877563581903	0.465249606838498
0.0946764590898603	0.0478854941792119
0.333791519065782	0.142390280858263
1.47100465866761	1.66927134931167
0.108633639282029	0.068433055065811
0.231923954933163	0.227888499005634
-0.00189911871528915	0.00171056320135581
0.611450484409208	0.948618329036701
-0.00648329517787464	0.00470382147818723
-0.122629180143217	0.1597190082918
0.723152674601533	0.533677733053091
0.0180334180501229	0.0114633051919308
0.575815774053018	0.70719326638282
0.0142840119093412	0.013732324834581
-0.0803550133885738	0.0768433827131564
-0.529255118547901	0.353561031869936
-0.204529925729879	0.0731146811626305
0.0913956603834303	0.038808020411486
0.511200077711439	0.393213018520508
-0.123732988289411	0.114095897395279
0.0304579963399628	0.0280380437248123
0.0358904138247968	0.0280589118932546
0.716930859158057	1.11258615068709
1.05312631620519	1.69627109749217
-0.00880285922648845	0.00960777562647447
0.0953928546216887	0.15500021902414
0.470499830133972	0.883162921142375
0.353752513019006	0.50330245733976
-0.0322413655087186	0.0253672587054645
0.55989489531671	0.682909533274738
0.928397743375015	0.956901154839627
0.148044766815268	0.110220920626145
0.0304735903335382	0.0331419556932158
-0.132352174742552	0.171139163608964
0.789023791387993	0.882486108374543
-0.109660662277022	0.0706658835385673
0.25001703881798	0.158119352022322
-0.11182089181028	0.130702204615451
-0.0957902152672191	0.0448420176492771
0.10033938641346	0.0581344089787353
0.926906794154149	0.98229027295433
-0.313741356787789	0.237142477350057
-0.280331975825997	0.240060779582523
-0.121455081425071	0.167461106142648
-0.381126722238733	0.346288310700946
0.342175861559294	0.268907776561878
0.329289099970004	0.254213687445546
0.313767359582816	0.292564263571113
0.150028975979056	0.116117152127253
0.583848264653702	0.614470289551239
0.350037854748637	0.264145588750447
0.501181785112431	0.674782413154203
0.633930249246388	1.30072882811918
-0.223187867702979	0.196450722287509
-0.000861271892080515	0.00069986658284624
0.594102072414661	1.15507041648928
-0.30841856065173	0.399174831338653
-0.241764265321177	0.259936678866803
-0.208464561401078	0.227428332623572
0.445572134091956	0.486925592864714
0.480841145558184	0.643321759980311
-0.128642793306784	0.113928873810329
-0.321493174536987	0.330105927305135
0.711212695276798	1.13811800556743
0.307238333312268	0.39512621676914
0.0396241934662398	0.0320209863265796
-0.0582973547941045	0.055819214056078
0.500619467435444	0.659646229090107
-0.0358107248232618	0.0315772222089752
0.310607291491481	0.402954211938783
0.182880166793674	0.192105942654454
-0.361252757755459	0.443879161913124
0.245960916554079	0.188028485071372
-0.688330280903681	0.719409088311012
-1.0791394277977	1.24311997946107
-0.427745131776525	0.522027856750231
-0.120589016722137	0.14573878110637
-0.184362333796823	0.227047492326125
0.130293743838785	0.134813925012149
-0.311745435904793	0.268895847897319
0.498497597667342	0.500246629190149
0.669232031220091	0.530518065089624
-0.520268387251567	0.654482699104683
-0.402020169462974	0.527466573356971
-0.15047129269149	0.136203348887511
0.0912944482275816	0.0761023199805906
0.230043499222136	0.238581304756489
0.21778926372504	0.262318024414922
0.372146417599688	0.471311349562026
-0.400048614002922	0.294893786727317
0.542482201734207	0.399632921973809
0.229281187966394	0.164533184211308
-1.30753651230004	1.1787165297224
0.6732649046401	0.833245043830828
-0.733345331283743	1.15155024218315
-0.00619123443280991	0.00570241625912853
0.483257715361846	0.569479515174168
0.177120335961796	0.191368006629072
-0.295938215161523	0.197293398159669
0.320605155134169	0.284684768477669
-0.300052206750184	0.296824186771392
0.401288028105367	0.488156509037215
-0.350847056292051	0.383590528958013
0.457773847193483	0.384959895723775
1.02624380877743	0.626588632976307
-0.458348777303866	0.326457151121955
0.249834707584186	0.162671438171151
0.130159936240193	0.0908804042939244
0.029673146682043	0.0232938435959075
0.345237155151794	0.279893363563314
-0.210167751479309	0.159814785534426
0.164532772759074	0.13294334206395
-0.241994211615751	0.231293987475931
0.173325777109942	0.156123034339028
1.05394795640631	1.18334855351889
0.253732975183062	0.140258680947084
-0.600248236541819	0.814880146195119
-0.354657682345723	0.500681626790573
0.0392077092711332	0.0433932147519368
0.183253014709912	0.261163071690081
0.244405992596636	0.221106541553334
0.68566819208103	0.842274018799172
0.600171297296114	0.943042874828908
0.230567765787171	0.269072139081991
0.0729418603999833	0.0713807189521302
0.343243741858202	0.284922529501856
0.468082300683602	0.50659272882393
0.244294914960464	0.232488701255394
-0.0708771228426739	0.0554333214742109
0.309722225736681	0.309569707116309
0.279339393165753	0.32838136989006
0.350642237857775	0.372212089861276
-0.212454822214115	0.151434744449498
0.795982212516144	0.917772265486682
0.103406222066244	0.0875412438538973
-0.0539085223940383	0.0367170455634115
0.240944467625611	0.208471324606975
0.157028121515301	0.132702255933573
0.433193658425915	0.388634814225309
0.32444409967541	0.299367729476153
0.239200233019214	0.222341926945099
0.112602481048979	0.0712432321792639
0.864186008450187	1.3904682423267
0.360241423422224	0.482389118097587
0.552328253365644	0.748737882923283
-0.205997068117308	0.227013272898609
-0.286651148946341	0.312674816655294
0.971831932019351	1.96839500510577
-0.530676283143212	0.454286443973261
0.493416679931828	0.388620603572688
0.378903886099431	0.255636958871735
0.107996118305042	0.0578843844811848
-0.252194491747323	0.176460650624747
1.70714820036719	1.89938875289785
-0.76432729474514	0.784138314522945
-0.161305597645589	0.118363175080445
0.520885201363922	0.390868666370851
0.345591049585881	0.271299986339696
0.127812713910849	0.125851893879114
0.0602611667623681	0.0524287508367985
0.00709141740032214	0.00583054195240067
0.64914475980009	0.777659931859632
0.557408495115012	0.69866591237741
0.172478342415508	0.150600955964806
0.494586387019896	0.564353401180385
1.15812573691592	1.67356083151098
0.712809245326913	0.935277486506537
0.342242328784407	0.40144353421591
-0.0875280764774368	0.0578962635669527
0.00826128746878167	0.00509487608308491
0.0429645894260508	0.0345892238634775
0.169312043484334	0.154800276749672
-0.0713527966686419	0.0478793121088529
-0.244256654518182	0.208026370117871
-0.196995939225538	0.175693879681348
0.407358706884614	0.493919791779057
-0.757848883641392	0.983664745390696
0.800219270087759	1.02431566596478
-0.0367852572998545	0.0202021475882175
0.369147661173186	0.271825668252432
0.482146861312972	0.49220552531087
-0.269038992733013	0.223878402999476
0.755905531020745	0.881398082896441
-0.013987125297011	0.011379458408451
0.069201483675693	0.0529973905564423
-0.592126301790599	0.6676962156146
0.122500671485303	0.0797487040341118
-0.103986243375532	0.0794133670039657
0.582955937295766	0.627479601335729
0.22889484625723	0.13971345887716
0.476233461023458	0.37347237839934
0.733471863415321	0.875564408296637
0.797963337565594	0.557939703176954
-0.451430116050531	0.194887253736162
-0.599725218115882	0.375731590177516
-0.747564535379886	0.57951414404664
-1.17097930912563	1.08700546088623
-0.0268342147781703	0.015206763413191
0.263635618531516	0.152139882425129
-0.0603464848010222	0.0315378490732325
0.538138494828524	0.379759846706679
0.969219535257498	0.847076504072811
-0.209359687039683	0.121377332412379
-0.304113387153511	0.230447899852706
-1.53569776880109	1.04972689872139
0.73040865872446	0.546110819549276
0.280532849889858	0.364271965301438
0.104731846843645	0.141703126592252
-0.0738228619643674	0.0828748732005848
0.819970989356517	1.92260424454747
0.289809363008798	0.419882789164355
-0.954470353815755	1.75521937646769
0.0918775881470417	0.0956100124150285
0.0122870199780387	0.0126146458387831
0.158658080662511	0.19006120632025
0.372818917357749	0.575368032696845
0.178962191514218	0.198342970183265
-0.128129186248241	0.128380689093512
-0.305553594730751	0.392016276139374
0.0498231721083817	0.0500231789833432
-0.603911862912483	1.24897435436665
0.132712462342676	0.156763374835962
-0.738645124176562	1.26313428790365
-0.0983822756744126	0.116748870723247
1.1368204221615	2.56595113082187
-0.965612027223857	1.71342054131262
-0.756495476193144	1.35698833453718
0.0343212164518803	0.0370702126528358
0.327178112951254	0.279954876194774
1.00118643899279	1.00423085289166
-0.155213151912879	0.064612279797391
0.0946675538567089	0.0268037980662519
0.0989413575651221	0.0291090515910476
1.51000380328109	0.775574854292772
-2.58558390776956	0.743326333733362
-0.661379432949713	0.164520081151173
-0.211433236700128	0.0795986545216368
1.7143105204288	1.28010690965767
0.762118341388421	0.329453468473609
-0.658213786449221	0.169205854171519
0.767344066789773	0.310902500384741
0.499709548304192	0.494259911426741
-0.320733441388319	0.316426820330137
1.34234818052224	1.01098052697654
0.919169589288512	0.253262641873265
0.983618255586994	0.382651425999275
0.971112275310738	0.877720389886999
-0.138893163505204	0.0878086086097305
0.0161744913683092	0.0137339109257883
0.749781027922852	0.97408695555399
0.902089132582032	0.58022913422881
0.113354144233306	0.102482626756781
-0.281202032745984	0.326151088129257
0.711441260507875	0.736663521683726
0.254951033291313	0.152851999546192
-0.499351243165636	0.542284278591469
-1.27203474128141	1.73150055755099
0.47772468254348	0.378641913408215
0.41396259930929	0.26918222634548
-1.32520734567544	1.22579733191998
0.411557626709247	0.478288687735566
-0.433329739921674	0.506050824226293
-0.286252331315649	0.31162576918911
0.348770963683475	0.388179025505317
-0.76832062350673	0.800945543195853
-0.762888649420829	0.874728545002078
-0.0904876805915606	0.0436716866397883
0.426088931656821	0.39800612393995
-0.251770737891205	0.176621878032978
0.664137530722771	0.655628696795788
0.10602810240503	0.0633943261864347
-0.115834447561849	0.051979517932219
0.11033905234673	0.06988601777776
0.0812973149313834	0.0598778093168353
0.27115807727209	0.297226277320083
1.00150131300027	0.479467971743086
2.74844435210905	0.825205188181385
-1.17427580477756	0.358809802628489
-0.209682826040443	0.0794901611504617
0.277172415965781	0.147439191597505
0.628750792138816	0.29288073588439
0.100841618220157	0.0306037225182791
0.11627975761462	0.0764150272421702
-0.0912053122933939	0.0603862876942077
-0.00317774774413273	0.00191496575663137
0.345758828138207	0.268427457311937
0.62161057470954	0.512198225195014
0.308390789599362	0.145939972310023
-0.0280107367791917	0.0327356848257315
0.00239486180462718	0.00236172413030281
0.264036180506341	0.385333766788806
0.616802827132136	1.29028051501696
-0.0769611578421589	0.0905183938425521
-0.0711138601124845	0.0928062026082692
-0.125092761960248	0.161036502114302
0.227093209864056	0.269834676184118
-0.317253653097592	0.350583117667204
0.144677834799751	0.154423795520415
0.406780357256341	0.570831107480955
-0.428047878562914	0.67545838514914
0.31470503269266	0.556870900730516
0.284449944659455	0.422233685100653
0.540460704814033	0.879203397374829
-0.134188902483889	0.161352739488986
-0.0604945999571638	0.0715510856371285
-0.224273843277828	0.280097487403527
0.425613814136108	0.771641764352476
0.0663388384877753	0.0786799696140446
0.495128983095982	0.589288305880001
0.0716301164112473	0.0534436997017083
0.343685881084077	0.150332105940668
0.625446074316966	0.637633626311037
-1.08730099617625	0.446858572022381
1.41384623483254	0.477540905589309
0.981088952824431	0.383335213267158
-0.208304067244736	0.0785550389891566
0.123958640083443	0.030889091157911
-0.447292708771182	0.188441596376411
0.379881181853566	0.135924561957386
1.95728726474171	0.516817053041281
0.853274376807206	0.432678369436595
-0.294410798724628	0.14954762689948
1.55981630743199	1.6922351384884
0.38298685623569	0.483763996408405
1.21383369030218	0.676981888625591
0.0547929149074374	0.0602175806667031
-0.958487940186228	1.3960482689645
-0.0384558038677023	0.0208521055004139
0.366424828325155	0.396815372706271
0.131616148931462	0.0901981442410128
0.3255929164027	0.276609339547472
-0.339127870937619	0.221968575143269
0.247193828992593	0.176523128568641
-0.582977967443072	0.637166669613396
-0.369371074396671	0.409677673192501
-0.491804700052524	0.686349497443725
-0.275355693096688	0.278688453100695
-0.228519690867629	0.19467543516727
-0.348359795323744	0.260325414429744
0.0995218123122546	0.053610204914606
-0.609027901803909	0.39833661770226
0.0914594341151662	0.0416823396613988
0.457271725580775	0.484008781605403
1.33865730415954	1.01021240180817
-1.39011201407968	0.711712896262225
0.383138108359416	0.264435504512824
0.334348164569429	0.360734954372961
0.91427648683826	0.24674534929208
0.10562749875124	0.0311657521171974
-1.0825300257201	0.447119644313728
-0.163383831802296	0.062913579444662
0.123976331196576	0.0321704885802751
0.916585472906363	0.24115462557606
0.229568731238645	0.163355530782725
-0.170601045712555	0.0999084578354388
-0.233433615827122	0.182467739295616
0.357457522291126	0.26706225645312
-0.114657113632017	0.0507239244018378
0.0985833039673675	0.0397683357647413
0.631203036882166	0.298692462225041
0.390725033263309	0.492244906321547
0.428073121614025	0.737333545619376
0.458662779813698	0.888741596629411
0.169189556232395	0.224292424887199
-0.0735930421082557	0.0958542894857806
-0.00314237723218513	0.00318280945634088
0.114623554095002	0.13164729975667
0.272197725022146	0.46185048294437
-0.0549925040882517	0.0674001411507447
0.145686482236766	0.167469826884187
0.304694124644644	0.394850210290057
-0.3585388835114	0.426056824800913
-0.612500305428703	0.989428129220511
0.103042191678065	0.126250858327997
-0.0172209777777586	0.0196354630383264
0.280301555752454	0.462785134442232
0.0425266311097861	0.0499092309143474
-0.288725458286583	0.384899726014084
0.475113964618138	0.798567587500004
0.398065174980005	0.671953895484851
0.344958370612262	0.558370253614533
-0.558049461602802	1.07201664573106
-0.000100689954095127	0.000185100593511104
-0.326384380373361	0.58682045380527
0.147560485913671	0.109597315644672
0.545142912522559	0.698965656837648
2.34922927784769	1.97869497904702
0.274968478597938	0.145470956965037
0.23390197714431	0.178312233814821
-0.159245816531595	0.0664016291369381
0.919169589288512	0.253262641873265
-0.282473159879956	0.0953723166400078
0.46440097404372	0.164989565094824
1.95838308976339	0.512785793969077
0.498660180368597	0.269954386125174
-0.643259555418747	0.486804685291808
0.859340282116776	1.3632527484485
0.470641623536528	0.172340564270388
0.261557129903137	0.35001267530118
0.0801421389527013	0.0874878725850684
-0.390569807553665	0.317746163798616
-0.204850779873354	0.12008588080567
0.0509192349463467	0.0432239266891878
-0.0129990202906769	0.00728487697043871
0.412499241318354	0.264834914900914
0.559896610122845	0.509856947671675
-0.248303894745453	0.209838075063787
-0.664087568941163	0.985853863448465
0.27918697706061	0.31000704515457
0.0428852311977817	0.0355804020229826
-0.214163943729983	0.19571887495657
-0.567697105053292	0.437192063272448
0.733049575486	0.429686828406378
0.514810438680635	0.39484591012564
-0.13309668512876	0.0817502427260225
0.313264113598992	0.318263499986811
0.431059966940941	0.389171885106217
-0.0380915390401174	0.0212394177843328
-0.144720820933236	0.0904155943275007
0.459178655846363	0.584879436432475
0.32456910287839	0.255378152168665
0.0910613253789132	0.0392828309710464
0.922372856268645	0.247240963928517
0.307594558327535	0.152369927736369
-0.394438559044978	0.119807256282002
0.0919695511505615	0.0266147072529748
0.501428300866603	0.4893062305078
-0.219694003825674	0.209861839444174
-1.19811194281009	1.34523671981341
-0.146884414910379	0.0894488025599087
-0.0325459690972099	0.0226048846715914
0.092074084251807	0.0373357652525765
-0.116622095670409	0.0504243045583314
0.0867471735996623	0.0859300242399098
-0.0900993520312166	0.105307459084624
0.63596731193533	1.38061110198908
0.265958529382881	0.419020247531958
0.174571900941162	0.274042446487199
-0.0177805544602642	0.0230931214023175
0.0435540002227121	0.0537863719346186
-0.391129517956767	0.866136304808179
-0.0872195764511089	0.108529360447178
0.00910331131382077	0.011076502140224
0.247222388626754	0.402320545496889
0.0183326958751282	0.0199497808658504
-0.357337675800775	0.544428153065935
0.0772174020519068	0.0900872050824031
0.000310989485272189	0.000286547483171269
0.15954740088719	0.263886237763134
0.152793900289014	0.203713208577654
0.182335045028154	0.228917284431437
0.502883948526038	0.651278842258598
-0.0967835643815311	0.115011839833436
0.215882358425587	0.327102200491793
-0.231499308599595	0.363179555896681
-0.0467382144522032	0.0574766498663158
-0.32280869667547	0.482402607980318
0.0542587198490512	0.0689421799923281
-0.561155350584605	1.09634492904758
-0.131738309002342	0.170992575414541
0.168613190278576	0.242870844584227
0.132769803051767	0.175907620450738
0.209373760291111	0.31013749713366
-0.824065107828465	2.04209230801659
0.177168438440467	0.186888839663248
0.331716904003097	0.421056385154542
0.270693541763653	0.137504181194392
0.256109770917223	0.148389522860184
0.117042203040471	0.0709064241663427
1.02812378150604	2.03155597289776
0.129177707703249	0.134545679499565
-0.0555228777951531	0.043880979261038
1.00963809508843	0.484343509244455
0.136920705038257	0.0276544244584546
0.123976331196576	0.0321704885802751
0.91427648683826	0.24674534929208
0.137884050032568	0.0276312070347514
0.275863876484467	0.146951512153959
0.363716684812165	0.2666204180303
0.343709722601624	0.282049971765146
0.43051133804971	0.55850733538249
-0.127926279898255	0.160154071817439
-0.198098717149043	0.266945192877225
0.170215903898537	0.146363158272285
-0.0864262031867256	0.0421290918811557
0.45687680991158	0.529565325032823
0.041714084959135	0.0287353467204486
-0.0633912633551097	0.0436865213354619
0.79992771408759	1.41339304068828
-0.588373207498039	0.960274154776358
-0.396575869984787	0.505869360980973
-0.10954424232801	0.106488511701221
0.459573511642113	0.478743884443865
0.754184106002966	0.879967287332651
0.454769756489571	0.486846133269765
0.550576809271755	0.283687162588281
0.13290949297354	0.0884671890937598
0.129597464368644	0.132159064787438
0.784168912495421	0.751437802970968
0.0931442284249561	0.0318235508351483
0.120588064218409	0.0297965109543033
-0.398809556423235	0.120190602946701
-2.58475812768928	0.723077298597346
-0.394438559044978	0.119807256282002
0.0896243755915777	0.0294205323177036
0.108240654066627	0.0303904409087634
0.762829110730087	0.327325394797866
1.17342242644875	1.22310463186414
0.0431752960495931	0.0291405011903936
0.409783938411037	0.395153029381465
0.239788917132937	0.223760110666179
-0.39307791643846	0.282956244554357
-0.0426936948477515	0.0232337470060225
-0.603932754119452	0.401033807660316
-0.349027919861432	0.532315845987234
0.559847393296348	1.0123283177648
0.385107609221671	0.703094007362291
0.824654482738113	1.83890054974189
0.295023487046587	0.499604808951213
0.0515780423064364	0.0677344971006755
-0.0142299302140813	0.0164709784936963
0.410771518709446	0.701849883942436
0.137834827790609	0.197027883311347
0.229402093867744	0.39177855758055
0.0170231663623289	0.0196737230096095
0.438096189426734	0.793714774804601
0.0735347479199826	0.0702292561616256
0.791469836650945	1.74738182205157
-0.178804495727153	0.223252495356406
-0.562820995819017	1.26685507199137
-0.378101096467095	0.627494017678138
0.0565302462706978	0.0711725561853656
-0.312194912348893	0.498390750923703
-0.0202929972450437	0.0242544336176656
-0.519826950855095	1.0129039210672
0.399563928298367	0.707651229838903
-0.292905818429099	0.437000753084287
0.684578056731722	1.59653198356364
-0.680353787163617	1.47252958906701
0.832752953281749	1.11006195670102
-0.404903522175574	0.42453142673365
0.734235584638468	0.42747090440847
-0.0223805183606163	0.0223512361421545
-0.0539757325713978	0.0415136261324935
0.30818498450947	0.148807377148775
-0.778706269962488	0.277506716437333
-1.87527437187244	0.792004216943924
0.103185006930197	0.0305707752832542
0.614478989136667	0.194606563884473
-1.29006929401749	0.987592157290331
-0.909679479886308	0.96059255346755
0.600877479416702	0.857676439221618
0.0405507760236532	0.0392300298596721
0.292154713160195	0.429829016675665
0.75541461198243	0.871977797305934
0.34789603583944	0.275297403130242
0.905411378187788	1.15520299057087
-0.204968647575837	0.183782031185648
-0.0991353435192731	0.0990601318298282
-0.140057767635295	0.152870715144369
0.0739614010106693	0.0846981679507145
-0.166295702872213	0.169753185065459
0.303574964978369	0.304040510378671
0.675655335782731	0.537296416593856
0.236160025284433	0.158877639940023
0.308046390607977	0.149400384572543
0.43815508860438	0.26151942861536
0.0565646655081643	0.0486817857319267
0.179248557742401	0.176218671625283
0.648403550028356	0.407198295244739
-0.204685844320849	0.0774691337295486
-0.0829653863951998	0.0390995551027987
0.485588970909026	0.269858058413679
0.385148905717655	0.154698509416655
2.29553440809664	1.11506617177817
0.0987294048793271	0.0307125111116147
0.12232468216973	0.0303923795932781
0.767924275973409	0.866020691073929
-0.549371370013399	0.513396248523904
0.0239407194258871	0.0157235299008618
0.503408287195324	0.37843923721497
0.316619306196306	0.305976460025846
0.0958501588238446	0.0412404097970676
1.22267597805737	0.671607313317384
-1.11244945049751	0.884398979161878
-0.586643220423365	0.820377488924749
0.223187808364467	0.319175986714017
0.331120312336636	0.572304876492535
0.0644524970653497	0.0845968481794279
-0.10572819901789	0.141709395110418
0.470339547952062	0.998409748849873
0.356284759530855	0.611456539073665
0.261338655973111	0.375611103667206
0.381565950786759	0.686106071797098
0.0830041054480287	0.0786095974192689
0.154961122751709	0.186372240740368
-0.0776580354699718	0.0898037495808874
-0.496871289326011	0.937458925530114
0.25548857424912	0.327974097755055
0.172183223068289	0.165274161195425
0.498339141856528	0.809370190152852
-0.409599598314839	0.64579476727197
0.256218892699151	0.371970972593078
0.199111432736284	0.250577907724459
0.418774182740234	0.729550807722846
0.119529114796405	0.146265962987348
-0.441463007691175	0.763054626505404
-0.183007932436182	0.231618125362521
0.232463808163184	0.366789353260865
-0.265871805800431	0.348137290764237
-0.525618640264788	0.879897232766013
-0.0217941489645316	0.0230700627455436
-0.161208822763558	0.142727178202858
-0.237649639392674	0.240415495511905
1.7104905513404	2.00771920067126
0.174233358451113	0.172230282259522
0.175542125222674	0.193925234748071
0.542766578118723	0.822614333981633
-0.0473002718864247	0.0259135711262666
0.99931084446929	0.486508674988173
1.41384623483254	0.477540905589309
-0.281765732179288	0.0974136923132923
1.72546275127953	0.934682112872336
2.29547661788839	1.14090638748663
0.127210870206515	0.0320619849993893
0.101649572542974	0.0309006320571505
-0.583202990689699	0.233583166842067
1.50923625716587	0.753128554165612
0.492425209202471	0.275191519737911
0.02604220145165	0.0169243467233598
-0.119402329049876	0.101146779841098
0.103489810305164	0.0612879051047516
0.291638827346626	0.332054186024555
0.631578608930756	0.641925812520696
0.454645922949544	0.375547581499136
0.826016294747465	1.38366309964474
0.40149120826297	0.567775818697293
0.28330570832489	0.307885913497567
0.0470814475492085	0.0449521119699035
0.732228960282674	0.867131326904681
-1.14145729369659	0.695688357574436
0.72430143101124	0.640958568536893
0.151861180391449	0.111595858490476
0.597212248165832	0.408032853223052
0.296954884278793	0.317084387228255
0.324818419534999	0.29963341428925
0.0100316997283064	0.00864505190362266
-0.00365574328155474	0.00306654520183697
0.0918287947041019	0.0395491183322516
0.613706781524745	0.189916286385992
0.550555016249909	0.281419909857836
-0.248004572132852	0.135172788328903
-0.781856260848692	0.277428855653007
0.089462891662928	0.0300790279467185
-0.580266906911001	0.228905457085195
1.01500284187206	1.15188898274849
-0.00604638419682898	0.00361557277041844
0.00670751991570303	0.00476765567163017
-0.0868507080462727	0.0589410907006453
-0.156517416173394	0.11005129894768
-0.0873275070228257	0.0419588166401903
0.100757777802751	0.0357132675379184
-0.363548937794357	0.172979145317529
0.280515772942521	0.337722259978191
0.465583037759224	0.892554804921667
0.0971027860714094	0.116441877106664
0.352103659316037	0.682718602912047
0.216339002407716	0.337067936443894
-0.290229428666006	0.455211199336935
0.601339287188942	1.06877305501779
0.53836546519425	0.96178518618792
0.265513067733365	0.382532886486999
0.0107022596527958	0.012665170572189
0.212214725056317	0.247145632906972
0.154391454104367	0.206044984738147
0.755343117690388	1.11820270449521
0.438857120843997	0.719845377004698
0.261708348011463	0.337646183394728
0.310709183289226	0.432978822196084
-0.103488408646477	0.108741584649967
0.25420039366164	0.364529742810354
-0.18666390399251	0.23781013845829
0.220062191105658	0.309797843836599
-0.340380990752713	0.443979299621249
-0.0129372922667218	0.0118864445773287
0.215926137205685	0.282273497802038
-0.233281405946313	0.298413593910733
-0.275533093253412	0.401357280595028
-0.29460322885788	0.33358165555183
0.589442205168994	0.86097156383172
0.732834776601552	0.660972192732849
1.80152470022328	2.55516194186407
0.141801481057791	0.161389584184987
0.224859559885989	0.321896319857292
-0.225601711710526	0.29596821425932
-0.0406145176784161	0.0281510942297972
1.26599126669391	0.535844375950078
0.621299130100455	0.19765529034279
0.12481030733302	0.0314878944324265
0.844211368598132	0.453251119625554
0.100461150542424	0.029440662067896
0.12215771621549	0.0302029750573518
-0.84525324108324	0.47620976280626
0.0887632992808198	0.030498596118456
-0.0930325694153078	0.0446371203877902
0.668889624471903	0.546044371776041
0.038968691960999	0.0259911057265577
-0.114687238531903	0.132598676140026
0.31796675909551	0.309105294980595
0.831383092648978	0.99186252265452
0.127024501476113	0.125074135295037
-0.328958521597227	0.373792960454042
0.0524375815848369	0.0526481821293088
0.390247638220825	0.389448599041902
-0.0461300075175354	0.0322024710539888
-0.143308366718548	0.0869445997687165
0.581366757218998	0.477957400998837
0.23485090022261	0.180378757602114
0.354097862083518	0.266403607648589
0.47922910759058	0.657363421276185
-0.393011661797884	0.487715617288502
0.105913176707662	0.0907598395400865
0.234458098902905	0.229189288878884
-1.11122971608695	1.73953860664228
-0.0454239690981707	0.0320581928942267
0.637303609040528	0.291827881259587
0.0944918724975884	0.0405488542452558
0.123976331196576	0.0321704885802751
-0.280245260443984	0.0943901859916087
0.619581444547106	0.1904746302505
0.924694488523232	0.236845893882658
-0.205169703178508	0.0747100737503036
0.10374500620213	0.0574483879678981
-0.119247145653088	0.0781383198875007
0.806361783619076	1.2672641420514
-0.340018183757478	0.563127482211368
-0.157319829948718	0.208157926290492
0.727679117355207	1.46054421234433
0.652964392813798	0.914165261418375
0.105322853050058	0.0948220661417661
0.0332983323066561	0.0291217225635124
0.273546494939228	0.304241994030668
0.732603796083745	0.876253529353693
0.264607736180143	0.353616667589836
0.295452291807692	0.429564558085802
-0.00987646012426821	0.00810649749206484
-0.663210925845466	0.797386248188999
-0.125896991637122	0.114444281181109
0.611045098221213	0.800525609315099
0.664282908383834	1.18830317092356
0.12609146654406	0.123122260089217
0.0489226051334464	0.0419380103675888
0.2445153484919	0.177857033846712
0.177211445839999	0.207367782268065
0.694589197693281	0.96644355903682
0.60652497553284	0.787262920511276
-0.0333192012616889	0.0262694361848164
-0.517914386636497	0.594898296906562
0.12364289700132	0.112449695300308
0.500593501262788	0.496459995001748
0.76171618842763	0.919276640298563
0.239141681076361	0.226368028116996
0.831902268784773	0.916422698529636
-0.329396594041929	0.36458365030544
0.11096745963323	0.095735330672438
-0.127166647049427	0.12325844522693
-0.0648068734240188	0.0798466957386508
-0.271609311851686	0.380053984653903
0.672229440802201	1.21920724298006
0.389507346154681	0.575920045516061
0.0564740208674645	0.0573352596935796
-0.523517857973563	0.741514932604693
-0.276451814222672	0.219491930819975
0.124256427556491	0.0828618460027263
0.992295361292461	0.953464711437862
0.414213134235944	0.271550809892378
0.0924228742985507	0.0398479224992087
0.263200387255	0.15539521762173
0.409159336500422	0.261997355428873
0.49473377033905	0.479995251278043
0.0970535928951259	0.0814475768534796
0.237948760533858	0.253768614987258
0.528475553710832	0.758023215821374
0.54467977544628	0.831869808545607
0.877339375436129	1.31291161612435
0.344222426937886	0.270751147008006
-0.439229078607029	0.47670732394262
-0.445408742666585	0.467612960857179
-0.0289326998333472	0.0223332579648863
-0.149570782016642	0.145319116558266
-0.152762399055691	0.139995722438139
-0.0840464015337755	0.0652449657857448
0.354263666521068	0.399091649579364
0.0172925938160247	0.0108366794071987
-0.110917812176958	0.0930801614914755
0.13934104862081	0.101117289679965
0.47833829833851	0.731146122233183
0.0447595812091015	0.0366990776746637
0.0558912140241163	0.0387346088806621
-0.0851372124387834	0.062643021924724
-0.846967607325372	0.74529800561196
0.738472450483443	0.653185185215251
0.658865562982387	0.619173962254471
-0.0477476096352656	0.0321197026696445
0.113151644636432	0.0717924718998208
-0.754258916603444	0.631109275273602
0.0967462527850126	0.0452653870296896
0.788421471465236	0.791126298521307
0.284513008886581	0.148354526797809
0.275076363257131	0.146395767648465
-0.0672034350832409	0.0342177195266493
0.278908008012873	0.153260596984517
0.0744409083752073	0.0568578192575667
-0.219114052237101	0.212389888793972
0.0864509684729208	0.0897666433438626
-0.565685890224959	1.07907796901001
0.0664318281992408	0.0777096989901495
0.220915375385167	0.288724827210635
0.642408396095847	1.05825298104893
0.285274498378626	0.303776384640421
0.288785303271889	0.304949052794933
-0.000613078520546991	0.000655953446758635
-0.274569611992867	0.389682467041295
0.646420514386478	0.805182187467609
0.0358076502770054	0.0289359330045495
-0.215563397278945	0.181684954576992
-0.635682950821794	1.00317847825622
-0.0168939175298846	0.0181041891718252
0.557826015955767	0.845406674407274
0.296773715897529	0.295984423376266
0.459878396971924	0.582600273503976
-0.212163648880102	0.26755868457962
0.114945554116926	0.126123832173029
-0.59056026209066	0.754523872577565
-0.0809864001647863	0.0692474373604223
0.467788089722076	0.661464797114706
0.963338152087491	1.38258891164533
0.485803088894914	0.670778374866817
0.594506813352318	0.716298011628668
0.0571912874546618	0.0498040954475162
0.232509955370367	0.223626136104716
0.277966255489574	0.324384788025028
-0.044453089353933	0.0357420365548399
0.431851787993787	0.568942734574019
-0.0197756932919724	0.0196015710164653
-0.405199095295276	0.525152232639846
-0.102799252353443	0.105143791889846
0.378805752907126	0.379053228799948
0.35417280666995	0.484139654763207
0.139654227309096	0.151499170518493
-0.161861124842088	0.194409604231164
-0.00885661985709952	0.00815583803599085
-0.667271883631221	0.566056761470499
0.103827841604293	0.0525343180810551
0.447732736736192	0.384977112639668
0.670909382245677	0.53739146858408
0.117285802774589	0.071489978266544
0.230283189377836	0.254783759356514
0.128249789576824	0.122732461505571
0.287658101851172	0.326179959900336
0.120916870992531	0.117085939251214
0.182616136201668	0.169872661496358
0.565949750502065	0.759673689537748
0.145525068641901	0.112843533993988
1.07876219434686	1.9403754974509
0.44821469392823	0.571150539126522
1.20219789632818	1.98666081907626
0.182164955657997	0.184287028501092
0.0396701785721248	0.0333321282713539
0.518368978814645	0.568813306274626
-0.616000538539074	0.746369845148957
0.951719153027282	1.35223988423751
0.162858327762744	0.134162595459457
-0.206002244833877	0.194711157535321
0.983695971601828	1.24410140028253
0.00908020366852958	0.00681343880393371
-0.260409398719815	0.243511905943137
-0.0863528297648607	0.0713885308373223
0.482011889987954	0.476205258261422
-0.0566775620687635	0.0499302458278128
0.960213094893743	1.11021359985611
0.167074140744963	0.150729534761137
0.0373954428043652	0.0308653886451002
0.395727974362309	0.387515098812194
0.111431714580025	0.0677505628831658
0.781626665526835	0.660394369710824
-0.736390409281316	0.544242506103267
0.323290502041532	0.29285269996901
0.100108971420496	0.0819988253057487
0.235807156035653	0.197306944239585
-0.14306653193888	0.102270335580558
-0.149498542196955	0.108761779404996
0.43656267826849	0.252848599824053
0.646244410632913	0.408571635229583
0.940107831918098	0.731505748543381
0.115657562770699	0.0709057931924765
-0.932493009857668	0.970272259577758
-0.212132929760998	0.123663346316151
0.0945893096682116	0.0439678753314966
-1.28891040209784	0.984060887841028
-1.08894658417946	0.435187378590761
0.36466665727639	0.402162560866503
0.727606838174662	0.87726187429106
0.442756961624445	0.276304953676113
0.486759843915131	0.280143344274786
-0.390116607544183	0.316674195559252
-0.158858793721896	0.177876829871644
0.246789322471023	0.349446938991207
0.292719483452173	0.415745956522519
0.416970503068473	0.63812520942095
0.689973054491446	1.38763816235509
0.25268570124169	0.361315294014579
0.165433149244054	0.209910242971297
0.286745583226479	0.421793551179214
0.0384256310074184	0.0425183641592128
0.0791582848098666	0.0965558111059005
-0.0119928018483839	0.0108813675477497
-0.800792165079807	1.4428856502233
0.0381221206953287	0.0381721264538834
0.0728854054061526	0.0800806662235452
0.80092666471167	1.48363897904977
-0.232902510296434	0.302309698247621
0.629699736222399	1.13780224069242
-0.097601061508255	0.0921744732557218
0.367284296319041	0.487001593153555
0.493247265652193	0.712202895742011
0.255766935404182	0.356406508038505
0.105514514437674	0.116446798786646
0.0918201965447212	0.0960059280869531
-0.171298532699763	0.181567987385477
0.322710740834577	0.487319666361303
-0.0605759236413113	0.0583842269618232
0.224057461491692	0.283710243377297
0.0366269485278849	0.0387446146839437
-0.417741997905786	0.666128497902775
-0.536191210181504	0.935452081893652
-0.244097663711303	0.302627967390123
0.103478184975509	0.121744816119524
-0.0633661396699674	0.0718360290884598
0.201477674492518	0.246269598045341
0.239871785139793	0.285297548144096
0.177777360295611	0.227234345892624
0.283877669945414	0.319613318969049
1.25568889128755	2.14039990391288
0.608488419473812	0.635403140554246
0.106161463982288	0.111144128922695
-0.920833304043689	1.91283119576073
-0.192910177700237	0.213096273591042
-0.0194193716866407	0.0159359650917142
-0.452787079903148	0.197823615731293
-0.832979426962247	0.38520477355649
-1.08655416175054	0.444732143795872
0.624488867316534	0.276195548983374
1.7753473283533	0.701305973692678
0.755156280694272	0.315758016117377
1.0277916105043	0.59088448103648
0.859439603653518	1.20111580837209
0.192442585041826	0.240065151163502
0.411933838437264	0.260342849480463
1.81569034660976	1.88599928122086
0.689224871186765	0.622061229042435
0.238114076465629	0.191964853931086
0.639095133335588	0.908226747657217
-0.023663558366605	0.0166427593868036
-0.246987540308516	0.248589080518947
0.174018303249278	0.183828178755662
0.317216942134512	0.404126553084593
0.389106762341603	0.482699141123997
-0.430589337925512	0.500831131706431
-0.166069590990442	0.0983912283037773
0.588897663833291	0.511409441657018
-0.590992218736441	0.638784941272804
0.0548297419445243	0.0386947699972585
0.0966977901157026	0.0811714659568344
0.0244312167128499	0.0160855514012602
0.277957796317461	0.147989235663149
0.341538814418727	0.277492052708004
-0.356511596899874	0.374788228497269
0.116540633715948	0.105732043056893
-0.108447361814044	0.100743613039092
0.51471214080595	0.733289472501351
0.35633890860961	0.39744982844491
1.19067153773799	0.808075350141944
-0.392516462142067	0.30750407690137
0.117518202200564	0.103771335923333
0.092643375093857	0.0738299950537589
0.565747900226978	0.605106723129269
-0.0497862217284085	0.0343480458841353
0.231152738206191	0.183481409683819
0.227416411412188	0.233219199597606
-0.212078121705031	0.0801342048223156
-0.67091616728578	0.323957185256736
0.092430463780423	0.0316440246403066
1.95728726474171	0.516817053041281
0.120588064218409	0.0297965109543033
-0.253207174560805	0.138627610796476
0.963067629561591	0.828060402029172
0.470641623536528	0.172340564270388
1.00012437063781	0.4743709684799
-0.28602797283023	0.0979113462793498
0.465989043292005	0.489526356761843
0.0340146306379418	0.0232331100617007
0.696021207188205	0.660331206135564
0.626313255179177	0.639560650399326
-0.00349707466311199	0.00206747101941073
-0.363694510887887	0.175887559757721
-1.65590850686135	1.20266645556855
-0.0018171847505792	0.00186438446841498
-0.410903425383437	0.68748114181087
0.311430819832813	0.517163801829357
0.225078702832259	0.303716380423499
0.0553068808794666	0.0674827029733312
0.268319128344663	0.416585289153969
0.450511085905994	0.656682508724475
0.220844259911136	0.294016835638701
-0.511323393144804	0.834478844748526
-0.324021911107701	0.432796924543459
0.0968333998004753	0.118717233955869
0.019570618667609	0.0202005391095328
0.270297280157163	0.325623412768402
-0.0280928832408436	0.0278516578331145
-0.954997398576733	2.0634901426887
0.51517049279388	0.76497435228734
0.111439973337149	0.121183866555757
0.582773135902838	1.07610836021633
-0.798852990482825	1.55851383875613
-0.0446130138628946	0.0470830451758125
-0.0994079740636281	0.0930837030867101
0.326844219347283	0.408578842877629
-0.363384620386362	0.515577687189459
-0.336204099330932	0.473407009129254
0.301973883672882	0.410393149361157
0.567306689673606	1.09084164356236
0.37228843705436	0.564954170437196
-0.259609449907649	0.329328232420214
-0.166497592247837	0.219940243878957
-0.0573046392985035	0.0598096334552231
-0.0643393866669157	0.0659914555511169
-0.345318645976549	0.482170432309166
0.223014613189799	0.231677062996919
-0.177944004288691	0.226494618848943
0.341890574441881	0.395360381718378
0.172755284853148	0.169216355781934
0.232640944806342	0.195163844795244
0.18213602722998	0.199324352000822
0.180328960796385	0.226111786088469
0.181755397476705	0.195165342809727
-0.162855152725573	0.148876937200322
0.0955061710598102	0.0404573799107981
-0.590374631294491	0.225265670223388
2.06255430205472	0.891625805355875
-0.850674694037217	0.435736619467456
1.9113500847288	1.15860566655431
0.447542283141747	0.733769768876711
0.0700290588265307	0.0521856182065868
-0.116808768205808	0.05368923222104
-0.0405270165992314	0.0283889524207295
-0.17981347182426	0.132549154876131
0.143260624019983	0.1580371153696
0.532192656230512	0.936720479342443
0.876691061771557	0.968351375579164
0.107320550496735	0.089522180609251
0.188294182792147	0.177740723794041
0.226171855821027	0.181766368760361
0.0241247957167427	0.0159858988359081
0.242884238424807	0.229634733724641
-0.519064638948586	0.67021841672141
0.971387934570323	1.75761889381687
0.129833922883891	0.138860857138636
0.17104290056761	0.154019894964713
0.487352507086102	0.490929274220094
-0.448644997019153	0.367274571579691
-0.831366393390195	0.83598672975239
-0.0631529611829184	0.0432132205796481
0.828746303443681	1.0208811894041
0.14220568271091	0.102983117968126
0.0913956603834303	0.038808020411486
-0.136595696713905	0.12215849454287
-0.343550291541379	0.31560011279183
0.53110252090033	0.690492445194419
-0.0477048688678257	0.040901869425057
0.567706328347518	0.927337415854762
0.161614834931509	0.147057884953097
1.26864594823525	1.53264537261658
-0.43836504201837	0.350957827004212
0.428612143338276	0.536008781978953
0.172887538210112	0.174592066394736
0.123621274778843	0.079221250391602
-0.0726046156967459	0.057024310381567
-0.404607836325091	0.41975167155385
0.0739254211700767	0.0666778426592737
2.50607291736232	1.41345367061884
-0.460374802471338	0.265125519735976
0.466321757413861	0.165521982592106
0.613706781524745	0.189916286385992
0.118939396235283	0.0301990106180882
1.90752797459968	1.22038007238063
-0.208371308605115	0.0790263791357757
2.06028104477512	0.924253009219099
0.0847705405237538	0.0285001565007774
0.236729869695836	0.163671353977336
0.249455273644903	0.158895185861139
0.631702925489098	0.64810342723963
-0.594011919333177	0.51247093013197
-0.0126587609695047	0.00908422236977498
0.723650750381114	0.761489757896664
1.1739265990904	1.05946956165536
-0.0199723238918332	0.0140259685231382
0.00428499947714625	0.00267855499395342
0.485538063156989	0.497825626881553
-0.114960443590702	0.0520971639993717
0.565729947425903	0.509276151901311
-0.06906712489078	0.0348425617748509
0.183979065144173	0.185921956675726
-0.473440980185052	0.794787571966982
0.0192445517692344	0.0213725245349678
-0.40292376769704	0.623769379355908
-0.12481478884963	0.144139529526164
0.376925503401798	0.624994637435723
0.735564565406521	1.73500987513968
0.406017235958086	0.587271820245389
0.786972232626197	1.25874164911941
0.533707444872115	0.827383240792551
0.16088219110914	0.153250231312154
0.128614328542317	0.131484892501975
0.226103451144275	0.302105173880878
0.336784092856385	0.482046594557685
0.0579135683761725	0.0588443885899828
-0.0889527394462138	0.0939998305370565
-0.600393919501226	0.929274995427333
-0.502856922181589	0.759956528286696
0.0340811621407477	0.0326856201744468
0.649651991833917	1.29386009669885
-0.0807322086923185	0.0944596510883721
0.597794191859497	0.7826597238306
0.144790879641563	0.160303070381729
0.178487905930772	0.18428464285583
0.228492224337446	0.27272260577083
-0.589822373744962	0.969567188531193
0.102842817157154	0.11254351123291
0.266363622012977	0.39150214919744
0.423825072155405	0.709577370122928
0.267931284501418	0.335524271613048
0.389392648705911	0.562061549061323
-0.000461090248034048	0.000491030311187962
-0.221695335968754	0.274786589579667
0.246294847001976	0.331895605775986
0.304219379099253	0.314438283923988
-1.02428055474219	2.21831648060466
-0.489173111097093	0.631474329560103
0.128833036459257	0.128141524068145
0.467388484033167	0.396894547028403
0.933652106615185	1.1671619157011
-0.200607948386981	0.160920993884988
0.596039289811684	0.409870086976595
0.17692263326571	0.198574035459893
-0.763275866421019	0.806246861744519
0.465926174972798	0.168545023486603
1.27094122899938	0.545822959912802
-0.781050689468545	0.279328303338655
0.123976331196576	0.0321704885802751
-0.392804209152594	0.116893234785917
1.51607993725919	0.75251195052126
2.30353132327515	1.12472850543562
1.71709465769367	0.966210937466879
0.762103935148928	0.328952881693488
0.0951953480563059	0.0453263205739878
0.119928344292201	0.0748261349528537
0.638064731595325	1.05213528545954
0.139469132985681	0.154651580113843
-0.086577665573401	0.0930730155246208
0.17174486040689	0.159883546420129
-0.495261433238549	0.541242705719035
0.236849625593334	0.204792771989723
0.38524669566514	0.478067408148144
1.02715042340748	1.13825904439048
-0.178922377504388	0.125045439530039
0.500811247051253	0.737418241012735
0.110518646663673	0.0909464055794298
0.404617272739936	0.489247168041352
0.521284140170456	0.684005443200047
0.457348140634471	0.480045132221925
0.490572624876445	0.506177040472975
-1.57748702993388	1.76277307723875
-0.42631304317046	0.386119772933541
0.0936228576759516	0.0480438895806229
0.594308864941542	0.617344644469035
0.259923940670677	0.148100519262007
-0.392561143539785	0.237267481912194
0.111250775632664	0.0999271826148485
0.292938118173995	0.296435450561181
0.0521349727237284	0.0442835564938662
0.0693109338331197	0.066012417019052
0.69806535536894	0.992523165352091
0.414728800062504	0.267838899700629
0.387408906080651	0.268514847380301
0.516683970977166	0.573362640081281
-0.860154770959683	1.23687782296195
0.0982436763137967	0.0822621705299006
0.751494740931719	1.07983433761664
0.0427463688999157	0.0351249425684803
0.0284267970921493	0.0185864373523028
0.252072352384739	0.241566387687486
1.72940975672084	0.925439559458615
0.137755951151155	0.0278992132091276
0.593799664604021	0.408651534043389
-0.855936001252042	0.584710821021074
0.383746153743814	0.1553309012695
-0.285260753813349	0.0973870046642128
0.436140047065574	0.375769466206698
0.640315216106531	0.713911198245743
0.466037763636512	0.463382966708421
0.231152738206191	0.183481409683819
1.27791813602574	1.31314288198287
0.548875898479041	0.390187799842276
-0.24674648397944	0.174188938269729
0.00746739514438097	0.00468173836108691
0.897796671073856	0.838574771394216
0.629910119688356	0.627206853708524
-0.525085979520036	0.615300074440359
0.316749102993941	0.498135763146933
-0.105726826798561	0.13044764569653
-0.204686105391027	0.276826944711675
0.498645880647926	0.730227986172991
-0.41575412163369	0.604470435805638
0.47866637532777	0.764862093297434
-0.662596009804374	1.17654035458124
0.273309652263262	0.30455890249291
0.26443632878022	0.345248410734885
0.495838392703216	0.757520956014828
0.140793259422402	0.172191049248129
-0.208229894661298	0.237760972399151
-0.0947955279291734	0.0859787532438918
0.217102629970439	0.258322468363556
-0.109480564484279	0.109590473328285
0.0273133352133425	0.0279326765261328
0.175127209249929	0.184335970965127
-0.145188842522837	0.162175178242523
0.229031053317346	0.259607431950758
-0.042108289074296	0.040856270003523
0.0148583165759012	0.0145080104724704
0.311699904991725	0.382260899554687
0.693752452495636	1.00109947619246
0.0358390699905166	0.0331172146298994
0.13643255191969	0.148760595454691
0.477088081098077	0.669339156724295
0.647082859291127	1.26056392710689
0.479480748816467	0.733038427607174
-0.275340485756971	0.31763902977465
0.269151699721713	0.324504816402791
-0.200022104406955	0.231760542517547
0.281788798963303	0.315039867437059
-0.536154990798826	0.650904711604778
0.507047761521718	0.736443607552731
0.384462083648966	0.477132600350199
-0.24306260846842	0.248149516967208
-0.219009926168465	0.226644309932946
0.449410266843153	0.583135012400092
0.254001026898752	0.319248991680936
-0.383824747160843	0.565710731852276
0.0542978448666135	0.0598650218082193
0.978029270027066	1.77389396354492
0.635256414310576	0.636369046276285
-0.0208174688636768	0.0186524082821728
0.266993857365266	0.359471548830205
0.0278223763567654	0.0182736969266485
0.317545660967883	0.396767650378052
0.230412962903464	0.29943867769883
0.439398634652564	0.659561451337299
0.239648295213018	0.343470584733046
0.445769323811374	0.725590227304473
0.0936237701416611	0.0447267755389913
-0.850211581489862	0.517329521749586
0.980362245326679	0.381549299599289
-0.393621163963244	0.119864422038082
0.0880635441758291	0.0303830587493939
1.77860769655035	0.703302697501616
0.630115844330314	0.29560603021401
1.03239561340178	0.629662980472465
-0.20707693881829	0.0781188384493783
0.0928036158669535	0.0355473053790657
1.0430503942116	0.751925437639573
0.964068820390209	1.50728142545774
0.486170026957894	0.279329286172205
0.237495443529893	0.170197835656664
0.485464052781735	0.623325252085003
0.183566133343458	0.173851954542058
0.108058932387166	0.0913584535039488
0.185479628277848	0.192356714782169
0.540097251616011	0.80947801734668
0.936483239216106	1.45926332279678
0.338255245543523	0.285081635627422
0.249997767829615	0.240432456440363
0.18469342437377	0.186646762054057
0.464428650014445	0.578194979762361
0.555264243865843	0.763986731741358
-0.572462462340844	0.859590088239729
0.10624852486406	0.0930484172581776
0.237704759187818	0.187724172290159
-0.42895112131005	0.391903102974194
0.229591986446244	0.209630789418357
-0.16170423015246	0.154968664911269
0.127975080439263	0.127444488548216
-0.0412168463807815	0.0318636158222128
-0.179062245655908	0.130112417730001
-0.125401585220862	0.0939583772819708
-0.589220619310923	0.617005519873892
-0.806936747585507	1.08691323747084
0.515374019326517	0.664589494943791
0.460370526467155	0.477931665039344
-0.079199770949832	0.073006990110507
0.88417207894932	1.24925306895615
0.951938923277391	1.40101420714457
-0.332141705775299	0.363166860428027
0.24024124951782	0.238134818468309
-0.479891668373657	0.41949070966445
-0.834716071086551	0.911856008710796
0.231652716537935	0.233101577045415
-0.208792193378355	0.124421774336451
-0.0927194562210309	0.0444655263850168
-0.212723145906758	0.0798895959219519
0.55209998195322	0.287926108969597
0.24773817674278	0.157413792424122
0.651472200338931	0.408448081206267
0.0840736656759975	0.0287902746595554
0.67008307797629	0.509439763382406
-0.0486387374737991	0.026408308204316
0.890425899071585	0.579189577635384
0.552096087144408	0.399852230844877
1.85433998655745	1.46664152616464
-0.307445781851721	0.240016226991556
1.28216412968099	1.29186311459811
0.120547082186365	0.080310344370703
-0.0236066934330857	0.0167778150347234
-0.160267475560583	0.214793100689556
0.284840292542624	0.423748831394714
0.188659037793245	0.237514158619677
-0.167463281831642	0.17049167143687
0.224956022177553	0.233532227723841
1.24587377450429	2.28911436355784
0.455092273836805	0.665094249908953
0.341642685049883	0.394809074295509
0.441100184278412	0.566999926284515
0.590471573985498	0.837486166372963
0.320768482243223	0.403851078191049
0.182594660967278	0.178505669795672
0.408533692358582	0.462312173125914
-0.293443089511392	0.337771818779536
-0.0187564704508627	0.0173738973498703
0.637982499719895	0.793834784858386
-0.255749528949951	0.241021993636134
0.294634695759199	0.329696837520407
-0.628664152201053	0.799153784926084
0.29629981504904	0.404891452099279
-1.10719851442287	1.75297229752083
-0.0781468916781582	0.0578353154981382
-0.296614672247249	0.300829704168381
0.010485267482391	0.00870284033024897
-0.166861313097452	0.163761586573186
0.994981125741714	1.55420510469077
-0.0265400875140671	0.0285396272577781
-0.61508108261361	0.853981190121281
-0.307936535218673	0.352922062786467
0.00590039687467001	0.00553608069994809
0.66952552634948	0.974579576634002
0.841150601143697	1.24208362740703
0.0254600149026601	0.023046729874379
-0.529979623632484	0.646300243838961
-0.647707001817378	0.918291525068163
0.615514523538333	0.802725760233254
-0.057787936489373	0.0508973996538564
0.232583156754285	0.260601289478619
-0.189309385854992	0.220117995301001
0.32183020436418	0.399296372528122
-0.442899243947119	0.645262587102727
-0.321039351865282	0.30998165820777
-0.758281686110268	0.957360859536981
-0.227063136628765	0.281740309110437
0.0690239472884693	0.0689803456810362
0.237739716087285	0.203180715872396
0.441084028514787	0.791509386495697
0.315910333500866	0.410470217783459
0.68759294123945	1.48629175491771
0.369182175344505	0.580175872992546
-0.0838882544618754	0.0794487509690902
-0.158739908574847	0.0639838169242474
-1.04321952694306	0.534439052955912
-0.163883150031215	0.0655907871131665
-0.782226195272586	0.275727221482085
0.643263820966958	0.282351781453071
-1.5625457696614	0.581574072788025
0.302641398331312	0.14893493447525
0.452104748005585	0.269414437802859
0.0897311311692152	0.0345765350863089
0.619669786755726	0.197421523304085
0.0955697343225397	0.0442198650100538
0.484988933091334	0.47466645352214
0.958115089895052	1.46986803265316
0.278707663648988	0.145860203636624
0.339146758505969	0.153380923211097
0.425730885977652	0.383353791778056
0.425611819448566	0.367844706405795
0.490325053871348	0.655750747938801
0.0492137969468757	0.042423040138389
-0.759105504532975	1.00117657666007
0.100644083227757	0.112695676015152
0.0482909359216698	0.0471612031977768
0.171361281959953	0.155259023324345
0.0399226228137031	0.0330741151719939
0.546880601236759	0.803750058292057
0.244636303795647	0.232267549683218
0.114971140204613	0.10579661408703
0.629661726050414	0.642948909425198
0.0425453608270735	0.0293357014137643
-0.0518911515877995	0.0438095370260256
0.238873287016137	0.233445677570118
0.681482849985833	0.976140966469806
0.233342938903625	0.220328293814991
0.430500953076616	0.496391744342233
0.614063448828568	0.73488224286665
-0.0150734110384927	0.0121336745686374
0.0722439861294358	0.0556658170733077
-0.565335598689749	0.823688699157224
-0.352445968298257	0.326854703992876
-0.0496081459324181	0.0344414033990006
0.515438509742393	0.712916972111779
0.16214679248032	0.134004739811495
0.0723801194741593	0.0547073863324154
0.56143605268422	0.514334609989059
0.108544604878971	0.0615040852136855
0.252484739946586	0.164383387429715
-2.5251888656906	1.46908842659722
-0.214198910450519	0.0807497252330014
-0.777784910101698	0.276721483443641
-0.637832455100768	0.464897618370418
0.589542312215686	0.516409325582282
0.387455096500783	0.158631103032102
0.100841618220157	0.0306037225182791
1.40118048710222	0.873746086680374
-0.21506582086793	0.184078067448661
-0.207310707420254	0.313226712836068
-0.0819904059855523	0.129466148069302
-0.204267751038743	0.275876913488412
-0.0745379959555373	0.0867759725724777
0.326989770223769	0.266248897426775
0.955159228613618	1.20772077276014
0.793459063532463	0.793199253585511
0.0645469413062581	0.0458560482484157
1.1754869875296	1.46300245831569
-1.05317597207352	1.25296376412929
0.464212684821615	0.393494208041998
0.244581600281011	0.167044373830825
0.965044173137618	1.4903540704249
-1.16032670111429	1.14640244668441
-0.753712311058258	0.63166943459021
-0.222982696543886	0.186092886845305
-0.0384941872087604	0.0401746302099526
-0.602024541929382	0.389884396809067
0.0149683238241607	0.00944020323529542
-0.748341694584312	0.493322070395198
0.346125949431032	0.253086125221002
0.139670972499228	0.140548666306798
0.0490099923167109	0.0473130862216046
0.792921835393847	0.55099363681069
0.0279984049220198	0.0185219055721234
-0.345969832501432	0.26209394244036
0.248881402991095	0.171578788804487
1.25982522819494	1.50059180888224
0.31335128152559	0.414843202297417
-0.0849699009163905	0.0575969388328556
0.244180878719673	0.160129738092599
0.498251265972367	0.492940770144138
0.267160377912299	0.155407044754017
-0.339497541653483	0.300293107821009
0.240444930810698	0.162594408183301
0.715150687966794	0.737148403230537
1.40952496205483	1.27119676057742
-0.0426025393615604	0.022954283442475
0.440551604028817	0.273235232370105
-0.297927646027035	0.155339713670935
0.677994666562954	0.584761211488935
-0.334460169732944	0.606800586412908
-0.160938429025298	0.194089344916256
-0.0142134060924019	0.0170956498622601
0.160422055920887	0.238291300624828
-0.331200641830503	0.432320602834119
0.294435748852139	0.399264562863112
0.0559311081765992	0.0832053448112766
0.589119837459804	1.01170854097062
0.221864707753184	0.213877204754387
0.349718056966141	0.386082704078196
0.0941406844974428	0.132768637573142
0.253314662671509	0.370528786453894
-0.445153418696487	0.547538389432699
-0.408058956693245	0.451357692558835
0.227513765605128	0.237505116480699
-0.250959050090541	0.306595274526733
-0.0983270308077161	0.0848339032824
-0.0357198336678035	0.0306250448739595
-0.673448523170934	1.07873150479064
-0.610428205141399	1.04635966507566
0.415402716039886	0.493112033195376
-0.0629759586907162	0.048776284924884
-0.0398020973440118	0.0388768992285276
0.291629352803781	0.301050629955575
0.182386970022886	0.209350750677257
0.205982380978235	0.257260183705913
0.194747451789584	0.239234114502115
0.316085903103473	0.318536514761288
0.444796268366371	0.274193688950752
0.150494329238398	0.173829901506392
0.855992079996708	1.9041132529333
-0.528051060909264	0.538564663744412
0.367333519850686	0.393800693873072
-0.0470066505329982	0.0412611515017313
0.667545017305251	0.99968186471879
0.827713673357424	1.02338115643203
0.38569472806851	0.269174271864717
-0.0666729110094625	0.0580444521552699
-0.36695517359733	0.437478941681889
0.182959063809778	0.214390835811736
-0.0432340406899444	0.0346672327690632
-0.186533404796332	0.250923558810137
0.152394063688066	0.123265365687947
0.890085945235758	0.861906216500968
0.648403550028356	0.407198295244739
-0.461374776218293	0.261784563462342
-0.205396148401009	0.118802647835471
0.466950726225364	0.385668744674516
0.276771796823442	0.444532693979285
-0.0910731795263071	0.0894461908081114
0.664407587354757	0.523716072005152
1.18896777848248	0.805275387589663
1.40647255500789	0.826040359084764
1.04647383770026	0.770488881716481
0.547225062604791	0.278418888034879
0.0707737569616014	0.0517668003918157
0.639065256807402	0.828522579597506
-0.479931109445489	0.743294309009479
-0.203840456958202	0.176740484118762
0.0920064899346177	0.0728424363132982
-0.0895461794962404	0.0576522437643683
0.509300793304641	0.665653695180317
-0.278201989079688	0.236857829405587
0.147851406933209	0.118167123968067
-0.103138550494217	0.0870394619239366
-0.210202291544263	0.183315284984556
0.734160611803478	0.429189185992062
0.305821935299791	0.15251134129063
0.0975425363412269	0.0536436347841502
0.621852154105945	0.606378838952325
-0.094417300921847	0.104053744487129
-0.0502097829106439	0.0683408633656528
0.120963014311354	0.147295079768183
0.404381697234507	0.661929156091961
-0.533532913841517	0.55453638301462
0.783633951696183	0.854518164057404
-0.131735515151218	0.100161439159201
-0.433245277762007	0.388879761522294
1.1831212375211	1.47405590008043
0.237568295126555	0.162278634288502
-0.689372346610464	0.712522032342967
-1.06084620012577	0.962688396927314
-0.0576370176978867	0.0434676019939791
0.337875994974273	0.288243731591149
0.12121306572634	0.0805615052911096
0.000314976713994811	0.000352403580625377
0.223284388116933	0.252622062195518
-0.0871219415203744	0.0420330703930548
0.560065238278751	0.51408178987655
0.237035281746321	0.173738989054577
-0.117073160611204	0.0772635585847068
-0.35421669134049	0.442785657763374
-0.301357976680379	0.38405076450771
-0.00646700280170186	0.00384206024091743
1.17296755710751	1.04702115873524
-1.12194306632756	1.1382726023877
-1.40385656256349	1.39311531214637
-0.356579456026857	0.265546353456462
-0.0500710824298007	0.0443382865808708
0.326129644937751	0.300821077862759
-0.461360756661685	0.276062265516844
-0.73289234836644	0.508987777757079
0.506502793672771	0.36888393436163
-0.394714658745839	0.330585284980104
1.44740525743146	1.72012534658199
0.130027151485327	0.0935527877369412
0.530940084477214	0.48160659801569
1.16987643647972	1.07284777732059
-0.0883045757729942	0.059842512854332
-0.09234118850852	0.0452478038808037
-0.216777213689203	0.150209106850208
0.32694154944601	0.527611446117104
0.322775893779457	0.423463507540196
0.337151140403663	0.510768535423419
0.589168063724026	1.09663688909057
0.309668578902763	0.434303821875062
0.412733466750811	0.551503037075093
0.0762870437885174	0.0860310410409882
0.5060158446672	0.667325139675879
0.330327652311735	0.392407373222511
0.359163333599001	0.505814034908591
0.385319831334345	0.589094357983619
0.130922616851728	0.174661649551984
0.668012706640432	0.807357527423264
0.363673246148951	0.557690272309707
0.181591021866482	0.21688447759127
0.174127649558429	0.158318485381072
0.246595388725518	0.223172557488073
-0.357196825862879	0.34630039413459
-0.00700347201486637	0.00501836375977847
0.624685210320201	0.718351971339326
0.431318975804385	0.466158117168599
-0.0174741020234869	0.0158754584277954
0.116661311499644	0.114514941141341
-0.251774724856606	0.219235064453805
0.503497728647373	0.747051378389745
0.0458549378386058	0.0356817290619475
-0.12350439951673	0.123826940593921
0.598902563171927	0.957197329765754
0.231259281664745	0.269045812226124
0.555935506060944	0.819872975745264
0.372288337950065	0.484115171858531
0.878107497807291	0.899903764773589
-0.355388573598633	0.303421894198704
-0.0146947492247077	0.0119854879138307
0.0920770321302458	0.0966854748037958
0.0175710821081354	0.0129563259855417
-0.177722088275964	0.144275105704866
0.164038084142776	0.141081432660145
1.05220986321627	1.37698469146725
-0.395415698159891	0.332900152635331
0.0251684808408581	0.0164178736841423
0.326771647658924	0.288568983612779
-0.0832613155754815	0.0713445449529105
0.466097930789319	0.626861174331393
-0.338859406194478	0.44451002419898
0.569776751318007	0.670544071325009
-0.381293352291859	0.345876647449582
-0.0263722905723095	0.0187457056018578
0.339146758505969	0.153380923211097
0.382608605891944	0.256012572842553
0.318400971449736	0.255233980494766
0.729392042597707	1.05218381802842
0.659533354814543	0.41011784527247
2.00880962581281	2.40443273343038
0.840110155453381	0.833505441337155
0.232534687437818	0.169982783841322
0.489693606749907	0.262578651993745
0.346608578146494	0.258801139236089
-0.0242241059976661	0.0172847117373604
-0.249406991127258	0.21850441134285
0.348754150684095	0.274928693024745
0.246030286640139	0.19087026230784
0.0613181403396402	0.0440316138149139
0.174050113130525	0.148391705719473
0.35515618717746	0.392034987578576
0.428284187278484	0.486396821404168
0.562479346159589	0.492177653293315
0.372148167775221	0.268634439621784
0.157533090248461	0.203380493579421
0.0885808655607582	0.10626192087163
-0.310700720012371	0.435249850785284
-0.234086142034587	0.271904910315929
-0.301429311011448	0.36360065581042
-0.0341308319598196	0.0309693685808069
-0.0990075656959124	0.109449085796812
0.0467769487258774	0.0381775341136213
0.645810084702237	1.18289084441956
-0.672836341261336	1.0057573809598
0.0961273837539566	0.103873797048382
0.288051759651989	0.328599027521838
0.29454080330551	0.324877961659917
-0.0707114105102963	0.0686493639890996
-0.0238596657285549	0.0195404430793979
-0.642001678267055	0.829001941622058
-0.176290656922614	0.155986003214031
0.293684052526322	0.309684047598544
-0.250629948484199	0.273290941696914
0.0684386199873155	0.0725594731741389
-0.0436871463198358	0.0416043259660604
-0.337931445470854	0.263865051119031
0.229008640272997	0.233797590678865
-0.453960032374188	0.563642262333369
0.221674063763828	0.220434291414881
-0.0618864980048775	0.0548555193586531
0.391703537112522	0.463356189676056
-0.508888719527931	0.738330581608973
-0.36017727277328	0.405400308552813
-0.51552145924408	0.576898669601166
0.324583674506074	0.379116918801998
0.224482442061392	0.237921282395474
-0.410985588167749	0.408475749653129
0.030208636679213	0.0244519199852597
-0.271564668260951	0.250175968584077
-0.522024808836469	0.616333556691822
1.07351239145367	1.52743271329778
0.707244839131267	0.865215004727541
0.717318222605066	1.34126393286207
-0.309420207929997	0.385929181482589
0.476785375067035	0.65916278194409
0.106023507685814	0.0876043978451877
1.41863270467927	1.89015727106899
-0.356546902779245	0.348715227816889
0.0562677159524217	0.0467492144921912
0.023827398442234	0.0155240630667208
0.380382656294078	0.639382447264138
0.700568747196294	1.15811072450567
0.341994346810771	0.395503681937638
0.332430175898336	0.26848130349411
0.325923646493978	0.300788005781072
0.40821152872768	0.555996007007866
-0.0965231635660589	0.10501301719802
0.0647827687496316	0.0699251039873925
0.472158692297374	0.165171762298835
1.71709465769367	0.966210937466879
0.0989413575651221	0.0291090515910476
0.127210870206515	0.0320619849993893
0.635463389019506	0.303993219626647
-0.834962405855183	0.432377517517524
-0.658471173149976	0.328988712370127
-0.392804209152594	0.116893234785917
0.549604165480617	0.27382138119345
-0.349901821231828	0.371264866523601
-0.64757360463199	0.770065326426626
0.635378653828164	0.635844649900732
-0.0834771120703598	0.0393855262018883
0.0152395890485219	0.00933412572297567
0.758554766486636	0.875133240182174
0.166989417511903	0.147071624850202
0.0671653576328282	0.0665143316948121
0.26529122525986	0.331669720607072
-0.0414077795614973	0.0397450098245161
0.0595445254513366	0.0437844792147711
-0.569098475340804	0.660524100634432
0.716404148139409	1.02483336845846
0.401952881609275	0.550567066061049
0.683907480395402	0.63546038249333
0.366741399014192	0.377199465156492
-0.00706003831636646	0.00579179825268466
0.800916459133929	1.18703352235871
-0.0408969869589951	0.0354639495254
-0.420316142827923	0.526854329844771
0.235499649368681	0.254190325675307
1.07486731599472	1.53219969329563
0.125267090017898	0.0817506151040926
0.489632792133057	0.499357084437107
-0.276677719820506	0.233621692079793
0.703261801452893	0.864009404821111
-0.173814410888363	0.151659404105938
0.108615531153348	0.0897696486849655
1.1712947815234	1.0935539314367
0.323013434558756	0.29715874007941
0.434345047651541	0.394381879818009
0.588540039478742	0.706243566209856
0.982539560703236	0.36964123336201
-1.56440655803204	0.562160297076648
-0.173185099770206	0.101741804480233
0.128901260397552	0.0881870403013693
0.852974220881818	0.705809755945723
0.00878542809746402	0.0054413924900925
0.095086831557641	0.0393538896328816
0.835260706737202	1.83571409603753
-0.247108900426154	0.310891329049833
0.333905476945843	0.399537712245895
0.137418910473701	0.144049636306343
0.648071188815143	1.2115784549312
-0.205565161760198	0.2397696537693
-0.14415381439932	0.140217780224141
0.331851579273888	0.38006230708464
0.350782957787438	0.475991039736265
-0.242704498686483	0.28000077664786
-0.0168623478773998	0.0137129727649432
0.0994977582637716	0.105240980920529
0.404088297450982	0.472663765635611
-0.373555478899772	0.40970899650401
0.0198141219028647	0.0174180718444054
0.42823426378746	0.491883985001078
0.481177857358719	0.473691119965602
-0.160650170278988	0.167562840134582
0.465324476378339	0.705202561112868
0.491096473876477	0.653272614441043
0.23578382147136	0.227319621029063
0.181792449960834	0.195734094575431
-0.563519919289252	0.803427508639026
0.358716052181031	0.402005482819513
-0.352609720365922	0.374400054390638
0.0982094712692276	0.0841942058100814
0.605606441619319	0.876336843433939
0.690808447964524	0.944881555548504
0.62108791630137	0.777863232398468
-0.221489296342425	0.217947197497602
0.281408903943231	0.314553288292144
0.476934734275582	0.595289576656359
0.55160160210764	0.835884880710888
0.302219482115352	0.320083409423333
-0.276252824845852	0.329691144926441
-0.834279343512416	0.927313317479319
0.352845713531564	0.399535679466708
0.147731405850515	0.181645583761873
1.1424787386116	1.64571342465044
0.011659624342645	0.0096453200946677
0.891498850047973	0.86206996497424
0.722554898102618	0.845691028554885
-0.280079878347412	0.242720089719536
-0.360428895722378	0.408141440607829
-0.029284727183873	0.0166423436985732
0.144599661971423	0.198132393176073
-0.377898463785681	0.442388565729207
-0.0180334347226355	0.014004784919525
0.169691594169147	0.16136238930591
0.121484642598693	0.0813434758232441
0.117667284765377	0.0775401025879444
-0.525704062334136	0.441181698909538
-0.307526269371134	0.410348475195739
0.670916026837352	1.12424255835482
0.172109246931105	0.187124733936555
-0.366790328882873	0.175842014724534
-0.394438559044978	0.119807256282002
1.2172045412426	0.681778093840489
0.637919751873067	0.294451481685123
0.339146758505969	0.153380923211097
-2.58558390776956	0.743326333733362
0.09797571795178	0.040709445745942
-0.578143409008422	0.696031323560271
-0.494209378905693	0.464673452243179
0.231344049454857	0.175391844228523
0.0866446601250166	0.0290905640190841
0.724548963563993	0.537093099415061
-0.267688317624716	0.213538117605105
-0.173647421859068	0.142105150276772
0.295873731758617	0.41731131153642
0.678797224896887	0.932689156187083
0.634065155538107	0.819732038198282
0.620449014424375	0.695697345590029
0.236985713060628	0.201746027991921
0.367922057944923	0.466170179645438
-0.191880022666897	0.181322570309901
0.175137704813368	0.158976497702655
0.133615618782057	0.150722665613977
0.624662884485071	0.898997947148809
-0.762631672615727	0.683178306318262
0.519244592417284	0.484306322662536
0.381601624678415	0.389297705769556
-0.390051618203643	0.355447489185377
-0.124905184264007	0.114873702604255
-0.210108697714236	0.206486516301321
0.562492997529304	0.606474988716988
-0.395005353854009	0.319200064165661
0.936807555981425	0.96541555356814
0.241953950473303	0.219438876530362
1.95728726474171	0.516817053041281
0.848535616656556	0.699599804702131
-0.035396804047311	0.0194078930762218
0.421670979344662	0.386329103792243
0.235324543314289	0.171883906238283
1.17285442524746	1.22637031629986
0.382363747040061	0.255809275867288
0.607848460669053	1.0961677408515
-0.234944604747094	0.336821592212856
0.0395168314334027	0.0391240726885852
-0.252180865142888	0.274470182268664
0.0797868403610495	0.0802181175772378
-0.272640090236346	0.348183732345634
0.0810270305880348	0.0715612961328569
0.111403756930136	0.0976380081741121
0.851208470559184	1.55909074039297
0.380628612900379	0.484464817527961
0.1402457871026	0.170982165726571
0.613082056787057	0.883905065177361
-0.686911772603019	0.961685593922244
0.283420732985813	0.33455286268405
0.54234447546293	0.834292990974355
-0.368015602710362	0.465221576206241
0.493877639314513	0.596146922572446
-0.423523385834335	0.498810809665785
0.467664203881815	0.607582373262726
0.439438212475803	0.650817289055782
-0.347966797207177	0.371314002273002
0.718078312156557	0.962768924865477
-0.199720895446724	0.208640669367133
-0.236390396263377	0.257194007176528
0.355856448727818	0.404937181566902
0.0884374928491256	0.0706935759212604
0.169713534122201	0.175439742551775
0.280255697147396	0.359233310012842
-0.205646819809975	0.228998838971842
0.0127058260078466	0.0120579529591713
-0.0996402501904014	0.105321803142571
0.301994563288215	0.317982713987657
-0.452035387966372	0.437668733501443
0.0572213888363775	0.0498361374277248
-0.257649147486964	0.23641861023644
0.346382313008247	0.400308051927703
-0.745055167287506	1.20938094987889
0.325280233542509	0.40601122926919
-0.22863168046408	0.234022544550846
0.151289758697464	0.117934323807149
-0.889404563501469	1.10823700853668
-0.402491940224841	0.470605820128088
0.293461282205528	0.300092225130306
0.23724050386357	0.188872083353737
-0.387649273594939	0.560090297522506
0.0893418336116022	0.0874945458155881
0.316890357570223	0.288733584675589
0.0843263967660546	0.0785960202337065
0.321604546922968	0.303493510417825
0.258074779974608	0.149546148661628
-0.127950868663244	0.105440646673936
0.609073472979297	0.970869934236833
0.406066186361396	0.572797789846963
0.00268293621545822	0.00273720422223122
0.089462891662928	0.0300790279467185
-0.398765859223418	0.115667052413358
0.840883129520316	0.445529571041891
0.466441594983451	0.171307702237758
1.22054938663529	0.664435930690339
0.733815651096199	0.435724646571288
-0.665980484680732	0.847495842026954
0.16437625249519	0.144775871222652
-0.14139582939344	0.0898915611993631
0.54099918682747	0.379682583602922
-0.0226254541828071	0.0126043685175989
1.4220030765581	1.36427279763541
0.00098831454151353	0.000474073963270922
-0.148125349385374	0.146106942416923
-0.0760437893359769	0.0810613111160231
-0.046859022343015	0.0460042318721498
0.182512032902293	0.201914874747441
0.0739253478207024	0.0702808263912998
-0.0175889836191869	0.0144834306938998
0.0984086980517166	0.083750279111124
0.225268629059907	0.223832401255781
0.611057209764052	1.07515268930998
0.178856059044221	0.156564360797846
0.102818141745437	0.0892050476274468
0.75792567605578	1.05490279955068
-0.761769289580561	1.08450731502214
0.00338004140345228	0.00275222253607803
0.244387399739421	0.247633573038596
0.529742341452042	0.839512624865976
0.66432808305915	0.977112394036615
-0.346195674422925	0.320936630656668
-0.2643366034632	0.196683642909403
-0.156897271801291	0.139223712575751
0.160573177928588	0.13754675495902
0.236768945122341	0.209951455325535
0.388329867888932	0.484096458251904
-0.14960619331847	0.111271639973686
0.743586423122694	0.747310829135052
0.231688995432761	0.215960794238979
0.0907306056643257	0.0723974139339756
0.0939961344074896	0.0750566026797189
0.923197406948185	1.34331303561467
0.388191327916678	0.159552284481566
0.487736695927594	0.272565086859585
0.903104822207255	0.592594946996794
0.110472235993079	0.0688068762395275
-0.110741479435388	0.0701246417485624
-0.175224794001347	0.234435012699432
0.0892381260561392	0.107806286953249
0.0612450482775929	0.0636277116844477
0.355620433939275	0.396198947883192
0.0566817370118135	0.0489379941655786
-0.143729649057588	0.1296643401295
0.2424934813309	0.300780325095719
0.535307121649167	0.686113789206546
0.399334679142623	0.461695277194283
0.472346170076503	0.572709254679042
0.233165659525245	0.251610994059621
0.426223662734342	0.49915612073012
0.803090308455624	1.08423560328755
0.326480396312799	0.311768325489414
-0.130821632771148	0.131362294652893
0.164173600676034	0.141198967036847
0.171491142894264	0.15871085223106
-0.371337767154853	0.321376335873086
0.719588746327936	0.924436584000863
-0.354210625041852	0.348815465275842
0.901480914285374	1.15430481943882
0.743544121569109	0.706592801186225
0.726570441330149	0.972162157738102
0.0953105352583946	0.0798757124547598
-0.191395137596192	0.18680869204315
0.389707025515993	0.44903100848901
0.866750722954343	1.16605315544391
-0.0341192522856349	0.0293396921548348
0.188181479180725	0.176709971026024
0.460250214540883	0.495985048072499
-0.312665967084904	0.281053784421158
-0.0415010450946044	0.0332641663291067
-0.345860795365662	0.358334885689081
0.540657487587493	0.59079637728642
0.164158094669465	0.132399497168407
0.435300167922665	0.581414194006033
0.264940951416416	0.302075623286799
0.0117125770284724	0.0100698021616614
-0.118750276610545	0.105936342092742
0.43968523186205	0.390209252970918
-0.24724711311383	0.266113525305162
0.429577804902575	0.562088021995694
0.10067556100731	0.0585772245981985
-0.249282689888409	0.377039980607614
0.594280149846787	1.03235658918475
0.174496225997879	0.161249810640151
0.533528754576759	0.501943547187385
-0.406019419887986	0.482450619393872
0.464272498681506	0.739088528693628
-0.0595322001412689	0.0310601282517182
-0.763155645374994	1.03381607727227
-1.22902741815768	1.65909786366962
-0.523308277975758	0.358846044992383
0.263462575296042	0.156030093944302
0.236257559086351	0.189092902020173
0.622963232990711	0.517653259321451
-0.0076270862932783	0.00631514314904428
0.885860948858997	1.77406994499011
0.108212882780296	0.111294646760926
-0.0284610375582764	0.0281199640889417
0.239599682727039	0.236669692354979
0.134745635480949	0.145349137470049
-0.0119354895894101	0.0117210708364278
-0.135215315499033	0.107162887494541
0.294839294905532	0.293186978386695
-0.0455735871127387	0.0389216972304166
0.229037015581692	0.310687386908179
-0.267286564391285	0.240018079246036
0.879046461315134	1.28542912516518
-0.472837685762417	0.540485716671001
0.287912017573125	0.31021200970842
0.515827660148618	0.586216240961443
0.615309441984112	0.851305280034681
-0.0380778696089307	0.0340556030424922
-0.378872666991366	0.358405328213617
0.46869024554258	0.56782929065002
0.709653083249469	0.757378257429492
-0.0259389139443214	0.0206853865077658
0.00874464692274282	0.00642209863586878
0.0288900555314047	0.0266529397122989
0.0642014243181031	0.05174528915437
0.234546538784437	0.17898673283075
0.0052936389241217	0.00381006117737188
-0.0714050285475481	0.0560910077650434
1.50929279500908	0.773713752063397
0.0931442284249561	0.0318235508351483
0.541737844437604	0.263876321859446
1.40496976053383	0.868632828173758
0.340673418066856	0.154955276143455
0.336194020813514	0.146226892145529
0.54585088136636	0.402885058819999
-0.0351935998411113	0.0277871468132018
0.177365097078779	0.204150910120801
0.438928411385271	0.769848119642903
-0.457315951399501	0.624530076031736
0.331958073114602	0.288542542912363
0.744090460337701	0.756909557906677
0.134579813122226	0.097778126682343
1.26143428232207	1.69092401810647
-0.390290011753742	0.327908251062677
-0.112423505799403	0.0853369538443787
-0.599121393177773	0.508827170169657
-0.222885643694806	0.153913149571843
0.235151560146281	0.173470766070888
-0.0167911246154987	0.00945875729932914
-0.289799216568648	0.192595912841665
0.279534176227463	0.314530653668645
-0.509634857447723	0.686786653739633
-0.395146419506284	0.272226197832969
0.232646982151339	0.164490540447214
0.249189394963864	0.157077146428166
0.0143767681965585	0.00877194486643974
0.230830089258809	0.250602837690411
0.500235211623524	0.589586919295076
-0.248088714324444	0.171122510758527
-0.172889294328726	0.102972999358148
1.35937881455771	1.65832385472805
0.567408467151099	0.614291452759332
0.781791738456684	0.861347686890024
1.05537809800658	0.916361088606031
0.379775851121558	0.258099275490755
0.368547336775132	0.271832034504544
0.0094794162786547	0.00571390656302084
0.733447602826066	0.654946056636523
0.98667209973709	0.977794710007258
-0.10062853363519	0.0918316289773164
0.666056833287602	1.08539655140472
0.123855738841992	0.113881987451844
-0.471996570171297	0.746846112109957
-0.163651961144783	0.15823296659966
-0.440089300891672	0.709264757265384
-0.742827465386775	1.48648283345987
0.330217665626129	0.409470002291954
0.230591326401098	0.261207243826953
0.792572574747099	1.33725481389976
0.263518803951622	0.311644771165235
-0.315384481812116	0.397977563107717
0.0237927284250849	0.0247717437177109
0.143537343197216	0.167197764191013
-1.28221837552243	0.996866295100714
-0.328931252292898	0.370025043536076
0.0593078769239105	0.0414279832784491
-0.0405270165992314	0.0283889524207295
-0.377924466546209	0.446277286365394
-0.361250892419631	0.429410645761713
0.0533823822676225	0.0471284313796036
-0.166739568314703	0.178171289063942
0.853809413844594	1.3158278966198
0.0241508562530202	0.0186636670416454
-0.349878104617095	0.346365208011194
-0.540527540088379	0.656769328237744
0.012849171917222	0.0114211568847864
-0.0503134318270106	0.0425297502288157
0.0879498942621053	0.0896981738982628
0.323892261310344	0.290970097157845
0.155050276227363	0.126761463553447
0.71031871790731	0.84930331937429
-0.736415947169124	1.07380664801201
0.2426854422912	0.237474622142686
0.662238938945937	1.00209592093359
0.238467489818234	0.247057420298667
-0.0715489616532665	0.0731951490412269
1.30777610617691	2.17156210611616
0.404306344714482	0.388737150583043
-0.489621633015008	0.377675668449285
0.12920955164093	0.0866433812120305
-0.474373984547684	0.424765995850837
0.485266376474988	0.571977799866509
-0.0415773762169393	0.0373559317729647
0.124517177433458	0.124785647473616
0.453371231986705	0.471890904326447
0.315125708274992	0.308859882135152
-0.02213910737398	0.0179164742778298
0.6898068753781	0.727726413946253
0.305349345788677	0.287260694929442
-0.0767580161364761	0.0585297713077816
0.0935636797344369	0.0359544456917109
1.51070508787369	0.752996705440341
-0.289430247896183	0.270555901774919
0.167956881629219	0.251755366812994
0.461396500053144	1.1031526646583
0.652723745591064	1.0257532446178
0.0197462227015825	0.0178444558521307
-0.756021455833644	0.680587112990805
-0.120386390104558	0.0532962631101369
1.19074689752052	0.797639901981348
0.272332046200915	0.137256196693269
0.335527675797034	0.149319574145152
0.10014537411926	0.0357079947543989
0.298845828718703	0.143495056443664
-0.0874417052916459	0.0588831291350093
0.336129453860391	0.15113722587875
1.19032950809555	0.790283031047856
-0.282357909791648	0.302272276400844
0.105160217183876	0.0876824781117054
-0.586496695415749	0.236515767420064
0.590064351820436	0.412773459414806
0.971874217371052	0.796998885276446
1.26599126669391	0.535844375950078
-0.34831707451544	0.34145025146578
0.420229365939746	0.485287689280498
1.26330792120096	0.547779280660439
-0.86035340022476	0.6690364523313
0.0925815687988139	0.0393993239805681
-0.665169602879695	0.320611099409599
1.61732485700077	1.5366176058256
1.57211394928074	1.04928557184868
1.90432479674688	1.18544384068703
0.754458526787689	0.321554482797228
-0.0253200797186071	0.0280483477732771
0.178173319023432	0.249290247920582
-0.319911849136555	0.547668920746662
0.269965551890098	0.319238629918471
-0.0953521861061369	0.111151978519958
0.0557480573359164	0.0736967000578758
0.120831926848713	0.118315494388371
-0.00826354795719656	0.00749531478602712
-0.197267214791465	0.284531037580891
0.290844645635487	0.483462277650637
0.397663889456164	0.753342282455464
0.533887982445044	0.76291899274019
-0.426352773768194	0.557814951001017
0.107906078381052	0.154995003323945
0.256798813310808	0.459273330084057
0.380138105579098	0.541962553350477
-0.554434422622892	0.621796670206959
-0.202503639697977	0.209888686568833
0.0776916850670094	0.0923522077623704
0.0243747714479613	0.0292071164446632
-0.190554103565284	0.258883571208574
-0.384387752088018	0.529043127450805
0.523675930105021	0.811245955873826
-1.04106621807426	1.23066486968243
-0.0190149572591929	0.0109205230749831
1.27483786258511	1.25051989849343
0.238948843746795	0.204264006114667
0.118922238514377	0.146137948244228
0.0440084899862955	0.0490589117779632
0.230243976117834	0.289953934808226
0.351720300254393	0.272358209766942
-0.737019626335777	0.52701729476739
-0.586516685742705	0.236255488541399
0.132825328815886	0.129309119502757
-0.441696967964946	0.654169426691397
0.0429145679654727	0.0289640541236573
-0.0632724972834804	0.0438142829878232
0.386584045728651	0.393647714815911
-0.885648734271635	1.51274315977833
0.419821037566939	0.47810802917915
1.70587538983889	1.26382779776481
0.383674836456386	0.155957430958996
0.628133156123794	0.292132076819381
0.163930734821012	0.13205728982518
-0.48888600058048	0.775092953096997
-0.253489988479425	0.324695921612804
0.729612269855169	1.05027988768126
0.937291402765075	1.67256767014159
0.644646633712155	1.04530999073688
-0.137802095213449	0.138074929049261
0.763039292498175	0.898486583777246
-0.148866864707511	0.244248430093946
-0.229217689061741	0.529819090502959
0.804637908195266	1.2780685016077
-0.469902512941338	0.475003987079595
0.653139673996492	0.419275742294163
-0.835483214223508	0.360992348609202
0.845292969233228	0.442378881212071
1.27171699762171	0.577695266385675
-0.294437614644078	0.150012315481338
1.56717718453693	1.06605618598788
1.51684354229336	0.756078902733901
0.388281081747283	0.157288275267166
-0.176852142610775	0.109211247254186
0.0894793729975313	0.0308356082297688
0.096388793268559	0.0291006075115741
-0.124641052617256	0.113091822811671
-0.0627756781621419	0.0433180694134267
-0.299136838351235	0.15340715717305
0.125627183001861	0.0310455014134657
-0.393621163963244	0.119864422038082
-0.213552503490385	0.0810019671852518
0.644208055272216	0.732098986805575
-0.112484580392751	0.104974436140056
1.27540769092115	0.539970230094425
0.0917344163439992	0.0315338036189137
0.134909075802553	0.183303871997752
0.135449294937572	0.134225293484346
0.0603819875476711	0.0832432135387926
0.067615393872842	0.09937799180327
-0.154278976052733	0.149852477705811
-0.084408034043976	0.0851379014003441
-0.0791482871546342	0.0792856621522319
0.326865795833309	0.497308311320557
0.225214987724207	0.266619719969474
0.15409911321538	0.269862000283306
0.00632889582421539	0.00866578373473395
-0.0620177353435839	0.0545657755013011
0.0987024053468436	0.0546814993834876
1.31506048147304	1.84153410903449
-0.157073044596168	0.15446880570809
0.517666539717436	0.584234283087702
0.340480648561097	0.473733023926601
-0.0983224816312432	0.140287857368388
-0.093501924815128	0.136203378011791
-0.698177603479955	1.42388431354254
-0.00565160546616244	0.00614932129421463
0.186968606426614	0.204642577971216
0.098898040778389	0.0462438470521919
-0.603604896781543	0.390974623077242
0.366590960470822	0.258951866054028
0.732388760018875	0.554165902450745
-0.514393652586983	1.20113950690748
0.316947013904156	0.476482181492549
1.00375081074221	0.495531598524905
0.102457133923715	0.0304597904879839
-0.10860046921734	0.0995142345737144
0.87116512125492	1.6662480394987
0.341296045362179	0.272078279406044
0.931109157231861	0.712505808818515
-0.0322413655087186	0.0253672587054645
-0.142669894070813	0.118782144740362
0.745098115473355	0.764693572816839
-0.613966506340204	0.384139268534517
0.124580294736374	0.0295006544153219
0.61962621063934	0.201522244647387
0.353966213118621	0.27378141115746
0.477197864275086	0.722611526069065
0.605650895488863	1.11154796414972
-0.0212396555152575	0.0120341459642989
0.545779040113731	0.606481786684028
0.279863103956922	0.328643685460511
0.622119007457639	0.193431074679263
-0.81504994096461	0.913795821682905
-0.225327197819447	0.367921314930319
0.00316862633460419	0.00456805062428199
0.337341363229959	0.47551008350909
0.100966670700711	0.0883319565613884
-0.45437329309607	0.328905546314788
-0.0778784055479757	0.0374179215828723
-0.533568047090107	0.476319814881439
1.33824498834889	0.972067487287798
0.131427834457863	0.0888019847581572
-0.363694510887887	0.175887559757721
-0.960059544852467	0.811842230606171
0.368010398765229	0.272419175059555
-0.482289396673473	0.490872668577354
-0.09234118850852	0.0452478038808037
0.726461249537748	0.540450063009874
-0.0757782592761406	0.0830392903381298
-0.215961992361911	0.222860924749569
0.804250292559233	0.573407297911611
-0.20827264723308	0.113937794632968
-0.0883242871030953	0.04388835725838
0.304181466664805	0.148390553662839
-0.179048026510221	0.174634817217517
-0.0749315009371127	0.0709809754926855
-1.52938422004779	1.06261164915892
0.340673418066856	0.154955276143455
-1.03911575676273	0.528313878992619
0.236706817836023	0.247000975571275
-0.0616359879721842	0.0313949824578732
0.841028550515618	0.818270282305988
0.260071302840523	0.153234694288435
0.27811981023012	0.15307512420747
1.02640752195516	0.608181445308874
0.0932204368718834	0.0433511856118264
0.26383754512184	0.389564798273243
-0.1628196180975	0.197043265831813
-0.235839616679524	0.373942010713787
0.098081699080935	0.140941145138873
-0.501801369566712	0.732119826826026
0.0769627226872521	0.0788368737093703
0.124407127021218	0.179959075817369
-0.125848114087888	0.125927298377991
0.192912657200344	0.265333314186838
-0.0632184324556218	0.080220565757498
0.433799590537965	0.621216745533822
0.654011435091115	0.746016924321593
-0.127729384689686	0.127620583318201
0.150691206986238	0.213526368039129
-0.293795176257653	0.337469861700259
-0.250559951349212	0.254225629287251
-0.102663789261583	0.118680406030374
-0.0196227070766641	0.0227088633432138
0.128262917789108	0.186817605100458
-0.0195107517439239	0.0176456106484241
-0.0363388522603131	0.0362011121958067
-0.232843050716952	0.267471741455825
-2.3466463318869	2.61241873753684
0.0963404615272675	0.0479006563583761
0.592882307681506	0.393948287512719
-0.313959368448425	0.259104492743575
0.0679410257340216	0.0891339923830071
0.0309051726809481	0.0319106324067577
-0.0230259069048611	0.0209146076580061
0.134743291347987	0.142917373176655
0.626058244615034	0.597386950649262
-0.517243903708711	0.532389296943999
-0.374765557949717	0.389325739089148
-0.398245012795355	0.521260714619793
0.926719501101338	1.25825236258011
-0.114777413102154	0.0520175530225525
-0.779510969535437	0.284762697132641
-1.53328901581156	1.06711622869275
0.0919887278758207	0.0392220005349197
-0.522736559293226	0.532786440952778
-0.0644475043928445	0.0565380798446869
0.776975078608404	1.39431911592281
-0.142937111177274	0.101642192112425
0.384516002439958	0.398989814701914
-0.0234566161371041	0.013749309680178
0.142035108898549	0.106701997905402
0.868355758166162	1.53255121410261
-0.148997274813744	0.155655718681095
-0.0216711807631559	0.0248022554338108
-0.561731240403532	1.05735821257795
-0.208645568636811	0.243257068547702
0.0352387604029791	0.0286189501640621
0.0692258510237754	0.0626658391515161
0.166364891653482	0.143220012346058
-1.17505000049478	1.91220262589449
1.00982710589806	1.37436422018865
-0.46468047584373	0.514446251264333
-0.655281994189842	0.768213293511972
-0.659452526292559	0.983392389702167
-0.824419618575683	0.977363744711566
-0.0759454222016214	0.0567389278038038
-0.0197498663962282	0.0180064337785016
-0.269171890766978	0.282081293776917
0.0324683109582905	0.0252874167614096
0.598300423789074	0.597307663392491
0.13949912270478	0.0944405904954934
0.141327635536268	0.108742933186202
-0.0906438905157446	0.107082877951111
-0.280090584272876	0.2980210525311
0.0893609036490097	0.06663407153723
-0.831725687945604	0.914139195738704
-0.101463581035947	0.076136846624419
-0.635761823220819	0.685748446737976
0.672807530796325	0.797671117379171
-0.162592502622728	0.170865442537203
0.616449015577863	0.708588466450413
0.00567878929300797	0.00351529216646011
0.297618692615331	0.312022432557321
0.314749202264157	0.268952181501697
0.690321258457452	0.772904064785533
0.226787338254118	0.309835856234947
-0.477513928179629	0.684382558461533
0.235972866800999	0.271751998293463
0.505703275466027	0.676008293958807
-0.258925521775711	0.331928589068066
-0.0554494559288482	0.0621391694163242
0.640654582058949	1.39850433602118
-0.122585177811598	0.132702715960826
0.375920800358132	0.462857830744602
0.388020967878301	0.615197019569164
0.665510887245581	1.23642228983894
0.333103017616335	0.466331674481748
0.253325070279648	0.339252839398759
1.00552215942464	1.80851261419502
-0.135968407659756	0.0850787618040893
-0.211143565945083	0.198355079330082
0.332170881555763	0.372235363653364
-0.569425477671639	0.587600897211275
0.112492661976256	0.0971313068952328
-0.158152030938195	0.156767832310615
0.419596471840518	0.494591623425882
-0.31029631433567	0.354142251975492
-0.640138275447713	1.20444656474429
0.415469718051478	0.476902981581228
-0.183094786316047	0.190615240742733
0.03889675576787	0.037152237135309
-0.00919660539624922	0.00750225099723069
0.238709016063995	0.224800664422986
0.079089703278839	0.0745663126044582
0.0295272083637577	0.0293656761830302
-0.368324820779533	0.525443761104513
-0.372436816415025	0.4151527012416
-0.0454788677227263	0.0448853824363921
-0.119919105329183	0.111778444876832
-0.246350281792641	0.269525856750328
0.522313796081854	0.584390639825956
-0.0547439509005803	0.044928570086433
0.0301497274368029	0.0234834552108822
0.183511983811657	0.192046942927617
-0.0769001978506767	0.0724852577210863
0.12514803025871	0.119506466998869
0.894121841490265	1.61151353795083
0.117638223604386	0.0743097386350267
0.367193981796468	0.270653700486908
-0.0676246880411014	0.0463167653950588
-0.71452256319953	0.42717616117164
-0.0488434994062121	0.0342875840601218
0.0935059057959184	0.0763327551641416
-0.110404265465558	0.135441172185525
0.37886552979803	0.635509979604488
0.253445187943784	0.3498834123369
0.364583115825577	0.391271940239069
0.0808008002473546	0.0789609788136162
-0.429709478782757	0.526475821896011
-0.425164815359624	0.565144446728427
0.368355813529345	0.479349000641687
-0.198963283776513	0.204164374023548
-0.59018810486608	0.995345867226553
-0.591277268355098	0.935985977552124
-0.814586755489288	1.33805231414186
0.440579076152359	0.474190091440711
0.449499208343995	0.571721889093895
0.191171435286133	0.221434473645652
0.543456282060505	0.680415329771373
0.0272023705439466	0.0212956773274744
-0.0878924199467923	0.073049065673052
0.169102036015695	0.18236994613432
-0.0752241406339923	0.0770236055188656
0.0259287122408665	0.0228976100854922
-0.423842316713367	0.466018488282232
0.607919292954508	0.69525611086571
0.869480465388418	1.39935743868502
-0.127285698949664	0.119993690789704
0.171180204275578	0.15538226703687
-0.576421425807295	0.871400610797025
0.549603329728551	0.822460032290075
0.0342982552535177	0.031280062360838
0.562489666774359	0.844699286223872
0.356421621221264	0.402299763013656
-0.0269050394941431	0.0241368250547988
-0.0094553065434609	0.00825440415039531
0.176872150286774	0.176956377845038
0.0609489160539114	0.0536679186543986
0.0840908673195737	0.0847164915389573
0.00550299620146944	0.00493776736697409
0.0837968304727319	0.092363889231387
-0.693579426855121	0.695561160157607
-0.15723068277056	0.14192822457707
0.712531407147662	1.1951772277546
0.0532759157092056	0.0521015095218189
0.314671791827002	0.400595408805922
0.354160089429491	0.39169836583983
-0.233268441557896	0.258427443646083
-0.0879306039574374	0.0753453883036703
0.298478379373757	0.409190577811157
0.241517346868226	0.264115960785356
-0.549428289377788	0.299737186304744
-0.365321696846084	0.173223267768976
-0.394438559044978	0.119807256282002
-1.33685054112859	0.650695538697045
-1.49667876817096	2.29084954596649
-0.971494169986833	0.799133362885497
0.491639525753592	0.269630322454783
-0.284123174157707	0.267109046034082
0.229886780064118	0.166661311230369
-0.378602823562398	0.39986601861647
-0.263051223865691	0.316357663885538
-0.530906338844048	0.895158993685108
0.0454698499950232	0.050729119063107
0.617614690530656	0.504791753641157
-0.295758508495958	0.451970353023888
0.0116356227819004	0.011146602412929
0.0575950720267404	0.0480837803685718
-0.485281881396892	0.643810036847684
0.347824430909186	0.398007757514857
0.487200213229004	0.580829324836053
-0.804781262349743	1.35832072650621
0.170103836394248	0.172468852681053
-0.379323646435115	0.526484067922768
-0.0990096872308514	0.0928682075503949
-0.0225175753266516	0.0199537225746952
0.368408501925933	0.368311361184814
-0.000917034591315733	0.000736932194759808
0.411409406228368	0.269245039568389
-0.252826198448505	0.17553497889107
-1.27586190365755	1.70507514567329
-0.248821552486941	0.213762851051928
0.04043612219402	0.0322288074641084
-0.266251901634159	0.33620002512973
0.0285882298226654	0.0344331385144603
0.404886980726137	0.76837389083402
0.234535320372419	0.279593122661754
-0.611254908044896	0.965407896609352
0.18330294745044	0.198779791622219
-0.282720704642444	0.302541371914738
-0.239179569299304	0.247603011574904
0.346398303793244	0.388843027893862
0.495654135907803	0.64218385192614
0.281070649718982	0.324387506224984
0.142792966508592	0.155323320182148
0.51135427391415	0.656804894564692
0.11803299440252	0.11400171534178
0.264672819153603	0.341219256732934
0.378704237074737	0.563927011724478
0.183670674446097	0.172888455826825
0.159968184077248	0.142424231796026
0.0568570995079437	0.0467193466308805
0.240914534371459	0.24880123778972
-0.0848233013048183	0.101437249254066
-0.387984783074373	0.47830487541092
0.236397584988267	0.182286966919765
0.0395175338211007	0.0320944881883254
1.06234882899775	1.6741717672058
-0.7172332243026	0.91545484983989
0.695264480911179	0.932082429131701
-0.154101720420781	0.177871033330471
0.140884639345984	0.142968775765274
0.566739280048132	0.714910609160899
0.113307315528808	0.100043954786481
0.241952950545918	0.221074707993154
0.434740140998346	0.496670117507395
-0.384040707402616	0.39891407540836
1.1502710718973	2.06547919169314
0.185105497337257	0.184449588990637
0.118895019283411	0.110641168084353
0.246695636524707	0.236656018844931
0.0349978312956161	0.032478132818605
-0.0723818255669097	0.0800928952895522
0.32074524673089	0.416139817849634
0.588659622827493	0.8576403780044
0.731061181018063	1.13783216546802
0.0904131399546481	0.0956707772712971
0.515017738234874	0.769670538270149
0.758437343984637	1.8654317217224
0.182400465759867	0.20866627991605
0.257379005898782	0.322662334123707
0.526906221000254	0.670648622711804
0.141569146914454	0.157775100270292
0.238647375064808	0.250016010407566
1.38070531009757	1.51659082108706
-0.0891142304931694	0.0438778792141042
-0.155978055784528	0.0644958002283825
0.804024755477244	0.56198360796076
-1.10043411282977	1.01505676001641
-0.499535084944413	0.406849000310618
-0.94875974201163	1.49715551413328
-0.0461418167668515	0.0395481408288402
-0.194637235439371	0.198960808404363
-0.121058072201425	0.0776774407115394
-0.674055489774914	0.929064056462868
0.518524385390719	0.582607036944114
0.948317444002413	1.39949277008352
0.498207158837506	0.734571560022564
-0.26932645235011	0.308959573481445
-0.386656132526269	0.517262874076553
0.297807476223468	0.356137022035854
0.17121112297424	0.196841561239931
0.447356911766032	0.727492069739195
0.879478291233961	1.55012552134206
-0.478212104134182	0.642786864726572
0.101082622553485	0.0888499691634098
-0.400919186627388	0.475007959105608
-0.43029767354076	0.476300630528987
0.23375582909807	0.268617457099949
0.313008217333488	0.397348058993189
0.360170037018173	0.39029723034157
0.231277243506799	0.260927239162411
0.478104171186484	0.48844998880137
0.654567329139742	0.919748430370622
0.0734386925580454	0.0671787512514086
0.0855808696181285	0.0662474793617989
-0.347956144453213	0.317114766648453
-0.0226326467201798	0.0130993913450283
0.990094373454474	0.966601956534217
-0.762005936354519	0.667855804906924
0.0101495777804272	0.00969583229620011
0.116747193807379	0.162222059174149
0.14454646129792	0.207600123075414
0.0814589822392223	0.0951811487364807
0.299913738522019	0.419234776581915
0.0342288749311439	0.0395080929898712
-0.516283642379642	0.972555677384048
0.362584544417575	0.559792700375052
-0.279843409538955	0.421027970462859
-0.721082353166967	1.31774830545128
0.160661917672186	0.219790173160429
-0.351581187399319	0.495269223785644
-0.310318644056684	0.448677052944727
-0.365660109407112	0.504877752282122
-0.369960168043719	0.556222298963266
-0.123391407604603	0.148205131211194
-0.187274666764174	0.222171085540354
-0.151475378212124	0.152106959941937
-0.355674056343337	0.506153640547889
-0.0274415078128008	0.0295845953688746
0.180480673791526	0.190130229980845
0.317700669457903	0.315373742486428
-0.0751076166525641	0.0774999210437879
0.424150014059543	0.660340922871273
-0.3140042247096	0.407729365860551
-0.194749049731578	0.213733415983566
0.0556148485853212	0.0489089836317103
0.0749480098699375	0.0716719533363491
-0.245938787172588	0.312238545438532
0.112836185273565	0.132045278313936
0.0711087211695954	0.0774489050200776
-0.166325258817987	0.168253032038478
0.541167861916701	0.826859046937608
-0.194325492628181	0.229753827807015
0.475211844369408	0.740581459052267
0.474907507060794	0.76892272561258
-0.390591550314912	0.53194809629233
-0.148536624946702	0.167681782945656
0.156472585822601	0.194431394153347
0.164851403100422	0.149561694697453
0.379671005817551	0.459706281172685
0.141051600132766	0.106407441194898
1.26448369131912	1.65124126090816
0.577822019215385	0.698975692278534
0.980020898012804	0.36802664569626
0.097920385788477	0.0289855038096373
0.385709929337715	0.157070938330489
-0.776246645765363	0.274822992876108
-0.582843102919598	0.223532705857672
0.0854729772637153	0.0316191317559492
-0.2134606732964	0.0807704799169824
-1.17674783681612	0.370172278890225
0.126808576503796	0.0881736284137013
1.71285801147314	1.32716920651553
-0.281712242141137	0.0947752534596695
-0.398057283475199	0.282173102146335
-0.989229211598712	0.717388476085321
-0.0449053214384706	0.0301563305371792
-0.119646958566357	0.132791992190625
0.472055821867391	0.821035456432532
0.354669419675598	0.491344838044856
0.480728954977951	0.389586165691262
-0.0986880818802377	0.11091161874586
-0.0203090655935638	0.0160738130679711
0.561867569145319	0.515156986696663
0.0992048306691756	0.111421979319944
0.0512700841902236	0.0493418702275499
-0.381860152680829	0.430671546919043
0.439457165411329	0.372563168804383
-0.300003731117927	0.304716490392694
-0.69984558399436	1.05347322070016
0.789544791059077	1.33962569442628
0.182903860286935	0.201988671537457
-0.0813438483885003	0.0871741195398398
0.0662135344560688	0.0607213889030165
0.00497925443409914	0.00313813681325713
0.244998427386421	0.149998713894156
0.637675600144966	0.83194226008587
0.17261610282373	0.156492632117499
0.383808825082655	0.516182584434157
0.334558074534192	0.141470463233924
-0.392758013521791	0.233746208998925
-0.451321993018485	0.734217780650905
-0.538966457046567	0.976195523382886
-0.326038194362348	0.508275018047107
0.621329693458586	1.26609724235557
-0.498256930644262	0.989675118390736
0.0195655113024865	0.0199463212789219
0.371879860530846	0.6372351703002
0.0984237726529128	0.117252844990423
0.431501286890171	0.641111603976879
0.581539663362938	0.930856915530562
0.0519943839096639	0.0607624149488936
0.149077521797725	0.172692914800305
-0.277895159826834	0.396002875604029
0.0196041931719625	0.0194112890023523
-0.635792328813159	1.10571217137195
-0.0730455888179946	0.0817230629021909
-0.907017702384413	1.77776529242863
0.217237370876565	0.271405158457689
-0.125700107133733	0.146150436170905
0.110023640587747	0.119226182117082
-0.306005632073054	0.327075250449766
-0.441706479926101	0.545166748545362
-0.095851644748938	0.103009373279303
-0.16701797951735	0.199389506860864
-0.0021228406664735	0.0022190600428961
0.175456616054589	0.193279614083234
-0.266932736510408	0.249245933218468
0.180104933342908	0.201021654707778
-0.278789473060701	0.335249418235267
-0.278964962553574	0.396308358380209
0.0677084256366764	0.0704808478513356
-0.164315968445259	0.184591919275115
-0.0401546959002263	0.0423774401564956
-0.0458429973671222	0.0513582665102364
0.11879636177915	0.129505252429648
-0.263231611422826	0.322739725174806
0.546588009656396	0.965929855191834
-0.269753055751015	0.336726368106922
0.0901701834203419	0.101882272881792
0.364606999100547	0.409682203176832
0.458077442248	0.544242076177528
0.556732163501667	0.506762399096603
0.519918004385095	0.505618048556926
1.5659796294355	1.09973728863244
0.383190830928341	0.152073626892936
1.71847920439871	0.94975204702216
0.758425159564988	0.309167694316217
0.622852637035919	0.197576085447396
-1.08948783635861	0.445889528865871
0.390306577142433	0.154997990609222
-0.117927332488568	0.106312911955989
0.239668981173117	0.167182672809551
-1.74266732064046	0.932006438613893
-0.286780569329101	0.0980205838031131
1.08743844932837	1.16543065786005
0.593590799847901	0.495594291042537
0.00610509724625924	0.00470709957811782
0.0843451130979499	0.0961734019139997
0.667494968950434	0.546584631525447
0.00260803333194504	0.00138452188380204
-0.117420406815757	0.0779215202680588
0.175103877492312	0.171837154957208
0.641406763787141	0.73359200168905
-0.20338054026167	0.226571575045416
-0.346239637783088	0.458452898920752
0.313069218255305	0.274969570782439
0.841173499679304	0.671391437909955
0.00199598692632022	0.00146147920563866
0.316512351037598	0.416524174753114
0.340438104333998	0.393167877833334
-0.494219103996149	0.641240203254657
-0.12266382152036	0.133519135296243
-0.539994978576696	0.67391849980187
-0.286632254911589	0.264172594709805
0.545575441863744	0.400239621334729
0.712689533867291	0.696601027326682
0.136100737465171	0.0995148264633526
-0.0248553875395446	0.0251360045499268
0.120220868671073	0.113337404433272
0.179001089467397	0.163005290680284
0.231287709307214	0.164618977354757
0.458776992127855	0.386372392934179
0.0283716601042026	0.0188094045301833
-0.0374930264927255	0.0405338945409466
-0.0114881927371188	0.0127772365213943
0.410813858664316	0.708333046876504
0.178981333885324	0.215498912655654
0.028654449291297	0.0306412144635386
0.184274642719117	0.237165245339467
0.0691614379671955	0.0748490373693981
0.476699052954637	0.69904792074772
0.672056224098295	1.31826554059615
0.140377515125659	0.156397949313135
0.0555379796190241	0.05317149606221
0.379904728051516	0.49024651613246
0.264883113873092	0.37456581586067
0.00516901562636722	0.00453961100391186
-0.0757789652539904	0.0692376279063146
-0.138735504932671	0.146500092978199
-0.0352197065775006	0.0349049768097208
0.0618646203567832	0.0556874586471907
0.321836469576352	0.379232310725108
0.0238061936634824	0.0205013249762119
0.0236697536901465	0.0200059405526356
-0.820552812538935	1.20764158953278
-0.00803949045987402	0.00664746539487058
0.136908772545583	0.1358756056078
0.664993097676993	0.996066849797428
-0.195946465841839	0.220580884871576
-0.493540987309045	0.520720173471696
0.0119775949507602	0.0117951108032534
-0.303321596759594	0.326110304951488
-0.0115047651959107	0.0104031101712222
0.0530128067730167	0.0492063621432546
0.354247802007991	0.472632934810471
-0.131251039647253	0.142202311871902
-0.167420397854	0.174801676588019
1.4262731537513	2.56612676005907
-0.278375278325783	0.282701279048292
-0.483724773918102	0.740729726730338
-0.0551987813098057	0.0431166095621185
-0.853409319070496	1.31960138446991
0.231231414228273	0.207178481471895
0.572934746993284	0.580830606394181
0.355203576910361	0.380618091803937
0.367728058707221	0.392550848649722
0.59235064567443	0.413319751497668
0.605877480429724	0.626313238518175
0.397264209404365	0.548561095550241
0.548306165191892	0.74607215965694
-0.276852399294566	0.0927923372020062
0.100112623623721	0.0297526627982564
-0.451895038951554	0.196227148018522
0.0866446601250166	0.0290905640190841
0.759875906981215	0.323268666900645
0.124793148559194	0.0316859887487473
-0.393621163963244	0.119864422038082
-1.33786567171479	0.627415990608733
-0.34807642633823	0.347322301897897
-0.0767891104292242	0.0673000980160707
-0.0256841046392055	0.0148302916230808
0.759875906981215	0.323268666900645
-0.602844217698527	0.391406858383378
-0.340005013196534	0.212270108593138
0.354859247284333	0.273254597611762
-0.0856114967575115	0.0740370223664727
0.0161691524889572	0.0162683756202012
-0.0614927618294666	0.0321857268318191
-0.121232264274991	0.0765162584467762
0.00627068183033937	0.00455182398741138
-0.0231282285282976	0.0184176118217726
-0.631829785341635	0.642573575362919
0.0225226198242523	0.0198739926986323
0.057370569101599	0.0586527649998061
0.229162657431161	0.181400845848287
-0.0960513898911036	0.0812437494943028
-0.100759309030072	0.0768183043923558
-0.35256722760493	0.462370291373615
-0.0954644614950745	0.0884450353127159
-0.0916211975339702	0.087772637092993
0.123506530126304	0.112049192097194
-0.112455905904489	0.102568250635576
0.0962780584743299	0.0814533663450235
-0.522202842770141	0.351834887435169
0.0612743089192795	0.0444088038705863
0.784561271334701	0.810526836537933
-0.472826672374963	0.582630265209376
-0.239384930229414	0.220580421232786
-0.396193174523587	0.297023286139175
0.113848517730889	0.067060041520448
-0.185165129989908	0.13236254669599
0.641885520959004	0.811378279304992
0.184007704837133	0.248076643023663
-0.0824666241605295	0.0752606074032409
0.644249731245611	0.694515029830326
0.381429230961943	0.49314719464137
0.229111479312025	0.254469038078231
0.00471916062914924	0.00338036482895069
0.583947686960898	0.918080090477882
0.140705199609236	0.146508437503898
0.618308066859096	0.718576725179552
0.121635508191365	0.0803166874303676
-0.159587986199171	0.131932527707094
0.495502858500948	0.588873606518572
0.005737565862452	0.00517279349317932
-0.969921912239243	1.65412125649527
0.623577445207332	0.600789417486376
-0.65644730874652	0.79292383514099
-0.216871733443869	0.212581846814338
0.459930281565828	0.583910042089395
0.562639941388302	0.513235296481891
-0.134310727802825	0.132846968357722
0.440780504482673	0.49165708497531
-0.395566947189702	0.289400264614943
0.230402961446638	0.176364327633565
0.703487528483067	0.873799398661741
0.609839379535869	0.721166439114529
-0.342637808803712	0.33762446054442
0.175385991949439	0.160171373303863
-0.0807451521084762	0.0617115421846327
0.15383097290209	0.113454405841484
0.854998835574047	1.0896473173389
-0.0994922374078443	0.0759434160881129
-0.306690039698097	0.318080269168651
-0.49329153859097	0.688944777141629
0.189003287375352	0.220178487201333
-0.116052039978231	0.124815268241701
0.340487578837566	0.395341555863657
-0.268112885882311	0.339400714419662
0.793345622783602	1.48911898050808
0.870851471504917	1.2341500952627
0.23294738104099	0.257012195634808
0.24001535980485	0.269476581331645
0.28053943044327	0.335548593204506
0.829532984071259	1.11008592251486
-1.09847426825026	0.869557625909269
0.381451016444195	0.260976617405806
0.0971358962343963	0.0449256346195138
0.336731016009823	0.151647301069719
0.96435817895237	0.822421400034111
-0.00472726433514625	0.0028188572538628
-0.143298681963835	0.0902768400835191
-0.741321203210999	0.525587921068085
-0.457799542032659	0.319908009145375
0.0398753922737496	0.0322885462507217
0.00822945975411362	0.00589779038890614
-1.10038700481562	1.61041461282241
0.323976108602854	0.292276816102534
-0.70502919511876	0.792675822849167
0.51194199718434	0.570768184082702
-0.484840546715945	0.560164055476817
-0.475098140954338	0.572368461950459
0.069280199133264	0.0648252749523142
0.17646890753639	0.160979998852259
-0.15083472087313	0.13339409937116
0.0428289035180303	0.0350565025794546
0.58726070718273	0.943022139787864
0.0789404057756318	0.0755628631649125
0.118429216347376	0.111358657718019
0.0995808320085952	0.0850366704299039
0.655948636457415	1.00499320760977
-0.133152985184467	0.129115570126019
0.769619894348165	1.003444591575
-0.055037188004935	0.0474984051971473
0.0828003454991312	0.0630562420018719
0.291068267189691	0.27522344935913
-0.10515787060086	0.0836229862648881
0.17083595431386	0.154103628675536
-0.215805663743761	0.207589369878109
-0.0587065651176517	0.0518748506573462
0.11454455363675	0.0986598642541501
-0.139844667990928	0.128126111106608
-0.279358757478192	0.232840449858389
0.299284729863976	0.299799866291119
-0.278630351886623	0.281650760687635
0.504889606895773	0.57904563100363
0.337454031845595	0.28248331036338
0.584947030842625	0.674602058964972
0.308496690900287	0.288378763998191
0.768306711688444	0.87945514468814
0.180600901925623	0.176831211694889
0.454510863245058	0.551844146710065
0.402957778338205	0.467959559913898
-0.18158699293369	0.128900933261022
-0.10365565543048	0.079234697064502
-0.812962786522133	1.06635053833327
0.0294126476863203	0.0228211492985861
-0.37443193158897	0.443919923538587
-0.211585707280348	0.210287689711639
-0.34799289276318	0.320664445894849
-0.00021505435692946	0.000117981860272678
0.895843428251591	1.16957804524088
0.0565319888066915	0.0375078644530712
-0.101776633522832	0.0777212591617436
-0.478894985476243	0.530067976525033
1.1916286583364	1.74876584827506
0.50166629971392	0.502460611319794
-1.00824941287711	1.3166039365526
0.0787847079888912	0.0599292297786051
0.768841242488128	1.00285023677979
0.0838616616312133	0.0642884455170054
0.330861447071663	0.270447380338093
-0.511690298770906	0.591365426993132
-0.185373651835934	0.132991569327832
0.31838950004156	0.304295572795736
-0.109425615412849	0.0700976882488177
0.619686158931852	0.729196958411366
-0.140383155813441	0.148241768953599
-0.126223716407875	0.114979328886839
0.0158632973279455	0.014220535320777
0.237367131932718	0.210153210029513
-0.473610347711154	0.579738637037093
0.0486778021013466	0.0460048116378065
0.775105962113306	1.00611414029205
0.239125369897794	0.220828749234414
0.286243506778553	0.314490450791244
0.548834114900081	0.394466151615983
-0.59476958648506	0.217204380774862
-0.458629752077938	0.334327102933139
-1.03936155323439	0.49224527888763
-0.114000125924317	0.0508764488549319
1.26482992697402	0.551451387665716
1.84384666524435	1.4867893644281
-2.03899932904518	1.42314172950994
0.104882968493475	0.0585908003118344
-0.171250273576391	0.14871859446164
0.236433061935757	0.221669948109798
-0.556806426854594	0.534870209636958
-0.093240839835795	0.0619973750506505
0.657707653920415	0.590446233856319
0.510798296981081	0.469581066488643
0.0332044775578865	0.0266449746018489
0.303863194313316	0.316422905923888
0.0186297384610135	0.0167344038207906
-0.0729084886568205	0.0636100957878525
-0.168020641213542	0.165867419150449
-1.95748712488089	2.41068056644204
-0.523527137411647	0.542305855831851
-0.419871713874334	0.435792566110087
-0.0160481947270255	0.0130130398413731
0.23497648386278	0.194381817395444
0.236705320224458	0.2252559478843
0.0475122338646424	0.0323582247090537
0.235836106178165	0.212689230524836
0.0470822176961863	0.0318531713972023
-0.644699007144282	0.688731164418901
-0.200127731955285	0.193609948729011
0.10602068642452	0.0893727055443987
0.788900318783071	0.980453158280524
-0.676099704594763	0.550557558041144
0.0589670130659427	0.042202695569916
-0.637119869786118	0.693930897391872
0.388980366829938	0.388894176963663
0.236102667945707	0.229573924317298
0.459022180095408	0.36742299969274
0.116795855010392	0.0737654470832008
-0.565715718850236	0.578120030311465
1.06503402719685	1.37857714140916
0.306973458984613	0.285570586137481
0.430283617113792	0.639593261473687
0.305716280095226	0.40224590325929
0.393040536918167	0.491758550346861
0.198661147658354	0.257968395342229
0.00141330547133328	0.00144098657166338
0.276173384593542	0.289623347351383
0.126447378666015	0.127178246665217
-0.288460917411577	0.288675762273178
-0.166412273419605	0.163601794732037
0.129139119031183	0.131766972743429
-0.219589981101384	0.244302784408144
0.078644898379047	0.0608256835656807
-0.424937069510512	0.512269210082363
-0.642830057797811	0.833717268831179
-0.444389274337133	0.548404660107662
1.01301208158023	1.62819199815835
0.832828305479545	1.54473953183189
-0.511248353389455	0.696902817660964
0.859426663859475	1.32770278592873
-0.992834559250335	1.60779529723602
0.52605174924094	0.594685588407391
-0.289237758116599	0.290002056874941
0.0266467118078186	0.0225807791214091
0.60158286789335	0.794671962461493
-0.484280634951024	0.501693262786721
-0.281108128480803	0.288715454055937
0.115805825329821	0.107907880946569
0.0481684392573511	0.0413961654371043
0.250549166182475	0.319449927429757
0.111203210198019	0.128718807835623
0.00839992101403576	0.00778193895495328
0.582912199751096	0.851022726008927
-0.151267021945001	0.135761858672306
0.00992768287938776	0.00872461771148653
0.776145305690453	1.2414022009549
0.170654360778635	0.155344719988884
0.639422033741416	0.790328849486763
0.0616952462376272	0.0643927070632137
0.489963402660564	0.782156822635862
0.726481938970665	0.411822025178198
1.04136525962279	0.72947709706684
0.50144730322289	0.369149086361826
-0.848222406551893	0.569079657192108
0.258877451605659	0.146503882949899
0.413374630553447	0.271026556616832
-0.18248790338968	0.105787976420724
0.264107713779766	0.154749174316458
0.228881535967627	0.257915848552972
-0.807676999850574	1.03757668090973
1.14063378004715	1.79143970635565
-0.385779720793905	0.261701757634102
0.0279234869439302	0.0182352035000798
-0.755760479352006	0.898162038616231
-0.0523970731490538	0.039764621050704
0.280607177332588	0.318869949767501
0.0520739494624611	0.0491138464498564
0.0440350785030133	0.0422216375928939
-1.1857313703665	1.60350339139732
0.155644224584455	0.128019308038036
0.164843073868361	0.151011751489753
-0.400150387714378	0.56681873316345
-0.0817958193628687	0.0686066954443178
0.12831172935346	0.112416149137208
0.166727697625281	0.161303979043368
0.127014474988286	0.122175222395406
0.574073927200244	0.708933183310467
-0.346144263596214	0.338719624534292
-0.282598822764217	0.264524293338383
-0.539366272085692	0.627004928142959
-0.297444554178341	0.287943438494963
-0.478479641769625	0.606835666081879
0.433429843445252	0.488121899247735
0.0322702465151544	0.0250867082048161
0.891533756012617	1.44921318355857
0.300885635905331	0.302387345728124
0.955762278645898	1.397012801961
0.0811896388884115	0.0642479316166983
0.101935115202927	0.0854240342008836
0.239346032523916	0.247100641740609
0.241745199867101	0.274264774494017
0.189012034139605	0.217998699440478
1.03599713444651	1.77492904591737
-0.138212516490699	0.137932733161378
-0.50930390773528	0.664723388060521
-0.82171812476369	1.03541347052712
-0.640274976844754	0.730705614653549
-0.443514848578776	0.575304375824627
-0.256751984202016	0.234622177585422
-0.423446978435004	0.522658993344884
0.996984892316001	1.45134310042182
0.389771240162973	0.380783726823269
0.229900784413284	0.23892208470257
-0.694377027887167	1.04591963387818
0.290428886862586	0.330197692528692
0.63407797362438	0.728849848699047
-0.0810788403786571	0.069115759849132
-0.335086842087836	0.35104739248935
0.54176000274397	0.770836963261362
0.392309867333947	0.478450699205539
0.0941488769541302	0.0985521380969283
0.180312850461607	0.183711587154151
-0.00746840782681054	0.0061019148691381
-0.17886363676696	0.174976124158593
0.168266811350544	0.173800846428636
-0.11538179930375	0.112017363881502
-0.0954583981031057	0.0806347976070197
-0.014554469779323	0.0132898021223145
0.237553382507079	0.197562453436837
0.236814996928664	0.16312681925959
-0.0427019944662029	0.0283807802612886
0.0934107811312751	0.0411542381291939
0.0513774034662531	0.0504920049915482
-0.00047426608081625	0.000372563673205566
0.254357883367093	0.344314467093819
0.843922524018092	0.450507601829713
0.75828029789721	0.316734631740958
-0.398809556423235	0.120190602946701
0.33717125413291	0.146925263554219
-0.208555149753553	0.0789780098782792
0.981004487224491	0.367912994641585
0.762103935148928	0.328952881693488
0.237606336807859	0.214507624827324
-0.0234011433484442	0.0188214023180866
0.128193425979904	0.0897483712042341
1.56980789293273	1.08244452348125
-0.833624021940457	0.388512429406739
0.339053908504813	0.283112942524476
-0.519969549445346	0.356525330006657
-0.276930318416327	0.2407886434377
-0.104778734317527	0.105270562061088
-0.15957682832908	0.132323923865036
0.27580228255859	0.144746472304095
0.604070049570247	0.626401607158239
0.358335525787427	0.275189276197761
0.0486111545870906	0.0431566382589713
-0.0454558300732934	0.040769997097129
0.904813436380607	1.1925878862417
0.236963279112006	0.23464068192099
-0.374761472175266	0.390949002476522
0.437202747613565	0.394436155866018
0.0830150937747345	0.0642663187927452
-0.698211767744692	0.704397443041161
0.235848830054912	0.197315922501632
1.19659584798248	1.89407484019479
-0.518836805649098	0.519222149735174
-0.719710308173653	0.991867960020624
1.38530220295023	2.28206826464029
-0.0258971750580104	0.0184326042786242
0.542504882429356	0.503085463422335
0.00940758975246919	0.00566845331761752
1.278465328515	1.28613065843024
-0.0329912039875803	0.0264442494902683
0.608991957614488	0.810756399682977
0.415103960194099	0.469948013279817
0.314695494932882	0.316453326209124
-0.122364673050509	0.0913836266160542
0.0901824315494656	0.0744884368515199
0.050155176609241	0.0418841505609537
0.549788509923156	0.508798736407374
-0.19257235076188	0.136370484237397
0.514530230206112	0.672165163885515
0.784957056592721	1.06917688019769
0.785240019618001	0.794878304967488
0.742504457387505	0.649383754147138
-0.965307113038088	1.41759495583527
0.119577173654786	0.0784276291554202
0.878225272405758	0.943110713094673
-0.156643166310485	0.142612833315406
-0.763679196263461	0.667952238147488
0.733720067458066	1.02518099302555
-0.482977369103944	0.495146972066037
0.0646013087798654	0.0478609221440941
0.367004512003817	0.379189851612892
0.799933124438447	1.00776614393302
0.159215919867676	0.132463329060598
-0.647530565761426	0.741497481490124
0.59636601958081	0.609846058334665
-0.00560808936817274	0.00397460212964406
0.441520533133779	0.386922036047015
-0.152238386304689	0.114176999890625
0.240012864433362	0.197227766924664
0.387120529047407	0.26865793228502
0.185435252325606	0.182839284717702
0.320976008223849	0.291943418741698
0.0400133919558174	0.0313013925627983
-0.158045522996259	0.0640965862136334
-1.03881161737441	0.54422365098043
0.123159074419786	0.0311724352253345
0.0894481958393896	0.0343787598115402
0.61962621063934	0.201522244647387
0.622896136022272	0.196980514178802
0.469136296865746	0.166760626514399
1.72932526656249	0.895939684664877
0.618073101920439	0.196825091913243
0.782640160320027	0.978357640724165
-0.598833097674143	0.682425525671331
-0.0381739099190277	0.0208027659987089
-0.369075706410768	0.171871041972531
0.542105530659977	0.274115003997134
-0.663917109494234	0.562834290514567
-0.644035627575813	0.472613727695205
-0.50906568498935	0.626459288229818
0.57654764251768	0.673237988513476
0.00244056585593258	0.0017666287575963
-0.10469568391406	0.0861182796874834
1.47403477306752	1.18277077561475
-0.543028867829551	0.294428023343174
0.0302563246966331	0.0240389637030054
0.232026588080894	0.240006727407661
0.0552753459391423	0.039426018353973
0.103781531159045	0.0565349779805808
1.35677165608813	1.57632219481598
0.356950725033166	0.272487915642195
0.493991883373058	0.482175491372641
0.542469938106908	0.378627211483892
0.109700202941821	0.0646589986516209
0.786942298844271	0.687857176900495
-0.115872321133816	0.076169192320843
0.32977847812245	0.284291580105231
-0.312529900284616	0.270594494837263
-0.158776574830427	0.117322358522314
0.246378028151637	0.151535046028568
-0.450085622921933	0.363794072407364
0.726654795367939	0.419637340838754
0.0441176483932422	0.029519527663844
-0.639221981464417	0.479615406259221
0.0734835218738574	0.0539620008871755
0.545124416607565	0.609331036371813
0.564112468350934	0.496994685674887
0.596894706367858	0.407213982802003
1.00977556519059	1.36883167444648
0.333956785006816	0.277573417543726
1.06210195341759	1.41819597803098
0.387726415122474	0.3985014052895
0.731563370113866	0.554639789129222
0.0180744881584255	0.0109727768718458
0.331703352453457	0.305978867017828
1.03929978842468	1.23204848554479
0.871926925503052	0.941523284432744
0.554992406461744	0.397807594762589
0.901934046559738	0.827663076847374
-0.110828880353585	0.0713540039336251
1.35580823395602	1.60935113296026
1.86428036462326	3.54310201473178
-0.338328022644621	0.214542977830066
0.11469474067829	0.074504892529763
0.488695662736211	0.387749873077266
0.243404675127803	0.185252254143636
-0.251667643663852	0.173837839020661
-0.958169665174167	1.13612966739469
1.2618322576731	1.35417105276505
0.375009475788507	0.275415509565838
0.119909208155161	0.0778357282257081
1.04077402556502	1.25662325715779
0.357381542493401	0.250396467039201
-0.847380350501649	0.800131883154773
0.369117433142748	0.27619808298381
0.592304831284984	0.405704827580971
0.786784251420505	0.8177079328752
0.0244958589187002	0.0161221399019874
1.16546575213242	1.05991547332762
0.447619546848883	0.378752930028738
0.868803469815771	0.908503209601659
-0.404927497955946	0.293504805229633
-0.279431938057592	0.231008356307899
1.35885097980921	1.66296574256372
-0.0206448772705227	0.011785075200496
0.0877512532021037	0.0398084841477374
0.0656164726863282	0.0489593421031254
0.39054651327103	0.393003845785922
0.835215741297444	0.798736364638141
0.118291797634716	0.0744922229742339
0.233247395597293	0.189096844848993
0.36950530161617	0.365639686373593
0.65831959046807	0.403286185019251
-0.604425696303031	0.388342299628706
-0.829847080430735	0.372347219430154
-1.01045573914154	0.645207537661278
0.0983117751238006	0.0464717706189118
-2.03607859482019	1.41089873871078
-0.120179141239869	0.0539347378396735
1.40405690622373	0.861846023005104
0.340670324550731	0.286150565845927
0.387575754312083	0.400426005415356
0.789614207198845	0.791672173309
-0.636407232579899	0.444257529822147
-0.347092007817739	0.254427632729235
0.74855244219155	0.856089406296338
-0.0389348716860328	0.0314119525943933
-0.401825987201292	0.294770598266502
0.65959388845558	0.647588881039239
1.02348400473713	1.1427874413225
-0.056996775614463	0.0382859851503755
0.335553762398325	0.263552378399871
-0.119320408420741	0.075312933319407
0.691338917352816	0.632635645226308
0.0234654588285733	0.0151591131462694
0.255795573319369	0.159311289797306
0.110045101047596	0.0664290545630967
-0.0262064102676225	0.0185361564644136
1.26546557888166	1.32795120244369
0.890247604301286	0.826626619667271
0.0910997847332819	0.0420473167073283
0.840513617039729	0.938607450734558
0.353130370272656	0.27417067192943
-0.386656452207989	0.235339454893787
0.406083941120404	0.26374203865043
0.791051127709965	0.695067156512785
1.55945632057247	1.86895359249586
0.096683117207686	0.0488458206418653
0.439169882358168	0.358903785406999
-0.944452322255276	0.85398311974701
0.308365208720038	0.152020789201734
0.929276119855803	0.717090196704244
0.41140510372948	0.264016913546442
-0.25539667405189	0.174724361755868
0.650490100530485	0.400801084617575
0.128156458894559	0.0899613420843258
0.334616982062541	0.254295740159443
0.544552826975639	0.514453110031888
1.13683252387524	1.47083279156057
0.094745776327061	0.0514121863958631
-0.025992774313163	0.0147958130031932
-0.384027468565485	0.374399281732807
-0.633232030162194	0.661459057987941
-0.0301508504107699	0.0167098555114046
0.257182747460255	0.158972638612861
-0.213321036157068	0.153531923308564
-0.648041288227427	0.473786068968056
0.663834410235924	0.761032139322553
0.648584503111166	0.718259031300694
1.56753702286291	1.06207558747328
-0.0865093409553543	0.0573543618313813
0.395776066076173	0.271417825483476
-0.309232843478224	0.225038407661388
-0.766953227228966	0.800532136806269
0.142136676764279	0.0994549243491635
-0.13279508650307	0.0987350256975928
0.109303093154731	0.0674709514557978
1.74040948100086	2.65592384850469
0.491047185622974	0.268791074932667
0.782417229730553	0.685941625882538
0.0995601274706323	0.0533144508335965
0.118425139610199	0.0790996958256595
0.692970701081049	0.647042400674938
0.226001293264676	0.151133061223346
0.102606653018146	0.0617950579771622
1.56962258954324	2.29806688148645
0.337005397415731	0.272734445914757
1.18240164431991	1.43528476774567
0.105991163413543	0.0635850593036947
0.795268894037463	0.90349477461514
-0.445180710515773	0.358417360563377
-0.854250169291861	0.745848034934314
0.512486511136079	0.473482230077117
0.428474617629642	0.3655840444475
0.982228550383154	1.23575798323598
-0.0184489796738215	0.0131021450711113
0.109646283617992	0.0658095606202135
-0.281712242141137	0.0947752534596695
-0.604359146087255	0.375773918541282
1.03373823278399	0.598419238965201
0.109924135785912	0.0594686470493569
0.493962987038254	0.258312552345509
0.410036005296595	0.256690325056744
0.991284673841288	0.968160893125885
0.898631651986397	0.596757989383597
0.0634395410469796	0.0464846687736207
0.729829753881616	0.633612497956651
-0.262287057743176	0.206277131108398
0.124431825295203	0.08227336735512
-0.0524378587724477	0.0364826149845426
-0.159601578003566	0.13802160922533
0.552348629983805	0.615090535921667
-0.269253501252895	0.201715939357071
0.663892383164245	0.632260900581229
0.632015244792235	0.538232285825389
-0.24064693529631	0.185890714443587
0.239978197777412	0.171483765082547
0.0310346472991676	0.0203642198992306
0.782928112250829	0.801033373974345
0.336642501875774	0.273478184693753
0.252825039035021	0.159431251295801
0.384269008793323	0.260742682946142
0.344889722284233	0.280077526074366
-0.0870956217631547	0.0558908005847792
-0.208292732488017	0.164337769347825
1.17561934417555	0.959224633434023
0.590064351820436	0.412773459414806
0.121204966458982	0.0792652302109957
-0.211055650912585	0.123712402775384
0.258301915558253	0.145585722667926
0.735077910309089	0.663641365579289
-0.858921445812471	0.686717132041338
0.263725109530402	0.154687977277998
0.242008718516481	0.192840303747805
-0.0638969226630071	0.0340816686858392
0.112372581426715	0.0655125840466542
0.126747960029553	0.0833228399000865
0.373087748705922	0.276512005858651
0.369769298821415	0.267457541132906
0.368801119624642	0.267056828154003
0.797762494620488	0.551333199350042
0.515357801265982	0.395449185805341
0.255374143676843	0.158849322863759
0.0953076989827042	0.0518878884091295
-0.0710414329760765	0.0462665857624024
0.0435069506047941	0.0370150318548321
1.09362792757987	1.69909755215991
0.0938545140658217	0.0352554095431644
0.543630756510246	0.279373153766967
0.371889131532366	0.273530112713115
0.304413530952149	0.144488425842189
-0.0854009642027451	0.072268266362042
0.228710237340233	0.211760832086662
0.894524624065274	0.58365167454388
0.0937087769679686	0.0360218744711359
0.0989406136897116	0.0414894541156256
0.272331157668407	0.143812959237799
-0.116205129302087	0.0763421184414664
-0.124192850125335	0.103061515634157
1.72268820360323	1.24104743517612
0.262460844358336	0.148830163781335
-0.120400454070837	0.0541997710027249
0.894898599459745	0.553386018673441
0.238857355475722	0.168424820699441
0.105417169360707	0.0587888765605184
0.436266972362387	0.256571481026939
0.486368203808261	0.272072282599384
0.487148158180192	0.272777920415663
0.372657649786019	0.400631146924223
0.0561075942291254	0.0493390799216934
0.243917954133391	0.202472705905376
0.235774647330067	0.211535372738515
0.0941910807664203	0.0748967655460108
0.951699933219716	1.41489151671844
-0.454659430134566	0.318239364496334
0.158848923452354	0.128246598609808
0.145683043871214	0.111913053406508
0.0571273326491991	0.0500774726978889
0.325475991094539	0.266946103998126
0.0987072289993318	0.0460216597464104
0.327161165580777	0.28207000210989
0.685029289511629	0.617331375996145
0.921987164487272	0.880196116038184
-0.12566491242463	0.114926592654375
0.411848386023782	0.395156139072924
1.26144062899424	1.92892121931
1.04461866330313	1.17882075848268
0.241152565648832	0.17248502901798
0.240780310756506	0.157844655011203
0.602458793236816	0.624781244470129
-0.0464109499882447	0.0316242447943462
0.349811517325687	0.3855095296302
-0.270773145077401	0.329315529555078
-0.101395589416179	0.0926943204286192
-0.274873838070827	0.27231822941163
0.520512181317996	0.49451660156526
-0.187782724317898	0.13757621724732
-2.5049568066093	2.28950276536599
1.07978365072082	1.05535598518366
-0.17882192662723	0.108742808307974
0.386412931887904	0.484744536739618
0.231079729073591	0.205675922684957
-0.137506066421972	0.0866791657684419
-1.21848991558645	0.697492283418583
-0.340241255909951	0.221109618061447
-0.217750664001796	0.186779372027909
-0.523044001925094	0.343452937381603
0.28065796096801	0.152129216807004
-1.00471024913502	0.637001941905086
-0.257184759125297	0.217776263098549
-0.0240000415598151	0.0140142708253482
0.652255721497413	0.406213488586904
-0.208463491210572	0.0797823684807007
2.50835585333778	1.34233994063333
-0.0384356312287313	0.0203916224339308
0.657928387610136	0.382442936019617
-0.077772053160497	0.0586676159350616
0.0143532735879067	0.00873665612978537
0.0734398665218899	0.0530992044631968
-0.0656499798789463	0.0341190808572664
-0.645586245230197	0.47141905518122
0.433230590798305	0.388562351732621
0.720119345561171	0.835149886365674
0.236754827330532	0.237426734141117
0.29892485570239	0.306488840462349
-0.690143938075973	0.759700346396301
0.144530278091734	0.109977086544633
-0.115218431046077	0.0763375360598328
0.353177352807069	0.269458836367469
0.68940331739913	0.750225150433854
0.530695966843363	0.611561817117298
0.711566779032299	0.74794746345195
-0.0883889669685839	0.0583774617683862
0.112198895308743	0.0667459309308091
0.129388845282846	0.0890338232999663
0.320833274092817	0.295122291633243
-0.387439529376319	0.347786088791772
0.0873689970678398	0.0702302886090502
0.35441250254454	0.268461236422497
0.624361098870605	0.596967438718318
-0.600094299034782	0.516759388724761
1.07010270273262	1.03700676554161
0.433163069438348	0.383686747778184
0.959095053032548	0.857189382675047
0.342539850838267	0.283866094154216
0.237768142842755	0.153326509529675
-0.637163983484968	0.640428378722727
0.24426542477597	0.212194523872503
0.105996542921361	0.0609771813215893
0.0593527634521895	0.0421817399823224
-0.247728966724786	0.170977812497935
-0.517681073057232	0.336241443548699
0.240339717732565	0.16760795219839
0.248039790674723	0.163615651935657
0.229006316565516	0.197111575534377
-0.137816844868425	0.0879553943851308
0.753055285353353	0.878601169754134
0.96287956967385	1.32139872875059
0.443096073654437	0.488150977972707
-0.805335957054477	1.08700357490043
0.124248528089756	0.0859320351677656
0.120820462489526	0.0821930315517535
-0.0672260764577365	0.0528694237051306
0.578541858981357	0.611394129087659
0.00929207364507614	0.00583616940035392
-0.0217962772074791	0.017205021862198
0.323658593876084	0.305529282405635
0.755866411163867	0.752847216364847
0.174246194865942	0.14884996142696
0.165311053367252	0.144379541535632
-0.349815365793257	0.349025552033081
0.966141596454996	0.870765730301935
0.051995303235109	0.0363982188603265
-0.144432017036646	0.129826193065641
-0.855426702379862	1.23884276971526
1.37505212348258	2.29284583889803
0.13102448138665	0.0934058064232025
0.451743958797155	0.375355323064832
-0.112143996391204	0.0737368350193268
1.05282461926517	0.897412473481247
0.108503130234706	0.0628908827879718
-0.128361588295196	0.117325339251073
-0.554962906295709	0.644203111704735
-0.639535606107091	0.726199877060434
-1.16483946661257	1.40186061380842
0.34603565233148	0.282240319614183
-0.476533096005734	0.428550432241922
-0.144387630772797	0.0920061246661886
0.162765280779794	0.139575299589967
-0.34436587176032	0.222198451676352
-0.923342627288749	0.9494240363604
0.0452122008128198	0.0373695804529682
1.66917617523501	3.02132633354125
-0.305924311210794	0.239779640947462
-0.303166549104862	0.228046205096814
0.3763729001467	0.247974572168403
0.556069342878902	0.598633387603743
0.399773005856785	0.382043178727972
0.22998275862803	0.16278659773935
-0.84857413497594	0.825510168505599
0.137100212466779	0.100123702774325
0.46876644483004	0.392991357129247
0.246030050782868	0.190901437238488
-0.065602984648132	0.0337538019932205
-0.851558943746552	0.818625650633857
0.554429973474186	0.490645910869066
-0.16811754061321	0.0991334510563889
-0.599150727326012	0.378378280642651
-0.302260583043086	0.220715767122598
-0.111277389572487	0.0490573069230054
-0.950514291492029	0.903553383582537
-0.343860651239825	0.218327523564855
0.51375192177698	0.483863383123885
0.345415270276231	0.264031769034925
0.651273084225874	0.629243607299214
0.0930167268826288	0.03983105190661
0.0257437309888994	0.016531307512036
0.668198037503365	0.811771744576031
0.551342322729851	0.708070015212545
0.934919916226875	0.736435596471353
1.07619985285934	1.0585127116435
-0.210479447736212	0.147886280420348
-0.751691358537523	0.590081152653582
-0.0652676981076395	0.0508645993689661
1.62342503344635	2.42953294151779
0.927874946035898	0.72100959703896
0.105417169360707	0.0587888765605184
0.0740932946762494	0.0561516354459774
0.853830623769586	0.705316891574135
0.510419910047645	0.385519133912702
-0.218651232608623	0.19178965991723
-0.172901991536096	0.105911591182621
-0.0497629637134162	0.0269606920060322
0.470584637350676	0.385476854949339
-0.448442844308147	0.313793707069019
0.723957414231698	0.534299610027638
1.18526102817526	1.30964880462726
-0.214686100948434	0.148168305599052
0.831538779616607	0.9149266638425
-0.110379761657019	0.0702788802295496
-0.247234164766494	0.16734127062067
0.49046543397497	0.27302136814778
1.0877051430835	1.21708941066027
0.0226383690432621	0.0145809396588999
0.40193764467033	0.385386990364078
0.946184638255228	1.19810213877775
0.449152189037968	0.487142936791562
0.231991915532576	0.190761553743079
0.48776687924887	0.484646143835519
-1.17434030565085	1.52947661529152
-0.541902481574047	0.590099190468985
-0.0823946730337719	0.0705480330565371
-0.0912719806178645	0.0612099159290931
0.336413535253675	0.265798567528149
-0.592663825745048	0.584541976734686
-0.058700128098643	0.0461597288304098
-0.235893852598289	0.198639503194444
-0.0641737060098912	0.0434735246442428
-0.694043593745808	0.751070208014796
-0.265807723771769	0.209709211648182
0.24174973179927	0.198004384321938
0.397337822525217	0.401873174401355
0.499189941322432	0.411869526265033
-0.137290650185383	0.0856860438191071
0.109958693047015	0.0645758537195205
0.134306980761002	0.094575373269695
0.784751666443127	0.783147425740685
0.695120825711538	0.632046202503305
0.401047984059479	0.396799578464933
1.32924111258371	1.95166944673466
-0.123238266583258	0.110580323160377
-0.23179361893	0.214145277022163
0.244924157718007	0.240535469890484
-0.135522280825746	0.100363133612375
0.990121717904517	0.977213981252575
-0.612242233689891	0.578842156568273
0.0690209142647249	0.0513231997023424
0.633993739383381	0.620202542638942
0.707332321407382	0.869052102887459
0.371722847532355	0.268032606495925
0.652470663984346	0.638041737859809
0.556417764719167	0.394150915036115
-0.403215706115328	0.295592381583696
-2.00003668756274	1.84002802309147
-0.109298800974367	0.0704785084894044
0.0984258542406159	0.0527867150192469
0.328842647487512	0.270597646428374
-0.497394814568084	0.393313873068885
-0.149848460869215	0.0928121169221113
-0.836757989140215	0.912046552149113
0.00964783014345123	0.00592213397309505
0.408313270953464	0.260899285932808
0.407482858452399	0.261372376251543
0.357633647891716	0.276798039753133
-0.647203373522706	0.475354609919601
0.357798152397337	0.261700823385727
0.408070764511432	0.259597062454335
1.05315852300284	0.903291478416958
0.831275708974468	0.796265505224731
-0.304020013603999	0.156479961506362
1.27200213242619	1.23864449799029
0.495450048869718	0.573555735846947
0.63455604051282	0.646535722768078
-0.0951481119960643	0.0444856966308539
-0.452101661276579	0.325003986434895
-0.356225977063941	0.161186612072975
0.0953723524473353	0.0442569270265939
-0.0938703069538162	0.062030716241796
-0.262584639704076	0.175798799587878
-0.113814625938539	0.0510646736981961
0.829597746546958	0.811861859380029
0.59333650761288	0.399994092987809
0.101499588408771	0.0573674455744748
0.270038773353019	0.153891455996509
-0.315617076054843	0.293278103715405
0.802861558581975	0.569364557748047
1.4734455234946	1.21898130639237
-0.0604896394540647	0.03169769077491
0.900125086764387	0.575657743487358
-0.338019690105637	0.225329325139947
0.279363228709129	0.149616510317391
0.0984258542406159	0.0527867150192469
0.549136358643581	0.394894192684319
0.0936432027462196	0.0508268919842256
0.385148905717655	0.154698509416655
-0.519923856898481	0.342268597430344
0.825371041031744	0.789539509808555
-0.176265557011829	0.124714237926673
-0.0283394733444306	0.0225730306414575
0.605474444329914	0.807721350310929
0.131703501692143	0.0917736284680682
-0.755860138190561	0.986525033815113
0.666628729645476	0.82970167879337
0.651729347070353	0.830646188326375
0.105837875892097	0.0899123796684005
-0.0225953045208794	0.0178511012240566
-0.754567626728373	0.631251962095162
-0.0525174787309669	0.0357800544760228
0.345748710187531	0.280840894126383
-0.378057099087417	0.401796665061577
0.0470943036637778	0.0335163238106045
-0.35245373544877	0.29437143746634
-0.0260918067543068	0.0202749035390802
0.573080815755428	0.510326974744069
-0.153228317256983	0.0637158762082508
-0.407836580392678	0.420850582380342
0.592182308941565	0.588458020973215
0.670625708067181	0.535060972918997
0.0999549916313839	0.0494651897794145
-0.0104682795012633	0.00749908873035099
1.05878584324396	0.882673791983459
0.387938966872499	0.260157832140174
0.397482447292521	0.365733443252847
1.95838308976339	0.512785793969077
0.096838286280458	0.0804354707587281
-0.121385045530666	0.106786218265864
-0.0144494981189561	0.0130789921460677
0.464715267852975	0.392429694733257
0.835497430295514	0.784009644337325
-0.140315324616657	0.0863441178472121
0.802435869157597	0.571750978178944
-0.553192943305539	0.528853917875563
-0.93085376145872	0.908426055973869
-0.650587492415618	0.777054312075062
0.025538290031647	0.0164121691469512
-0.00734389945637699	0.00420273712752153
0.75845105661558	0.326919841231667
0.380030978149434	0.256338036217992
-0.292255874047635	0.191456527565431
0.894524624065274	0.58365167454388
-0.118764919649795	0.0538244397704568
-0.106337672942696	0.0678465762576245
-1.26615942808425	1.5112781968634
0.00377805654091078	0.00206454100923135
0.243205796882777	0.166568321118032
0.088970809542526	0.0343502930519553
-0.268799184225739	0.209876017155343
0.22318850797328	0.173419674197933
-0.254138667209904	0.174041294850806
0.0914594341151662	0.0416823396613988
-0.363854619109054	0.164054912603772
-0.546362877061438	0.501138760308579
0.0220837353903199	0.0169442522016716
2.69253360449441	1.6283718757258
-0.706110933890514	0.432560291400147
2.68359107595945	1.61238313183186
-0.453888371858505	0.201097824917303
0.336066306438577	0.263004818205286
-1.1627760850508	1.13699290856035
0.097111391524782	0.0292139208575234
1.51369559521916	0.783489526927895
-0.116645513324199	0.0749908933320824
0.278158598060298	0.146419923982031
-0.733997903765186	0.504217613686586
1.06551669471242	1.36674030676989
-0.0592010150744311	0.0302882375312113
-1.00229555777196	0.606446898896897
0.549534347295363	0.403878168187077
-0.709445306045673	0.43884321545852
0.4894744094805	0.265274155288708
-0.119220178928786	0.0537947124255696
0.405253921843217	0.261841093757035
-0.0423024504558424	0.0237938734167654
0.487148158180192	0.272777920415663
0.341427861123405	0.282822602590854
-0.0633912633551097	0.0436865213354619
-0.250066401012153	0.23661590186567
-0.0261987962950369	0.0150864175278935
-0.535475133142603	0.456370647587508
-0.206524311012065	0.159458348114124
-0.193119138124253	0.195724188358358
0.168900123008686	0.134713454434226
-0.138646738667034	0.11507502622838
0.025672448761109	0.0168760616804623
0.238818296307431	0.186447093022565
-0.147405604995172	0.120743301168169
0.384593385448656	0.483553262850105
-0.401314902614659	0.285586027168683
0.0902896243668177	0.0372197588773498
1.46774927207493	1.64089859075232
0.728990193707623	0.632975467996335
0.101216993688614	0.0550902850235972
0.579862691632686	0.612271437646836
0.421427497459094	0.38650817567086
1.96048854087427	0.506380448177604
1.18135074009956	1.50189311324216
0.60696595580406	0.802623100603967
-0.114920632957489	0.097452839477773
0.22872848237532	0.172371075479677
-0.72906591497406	1.02474689625818
-0.0476268397650106	0.0465166658666274
1.02719505998153	0.621719070312982
0.0906738691570436	0.0330770736992222
-0.35844782637602	0.298268219646673
0.0724631992665857	0.0530500333656966
0.323445659807464	0.299713048770619
0.385327222079212	0.400824694502065
1.03919103931665	0.749442353526162
0.0894959239584534	0.0307270486502312
1.21396944405074	0.661924725387155
-1.78153459420542	1.52405528784316
0.463852633826634	0.392477872641394
0.10286776373894	0.0562374811040821
0.894524624065274	0.58365167454388
0.355286316925238	0.265883857387012
0.35389945293421	0.260316244918614
0.513678559923828	0.402012950698226
0.486368203808261	0.272072282599384
2.69349424741633	2.80329738625861
0.130324099363266	0.0839043103671971
0.342235868067115	0.276757286803409
0.631104771729687	0.498668279488857
0.518158203996567	0.382651188257453
0.335366728792092	0.150529664541535
0.723387118471248	0.540323654455715
0.0022953752264269	0.00125619441944106
0.80482392533012	0.566214335355532
-2.03422604123236	1.38015528798771
0.48988947144517	0.278826498460718
-0.214171737966953	0.147291040157839
0.570771605225676	0.509304567101771
-0.453272973823073	0.200410674346318
1.9026448430988	1.17676256977862
0.336569961502234	0.150204927931877
0.467783269181926	0.16619752731661
0.739081683053562	0.881786336362679
-0.400081796708333	0.320540309896944
-0.830669498194514	0.376845490895016
-1.14833101564683	0.7626103419541
0.0854810106465792	0.0288176932390503
0.0962911182505424	0.0486140364372485
0.548413099088694	0.279915304231662
0.0212516981044	0.0161543742941285
0.849098114276771	0.701411910812958
-1.21729828255385	0.706696854466365
-0.210784581018711	0.122225557201796
0.0859142918644991	0.0352122528098393
0.845451890622629	0.445094204828488
-1.0424541194217	0.550317353680954
0.635183300547821	0.292874576806633
0.902702773994776	0.591561520600884
0.485399164911711	0.265623086122899
1.02392864452402	0.608245611538033
-0.120534055225603	0.0901214783641569
0.0602338583572104	0.0425753184773151
0.333766288854125	0.274978313422242
-0.508803982829371	0.578160549477642
0.830582265418427	1.03527042365634
0.657090764068374	0.701047579272477
0.77029496554284	0.874410572373243
0.0302747351910907	0.0230147702146358
1.06034805490269	0.893400760172983
0.331094350152113	0.287805078842103
0.408235758343709	0.391354269780026
-0.175967323448986	0.15823956914304
0.235998740020589	0.165028247747361
0.585779688275113	0.487738807470045
0.355310985605815	0.277639444518695
0.246952182849924	0.152813829683912
0.259641716786394	0.159847130464904
0.837982563950098	0.83401666585095
0.342910851004677	0.271101106480477
0.108026000750692	0.0944162869699104
0.134932860803877	0.0986969536022812
0.40205763064796	0.388245617598724
-0.243651404087051	0.192373268950387
-0.107301660091446	0.0981370208672315
-0.2491503706705	0.13580112756294
0.258349787859899	0.151466805323094
0.112137596772756	0.0685977832609114
0.0100610377203753	0.0072458370329379
-0.668791457505967	0.574173632917328
0.0311650509829785	0.0202043709422534
0.303411028067729	0.149083477570242
1.26962405526206	0.557810840104493
-0.209589011088825	0.0788469528921384
-0.0198670079966589	0.0108842936088412
0.236528458159854	0.165691965338498
0.520189703089105	0.380293326079614
1.26406957989324	0.55227187092237
0.412749408426109	0.256032121251678
0.760816635892608	0.30622455053755
1.04126923550154	0.776568418601897
0.0969189054918894	0.0485950798637362
0.357976076293642	0.274636801744411
0.508980262573581	0.396672558513765
0.0883602502396433	0.0440348110407592
0.728366694163522	0.418813855860239
1.90419509070457	1.16007308605705
1.84426590658907	1.54430707593796
0.390502850675347	0.268599273292508
0.542867730513728	0.277736292769951
0.273446537585627	0.140251193822688
-0.0352719271743205	0.0239547042090579
0.533999725764365	0.497199735504977
1.18087750342335	0.952567387648679
0.103285442253107	0.0302841025552511
0.0942113193263911	0.0445921358887619
-0.110009161043547	0.0486224540927657
1.17429213681727	1.09515801102209
0.900168707463829	0.863538173072346
0.392061739774886	0.154958751568619
0.0887804004040245	0.0307215196457276
-0.367559436629383	0.176589290216707
0.315120164740189	0.147025232528708
0.0941117103469683	0.0303113519181433
0.0339605420622189	0.0226293852756307
-1.88990957801093	1.12245865249142
2.29694827352761	1.16099169532424
0.646244410632913	0.408571635229583
-0.781121531557005	0.284194447493873
0.392061739774886	0.154958751568619
0.0854810106465792	0.0288176932390503
0.540304355450067	0.565949003320549
-0.0878885918286712	0.0578617166054434
-0.599973899868343	0.510992338874676
0.410900591537717	0.397726982374007
0.245124952233917	0.218599969184783
-0.394414568451892	0.241088478300931
0.662153899531526	0.635884376984397
0.862957203836879	1.14104724733332
-0.0295930409466362	0.0233661426815737
0.116789381264965	0.0718436430053311
0.384412223673175	0.155989874143806
-0.219759009951582	0.211067151533844
0.87431535441072	0.882551104942354
-1.47383400641044	2.263059656679
-0.210805230882771	0.169020364762256
0.541737844437604	0.263876321859446
0.101186261521454	0.0541036380981553
-0.0433161489354742	0.034509825301758
0.347070089472669	0.277044849534702
-0.0633912633551097	0.0436865213354619
0.550248149874175	0.396212455648814
2.05881547510306	0.918592897603392
0.279946927675191	0.150676832019136
-0.0377245505906528	0.02540477094388
0.759151709455524	0.328075522385039
1.00462670183493	0.488750242882344
1.51365824835642	0.761400706808177
0.0912879829224245	0.0373429774806763
0.631013078483254	0.286919501852084
0.0261172044953261	0.0173290123997555
0.993294524949644	1.04083358902224
0.340673418066856	0.154955276143455
0.0986529912539651	0.049299858621029
0.34653344433058	0.283720123416706
1.26955979975198	0.566790595699457
0.092624397649163	0.0337457366404588
0.765074992071596	0.984654587588278
0.0902101094046795	0.0302265720713366
0.0840736656759975	0.0287902746595554
-0.28753609181033	0.0960255455475482
0.240243039390939	0.142452754267189
0.146701505276654	0.108974128646692
0.755211736459088	0.3212736028767
0.302641398331312	0.14893493447525
0.97583081011236	0.368422029107566
0.0917239035953935	0.0340253218520939
0.617252894763946	0.19109165365643
0.728015072644208	0.655305117834303
0.463750947448222	0.16463764089159
0.092430463780423	0.0316440246403066
-0.280355255640717	0.0941016173785279
-1.00765606432487	0.626381611036922
0.618029646606178	0.195815538712146
1.01388555958301	0.462214530134339
0.976642292550397	0.369029387241059
0.232810570206435	0.259299442506574
0.62826462398572	0.52993154128954
0.436997128507042	0.356636029020527
0.940551123492449	1.20631900956105
0.898817516206046	1.46507330901138
1.51926736921576	1.57993573708276
-0.124627820067529	0.0944744263336488
-0.387288974797279	0.496984756671243
0.759843302920764	1.14357971695673
1.39877061430718	0.867854760121412
1.39699638294452	0.841701871500192
0.484616523969534	0.271275891842171
0.376221229708347	0.383761909995171
0.0274195955405556	0.0251349691591749
0.994196946794379	0.98068977963589
0.119398500281393	0.109080669976208
-0.335011644333767	0.455263416916118
-0.255853725435516	0.328078372798268
0.189264260342554	0.216240490761037
0.338912788658578	0.137485486733077
0.0977681212235572	0.079581972814145
1.26809787014165	0.553736624957976
0.764221211579021	0.320158289001501
0.0950175410306104	0.0483530245859181
0.65601010216495	0.651322197484762
0.795541748249444	0.546992638140787
0.0250942653787214	0.0158708171929208
0.380705025411538	0.153683990110454
0.137755951151155	0.0278992132091276
-0.508363142142923	0.39862570293281
0.031462093461977	0.0201836955996496
0.627218543605847	0.279335586929718
-1.27971669493098	0.95013269032377
0.142222117189845	0.104755614264
-0.145194964593194	0.0902777085281161
-0.944614086749137	0.879891946898102
-0.403256333981183	0.11301902886659
0.391326712151616	0.154850400054201
0.839565908417196	0.436441865427694
0.0884160902388978	0.0240112224513877
-0.210053751297817	0.0757095172948235
0.481435364354715	0.377736779544713
0.918275442591791	0.247308948421495
0.467844705129382	0.171057763952974
0.4138978331847	0.27229068938635
0.979634608666688	0.371541260252725
-0.783949913526956	0.278891669070979
0.13395984259197	0.0266654712001409
1.04175133893379	1.24427416197116
0.466686785068799	0.16515339254902
-0.390389982853778	0.115694403033256
1.40967303900222	0.463382608483462
0.97926392433028	0.368476723121484
0.850108057610625	0.451459236440165
1.00826011966175	0.503239495375577
0.0904508457624181	0.0880920541367188
-0.307480096505661	0.240836204257481
0.732617555133161	0.872189976781681
0.0900814539830307	0.0920765626054186
0.84186607319291	1.11664691445234
0.0226521240928082	0.0198686696588938
-1.65518985786354	1.27121538277649
-0.0976104755310282	0.0642779389260289
-0.282775955010862	0.307313010896001
0.283543533706016	0.311194818049416
0.0913040338308962	0.0369126589875806
0.618073101920439	0.196825091913243
0.256583062454919	0.146580958306478
1.2006725439254	1.65586803927346
0.0217117595422538	0.0166996809652357
0.730794836635341	0.679262354297271
-0.638596922582305	0.803733019111238
-0.0643633686379128	0.0662273025325683
-0.653052102230114	1.13236114715785
0.0318523503305046	0.0293217988117561
0.387455096500783	0.158631103032102
0.621299130100455	0.19765529034279
-0.242590868704738	0.132352563656647
0.245117145458743	0.197627041891763
0.257736698574632	0.149546172158631
0.619669786755726	0.197421523304085
0.0887804004040245	0.0307215196457276
0.102457133923715	0.0304597904879839
-1.38235172959989	0.902944508180656
-0.662855392955625	0.333599220035062
0.239765188827159	0.182192254370524
-0.149972199325631	0.10981779643038
0.732543464591857	0.433743034695064
-0.911416663144656	0.99446500078721
-0.667138418200895	0.324163286034131
-0.458143471555189	0.202077451790362
-0.395370891693246	0.234560381352591
0.230748452550777	0.166600213538971
-0.17680417031836	0.126151479343303
-1.18008462823788	0.366068594755104
0.467905527797582	0.168316179247348
0.921478282282821	0.247302516524772
0.981088952824431	0.383335213267158
0.484573593694363	0.381585951440911
0.631492456270571	0.299304780944565
0.618073101920439	0.196825091913243
0.128027679904292	0.0316060204053509
0.46517623790818	0.16502306968552
0.123976331196576	0.0321704885802751
0.121338509861532	0.030008767203043
1.01191133401631	1.31418387570597
0.152427914063721	0.218453803014708
0.181408560363149	0.189322308803984
0.329017262090086	0.510015678428842
-0.599678427714317	0.364359280317199
-0.24707534518394	0.190048645212135
-0.542765241578808	0.957535261053204
-0.423245021943653	0.635478200933422
0.427834687760372	0.38369201128748
0.737921055677558	0.412451147113124
-1.00346550321576	0.614873236617284
-0.106106333748389	0.120580742083867
-0.292011684639529	0.461566514724886
-0.181666996372856	0.257043842123241
0.297956500044561	0.300318568879467
0.918345124738017	0.251770863873478
-0.160777747707732	0.0650937972068826
1.4146997521008	0.45929580671064
0.311058564376602	0.273985644784254
0.465679133382833	0.170598864403623
0.138470629065268	0.100593798891912
0.043545474675313	0.0300998700035188
0.649194205297745	0.605105830631813
-0.694348314155168	0.741582131801498
0.892472925545239	0.840491908445901
-0.395540500255089	0.114333917092572
2.05706901941739	0.883788263042018
0.106434248255034	0.0307452470667954
1.27247113122907	0.561845184114915
-0.545456065462433	0.292486520469989
0.403545308151428	0.400345609091536
1.05978396941577	1.33266775349376
-0.34436587176032	0.222198451676352
0.0873874482948391	0.0712930059005791
1.557953276143	1.04861687921613
0.0894793729975313	0.0308356082297688
0.152652921978004	0.120328833653133
-0.164849841972983	0.160319824782913
-0.347313943268561	0.284060466275258
0.119768733677103	0.0296032485712676
0.551320581876897	0.281439770567415
0.107434428728909	0.0307766294340035
1.21383369030218	0.676981888625591
0.235257432856499	0.217749536883983
0.53301730065226	0.690137204412477
0.00759174459984245	0.00647882326268281
0.477122337716788	0.500936344448
0.447449772034943	0.582709378616936
0.224798574840083	0.231253689376828
0.239275472278692	0.25342386565596
-0.204438300469203	0.207476193144453
0.187021195425168	0.185318211347417
-0.757107483750309	1.01108783909642
0.100234011832099	0.101427955787245
0.160130955198722	0.134032991433965
-0.0639419721511402	0.0439518469696262
0.408965582248834	0.468421845152959
0.129817720756177	0.0885008163904571
0.168380466861271	0.144579382831814
0.913271030673317	1.31735214353967
-0.165368665739074	0.134079882917291
0.613721376951257	0.697223079634152
0.183258685465234	0.176535067428414
-0.131096085015962	0.127868308773888
0.867608208095683	1.51987375329811
0.0169767046882543	0.0124353141354323
-0.668915466153716	0.560407264266173
-0.311737477852167	0.25515362651291
0.0182228854294759	0.0135584665200194
0.232026588080894	0.240006727407661
1.10452617145225	1.19045480011912
-0.400796567549128	0.330671251866092
0.435685360128811	0.255831805042151
0.0736755971612587	0.0567599387972726
0.710350599572747	0.982606780366514
0.235926976203674	0.185779748308766
0.237983434178135	0.176550087258768
0.0906908573632825	0.04264989658756
0.553625261019329	0.271483179404261
0.270056366397601	0.140452055661474
-0.542253541317645	0.295211188722408
0.105822652690294	0.065287096416068
-0.478080240807613	0.492108654477631
0.380865672752122	0.391549410973606
0.141540835122093	0.106782804979247
0.690981248235034	0.660182564449446
-0.172897056687367	0.108291416787582
-0.144084595897426	0.0912354013624855
1.01578356998548	1.16112202092262
0.313232000569599	0.28974241759136
0.620864739435263	0.508483195503294
-0.462328620378029	0.264008696030022
0.320552903340819	0.391958910345296
0.370070912973351	0.542378333596082
-0.856553100788505	1.29872501157768
-0.185372543057396	0.166323616858377
0.208780405618054	0.274587049396929
-0.640147063933605	1.32153052108813
-0.764341423905576	1.16861840952297
0.243060587564699	0.178381596183165
-0.301339870805539	0.325869793655848
0.30675623537077	0.291057301623939
0.448293829742725	0.557902517041602
0.431486617179904	0.567765607056109
0.293862177000565	0.285525503170205
0.227265964297423	0.239445774489018
0.164384239872369	0.153303015952294
-0.22356467322842	0.277235730627315
-0.354263314604393	0.412642863889723
-0.923393651292227	1.45798869035311
-0.646341564263213	0.737455649153788
0.00876384618698802	0.00556046805361072
-0.3877440432288	0.316558806706613
0.142870315342149	0.111041795569909
0.19149640396121	0.260140035092739
0.446325814493495	0.384013823557908
0.406869372455288	0.259779455529485
0.314609432955261	0.300238857262085
0.0983764886282377	0.053775233552819
0.408071538290913	0.26904263511401
0.274586642633428	0.144219876382882
0.589969164989542	0.393595142750011
-0.501397634263115	0.397549111043121
-0.353014586467844	0.352705248487143
-0.181040296246984	0.142964983493345
-0.175424651354997	0.156858261583293
0.429199978626911	0.464771558550249
0.0739900856095214	0.0542661817142546
-0.849255768667487	1.24259664123592
-0.647993470412644	0.741154075773984
-1.71300439519462	1.76261675003325
0.0956231969961063	0.100313934135499
0.849528548714498	1.44772449342193
-0.140328975537966	0.150522578664991
0.31229154162087	0.405135573387713
0.608558782059702	0.895337010990742
0.00391545643462975	0.00394266172598333
-0.397412313975686	0.46109066259865
-0.00227159787127369	0.00184420363388556
0.0591867313063471	0.0517869451148158
0.0322092951153646	0.0254384569400826
0.123716640372207	0.124502832245
0.558362762542016	0.595933512449109
0.489458593930364	0.39373071729489
0.588756180908923	0.499006779162193
0.996100624734355	0.991108898126595
0.172853237481128	0.153712792624156
-0.25930205271613	0.298163545938002
0.299286682208212	0.299655672013963
0.151166145511017	0.124204210263427
0.033439681985601	0.026093990784397
-0.297760509007205	0.302569941673534
0.0886370328660461	0.0706474672606815
-0.0338315742008832	0.0294733564438511
-0.754797827820006	0.909164389700141
0.411743773179651	0.397737346660984
-0.450167687861754	0.4340122558928
-0.328557323112823	0.389862152058746
-0.421983967929139	0.471195959045207
0.319689652566067	0.302433086233578
0.141956719013276	0.103151146190725
0.490869781811112	0.392425917002986
0.343607814366787	0.277761325143421
0.024593654913519	0.0192445623610537
-0.104745275690497	0.0788357020280979
0.108011110591544	0.0635806333958731
-0.450460101764635	0.320739173228691
0.134057812152101	0.0979783215090625
-0.105521666780888	0.0760843395600648
-0.317371873156896	0.293781870514018
-0.906901063656337	1.30771978379917
-0.231518045746576	0.200504283982638
-0.469709176487931	0.463822638688543
0.727974045126235	0.87946609865579
0.0220752904113883	0.0145500583780501
0.149943112210824	0.15742830035387
0.0936856760891829	0.0782120614532533
0.346355884497804	0.487108386176108
0.178108265500581	0.178415379851771
-0.113671932308849	0.122515145354788
0.313073540855832	0.399091935006389
0.942852926561065	1.22656458883145
0.236279643757356	0.244594713285068
-0.299969454697056	0.396932048532113
0.116754944400544	0.135539451882693
0.269135370009642	0.374194505204376
-0.494387417640069	0.873206377971921
0.14748439552901	0.195047939877074
0.034583293400446	0.0397414437898778
0.986630721183863	0.996360969750996
0.299840590717186	0.146789636570974
0.330403652557052	0.142951683120219
0.896483087410935	0.579713955447289
1.18973357660627	0.811998233562789
0.833257498979188	0.397792563870686
0.632868136850619	0.297070487699706
0.440478436688689	0.264639655122987
1.40555682883063	0.802996056533525
0.727422683949093	0.422977444788217
0.135974963629369	0.146972449630483
0.570618215857912	0.762598715815036
-0.131092630380683	0.0954138067971457
0.523012883664127	0.605212830136678
0.324191286277209	0.288293119180157
-0.150920346942236	0.160602595466363
-0.0308744302097771	0.0332559567268057
-0.202448924418231	0.24713610114716
-0.132971736236939	0.13020033319239
0.409397063747001	0.362755968852212
0.322952685989871	0.287366945303049
0.232933116419515	0.207253782918843
0.323269626717175	0.279583096175844
0.041437760770986	0.041444717423107
0.335064517983748	0.467117437095339
0.161721569707166	0.127462037953506
0.314237837680635	0.303313102850317
0.185635601963184	0.183462648623015
-0.246713702780582	0.263713277850138
0.099444257707885	0.0832615303447285
0.0910193370172063	0.074545296273171
-0.424648587754071	0.504465147303288
-0.822719826020321	0.999175881774963
0.232889691440906	0.202116649950608
-0.403772523798928	0.405821143816894
0.121465057396309	0.106094995384913
-0.016251531140372	0.011645274492666
0.229093773259256	0.339072510064867
0.251016391396133	0.347601061385717
0.116535606320593	0.110964996654522
-0.156481282659073	0.129247889171766
-0.630610669570838	1.11209220065356
-0.352327011116427	0.374423654943863
0.131592160874875	0.165802044622593
-0.122726518291737	0.1219503034764
-0.201674706396473	0.156338726658623
0.282379961669804	0.336165218889491
0.177076121923696	0.199786051547321
-0.0676619472077458	0.0743456140128956
-0.629632902204675	1.1326572489835
-0.0606667459264313	0.0643341609064135
-0.432954756946109	0.749349091333831
-0.594378238263519	1.01175912677623
-0.175416628612635	0.106887045200887
0.304001895351458	0.149098987780002
0.340510759246035	0.153946914568917
-0.115628928233892	0.0525686237227714
0.0847131033251649	0.0315327711226838
0.842401679500212	0.45401840587187
1.71199677815479	1.2272275938326
-0.15202950504694	0.0633765186466487
0.338545421049177	0.152865544295808
0.11453926340155	0.0964293737046581
0.0933205645769627	0.0758409667064087
-0.12815444234117	0.137299618131658
0.183093392528048	0.212874636052807
-0.0110452351154366	0.00881658345696883
0.181498632182785	0.158318717174325
-0.0350075943493053	0.0310440087266637
0.907778652974386	1.16826063935751
-0.349164395016937	0.389858579113509
0.359608493163934	0.38863016006207
-0.384299687444814	0.402154351650655
0.48131943391039	0.492694778120147
-0.812434942188655	1.1115487979836
0.622390333488728	0.892526468991391
0.107458852182536	0.0940937710316852
-0.26035682573254	0.244956800462926
-0.0356158777364606	0.0286530532114153
0.361402088981104	0.382255483121573
-0.109086414906787	0.0812492010775347
0.123928792489735	0.116185635521261
0.0155128348104884	0.0133458580793598
-0.0361634364137464	0.044866640113206
0.347254912609321	0.400514560507097
-0.312708222050614	0.508115234047049
0.0836810553891744	0.0849352381390287
-0.141828063256729	0.170333981314057
-0.629385472749319	0.968114775259963
0.225697987992644	0.230052238059892
0.299159969844399	0.387466373279482
0.27141361970676	0.343653894270662
-0.243728063573081	0.31793111903079
-0.658103621690431	1.36935052661422
0.275422281860294	0.415382836494818
0.792807919515104	0.865111628069043
-0.212042401409911	0.150430912122907
1.01663541307785	1.16401405037849
-0.860576222932322	0.673308307333058
0.103805441330673	0.0529056166971202
0.245690458877702	0.153735612824856
-0.57274099629312	0.440573937405914
0.238661573612596	0.155268179875625
0.0976455015008549	0.0503810749824779
0.458183531733313	0.385332063414061
1.95728726474171	0.516817053041281
0.721975247636597	0.972537952305902
0.463896456326641	0.493636728647901
0.563153454958469	0.620828607089282
0.387271493578663	0.441299558510314
0.19237635831166	0.215129742529669
0.0962395639185299	0.0772552620361347
0.399305879018806	0.486975375040541
0.70508636651468	0.837356160535652
0.113585377660111	0.132087408285147
-0.287738697388805	0.28658422930814
-0.707329989094139	1.07399224818924
0.354780438811737	0.408403876874615
0.0301104992496353	0.0236159872957205
0.487345565918713	0.507075611517325
-0.0863199162445635	0.0646898410810334
0.0354115390551727	0.0281656585856411
0.00661735075013757	0.00551854054901189
0.157192351187733	0.126206125873922
-0.555662393163929	0.510252511295477
-0.31126706776828	0.285923179301597
0.438705871164265	0.384728323557464
0.124432371891111	0.118896659802329
0.0416423188371748	0.0473758265823782
0.681090109021227	1.4961546571879
-0.539955230667758	1.15487391612313
-0.00658754326628413	0.00481198185907633
-0.0585458894867802	0.0618480052913537
-0.0134020653956956	0.015649063211096
0.413142665348274	0.397092335805333
0.904646830105777	1.19501035959548
0.32745323212788	0.281744489570812
-0.117451541275394	0.153354619516859
0.187966517954019	0.252313775315552
-0.412054322901646	0.617964756577338
0.285705423437109	0.426657138941561
-0.46143009522449	0.713037964478563
0.132124663074668	0.150064988310619
0.0185561493381215	0.0184121591261294
-0.147242445541831	0.143406256104512
-0.35180607325104	0.487939998032424
-0.547532279680928	0.933592900755864
0.00767225379707643	0.00796618437442583
0.0531920089992842	0.0464618789428761
-0.154908898154361	0.185261256623606
-0.299500203951455	0.440942197952948
-0.141720545331703	0.214639967700438
-0.0730707827279044	0.0856351080673221
0.266698256196643	0.343439257624599
0.275671727394445	0.344357278576329
0.121484642598693	0.0813434758232441
-0.316024475824087	0.285788404035363
-0.100086011917445	0.090103670806635
0.54389307971837	0.672615137560389
0.549940725169538	0.277260113845642
1.90419509070457	1.16007308605705
-0.0879104045862413	0.0424863392975371
0.897854934504186	0.591813884387422
0.83263150119492	0.895482719482595
0.000345511294072057	0.000187533352537807
-0.686888824971931	0.994932265651203
0.0608624994191073	0.042091338687078
0.408355545894349	0.40052007806039
0.595207039901718	0.407158446395034
0.396444994287378	0.482219613545195
0.490267257636136	0.275323310189087
0.392292306389446	0.567160831826119
0.312367487657047	0.399688436582192
0.175817370003303	0.209722405189822
0.521901659721753	0.802717230241043
0.240590629412298	0.326361192876758
0.128081683368548	0.129963760759724
-0.0411205355900262	0.0365338466667103
0.212885665808885	0.269806968530844
0.121756556382062	0.148344109634349
0.298393522567478	0.319803018491274
0.162243692616807	0.140534721818626
-0.0903002908882604	0.10365018190488
0.0903656439687773	0.0929432581337068
-0.090883794048775	0.0894654660214111
-0.162521192957056	0.164863446502917
0.217717953150607	0.227049989155303
-0.0263736076823463	0.0232995078023094
0.697163293224935	0.943424749380945
-0.108797421119569	0.0958235505880452
-0.222863271230964	0.284545178214656
0.084234075146508	0.08480857923057
-0.803764440665298	1.05572570541312
-0.76156097200559	1.03032587975486
-0.0273783716422687	0.0267805129414988
0.0855136925595502	0.069476945600105
-0.131111067238889	0.141678498385676
-0.494003396387481	0.769236105822586
-0.274590499977016	0.355400352552394
-0.052614198091172	0.0584746984422601
0.44854175845713	0.395696689926104
0.00586405258973134	0.00416288965308041
-0.231893926231178	0.202586089898903
-0.208693491949934	0.217442801961083
0.237214810558683	0.176331871210312
0.660243752208259	0.412941029246091
0.00730306124380631	0.00464499869625838
-0.309943181004932	0.346905242035515
0.436690388624952	0.501007005274754
-1.33980737562797	1.85639440004382
0.151226288666508	0.120979132248185
-0.274567591685667	0.23105041701838
0.308912391795943	0.295677337851445
-0.378539264024639	0.38789312631727
0.237114239269485	0.22339820052823
0.59077749321393	0.394321839647317
0.327217724274226	0.505579958201428
0.646845290827831	0.80628951331411
-0.134297110296988	0.153720052992779
0.362762268394384	0.379599934074207
1.00448425082313	0.493198854816902
0.085182435337391	0.0311419125106497
1.21645031738574	0.662161632776018
-0.208646285511006	0.0756258395840596
0.39510864814709	0.146634103148834
1.17934431326319	0.929800887154297
0.107148547591596	0.0614802552723055
1.21383369030218	0.676981888625591
-0.285275586931952	0.0958290123214358
-0.400174547814864	0.245464715563106
0.387202091548643	0.483850027787858
0.0459898998211591	0.0451769349778158
0.474220986028465	0.566166320678165
-0.0598442258319801	0.0304937938700929
-0.0841733385428619	0.0559860562890162
0.274439890104736	0.313193665115266
0.170841358518582	0.159058862867221
0.0335263329605745	0.0305887171513831
0.232397199364841	0.235932494925522
0.231204084151248	0.224088521386576
0.254390011419531	0.238459225030642
0.0778678592833819	0.0606218941788154
0.15656927773014	0.126821910247031
0.482399636850488	0.480753868133477
0.859534786244539	1.12854697058304
-0.261614275378952	0.244825297941979
0.0745196077043049	0.0576620911173957
0.0209362586660334	0.0132499323291111
0.387349999549182	0.399603079482327
0.0125773767856646	0.00773354794117901
0.125718452912058	0.0839266014195711
-0.17902661740775	0.148108706689076
-0.214960978504286	0.123719048968254
0.0195378455932846	0.0117924490500249
-0.40031146243971	0.298180990595932
0.0504745257699103	0.035490574678398
0.567603206831567	0.52208132449861
-0.235685325916839	0.179495279530598
0.243296005789183	0.162124330983004
0.599984414572769	0.512517327647603
0.111042236189908	0.0661479752821635
0.136920705038257	0.0276544244584546
-0.00528546762417249	0.00380460402666898
-0.77595113274834	1.47429276200402
0.484786557321735	0.580472106505101
-0.156654048406878	0.149952039030652
0.316137300504993	0.270927314601122
0.534395314189009	0.500683064090001
0.123045378545154	0.0839850373209004
0.388910270190214	0.534887463336762
-0.064589462051738	0.0421862940651208
-0.422631207053636	0.406037728787051
-0.137796269727486	0.115545400214729
0.11626770392028	0.103232883819596
0.098887917331512	0.0823772733480588
0.13630531279147	0.0993271658298667
0.671376084426678	0.532064436416467
-0.621015318698705	0.610281431010534
-0.0292008829982739	0.0205935890605205
-0.090693014693704	0.0731863786418233
0.840649426099409	1.13190392149581
-0.315668828252726	0.302134815721031
-0.12097808579468	0.10707997713662
-0.237621050723881	0.189954781613145
1.62017586622383	2.49935475391793
0.115772283734281	0.0760186575633954
-0.596230480148044	0.487236693333262
0.346276854133243	0.284648931779385
-0.0955275464893561	0.0627335098652002
0.417150797256545	0.373586472465985
0.323753871365578	0.303508399093746
0.873834045193828	0.967216907808368
-0.180098548748038	0.140805882965319
0.543610097824757	0.405039368669863
-1.48525975646728	1.77472254316886
0.0774232028156459	0.0738618022234143
-0.186282394046646	0.204197910252464
0.068112295671428	0.0634933911031607
0.317340292639813	0.272428943327623
1.64655009528593	1.99657292239298
0.721025478435516	0.757400481456133
0.0746574827747808	0.0653695936555758
0.0728015936717047	0.0690273752855041
0.361544044324876	0.380482727050878
0.00223636448524458	0.00162770201133916
0.39233813346724	0.463821293242968
0.873834045193828	0.967216907808368
0.600068915136792	0.403678081950858
0.559551912637898	0.512579132505183
-0.625091726014708	0.637131653813128
0.326444083306675	0.283957597972714
0.320704849324891	0.381248701649377
-0.764745545394414	0.938369175364925
0.0882547303155467	0.0721088713858296
0.458229113784362	0.479488639131072
-0.184843868434888	0.150374884626357
1.25845271643461	1.61018539620455
0.18077203689357	0.236200992647541
0.138184890198476	0.140612323901073
0.483069299123408	0.489022040484035
0.176840868629781	0.167389529034152
0.532356034225768	0.599128725752515
0.166905883687136	0.13942635429216
0.0841768281187287	0.0653860613904023
0.453664676864534	0.494523919858326
-0.161177527181458	0.152229986225314
0.870726487977419	1.17020709793417
-0.129803229356118	0.102711952705834
0.676053928336056	0.82371532294861
0.414700636737203	0.567292535005557
-0.0152557814554714	0.0123058430265045
0.0193196490760751	0.0191075798874966
0.0824639039376699	0.073553213870762
-0.00249675675194519	0.00210882826424115
0.776804657577104	1.09789057724603
0.343354093895236	0.273399418307236
-0.0235097429645304	0.0134352080780181
-0.473561564982994	0.47423558171693
-0.378080614198862	0.352884449123393
-0.296801891581718	0.239220848005214
0.243365721882747	0.202660362908088
0.246687014343256	0.174734692899671
0.101667860750336	0.0865125405923227
0.11188774621449	0.0663675665952957
0.730541529722489	0.848753536930635
-0.757247292205279	1.54833620560852
0.0553731140907749	0.0706041014375183
0.202600321799349	0.301376851132575
0.169890834872867	0.216989627466767
0.51352007944174	0.931977554806236
-0.0441626778245657	0.0498307263689906
-0.603561865871059	0.923618595939881
0.21892827623012	0.307684631401439
0.484855994677215	0.922754897905694
0.453419288270895	0.821820895820697
0.202477437565391	0.242893081844898
-0.486157808742482	0.555366697030875
-0.952814783179498	1.75133408070932
-0.223933951400411	0.22640974700619
-0.881607716515133	1.94629272841039
0.244213513959922	0.35901232428708
-0.244057048072234	0.451090780221643
-0.647260276316088	1.30581528572475
-0.0138704784311093	0.0159009282298395
0.177849550101217	0.204667015752326
0.952135965936838	1.09275265112576
0.134633999597449	0.0893482169880677
0.762508346627456	1.11601270025436
0.315342862909506	0.278850442899491
1.72322452250784	0.947743201911134
-0.640891402959856	0.474588234125202
-0.234854612399898	0.269432703755286
0.0220830933332786	0.0198936333062588
0.712056287067742	0.734075912482468
-0.263944922826265	0.251501497652326
1.05282421917114	0.880572794962446
0.0428040827728111	0.0353139485520029
0.406983284283413	0.375937667022949
0.350566347201657	0.392314664735881
-0.401059076363422	0.702836817965568
-0.122816670172874	0.15097367261889
0.462778811326185	0.729780781624345
-0.259118089456777	0.358825173566308
-0.0395311065636163	0.0352921912574685
0.0956833410970821	0.102181524584234
0.319988414576482	0.403927287734198
0.105246102598004	0.117410768564922
-0.346705715186968	0.49123714753298
-0.0710688366116927	0.0687715415863381
-0.462457111423968	0.661349499616168
0.39603761206177	0.390154399884549
-0.181973857781974	0.210471514636973
-0.4117669068809	0.489621216180066
-0.230742943955144	0.235181098962696
-0.328069503778552	0.475683374355096
0.00848142235476882	0.00816927252116879
0.0481667256970548	0.0444032986909634
-0.218769815029792	0.270445642804108
0.837653991919177	0.94145819258553
0.0953700682379674	0.047563088857649
0.736021672756903	0.539647277697352
-0.0912064390004675	0.0691072363272937
-0.210244167005669	0.200495450525222
1.11197791894622	1.82067407959811
-0.180722200155698	0.148684410845216
0.409605284089774	0.57178141992805
0.392196422693892	0.49114707399499
0.0150362467858903	0.0128765507732767
0.644287052979634	1.41145776467756
-0.481215602960975	0.550062713941292
0.993237992072232	1.22458809434454
-0.0614044855969303	0.041986755748494
-0.359943762631757	0.300025572337853
0.116218942398716	0.070628389157847
-0.109966701958081	0.0726824425283068
0.565512892848747	0.611391240207009
-0.316615589105892	0.269973013743837
0.1586988962217	0.131821657119352
0.59026673278539	0.507540584915084
0.129821686810991	0.0906804815732562
-0.608119359478684	1.11638485749156
-0.333729770071871	0.393286871503341
-0.466132630525891	0.658589191925187
0.238010921799711	0.231858362554844
0.359188353841068	0.406821535230977
0.254445493261661	0.324507374156207
0.77142617863601	1.22731657857014
0.0317177161197654	0.0247967198196095
0.16530896917901	0.135176245195463
0.481884260858918	0.393928547328154
0.44585907599744	0.260845620962429
-0.0876051870553431	0.0553258599188011
0.432720369591655	0.387835532188216
-0.132732896557304	0.11796341600765
0.242123855394582	0.24700021582858
0.225771711685891	0.24085623980278
-0.125203730895126	0.101420964031229
-0.275789340798693	0.209285235324973
0.32061977251632	0.284074304893755
0.759557351280103	0.894090309038299
0.302523675462469	0.28800985581194
0.615000592535702	0.72662481199748
-0.549759134202959	0.70367518049345
-0.355578863514975	0.581244910959655
-0.461181758382193	0.542947625210139
-0.338485273438756	0.329658177045895
0.170384753463725	0.156815565664118
0.450467497421885	0.572859084748978
-0.221963438542948	0.19508719198587
0.0275541481264652	0.0214228290006939
0.658685702914596	0.729978516661733
0.427515614170044	0.534857472061765
-0.242576221538049	0.239153400739942
-0.352296796074689	0.297622445878906
-0.322236766800465	0.492086190674574
-0.0761394951781707	0.0709171464972962
-0.362805583748617	0.427456204887183
-0.178704457738946	0.198972180498887
-0.106218624475974	0.123372771698569
-0.118248117436749	0.126295388718722
0.445928707084899	0.467940069771377
0.237189947531991	0.246604128875368
0.605142884071134	0.718066526101461
-0.0425730977375626	0.0238537454746157
-0.542840541349738	0.295939670088879
-0.0248421498632452	0.0144610404237803
0.107709640751545	0.0531537227726469
-0.404071733344979	0.29542127684176
0.1213488115777	0.10875649306776
0.620178539048985	0.824557951733037
-0.081694240569111	0.0622425944862143
-0.304971305631463	0.23474874121225
-0.574067363285144	0.437908272126458
-0.557083096008114	0.536508812801739
0.314053776953265	0.280456108192328
0.484006835217821	0.378477938953953
0.248872765800174	0.151195657051647
-0.98380973253727	0.718443083087028
0.221715978010867	0.297870038468259
0.000298668734149368	0.000427149402784031
0.0454630557363617	0.0589107322970183
-0.40404478814023	0.748171706710722
-0.233947077929703	0.379232651718144
-0.0766469303085873	0.103908857875284
-0.106421024464989	0.135042797094287
0.419550364277688	0.765022954174718
-0.206482288671072	0.301561778103597
-0.530231896542976	1.33787539748348
-0.451926803544171	0.8140003343821
0.137884050032568	0.0276312070347514
0.183687846760748	0.184957611004473
0.737227424286223	1.27721039662529
-0.0187042503840305	0.0132823933288015
0.631082325455062	1.1293306327427
-0.0240502752756532	0.0288036019144121
-0.204887183156314	0.241324175017818
-0.180481771022056	0.16131975819954
0.981088952824431	0.383335213267158
1.50923625716587	0.753128554165612
0.488325009534405	0.270072679727193
0.249455273644903	0.158895185861139
-0.0758853403447576	0.0374765021828699
0.157536916142228	0.125001216573786
0.110802915269322	0.0649653342751492
-0.206545474055723	0.0744786809318577
-0.656493603036432	0.164060826310612
-1.74189997462388	0.958450936028535
-1.08519815874479	0.460286451421787
-0.988909159429108	0.706744156876921
0.894060589813658	1.15939238693966
0.0112103074658193	0.00833492445240697
0.339423961267099	0.263582208367333
-0.125268001530598	0.115356299163516
-0.542542590749478	0.274940762742662
0.547885309302299	0.267574725554051
0.542774626765468	0.383881332096297
0.237345047651164	0.214528780773257
1.34157256330369	1.01829064034136
0.097197885377116	0.0288722127158445
0.0850816873669149	0.0402348200401328
-0.449438468821979	0.195919862703638
1.02743982964576	0.612376495557849
-0.210262660249977	0.299932130939875
-0.238226291357112	0.50964718831634
0.0813101751087868	0.141135738704033
0.00593919605693312	0.00880768178498574
-0.184835602760902	0.361810083226676
0.0232122922616651	0.0343149951128012
-0.335982430224448	0.709761885493822
-0.0824783072604911	0.125646119362072
-0.205072103379406	0.38491930077149
0.0483738447997112	0.0797263666918469
-0.030367388244524	0.0401244094585643
-0.281476430904147	0.245606874656606
-0.0289739128622286	0.0223813346417971
-0.957172226547357	1.17753014327274
0.014620155344999	0.0162452302317587
-0.161698698845618	0.250964903252619
-0.144465939389615	0.259025330762114
-0.114616469166963	0.116146894701634
0.0199259833253836	0.0151809021788559
0.995144988958594	0.996672133681363
0.138719287628381	0.0278738142929699
0.648883305851404	0.418332098462837
0.0985471144925302	0.0811233916057525
0.759807272791142	0.316396360839034
0.780469275931055	0.648173165521583
-0.671919556774577	0.547423286535801
0.668576777787476	0.535481040598696
0.0591313677014284	0.0556059127922207
0.0331103337206869	0.0402766711808586
0.0944533493059668	0.114383537681427
0.131860437322292	0.165208003956214
0.638767594396458	1.44049538189919
0.725718591386496	1.65648438081129
0.860525034644313	1.71603851786182
0.33899014337408	0.491966613310784
-0.0782766535792668	0.093316411275734
0.45823700347816	0.834815557527806
-0.701072425299241	1.31722398962179
0.0813164511978579	0.0638475125205055
-0.239092539318466	0.229083775564684
-0.286305256646684	0.271095960731285
0.0334220209057551	0.0325137987207415
0.0709111300108395	0.0945744608337323
0.123159074419786	0.0311724352253345
0.102377542387077	0.0310111431631203
0.618029646606178	0.195815538712146
0.842732774107206	0.444779998550083
0.168313835953527	0.151352906413943
-0.497302291270185	0.399963247860665
-0.981012545662904	1.06865289517774
0.103364847562153	0.0305666358963091
0.100841618220157	0.0306037225182791
0.652356825473349	0.418321727191558
2.21859709980987	1.6442426205111
0.0536696377224038	0.071900481918983
0.127644957288504	0.14181032318531
0.264061515612502	0.367104476570722
0.326496057521125	0.479606038700863
0.511253645720767	0.879163621176396
0.299151926964027	0.428176282231104
-0.0785833869592368	0.0859459321308873
-0.208111769179297	0.277506954209153
-0.32456576659747	0.485096880605774
0.11004430069553	0.125699378692678
0.576497934011192	0.601751103703458
-0.0466142934982573	0.0440164224499293
1.00679487874955	0.499348813123596
-0.281059761961824	0.0969057351345701
0.332458706673109	0.298825259840115
0.789222402388926	0.677115761176759
-0.0153977601267926	0.00885865400736483
1.02968157425985	0.631670598421354
0.243734938302928	0.428061165488233
-0.5539729451986	1.08851903490526
-0.49318164275505	0.811429813521681
-0.314062217944556	0.573175798488794
-0.0706260513835456	0.0991538052981972
-0.237336110774033	0.33672417730698
-0.022656332891507	0.0160640452250125
-0.154946014497746	0.125148049054733
1.59892698689933	1.42331317887701
-0.357173455362202	0.165356008639284
0.720387412606041	1.08208518507338
-0.012615904319049	0.00707909017213965
0.129084895191078	0.126481921639503
0.561356474234023	0.841841724155776
-0.134524517326699	0.131378751329619
-0.0893158371686108	0.0851951247514472
0.0320491969309487	0.026034858678155
-0.197707532381225	0.245061304609591
0.231715267262786	0.275892662800409
-0.127761302752924	0.117650571916229
0.0473348362370976	0.0378699685085858
-0.283366434410531	0.238908434878259
0.241292368100151	0.168210993753323
0.58346801778159	0.500040094133101
1.70716063937369	1.22949226705172
0.980776428217496	0.359843014843384
0.54773599994913	0.392159977149891
0.845451890622629	0.445094204828488
0.105409152621555	0.057584273247175
0.0925815687988139	0.0393993239805681
1.02472225719958	0.614382146439649
0.334662872974104	0.14711007798419
0.839565908417196	0.436441865427694
1.21537126299712	0.657714063056061
0.0987717065657176	0.0348178882011603
-0.0471721598198465	0.0326427781235794
0.589517041651147	0.611449994121498
0.591472024838147	0.408067206497288
0.385087474173972	0.269558278983969
0.231603338203061	0.222901313327841
-0.651256849983212	0.781717510974567
0.0164269994892104	0.0102687773709658
0.961894067024559	0.88677898876367
0.32444409967541	0.299367729476153
0.507045698660859	0.805805546544508
0.273295304009172	0.315769606800487
1.05984493674333	0.914395102198756
-0.0909661259385175	0.0445499475633248
0.516993755956162	0.82662481559864
-0.490494111028866	0.77842369903266
0.362373233719555	0.643644929300636
-0.0371696278817608	0.0332723242506172
-0.284690109707557	0.263168793621978
0.386454173133317	0.490972747058278
0.240124263622287	0.1727207160469
0.596357498215592	0.515864264963517
0.1182071081965	0.073837014891486
0.583915421852738	0.9658534418727
0.159550332409761	0.217600723133984
-0.649009144062973	1.32293950547694
0.135644456852463	0.143067534975118
0.668906325385951	0.537951632462037
-0.827984643465272	0.371575349638287
-2.34122776324039	1.21632812259468
0.981088952824431	0.383335213267158
0.469121440715567	0.171666856078845
0.103185006930197	0.0305707752832542
0.226280021176157	0.266012868956119
0.0347988658654728	0.0399901380411503
-0.193270938003237	0.261101123094369
-0.378922609737056	0.569142392937004
-0.970839787741963	0.805081595393448
0.335102631871802	0.150822439033477
0.28197627856913	0.153066568311277
1.41300915646821	0.464933497345061
0.256435986909525	0.371505255363662
0.309499204421197	0.409118010696178
0.626249568640666	1.11816869645344
0.0665316544132145	0.0746034449921392
0.57755496451299	0.855493458815889
0.497290463901904	0.272278744400306
0.102617404883878	0.0412267119967122
0.0895288826238202	0.0375685046068886
1.33181821170341	0.970845673204697
0.127838769452531	0.139553622984903
-0.31472997707114	0.42229704948911
-0.253989269947608	0.322477514149781
0.338067789441423	0.476942778275335
0.19301046150797	0.223017959713781
1.00375081074221	0.495531598524905
0.482461537823608	0.270488871711001
0.409551580028941	0.635566653491256
-0.0156710622069704	0.0182257210740058
-0.153403752808298	0.205493684495564
0.224453824804418	0.298733636478759
0.479575216340715	0.375629608587703
0.108733650093276	0.0674609721404694
0.523391934755102	0.950382013103707
0.0031176259799401	0.0031462345785711
-0.204570183530413	0.273889614909812
0.252385024554689	0.375798500924689
0.535388181406952	1.01095876123881
0.225590480442177	0.2839446406476
0.715682829537489	1.48351264328435
0.0427849714906159	0.0465301326400631
0.0928355455970041	0.119432780537051
0.768111674522581	1.0790178845346
