x	y	clickSelects	showSelected1
0.00852971897128674	1	1	log2(tiles)=2.50 log10(pixels)=3.50
0.121067862271736	1	2	log2(tiles)=1.00 log10(pixels)=2.25
0.00259798071990858	1	3	log2(tiles)=1.00 log10(pixels)=3.00
-0.0391021572434522	1	4	log2(tiles)=1.00 log10(pixels)=2.50
-0.00217691925427443	1	5	log2(tiles)=0.00 log10(pixels)=3.00
0.0192793897718984	1	6	log2(tiles)=1.50 log10(pixels)=3.25
0.082066934285113	1	7	log2(tiles)=1.50 log10(pixels)=3.00
0.0185139398778875	1	8	log2(tiles)=1.00 log10(pixels)=2.50
0.0318271529324279	1	9	log2(tiles)=2.50 log10(pixels)=3.75
-0.063837352959244	1	10	log2(tiles)=0.00 log10(pixels)=2.50
0.121990911464915	1	11	log2(tiles)=1.50 log10(pixels)=3.25
-0.119788758288394	1	12	log2(tiles)=1.00 log10(pixels)=2.50
-0.046695083861517	1	13	log2(tiles)=2.00 log10(pixels)=3.25
-0.108462542327436	1	14	log2(tiles)=2.00 log10(pixels)=3.00
0.0510299956639813	1	15	log2(tiles)=0.00 log10(pixels)=1.25
0.0334237554869499	1	16	log2(tiles)=0.00 log10(pixels)=2.00
0.0136525705645303	1	17	log2(tiles)=2.50 log10(pixels)=3.75
0.111727836017593	1	18	log2(tiles)=0.00 log10(pixels)=1.25
-0.103871964321762	1	19	log2(tiles)=0.00 log10(pixels)=1.25
-0.106298370575231	1	20	log2(tiles)=3.75 log10(pixels)=4.25
-0.0739087409443187	1	21	log2(tiles)=0.00 log10(pixels)=1.25
-0.108462542327436	1	22	log2(tiles)=1.00 log10(pixels)=3.00
-0.0681539543012746	1	23	log2(tiles)=1.50 log10(pixels)=3.50
0.107776603741693	1	24	log2(tiles)=2.00 log10(pixels)=3.50
0.112783856719735	1	25	log2(tiles)=1.00 log10(pixels)=1.50
-0.0409586076789064	1	26	log2(tiles)=1.00 log10(pixels)=2.00
0.0115704435972783	1	27	log2(tiles)=1.00 log10(pixels)=3.00
0.0314789170422551	1	28	log2(tiles)=0.00 log10(pixels)=1.50
-0.110413913326573	1	29	log2(tiles)=2.25 log10(pixels)=3.75
-0.110656688747922	1	30	log2(tiles)=1.50 log10(pixels)=3.50
-0.0376020021010439	1	31	log2(tiles)=0.00 log10(pixels)=1.50
-0.0144715530924513	1	32	log2(tiles)=2.00 log10(pixels)=3.25
0.0810221710418286	1	33	log2(tiles)=1.00 log10(pixels)=3.25
0.0492180226701815	1	34	log2(tiles)=1.00 log10(pixels)=2.00
-0.0290142558462607	1	35	log2(tiles)=1.00 log10(pixels)=2.75
0.091296887490282	1	36	log2(tiles)=3.25 log10(pixels)=3.75
-0.0634862575211068	1	37	log2(tiles)=1.00 log10(pixels)=3.00
-0.0952844547213192	1	38	log2(tiles)=1.00 log10(pixels)=3.00
-0.113509274827518	1	39	log2(tiles)=1.00 log10(pixels)=3.00
-0.00696084519506668	1	40	log2(tiles)=2.25 log10(pixels)=3.75
0.0253058652647704	1	41	log2(tiles)=0.00 log10(pixels)=2.00
0.102059991327962	1	42	log2(tiles)=0.00 log10(pixels)=0.50
-0.0969100130080565	1	43	log2(tiles)=0.00 log10(pixels)=1.00
0.0993352776859577	1	44	log2(tiles)=1.00 log10(pixels)=3.00
0.0497251539756367	1	45	log2(tiles)=1.00 log10(pixels)=3.25
0.00527250510330601	1	46	log2(tiles)=0.00 log10(pixels)=1.25
0.0111758131557314	1	47	log2(tiles)=1.00 log10(pixels)=2.75
-0.0541003475907664	1	48	log2(tiles)=1.00 log10(pixels)=2.25
-0.107535479757879	1	49	log2(tiles)=1.00 log10(pixels)=2.75
0.00514997831990605	1	50	log2(tiles)=0.00 log10(pixels)=1.50
-0.0779021420642825	1	51	log2(tiles)=0.00 log10(pixels)=1.75
-0.000312917381596112	1	52	log2(tiles)=1.00 log10(pixels)=2.50
0.0899051114393981	1	53	log2(tiles)=0.00 log10(pixels)=2.00
-0.00963731050575611	1	54	log2(tiles)=0.00 log10(pixels)=1.75
-0.0915149811213503	1	55	log2(tiles)=0.00 log10(pixels)=2.00
0.0269416279590295	1	56	log2(tiles)=2.00 log10(pixels)=3.00
-0.00127602925209525	1	57	log2(tiles)=2.50 log10(pixels)=3.50
0.078015064223977	1	58	log2(tiles)=1.00 log10(pixels)=2.75
-0.045880017344075	1	59	log2(tiles)=0.00 log10(pixels)=2.25
-0.0589185078770314	1	60	log2(tiles)=0.00 log10(pixels)=2.75
-0.0339966563652008	1	61	log2(tiles)=0.00 log10(pixels)=1.75
-0.109020403010311	1	62	log2(tiles)=2.00 log10(pixels)=3.00
0.0510299956639812	1	63	log2(tiles)=0.00 log10(pixels)=0.25
-0.0268721464003014	1	64	log2(tiles)=1.00 log10(pixels)=2.00
-0.0678707859470018	1	65	log2(tiles)=2.00 log10(pixels)=3.25
-0.0872421683184259	1	66	log2(tiles)=0.00 log10(pixels)=1.75
-0.0739087409443187	2	67	log2(tiles)=0.00 log10(pixels)=1.25
0.0563025007672873	1	68	log2(tiles)=0.00 log10(pixels)=2.50
-0.00181197299379954	1	69	log2(tiles)=0.00 log10(pixels)=1.75
0.0199591807520685	1	70	log2(tiles)=2.50 log10(pixels)=3.50
0.000434077479318784	1	71	log2(tiles)=2.00 log10(pixels)=3.00
-0.0624792791635369	1	72	log2(tiles)=1.00 log10(pixels)=2.25
-0.0779021420642825	2	73	log2(tiles)=0.00 log10(pixels)=1.75
0.00527250510330601	2	74	log2(tiles)=0.00 log10(pixels)=1.25
0.0797835966168101	1	75	log2(tiles)=0.00 log10(pixels)=1.50
0.0276299008713385	1	76	log2(tiles)=1.00 log10(pixels)=2.50
-0.0268721464003014	1	77	log2(tiles)=0.00 log10(pixels)=2.00
-0.0362167006646956	1	78	log2(tiles)=2.00 log10(pixels)=3.25
-0.0535474582966109	1	79	log2(tiles)=2.00 log10(pixels)=3.25
0.0791812460476249	1	80	log2(tiles)=0.00 log10(pixels)=1.00
-0.0721165896692932	1	81	log2(tiles)=1.00 log10(pixels)=3.00
0.107209969647868	1	82	log2(tiles)=0.00 log10(pixels)=2.00
-0.0958256317158366	1	83	log2(tiles)=1.00 log10(pixels)=3.00
0.0413926851582249	1	84	log2(tiles)=0.00 log10(pixels)=1.00
-0.0424298239020637	1	85	log2(tiles)=0.00 log10(pixels)=1.75
-0.0457574905606751	1	86	log2(tiles)=0.00 log10(pixels)=1.00
-0.114638779968488	1	87	log2(tiles)=2.00 log10(pixels)=3.00
-0.0483670525430093	1	88	log2(tiles)=1.50 log10(pixels)=3.50
-0.0916375079047502	1	89	log2(tiles)=0.00 log10(pixels)=2.25
-0.0686362358410126	1	90	log2(tiles)=0.00 log10(pixels)=1.50
0.0253058652647704	2	91	log2(tiles)=0.00 log10(pixels)=2.00
0.0587085705331658	1	92	log2(tiles)=2.00 log10(pixels)=2.50
-0.0291883891274822	1	93	log2(tiles)=1.00 log10(pixels)=3.00
-0.116531544420413	1	94	log2(tiles)=2.00 log10(pixels)=1.75
-0.000869458712629001	1	95	log2(tiles)=1.50 log10(pixels)=3.00
0.0797835966168101	1	96	log2(tiles)=2.00 log10(pixels)=1.50
0.0569048513364727	1	97	log2(tiles)=0.00 log10(pixels)=2.00
0	1	98	log2(tiles)=0.00 log10(pixels)=1.00
0.0374264979406238	1	99	log2(tiles)=1.00 log10(pixels)=2.00
0.0287536009528289	1	100	log2(tiles)=0.00 log10(pixels)=1.25
0.102059991327963	1	101	log2(tiles)=0.00 log10(pixels)=1.50
0.0423916894982539	1	102	log2(tiles)=0.00 log10(pixels)=1.75
-0.109518563029578	1	103	log2(tiles)=1.00 log10(pixels)=2.75
0.012837224705172	1	104	log2(tiles)=0.00 log10(pixels)=2.00
-0.0466816599529625	1	105	log2(tiles)=1.00 log10(pixels)=2.50
-0.0376020021010439	2	106	log2(tiles)=0.00 log10(pixels)=1.50
0.0281512503836436	1	107	log2(tiles)=0.00 log10(pixels)=0.75
0.112783856719735	2	108	log2(tiles)=1.00 log10(pixels)=1.50
-0.0681564120552274	1	109	log2(tiles)=0.00 log10(pixels)=2.25
0.0281512503836436	2	110	log2(tiles)=0.00 log10(pixels)=0.75
0.068201724066995	1	111	log2(tiles)=0.00 log10(pixels)=2.50
-0.115504144165326	1	112	log2(tiles)=1.50 log10(pixels)=3.25
0.0492180226701815	2	113	log2(tiles)=1.00 log10(pixels)=2.00
0.0963529744506388	1	114	log2(tiles)=1.00 log10(pixels)=2.25
-0.00963731050575611	1	115	log2(tiles)=1.00 log10(pixels)=1.75
-0.0528419686577808	1	116	log2(tiles)=1.00 log10(pixels)=1.50
0.110589710299249	1	117	log2(tiles)=0.00 log10(pixels)=2.00
-0.016321344322912	1	118	log2(tiles)=2.75 log10(pixels)=3.75
-0.0678549236261681	1	119	log2(tiles)=1.00 log10(pixels)=2.75
-0.0528419686577806	1	120	log2(tiles)=0.00 log10(pixels)=2.50
-0.0915149811213503	1	121	log2(tiles)=1.00 log10(pixels)=2.00
0.0301996982030821	1	122	log2(tiles)=1.00 log10(pixels)=2.50
-0.0528419686577808	1	123	log2(tiles)=1.50 log10(pixels)=1.50
-0.0739087409443187	3	124	log2(tiles)=0.00 log10(pixels)=1.25
0.0568580295188172	1	125	log2(tiles)=1.00 log10(pixels)=2.75
-0.0969100130080565	2	126	log2(tiles)=0.00 log10(pixels)=1.00
-0.029891911959945	1	127	log2(tiles)=1.50 log10(pixels)=2.25
-0.0362121726544447	1	128	log2(tiles)=0.00 log10(pixels)=2.00
0.113322860120456	1	129	log2(tiles)=1.00 log10(pixels)=1.75
-0.0339966563652008	2	130	log2(tiles)=0.00 log10(pixels)=1.75
-0.0228787452803376	1	131	log2(tiles)=0.00 log10(pixels)=1.50
-0.035156151952302	1	132	log2(tiles)=0.00 log10(pixels)=2.25
-0.0779021420642825	3	133	log2(tiles)=0.00 log10(pixels)=1.75
0.0695439355418688	1	134	log2(tiles)=1.00 log10(pixels)=1.75
0.102059991327963	2	135	log2(tiles)=0.00 log10(pixels)=1.50
0.113943352306837	1	136	log2(tiles)=1.00 log10(pixels)=2.00
0.0856905714924254	1	137	log2(tiles)=2.00 log10(pixels)=2.75
0.0287536009528289	2	138	log2(tiles)=0.00 log10(pixels)=1.25
-0.0757207139381184	1	139	log2(tiles)=0.00 log10(pixels)=2.00
0.0281512503836436	1	140	log2(tiles)=1.00 log10(pixels)=1.75
0.0674428427763805	1	141	log2(tiles)=2.00 log10(pixels)=3.00
0.0264618041732443	1	142	log2(tiles)=0.00 log10(pixels)=2.25
-0.0373502983727887	1	143	log2(tiles)=2.00 log10(pixels)=2.75
0.0465426634781312	1	144	log2(tiles)=1.00 log10(pixels)=2.50
-0.00863830616572736	1	145	log2(tiles)=0.00 log10(pixels)=1.50
0.0312233745330266	1	146	log2(tiles)=2.00 log10(pixels)=3.50
-0.116184634019569	1	147	log2(tiles)=0.00 log10(pixels)=2.50
0.0334237554869499	1	148	log2(tiles)=1.00 log10(pixels)=2.00
-0.0272835288524167	1	149	log2(tiles)=1.00 log10(pixels)=2.25
0.0910646070264991	1	150	log2(tiles)=0.00 log10(pixels)=1.50
0.00860017176191752	1	151	log2(tiles)=1.00 log10(pixels)=2.00
0.111723308007342	1	152	log2(tiles)=0.00 log10(pixels)=2.50
-0.0228787452803376	2	153	log2(tiles)=0.00 log10(pixels)=1.50
-0.0985994592184558	1	154	log2(tiles)=1.00 log10(pixels)=2.50
0.0555008581584002	1	155	log2(tiles)=1.50 log10(pixels)=2.75
-0.0891345219961308	1	156	log2(tiles)=1.00 log10(pixels)=2.75
0.119231719730976	1	157	log2(tiles)=1.00 log10(pixels)=1.75
-0.0727521637443767	1	158	log2(tiles)=2.00 log10(pixels)=3.25
0	2	159	log2(tiles)=0.00 log10(pixels)=1.00
-0.0528419686577808	1	160	log2(tiles)=0.00 log10(pixels)=1.50
0.0413926851582249	2	161	log2(tiles)=0.00 log10(pixels)=1.00
0.0437551269686796	1	162	log2(tiles)=0.00 log10(pixels)=3.00
-0.0773970687901402	1	163	log2(tiles)=1.00 log10(pixels)=3.25
0.102059991327962	2	164	log2(tiles)=0.00 log10(pixels)=0.50
0.0718820073061255	1	165	log2(tiles)=0.00 log10(pixels)=2.00
-0.0176062401770314	1	166	log2(tiles)=0.00 log10(pixels)=1.75
0.0440680443502757	1	167	log2(tiles)=0.00 log10(pixels)=1.50
0.0493405494535817	1	168	log2(tiles)=1.00 log10(pixels)=1.75
0.0825089127062364	1	169	log2(tiles)=1.50 log10(pixels)=1.75
0.0888490907372552	1	170	log2(tiles)=2.00 log10(pixels)=2.75
0.000420002308894052	1	171	log2(tiles)=0.00 log10(pixels)=2.25
-0.00181197299379954	1	172	log2(tiles)=1.00 log10(pixels)=1.75
-0.0510299956639812	1	173	log2(tiles)=0.00 log10(pixels)=0.75
0.0453229787866576	1	174	log2(tiles)=1.00 log10(pixels)=2.00
-0.0458800173440752	1	175	log2(tiles)=1.00 log10(pixels)=1.25
-0.0739087409443187	4	176	log2(tiles)=0.00 log10(pixels)=1.25
0.102059991327962	3	177	log2(tiles)=0.00 log10(pixels)=0.50
-0.00181197299379954	2	178	log2(tiles)=1.00 log10(pixels)=1.75
-0.0510299956639812	2	179	log2(tiles)=0.00 log10(pixels)=0.75
0.123249290397901	1	180	log2(tiles)=0.00 log10(pixels)=1.50
0.0466651902615309	1	181	log2(tiles)=2.25 log10(pixels)=3.25
0.111727836017593	2	182	log2(tiles)=0.00 log10(pixels)=1.25
-0.0872421683184259	2	183	log2(tiles)=0.00 log10(pixels)=1.75
0.0963529744506388	2	184	log2(tiles)=1.00 log10(pixels)=2.25
-0.0268721464003014	2	185	log2(tiles)=0.00 log10(pixels)=2.00
-0.0686362358410126	1	186	log2(tiles)=2.75 log10(pixels)=3.50
-0.0486028756795487	1	187	log2(tiles)=0.00 log10(pixels)=2.25
-0.00863830616572736	2	188	log2(tiles)=0.00 log10(pixels)=1.50
0.0728216453031045	1	189	log2(tiles)=2.00 log10(pixels)=2.75
0.0844207036815323	1	190	log2(tiles)=2.00 log10(pixels)=2.75
0.0786392099680722	1	191	log2(tiles)=1.00 log10(pixels)=2.50
0	3	192	log2(tiles)=0.00 log10(pixels)=1.00
0.0797835966168101	2	193	log2(tiles)=0.00 log10(pixels)=1.50
0.068201724066995	1	194	log2(tiles)=0.00 log10(pixels)=1.50
0.0910646070264991	2	195	log2(tiles)=0.00 log10(pixels)=1.50
0.0825089127062364	1	196	log2(tiles)=0.00 log10(pixels)=1.75
0.0185139398778875	1	197	log2(tiles)=0.00 log10(pixels)=1.50
-0.0969100130080565	1	198	log2(tiles)=1.00 log10(pixels)=1.00
0.0403294747908736	1	199	log2(tiles)=1.50 log10(pixels)=2.50
0.0134279935629373	1	200	log2(tiles)=0.00 log10(pixels)=1.75
0.0681858617461617	1	201	log2(tiles)=0.00 log10(pixels)=2.00
0.0413926851582249	3	202	log2(tiles)=0.00 log10(pixels)=1.00
0.113943352306837	1	203	log2(tiles)=0.00 log10(pixels)=1.00
-0.116461091629783	1	204	log2(tiles)=0.00 log10(pixels)=2.25
0.0281512503836436	3	205	log2(tiles)=0.00 log10(pixels)=0.75
0.0510299956639813	2	206	log2(tiles)=0.00 log10(pixels)=1.25
0.0413926851582249	4	207	log2(tiles)=0.00 log10(pixels)=1.00
0.0510299956639813	3	208	log2(tiles)=0.00 log10(pixels)=1.25
-0.031517051446065	1	209	log2(tiles)=0.00 log10(pixels)=2.00
0.0622446968003692	1	210	log2(tiles)=0.00 log10(pixels)=2.75
0.0281512503836436	4	211	log2(tiles)=0.00 log10(pixels)=0.75
0.0791812460476249	2	212	log2(tiles)=0.00 log10(pixels)=1.00
0.0981891169913989	1	213	log2(tiles)=0.00 log10(pixels)=2.75
0.0561799739838871	1	214	log2(tiles)=0.00 log10(pixels)=1.75
0.0950980400142569	1	215	log2(tiles)=0.00 log10(pixels)=1.75
-0.0409586076789064	1	216	log2(tiles)=0.00 log10(pixels)=2.00
0.0493405494535817	1	217	log2(tiles)=0.00 log10(pixels)=1.75
-0.093805937820814	1	218	log2(tiles)=2.25 log10(pixels)=3.75
-0.0510299956639812	3	219	log2(tiles)=0.00 log10(pixels)=0.75
0.0843312243675309	1	220	log2(tiles)=1.00 log10(pixels)=2.50
0.0718820073061255	2	221	log2(tiles)=0.00 log10(pixels)=2.00
0.0722192947339193	1	222	log2(tiles)=0.00 log10(pixels)=1.25
-0.102059991327962	1	223	log2(tiles)=0.00 log10(pixels)=1.50
0.102059991327963	3	224	log2(tiles)=0.00 log10(pixels)=1.50
0.00514997831990605	2	225	log2(tiles)=0.00 log10(pixels)=1.50
-0.0457574905606751	2	226	log2(tiles)=0.00 log10(pixels)=1.00
-0.00181197299379954	2	227	log2(tiles)=0.00 log10(pixels)=1.75
-0.0323294969977379	1	228	log2(tiles)=1.00 log10(pixels)=2.75
-0.0409586076789064	2	229	log2(tiles)=0.00 log10(pixels)=2.00
-0.0510299956639812	4	230	log2(tiles)=0.00 log10(pixels)=0.75
0.0281512503836436	5	231	log2(tiles)=0.00 log10(pixels)=0.75
-0.103871964321762	2	232	log2(tiles)=0.00 log10(pixels)=1.25
-0.0228787452803376	1	233	log2(tiles)=0.00 log10(pixels)=0.50
0.068201724066995	1	234	log2(tiles)=1.50 log10(pixels)=2.50
0.0510299956639812	2	235	log2(tiles)=0.00 log10(pixels)=0.25
-0.0228787452803376	3	236	log2(tiles)=0.00 log10(pixels)=1.50
-0.0555173278498313	1	237	log2(tiles)=0.00 log10(pixels)=2.00
0.119231719730976	1	238	log2(tiles)=0.00 log10(pixels)=1.75
0.0791812460476249	3	239	log2(tiles)=0.00 log10(pixels)=1.00
0.0675653695597807	1	240	log2(tiles)=1.00 log10(pixels)=2.75
-0.0228787452803376	4	241	log2(tiles)=0.00 log10(pixels)=1.50
0.102059991327963	4	242	log2(tiles)=0.00 log10(pixels)=1.50
-0.103871964321762	3	243	log2(tiles)=0.00 log10(pixels)=1.25
0.0791812460476249	4	244	log2(tiles)=0.00 log10(pixels)=1.00
-0.119666231504994	1	245	log2(tiles)=0.00 log10(pixels)=2.25
0.0171717284030137	1	246	log2(tiles)=1.00 log10(pixels)=2.25
0.0423916894982539	2	247	log2(tiles)=0.00 log10(pixels)=1.75
0.0514037100173552	1	248	log2(tiles)=0.00 log10(pixels)=2.75
-0.105548319173784	1	249	log2(tiles)=0.00 log10(pixels)=2.50
-0.0739087409443187	5	250	log2(tiles)=0.00 log10(pixels)=1.25
0.124748346010104	1	251	log2(tiles)=1.00 log10(pixels)=2.25
-0.0510299956639813	1	252	log2(tiles)=0.00 log10(pixels)=1.75
-0.0376020021010439	3	253	log2(tiles)=0.00 log10(pixels)=1.50
0.0413926851582249	1	254	log2(tiles)=1.00 log10(pixels)=2.00
-0.116461091629783	2	255	log2(tiles)=0.00 log10(pixels)=2.25
0.0310333672477277	1	256	log2(tiles)=0.00 log10(pixels)=2.25
0.0281512503836436	1	257	log2(tiles)=1.00 log10(pixels)=0.75
-0.0376020021010439	4	258	log2(tiles)=0.00 log10(pixels)=1.50
-0.0967874862246563	1	259	log2(tiles)=0.00 log10(pixels)=1.75
0	4	260	log2(tiles)=0.00 log10(pixels)=1.00
-0.0381927709588088	1	261	log2(tiles)=2.00 log10(pixels)=2.75
0.00527250510330601	1	262	log2(tiles)=1.00 log10(pixels)=1.25
0.0510299956639813	4	263	log2(tiles)=0.00 log10(pixels)=1.25
0.113943352306837	2	264	log2(tiles)=0.00 log10(pixels)=1.00
0.0203612826477078	1	265	log2(tiles)=2.00 log10(pixels)=3.00
-0.0195510786217261	1	266	log2(tiles)=0.00 log10(pixels)=1.25
-0.0176062401770314	1	267	log2(tiles)=1.00 log10(pixels)=1.75
0.00434833571101878	1	268	log2(tiles)=0.00 log10(pixels)=2.75
0.0353298350107671	1	269	log2(tiles)=0.00 log10(pixels)=1.75
0.0314789170422551	2	270	log2(tiles)=0.00 log10(pixels)=1.50
0.0211892990699383	1	271	log2(tiles)=1.00 log10(pixels)=2.00
0.0281512503836436	6	272	log2(tiles)=0.00 log10(pixels)=0.75
0.0963529744506388	3	273	log2(tiles)=1.00 log10(pixels)=2.25
0.0797835966168101	3	274	log2(tiles)=0.00 log10(pixels)=1.50
0.120136054973758	1	275	log2(tiles)=0.00 log10(pixels)=2.50
-0.0228787452803376	2	276	log2(tiles)=0.00 log10(pixels)=0.50
-0.0457574905606751	3	277	log2(tiles)=0.00 log10(pixels)=1.00
0.00527250510330601	3	278	log2(tiles)=0.00 log10(pixels)=1.25
0.00514997831990605	1	279	log2(tiles)=1.00 log10(pixels)=1.50
0.0553513694466239	1	280	log2(tiles)=1.00 log10(pixels)=2.25
0.0413926851582249	5	281	log2(tiles)=0.00 log10(pixels)=1.00
-0.10790539730952	1	282	log2(tiles)=2.00 log10(pixels)=2.00
0.012837224705172	2	283	log2(tiles)=0.00 log10(pixels)=2.00
0.0950980400142568	1	284	log2(tiles)=0.00 log10(pixels)=0.75
0.0888490907372552	1	285	log2(tiles)=1.00 log10(pixels)=1.75
-0.0325160557860937	1	286	log2(tiles)=0.00 log10(pixels)=2.25
-0.0457574905606752	1	287	log2(tiles)=1.00 log10(pixels)=2.00
0.0493405494535817	2	288	log2(tiles)=1.00 log10(pixels)=1.75
0.0791812460476249	5	289	log2(tiles)=0.00 log10(pixels)=1.00
-0.0457574905606751	4	290	log2(tiles)=0.00 log10(pixels)=1.00
-0.0687587626244128	1	291	log2(tiles)=0.00 log10(pixels)=1.75
-0.119788758288394	1	292	log2(tiles)=0.00 log10(pixels)=1.50
0.0477747053878224	1	293	log2(tiles)=2.00 log10(pixels)=2.50
0.0413926851582249	6	294	log2(tiles)=0.00 log10(pixels)=1.00
-0.103871964321762	1	295	log2(tiles)=0.00 log10(pixels)=2.25
-0.0457574905606751	5	296	log2(tiles)=0.00 log10(pixels)=1.00
-0.119788758288394	2	297	log2(tiles)=0.00 log10(pixels)=1.50
-0.0458800173440752	1	298	log2(tiles)=0.00 log10(pixels)=1.25
-0.0915149811213503	2	299	log2(tiles)=1.00 log10(pixels)=2.00
0.0314789170422551	3	300	log2(tiles)=0.00 log10(pixels)=1.50
-0.0915149811213503	2	301	log2(tiles)=0.00 log10(pixels)=2.00
-0.0739087409443187	6	302	log2(tiles)=0.00 log10(pixels)=1.25
0.111727836017593	3	303	log2(tiles)=0.00 log10(pixels)=1.25
-0.0195510786217261	2	304	log2(tiles)=0.00 log10(pixels)=1.25
0.0185139398778875	2	305	log2(tiles)=0.00 log10(pixels)=1.50
0.113943352306837	1	306	log2(tiles)=1.00 log10(pixels)=1.00
-0.0458800173440752	2	307	log2(tiles)=0.00 log10(pixels)=1.25
-0.0969100130080565	2	308	log2(tiles)=1.00 log10(pixels)=1.00
-0.0872421683184259	3	309	log2(tiles)=0.00 log10(pixels)=1.75
0.0681858617461617	1	310	log2(tiles)=2.00 log10(pixels)=2.00
0.102059991327962	4	311	log2(tiles)=0.00 log10(pixels)=0.50
-0.0228787452803376	3	312	log2(tiles)=0.00 log10(pixels)=0.50
-0.075118363368933	1	313	log2(tiles)=0.00 log10(pixels)=2.50
-0.0457574905606752	2	314	log2(tiles)=1.00 log10(pixels)=2.00
0.0440680443502757	1	315	log2(tiles)=1.00 log10(pixels)=1.50
-0.093459819566045	1	316	log2(tiles)=0.00 log10(pixels)=2.50
-0.110833915635467	1	317	log2(tiles)=1.50 log10(pixels)=2.50
-0.076813731587726	1	318	log2(tiles)=1.00 log10(pixels)=2.25
0.102059991327962	5	319	log2(tiles)=0.00 log10(pixels)=0.50
-0.0687587626244128	2	320	log2(tiles)=0.00 log10(pixels)=1.75
0.119231719730976	2	321	log2(tiles)=0.00 log10(pixels)=1.75
-0.0969100130080565	3	322	log2(tiles)=1.00 log10(pixels)=1.00
0.0950980400142568	2	323	log2(tiles)=0.00 log10(pixels)=0.75
-0.106547323513813	1	324	log2(tiles)=0.00 log10(pixels)=1.75
0.0281512503836436	7	325	log2(tiles)=0.00 log10(pixels)=0.75
-0.0687587626244128	1	326	log2(tiles)=1.00 log10(pixels)=1.75
-0.124687549038326	1	327	log2(tiles)=1.50 log10(pixels)=2.75
-0.0687587626244128	2	328	log2(tiles)=1.00 log10(pixels)=1.75
0.102059991327962	6	329	log2(tiles)=0.00 log10(pixels)=0.50
-0.103871964321762	4	330	log2(tiles)=0.00 log10(pixels)=1.25
-0.122895201635192	1	331	log2(tiles)=1.00 log10(pixels)=2.25
0.113943352306837	3	332	log2(tiles)=0.00 log10(pixels)=1.00
-0.102059991327962	1	333	log2(tiles)=1.00 log10(pixels)=1.50
-0.085026652029182	1	334	log2(tiles)=0.00 log10(pixels)=1.50
-0.0228787452803376	5	335	log2(tiles)=0.00 log10(pixels)=1.50
0.0440680443502757	2	336	log2(tiles)=0.00 log10(pixels)=1.50
0.0722192947339193	2	337	log2(tiles)=0.00 log10(pixels)=1.25
-0.0686362358410126	1	338	log2(tiles)=1.00 log10(pixels)=1.50
0.102059991327962	7	339	log2(tiles)=0.00 log10(pixels)=0.50
-0.0376020021010439	5	340	log2(tiles)=0.00 log10(pixels)=1.50
-0.106985199745905	1	341	log2(tiles)=0.00 log10(pixels)=2.25
-0.0779021420642825	1	342	log2(tiles)=1.00 log10(pixels)=1.75
-0.0510299956639813	2	343	log2(tiles)=0.00 log10(pixels)=1.75
-0.0969100130080565	3	344	log2(tiles)=0.00 log10(pixels)=1.00
0.117271295655764	1	345	log2(tiles)=2.00 log10(pixels)=3.00
-0.0604807473813815	1	346	log2(tiles)=0.00 log10(pixels)=2.00
0.12057393120585	1	347	log2(tiles)=1.00 log10(pixels)=2.00
-0.0739087409443187	1	348	log2(tiles)=1.00 log10(pixels)=2.25
-0.110120913598764	1	349	log2(tiles)=0.00 log10(pixels)=2.25
-0.0510299956639812	5	350	log2(tiles)=0.00 log10(pixels)=0.75
-0.0739087409443187	7	351	log2(tiles)=0.00 log10(pixels)=1.25
-0.0733063903751337	1	352	log2(tiles)=1.00 log10(pixels)=2.75
0.113943352306837	4	353	log2(tiles)=0.00 log10(pixels)=1.00
0.0281512503836436	1	354	log2(tiles)=0.00 log10(pixels)=1.75
-0.0739087409443187	8	355	log2(tiles)=0.00 log10(pixels)=1.25
-0.0705810742857072	1	356	log2(tiles)=1.00 log10(pixels)=2.00
-0.0686362358410126	2	357	log2(tiles)=0.00 log10(pixels)=1.50
0.0182843084265309	1	358	log2(tiles)=2.00 log10(pixels)=3.00
0.0185139398778875	3	359	log2(tiles)=0.00 log10(pixels)=1.50
-0.0458800173440752	3	360	log2(tiles)=0.00 log10(pixels)=1.25
-0.0457574905606751	6	361	log2(tiles)=0.00 log10(pixels)=1.00
-0.0654310959658013	1	362	log2(tiles)=2.00 log10(pixels)=2.50
-0.0228787452803376	6	363	log2(tiles)=0.00 log10(pixels)=1.50
0.0440680443502757	3	364	log2(tiles)=0.00 log10(pixels)=1.50
-0.103871964321762	5	365	log2(tiles)=0.00 log10(pixels)=1.25
-0.0969100130080565	4	366	log2(tiles)=0.00 log10(pixels)=1.00
0	5	367	log2(tiles)=0.00 log10(pixels)=1.00
0	6	368	log2(tiles)=0.00 log10(pixels)=1.00
0.012837224705172	3	369	log2(tiles)=0.00 log10(pixels)=2.00
0.00514997831990605	3	370	log2(tiles)=0.00 log10(pixels)=1.50
0.00587485567249146	1	371	log2(tiles)=0.00 log10(pixels)=1.75
0.0791812460476247	1	372	log2(tiles)=1.00 log10(pixels)=2.00
0.0185139398778875	4	373	log2(tiles)=0.00 log10(pixels)=1.50
0.0413926851582249	7	374	log2(tiles)=0.00 log10(pixels)=1.00
-0.0686362358410126	3	375	log2(tiles)=0.00 log10(pixels)=1.50
0.111727836017593	1	376	log2(tiles)=1.00 log10(pixels)=1.25
-0.0458800173440752	4	377	log2(tiles)=0.00 log10(pixels)=1.25
0.0932860670204572	1	378	log2(tiles)=0.00 log10(pixels)=2.50
0.0492180226701815	3	379	log2(tiles)=1.00 log10(pixels)=2.00
-0.0739087409443187	9	380	log2(tiles)=0.00 log10(pixels)=1.25
0.0561799739838871	2	381	log2(tiles)=0.00 log10(pixels)=1.75
-0.0228787452803376	7	382	log2(tiles)=0.00 log10(pixels)=1.50
-0.0510299956639813	1	383	log2(tiles)=1.00 log10(pixels)=1.75
-0.0604807473813815	2	384	log2(tiles)=0.00 log10(pixels)=2.00
-0.031517051446065	2	385	log2(tiles)=0.00 log10(pixels)=2.00
0.0281512503836436	2	386	log2(tiles)=1.00 log10(pixels)=0.75
0.00514997831990605	4	387	log2(tiles)=0.00 log10(pixels)=1.50
0.0950980400142568	3	388	log2(tiles)=0.00 log10(pixels)=0.75
-0.0176062401770314	1	389	log2(tiles)=2.00 log10(pixels)=1.75
-0.00877392430750512	1	390	log2(tiles)=1.00 log10(pixels)=2.00
-0.0739087409443187	10	391	log2(tiles)=0.00 log10(pixels)=1.25
0.107332496431269	1	392	log2(tiles)=0.00 log10(pixels)=1.75
0.0510299956639812	3	393	log2(tiles)=0.00 log10(pixels)=0.25
-0.0458800173440752	5	394	log2(tiles)=0.00 log10(pixels)=1.25
0.0791812460476249	6	395	log2(tiles)=0.00 log10(pixels)=1.00
-0.0967874862246563	2	396	log2(tiles)=0.00 log10(pixels)=1.75
-0.0409586076789064	2	397	log2(tiles)=1.00 log10(pixels)=2.00
-0.0228787452803376	4	398	log2(tiles)=0.00 log10(pixels)=0.50
-0.0767541260631921	1	399	log2(tiles)=0.00 log10(pixels)=2.50
0.0353298350107671	1	400	log2(tiles)=1.00 log10(pixels)=1.75
0.102059991327962	8	401	log2(tiles)=0.00 log10(pixels)=0.50
0.0791812460476249	7	402	log2(tiles)=0.00 log10(pixels)=1.00
-0.0195510786217261	3	403	log2(tiles)=0.00 log10(pixels)=1.25
0	1	404	log2(tiles)=1.00 log10(pixels)=1.00
0.0924226808222062	1	405	log2(tiles)=0.00 log10(pixels)=1.25
0.0950980400142568	4	406	log2(tiles)=0.00 log10(pixels)=0.75
-0.0510299956639812	6	407	log2(tiles)=0.00 log10(pixels)=0.75
-0.0739087409443187	1	408	log2(tiles)=0.00 log10(pixels)=2.25
-0.0969100130080565	5	409	log2(tiles)=0.00 log10(pixels)=1.00
0.00527250510330601	4	410	log2(tiles)=0.00 log10(pixels)=1.25
0.113943352306837	5	411	log2(tiles)=0.00 log10(pixels)=1.00
0	2	412	log2(tiles)=1.00 log10(pixels)=1.00
-0.0510299956639812	7	413	log2(tiles)=0.00 log10(pixels)=0.75
0.102059991327962	9	414	log2(tiles)=0.00 log10(pixels)=0.50
-0.0458800173440752	6	415	log2(tiles)=0.00 log10(pixels)=1.25
-0.0757207139381184	2	416	log2(tiles)=0.00 log10(pixels)=2.00
-0.0177287669604316	1	417	log2(tiles)=0.00 log10(pixels)=2.00
-0.0969100130080565	6	418	log2(tiles)=0.00 log10(pixels)=1.00
0.111727836017593	4	419	log2(tiles)=0.00 log10(pixels)=1.25
0.113943352306837	6	420	log2(tiles)=0.00 log10(pixels)=1.00
-0.0457574905606751	1	421	log2(tiles)=1.00 log10(pixels)=1.00
0.02415784926368	1	422	log2(tiles)=0.00 log10(pixels)=2.25
0.0791812460476249	8	423	log2(tiles)=0.00 log10(pixels)=1.00
0.0950980400142568	5	424	log2(tiles)=0.00 log10(pixels)=0.75
-0.106547323513813	2	425	log2(tiles)=0.00 log10(pixels)=1.75
-0.0228787452803376	5	426	log2(tiles)=0.00 log10(pixels)=0.50
0.102059991327962	10	427	log2(tiles)=0.00 log10(pixels)=0.50
0.0310333672477277	2	428	log2(tiles)=0.00 log10(pixels)=2.25
-0.102059991327962	2	429	log2(tiles)=0.00 log10(pixels)=1.50
-0.0228787452803376	6	430	log2(tiles)=0.00 log10(pixels)=0.50
0.113943352306837	7	431	log2(tiles)=0.00 log10(pixels)=1.00
-0.0458800173440752	2	432	log2(tiles)=1.00 log10(pixels)=1.25
-0.0510299956639812	8	433	log2(tiles)=0.00 log10(pixels)=0.75
-0.119788758288394	3	434	log2(tiles)=0.00 log10(pixels)=1.50
0.0924226808222062	1	435	log2(tiles)=1.00 log10(pixels)=1.25
0.113943352306837	8	436	log2(tiles)=0.00 log10(pixels)=1.00
-0.0431741239681505	1	437	log2(tiles)=0.00 log10(pixels)=2.25
0.102059991327962	11	438	log2(tiles)=0.00 log10(pixels)=0.50
-0.0228787452803376	7	439	log2(tiles)=0.00 log10(pixels)=0.50
0.102059991327962	12	440	log2(tiles)=0.00 log10(pixels)=0.50
0.102059991327962	13	441	log2(tiles)=0.00 log10(pixels)=0.50
-0.119788758288394	1	442	log2(tiles)=1.00 log10(pixels)=1.50
-0.0739087409443187	11	443	log2(tiles)=0.00 log10(pixels)=1.25
-0.0228787452803376	8	444	log2(tiles)=0.00 log10(pixels)=0.50
-0.0228787452803376	9	445	log2(tiles)=0.00 log10(pixels)=0.50
0.102059991327962	14	446	log2(tiles)=0.00 log10(pixels)=0.50
-0.0457574905606751	7	447	log2(tiles)=0.00 log10(pixels)=1.00
0.00514997831990605	2	448	log2(tiles)=1.00 log10(pixels)=1.50
0.0208520116421442	1	449	log2(tiles)=0.00 log10(pixels)=1.75
0.0374264979406238	1	450	log2(tiles)=0.00 log10(pixels)=2.00
0.068201724066995	2	451	log2(tiles)=0.00 log10(pixels)=1.50
-0.085026652029182	2	452	log2(tiles)=0.00 log10(pixels)=1.50
-0.0228787452803376	10	453	log2(tiles)=0.00 log10(pixels)=0.50
0.102059991327962	15	454	log2(tiles)=0.00 log10(pixels)=0.50
-0.110120913598764	1	455	log2(tiles)=1.00 log10(pixels)=2.25
0.0924226808222062	2	456	log2(tiles)=0.00 log10(pixels)=1.25
0.0910646070264991	1	457	log2(tiles)=1.00 log10(pixels)=1.50
0.111727836017593	5	458	log2(tiles)=0.00 log10(pixels)=1.25
0.0413926851582249	2	459	log2(tiles)=1.00 log10(pixels)=2.00
0.0400346113625178	1	460	log2(tiles)=0.00 log10(pixels)=2.25
0.0413926851582249	8	461	log2(tiles)=0.00 log10(pixels)=1.00
0.102059991327962	1	462	log2(tiles)=1.00 log10(pixels)=0.50
0.0924226808222062	3	463	log2(tiles)=0.00 log10(pixels)=1.25
0.0134279935629373	2	464	log2(tiles)=0.00 log10(pixels)=1.75
0.0493405494535817	1	465	log2(tiles)=0.00 log10(pixels)=2.75
-0.0195510786217261	4	466	log2(tiles)=0.00 log10(pixels)=1.25
0.111727836017593	2	467	log2(tiles)=1.00 log10(pixels)=1.25
-0.0886319977650252	1	468	log2(tiles)=1.00 log10(pixels)=2.25
-0.0391021572434522	1	469	log2(tiles)=1.50 log10(pixels)=2.50
0.0783796034387376	1	470	log2(tiles)=0.00 log10(pixels)=2.25
-0.0528419686577808	2	471	log2(tiles)=0.00 log10(pixels)=1.50
0.102059991327962	16	472	log2(tiles)=0.00 log10(pixels)=0.50
0.113943352306837	9	473	log2(tiles)=0.00 log10(pixels)=1.00
0.00527250510330601	5	474	log2(tiles)=0.00 log10(pixels)=1.25
-0.119788758288394	4	475	log2(tiles)=0.00 log10(pixels)=1.50
0.0760748027008265	1	476	log2(tiles)=0.00 log10(pixels)=1.75
0.0353298350107671	2	477	log2(tiles)=1.00 log10(pixels)=1.75
0.102059991327962	17	478	log2(tiles)=0.00 log10(pixels)=0.50
0.102059991327962	18	479	log2(tiles)=0.00 log10(pixels)=0.50
0.0281512503836436	8	480	log2(tiles)=0.00 log10(pixels)=0.75
-0.0686362358410126	2	481	log2(tiles)=1.00 log10(pixels)=1.50
-0.0946639625349381	1	482	log2(tiles)=1.00 log10(pixels)=2.25
0.0281512503836436	9	483	log2(tiles)=0.00 log10(pixels)=0.75
0.0185139398778875	5	484	log2(tiles)=0.00 log10(pixels)=1.50
-0.102059991327962	3	485	log2(tiles)=0.00 log10(pixels)=1.50
-0.0687587626244128	3	486	log2(tiles)=0.00 log10(pixels)=1.75
-0.0228787452803376	8	487	log2(tiles)=0.00 log10(pixels)=1.50
0.0924226808222062	4	488	log2(tiles)=0.00 log10(pixels)=1.25
0.0510299956639812	4	489	log2(tiles)=0.00 log10(pixels)=0.25
0.0510299956639812	5	490	log2(tiles)=0.00 log10(pixels)=0.25
-0.119788758288394	5	491	log2(tiles)=0.00 log10(pixels)=1.50
0.0797835966168101	4	492	log2(tiles)=0.00 log10(pixels)=1.50
0.0281512503836436	10	493	log2(tiles)=0.00 log10(pixels)=0.75
-0.0144715530924513	1	494	log2(tiles)=0.00 log10(pixels)=2.25
0.102059991327962	19	495	log2(tiles)=0.00 log10(pixels)=0.50
0.119215857410143	1	496	log2(tiles)=0.00 log10(pixels)=2.25
0.068201724066995	3	497	log2(tiles)=0.00 log10(pixels)=1.50
0.102059991327962	20	498	log2(tiles)=0.00 log10(pixels)=0.50
0	1	499	log2(tiles)=0.00 log10(pixels)=0.00
0.102059991327962	21	500	log2(tiles)=0.00 log10(pixels)=0.50
0.0314789170422551	4	501	log2(tiles)=0.00 log10(pixels)=1.50
0.0950980400142569	2	502	log2(tiles)=0.00 log10(pixels)=1.75
-0.0872421683184257	1	503	log2(tiles)=1.00 log10(pixels)=2.75
-0.0687587626244128	4	504	log2(tiles)=0.00 log10(pixels)=1.75
-0.0457574905606751	8	505	log2(tiles)=0.00 log10(pixels)=1.00
-0.0528419686577808	3	506	log2(tiles)=0.00 log10(pixels)=1.50
-0.116531544420413	1	507	log2(tiles)=0.00 log10(pixels)=1.75
0.0950980400142568	6	508	log2(tiles)=0.00 log10(pixels)=0.75
0.0606978403536118	1	509	log2(tiles)=1.00 log10(pixels)=2.00
-0.116531544420413	2	510	log2(tiles)=0.00 log10(pixels)=1.75
-0.119788758288394	2	511	log2(tiles)=1.00 log10(pixels)=1.50
0.0950980400142568	7	512	log2(tiles)=0.00 log10(pixels)=0.75
-0.102059991327962	4	513	log2(tiles)=0.00 log10(pixels)=1.50
0.0287536009528289	3	514	log2(tiles)=0.00 log10(pixels)=1.25
-0.0228787452803376	11	515	log2(tiles)=0.00 log10(pixels)=0.50
0.0791812460476249	9	516	log2(tiles)=0.00 log10(pixels)=1.00
0.0510299956639812	6	517	log2(tiles)=0.00 log10(pixels)=0.25
-0.0510299956639812	9	518	log2(tiles)=0.00 log10(pixels)=0.75
0.112783856719735	3	519	log2(tiles)=1.00 log10(pixels)=1.50
0.0413926851582249	9	520	log2(tiles)=0.00 log10(pixels)=1.00
0.0722192947339193	3	521	log2(tiles)=0.00 log10(pixels)=1.25
0.0510299956639812	7	522	log2(tiles)=0.00 log10(pixels)=0.25
0.0950980400142568	1	523	log2(tiles)=1.00 log10(pixels)=0.75
0.0287536009528289	4	524	log2(tiles)=0.00 log10(pixels)=1.25
0.113943352306837	10	525	log2(tiles)=0.00 log10(pixels)=1.00
-0.0222763947111522	1	526	log2(tiles)=0.00 log10(pixels)=2.00
-0.0457574905606751	9	527	log2(tiles)=0.00 log10(pixels)=1.00
0.0629133566428555	1	528	log2(tiles)=0.00 log10(pixels)=1.75
-0.0228787452803376	12	529	log2(tiles)=0.00 log10(pixels)=0.50
0.0171958979499744	1	530	log2(tiles)=1.00 log10(pixels)=2.50
0.0440680443502757	2	531	log2(tiles)=1.00 log10(pixels)=1.50
0.0281512503836436	11	532	log2(tiles)=0.00 log10(pixels)=0.75
-0.00863830616572736	3	533	log2(tiles)=0.00 log10(pixels)=1.50
0.0413926851582249	10	534	log2(tiles)=0.00 log10(pixels)=1.00
-0.119788758288394	6	535	log2(tiles)=0.00 log10(pixels)=1.50
0.0797835966168101	5	536	log2(tiles)=0.00 log10(pixels)=1.50
-0.0739087409443187	12	537	log2(tiles)=0.00 log10(pixels)=1.25
0.0428254269591797	1	538	log2(tiles)=1.50 log10(pixels)=2.50
-0.102059991327962	5	539	log2(tiles)=0.00 log10(pixels)=1.50
0.102059991327962	22	540	log2(tiles)=0.00 log10(pixels)=0.50
0.102059991327962	23	541	log2(tiles)=0.00 log10(pixels)=0.50
-0.0195510786217261	5	542	log2(tiles)=0.00 log10(pixels)=1.25
0.0825089127062364	2	543	log2(tiles)=0.00 log10(pixels)=1.75
0.0510299956639812	8	544	log2(tiles)=0.00 log10(pixels)=0.25
0.0924226808222062	2	545	log2(tiles)=1.00 log10(pixels)=1.25
-0.0195510786217261	6	546	log2(tiles)=0.00 log10(pixels)=1.25
-0.0510299956639812	10	547	log2(tiles)=0.00 log10(pixels)=0.75
-0.102059991327962	6	548	log2(tiles)=0.00 log10(pixels)=1.50
0.0287536009528289	5	549	log2(tiles)=0.00 log10(pixels)=1.25
0.00514997831990605	5	550	log2(tiles)=0.00 log10(pixels)=1.50
-0.093459819566045	1	551	log2(tiles)=1.00 log10(pixels)=2.50
0.102059991327962	24	552	log2(tiles)=0.00 log10(pixels)=0.50
0.0864597338485296	1	553	log2(tiles)=1.00 log10(pixels)=2.25
0.0413926851582249	11	554	log2(tiles)=0.00 log10(pixels)=1.00
-0.0457574905606751	10	555	log2(tiles)=0.00 log10(pixels)=1.00
0.0791812460476249	1	556	log2(tiles)=1.00 log10(pixels)=1.00
-0.0457574905606751	11	557	log2(tiles)=0.00 log10(pixels)=1.00
0.0797835966168101	1	558	log2(tiles)=1.00 log10(pixels)=1.50
-0.0739087409443187	13	559	log2(tiles)=0.00 log10(pixels)=1.25
-0.085026652029182	3	560	log2(tiles)=0.00 log10(pixels)=1.50
-0.0969100130080565	7	561	log2(tiles)=0.00 log10(pixels)=1.00
-0.0228787452803376	13	562	log2(tiles)=0.00 log10(pixels)=0.50
-0.0510299956639812	11	563	log2(tiles)=0.00 log10(pixels)=0.75
0.0563025007672873	1	564	log2(tiles)=0.00 log10(pixels)=1.50
-0.0228787452803376	1	565	log2(tiles)=1.00 log10(pixels)=0.50
0.0281512503836436	12	566	log2(tiles)=0.00 log10(pixels)=0.75
0.0510299956639812	9	567	log2(tiles)=0.00 log10(pixels)=0.25
-0.106547323513813	3	568	log2(tiles)=0.00 log10(pixels)=1.75
0.00527250510330601	6	569	log2(tiles)=0.00 log10(pixels)=1.25
-0.0510299956639812	12	570	log2(tiles)=0.00 log10(pixels)=0.75
0.0281512503836436	13	571	log2(tiles)=0.00 log10(pixels)=0.75
0.102059991327962	25	572	log2(tiles)=0.00 log10(pixels)=0.50
0.0563025007672873	1	573	log2(tiles)=1.00 log10(pixels)=1.50
0	7	574	log2(tiles)=0.00 log10(pixels)=1.00
0.11066016308988	1	575	log2(tiles)=2.00 log10(pixels)=2.50
-0.0510299956639812	13	576	log2(tiles)=0.00 log10(pixels)=0.75
0.107332496431269	2	577	log2(tiles)=0.00 log10(pixels)=1.75
-0.0228787452803376	14	578	log2(tiles)=0.00 log10(pixels)=0.50
0.0413926851582249	12	579	log2(tiles)=0.00 log10(pixels)=1.00
0.0287536009528289	1	580	log2(tiles)=1.00 log10(pixels)=1.25
-0.0457574905606751	12	581	log2(tiles)=0.00 log10(pixels)=1.00
-0.0510299956639812	14	582	log2(tiles)=0.00 log10(pixels)=0.75
-0.0228787452803376	15	583	log2(tiles)=0.00 log10(pixels)=0.50
0	2	584	log2(tiles)=0.00 log10(pixels)=0.00
-0.0228787452803376	16	585	log2(tiles)=0.00 log10(pixels)=0.50
-0.0510299956639812	15	586	log2(tiles)=0.00 log10(pixels)=0.75
-0.0681564120552274	2	587	log2(tiles)=0.00 log10(pixels)=2.25
-0.0228787452803376	17	588	log2(tiles)=0.00 log10(pixels)=0.50
-0.0228787452803376	18	589	log2(tiles)=0.00 log10(pixels)=0.50
0.102059991327963	5	590	log2(tiles)=0.00 log10(pixels)=1.50
-0.0969100130080565	8	591	log2(tiles)=0.00 log10(pixels)=1.00
-0.0969100130080565	9	592	log2(tiles)=0.00 log10(pixels)=1.00
-0.0528419686577808	4	593	log2(tiles)=0.00 log10(pixels)=1.50
0.102059991327962	2	594	log2(tiles)=1.00 log10(pixels)=0.50
0.0924226808222062	5	595	log2(tiles)=0.00 log10(pixels)=1.25
-0.0195510786217261	7	596	log2(tiles)=0.00 log10(pixels)=1.25
-0.0195510786217261	8	597	log2(tiles)=0.00 log10(pixels)=1.25
-0.0457574905606751	13	598	log2(tiles)=0.00 log10(pixels)=1.00
0.0695439355418688	2	599	log2(tiles)=1.00 log10(pixels)=1.75
-0.0431741239681505	1	600	log2(tiles)=1.00 log10(pixels)=2.25
0.0170333392987803	1	601	log2(tiles)=1.00 log10(pixels)=2.00
0.102059991327962	26	602	log2(tiles)=0.00 log10(pixels)=0.50
0.0510299956639812	10	603	log2(tiles)=0.00 log10(pixels)=0.25
0.0950980400142568	8	604	log2(tiles)=0.00 log10(pixels)=0.75
-0.0598039199714864	1	605	log2(tiles)=0.00 log10(pixels)=1.75
0.100248018334163	1	606	log2(tiles)=0.00 log10(pixels)=2.25
-0.0228787452803376	1	607	log2(tiles)=1.00 log10(pixels)=1.50
-0.0228787452803376	19	608	log2(tiles)=0.00 log10(pixels)=0.50
0.00587485567249146	2	609	log2(tiles)=0.00 log10(pixels)=1.75
-0.10292299679058	1	610	log2(tiles)=1.50 log10(pixels)=3.00
0.0950980400142568	9	611	log2(tiles)=0.00 log10(pixels)=0.75
0.102059991327962	27	612	log2(tiles)=0.00 log10(pixels)=0.50
0.0510299956639812	11	613	log2(tiles)=0.00 log10(pixels)=0.25
0.0510299956639812	12	614	log2(tiles)=0.00 log10(pixels)=0.25
0.0281512503836436	14	615	log2(tiles)=0.00 log10(pixels)=0.75
-0.0604807473813815	3	616	log2(tiles)=0.00 log10(pixels)=2.00
0.0791812460476249	10	617	log2(tiles)=0.00 log10(pixels)=1.00
0.0314789170422551	5	618	log2(tiles)=0.00 log10(pixels)=1.50
0.0950980400142568	10	619	log2(tiles)=0.00 log10(pixels)=0.75
-0.0624710387853655	1	620	log2(tiles)=1.00 log10(pixels)=2.75
-0.112013267276468	1	621	log2(tiles)=1.50 log10(pixels)=3.25
0.113943352306837	1	622	log2(tiles)=1.50 log10(pixels)=1.00
-0.0510299956639812	16	623	log2(tiles)=0.00 log10(pixels)=0.75
-0.0043648054024501	1	624	log2(tiles)=0.00 log10(pixels)=2.00
0.0440680443502757	4	625	log2(tiles)=0.00 log10(pixels)=1.50
-0.0528419686577808	5	626	log2(tiles)=0.00 log10(pixels)=1.50
-0.0510299956639812	17	627	log2(tiles)=0.00 log10(pixels)=0.75
-0.0346171485515816	1	628	log2(tiles)=1.00 log10(pixels)=2.50
-0.00181197299379954	3	629	log2(tiles)=0.00 log10(pixels)=1.75
0.0510299956639812	13	630	log2(tiles)=0.00 log10(pixels)=0.25
-0.0510299956639812	18	631	log2(tiles)=0.00 log10(pixels)=0.75
0.0950980400142568	11	632	log2(tiles)=0.00 log10(pixels)=0.75
-0.0705810742857072	1	633	log2(tiles)=0.00 log10(pixels)=2.00
0.113943352306837	11	634	log2(tiles)=0.00 log10(pixels)=1.00
-0.0228787452803376	20	635	log2(tiles)=0.00 log10(pixels)=0.50
0.0791812460476249	11	636	log2(tiles)=0.00 log10(pixels)=1.00
0.102059991327962	28	637	log2(tiles)=0.00 log10(pixels)=0.50
0.113943352306837	12	638	log2(tiles)=0.00 log10(pixels)=1.00
-0.0228787452803376	21	639	log2(tiles)=0.00 log10(pixels)=0.50
-0.0458800173440752	7	640	log2(tiles)=0.00 log10(pixels)=1.25
-0.085026652029182	1	641	log2(tiles)=1.00 log10(pixels)=1.50
0.102059991327962	29	642	log2(tiles)=0.00 log10(pixels)=0.50
-0.00492520841794253	1	643	log2(tiles)=1.00 log10(pixels)=2.75
0	8	644	log2(tiles)=0.00 log10(pixels)=1.00
0.0510299956639812	14	645	log2(tiles)=0.00 log10(pixels)=0.25
0.0281512503836436	15	646	log2(tiles)=0.00 log10(pixels)=0.75
0.068201724066995	1	647	log2(tiles)=1.00 log10(pixels)=1.50
0.0281512503836436	16	648	log2(tiles)=0.00 log10(pixels)=0.75
-0.0100415205751654	1	649	log2(tiles)=1.00 log10(pixels)=2.50
-0.0969100130080565	10	650	log2(tiles)=0.00 log10(pixels)=1.00
-0.0257241303992108	1	651	log2(tiles)=0.00 log10(pixels)=1.75
0	9	652	log2(tiles)=0.00 log10(pixels)=1.00
0.123851640967086	1	653	log2(tiles)=0.00 log10(pixels)=2.00
-0.0457574905606751	14	654	log2(tiles)=0.00 log10(pixels)=1.00
0.0718820073061255	1	655	log2(tiles)=2.00 log10(pixels)=2.00
-0.0510299956639812	19	656	log2(tiles)=0.00 log10(pixels)=0.75
-0.0969100130080565	11	657	log2(tiles)=0.00 log10(pixels)=1.00
0	10	658	log2(tiles)=0.00 log10(pixels)=1.00
-0.0228787452803376	22	659	log2(tiles)=0.00 log10(pixels)=0.50
0	11	660	log2(tiles)=0.00 log10(pixels)=1.00
0.0510299956639812	15	661	log2(tiles)=0.00 log10(pixels)=0.25
0.0950980400142568	12	662	log2(tiles)=0.00 log10(pixels)=0.75
-0.0457574905606751	15	663	log2(tiles)=0.00 log10(pixels)=1.00
0.0510299956639812	16	664	log2(tiles)=0.00 log10(pixels)=0.25
0.113943352306837	13	665	log2(tiles)=0.00 log10(pixels)=1.00
0.00514997831990605	3	666	log2(tiles)=1.00 log10(pixels)=1.50
-0.0228787452803376	23	667	log2(tiles)=0.00 log10(pixels)=0.50
0.0510299956639812	17	668	log2(tiles)=0.00 log10(pixels)=0.25
0.102059991327962	30	669	log2(tiles)=0.00 log10(pixels)=0.50
-0.0969100130080565	12	670	log2(tiles)=0.00 log10(pixels)=1.00
-0.0510299956639812	20	671	log2(tiles)=0.00 log10(pixels)=0.75
-0.102059991327962	7	672	log2(tiles)=0.00 log10(pixels)=1.50
0.0253058652647704	3	673	log2(tiles)=0.00 log10(pixels)=2.00
0.102059991327962	31	674	log2(tiles)=0.00 log10(pixels)=0.50
0.0950980400142568	13	675	log2(tiles)=0.00 log10(pixels)=0.75
0.0791812460476249	12	676	log2(tiles)=0.00 log10(pixels)=1.00
0.0510299956639812	18	677	log2(tiles)=0.00 log10(pixels)=0.25
-0.0510299956639813	3	678	log2(tiles)=0.00 log10(pixels)=1.75
-0.0969100130080565	13	679	log2(tiles)=0.00 log10(pixels)=1.00
0.0413926851582249	1	680	log2(tiles)=1.00 log10(pixels)=1.00
0.120136054973758	1	681	log2(tiles)=1.50 log10(pixels)=2.50
0.0791812460476249	13	682	log2(tiles)=0.00 log10(pixels)=1.00
0.0722192947339193	1	683	log2(tiles)=1.00 log10(pixels)=1.25
0.111727836017593	6	684	log2(tiles)=0.00 log10(pixels)=1.25
-0.0228787452803376	24	685	log2(tiles)=0.00 log10(pixels)=0.50
-0.0946639625349381	1	686	log2(tiles)=0.00 log10(pixels)=2.25
-0.119788758288394	7	687	log2(tiles)=0.00 log10(pixels)=1.50
-0.0362121726544447	1	688	log2(tiles)=1.00 log10(pixels)=2.00
-0.0705810742857072	2	689	log2(tiles)=0.00 log10(pixels)=2.00
-0.0486028756795487	1	690	log2(tiles)=1.00 log10(pixels)=2.25
0.111727836017593	7	691	log2(tiles)=0.00 log10(pixels)=1.25
0.0722192947339193	2	692	log2(tiles)=1.00 log10(pixels)=1.25
0.0134279935629373	3	693	log2(tiles)=0.00 log10(pixels)=1.75
0.0208520116421442	2	694	log2(tiles)=0.00 log10(pixels)=1.75
-0.0222763947111522	1	695	log2(tiles)=1.00 log10(pixels)=2.00
0.0644579892269186	1	696	log2(tiles)=0.00 log10(pixels)=2.00
0.0440680443502757	5	697	log2(tiles)=0.00 log10(pixels)=1.50
0	3	698	log2(tiles)=1.00 log10(pixels)=1.00
0.0281512503836436	3	699	log2(tiles)=1.00 log10(pixels)=0.75
0.0950980400142568	14	700	log2(tiles)=0.00 log10(pixels)=0.75
0.0510299956639812	19	701	log2(tiles)=0.00 log10(pixels)=0.25
-0.0510299956639812	21	702	log2(tiles)=0.00 log10(pixels)=0.75
-0.116531544420413	3	703	log2(tiles)=0.00 log10(pixels)=1.75
0.0281512503836436	17	704	log2(tiles)=0.00 log10(pixels)=0.75
0.0281512503836436	18	705	log2(tiles)=0.00 log10(pixels)=0.75
0.0287536009528289	6	706	log2(tiles)=0.00 log10(pixels)=1.25
0.102059991327963	6	707	log2(tiles)=0.00 log10(pixels)=1.50
0.0281512503836436	2	708	log2(tiles)=1.00 log10(pixels)=1.75
0.0281512503836436	2	709	log2(tiles)=0.00 log10(pixels)=1.75
-0.0510299956639812	22	710	log2(tiles)=0.00 log10(pixels)=0.75
-0.0969100130080565	14	711	log2(tiles)=0.00 log10(pixels)=1.00
-0.0510299956639812	23	712	log2(tiles)=0.00 log10(pixels)=0.75
0.113943352306837	14	713	log2(tiles)=0.00 log10(pixels)=1.00
0.0910646070264991	3	714	log2(tiles)=0.00 log10(pixels)=1.50
0.102059991327962	32	715	log2(tiles)=0.00 log10(pixels)=0.50
0.0791812460476249	2	716	log2(tiles)=1.00 log10(pixels)=1.00
0.0510299956639812	20	717	log2(tiles)=0.00 log10(pixels)=0.25
-0.0228787452803376	25	718	log2(tiles)=0.00 log10(pixels)=0.50
-0.0710230527068307	1	719	log2(tiles)=1.00 log10(pixels)=2.25
0.0950980400142568	15	720	log2(tiles)=0.00 log10(pixels)=0.75
-0.0228787452803376	9	721	log2(tiles)=0.00 log10(pixels)=1.50
0	3	722	log2(tiles)=0.00 log10(pixels)=0.00
0.0281512503836436	19	723	log2(tiles)=0.00 log10(pixels)=0.75
-0.085026652029182	2	724	log2(tiles)=1.00 log10(pixels)=1.50
0.102059991327962	33	725	log2(tiles)=0.00 log10(pixels)=0.50
0.0281512503836436	20	726	log2(tiles)=0.00 log10(pixels)=0.75
0.0413926851582249	13	727	log2(tiles)=0.00 log10(pixels)=1.00
0	4	728	log2(tiles)=0.00 log10(pixels)=0.00
-0.0967874862246563	3	729	log2(tiles)=0.00 log10(pixels)=1.75
0.113943352306837	15	730	log2(tiles)=0.00 log10(pixels)=1.00
-0.0228787452803376	26	731	log2(tiles)=0.00 log10(pixels)=0.50
-0.0228787452803376	27	732	log2(tiles)=0.00 log10(pixels)=0.50
0.0413926851582249	14	733	log2(tiles)=0.00 log10(pixels)=1.00
-0.00963731050575611	2	734	log2(tiles)=1.00 log10(pixels)=1.75
0.102059991327962	34	735	log2(tiles)=0.00 log10(pixels)=0.50
0	5	736	log2(tiles)=0.00 log10(pixels)=0.00
-0.103871964321762	6	737	log2(tiles)=0.00 log10(pixels)=1.25
-0.0510299956639812	24	738	log2(tiles)=0.00 log10(pixels)=0.75
0.0185139398778875	6	739	log2(tiles)=0.00 log10(pixels)=1.50
-0.102372908709559	1	740	log2(tiles)=1.00 log10(pixels)=2.00
-0.0228787452803376	28	741	log2(tiles)=0.00 log10(pixels)=0.50
-0.0228787452803376	29	742	log2(tiles)=0.00 log10(pixels)=0.50
0.102059991327962	35	743	log2(tiles)=0.00 log10(pixels)=0.50
-0.0339966563652008	3	744	log2(tiles)=0.00 log10(pixels)=1.75
-0.0228787452803376	30	745	log2(tiles)=0.00 log10(pixels)=0.50
-0.0457574905606751	16	746	log2(tiles)=0.00 log10(pixels)=1.00
0.0510299956639812	21	747	log2(tiles)=0.00 log10(pixels)=0.25
0.0934216851622351	1	748	log2(tiles)=1.00 log10(pixels)=2.00
0	4	749	log2(tiles)=1.00 log10(pixels)=1.00
0.0510299956639812	22	750	log2(tiles)=0.00 log10(pixels)=0.25
0.0950980400142568	16	751	log2(tiles)=0.00 log10(pixels)=0.75
0.0510299956639812	23	752	log2(tiles)=0.00 log10(pixels)=0.25
0.0510299956639813	5	753	log2(tiles)=0.00 log10(pixels)=1.25
0	1	754	log2(tiles)=0.00 log10(pixels)=2.00
0.0950980400142568	2	755	log2(tiles)=1.00 log10(pixels)=0.75
0.0531960574204891	1	756	log2(tiles)=0.00 log10(pixels)=2.25
-0.0195510786217261	9	757	log2(tiles)=0.00 log10(pixels)=1.25
0.0950980400142568	3	758	log2(tiles)=1.00 log10(pixels)=0.75
0.0440680443502757	6	759	log2(tiles)=0.00 log10(pixels)=1.50
-0.0228787452803376	31	760	log2(tiles)=0.00 log10(pixels)=0.50
0	6	761	log2(tiles)=0.00 log10(pixels)=0.00
-0.0900668766687054	1	762	log2(tiles)=0.00 log10(pixels)=2.50
-0.0458800173440752	8	763	log2(tiles)=0.00 log10(pixels)=1.25
0.0950980400142568	17	764	log2(tiles)=0.00 log10(pixels)=0.75
-0.085026652029182	4	765	log2(tiles)=0.00 log10(pixels)=1.50
-0.0457574905606751	17	766	log2(tiles)=0.00 log10(pixels)=1.00
0.102059991327962	36	767	log2(tiles)=0.00 log10(pixels)=0.50
-0.0228787452803376	32	768	log2(tiles)=0.00 log10(pixels)=0.50
0.0510299956639812	24	769	log2(tiles)=0.00 log10(pixels)=0.25
-0.0228787452803376	33	770	log2(tiles)=0.00 log10(pixels)=0.50
-0.0510299956639812	25	771	log2(tiles)=0.00 log10(pixels)=0.75
0.0950980400142568	18	772	log2(tiles)=0.00 log10(pixels)=0.75
0.0510299956639813	6	773	log2(tiles)=0.00 log10(pixels)=1.25
0	7	774	log2(tiles)=0.00 log10(pixels)=0.00
-0.0228787452803376	34	775	log2(tiles)=0.00 log10(pixels)=0.50
0	8	776	log2(tiles)=0.00 log10(pixels)=0.00
0	9	777	log2(tiles)=0.00 log10(pixels)=0.00
0.00527250510330601	7	778	log2(tiles)=0.00 log10(pixels)=1.25
0.0722192947339193	4	779	log2(tiles)=0.00 log10(pixels)=1.25
-0.119788758288394	8	780	log2(tiles)=0.00 log10(pixels)=1.50
-0.0510299956639812	1	781	log2(tiles)=1.50 log10(pixels)=0.75
-0.0510299956639812	1	782	log2(tiles)=1.00 log10(pixels)=0.75
-0.0228787452803376	35	783	log2(tiles)=0.00 log10(pixels)=0.50
0.0722192947339193	5	784	log2(tiles)=0.00 log10(pixels)=1.25
-0.0687587626244128	5	785	log2(tiles)=0.00 log10(pixels)=1.75
-0.0510299956639812	26	786	log2(tiles)=0.00 log10(pixels)=0.75
0	10	787	log2(tiles)=0.00 log10(pixels)=0.00
0.0510299956639812	25	788	log2(tiles)=0.00 log10(pixels)=0.25
-0.0376020021010439	6	789	log2(tiles)=0.00 log10(pixels)=1.50
0.0281512503836436	21	790	log2(tiles)=0.00 log10(pixels)=0.75
0.102059991327962	37	791	log2(tiles)=0.00 log10(pixels)=0.50
0	11	792	log2(tiles)=0.00 log10(pixels)=0.00
0	12	793	log2(tiles)=0.00 log10(pixels)=0.00
0.0950980400142568	19	794	log2(tiles)=0.00 log10(pixels)=0.75
0.0287536009528289	7	795	log2(tiles)=0.00 log10(pixels)=1.25
-0.0510299956639812	27	796	log2(tiles)=0.00 log10(pixels)=0.75
0.0510299956639812	26	797	log2(tiles)=0.00 log10(pixels)=0.25
0.0510299956639812	27	798	log2(tiles)=0.00 log10(pixels)=0.25
-0.0510299956639812	28	799	log2(tiles)=0.00 log10(pixels)=0.75
0.0510299956639812	28	800	log2(tiles)=0.00 log10(pixels)=0.25
0.0510299956639812	29	801	log2(tiles)=0.00 log10(pixels)=0.25
0.0510299956639812	30	802	log2(tiles)=0.00 log10(pixels)=0.25
0.00527250510330601	8	803	log2(tiles)=0.00 log10(pixels)=1.25
0.0510299956639812	31	804	log2(tiles)=0.00 log10(pixels)=0.25
0.0797835966168101	6	805	log2(tiles)=0.00 log10(pixels)=1.50
0.0510299956639812	32	806	log2(tiles)=0.00 log10(pixels)=0.25
-0.0228787452803376	36	807	log2(tiles)=0.00 log10(pixels)=0.50
0.0950980400142568	20	808	log2(tiles)=0.00 log10(pixels)=0.75
0.0791812460476249	3	809	log2(tiles)=1.00 log10(pixels)=1.00
0.0510299956639812	33	810	log2(tiles)=0.00 log10(pixels)=0.25
0.0281512503836436	22	811	log2(tiles)=0.00 log10(pixels)=0.75
-0.0228787452803376	37	812	log2(tiles)=0.00 log10(pixels)=0.50
-0.0510299956639812	2	813	log2(tiles)=1.00 log10(pixels)=0.75
-0.0228787452803376	38	814	log2(tiles)=0.00 log10(pixels)=0.50
0.00514997831990605	6	815	log2(tiles)=0.00 log10(pixels)=1.50
0.102059991327962	38	816	log2(tiles)=0.00 log10(pixels)=0.50
-0.119666231504994	1	817	log2(tiles)=1.00 log10(pixels)=2.25
0	13	818	log2(tiles)=0.00 log10(pixels)=0.00
-0.102059991327962	2	819	log2(tiles)=1.00 log10(pixels)=1.50
0.102059991327962	39	820	log2(tiles)=0.00 log10(pixels)=0.50
-0.0228787452803376	39	821	log2(tiles)=0.00 log10(pixels)=0.50
0.0510299956639812	34	822	log2(tiles)=0.00 log10(pixels)=0.25
0.0510299956639812	35	823	log2(tiles)=0.00 log10(pixels)=0.25
0.107332496431269	3	824	log2(tiles)=0.00 log10(pixels)=1.75
0.0413926851582249	15	825	log2(tiles)=0.00 log10(pixels)=1.00
-0.0598039199714864	1	826	log2(tiles)=1.00 log10(pixels)=1.75
0.0791812460476249	14	827	log2(tiles)=0.00 log10(pixels)=1.00
0.101258348719075	1	828	log2(tiles)=1.00 log10(pixels)=1.75
-0.0228787452803376	40	829	log2(tiles)=0.00 log10(pixels)=0.50
0.0413926851582249	16	830	log2(tiles)=0.00 log10(pixels)=1.00
0.0950980400142568	21	831	log2(tiles)=0.00 log10(pixels)=0.75
0.101258348719075	2	832	log2(tiles)=1.00 log10(pixels)=1.75
-0.0510299956639812	29	833	log2(tiles)=0.00 log10(pixels)=0.75
-0.0228787452803376	41	834	log2(tiles)=0.00 log10(pixels)=0.50
-0.0228787452803376	42	835	log2(tiles)=0.00 log10(pixels)=0.50
-0.0510299956639812	30	836	log2(tiles)=0.00 log10(pixels)=0.75
0.0510299956639813	7	837	log2(tiles)=0.00 log10(pixels)=1.25
-0.0457574905606751	18	838	log2(tiles)=0.00 log10(pixels)=1.00
-0.0510299956639812	31	839	log2(tiles)=0.00 log10(pixels)=0.75
-0.0969100130080565	15	840	log2(tiles)=0.00 log10(pixels)=1.00
-0.0969100130080565	16	841	log2(tiles)=0.00 log10(pixels)=1.00
0.102059991327962	40	842	log2(tiles)=0.00 log10(pixels)=0.50
0.0510299956639812	36	843	log2(tiles)=0.00 log10(pixels)=0.25
-0.0705810742857072	2	844	log2(tiles)=1.00 log10(pixels)=2.00
-0.0457574905606751	2	845	log2(tiles)=1.00 log10(pixels)=1.00
-0.119186407719209	1	846	log2(tiles)=1.00 log10(pixels)=2.00
-0.00863830616572736	4	847	log2(tiles)=0.00 log10(pixels)=1.50
-0.0228787452803376	43	848	log2(tiles)=0.00 log10(pixels)=0.50
-0.102059991327962	8	849	log2(tiles)=0.00 log10(pixels)=1.50
-0.0969100130080565	1	850	log2(tiles)=0.00 log10(pixels)=2.00
-0.0228787452803376	44	851	log2(tiles)=0.00 log10(pixels)=0.50
0.0510299956639812	37	852	log2(tiles)=0.00 log10(pixels)=0.25
0.0413926851582249	17	853	log2(tiles)=0.00 log10(pixels)=1.00
0.0510299956639812	38	854	log2(tiles)=0.00 log10(pixels)=0.25
0	14	855	log2(tiles)=0.00 log10(pixels)=0.00
0.102059991327962	41	856	log2(tiles)=0.00 log10(pixels)=0.50
0.0791812460476249	15	857	log2(tiles)=0.00 log10(pixels)=1.00
-0.0228787452803376	45	858	log2(tiles)=0.00 log10(pixels)=0.50
0.102059991327962	42	859	log2(tiles)=0.00 log10(pixels)=0.50
-0.0228787452803376	46	860	log2(tiles)=0.00 log10(pixels)=0.50
0	15	861	log2(tiles)=0.00 log10(pixels)=0.00
0.0950980400142568	22	862	log2(tiles)=0.00 log10(pixels)=0.75
0.0670263661590602	1	863	log2(tiles)=1.00 log10(pixels)=2.50
0.00285303097989331	1	864	log2(tiles)=0.00 log10(pixels)=2.25
0.107934847000454	1	865	log2(tiles)=1.00 log10(pixels)=2.25
0.0510299956639812	39	866	log2(tiles)=0.00 log10(pixels)=0.25
-0.0916375079047502	2	867	log2(tiles)=0.00 log10(pixels)=2.25
0.0281512503836436	23	868	log2(tiles)=0.00 log10(pixels)=0.75
0	16	869	log2(tiles)=0.00 log10(pixels)=0.00
0	17	870	log2(tiles)=0.00 log10(pixels)=0.00
-0.0510299956639812	32	871	log2(tiles)=0.00 log10(pixels)=0.75
-0.0458800173440752	9	872	log2(tiles)=0.00 log10(pixels)=1.25
-0.102059991327962	9	873	log2(tiles)=0.00 log10(pixels)=1.50
0.111727836017593	8	874	log2(tiles)=0.00 log10(pixels)=1.25
0.0510299956639812	40	875	log2(tiles)=0.00 log10(pixels)=0.25
0.0510299956639812	41	876	log2(tiles)=0.00 log10(pixels)=0.25
-0.0510299956639812	33	877	log2(tiles)=0.00 log10(pixels)=0.75
-0.0457574905606751	3	878	log2(tiles)=1.00 log10(pixels)=1.00
-0.0458800173440752	3	879	log2(tiles)=1.00 log10(pixels)=1.25
0.0281512503836436	24	880	log2(tiles)=0.00 log10(pixels)=0.75
-0.0228787452803376	47	881	log2(tiles)=0.00 log10(pixels)=0.50
0.0510299956639812	42	882	log2(tiles)=0.00 log10(pixels)=0.25
0.0791812460476249	16	883	log2(tiles)=0.00 log10(pixels)=1.00
0.0281512503836436	25	884	log2(tiles)=0.00 log10(pixels)=0.75
0.0510299956639812	43	885	log2(tiles)=0.00 log10(pixels)=0.25
0	18	886	log2(tiles)=0.00 log10(pixels)=0.00
0	19	887	log2(tiles)=0.00 log10(pixels)=0.00
0.0510299956639812	44	888	log2(tiles)=0.00 log10(pixels)=0.25
0.0510299956639812	45	889	log2(tiles)=0.00 log10(pixels)=0.25
0.102059991327963	7	890	log2(tiles)=0.00 log10(pixels)=1.50
0.0413926851582249	18	891	log2(tiles)=0.00 log10(pixels)=1.00
0.0413926851582249	19	892	log2(tiles)=0.00 log10(pixels)=1.00
-0.0409586076789064	3	893	log2(tiles)=0.00 log10(pixels)=2.00
-0.0228787452803376	48	894	log2(tiles)=0.00 log10(pixels)=0.50
-0.0228787452803376	49	895	log2(tiles)=0.00 log10(pixels)=0.50
0.102059991327962	43	896	log2(tiles)=0.00 log10(pixels)=0.50
0.0510299956639812	46	897	log2(tiles)=0.00 log10(pixels)=0.25
0	12	898	log2(tiles)=0.00 log10(pixels)=1.00
0.0281512503836436	26	899	log2(tiles)=0.00 log10(pixels)=0.75
0.0950980400142568	23	900	log2(tiles)=0.00 log10(pixels)=0.75
0.0797835966168101	7	901	log2(tiles)=0.00 log10(pixels)=1.50
0.102059991327962	44	902	log2(tiles)=0.00 log10(pixels)=0.50
0.0281512503836436	27	903	log2(tiles)=0.00 log10(pixels)=0.75
0.0134279935629373	4	904	log2(tiles)=0.00 log10(pixels)=1.75
0.0510299956639812	47	905	log2(tiles)=0.00 log10(pixels)=0.25
0	20	906	log2(tiles)=0.00 log10(pixels)=0.00
0.0510299956639812	48	907	log2(tiles)=0.00 log10(pixels)=0.25
0.0510299956639812	49	908	log2(tiles)=0.00 log10(pixels)=0.25
0.0510299956639812	50	909	log2(tiles)=0.00 log10(pixels)=0.25
0	21	910	log2(tiles)=0.00 log10(pixels)=0.00
-0.0457574905606751	19	911	log2(tiles)=0.00 log10(pixels)=1.00
-0.0872421683184259	4	912	log2(tiles)=0.00 log10(pixels)=1.75
0.0281512503836436	28	913	log2(tiles)=0.00 log10(pixels)=0.75
-0.0457574905606751	20	914	log2(tiles)=0.00 log10(pixels)=1.00
0.107332496431269	4	915	log2(tiles)=0.00 log10(pixels)=1.75
-0.0969100130080565	17	916	log2(tiles)=0.00 log10(pixels)=1.00
0.0510299956639812	51	917	log2(tiles)=0.00 log10(pixels)=0.25
0.0950980400142568	24	918	log2(tiles)=0.00 log10(pixels)=0.75
-0.0228787452803376	50	919	log2(tiles)=0.00 log10(pixels)=0.50
-0.0376020021010439	1	920	log2(tiles)=1.00 log10(pixels)=1.50
-0.0424298239020637	2	921	log2(tiles)=0.00 log10(pixels)=1.75
-0.0528419686577808	6	922	log2(tiles)=0.00 log10(pixels)=1.50
0.0950980400142568	25	923	log2(tiles)=0.00 log10(pixels)=0.75
-0.0228787452803376	51	924	log2(tiles)=0.00 log10(pixels)=0.50
0.0510299956639812	52	925	log2(tiles)=0.00 log10(pixels)=0.25
0.0413926851582249	20	926	log2(tiles)=0.00 log10(pixels)=1.00
0.0510299956639812	53	927	log2(tiles)=0.00 log10(pixels)=0.25
0	22	928	log2(tiles)=0.00 log10(pixels)=0.00
0.0287536009528289	8	929	log2(tiles)=0.00 log10(pixels)=1.25
0.0791812460476249	17	930	log2(tiles)=0.00 log10(pixels)=1.00
-0.0272835288524167	1	931	log2(tiles)=0.00 log10(pixels)=2.25
0.102059991327962	45	932	log2(tiles)=0.00 log10(pixels)=0.50
-0.103871964321762	7	933	log2(tiles)=0.00 log10(pixels)=1.25
0.0563025007672873	2	934	log2(tiles)=1.00 log10(pixels)=1.50
-0.0510299956639812	34	935	log2(tiles)=0.00 log10(pixels)=0.75
0.102059991327962	46	936	log2(tiles)=0.00 log10(pixels)=0.50
-0.0757207139381184	3	937	log2(tiles)=0.00 log10(pixels)=2.00
-0.0759401922749747	1	938	log2(tiles)=2.00 log10(pixels)=3.25
0.0510299956639813	1	939	log2(tiles)=1.00 log10(pixels)=1.25
0.123249290397901	2	940	log2(tiles)=0.00 log10(pixels)=1.50
0	23	941	log2(tiles)=0.00 log10(pixels)=0.00
-0.0228787452803376	52	942	log2(tiles)=0.00 log10(pixels)=0.50
0.102059991327962	47	943	log2(tiles)=0.00 log10(pixels)=0.50
0	24	944	log2(tiles)=0.00 log10(pixels)=0.00
-0.0228787452803376	53	945	log2(tiles)=0.00 log10(pixels)=0.50
0.0510299956639812	54	946	log2(tiles)=0.00 log10(pixels)=0.25
0.122912002970107	1	947	log2(tiles)=0.00 log10(pixels)=2.25
0.0510299956639812	55	948	log2(tiles)=0.00 log10(pixels)=0.25
0.0510299956639812	56	949	log2(tiles)=0.00 log10(pixels)=0.25
0.102059991327962	48	950	log2(tiles)=0.00 log10(pixels)=0.50
-0.0458800173440752	10	951	log2(tiles)=0.00 log10(pixels)=1.25
-0.00863830616572736	5	952	log2(tiles)=0.00 log10(pixels)=1.50
-0.119788758288394	9	953	log2(tiles)=0.00 log10(pixels)=1.50
0.0791812460476249	18	954	log2(tiles)=0.00 log10(pixels)=1.00
0	25	955	log2(tiles)=0.00 log10(pixels)=0.00
0	26	956	log2(tiles)=0.00 log10(pixels)=0.00
-0.0228787452803376	54	957	log2(tiles)=0.00 log10(pixels)=0.50
0	27	958	log2(tiles)=0.00 log10(pixels)=0.00
-0.0686362358410126	4	959	log2(tiles)=0.00 log10(pixels)=1.50
-0.0228787452803376	55	960	log2(tiles)=0.00 log10(pixels)=0.50
0	13	961	log2(tiles)=0.00 log10(pixels)=1.00
0	28	962	log2(tiles)=0.00 log10(pixels)=0.00
0.0510299956639812	57	963	log2(tiles)=0.00 log10(pixels)=0.25
0.102059991327962	49	964	log2(tiles)=0.00 log10(pixels)=0.50
0.0510299956639812	58	965	log2(tiles)=0.00 log10(pixels)=0.25
0	29	966	log2(tiles)=0.00 log10(pixels)=0.00
0.102059991327962	50	967	log2(tiles)=0.00 log10(pixels)=0.50
0.102059991327962	51	968	log2(tiles)=0.00 log10(pixels)=0.50
-0.0228787452803376	56	969	log2(tiles)=0.00 log10(pixels)=0.50
-0.0144715530924513	2	970	log2(tiles)=0.00 log10(pixels)=2.25
0.107332496431269	5	971	log2(tiles)=0.00 log10(pixels)=1.75
-0.0510299956639812	35	972	log2(tiles)=0.00 log10(pixels)=0.75
-0.0510299956639812	36	973	log2(tiles)=0.00 log10(pixels)=0.75
0.0510299956639812	59	974	log2(tiles)=0.00 log10(pixels)=0.25
-0.0457574905606751	21	975	log2(tiles)=0.00 log10(pixels)=1.00
0.0722192947339193	6	976	log2(tiles)=0.00 log10(pixels)=1.25
-0.0339966563652008	4	977	log2(tiles)=0.00 log10(pixels)=1.75
0.102059991327962	52	978	log2(tiles)=0.00 log10(pixels)=0.50
0.102059991327962	53	979	log2(tiles)=0.00 log10(pixels)=0.50
0	14	980	log2(tiles)=0.00 log10(pixels)=1.00
0	15	981	log2(tiles)=0.00 log10(pixels)=1.00
0.102059991327962	54	982	log2(tiles)=0.00 log10(pixels)=0.50
-0.0528419686577808	7	983	log2(tiles)=0.00 log10(pixels)=1.50
0.0510299956639812	60	984	log2(tiles)=0.00 log10(pixels)=0.25
-0.0195510786217261	10	985	log2(tiles)=0.00 log10(pixels)=1.25
0.0510299956639812	61	986	log2(tiles)=0.00 log10(pixels)=0.25
-0.0510299956639812	37	987	log2(tiles)=0.00 log10(pixels)=0.75
0.00527250510330601	2	988	log2(tiles)=1.00 log10(pixels)=1.25
-0.0510299956639812	38	989	log2(tiles)=0.00 log10(pixels)=0.75
0.0510299956639812	62	990	log2(tiles)=0.00 log10(pixels)=0.25
-0.0510299956639812	39	991	log2(tiles)=0.00 log10(pixels)=0.75
-0.0228787452803376	57	992	log2(tiles)=0.00 log10(pixels)=0.50
0.0606978403536118	2	993	log2(tiles)=1.00 log10(pixels)=2.00
0.0510299956639812	63	994	log2(tiles)=0.00 log10(pixels)=0.25
0.0281512503836436	29	995	log2(tiles)=0.00 log10(pixels)=0.75
0	30	996	log2(tiles)=0.00 log10(pixels)=0.00
0.0510299956639812	64	997	log2(tiles)=0.00 log10(pixels)=0.25
0	31	998	log2(tiles)=0.00 log10(pixels)=0.00
0	32	999	log2(tiles)=0.00 log10(pixels)=0.00
-0.0228787452803376	58	1000	log2(tiles)=0.00 log10(pixels)=0.50
0.0281512503836436	30	1001	log2(tiles)=0.00 log10(pixels)=0.75
0.102059991327962	55	1002	log2(tiles)=0.00 log10(pixels)=0.50
0.0281512503836436	31	1003	log2(tiles)=0.00 log10(pixels)=0.75
0.113943352306837	16	1004	log2(tiles)=0.00 log10(pixels)=1.00
-0.085026652029182	3	1005	log2(tiles)=1.00 log10(pixels)=1.50
-0.0528419686577808	8	1006	log2(tiles)=0.00 log10(pixels)=1.50
0.0786598965353198	1	1007	log2(tiles)=1.00 log10(pixels)=2.75
0.0510299956639812	65	1008	log2(tiles)=0.00 log10(pixels)=0.25
-0.0457574905606751	22	1009	log2(tiles)=0.00 log10(pixels)=1.00
-0.103871964321762	8	1010	log2(tiles)=0.00 log10(pixels)=1.25
0.0281512503836436	32	1011	log2(tiles)=0.00 log10(pixels)=0.75
0.0281512503836436	33	1012	log2(tiles)=0.00 log10(pixels)=0.75
0.0563025007672873	2	1013	log2(tiles)=0.00 log10(pixels)=1.50
-0.0969100130080565	4	1014	log2(tiles)=1.00 log10(pixels)=1.00
0.102059991327962	56	1015	log2(tiles)=0.00 log10(pixels)=0.50
-0.0228787452803376	59	1016	log2(tiles)=0.00 log10(pixels)=0.50
0.0510299956639812	66	1017	log2(tiles)=0.00 log10(pixels)=0.25
-0.0228787452803376	60	1018	log2(tiles)=0.00 log10(pixels)=0.50
-0.0969100130080565	18	1019	log2(tiles)=0.00 log10(pixels)=1.00
-0.0228787452803376	61	1020	log2(tiles)=0.00 log10(pixels)=0.50
0.102059991327962	57	1021	log2(tiles)=0.00 log10(pixels)=0.50
0.102059991327963	1	1022	log2(tiles)=1.50 log10(pixels)=1.50
0.0910646070264991	4	1023	log2(tiles)=0.00 log10(pixels)=1.50
0.0510299956639812	67	1024	log2(tiles)=0.00 log10(pixels)=0.25
-0.0228787452803376	62	1025	log2(tiles)=0.00 log10(pixels)=0.50
0.0950980400142568	26	1026	log2(tiles)=0.00 log10(pixels)=0.75
0.0791812460476249	19	1027	log2(tiles)=0.00 log10(pixels)=1.00
-0.0969100130080565	19	1028	log2(tiles)=0.00 log10(pixels)=1.00
-0.0228787452803376	63	1029	log2(tiles)=0.00 log10(pixels)=0.50
0	33	1030	log2(tiles)=0.00 log10(pixels)=0.00
0.0510299956639812	68	1031	log2(tiles)=0.00 log10(pixels)=0.25
0.0510299956639812	69	1032	log2(tiles)=0.00 log10(pixels)=0.25
0	34	1033	log2(tiles)=0.00 log10(pixels)=0.00
0	35	1034	log2(tiles)=0.00 log10(pixels)=0.00
0.0510299956639812	70	1035	log2(tiles)=0.00 log10(pixels)=0.25
0	36	1036	log2(tiles)=0.00 log10(pixels)=0.00
0.0510299956639812	71	1037	log2(tiles)=0.00 log10(pixels)=0.25
-0.0228787452803376	64	1038	log2(tiles)=0.00 log10(pixels)=0.50
0.0353298350107671	2	1039	log2(tiles)=0.00 log10(pixels)=1.75
-0.085026652029182	5	1040	log2(tiles)=0.00 log10(pixels)=1.50
-0.0510299956639813	4	1041	log2(tiles)=0.00 log10(pixels)=1.75
0.0281512503836436	34	1042	log2(tiles)=0.00 log10(pixels)=0.75
-0.0228787452803376	65	1043	log2(tiles)=0.00 log10(pixels)=0.50
-0.0228787452803376	66	1044	log2(tiles)=0.00 log10(pixels)=0.50
0.102059991327962	58	1045	log2(tiles)=0.00 log10(pixels)=0.50
0.0510299956639812	72	1046	log2(tiles)=0.00 log10(pixels)=0.25
0.0950980400142568	27	1047	log2(tiles)=0.00 log10(pixels)=0.75
0.113943352306837	17	1048	log2(tiles)=0.00 log10(pixels)=1.00
-0.0228787452803376	67	1049	log2(tiles)=0.00 log10(pixels)=0.50
-0.0228787452803376	2	1050	log2(tiles)=1.00 log10(pixels)=1.50
0.0510299956639812	73	1051	log2(tiles)=0.00 log10(pixels)=0.25
0.102059991327962	59	1052	log2(tiles)=0.00 log10(pixels)=0.50
0.0281512503836436	35	1053	log2(tiles)=0.00 log10(pixels)=0.75
0	37	1054	log2(tiles)=0.00 log10(pixels)=0.00
-0.0195510786217261	11	1055	log2(tiles)=0.00 log10(pixels)=1.25
0	38	1056	log2(tiles)=0.00 log10(pixels)=0.00
-0.103871964321762	9	1057	log2(tiles)=0.00 log10(pixels)=1.25
-0.0228787452803376	68	1058	log2(tiles)=0.00 log10(pixels)=0.50
-0.0510299956639812	40	1059	log2(tiles)=0.00 log10(pixels)=0.75
0.0314789170422551	1	1060	log2(tiles)=1.00 log10(pixels)=1.50
-0.0458800173440752	11	1061	log2(tiles)=0.00 log10(pixels)=1.25
-0.0228787452803376	69	1062	log2(tiles)=0.00 log10(pixels)=0.50
-0.0969100130080565	20	1063	log2(tiles)=0.00 log10(pixels)=1.00
0.0791812460476249	20	1064	log2(tiles)=0.00 log10(pixels)=1.00
-0.00963731050575611	3	1065	log2(tiles)=1.00 log10(pixels)=1.75
0.102059991327962	60	1066	log2(tiles)=0.00 log10(pixels)=0.50
-0.0228787452803376	70	1067	log2(tiles)=0.00 log10(pixels)=0.50
0.0510299956639812	74	1068	log2(tiles)=0.00 log10(pixels)=0.25
-0.0510299956639812	41	1069	log2(tiles)=0.00 log10(pixels)=0.75
-0.0228787452803376	71	1070	log2(tiles)=0.00 log10(pixels)=0.50
-0.0739087409443187	14	1071	log2(tiles)=0.00 log10(pixels)=1.25
-0.0458800173440752	4	1072	log2(tiles)=1.00 log10(pixels)=1.25
-0.0686362358410126	5	1073	log2(tiles)=0.00 log10(pixels)=1.50
0.0287536009528289	9	1074	log2(tiles)=0.00 log10(pixels)=1.25
-0.106547323513813	4	1075	log2(tiles)=0.00 log10(pixels)=1.75
-0.0457574905606751	23	1076	log2(tiles)=0.00 log10(pixels)=1.00
0.0722192947339193	7	1077	log2(tiles)=0.00 log10(pixels)=1.25
0.00587485567249146	3	1078	log2(tiles)=0.00 log10(pixels)=1.75
-0.0228787452803376	72	1079	log2(tiles)=0.00 log10(pixels)=0.50
-0.0228787452803376	73	1080	log2(tiles)=0.00 log10(pixels)=0.50
0.0510299956639812	75	1081	log2(tiles)=0.00 log10(pixels)=0.25
0.0510299956639812	76	1082	log2(tiles)=0.00 log10(pixels)=0.25
0	39	1083	log2(tiles)=0.00 log10(pixels)=0.00
0.00527250510330601	9	1084	log2(tiles)=0.00 log10(pixels)=1.25
-0.0458800173440752	12	1085	log2(tiles)=0.00 log10(pixels)=1.25
-0.103871964321762	1	1086	log2(tiles)=1.00 log10(pixels)=1.25
0.0510299956639812	77	1087	log2(tiles)=0.00 log10(pixels)=0.25
0.0281512503836436	36	1088	log2(tiles)=0.00 log10(pixels)=0.75
0	40	1089	log2(tiles)=0.00 log10(pixels)=0.00
0.0510299956639812	78	1090	log2(tiles)=0.00 log10(pixels)=0.25
0.0510299956639812	79	1091	log2(tiles)=0.00 log10(pixels)=0.25
0.102059991327962	61	1092	log2(tiles)=0.00 log10(pixels)=0.50
-0.0510299956639812	42	1093	log2(tiles)=0.00 log10(pixels)=0.75
0.0510299956639812	80	1094	log2(tiles)=0.00 log10(pixels)=0.25
0.0950980400142568	28	1095	log2(tiles)=0.00 log10(pixels)=0.75
0.0950980400142568	29	1096	log2(tiles)=0.00 log10(pixels)=0.75
0.0281512503836436	37	1097	log2(tiles)=0.00 log10(pixels)=0.75
0.0281512503836436	38	1098	log2(tiles)=0.00 log10(pixels)=0.75
0.0510299956639812	81	1099	log2(tiles)=0.00 log10(pixels)=0.25
0.123249290397901	1	1100	log2(tiles)=1.00 log10(pixels)=1.50
0.0950980400142568	30	1101	log2(tiles)=0.00 log10(pixels)=0.75
0.102059991327962	62	1102	log2(tiles)=0.00 log10(pixels)=0.50
0.0510299956639812	1	1103	log2(tiles)=1.00 log10(pixels)=0.25
-0.0779021420642825	4	1104	log2(tiles)=0.00 log10(pixels)=1.75
0.102059991327963	8	1105	log2(tiles)=0.00 log10(pixels)=1.50
0.0950980400142569	1	1106	log2(tiles)=1.00 log10(pixels)=1.75
-0.0510299956639812	43	1107	log2(tiles)=0.00 log10(pixels)=0.75
-0.0457574905606751	24	1108	log2(tiles)=0.00 log10(pixels)=1.00
0	41	1109	log2(tiles)=0.00 log10(pixels)=0.00
-0.102059991327962	10	1110	log2(tiles)=0.00 log10(pixels)=1.50
0	42	1111	log2(tiles)=0.00 log10(pixels)=0.00
-0.0510299956639812	44	1112	log2(tiles)=0.00 log10(pixels)=0.75
0.0510299956639812	82	1113	log2(tiles)=0.00 log10(pixels)=0.25
0.0510299956639812	83	1114	log2(tiles)=0.00 log10(pixels)=0.25
-0.0228787452803376	74	1115	log2(tiles)=0.00 log10(pixels)=0.50
-0.0228787452803376	75	1116	log2(tiles)=0.00 log10(pixels)=0.50
0.0413926851582249	21	1117	log2(tiles)=0.00 log10(pixels)=1.00
0	43	1118	log2(tiles)=0.00 log10(pixels)=0.00
0.00527250510330601	10	1119	log2(tiles)=0.00 log10(pixels)=1.25
0.102059991327962	3	1120	log2(tiles)=1.00 log10(pixels)=0.50
0.0510299956639812	84	1121	log2(tiles)=0.00 log10(pixels)=0.25
-0.0228787452803376	76	1122	log2(tiles)=0.00 log10(pixels)=0.50
-0.0257241303992108	2	1123	log2(tiles)=0.00 log10(pixels)=1.75
0	16	1124	log2(tiles)=0.00 log10(pixels)=1.00
0.0510299956639812	85	1125	log2(tiles)=0.00 log10(pixels)=0.25
-0.0228787452803376	77	1126	log2(tiles)=0.00 log10(pixels)=0.50
-0.0228787452803376	78	1127	log2(tiles)=0.00 log10(pixels)=0.50
0.0950980400142568	31	1128	log2(tiles)=0.00 log10(pixels)=0.75
-0.0458800173440752	13	1129	log2(tiles)=0.00 log10(pixels)=1.25
0.0510299956639812	86	1130	log2(tiles)=0.00 log10(pixels)=0.25
-0.0228787452803376	79	1131	log2(tiles)=0.00 log10(pixels)=0.50
0.0510299956639812	87	1132	log2(tiles)=0.00 log10(pixels)=0.25
0.0510299956639812	88	1133	log2(tiles)=0.00 log10(pixels)=0.25
0	44	1134	log2(tiles)=0.00 log10(pixels)=0.00
-0.0228787452803376	80	1135	log2(tiles)=0.00 log10(pixels)=0.50
0.0510299956639812	89	1136	log2(tiles)=0.00 log10(pixels)=0.25
0.00527250510330601	11	1137	log2(tiles)=0.00 log10(pixels)=1.25
-0.0596683018297086	1	1138	log2(tiles)=0.00 log10(pixels)=2.25
-0.0195510786217261	12	1139	log2(tiles)=0.00 log10(pixels)=1.25
0.00527250510330601	12	1140	log2(tiles)=0.00 log10(pixels)=1.25
0.0281512503836436	39	1141	log2(tiles)=0.00 log10(pixels)=0.75
-0.0228787452803376	81	1142	log2(tiles)=0.00 log10(pixels)=0.50
-0.0228787452803376	82	1143	log2(tiles)=0.00 log10(pixels)=0.50
0.113943352306837	18	1144	log2(tiles)=0.00 log10(pixels)=1.00
-0.0228787452803376	83	1145	log2(tiles)=0.00 log10(pixels)=0.50
-0.0228787452803376	84	1146	log2(tiles)=0.00 log10(pixels)=0.50
-0.0228787452803376	85	1147	log2(tiles)=0.00 log10(pixels)=0.50
-0.0739087409443187	15	1148	log2(tiles)=0.00 log10(pixels)=1.25
0.102059991327962	63	1149	log2(tiles)=0.00 log10(pixels)=0.50
-0.0409586076789064	4	1150	log2(tiles)=0.00 log10(pixels)=2.00
0.102059991327962	64	1151	log2(tiles)=0.00 log10(pixels)=0.50
-0.0969100130080565	21	1152	log2(tiles)=0.00 log10(pixels)=1.00
-0.0228787452803376	86	1153	log2(tiles)=0.00 log10(pixels)=0.50
0	45	1154	log2(tiles)=0.00 log10(pixels)=0.00
-0.0228787452803376	87	1155	log2(tiles)=0.00 log10(pixels)=0.50
-0.0228787452803376	88	1156	log2(tiles)=0.00 log10(pixels)=0.50
-0.0969100130080565	22	1157	log2(tiles)=0.00 log10(pixels)=1.00
0.102059991327962	65	1158	log2(tiles)=0.00 log10(pixels)=0.50
-0.0510299956639812	45	1159	log2(tiles)=0.00 log10(pixels)=0.75
-0.0510299956639812	3	1160	log2(tiles)=1.00 log10(pixels)=0.75
-0.0510299956639812	46	1161	log2(tiles)=0.00 log10(pixels)=0.75
0.0510299956639812	90	1162	log2(tiles)=0.00 log10(pixels)=0.25
-0.0457574905606751	25	1163	log2(tiles)=0.00 log10(pixels)=1.00
0.0510299956639812	91	1164	log2(tiles)=0.00 log10(pixels)=0.25
0.102059991327962	66	1165	log2(tiles)=0.00 log10(pixels)=0.50
-0.00181197299379954	3	1166	log2(tiles)=1.00 log10(pixels)=1.75
0.0510299956639812	92	1167	log2(tiles)=0.00 log10(pixels)=0.25
0	46	1168	log2(tiles)=0.00 log10(pixels)=0.00
0	47	1169	log2(tiles)=0.00 log10(pixels)=0.00
0.0791812460476249	21	1170	log2(tiles)=0.00 log10(pixels)=1.00
0.0888490907372552	1	1171	log2(tiles)=0.00 log10(pixels)=1.75
0.0413926851582249	22	1172	log2(tiles)=0.00 log10(pixels)=1.00
0.0281512503836436	40	1173	log2(tiles)=0.00 log10(pixels)=0.75
-0.0967874862246563	4	1174	log2(tiles)=0.00 log10(pixels)=1.75
-0.0861861476162833	1	1175	log2(tiles)=0.00 log10(pixels)=2.00
-0.0228787452803376	89	1176	log2(tiles)=0.00 log10(pixels)=0.50
-0.0176062401770314	2	1177	log2(tiles)=0.00 log10(pixels)=1.75
0.0950980400142568	32	1178	log2(tiles)=0.00 log10(pixels)=0.75
0.0510299956639812	93	1179	log2(tiles)=0.00 log10(pixels)=0.25
0.102059991327962	67	1180	log2(tiles)=0.00 log10(pixels)=0.50
-0.0228787452803376	90	1181	log2(tiles)=0.00 log10(pixels)=0.50
0.0281512503836436	41	1182	log2(tiles)=0.00 log10(pixels)=0.75
-0.0969100130080565	23	1183	log2(tiles)=0.00 log10(pixels)=1.00
0	5	1184	log2(tiles)=1.00 log10(pixels)=1.00
0.102059991327962	68	1185	log2(tiles)=0.00 log10(pixels)=0.50
0	17	1186	log2(tiles)=0.00 log10(pixels)=1.00
-0.0228787452803376	91	1187	log2(tiles)=0.00 log10(pixels)=0.50
0	48	1188	log2(tiles)=0.00 log10(pixels)=0.00
0	49	1189	log2(tiles)=0.00 log10(pixels)=0.00
-0.0457574905606751	26	1190	log2(tiles)=0.00 log10(pixels)=1.00
-0.0510299956639812	47	1191	log2(tiles)=0.00 log10(pixels)=0.75
0.0510299956639812	94	1192	log2(tiles)=0.00 log10(pixels)=0.25
-0.0510299956639812	48	1193	log2(tiles)=0.00 log10(pixels)=0.75
-0.0228787452803376	92	1194	log2(tiles)=0.00 log10(pixels)=0.50
0.0791812460476249	22	1195	log2(tiles)=0.00 log10(pixels)=1.00
-0.103871964321762	10	1196	log2(tiles)=0.00 log10(pixels)=1.25
0	6	1197	log2(tiles)=1.00 log10(pixels)=1.00
0.00514997831990605	7	1198	log2(tiles)=0.00 log10(pixels)=1.50
0.012837224705172	4	1199	log2(tiles)=0.00 log10(pixels)=2.00
-0.0510299956639812	49	1200	log2(tiles)=0.00 log10(pixels)=0.75
0.0950980400142568	33	1201	log2(tiles)=0.00 log10(pixels)=0.75
0.113943352306837	19	1202	log2(tiles)=0.00 log10(pixels)=1.00
-0.110833915635467	1	1203	log2(tiles)=1.00 log10(pixels)=2.50
0.0510299956639812	95	1204	log2(tiles)=0.00 log10(pixels)=0.25
0.0314789170422551	6	1205	log2(tiles)=0.00 log10(pixels)=1.50
0.0510299956639812	96	1206	log2(tiles)=0.00 log10(pixels)=0.25
0	50	1207	log2(tiles)=0.00 log10(pixels)=0.00
-0.0228787452803376	93	1208	log2(tiles)=0.00 log10(pixels)=0.50
0.0510299956639812	97	1209	log2(tiles)=0.00 log10(pixels)=0.25
0	51	1210	log2(tiles)=0.00 log10(pixels)=0.00
0	52	1211	log2(tiles)=0.00 log10(pixels)=0.00
0.0510299956639812	98	1212	log2(tiles)=0.00 log10(pixels)=0.25
0	53	1213	log2(tiles)=0.00 log10(pixels)=0.00
-0.0228787452803376	94	1214	log2(tiles)=0.00 log10(pixels)=0.50
-0.0969100130080565	24	1215	log2(tiles)=0.00 log10(pixels)=1.00
-0.0228787452803376	95	1216	log2(tiles)=0.00 log10(pixels)=0.50
0	54	1217	log2(tiles)=0.00 log10(pixels)=0.00
0.0510299956639812	99	1218	log2(tiles)=0.00 log10(pixels)=0.25
0.0791812460476247	2	1219	log2(tiles)=1.00 log10(pixels)=2.00
-0.0457574905606751	27	1220	log2(tiles)=0.00 log10(pixels)=1.00
0.0924226808222062	6	1221	log2(tiles)=0.00 log10(pixels)=1.25
-0.0132282657337552	1	1222	log2(tiles)=0.00 log10(pixels)=2.00
0	55	1223	log2(tiles)=0.00 log10(pixels)=0.00
0.0510299956639812	100	1224	log2(tiles)=0.00 log10(pixels)=0.25
-0.0872421683184257	1	1225	log2(tiles)=2.00 log10(pixels)=2.75
0.0510299956639812	101	1226	log2(tiles)=0.00 log10(pixels)=0.25
0.113943352306837	20	1227	log2(tiles)=0.00 log10(pixels)=1.00
0	56	1228	log2(tiles)=0.00 log10(pixels)=0.00
0	57	1229	log2(tiles)=0.00 log10(pixels)=0.00
-0.0228787452803376	96	1230	log2(tiles)=0.00 log10(pixels)=0.50
0.0510299956639812	102	1231	log2(tiles)=0.00 log10(pixels)=0.25
0.0510299956639812	2	1232	log2(tiles)=1.00 log10(pixels)=0.25
0.0791812460476249	23	1233	log2(tiles)=0.00 log10(pixels)=1.00
0.0510299956639812	103	1234	log2(tiles)=0.00 log10(pixels)=0.25
-0.0228787452803376	97	1235	log2(tiles)=0.00 log10(pixels)=0.50
0.102059991327962	69	1236	log2(tiles)=0.00 log10(pixels)=0.50
0.0413926851582249	23	1237	log2(tiles)=0.00 log10(pixels)=1.00
0.0287536009528289	1	1238	log2(tiles)=1.00 log10(pixels)=2.25
-0.076813731587726	2	1239	log2(tiles)=1.00 log10(pixels)=2.25
0.113943352306837	21	1240	log2(tiles)=0.00 log10(pixels)=1.00
0.102059991327962	70	1241	log2(tiles)=0.00 log10(pixels)=0.50
-0.0510299956639812	50	1242	log2(tiles)=0.00 log10(pixels)=0.75
-0.0458800173440752	14	1243	log2(tiles)=0.00 log10(pixels)=1.25
0	58	1244	log2(tiles)=0.00 log10(pixels)=0.00
0.0510299956639812	104	1245	log2(tiles)=0.00 log10(pixels)=0.25
0	59	1246	log2(tiles)=0.00 log10(pixels)=0.00
0.0510299956639812	105	1247	log2(tiles)=0.00 log10(pixels)=0.25
0.102059991327962	71	1248	log2(tiles)=0.00 log10(pixels)=0.50
-0.0739087409443187	16	1249	log2(tiles)=0.00 log10(pixels)=1.25
0.0510299956639812	106	1250	log2(tiles)=0.00 log10(pixels)=0.25
0.0510299956639812	107	1251	log2(tiles)=0.00 log10(pixels)=0.25
-0.0228787452803376	98	1252	log2(tiles)=0.00 log10(pixels)=0.50
-0.0739087409443187	17	1253	log2(tiles)=0.00 log10(pixels)=1.25
0.0510299956639812	108	1254	log2(tiles)=0.00 log10(pixels)=0.25
0.0510299956639812	109	1255	log2(tiles)=0.00 log10(pixels)=0.25
0.0281512503836436	42	1256	log2(tiles)=0.00 log10(pixels)=0.75
0.102059991327962	72	1257	log2(tiles)=0.00 log10(pixels)=0.50
0	18	1258	log2(tiles)=0.00 log10(pixels)=1.00
-0.0228787452803376	99	1259	log2(tiles)=0.00 log10(pixels)=0.50
0	60	1260	log2(tiles)=0.00 log10(pixels)=0.00
0	61	1261	log2(tiles)=0.00 log10(pixels)=0.00
0.0510299956639812	110	1262	log2(tiles)=0.00 log10(pixels)=0.25
0	62	1263	log2(tiles)=0.00 log10(pixels)=0.00
0.00527250510330601	13	1264	log2(tiles)=0.00 log10(pixels)=1.25
0.102059991327962	73	1265	log2(tiles)=0.00 log10(pixels)=0.50
-0.0228787452803376	100	1266	log2(tiles)=0.00 log10(pixels)=0.50
-0.0739087409443187	18	1267	log2(tiles)=0.00 log10(pixels)=1.25
-0.0757207139381184	4	1268	log2(tiles)=0.00 log10(pixels)=2.00
0	19	1269	log2(tiles)=0.00 log10(pixels)=1.00
0.0950980400142568	34	1270	log2(tiles)=0.00 log10(pixels)=0.75
-0.0228787452803376	101	1271	log2(tiles)=0.00 log10(pixels)=0.50
0.0510299956639812	111	1272	log2(tiles)=0.00 log10(pixels)=0.25
0.0287536009528289	10	1273	log2(tiles)=0.00 log10(pixels)=1.25
-0.0195510786217261	13	1274	log2(tiles)=0.00 log10(pixels)=1.25
-0.0510299956639812	51	1275	log2(tiles)=0.00 log10(pixels)=0.75
0.0563025007672873	3	1276	log2(tiles)=0.00 log10(pixels)=1.50
-0.0967874862246563	5	1277	log2(tiles)=0.00 log10(pixels)=1.75
0.0510299956639812	112	1278	log2(tiles)=0.00 log10(pixels)=0.25
-0.0510299956639812	52	1279	log2(tiles)=0.00 log10(pixels)=0.75
-0.0457574905606751	28	1280	log2(tiles)=0.00 log10(pixels)=1.00
0.0510299956639812	113	1281	log2(tiles)=0.00 log10(pixels)=0.25
0.0510299956639812	114	1282	log2(tiles)=0.00 log10(pixels)=0.25
-0.0228787452803376	102	1283	log2(tiles)=0.00 log10(pixels)=0.50
-0.0598039199714864	2	1284	log2(tiles)=0.00 log10(pixels)=1.75
-0.0510299956639812	53	1285	log2(tiles)=0.00 log10(pixels)=0.75
0.0510299956639812	115	1286	log2(tiles)=0.00 log10(pixels)=0.25
-0.0510299956639812	54	1287	log2(tiles)=0.00 log10(pixels)=0.75
0	63	1288	log2(tiles)=0.00 log10(pixels)=0.00
0	64	1289	log2(tiles)=0.00 log10(pixels)=0.00
0	65	1290	log2(tiles)=0.00 log10(pixels)=0.00
-0.0228787452803376	103	1291	log2(tiles)=0.00 log10(pixels)=0.50
0.0950980400142568	35	1292	log2(tiles)=0.00 log10(pixels)=0.75
-0.0969100130080565	25	1293	log2(tiles)=0.00 log10(pixels)=1.00
-0.0969100130080565	26	1294	log2(tiles)=0.00 log10(pixels)=1.00
-0.103871964321762	11	1295	log2(tiles)=0.00 log10(pixels)=1.25
-0.0510299956639812	55	1296	log2(tiles)=0.00 log10(pixels)=0.75
0.111727836017593	9	1297	log2(tiles)=0.00 log10(pixels)=1.25
0.111727836017593	10	1298	log2(tiles)=0.00 log10(pixels)=1.25
0.0413926851582249	24	1299	log2(tiles)=0.00 log10(pixels)=1.00
0.0510299956639812	116	1300	log2(tiles)=0.00 log10(pixels)=0.25
0.102059991327962	74	1301	log2(tiles)=0.00 log10(pixels)=0.50
0	66	1302	log2(tiles)=0.00 log10(pixels)=0.00
-0.0457574905606751	29	1303	log2(tiles)=0.00 log10(pixels)=1.00
0.0413926851582249	25	1304	log2(tiles)=0.00 log10(pixels)=1.00
-0.0228787452803376	104	1305	log2(tiles)=0.00 log10(pixels)=0.50
-0.0228787452803376	105	1306	log2(tiles)=0.00 log10(pixels)=0.50
-0.0228787452803376	106	1307	log2(tiles)=0.00 log10(pixels)=0.50
-0.0510299956639812	56	1308	log2(tiles)=0.00 log10(pixels)=0.75
-0.0228787452803376	107	1309	log2(tiles)=0.00 log10(pixels)=0.50
-0.0757207139381184	5	1310	log2(tiles)=0.00 log10(pixels)=2.00
-0.0739087409443187	1	1311	log2(tiles)=1.00 log10(pixels)=1.25
0.102059991327962	75	1312	log2(tiles)=0.00 log10(pixels)=0.50
-0.0228787452803376	108	1313	log2(tiles)=0.00 log10(pixels)=0.50
-0.0510299956639812	57	1314	log2(tiles)=0.00 log10(pixels)=0.75
-0.0228787452803376	109	1315	log2(tiles)=0.00 log10(pixels)=0.50
-0.0686362358410126	6	1316	log2(tiles)=0.00 log10(pixels)=1.50
0.0510299956639812	117	1317	log2(tiles)=0.00 log10(pixels)=0.25
-0.0228787452803376	110	1318	log2(tiles)=0.00 log10(pixels)=0.50
-0.0779021420642825	2	1319	log2(tiles)=1.00 log10(pixels)=1.75
0	7	1320	log2(tiles)=1.00 log10(pixels)=1.00
0.113943352306837	22	1321	log2(tiles)=0.00 log10(pixels)=1.00
0.0950980400142568	36	1322	log2(tiles)=0.00 log10(pixels)=0.75
0.0281512503836436	43	1323	log2(tiles)=0.00 log10(pixels)=0.75
0	67	1324	log2(tiles)=0.00 log10(pixels)=0.00
0.0950980400142568	37	1325	log2(tiles)=0.00 log10(pixels)=0.75
0.0281512503836436	44	1326	log2(tiles)=0.00 log10(pixels)=0.75
0.0510299956639812	118	1327	log2(tiles)=0.00 log10(pixels)=0.25
-0.0510299956639812	58	1328	log2(tiles)=0.00 log10(pixels)=0.75
-0.0376020021010439	7	1329	log2(tiles)=0.00 log10(pixels)=1.50
0	68	1330	log2(tiles)=0.00 log10(pixels)=0.00
0	69	1331	log2(tiles)=0.00 log10(pixels)=0.00
0	70	1332	log2(tiles)=0.00 log10(pixels)=0.00
-0.0228787452803376	111	1333	log2(tiles)=0.00 log10(pixels)=0.50
0	71	1334	log2(tiles)=0.00 log10(pixels)=0.00
0.102059991327962	76	1335	log2(tiles)=0.00 log10(pixels)=0.50
0	72	1336	log2(tiles)=0.00 log10(pixels)=0.00
0	73	1337	log2(tiles)=0.00 log10(pixels)=0.00
0	74	1338	log2(tiles)=0.00 log10(pixels)=0.00
0.0510299956639812	119	1339	log2(tiles)=0.00 log10(pixels)=0.25
0.0791812460476249	24	1340	log2(tiles)=0.00 log10(pixels)=1.00
0.102059991327962	77	1341	log2(tiles)=0.00 log10(pixels)=0.50
0.0950980400142568	38	1342	log2(tiles)=0.00 log10(pixels)=0.75
0.0510299956639812	120	1343	log2(tiles)=0.00 log10(pixels)=0.25
0	75	1344	log2(tiles)=0.00 log10(pixels)=0.00
-0.0510299956639812	59	1345	log2(tiles)=0.00 log10(pixels)=0.75
0.102059991327962	78	1346	log2(tiles)=0.00 log10(pixels)=0.50
0	76	1347	log2(tiles)=0.00 log10(pixels)=0.00
0	77	1348	log2(tiles)=0.00 log10(pixels)=0.00
0	78	1349	log2(tiles)=0.00 log10(pixels)=0.00
0	79	1350	log2(tiles)=0.00 log10(pixels)=0.00
0	80	1351	log2(tiles)=0.00 log10(pixels)=0.00
0	81	1352	log2(tiles)=0.00 log10(pixels)=0.00
0.0281512503836436	45	1353	log2(tiles)=0.00 log10(pixels)=0.75
0.113943352306837	23	1354	log2(tiles)=0.00 log10(pixels)=1.00
0.102059991327962	79	1355	log2(tiles)=0.00 log10(pixels)=0.50
-0.0228787452803376	112	1356	log2(tiles)=0.00 log10(pixels)=0.50
-0.0510299956639812	60	1357	log2(tiles)=0.00 log10(pixels)=0.75
0.0510299956639812	121	1358	log2(tiles)=0.00 log10(pixels)=0.25
0.0510299956639812	122	1359	log2(tiles)=0.00 log10(pixels)=0.25
0.102059991327962	80	1360	log2(tiles)=0.00 log10(pixels)=0.50
-0.0510299956639812	61	1361	log2(tiles)=0.00 log10(pixels)=0.75
-0.0510299956639812	62	1362	log2(tiles)=0.00 log10(pixels)=0.75
0.0510299956639812	123	1363	log2(tiles)=0.00 log10(pixels)=0.25
-0.0510299956639812	63	1364	log2(tiles)=0.00 log10(pixels)=0.75
0.0791812460476249	25	1365	log2(tiles)=0.00 log10(pixels)=1.00
0.102059991327962	81	1366	log2(tiles)=0.00 log10(pixels)=0.50
0.0510299956639812	124	1367	log2(tiles)=0.00 log10(pixels)=0.25
0.0281512503836436	46	1368	log2(tiles)=0.00 log10(pixels)=0.75
0.0510299956639812	125	1369	log2(tiles)=0.00 log10(pixels)=0.25
0.0413926851582249	26	1370	log2(tiles)=0.00 log10(pixels)=1.00
0.0510299956639812	126	1371	log2(tiles)=0.00 log10(pixels)=0.25
-0.1249387366083	1	1372	log2(tiles)=1.00 log10(pixels)=2.00
0.102059991327963	1	1373	log2(tiles)=1.00 log10(pixels)=1.50
0.101258348719075	1	1374	log2(tiles)=0.00 log10(pixels)=1.75
0.0510299956639812	127	1375	log2(tiles)=0.00 log10(pixels)=0.25
0.0924226808222062	7	1376	log2(tiles)=0.00 log10(pixels)=1.25
-0.103871964321762	12	1377	log2(tiles)=0.00 log10(pixels)=1.25
-0.0228787452803376	113	1378	log2(tiles)=0.00 log10(pixels)=0.50
-0.0195510786217261	1	1379	log2(tiles)=1.00 log10(pixels)=1.25
0.102059991327962	82	1380	log2(tiles)=0.00 log10(pixels)=0.50
0.0924226808222062	8	1381	log2(tiles)=0.00 log10(pixels)=1.25
0.0510299956639813	2	1382	log2(tiles)=1.00 log10(pixels)=1.25
0.0510299956639812	128	1383	log2(tiles)=0.00 log10(pixels)=0.25
-0.0228787452803376	114	1384	log2(tiles)=0.00 log10(pixels)=0.50
0.0281512503836436	4	1385	log2(tiles)=1.00 log10(pixels)=0.75
-0.0228787452803376	115	1386	log2(tiles)=0.00 log10(pixels)=0.50
0	20	1387	log2(tiles)=0.00 log10(pixels)=1.00
0.0510299956639812	129	1388	log2(tiles)=0.00 log10(pixels)=0.25
0.0950980400142568	39	1389	log2(tiles)=0.00 log10(pixels)=0.75
0.0791812460476249	26	1390	log2(tiles)=0.00 log10(pixels)=1.00
0.0353298350107671	3	1391	log2(tiles)=0.00 log10(pixels)=1.75
-0.0457574905606751	4	1392	log2(tiles)=1.00 log10(pixels)=1.00
0.113943352306837	24	1393	log2(tiles)=0.00 log10(pixels)=1.00
0.00527250510330601	14	1394	log2(tiles)=0.00 log10(pixels)=1.25
-0.096879478824182	1	1395	log2(tiles)=2.00 log10(pixels)=2.50
0	82	1396	log2(tiles)=0.00 log10(pixels)=0.00
0.0510299956639812	130	1397	log2(tiles)=0.00 log10(pixels)=0.25
-0.0779021420642825	5	1398	log2(tiles)=0.00 log10(pixels)=1.75
0.0281512503836436	47	1399	log2(tiles)=0.00 log10(pixels)=0.75
0.0510299956639812	131	1400	log2(tiles)=0.00 log10(pixels)=0.25
-0.0458800173440752	15	1401	log2(tiles)=0.00 log10(pixels)=1.25
0.0281512503836436	48	1402	log2(tiles)=0.00 log10(pixels)=0.75
0.0510299956639812	132	1403	log2(tiles)=0.00 log10(pixels)=0.25
0.0510299956639812	133	1404	log2(tiles)=0.00 log10(pixels)=0.25
-0.0510299956639812	64	1405	log2(tiles)=0.00 log10(pixels)=0.75
0	83	1406	log2(tiles)=0.00 log10(pixels)=0.00
0.0510299956639812	134	1407	log2(tiles)=0.00 log10(pixels)=0.25
0.0281512503836436	49	1408	log2(tiles)=0.00 log10(pixels)=0.75
0.00860017176191752	2	1409	log2(tiles)=1.00 log10(pixels)=2.00
0.0510299956639812	135	1410	log2(tiles)=0.00 log10(pixels)=0.25
-0.0228787452803376	10	1411	log2(tiles)=0.00 log10(pixels)=1.50
0	84	1412	log2(tiles)=0.00 log10(pixels)=0.00
0.0797835966168101	8	1413	log2(tiles)=0.00 log10(pixels)=1.50
0.102059991327962	83	1414	log2(tiles)=0.00 log10(pixels)=0.50
-0.00877392430750512	1	1415	log2(tiles)=0.00 log10(pixels)=2.00
-0.0228787452803376	116	1416	log2(tiles)=0.00 log10(pixels)=0.50
-0.0228787452803376	117	1417	log2(tiles)=0.00 log10(pixels)=0.50
0.0950980400142568	40	1418	log2(tiles)=0.00 log10(pixels)=0.75
0.0950980400142568	41	1419	log2(tiles)=0.00 log10(pixels)=0.75
0.0510299956639812	136	1420	log2(tiles)=0.00 log10(pixels)=0.25
0.102059991327962	4	1421	log2(tiles)=1.00 log10(pixels)=0.50
0.0510299956639812	137	1422	log2(tiles)=0.00 log10(pixels)=0.25
-0.0739087409443187	2	1423	log2(tiles)=1.00 log10(pixels)=1.25
-0.0969100130080565	27	1424	log2(tiles)=0.00 log10(pixels)=1.00
-0.0177287669604316	1	1425	log2(tiles)=1.00 log10(pixels)=2.00
0.0510299956639813	8	1426	log2(tiles)=0.00 log10(pixels)=1.25
0.0510299956639812	138	1427	log2(tiles)=0.00 log10(pixels)=0.25
0.102059991327962	84	1428	log2(tiles)=0.00 log10(pixels)=0.50
-0.00863830616572736	6	1429	log2(tiles)=0.00 log10(pixels)=1.50
0.0510299956639812	139	1430	log2(tiles)=0.00 log10(pixels)=0.25
0	2	1431	log2(tiles)=0.00 log10(pixels)=2.00
-0.0510299956639812	65	1432	log2(tiles)=0.00 log10(pixels)=0.75
-0.0510299956639812	66	1433	log2(tiles)=0.00 log10(pixels)=0.75
0	85	1434	log2(tiles)=0.00 log10(pixels)=0.00
0	86	1435	log2(tiles)=0.00 log10(pixels)=0.00
0	87	1436	log2(tiles)=0.00 log10(pixels)=0.00
0.0950980400142568	42	1437	log2(tiles)=0.00 log10(pixels)=0.75
0	88	1438	log2(tiles)=0.00 log10(pixels)=0.00
0	89	1439	log2(tiles)=0.00 log10(pixels)=0.00
0	90	1440	log2(tiles)=0.00 log10(pixels)=0.00
0	91	1441	log2(tiles)=0.00 log10(pixels)=0.00
-0.0228787452803376	118	1442	log2(tiles)=0.00 log10(pixels)=0.50
-0.0510299956639812	67	1443	log2(tiles)=0.00 log10(pixels)=0.75
0	92	1444	log2(tiles)=0.00 log10(pixels)=0.00
0	93	1445	log2(tiles)=0.00 log10(pixels)=0.00
0	94	1446	log2(tiles)=0.00 log10(pixels)=0.00
0.0510299956639812	140	1447	log2(tiles)=0.00 log10(pixels)=0.25
0.0287536009528289	11	1448	log2(tiles)=0.00 log10(pixels)=1.25
-0.0510299956639812	68	1449	log2(tiles)=0.00 log10(pixels)=0.75
0	95	1450	log2(tiles)=0.00 log10(pixels)=0.00
0	96	1451	log2(tiles)=0.00 log10(pixels)=0.00
0	97	1452	log2(tiles)=0.00 log10(pixels)=0.00
0	98	1453	log2(tiles)=0.00 log10(pixels)=0.00
-0.0176062401770314	2	1454	log2(tiles)=1.00 log10(pixels)=1.75
-0.0457574905606751	30	1455	log2(tiles)=0.00 log10(pixels)=1.00
0	99	1456	log2(tiles)=0.00 log10(pixels)=0.00
0	100	1457	log2(tiles)=0.00 log10(pixels)=0.00
0.123249290397901	3	1458	log2(tiles)=0.00 log10(pixels)=1.50
0.0888490907372552	2	1459	log2(tiles)=0.00 log10(pixels)=1.75
0	101	1460	log2(tiles)=0.00 log10(pixels)=0.00
0	102	1461	log2(tiles)=0.00 log10(pixels)=0.00
0.0281512503836436	50	1462	log2(tiles)=0.00 log10(pixels)=0.75
0.0510299956639812	141	1463	log2(tiles)=0.00 log10(pixels)=0.25
0	103	1464	log2(tiles)=0.00 log10(pixels)=0.00
0.0510299956639812	142	1465	log2(tiles)=0.00 log10(pixels)=0.25
0.0413926851582249	2	1466	log2(tiles)=1.00 log10(pixels)=1.00
-0.0228787452803376	119	1467	log2(tiles)=0.00 log10(pixels)=0.50
0	104	1468	log2(tiles)=0.00 log10(pixels)=0.00
0.0510299956639812	143	1469	log2(tiles)=0.00 log10(pixels)=0.25
0	105	1470	log2(tiles)=0.00 log10(pixels)=0.00
0	106	1471	log2(tiles)=0.00 log10(pixels)=0.00
0	107	1472	log2(tiles)=0.00 log10(pixels)=0.00
0	108	1473	log2(tiles)=0.00 log10(pixels)=0.00
0	109	1474	log2(tiles)=0.00 log10(pixels)=0.00
0.0510299956639812	144	1475	log2(tiles)=0.00 log10(pixels)=0.25
0	110	1476	log2(tiles)=0.00 log10(pixels)=0.00
-0.0510299956639813	5	1477	log2(tiles)=0.00 log10(pixels)=1.75
-0.0458800173440752	16	1478	log2(tiles)=0.00 log10(pixels)=1.25
0.102059991327962	85	1479	log2(tiles)=0.00 log10(pixels)=0.50
0	111	1480	log2(tiles)=0.00 log10(pixels)=0.00
0.0510299956639812	145	1481	log2(tiles)=0.00 log10(pixels)=0.25
0	112	1482	log2(tiles)=0.00 log10(pixels)=0.00
0	113	1483	log2(tiles)=0.00 log10(pixels)=0.00
0	114	1484	log2(tiles)=0.00 log10(pixels)=0.00
0	115	1485	log2(tiles)=0.00 log10(pixels)=0.00
0	116	1486	log2(tiles)=0.00 log10(pixels)=0.00
0.102059991327962	86	1487	log2(tiles)=0.00 log10(pixels)=0.50
-0.0228787452803376	120	1488	log2(tiles)=0.00 log10(pixels)=0.50
0.0950980400142568	43	1489	log2(tiles)=0.00 log10(pixels)=0.75
0	117	1490	log2(tiles)=0.00 log10(pixels)=0.00
0	118	1491	log2(tiles)=0.00 log10(pixels)=0.00
0.0510299956639812	146	1492	log2(tiles)=0.00 log10(pixels)=0.25
0	119	1493	log2(tiles)=0.00 log10(pixels)=0.00
0	120	1494	log2(tiles)=0.00 log10(pixels)=0.00
0	121	1495	log2(tiles)=0.00 log10(pixels)=0.00
0.0950980400142568	44	1496	log2(tiles)=0.00 log10(pixels)=0.75
0.102059991327962	87	1497	log2(tiles)=0.00 log10(pixels)=0.50
-0.0861861476162833	1	1498	log2(tiles)=1.00 log10(pixels)=2.00
0.113943352306837	25	1499	log2(tiles)=0.00 log10(pixels)=1.00
0	122	1500	log2(tiles)=0.00 log10(pixels)=0.00
0	123	1501	log2(tiles)=0.00 log10(pixels)=0.00
0	124	1502	log2(tiles)=0.00 log10(pixels)=0.00
0.0510299956639812	147	1503	log2(tiles)=0.00 log10(pixels)=0.25
0	125	1504	log2(tiles)=0.00 log10(pixels)=0.00
0	126	1505	log2(tiles)=0.00 log10(pixels)=0.00
-0.0228787452803376	121	1506	log2(tiles)=0.00 log10(pixels)=0.50
-0.00863830616572736	1	1507	log2(tiles)=1.00 log10(pixels)=1.50
0	127	1508	log2(tiles)=0.00 log10(pixels)=0.00
0.0281512503836436	51	1509	log2(tiles)=0.00 log10(pixels)=0.75
0.0281512503836436	52	1510	log2(tiles)=0.00 log10(pixels)=0.75
0.102059991327962	88	1511	log2(tiles)=0.00 log10(pixels)=0.50
-0.0510299956639812	69	1512	log2(tiles)=0.00 log10(pixels)=0.75
0	128	1513	log2(tiles)=0.00 log10(pixels)=0.00
0	129	1514	log2(tiles)=0.00 log10(pixels)=0.00
0.0510299956639812	148	1515	log2(tiles)=0.00 log10(pixels)=0.25
0	130	1516	log2(tiles)=0.00 log10(pixels)=0.00
0	131	1517	log2(tiles)=0.00 log10(pixels)=0.00
0	132	1518	log2(tiles)=0.00 log10(pixels)=0.00
0.0510299956639812	149	1519	log2(tiles)=0.00 log10(pixels)=0.25
0	133	1520	log2(tiles)=0.00 log10(pixels)=0.00
-0.103871964321762	13	1521	log2(tiles)=0.00 log10(pixels)=1.25
0	134	1522	log2(tiles)=0.00 log10(pixels)=0.00
0	135	1523	log2(tiles)=0.00 log10(pixels)=0.00
0	136	1524	log2(tiles)=0.00 log10(pixels)=0.00
0.102059991327962	89	1525	log2(tiles)=0.00 log10(pixels)=0.50
0	137	1526	log2(tiles)=0.00 log10(pixels)=0.00
-0.0458800173440752	17	1527	log2(tiles)=0.00 log10(pixels)=1.25
0.0510299956639812	150	1528	log2(tiles)=0.00 log10(pixels)=0.25
0	138	1529	log2(tiles)=0.00 log10(pixels)=0.00
0.0510299956639812	151	1530	log2(tiles)=0.00 log10(pixels)=0.25
0.0510299956639812	152	1531	log2(tiles)=0.00 log10(pixels)=0.25
0	139	1532	log2(tiles)=0.00 log10(pixels)=0.00
0.0510299956639812	153	1533	log2(tiles)=0.00 log10(pixels)=0.25
0	140	1534	log2(tiles)=0.00 log10(pixels)=0.00
0.0950980400142568	45	1535	log2(tiles)=0.00 log10(pixels)=0.75
0	141	1536	log2(tiles)=0.00 log10(pixels)=0.00
0	142	1537	log2(tiles)=0.00 log10(pixels)=0.00
0	143	1538	log2(tiles)=0.00 log10(pixels)=0.00
-0.0686362358410126	7	1539	log2(tiles)=0.00 log10(pixels)=1.50
0	144	1540	log2(tiles)=0.00 log10(pixels)=0.00
0.0281512503836436	53	1541	log2(tiles)=0.00 log10(pixels)=0.75
-0.0228787452803376	122	1542	log2(tiles)=0.00 log10(pixels)=0.50
0.102059991327962	90	1543	log2(tiles)=0.00 log10(pixels)=0.50
0.0510299956639812	154	1544	log2(tiles)=0.00 log10(pixels)=0.25
-0.0228787452803376	123	1545	log2(tiles)=0.00 log10(pixels)=0.50
0	145	1546	log2(tiles)=0.00 log10(pixels)=0.00
0	146	1547	log2(tiles)=0.00 log10(pixels)=0.00
0	147	1548	log2(tiles)=0.00 log10(pixels)=0.00
0	148	1549	log2(tiles)=0.00 log10(pixels)=0.00
0	149	1550	log2(tiles)=0.00 log10(pixels)=0.00
0	150	1551	log2(tiles)=0.00 log10(pixels)=0.00
0	151	1552	log2(tiles)=0.00 log10(pixels)=0.00
0	152	1553	log2(tiles)=0.00 log10(pixels)=0.00
0	153	1554	log2(tiles)=0.00 log10(pixels)=0.00
0	154	1555	log2(tiles)=0.00 log10(pixels)=0.00
0	155	1556	log2(tiles)=0.00 log10(pixels)=0.00
0	156	1557	log2(tiles)=0.00 log10(pixels)=0.00
0.0281512503836436	54	1558	log2(tiles)=0.00 log10(pixels)=0.75
0	157	1559	log2(tiles)=0.00 log10(pixels)=0.00
-0.0510299956639812	70	1560	log2(tiles)=0.00 log10(pixels)=0.75
-0.0228787452803376	124	1561	log2(tiles)=0.00 log10(pixels)=0.50
-0.0510299956639812	71	1562	log2(tiles)=0.00 log10(pixels)=0.75
0	158	1563	log2(tiles)=0.00 log10(pixels)=0.00
0.0510299956639812	155	1564	log2(tiles)=0.00 log10(pixels)=0.25
0	159	1565	log2(tiles)=0.00 log10(pixels)=0.00
0.0510299956639812	156	1566	log2(tiles)=0.00 log10(pixels)=0.25
0.102059991327962	91	1567	log2(tiles)=0.00 log10(pixels)=0.50
0.0510299956639812	157	1568	log2(tiles)=0.00 log10(pixels)=0.25
0	8	1569	log2(tiles)=1.00 log10(pixels)=1.00
-0.00181197299379954	4	1570	log2(tiles)=0.00 log10(pixels)=1.75
0.0950980400142568	46	1571	log2(tiles)=0.00 log10(pixels)=0.75
0	160	1572	log2(tiles)=0.00 log10(pixels)=0.00
0	161	1573	log2(tiles)=0.00 log10(pixels)=0.00
0	162	1574	log2(tiles)=0.00 log10(pixels)=0.00
0	163	1575	log2(tiles)=0.00 log10(pixels)=0.00
0.0510299956639812	158	1576	log2(tiles)=0.00 log10(pixels)=0.25
0.0950980400142568	47	1577	log2(tiles)=0.00 log10(pixels)=0.75
0	164	1578	log2(tiles)=0.00 log10(pixels)=0.00
0	165	1579	log2(tiles)=0.00 log10(pixels)=0.00
0	166	1580	log2(tiles)=0.00 log10(pixels)=0.00
0	167	1581	log2(tiles)=0.00 log10(pixels)=0.00
-0.0228787452803376	125	1582	log2(tiles)=0.00 log10(pixels)=0.50
0.0281512503836436	55	1583	log2(tiles)=0.00 log10(pixels)=0.75
0	168	1584	log2(tiles)=0.00 log10(pixels)=0.00
0	169	1585	log2(tiles)=0.00 log10(pixels)=0.00
0	170	1586	log2(tiles)=0.00 log10(pixels)=0.00
0	171	1587	log2(tiles)=0.00 log10(pixels)=0.00
0.119231719730976	3	1588	log2(tiles)=0.00 log10(pixels)=1.75
0	172	1589	log2(tiles)=0.00 log10(pixels)=0.00
0.102059991327962	92	1590	log2(tiles)=0.00 log10(pixels)=0.50
0	173	1591	log2(tiles)=0.00 log10(pixels)=0.00
0.0510299956639812	159	1592	log2(tiles)=0.00 log10(pixels)=0.25
-0.0457574905606751	31	1593	log2(tiles)=0.00 log10(pixels)=1.00
0	174	1594	log2(tiles)=0.00 log10(pixels)=0.00
-0.0228787452803376	126	1595	log2(tiles)=0.00 log10(pixels)=0.50
0	175	1596	log2(tiles)=0.00 log10(pixels)=0.00
0.0510299956639812	160	1597	log2(tiles)=0.00 log10(pixels)=0.25
0	176	1598	log2(tiles)=0.00 log10(pixels)=0.00
0.0510299956639812	161	1599	log2(tiles)=0.00 log10(pixels)=0.25
0	177	1600	log2(tiles)=0.00 log10(pixels)=0.00
0	178	1601	log2(tiles)=0.00 log10(pixels)=0.00
0	179	1602	log2(tiles)=0.00 log10(pixels)=0.00
0	180	1603	log2(tiles)=0.00 log10(pixels)=0.00
0	181	1604	log2(tiles)=0.00 log10(pixels)=0.00
0	182	1605	log2(tiles)=0.00 log10(pixels)=0.00
0	183	1606	log2(tiles)=0.00 log10(pixels)=0.00
0.0510299956639812	162	1607	log2(tiles)=0.00 log10(pixels)=0.25
0	184	1608	log2(tiles)=0.00 log10(pixels)=0.00
0	185	1609	log2(tiles)=0.00 log10(pixels)=0.00
0	186	1610	log2(tiles)=0.00 log10(pixels)=0.00
0.0510299956639812	163	1611	log2(tiles)=0.00 log10(pixels)=0.25
0	187	1612	log2(tiles)=0.00 log10(pixels)=0.00
-0.0228787452803376	127	1613	log2(tiles)=0.00 log10(pixels)=0.50
-0.0458800173440752	18	1614	log2(tiles)=0.00 log10(pixels)=1.25
-0.0739087409443187	19	1615	log2(tiles)=0.00 log10(pixels)=1.25
0	188	1616	log2(tiles)=0.00 log10(pixels)=0.00
0	189	1617	log2(tiles)=0.00 log10(pixels)=0.00
0	190	1618	log2(tiles)=0.00 log10(pixels)=0.00
0	191	1619	log2(tiles)=0.00 log10(pixels)=0.00
0	192	1620	log2(tiles)=0.00 log10(pixels)=0.00
0	193	1621	log2(tiles)=0.00 log10(pixels)=0.00
0	194	1622	log2(tiles)=0.00 log10(pixels)=0.00
0	195	1623	log2(tiles)=0.00 log10(pixels)=0.00
0	196	1624	log2(tiles)=0.00 log10(pixels)=0.00
0	197	1625	log2(tiles)=0.00 log10(pixels)=0.00
0.102059991327962	93	1626	log2(tiles)=0.00 log10(pixels)=0.50
-0.0228787452803376	128	1627	log2(tiles)=0.00 log10(pixels)=0.50
0	198	1628	log2(tiles)=0.00 log10(pixels)=0.00
0	199	1629	log2(tiles)=0.00 log10(pixels)=0.00
0	200	1630	log2(tiles)=0.00 log10(pixels)=0.00
0	201	1631	log2(tiles)=0.00 log10(pixels)=0.00
0	202	1632	log2(tiles)=0.00 log10(pixels)=0.00
0	203	1633	log2(tiles)=0.00 log10(pixels)=0.00
0	204	1634	log2(tiles)=0.00 log10(pixels)=0.00
0	205	1635	log2(tiles)=0.00 log10(pixels)=0.00
0	206	1636	log2(tiles)=0.00 log10(pixels)=0.00
0	207	1637	log2(tiles)=0.00 log10(pixels)=0.00
0	208	1638	log2(tiles)=0.00 log10(pixels)=0.00
0.0950980400142568	48	1639	log2(tiles)=0.00 log10(pixels)=0.75
0	209	1640	log2(tiles)=0.00 log10(pixels)=0.00
-0.0510299956639812	72	1641	log2(tiles)=0.00 log10(pixels)=0.75
0.0510299956639812	164	1642	log2(tiles)=0.00 log10(pixels)=0.25
-0.0969100130080565	28	1643	log2(tiles)=0.00 log10(pixels)=1.00
0	210	1644	log2(tiles)=0.00 log10(pixels)=0.00
0.0510299956639812	165	1645	log2(tiles)=0.00 log10(pixels)=0.25
0	211	1646	log2(tiles)=0.00 log10(pixels)=0.00
0	212	1647	log2(tiles)=0.00 log10(pixels)=0.00
0.0510299956639812	166	1648	log2(tiles)=0.00 log10(pixels)=0.25
0	21	1649	log2(tiles)=0.00 log10(pixels)=1.00
0	213	1650	log2(tiles)=0.00 log10(pixels)=0.00
0.0413926851582249	3	1651	log2(tiles)=1.00 log10(pixels)=1.00
-0.0228787452803376	129	1652	log2(tiles)=0.00 log10(pixels)=0.50
0	214	1653	log2(tiles)=0.00 log10(pixels)=0.00
0	215	1654	log2(tiles)=0.00 log10(pixels)=0.00
0	216	1655	log2(tiles)=0.00 log10(pixels)=0.00
-0.0228787452803376	130	1656	log2(tiles)=0.00 log10(pixels)=0.50
0	217	1657	log2(tiles)=0.00 log10(pixels)=0.00
0.0281512503836436	56	1658	log2(tiles)=0.00 log10(pixels)=0.75
0	218	1659	log2(tiles)=0.00 log10(pixels)=0.00
0	219	1660	log2(tiles)=0.00 log10(pixels)=0.00
0	220	1661	log2(tiles)=0.00 log10(pixels)=0.00
0	221	1662	log2(tiles)=0.00 log10(pixels)=0.00
-0.103871964321762	14	1663	log2(tiles)=0.00 log10(pixels)=1.25
0.0510299956639812	167	1664	log2(tiles)=0.00 log10(pixels)=0.25
0	222	1665	log2(tiles)=0.00 log10(pixels)=0.00
0	223	1666	log2(tiles)=0.00 log10(pixels)=0.00
0	224	1667	log2(tiles)=0.00 log10(pixels)=0.00
0	225	1668	log2(tiles)=0.00 log10(pixels)=0.00
0	226	1669	log2(tiles)=0.00 log10(pixels)=0.00
0.0950980400142568	49	1670	log2(tiles)=0.00 log10(pixels)=0.75
0.0510299956639812	168	1671	log2(tiles)=0.00 log10(pixels)=0.25
-0.0457574905606751	32	1672	log2(tiles)=0.00 log10(pixels)=1.00
0.0281512503836436	3	1673	log2(tiles)=0.00 log10(pixels)=1.75
0.0950980400142568	50	1674	log2(tiles)=0.00 log10(pixels)=0.75
-0.0228787452803376	131	1675	log2(tiles)=0.00 log10(pixels)=0.50
0.102059991327962	94	1676	log2(tiles)=0.00 log10(pixels)=0.50
0.0208520116421442	3	1677	log2(tiles)=0.00 log10(pixels)=1.75
0	227	1678	log2(tiles)=0.00 log10(pixels)=0.00
0	228	1679	log2(tiles)=0.00 log10(pixels)=0.00
0	229	1680	log2(tiles)=0.00 log10(pixels)=0.00
0.0510299956639812	169	1681	log2(tiles)=0.00 log10(pixels)=0.25
-0.0510299956639812	73	1682	log2(tiles)=0.00 log10(pixels)=0.75
0.0510299956639812	170	1683	log2(tiles)=0.00 log10(pixels)=0.25
0	230	1684	log2(tiles)=0.00 log10(pixels)=0.00
0.0510299956639812	171	1685	log2(tiles)=0.00 log10(pixels)=0.25
0	231	1686	log2(tiles)=0.00 log10(pixels)=0.00
0	232	1687	log2(tiles)=0.00 log10(pixels)=0.00
0	233	1688	log2(tiles)=0.00 log10(pixels)=0.00
0.0510299956639812	172	1689	log2(tiles)=0.00 log10(pixels)=0.25
0.0281512503836436	57	1690	log2(tiles)=0.00 log10(pixels)=0.75
-0.0228787452803376	132	1691	log2(tiles)=0.00 log10(pixels)=0.50
0	234	1692	log2(tiles)=0.00 log10(pixels)=0.00
0.102059991327962	95	1693	log2(tiles)=0.00 log10(pixels)=0.50
-0.0228787452803376	133	1694	log2(tiles)=0.00 log10(pixels)=0.50
0.102059991327962	96	1695	log2(tiles)=0.00 log10(pixels)=0.50
0	235	1696	log2(tiles)=0.00 log10(pixels)=0.00
-0.0228787452803376	134	1697	log2(tiles)=0.00 log10(pixels)=0.50
0	236	1698	log2(tiles)=0.00 log10(pixels)=0.00
0	237	1699	log2(tiles)=0.00 log10(pixels)=0.00
0	238	1700	log2(tiles)=0.00 log10(pixels)=0.00
-0.0510299956639812	74	1701	log2(tiles)=0.00 log10(pixels)=0.75
0.00527250510330601	15	1702	log2(tiles)=0.00 log10(pixels)=1.25
0	239	1703	log2(tiles)=0.00 log10(pixels)=0.00
0	240	1704	log2(tiles)=0.00 log10(pixels)=0.00
0	241	1705	log2(tiles)=0.00 log10(pixels)=0.00
0	242	1706	log2(tiles)=0.00 log10(pixels)=0.00
0.0510299956639812	3	1707	log2(tiles)=1.00 log10(pixels)=0.25
0	243	1708	log2(tiles)=0.00 log10(pixels)=0.00
0.0510299956639812	173	1709	log2(tiles)=0.00 log10(pixels)=0.25
0	244	1710	log2(tiles)=0.00 log10(pixels)=0.00
0	245	1711	log2(tiles)=0.00 log10(pixels)=0.00
0	246	1712	log2(tiles)=0.00 log10(pixels)=0.00
0	247	1713	log2(tiles)=0.00 log10(pixels)=0.00
0	248	1714	log2(tiles)=0.00 log10(pixels)=0.00
-0.00863830616572736	7	1715	log2(tiles)=0.00 log10(pixels)=1.50
0	249	1716	log2(tiles)=0.00 log10(pixels)=0.00
0.0510299956639812	174	1717	log2(tiles)=0.00 log10(pixels)=0.25
0	250	1718	log2(tiles)=0.00 log10(pixels)=0.00
0	251	1719	log2(tiles)=0.00 log10(pixels)=0.00
0	252	1720	log2(tiles)=0.00 log10(pixels)=0.00
0	253	1721	log2(tiles)=0.00 log10(pixels)=0.00
0	254	1722	log2(tiles)=0.00 log10(pixels)=0.00
0	255	1723	log2(tiles)=0.00 log10(pixels)=0.00
0	256	1724	log2(tiles)=0.00 log10(pixels)=0.00
0.0510299956639812	175	1725	log2(tiles)=0.00 log10(pixels)=0.25
0.0510299956639812	176	1726	log2(tiles)=0.00 log10(pixels)=0.25
0.101258348719075	2	1727	log2(tiles)=0.00 log10(pixels)=1.75
0.0510299956639812	177	1728	log2(tiles)=0.00 log10(pixels)=0.25
0.107332496431269	1	1729	log2(tiles)=2.00 log10(pixels)=1.75
0	257	1730	log2(tiles)=0.00 log10(pixels)=0.00
0.0783796034387376	2	1731	log2(tiles)=0.00 log10(pixels)=2.25
0	258	1732	log2(tiles)=0.00 log10(pixels)=0.00
-0.0228787452803376	135	1733	log2(tiles)=0.00 log10(pixels)=0.50
0	259	1734	log2(tiles)=0.00 log10(pixels)=0.00
0.0510299956639812	178	1735	log2(tiles)=0.00 log10(pixels)=0.25
0	260	1736	log2(tiles)=0.00 log10(pixels)=0.00
0	261	1737	log2(tiles)=0.00 log10(pixels)=0.00
0	262	1738	log2(tiles)=0.00 log10(pixels)=0.00
0	263	1739	log2(tiles)=0.00 log10(pixels)=0.00
0	264	1740	log2(tiles)=0.00 log10(pixels)=0.00
0	265	1741	log2(tiles)=0.00 log10(pixels)=0.00
0	266	1742	log2(tiles)=0.00 log10(pixels)=0.00
0	267	1743	log2(tiles)=0.00 log10(pixels)=0.00
0	268	1744	log2(tiles)=0.00 log10(pixels)=0.00
0	269	1745	log2(tiles)=0.00 log10(pixels)=0.00
0.0287536009528289	12	1746	log2(tiles)=0.00 log10(pixels)=1.25
0.109835482339888	1	1747	log2(tiles)=0.00 log10(pixels)=2.25
0.0950980400142568	51	1748	log2(tiles)=0.00 log10(pixels)=0.75
0	270	1749	log2(tiles)=0.00 log10(pixels)=0.00
0	271	1750	log2(tiles)=0.00 log10(pixels)=0.00
0	272	1751	log2(tiles)=0.00 log10(pixels)=0.00
0	273	1752	log2(tiles)=0.00 log10(pixels)=0.00
0	274	1753	log2(tiles)=0.00 log10(pixels)=0.00
0.0510299956639812	179	1754	log2(tiles)=0.00 log10(pixels)=0.25
0	275	1755	log2(tiles)=0.00 log10(pixels)=0.00
-0.0510299956639812	75	1756	log2(tiles)=0.00 log10(pixels)=0.75
0	276	1757	log2(tiles)=0.00 log10(pixels)=0.00
0	277	1758	log2(tiles)=0.00 log10(pixels)=0.00
0.102059991327962	97	1759	log2(tiles)=0.00 log10(pixels)=0.50
0	278	1760	log2(tiles)=0.00 log10(pixels)=0.00
0	279	1761	log2(tiles)=0.00 log10(pixels)=0.00
-0.0228787452803376	136	1762	log2(tiles)=0.00 log10(pixels)=0.50
0	280	1763	log2(tiles)=0.00 log10(pixels)=0.00
0	281	1764	log2(tiles)=0.00 log10(pixels)=0.00
0	282	1765	log2(tiles)=0.00 log10(pixels)=0.00
-0.0739087409443187	20	1766	log2(tiles)=0.00 log10(pixels)=1.25
-0.085026652029182	6	1767	log2(tiles)=0.00 log10(pixels)=1.50
0.0510299956639812	180	1768	log2(tiles)=0.00 log10(pixels)=0.25
0	283	1769	log2(tiles)=0.00 log10(pixels)=0.00
0	284	1770	log2(tiles)=0.00 log10(pixels)=0.00
0	285	1771	log2(tiles)=0.00 log10(pixels)=0.00
0	286	1772	log2(tiles)=0.00 log10(pixels)=0.00
0	287	1773	log2(tiles)=0.00 log10(pixels)=0.00
0	288	1774	log2(tiles)=0.00 log10(pixels)=0.00
0	289	1775	log2(tiles)=0.00 log10(pixels)=0.00
0	290	1776	log2(tiles)=0.00 log10(pixels)=0.00
0	291	1777	log2(tiles)=0.00 log10(pixels)=0.00
-0.0510299956639812	76	1778	log2(tiles)=0.00 log10(pixels)=0.75
0	292	1779	log2(tiles)=0.00 log10(pixels)=0.00
0	293	1780	log2(tiles)=0.00 log10(pixels)=0.00
0.0510299956639812	181	1781	log2(tiles)=0.00 log10(pixels)=0.25
0	294	1782	log2(tiles)=0.00 log10(pixels)=0.00
0	295	1783	log2(tiles)=0.00 log10(pixels)=0.00
0	296	1784	log2(tiles)=0.00 log10(pixels)=0.00
0	297	1785	log2(tiles)=0.00 log10(pixels)=0.00
0.0510299956639812	182	1786	log2(tiles)=0.00 log10(pixels)=0.25
-0.00863830616572736	8	1787	log2(tiles)=0.00 log10(pixels)=1.50
0	298	1788	log2(tiles)=0.00 log10(pixels)=0.00
0.0281512503836436	58	1789	log2(tiles)=0.00 log10(pixels)=0.75
0	299	1790	log2(tiles)=0.00 log10(pixels)=0.00
0	300	1791	log2(tiles)=0.00 log10(pixels)=0.00
0	301	1792	log2(tiles)=0.00 log10(pixels)=0.00
0	302	1793	log2(tiles)=0.00 log10(pixels)=0.00
0	303	1794	log2(tiles)=0.00 log10(pixels)=0.00
-0.0228787452803376	137	1795	log2(tiles)=0.00 log10(pixels)=0.50
0	304	1796	log2(tiles)=0.00 log10(pixels)=0.00
-0.0969100130080565	29	1797	log2(tiles)=0.00 log10(pixels)=1.00
0	305	1798	log2(tiles)=0.00 log10(pixels)=0.00
-0.0228787452803376	138	1799	log2(tiles)=0.00 log10(pixels)=0.50
-0.0228787452803376	139	1800	log2(tiles)=0.00 log10(pixels)=0.50
0	306	1801	log2(tiles)=0.00 log10(pixels)=0.00
0	307	1802	log2(tiles)=0.00 log10(pixels)=0.00
0	308	1803	log2(tiles)=0.00 log10(pixels)=0.00
0	309	1804	log2(tiles)=0.00 log10(pixels)=0.00
0	310	1805	log2(tiles)=0.00 log10(pixels)=0.00
0	311	1806	log2(tiles)=0.00 log10(pixels)=0.00
0.0281512503836436	59	1807	log2(tiles)=0.00 log10(pixels)=0.75
0	312	1808	log2(tiles)=0.00 log10(pixels)=0.00
-0.0969100130080565	5	1809	log2(tiles)=1.00 log10(pixels)=1.00
0	313	1810	log2(tiles)=0.00 log10(pixels)=0.00
0.0281512503836436	60	1811	log2(tiles)=0.00 log10(pixels)=0.75
0	314	1812	log2(tiles)=0.00 log10(pixels)=0.00
0	315	1813	log2(tiles)=0.00 log10(pixels)=0.00
0	316	1814	log2(tiles)=0.00 log10(pixels)=0.00
0.0510299956639812	183	1815	log2(tiles)=0.00 log10(pixels)=0.25
0	317	1816	log2(tiles)=0.00 log10(pixels)=0.00
0	318	1817	log2(tiles)=0.00 log10(pixels)=0.00
0	319	1818	log2(tiles)=0.00 log10(pixels)=0.00
-0.0458800173440752	19	1819	log2(tiles)=0.00 log10(pixels)=1.25
0	320	1820	log2(tiles)=0.00 log10(pixels)=0.00
0	321	1821	log2(tiles)=0.00 log10(pixels)=0.00
0.102059991327962	98	1822	log2(tiles)=0.00 log10(pixels)=0.50
0.102059991327962	99	1823	log2(tiles)=0.00 log10(pixels)=0.50
0	322	1824	log2(tiles)=0.00 log10(pixels)=0.00
0.112783856719735	1	1825	log2(tiles)=0.00 log10(pixels)=1.50
0.0185139398778875	7	1826	log2(tiles)=0.00 log10(pixels)=1.50
-0.0228787452803376	140	1827	log2(tiles)=0.00 log10(pixels)=0.50
-0.0228787452803376	2	1828	log2(tiles)=1.00 log10(pixels)=0.50
0	323	1829	log2(tiles)=0.00 log10(pixels)=0.00
0.0314789170422551	2	1830	log2(tiles)=1.00 log10(pixels)=1.50
-0.10078088734462	1	1831	log2(tiles)=1.00 log10(pixels)=2.25
0.102059991327962	100	1832	log2(tiles)=0.00 log10(pixels)=0.50
0.0510299956639812	184	1833	log2(tiles)=0.00 log10(pixels)=0.25
0	324	1834	log2(tiles)=0.00 log10(pixels)=0.00
0	325	1835	log2(tiles)=0.00 log10(pixels)=0.00
0.102059991327962	101	1836	log2(tiles)=0.00 log10(pixels)=0.50
-0.0228787452803376	141	1837	log2(tiles)=0.00 log10(pixels)=0.50
0	326	1838	log2(tiles)=0.00 log10(pixels)=0.00
0.0510299956639812	185	1839	log2(tiles)=0.00 log10(pixels)=0.25
-0.0228787452803376	142	1840	log2(tiles)=0.00 log10(pixels)=0.50
0	327	1841	log2(tiles)=0.00 log10(pixels)=0.00
0	328	1842	log2(tiles)=0.00 log10(pixels)=0.00
0	329	1843	log2(tiles)=0.00 log10(pixels)=0.00
0	330	1844	log2(tiles)=0.00 log10(pixels)=0.00
0.0510299956639812	186	1845	log2(tiles)=0.00 log10(pixels)=0.25
-0.0510299956639812	77	1846	log2(tiles)=0.00 log10(pixels)=0.75
0	331	1847	log2(tiles)=0.00 log10(pixels)=0.00
0	22	1848	log2(tiles)=0.00 log10(pixels)=1.00
0.0510299956639812	187	1849	log2(tiles)=0.00 log10(pixels)=0.25
0	332	1850	log2(tiles)=0.00 log10(pixels)=0.00
0	333	1851	log2(tiles)=0.00 log10(pixels)=0.00
-0.0228787452803376	143	1852	log2(tiles)=0.00 log10(pixels)=0.50
0	334	1853	log2(tiles)=0.00 log10(pixels)=0.00
0	335	1854	log2(tiles)=0.00 log10(pixels)=0.00
0	336	1855	log2(tiles)=0.00 log10(pixels)=0.00
0	337	1856	log2(tiles)=0.00 log10(pixels)=0.00
0	338	1857	log2(tiles)=0.00 log10(pixels)=0.00
0.0510299956639812	188	1858	log2(tiles)=0.00 log10(pixels)=0.25
0.0629133566428555	2	1859	log2(tiles)=0.00 log10(pixels)=1.75
0.0950980400142568	52	1860	log2(tiles)=0.00 log10(pixels)=0.75
0	339	1861	log2(tiles)=0.00 log10(pixels)=0.00
0	340	1862	log2(tiles)=0.00 log10(pixels)=0.00
0	341	1863	log2(tiles)=0.00 log10(pixels)=0.00
0.0510299956639812	189	1864	log2(tiles)=0.00 log10(pixels)=0.25
0	342	1865	log2(tiles)=0.00 log10(pixels)=0.00
-0.0228787452803376	144	1866	log2(tiles)=0.00 log10(pixels)=0.50
0.102059991327962	102	1867	log2(tiles)=0.00 log10(pixels)=0.50
0	343	1868	log2(tiles)=0.00 log10(pixels)=0.00
0.0510299956639812	190	1869	log2(tiles)=0.00 log10(pixels)=0.25
-0.0228787452803376	145	1870	log2(tiles)=0.00 log10(pixels)=0.50
0	344	1871	log2(tiles)=0.00 log10(pixels)=0.00
-0.0969100130080565	30	1872	log2(tiles)=0.00 log10(pixels)=1.00
0.0287536009528289	13	1873	log2(tiles)=0.00 log10(pixels)=1.25
0	345	1874	log2(tiles)=0.00 log10(pixels)=0.00
-0.0458800173440752	20	1875	log2(tiles)=0.00 log10(pixels)=1.25
0	346	1876	log2(tiles)=0.00 log10(pixels)=0.00
0	347	1877	log2(tiles)=0.00 log10(pixels)=0.00
0	348	1878	log2(tiles)=0.00 log10(pixels)=0.00
-0.0195510786217261	14	1879	log2(tiles)=0.00 log10(pixels)=1.25
0	349	1880	log2(tiles)=0.00 log10(pixels)=0.00
0	350	1881	log2(tiles)=0.00 log10(pixels)=0.00
0	351	1882	log2(tiles)=0.00 log10(pixels)=0.00
0	352	1883	log2(tiles)=0.00 log10(pixels)=0.00
0	353	1884	log2(tiles)=0.00 log10(pixels)=0.00
0	354	1885	log2(tiles)=0.00 log10(pixels)=0.00
0.0510299956639812	191	1886	log2(tiles)=0.00 log10(pixels)=0.25
-0.0510299956639812	78	1887	log2(tiles)=0.00 log10(pixels)=0.75
0	355	1888	log2(tiles)=0.00 log10(pixels)=0.00
0	356	1889	log2(tiles)=0.00 log10(pixels)=0.00
0	357	1890	log2(tiles)=0.00 log10(pixels)=0.00
-0.0457574905606751	33	1891	log2(tiles)=0.00 log10(pixels)=1.00
0	358	1892	log2(tiles)=0.00 log10(pixels)=0.00
0	359	1893	log2(tiles)=0.00 log10(pixels)=0.00
0	360	1894	log2(tiles)=0.00 log10(pixels)=0.00
0	361	1895	log2(tiles)=0.00 log10(pixels)=0.00
0	362	1896	log2(tiles)=0.00 log10(pixels)=0.00
0	363	1897	log2(tiles)=0.00 log10(pixels)=0.00
0	364	1898	log2(tiles)=0.00 log10(pixels)=0.00
-0.0510299956639812	79	1899	log2(tiles)=0.00 log10(pixels)=0.75
-0.0228787452803376	146	1900	log2(tiles)=0.00 log10(pixels)=0.50
0.0510299956639812	192	1901	log2(tiles)=0.00 log10(pixels)=0.25
0	365	1902	log2(tiles)=0.00 log10(pixels)=0.00
0	366	1903	log2(tiles)=0.00 log10(pixels)=0.00
0.0413926851582249	27	1904	log2(tiles)=0.00 log10(pixels)=1.00
-0.0228787452803376	147	1905	log2(tiles)=0.00 log10(pixels)=0.50
0	367	1906	log2(tiles)=0.00 log10(pixels)=0.00
0.0950980400142568	53	1907	log2(tiles)=0.00 log10(pixels)=0.75
0.0791812460476249	27	1908	log2(tiles)=0.00 log10(pixels)=1.00
0	368	1909	log2(tiles)=0.00 log10(pixels)=0.00
0	369	1910	log2(tiles)=0.00 log10(pixels)=0.00
0	370	1911	log2(tiles)=0.00 log10(pixels)=0.00
0	371	1912	log2(tiles)=0.00 log10(pixels)=0.00
0	372	1913	log2(tiles)=0.00 log10(pixels)=0.00
0	373	1914	log2(tiles)=0.00 log10(pixels)=0.00
0.0510299956639812	4	1915	log2(tiles)=1.00 log10(pixels)=0.25
0	374	1916	log2(tiles)=0.00 log10(pixels)=0.00
0	375	1917	log2(tiles)=0.00 log10(pixels)=0.00
0	376	1918	log2(tiles)=0.00 log10(pixels)=0.00
0	377	1919	log2(tiles)=0.00 log10(pixels)=0.00
0	378	1920	log2(tiles)=0.00 log10(pixels)=0.00
0.0791812460476249	4	1921	log2(tiles)=1.00 log10(pixels)=1.00
0	379	1922	log2(tiles)=0.00 log10(pixels)=0.00
-0.0457574905606751	34	1923	log2(tiles)=0.00 log10(pixels)=1.00
0	380	1924	log2(tiles)=0.00 log10(pixels)=0.00
0	381	1925	log2(tiles)=0.00 log10(pixels)=0.00
0.0510299956639812	193	1926	log2(tiles)=0.00 log10(pixels)=0.25
0.101258348719075	3	1927	log2(tiles)=0.00 log10(pixels)=1.75
0.102059991327962	103	1928	log2(tiles)=0.00 log10(pixels)=0.50
0.102059991327962	104	1929	log2(tiles)=0.00 log10(pixels)=0.50
0	382	1930	log2(tiles)=0.00 log10(pixels)=0.00
0.102059991327962	105	1931	log2(tiles)=0.00 log10(pixels)=0.50
0	383	1932	log2(tiles)=0.00 log10(pixels)=0.00
0	384	1933	log2(tiles)=0.00 log10(pixels)=0.00
0	385	1934	log2(tiles)=0.00 log10(pixels)=0.00
0	386	1935	log2(tiles)=0.00 log10(pixels)=0.00
0	387	1936	log2(tiles)=0.00 log10(pixels)=0.00
0.0510299956639812	194	1937	log2(tiles)=0.00 log10(pixels)=0.25
0	388	1938	log2(tiles)=0.00 log10(pixels)=0.00
0	389	1939	log2(tiles)=0.00 log10(pixels)=0.00
0.0510299956639812	195	1940	log2(tiles)=0.00 log10(pixels)=0.25
-0.0969100130080565	31	1941	log2(tiles)=0.00 log10(pixels)=1.00
0	390	1942	log2(tiles)=0.00 log10(pixels)=0.00
0.102059991327962	106	1943	log2(tiles)=0.00 log10(pixels)=0.50
0	391	1944	log2(tiles)=0.00 log10(pixels)=0.00
0	392	1945	log2(tiles)=0.00 log10(pixels)=0.00
0	393	1946	log2(tiles)=0.00 log10(pixels)=0.00
-0.0228787452803376	148	1947	log2(tiles)=0.00 log10(pixels)=0.50
0	394	1948	log2(tiles)=0.00 log10(pixels)=0.00
0	395	1949	log2(tiles)=0.00 log10(pixels)=0.00
0	396	1950	log2(tiles)=0.00 log10(pixels)=0.00
0	397	1951	log2(tiles)=0.00 log10(pixels)=0.00
0.0281512503836436	61	1952	log2(tiles)=0.00 log10(pixels)=0.75
0.0950980400142568	54	1953	log2(tiles)=0.00 log10(pixels)=0.75
0	398	1954	log2(tiles)=0.00 log10(pixels)=0.00
0.0287536009528289	14	1955	log2(tiles)=0.00 log10(pixels)=1.25
0	399	1956	log2(tiles)=0.00 log10(pixels)=0.00
-0.0510299956639812	80	1957	log2(tiles)=0.00 log10(pixels)=0.75
0.0510299956639812	196	1958	log2(tiles)=0.00 log10(pixels)=0.25
0.113943352306837	26	1959	log2(tiles)=0.00 log10(pixels)=1.00
0.0510299956639812	197	1960	log2(tiles)=0.00 log10(pixels)=0.25
0	400	1961	log2(tiles)=0.00 log10(pixels)=0.00
-0.0457574905606751	35	1962	log2(tiles)=0.00 log10(pixels)=1.00
-0.0510299956639812	81	1963	log2(tiles)=0.00 log10(pixels)=0.75
0	401	1964	log2(tiles)=0.00 log10(pixels)=0.00
0	402	1965	log2(tiles)=0.00 log10(pixels)=0.00
0	403	1966	log2(tiles)=0.00 log10(pixels)=0.00
0	404	1967	log2(tiles)=0.00 log10(pixels)=0.00
0	405	1968	log2(tiles)=0.00 log10(pixels)=0.00
0	406	1969	log2(tiles)=0.00 log10(pixels)=0.00
0	23	1970	log2(tiles)=0.00 log10(pixels)=1.00
-0.0510299956639812	82	1971	log2(tiles)=0.00 log10(pixels)=0.75
0.0510299956639812	198	1972	log2(tiles)=0.00 log10(pixels)=0.25
0.102059991327962	107	1973	log2(tiles)=0.00 log10(pixels)=0.50
0.0281512503836436	62	1974	log2(tiles)=0.00 log10(pixels)=0.75
0	407	1975	log2(tiles)=0.00 log10(pixels)=0.00
0.0510299956639812	199	1976	log2(tiles)=0.00 log10(pixels)=0.25
0.0413926851582249	28	1977	log2(tiles)=0.00 log10(pixels)=1.00
0	408	1978	log2(tiles)=0.00 log10(pixels)=0.00
0	409	1979	log2(tiles)=0.00 log10(pixels)=0.00
0	410	1980	log2(tiles)=0.00 log10(pixels)=0.00
0.0510299956639812	200	1981	log2(tiles)=0.00 log10(pixels)=0.25
0	411	1982	log2(tiles)=0.00 log10(pixels)=0.00
0	412	1983	log2(tiles)=0.00 log10(pixels)=0.00
0	413	1984	log2(tiles)=0.00 log10(pixels)=0.00
0.0287536009528289	15	1985	log2(tiles)=0.00 log10(pixels)=1.25
0.102059991327962	108	1986	log2(tiles)=0.00 log10(pixels)=0.50
0.0413926851582249	29	1987	log2(tiles)=0.00 log10(pixels)=1.00
0	414	1988	log2(tiles)=0.00 log10(pixels)=0.00
0	415	1989	log2(tiles)=0.00 log10(pixels)=0.00
0	416	1990	log2(tiles)=0.00 log10(pixels)=0.00
0	417	1991	log2(tiles)=0.00 log10(pixels)=0.00
0	418	1992	log2(tiles)=0.00 log10(pixels)=0.00
0	419	1993	log2(tiles)=0.00 log10(pixels)=0.00
0	420	1994	log2(tiles)=0.00 log10(pixels)=0.00
0	421	1995	log2(tiles)=0.00 log10(pixels)=0.00
0	422	1996	log2(tiles)=0.00 log10(pixels)=0.00
0	423	1997	log2(tiles)=0.00 log10(pixels)=0.00
0	424	1998	log2(tiles)=0.00 log10(pixels)=0.00
0	425	1999	log2(tiles)=0.00 log10(pixels)=0.00
0	426	2000	log2(tiles)=0.00 log10(pixels)=0.00
0	427	2001	log2(tiles)=0.00 log10(pixels)=0.00
0	428	2002	log2(tiles)=0.00 log10(pixels)=0.00
0	429	2003	log2(tiles)=0.00 log10(pixels)=0.00
0	430	2004	log2(tiles)=0.00 log10(pixels)=0.00
0.0510299956639812	201	2005	log2(tiles)=0.00 log10(pixels)=0.25
0.0510299956639813	9	2006	log2(tiles)=0.00 log10(pixels)=1.25
0.0510299956639812	202	2007	log2(tiles)=0.00 log10(pixels)=0.25
0.00527250510330601	16	2008	log2(tiles)=0.00 log10(pixels)=1.25
-0.0969100130080565	32	2009	log2(tiles)=0.00 log10(pixels)=1.00
0.0440680443502757	3	2010	log2(tiles)=1.00 log10(pixels)=1.50
-0.0739087409443187	21	2011	log2(tiles)=0.00 log10(pixels)=1.25
-0.0510299956639812	83	2012	log2(tiles)=0.00 log10(pixels)=0.75
-0.0457574905606751	36	2013	log2(tiles)=0.00 log10(pixels)=1.00
-0.00181197299379954	5	2014	log2(tiles)=0.00 log10(pixels)=1.75
0.0910646070264991	2	2015	log2(tiles)=1.00 log10(pixels)=1.50
0	431	2016	log2(tiles)=0.00 log10(pixels)=0.00
0	432	2017	log2(tiles)=0.00 log10(pixels)=0.00
0.0281512503836436	63	2018	log2(tiles)=0.00 log10(pixels)=0.75
-0.0228787452803376	3	2019	log2(tiles)=1.00 log10(pixels)=1.50
0	433	2020	log2(tiles)=0.00 log10(pixels)=0.00
0.0281512503836436	64	2021	log2(tiles)=0.00 log10(pixels)=0.75
0	434	2022	log2(tiles)=0.00 log10(pixels)=0.00
0.0510299956639812	203	2023	log2(tiles)=0.00 log10(pixels)=0.25
0	435	2024	log2(tiles)=0.00 log10(pixels)=0.00
0	436	2025	log2(tiles)=0.00 log10(pixels)=0.00
0	437	2026	log2(tiles)=0.00 log10(pixels)=0.00
-0.0510299956639812	84	2027	log2(tiles)=0.00 log10(pixels)=0.75
0	438	2028	log2(tiles)=0.00 log10(pixels)=0.00
0	439	2029	log2(tiles)=0.00 log10(pixels)=0.00
0	440	2030	log2(tiles)=0.00 log10(pixels)=0.00
0.0510299956639812	204	2031	log2(tiles)=0.00 log10(pixels)=0.25
0	441	2032	log2(tiles)=0.00 log10(pixels)=0.00
0.102059991327962	109	2033	log2(tiles)=0.00 log10(pixels)=0.50
-0.0969100130080565	33	2034	log2(tiles)=0.00 log10(pixels)=1.00
-0.0228787452803376	149	2035	log2(tiles)=0.00 log10(pixels)=0.50
0	442	2036	log2(tiles)=0.00 log10(pixels)=0.00
-0.0228787452803376	3	2037	log2(tiles)=1.00 log10(pixels)=0.50
-0.0510299956639812	85	2038	log2(tiles)=0.00 log10(pixels)=0.75
0.0950980400142568	55	2039	log2(tiles)=0.00 log10(pixels)=0.75
0	443	2040	log2(tiles)=0.00 log10(pixels)=0.00
0.102059991327962	110	2041	log2(tiles)=0.00 log10(pixels)=0.50
0	444	2042	log2(tiles)=0.00 log10(pixels)=0.00
0	445	2043	log2(tiles)=0.00 log10(pixels)=0.00
0	446	2044	log2(tiles)=0.00 log10(pixels)=0.00
0.0510299956639812	205	2045	log2(tiles)=0.00 log10(pixels)=0.25
0.0281512503836436	65	2046	log2(tiles)=0.00 log10(pixels)=0.75
0	447	2047	log2(tiles)=0.00 log10(pixels)=0.00
0	448	2048	log2(tiles)=0.00 log10(pixels)=0.00
0.0510299956639812	206	2049	log2(tiles)=0.00 log10(pixels)=0.25
0	449	2050	log2(tiles)=0.00 log10(pixels)=0.00
0.102059991327962	111	2051	log2(tiles)=0.00 log10(pixels)=0.50
0	450	2052	log2(tiles)=0.00 log10(pixels)=0.00
0.0281512503836436	66	2053	log2(tiles)=0.00 log10(pixels)=0.75
0	451	2054	log2(tiles)=0.00 log10(pixels)=0.00
-0.0228787452803376	150	2055	log2(tiles)=0.00 log10(pixels)=0.50
0	452	2056	log2(tiles)=0.00 log10(pixels)=0.00
0	453	2057	log2(tiles)=0.00 log10(pixels)=0.00
0	454	2058	log2(tiles)=0.00 log10(pixels)=0.00
-0.0228787452803376	151	2059	log2(tiles)=0.00 log10(pixels)=0.50
0	455	2060	log2(tiles)=0.00 log10(pixels)=0.00
0	456	2061	log2(tiles)=0.00 log10(pixels)=0.00
0	457	2062	log2(tiles)=0.00 log10(pixels)=0.00
0	458	2063	log2(tiles)=0.00 log10(pixels)=0.00
0	459	2064	log2(tiles)=0.00 log10(pixels)=0.00
0.0950980400142568	56	2065	log2(tiles)=0.00 log10(pixels)=0.75
0	460	2066	log2(tiles)=0.00 log10(pixels)=0.00
0	461	2067	log2(tiles)=0.00 log10(pixels)=0.00
0	462	2068	log2(tiles)=0.00 log10(pixels)=0.00
0	463	2069	log2(tiles)=0.00 log10(pixels)=0.00
0	464	2070	log2(tiles)=0.00 log10(pixels)=0.00
0	465	2071	log2(tiles)=0.00 log10(pixels)=0.00
0	466	2072	log2(tiles)=0.00 log10(pixels)=0.00
0	467	2073	log2(tiles)=0.00 log10(pixels)=0.00
0	468	2074	log2(tiles)=0.00 log10(pixels)=0.00
-0.00863830616572736	9	2075	log2(tiles)=0.00 log10(pixels)=1.50
0	469	2076	log2(tiles)=0.00 log10(pixels)=0.00
0.0510299956639812	207	2077	log2(tiles)=0.00 log10(pixels)=0.25
0	470	2078	log2(tiles)=0.00 log10(pixels)=0.00
-0.0510299956639812	86	2079	log2(tiles)=0.00 log10(pixels)=0.75
-0.0228787452803376	152	2080	log2(tiles)=0.00 log10(pixels)=0.50
0.0791812460476249	28	2081	log2(tiles)=0.00 log10(pixels)=1.00
0	471	2082	log2(tiles)=0.00 log10(pixels)=0.00
0.102059991327962	112	2083	log2(tiles)=0.00 log10(pixels)=0.50
-0.0228787452803376	153	2084	log2(tiles)=0.00 log10(pixels)=0.50
0.0722192947339193	8	2085	log2(tiles)=0.00 log10(pixels)=1.25
0	472	2086	log2(tiles)=0.00 log10(pixels)=0.00
-0.0228787452803376	4	2087	log2(tiles)=1.00 log10(pixels)=0.50
0	473	2088	log2(tiles)=0.00 log10(pixels)=0.00
0	474	2089	log2(tiles)=0.00 log10(pixels)=0.00
0.0510299956639812	208	2090	log2(tiles)=0.00 log10(pixels)=0.25
-0.0228787452803376	154	2091	log2(tiles)=0.00 log10(pixels)=0.50
0	475	2092	log2(tiles)=0.00 log10(pixels)=0.00
0	476	2093	log2(tiles)=0.00 log10(pixels)=0.00
0	477	2094	log2(tiles)=0.00 log10(pixels)=0.00
0.0791812460476249	5	2095	log2(tiles)=1.00 log10(pixels)=1.00
0	478	2096	log2(tiles)=0.00 log10(pixels)=0.00
0	479	2097	log2(tiles)=0.00 log10(pixels)=0.00
0.0510299956639812	209	2098	log2(tiles)=0.00 log10(pixels)=0.25
0	480	2099	log2(tiles)=0.00 log10(pixels)=0.00
-0.0228787452803376	155	2100	log2(tiles)=0.00 log10(pixels)=0.50
0	481	2101	log2(tiles)=0.00 log10(pixels)=0.00
0	482	2102	log2(tiles)=0.00 log10(pixels)=0.00
0	483	2103	log2(tiles)=0.00 log10(pixels)=0.00
0	484	2104	log2(tiles)=0.00 log10(pixels)=0.00
0	485	2105	log2(tiles)=0.00 log10(pixels)=0.00
0	486	2106	log2(tiles)=0.00 log10(pixels)=0.00
0	487	2107	log2(tiles)=0.00 log10(pixels)=0.00
0	488	2108	log2(tiles)=0.00 log10(pixels)=0.00
0	489	2109	log2(tiles)=0.00 log10(pixels)=0.00
0	490	2110	log2(tiles)=0.00 log10(pixels)=0.00
-0.0195510786217261	2	2111	log2(tiles)=1.00 log10(pixels)=1.25
0	491	2112	log2(tiles)=0.00 log10(pixels)=0.00
0	492	2113	log2(tiles)=0.00 log10(pixels)=0.00
0	493	2114	log2(tiles)=0.00 log10(pixels)=0.00
0	494	2115	log2(tiles)=0.00 log10(pixels)=0.00
0.0510299956639812	210	2116	log2(tiles)=0.00 log10(pixels)=0.25
0.0281512503836436	67	2117	log2(tiles)=0.00 log10(pixels)=0.75
0.0510299956639812	211	2118	log2(tiles)=0.00 log10(pixels)=0.25
0.0510299956639812	212	2119	log2(tiles)=0.00 log10(pixels)=0.25
0	495	2120	log2(tiles)=0.00 log10(pixels)=0.00
0.0510299956639812	213	2121	log2(tiles)=0.00 log10(pixels)=0.25
-0.0457574905606751	37	2122	log2(tiles)=0.00 log10(pixels)=1.00
-0.103871964321762	15	2123	log2(tiles)=0.00 log10(pixels)=1.25
-0.0510299956639812	87	2124	log2(tiles)=0.00 log10(pixels)=0.75
-0.0510299956639812	88	2125	log2(tiles)=0.00 log10(pixels)=0.75
-0.0510299956639812	89	2126	log2(tiles)=0.00 log10(pixels)=0.75
-0.103871964321762	16	2127	log2(tiles)=0.00 log10(pixels)=1.25
0	496	2128	log2(tiles)=0.00 log10(pixels)=0.00
-0.0457574905606751	38	2129	log2(tiles)=0.00 log10(pixels)=1.00
0	497	2130	log2(tiles)=0.00 log10(pixels)=0.00
0	24	2131	log2(tiles)=0.00 log10(pixels)=1.00
0	498	2132	log2(tiles)=0.00 log10(pixels)=0.00
-0.0228787452803376	156	2133	log2(tiles)=0.00 log10(pixels)=0.50
0.0510299956639812	214	2134	log2(tiles)=0.00 log10(pixels)=0.25
0.0510299956639812	215	2135	log2(tiles)=0.00 log10(pixels)=0.25
0.0791812460476249	29	2136	log2(tiles)=0.00 log10(pixels)=1.00
0.0510299956639812	216	2137	log2(tiles)=0.00 log10(pixels)=0.25
0.102059991327962	113	2138	log2(tiles)=0.00 log10(pixels)=0.50
-0.0228787452803376	157	2139	log2(tiles)=0.00 log10(pixels)=0.50
0	499	2140	log2(tiles)=0.00 log10(pixels)=0.00
0.0510299956639812	217	2141	log2(tiles)=0.00 log10(pixels)=0.25
0	500	2142	log2(tiles)=0.00 log10(pixels)=0.00
0	501	2143	log2(tiles)=0.00 log10(pixels)=0.00
0	502	2144	log2(tiles)=0.00 log10(pixels)=0.00
0	503	2145	log2(tiles)=0.00 log10(pixels)=0.00
0	504	2146	log2(tiles)=0.00 log10(pixels)=0.00
0.113943352306837	2	2147	log2(tiles)=1.00 log10(pixels)=1.00
0	505	2148	log2(tiles)=0.00 log10(pixels)=0.00
0	506	2149	log2(tiles)=0.00 log10(pixels)=0.00
0	507	2150	log2(tiles)=0.00 log10(pixels)=0.00
0	508	2151	log2(tiles)=0.00 log10(pixels)=0.00
0	509	2152	log2(tiles)=0.00 log10(pixels)=0.00
0	510	2153	log2(tiles)=0.00 log10(pixels)=0.00
0	511	2154	log2(tiles)=0.00 log10(pixels)=0.00
-0.119788758288394	10	2155	log2(tiles)=0.00 log10(pixels)=1.50
0.0510299956639812	218	2156	log2(tiles)=0.00 log10(pixels)=0.25
0	512	2157	log2(tiles)=0.00 log10(pixels)=0.00
0	513	2158	log2(tiles)=0.00 log10(pixels)=0.00
0	514	2159	log2(tiles)=0.00 log10(pixels)=0.00
0	515	2160	log2(tiles)=0.00 log10(pixels)=0.00
0.0510299956639812	219	2161	log2(tiles)=0.00 log10(pixels)=0.25
0	516	2162	log2(tiles)=0.00 log10(pixels)=0.00
-0.0228787452803376	158	2163	log2(tiles)=0.00 log10(pixels)=0.50
0	517	2164	log2(tiles)=0.00 log10(pixels)=0.00
0	518	2165	log2(tiles)=0.00 log10(pixels)=0.00
0	519	2166	log2(tiles)=0.00 log10(pixels)=0.00
0	520	2167	log2(tiles)=0.00 log10(pixels)=0.00
0	521	2168	log2(tiles)=0.00 log10(pixels)=0.00
0	522	2169	log2(tiles)=0.00 log10(pixels)=0.00
-0.0228787452803376	159	2170	log2(tiles)=0.00 log10(pixels)=0.50
-0.103871964321762	2	2171	log2(tiles)=1.00 log10(pixels)=1.25
0	523	2172	log2(tiles)=0.00 log10(pixels)=0.00
0.0353298350107671	4	2173	log2(tiles)=0.00 log10(pixels)=1.75
0	524	2174	log2(tiles)=0.00 log10(pixels)=0.00
0	525	2175	log2(tiles)=0.00 log10(pixels)=0.00
0	526	2176	log2(tiles)=0.00 log10(pixels)=0.00
0	527	2177	log2(tiles)=0.00 log10(pixels)=0.00
0	528	2178	log2(tiles)=0.00 log10(pixels)=0.00
0	529	2179	log2(tiles)=0.00 log10(pixels)=0.00
0	530	2180	log2(tiles)=0.00 log10(pixels)=0.00
0	531	2181	log2(tiles)=0.00 log10(pixels)=0.00
0	532	2182	log2(tiles)=0.00 log10(pixels)=0.00
0.0510299956639812	220	2183	log2(tiles)=0.00 log10(pixels)=0.25
0	533	2184	log2(tiles)=0.00 log10(pixels)=0.00
0	534	2185	log2(tiles)=0.00 log10(pixels)=0.00
0	535	2186	log2(tiles)=0.00 log10(pixels)=0.00
0.102059991327962	114	2187	log2(tiles)=0.00 log10(pixels)=0.50
0	536	2188	log2(tiles)=0.00 log10(pixels)=0.00
0	537	2189	log2(tiles)=0.00 log10(pixels)=0.00
0.0510299956639812	221	2190	log2(tiles)=0.00 log10(pixels)=0.25
0	538	2191	log2(tiles)=0.00 log10(pixels)=0.00
0	539	2192	log2(tiles)=0.00 log10(pixels)=0.00
0.102059991327962	115	2193	log2(tiles)=0.00 log10(pixels)=0.50
0.0510299956639812	222	2194	log2(tiles)=0.00 log10(pixels)=0.25
0	540	2195	log2(tiles)=0.00 log10(pixels)=0.00
-0.0510299956639812	90	2196	log2(tiles)=0.00 log10(pixels)=0.75
0	541	2197	log2(tiles)=0.00 log10(pixels)=0.00
0	542	2198	log2(tiles)=0.00 log10(pixels)=0.00
0	543	2199	log2(tiles)=0.00 log10(pixels)=0.00
0.0510299956639812	223	2200	log2(tiles)=0.00 log10(pixels)=0.25
-0.0228787452803376	160	2201	log2(tiles)=0.00 log10(pixels)=0.50
0	544	2202	log2(tiles)=0.00 log10(pixels)=0.00
-0.0228787452803376	11	2203	log2(tiles)=0.00 log10(pixels)=1.50
0.123249290397901	4	2204	log2(tiles)=0.00 log10(pixels)=1.50
0.0510299956639812	224	2205	log2(tiles)=0.00 log10(pixels)=0.25
0	545	2206	log2(tiles)=0.00 log10(pixels)=0.00
0	546	2207	log2(tiles)=0.00 log10(pixels)=0.00
0	547	2208	log2(tiles)=0.00 log10(pixels)=0.00
-0.103871964321762	3	2209	log2(tiles)=1.00 log10(pixels)=1.25
0	548	2210	log2(tiles)=0.00 log10(pixels)=0.00
0.0510299956639812	225	2211	log2(tiles)=0.00 log10(pixels)=0.25
0	25	2212	log2(tiles)=0.00 log10(pixels)=1.00
0.0510299956639812	226	2213	log2(tiles)=0.00 log10(pixels)=0.25
0	549	2214	log2(tiles)=0.00 log10(pixels)=0.00
0.0510299956639812	227	2215	log2(tiles)=0.00 log10(pixels)=0.25
0	550	2216	log2(tiles)=0.00 log10(pixels)=0.00
-0.0510299956639812	91	2217	log2(tiles)=0.00 log10(pixels)=0.75
0	551	2218	log2(tiles)=0.00 log10(pixels)=0.00
0	552	2219	log2(tiles)=0.00 log10(pixels)=0.00
0	553	2220	log2(tiles)=0.00 log10(pixels)=0.00
0	554	2221	log2(tiles)=0.00 log10(pixels)=0.00
0	555	2222	log2(tiles)=0.00 log10(pixels)=0.00
0	556	2223	log2(tiles)=0.00 log10(pixels)=0.00
0	557	2224	log2(tiles)=0.00 log10(pixels)=0.00
0.0510299956639812	228	2225	log2(tiles)=0.00 log10(pixels)=0.25
0.102059991327962	116	2226	log2(tiles)=0.00 log10(pixels)=0.50
0	558	2227	log2(tiles)=0.00 log10(pixels)=0.00
0	559	2228	log2(tiles)=0.00 log10(pixels)=0.00
0.0510299956639812	229	2229	log2(tiles)=0.00 log10(pixels)=0.25
0	560	2230	log2(tiles)=0.00 log10(pixels)=0.00
-0.0228787452803376	161	2231	log2(tiles)=0.00 log10(pixels)=0.50
0	561	2232	log2(tiles)=0.00 log10(pixels)=0.00
0.0510299956639812	230	2233	log2(tiles)=0.00 log10(pixels)=0.25
0	562	2234	log2(tiles)=0.00 log10(pixels)=0.00
0	563	2235	log2(tiles)=0.00 log10(pixels)=0.00
0	564	2236	log2(tiles)=0.00 log10(pixels)=0.00
0	565	2237	log2(tiles)=0.00 log10(pixels)=0.00
0	566	2238	log2(tiles)=0.00 log10(pixels)=0.00
-0.0228787452803376	162	2239	log2(tiles)=0.00 log10(pixels)=0.50
0.102059991327962	117	2240	log2(tiles)=0.00 log10(pixels)=0.50
-0.0457574905606751	39	2241	log2(tiles)=0.00 log10(pixels)=1.00
0	567	2242	log2(tiles)=0.00 log10(pixels)=0.00
0	568	2243	log2(tiles)=0.00 log10(pixels)=0.00
0	569	2244	log2(tiles)=0.00 log10(pixels)=0.00
0.102059991327962	118	2245	log2(tiles)=0.00 log10(pixels)=0.50
0.0510299956639812	231	2246	log2(tiles)=0.00 log10(pixels)=0.25
0.0510299956639812	232	2247	log2(tiles)=0.00 log10(pixels)=0.25
-0.0228787452803376	163	2248	log2(tiles)=0.00 log10(pixels)=0.50
0	570	2249	log2(tiles)=0.00 log10(pixels)=0.00
0	571	2250	log2(tiles)=0.00 log10(pixels)=0.00
0	572	2251	log2(tiles)=0.00 log10(pixels)=0.00
0	573	2252	log2(tiles)=0.00 log10(pixels)=0.00
0.0510299956639812	233	2253	log2(tiles)=0.00 log10(pixels)=0.25
0	574	2254	log2(tiles)=0.00 log10(pixels)=0.00
0.0510299956639812	234	2255	log2(tiles)=0.00 log10(pixels)=0.25
0	575	2256	log2(tiles)=0.00 log10(pixels)=0.00
0.0353298350107671	5	2257	log2(tiles)=0.00 log10(pixels)=1.75
0.0510299956639812	235	2258	log2(tiles)=0.00 log10(pixels)=0.25
0.0510299956639812	236	2259	log2(tiles)=0.00 log10(pixels)=0.25
0	576	2260	log2(tiles)=0.00 log10(pixels)=0.00
0.0510299956639812	237	2261	log2(tiles)=0.00 log10(pixels)=0.25
0.0510299956639812	238	2262	log2(tiles)=0.00 log10(pixels)=0.25
0.0510299956639812	239	2263	log2(tiles)=0.00 log10(pixels)=0.25
0	577	2264	log2(tiles)=0.00 log10(pixels)=0.00
0	578	2265	log2(tiles)=0.00 log10(pixels)=0.00
0	579	2266	log2(tiles)=0.00 log10(pixels)=0.00
0	580	2267	log2(tiles)=0.00 log10(pixels)=0.00
0	581	2268	log2(tiles)=0.00 log10(pixels)=0.00
0	582	2269	log2(tiles)=0.00 log10(pixels)=0.00
0	583	2270	log2(tiles)=0.00 log10(pixels)=0.00
0.102059991327962	119	2271	log2(tiles)=0.00 log10(pixels)=0.50
0.0510299956639812	240	2272	log2(tiles)=0.00 log10(pixels)=0.25
0	26	2273	log2(tiles)=0.00 log10(pixels)=1.00
0.102059991327962	120	2274	log2(tiles)=0.00 log10(pixels)=0.50
0	584	2275	log2(tiles)=0.00 log10(pixels)=0.00
0.0510299956639812	241	2276	log2(tiles)=0.00 log10(pixels)=0.25
-0.0228787452803376	164	2277	log2(tiles)=0.00 log10(pixels)=0.50
0	585	2278	log2(tiles)=0.00 log10(pixels)=0.00
0	586	2279	log2(tiles)=0.00 log10(pixels)=0.00
0	587	2280	log2(tiles)=0.00 log10(pixels)=0.00
0.0950980400142568	57	2281	log2(tiles)=0.00 log10(pixels)=0.75
0	588	2282	log2(tiles)=0.00 log10(pixels)=0.00
0	589	2283	log2(tiles)=0.00 log10(pixels)=0.00
0	590	2284	log2(tiles)=0.00 log10(pixels)=0.00
0	591	2285	log2(tiles)=0.00 log10(pixels)=0.00
0	592	2286	log2(tiles)=0.00 log10(pixels)=0.00
0	593	2287	log2(tiles)=0.00 log10(pixels)=0.00
0	594	2288	log2(tiles)=0.00 log10(pixels)=0.00
-0.0969100130080565	34	2289	log2(tiles)=0.00 log10(pixels)=1.00
0	595	2290	log2(tiles)=0.00 log10(pixels)=0.00
0.0281512503836436	68	2291	log2(tiles)=0.00 log10(pixels)=0.75
-0.0228787452803376	165	2292	log2(tiles)=0.00 log10(pixels)=0.50
0.0791812460476249	30	2293	log2(tiles)=0.00 log10(pixels)=1.00
0.0510299956639812	242	2294	log2(tiles)=0.00 log10(pixels)=0.25
0.0281512503836436	69	2295	log2(tiles)=0.00 log10(pixels)=0.75
0	596	2296	log2(tiles)=0.00 log10(pixels)=0.00
0.0281512503836436	70	2297	log2(tiles)=0.00 log10(pixels)=0.75
-0.0228787452803376	166	2298	log2(tiles)=0.00 log10(pixels)=0.50
0	597	2299	log2(tiles)=0.00 log10(pixels)=0.00
0.102059991327962	121	2300	log2(tiles)=0.00 log10(pixels)=0.50
0.0510299956639812	243	2301	log2(tiles)=0.00 log10(pixels)=0.25
0	598	2302	log2(tiles)=0.00 log10(pixels)=0.00
-0.0686362358410126	8	2303	log2(tiles)=0.00 log10(pixels)=1.50
0	599	2304	log2(tiles)=0.00 log10(pixels)=0.00
0.0413926851582249	30	2305	log2(tiles)=0.00 log10(pixels)=1.00
0	600	2306	log2(tiles)=0.00 log10(pixels)=0.00
0	601	2307	log2(tiles)=0.00 log10(pixels)=0.00
0	602	2308	log2(tiles)=0.00 log10(pixels)=0.00
0	603	2309	log2(tiles)=0.00 log10(pixels)=0.00
0	604	2310	log2(tiles)=0.00 log10(pixels)=0.00
0	605	2311	log2(tiles)=0.00 log10(pixels)=0.00
0	606	2312	log2(tiles)=0.00 log10(pixels)=0.00
0	607	2313	log2(tiles)=0.00 log10(pixels)=0.00
0.102059991327962	122	2314	log2(tiles)=0.00 log10(pixels)=0.50
0.102059991327962	123	2315	log2(tiles)=0.00 log10(pixels)=0.50
0	27	2316	log2(tiles)=0.00 log10(pixels)=1.00
0	28	2317	log2(tiles)=0.00 log10(pixels)=1.00
0.102059991327962	124	2318	log2(tiles)=0.00 log10(pixels)=0.50
-0.0228787452803376	167	2319	log2(tiles)=0.00 log10(pixels)=0.50
0	608	2320	log2(tiles)=0.00 log10(pixels)=0.00
0.0510299956639812	244	2321	log2(tiles)=0.00 log10(pixels)=0.25
0.113943352306837	27	2322	log2(tiles)=0.00 log10(pixels)=1.00
0.102059991327962	125	2323	log2(tiles)=0.00 log10(pixels)=0.50
0	609	2324	log2(tiles)=0.00 log10(pixels)=0.00
0	610	2325	log2(tiles)=0.00 log10(pixels)=0.00
0	611	2326	log2(tiles)=0.00 log10(pixels)=0.00
0.113943352306837	28	2327	log2(tiles)=0.00 log10(pixels)=1.00
0	612	2328	log2(tiles)=0.00 log10(pixels)=0.00
0	613	2329	log2(tiles)=0.00 log10(pixels)=0.00
0	614	2330	log2(tiles)=0.00 log10(pixels)=0.00
-0.0510299956639812	92	2331	log2(tiles)=0.00 log10(pixels)=0.75
0	615	2332	log2(tiles)=0.00 log10(pixels)=0.00
0	616	2333	log2(tiles)=0.00 log10(pixels)=0.00
0	617	2334	log2(tiles)=0.00 log10(pixels)=0.00
0	618	2335	log2(tiles)=0.00 log10(pixels)=0.00
0	619	2336	log2(tiles)=0.00 log10(pixels)=0.00
0	620	2337	log2(tiles)=0.00 log10(pixels)=0.00
0	621	2338	log2(tiles)=0.00 log10(pixels)=0.00
0	622	2339	log2(tiles)=0.00 log10(pixels)=0.00
0	623	2340	log2(tiles)=0.00 log10(pixels)=0.00
0	624	2341	log2(tiles)=0.00 log10(pixels)=0.00
0	625	2342	log2(tiles)=0.00 log10(pixels)=0.00
0.0510299956639812	245	2343	log2(tiles)=0.00 log10(pixels)=0.25
0.0950980400142568	58	2344	log2(tiles)=0.00 log10(pixels)=0.75
0.0791812460476249	31	2345	log2(tiles)=0.00 log10(pixels)=1.00
-0.0228787452803376	168	2346	log2(tiles)=0.00 log10(pixels)=0.50
0.102059991327962	126	2347	log2(tiles)=0.00 log10(pixels)=0.50
0	626	2348	log2(tiles)=0.00 log10(pixels)=0.00
0	627	2349	log2(tiles)=0.00 log10(pixels)=0.00
-0.0228787452803376	169	2350	log2(tiles)=0.00 log10(pixels)=0.50
-0.0739087409443187	22	2351	log2(tiles)=0.00 log10(pixels)=1.25
0	628	2352	log2(tiles)=0.00 log10(pixels)=0.00
0	629	2353	log2(tiles)=0.00 log10(pixels)=0.00
-0.0510299956639812	93	2354	log2(tiles)=0.00 log10(pixels)=0.75
0	630	2355	log2(tiles)=0.00 log10(pixels)=0.00
0	631	2356	log2(tiles)=0.00 log10(pixels)=0.00
0.0510299956639812	246	2357	log2(tiles)=0.00 log10(pixels)=0.25
0.0510299956639812	247	2358	log2(tiles)=0.00 log10(pixels)=0.25
0.0510299956639812	248	2359	log2(tiles)=0.00 log10(pixels)=0.25
0	632	2360	log2(tiles)=0.00 log10(pixels)=0.00
-0.0969100130080565	35	2361	log2(tiles)=0.00 log10(pixels)=1.00
-0.0510299956639812	4	2362	log2(tiles)=1.00 log10(pixels)=0.75
0	633	2363	log2(tiles)=0.00 log10(pixels)=0.00
0	634	2364	log2(tiles)=0.00 log10(pixels)=0.00
0.0510299956639812	249	2365	log2(tiles)=0.00 log10(pixels)=0.25
0	635	2366	log2(tiles)=0.00 log10(pixels)=0.00
0	636	2367	log2(tiles)=0.00 log10(pixels)=0.00
0	637	2368	log2(tiles)=0.00 log10(pixels)=0.00
0	638	2369	log2(tiles)=0.00 log10(pixels)=0.00
0.102059991327962	127	2370	log2(tiles)=0.00 log10(pixels)=0.50
0.0950980400142568	59	2371	log2(tiles)=0.00 log10(pixels)=0.75
0	639	2372	log2(tiles)=0.00 log10(pixels)=0.00
0	640	2373	log2(tiles)=0.00 log10(pixels)=0.00
0.0950980400142568	60	2374	log2(tiles)=0.00 log10(pixels)=0.75
-0.0228787452803376	170	2375	log2(tiles)=0.00 log10(pixels)=0.50
0	641	2376	log2(tiles)=0.00 log10(pixels)=0.00
0	642	2377	log2(tiles)=0.00 log10(pixels)=0.00
0	643	2378	log2(tiles)=0.00 log10(pixels)=0.00
0	644	2379	log2(tiles)=0.00 log10(pixels)=0.00
0	645	2380	log2(tiles)=0.00 log10(pixels)=0.00
0.0950980400142568	4	2381	log2(tiles)=1.00 log10(pixels)=0.75
-0.0510299956639812	94	2382	log2(tiles)=0.00 log10(pixels)=0.75
0.113943352306837	3	2383	log2(tiles)=1.00 log10(pixels)=1.00
0	646	2384	log2(tiles)=0.00 log10(pixels)=0.00
-0.0510299956639812	95	2385	log2(tiles)=0.00 log10(pixels)=0.75
0	647	2386	log2(tiles)=0.00 log10(pixels)=0.00
0	648	2387	log2(tiles)=0.00 log10(pixels)=0.00
0	649	2388	log2(tiles)=0.00 log10(pixels)=0.00
-0.0228787452803376	171	2389	log2(tiles)=0.00 log10(pixels)=0.50
0	650	2390	log2(tiles)=0.00 log10(pixels)=0.00
0	651	2391	log2(tiles)=0.00 log10(pixels)=0.00
0	652	2392	log2(tiles)=0.00 log10(pixels)=0.00
-0.0510299956639812	96	2393	log2(tiles)=0.00 log10(pixels)=0.75
-0.0228787452803376	172	2394	log2(tiles)=0.00 log10(pixels)=0.50
0.0950980400142568	61	2395	log2(tiles)=0.00 log10(pixels)=0.75
0.0510299956639812	250	2396	log2(tiles)=0.00 log10(pixels)=0.25
0.0888490907372552	3	2397	log2(tiles)=0.00 log10(pixels)=1.75
0.0510299956639812	251	2398	log2(tiles)=0.00 log10(pixels)=0.25
-0.0967874862246563	1	2399	log2(tiles)=1.00 log10(pixels)=1.75
0.0510299956639812	252	2400	log2(tiles)=0.00 log10(pixels)=0.25
-0.0510299956639812	97	2401	log2(tiles)=0.00 log10(pixels)=0.75
0	653	2402	log2(tiles)=0.00 log10(pixels)=0.00
0.0510299956639812	253	2403	log2(tiles)=0.00 log10(pixels)=0.25
0	654	2404	log2(tiles)=0.00 log10(pixels)=0.00
0	655	2405	log2(tiles)=0.00 log10(pixels)=0.00
0	656	2406	log2(tiles)=0.00 log10(pixels)=0.00
-0.0969100130080565	36	2407	log2(tiles)=0.00 log10(pixels)=1.00
0	657	2408	log2(tiles)=0.00 log10(pixels)=0.00
0	658	2409	log2(tiles)=0.00 log10(pixels)=0.00
-0.0228787452803376	173	2410	log2(tiles)=0.00 log10(pixels)=0.50
0	659	2411	log2(tiles)=0.00 log10(pixels)=0.00
0	660	2412	log2(tiles)=0.00 log10(pixels)=0.00
0	661	2413	log2(tiles)=0.00 log10(pixels)=0.00
0	662	2414	log2(tiles)=0.00 log10(pixels)=0.00
0	663	2415	log2(tiles)=0.00 log10(pixels)=0.00
0	664	2416	log2(tiles)=0.00 log10(pixels)=0.00
0	665	2417	log2(tiles)=0.00 log10(pixels)=0.00
0	666	2418	log2(tiles)=0.00 log10(pixels)=0.00
0	667	2419	log2(tiles)=0.00 log10(pixels)=0.00
0	668	2420	log2(tiles)=0.00 log10(pixels)=0.00
0	669	2421	log2(tiles)=0.00 log10(pixels)=0.00
0	670	2422	log2(tiles)=0.00 log10(pixels)=0.00
0	671	2423	log2(tiles)=0.00 log10(pixels)=0.00
0.0510299956639812	254	2424	log2(tiles)=0.00 log10(pixels)=0.25
-0.0969100130080565	37	2425	log2(tiles)=0.00 log10(pixels)=1.00
0	672	2426	log2(tiles)=0.00 log10(pixels)=0.00
0	673	2427	log2(tiles)=0.00 log10(pixels)=0.00
0	674	2428	log2(tiles)=0.00 log10(pixels)=0.00
0	675	2429	log2(tiles)=0.00 log10(pixels)=0.00
0	676	2430	log2(tiles)=0.00 log10(pixels)=0.00
0	677	2431	log2(tiles)=0.00 log10(pixels)=0.00
0	678	2432	log2(tiles)=0.00 log10(pixels)=0.00
0	679	2433	log2(tiles)=0.00 log10(pixels)=0.00
0	680	2434	log2(tiles)=0.00 log10(pixels)=0.00
0	681	2435	log2(tiles)=0.00 log10(pixels)=0.00
0	682	2436	log2(tiles)=0.00 log10(pixels)=0.00
0	683	2437	log2(tiles)=0.00 log10(pixels)=0.00
-0.0510299956639812	5	2438	log2(tiles)=1.00 log10(pixels)=0.75
0	684	2439	log2(tiles)=0.00 log10(pixels)=0.00
0.0510299956639812	255	2440	log2(tiles)=0.00 log10(pixels)=0.25
-0.0969100130080565	38	2441	log2(tiles)=0.00 log10(pixels)=1.00
0	685	2442	log2(tiles)=0.00 log10(pixels)=0.00
0.0510299956639812	256	2443	log2(tiles)=0.00 log10(pixels)=0.25
0	686	2444	log2(tiles)=0.00 log10(pixels)=0.00
0.0510299956639812	257	2445	log2(tiles)=0.00 log10(pixels)=0.25
0	687	2446	log2(tiles)=0.00 log10(pixels)=0.00
0	688	2447	log2(tiles)=0.00 log10(pixels)=0.00
0	689	2448	log2(tiles)=0.00 log10(pixels)=0.00
0	690	2449	log2(tiles)=0.00 log10(pixels)=0.00
0	691	2450	log2(tiles)=0.00 log10(pixels)=0.00
-0.0228787452803376	174	2451	log2(tiles)=0.00 log10(pixels)=0.50
0.0510299956639812	258	2452	log2(tiles)=0.00 log10(pixels)=0.25
0.0510299956639812	259	2453	log2(tiles)=0.00 log10(pixels)=0.25
0	692	2454	log2(tiles)=0.00 log10(pixels)=0.00
0	693	2455	log2(tiles)=0.00 log10(pixels)=0.00
0	694	2456	log2(tiles)=0.00 log10(pixels)=0.00
0	695	2457	log2(tiles)=0.00 log10(pixels)=0.00
0	696	2458	log2(tiles)=0.00 log10(pixels)=0.00
0	697	2459	log2(tiles)=0.00 log10(pixels)=0.00
0	698	2460	log2(tiles)=0.00 log10(pixels)=0.00
0	699	2461	log2(tiles)=0.00 log10(pixels)=0.00
0	700	2462	log2(tiles)=0.00 log10(pixels)=0.00
0	701	2463	log2(tiles)=0.00 log10(pixels)=0.00
0	702	2464	log2(tiles)=0.00 log10(pixels)=0.00
-0.0228787452803376	175	2465	log2(tiles)=0.00 log10(pixels)=0.50
0.0510299956639812	260	2466	log2(tiles)=0.00 log10(pixels)=0.25
0	703	2467	log2(tiles)=0.00 log10(pixels)=0.00
0	704	2468	log2(tiles)=0.00 log10(pixels)=0.00
-0.0457574905606751	40	2469	log2(tiles)=0.00 log10(pixels)=1.00
0	705	2470	log2(tiles)=0.00 log10(pixels)=0.00
0	706	2471	log2(tiles)=0.00 log10(pixels)=0.00
0.0510299956639812	261	2472	log2(tiles)=0.00 log10(pixels)=0.25
0	707	2473	log2(tiles)=0.00 log10(pixels)=0.00
0.0510299956639812	262	2474	log2(tiles)=0.00 log10(pixels)=0.25
0.0510299956639812	263	2475	log2(tiles)=0.00 log10(pixels)=0.25
0	29	2476	log2(tiles)=0.00 log10(pixels)=1.00
0.0510299956639812	264	2477	log2(tiles)=0.00 log10(pixels)=0.25
-0.0228787452803376	176	2478	log2(tiles)=0.00 log10(pixels)=0.50
0	708	2479	log2(tiles)=0.00 log10(pixels)=0.00
0	709	2480	log2(tiles)=0.00 log10(pixels)=0.00
0.0510299956639812	265	2481	log2(tiles)=0.00 log10(pixels)=0.25
0	710	2482	log2(tiles)=0.00 log10(pixels)=0.00
-0.0228787452803376	177	2483	log2(tiles)=0.00 log10(pixels)=0.50
0.0510299956639812	266	2484	log2(tiles)=0.00 log10(pixels)=0.25
-0.0969100130080565	39	2485	log2(tiles)=0.00 log10(pixels)=1.00
0.0510299956639812	267	2486	log2(tiles)=0.00 log10(pixels)=0.25
0	711	2487	log2(tiles)=0.00 log10(pixels)=0.00
0	712	2488	log2(tiles)=0.00 log10(pixels)=0.00
0	713	2489	log2(tiles)=0.00 log10(pixels)=0.00
0	714	2490	log2(tiles)=0.00 log10(pixels)=0.00
0	715	2491	log2(tiles)=0.00 log10(pixels)=0.00
0	716	2492	log2(tiles)=0.00 log10(pixels)=0.00
0	717	2493	log2(tiles)=0.00 log10(pixels)=0.00
0	718	2494	log2(tiles)=0.00 log10(pixels)=0.00
0	719	2495	log2(tiles)=0.00 log10(pixels)=0.00
0	720	2496	log2(tiles)=0.00 log10(pixels)=0.00
0.0510299956639812	5	2497	log2(tiles)=1.00 log10(pixels)=0.25
0	721	2498	log2(tiles)=0.00 log10(pixels)=0.00
0.0510299956639812	268	2499	log2(tiles)=0.00 log10(pixels)=0.25
0	722	2500	log2(tiles)=0.00 log10(pixels)=0.00
0	723	2501	log2(tiles)=0.00 log10(pixels)=0.00
0	724	2502	log2(tiles)=0.00 log10(pixels)=0.00
0	725	2503	log2(tiles)=0.00 log10(pixels)=0.00
0	726	2504	log2(tiles)=0.00 log10(pixels)=0.00
-0.0228787452803376	178	2505	log2(tiles)=0.00 log10(pixels)=0.50
0	727	2506	log2(tiles)=0.00 log10(pixels)=0.00
0	728	2507	log2(tiles)=0.00 log10(pixels)=0.00
0	729	2508	log2(tiles)=0.00 log10(pixels)=0.00
0	730	2509	log2(tiles)=0.00 log10(pixels)=0.00
0	731	2510	log2(tiles)=0.00 log10(pixels)=0.00
-0.0510299956639812	98	2511	log2(tiles)=0.00 log10(pixels)=0.75
0	732	2512	log2(tiles)=0.00 log10(pixels)=0.00
0	733	2513	log2(tiles)=0.00 log10(pixels)=0.00
0.0510299956639812	269	2514	log2(tiles)=0.00 log10(pixels)=0.25
0	734	2515	log2(tiles)=0.00 log10(pixels)=0.00
0.0281512503836436	71	2516	log2(tiles)=0.00 log10(pixels)=0.75
0	735	2517	log2(tiles)=0.00 log10(pixels)=0.00
0	736	2518	log2(tiles)=0.00 log10(pixels)=0.00
0	737	2519	log2(tiles)=0.00 log10(pixels)=0.00
0	738	2520	log2(tiles)=0.00 log10(pixels)=0.00
0	739	2521	log2(tiles)=0.00 log10(pixels)=0.00
0	740	2522	log2(tiles)=0.00 log10(pixels)=0.00
0	741	2523	log2(tiles)=0.00 log10(pixels)=0.00
0	742	2524	log2(tiles)=0.00 log10(pixels)=0.00
-0.0510299956639812	99	2525	log2(tiles)=0.00 log10(pixels)=0.75
0	743	2526	log2(tiles)=0.00 log10(pixels)=0.00
0	744	2527	log2(tiles)=0.00 log10(pixels)=0.00
0	745	2528	log2(tiles)=0.00 log10(pixels)=0.00
-0.0376020021010439	8	2529	log2(tiles)=0.00 log10(pixels)=1.50
0	746	2530	log2(tiles)=0.00 log10(pixels)=0.00
-0.0528419686577808	9	2531	log2(tiles)=0.00 log10(pixels)=1.50
-0.0228787452803376	179	2532	log2(tiles)=0.00 log10(pixels)=0.50
0.0510299956639813	10	2533	log2(tiles)=0.00 log10(pixels)=1.25
0.0510299956639812	270	2534	log2(tiles)=0.00 log10(pixels)=0.25
0	747	2535	log2(tiles)=0.00 log10(pixels)=0.00
0	748	2536	log2(tiles)=0.00 log10(pixels)=0.00
0.102059991327962	128	2537	log2(tiles)=0.00 log10(pixels)=0.50
0.0950980400142568	62	2538	log2(tiles)=0.00 log10(pixels)=0.75
0	749	2539	log2(tiles)=0.00 log10(pixels)=0.00
0	750	2540	log2(tiles)=0.00 log10(pixels)=0.00
0.102059991327962	129	2541	log2(tiles)=0.00 log10(pixels)=0.50
-0.0228787452803376	180	2542	log2(tiles)=0.00 log10(pixels)=0.50
0	751	2543	log2(tiles)=0.00 log10(pixels)=0.00
0	752	2544	log2(tiles)=0.00 log10(pixels)=0.00
0	753	2545	log2(tiles)=0.00 log10(pixels)=0.00
0	754	2546	log2(tiles)=0.00 log10(pixels)=0.00
0	755	2547	log2(tiles)=0.00 log10(pixels)=0.00
0.0510299956639812	271	2548	log2(tiles)=0.00 log10(pixels)=0.25
0	756	2549	log2(tiles)=0.00 log10(pixels)=0.00
0	757	2550	log2(tiles)=0.00 log10(pixels)=0.00
0.0510299956639812	272	2551	log2(tiles)=0.00 log10(pixels)=0.25
0.0510299956639812	273	2552	log2(tiles)=0.00 log10(pixels)=0.25
-0.0457574905606751	41	2553	log2(tiles)=0.00 log10(pixels)=1.00
0	758	2554	log2(tiles)=0.00 log10(pixels)=0.00
-0.0969100130080565	40	2555	log2(tiles)=0.00 log10(pixels)=1.00
0	759	2556	log2(tiles)=0.00 log10(pixels)=0.00
0	760	2557	log2(tiles)=0.00 log10(pixels)=0.00
0	761	2558	log2(tiles)=0.00 log10(pixels)=0.00
0.0287536009528289	2	2559	log2(tiles)=1.00 log10(pixels)=1.25
-0.0457574905606751	42	2560	log2(tiles)=0.00 log10(pixels)=1.00
0	762	2561	log2(tiles)=0.00 log10(pixels)=0.00
0	763	2562	log2(tiles)=0.00 log10(pixels)=0.00
0	764	2563	log2(tiles)=0.00 log10(pixels)=0.00
0	765	2564	log2(tiles)=0.00 log10(pixels)=0.00
0	766	2565	log2(tiles)=0.00 log10(pixels)=0.00
0	767	2566	log2(tiles)=0.00 log10(pixels)=0.00
0	768	2567	log2(tiles)=0.00 log10(pixels)=0.00
0.0722192947339193	9	2568	log2(tiles)=0.00 log10(pixels)=1.25
0	769	2569	log2(tiles)=0.00 log10(pixels)=0.00
-0.0228787452803376	181	2570	log2(tiles)=0.00 log10(pixels)=0.50
0	770	2571	log2(tiles)=0.00 log10(pixels)=0.00
0	771	2572	log2(tiles)=0.00 log10(pixels)=0.00
0	772	2573	log2(tiles)=0.00 log10(pixels)=0.00
0	773	2574	log2(tiles)=0.00 log10(pixels)=0.00
-0.0228787452803376	182	2575	log2(tiles)=0.00 log10(pixels)=0.50
0	774	2576	log2(tiles)=0.00 log10(pixels)=0.00
0	775	2577	log2(tiles)=0.00 log10(pixels)=0.00
0	776	2578	log2(tiles)=0.00 log10(pixels)=0.00
0	777	2579	log2(tiles)=0.00 log10(pixels)=0.00
0	778	2580	log2(tiles)=0.00 log10(pixels)=0.00
0	779	2581	log2(tiles)=0.00 log10(pixels)=0.00
0	780	2582	log2(tiles)=0.00 log10(pixels)=0.00
0	781	2583	log2(tiles)=0.00 log10(pixels)=0.00
0	782	2584	log2(tiles)=0.00 log10(pixels)=0.00
-0.0228787452803376	183	2585	log2(tiles)=0.00 log10(pixels)=0.50
0	783	2586	log2(tiles)=0.00 log10(pixels)=0.00
0.0510299956639813	11	2587	log2(tiles)=0.00 log10(pixels)=1.25
0	784	2588	log2(tiles)=0.00 log10(pixels)=0.00
-0.0228787452803376	184	2589	log2(tiles)=0.00 log10(pixels)=0.50
0.0510299956639812	274	2590	log2(tiles)=0.00 log10(pixels)=0.25
0.102059991327962	130	2591	log2(tiles)=0.00 log10(pixels)=0.50
-0.0228787452803376	185	2592	log2(tiles)=0.00 log10(pixels)=0.50
-0.0228787452803376	186	2593	log2(tiles)=0.00 log10(pixels)=0.50
-0.0457574905606751	43	2594	log2(tiles)=0.00 log10(pixels)=1.00
0	785	2595	log2(tiles)=0.00 log10(pixels)=0.00
0	786	2596	log2(tiles)=0.00 log10(pixels)=0.00
-0.0228787452803376	187	2597	log2(tiles)=0.00 log10(pixels)=0.50
0.0510299956639812	275	2598	log2(tiles)=0.00 log10(pixels)=0.25
-0.0739087409443187	3	2599	log2(tiles)=1.00 log10(pixels)=1.25
0	787	2600	log2(tiles)=0.00 log10(pixels)=0.00
0	788	2601	log2(tiles)=0.00 log10(pixels)=0.00
0	789	2602	log2(tiles)=0.00 log10(pixels)=0.00
-0.0458800173440752	21	2603	log2(tiles)=0.00 log10(pixels)=1.25
0	790	2604	log2(tiles)=0.00 log10(pixels)=0.00
0	791	2605	log2(tiles)=0.00 log10(pixels)=0.00
0	792	2606	log2(tiles)=0.00 log10(pixels)=0.00
0	793	2607	log2(tiles)=0.00 log10(pixels)=0.00
0	794	2608	log2(tiles)=0.00 log10(pixels)=0.00
0	795	2609	log2(tiles)=0.00 log10(pixels)=0.00
0	796	2610	log2(tiles)=0.00 log10(pixels)=0.00
0	797	2611	log2(tiles)=0.00 log10(pixels)=0.00
0.0510299956639812	6	2612	log2(tiles)=1.00 log10(pixels)=0.25
0.0510299956639812	276	2613	log2(tiles)=0.00 log10(pixels)=0.25
0.102059991327962	131	2614	log2(tiles)=0.00 log10(pixels)=0.50
0.102059991327962	132	2615	log2(tiles)=0.00 log10(pixels)=0.50
0	798	2616	log2(tiles)=0.00 log10(pixels)=0.00
0	799	2617	log2(tiles)=0.00 log10(pixels)=0.00
0	800	2618	log2(tiles)=0.00 log10(pixels)=0.00
0	801	2619	log2(tiles)=0.00 log10(pixels)=0.00
0	802	2620	log2(tiles)=0.00 log10(pixels)=0.00
0.0510299956639812	277	2621	log2(tiles)=0.00 log10(pixels)=0.25
0.0281512503836436	72	2622	log2(tiles)=0.00 log10(pixels)=0.75
0.0924226808222062	9	2623	log2(tiles)=0.00 log10(pixels)=1.25
0	803	2624	log2(tiles)=0.00 log10(pixels)=0.00
0	804	2625	log2(tiles)=0.00 log10(pixels)=0.00
0.0510299956639812	278	2626	log2(tiles)=0.00 log10(pixels)=0.25
0	805	2627	log2(tiles)=0.00 log10(pixels)=0.00
0	806	2628	log2(tiles)=0.00 log10(pixels)=0.00
-0.0228787452803376	188	2629	log2(tiles)=0.00 log10(pixels)=0.50
-0.0228787452803376	189	2630	log2(tiles)=0.00 log10(pixels)=0.50
0.0510299956639812	279	2631	log2(tiles)=0.00 log10(pixels)=0.25
0	807	2632	log2(tiles)=0.00 log10(pixels)=0.00
0	808	2633	log2(tiles)=0.00 log10(pixels)=0.00
0	809	2634	log2(tiles)=0.00 log10(pixels)=0.00
0	810	2635	log2(tiles)=0.00 log10(pixels)=0.00
0	811	2636	log2(tiles)=0.00 log10(pixels)=0.00
0.0510299956639812	280	2637	log2(tiles)=0.00 log10(pixels)=0.25
0.0510299956639812	281	2638	log2(tiles)=0.00 log10(pixels)=0.25
0	812	2639	log2(tiles)=0.00 log10(pixels)=0.00
0	813	2640	log2(tiles)=0.00 log10(pixels)=0.00
0.0510299956639812	282	2641	log2(tiles)=0.00 log10(pixels)=0.25
0.0510299956639812	283	2642	log2(tiles)=0.00 log10(pixels)=0.25
0.0281512503836436	73	2643	log2(tiles)=0.00 log10(pixels)=0.75
0	814	2644	log2(tiles)=0.00 log10(pixels)=0.00
0	815	2645	log2(tiles)=0.00 log10(pixels)=0.00
0	816	2646	log2(tiles)=0.00 log10(pixels)=0.00
0	817	2647	log2(tiles)=0.00 log10(pixels)=0.00
0	818	2648	log2(tiles)=0.00 log10(pixels)=0.00
0	819	2649	log2(tiles)=0.00 log10(pixels)=0.00
0	820	2650	log2(tiles)=0.00 log10(pixels)=0.00
0	821	2651	log2(tiles)=0.00 log10(pixels)=0.00
-0.0228787452803376	190	2652	log2(tiles)=0.00 log10(pixels)=0.50
0.101258348719075	3	2653	log2(tiles)=1.00 log10(pixels)=1.75
-0.0228787452803376	191	2654	log2(tiles)=0.00 log10(pixels)=0.50
-0.085026652029182	7	2655	log2(tiles)=0.00 log10(pixels)=1.50
0	822	2656	log2(tiles)=0.00 log10(pixels)=0.00
0.102059991327962	133	2657	log2(tiles)=0.00 log10(pixels)=0.50
0	823	2658	log2(tiles)=0.00 log10(pixels)=0.00
0.102059991327962	134	2659	log2(tiles)=0.00 log10(pixels)=0.50
0	824	2660	log2(tiles)=0.00 log10(pixels)=0.00
0	825	2661	log2(tiles)=0.00 log10(pixels)=0.00
0	826	2662	log2(tiles)=0.00 log10(pixels)=0.00
0	827	2663	log2(tiles)=0.00 log10(pixels)=0.00
0	828	2664	log2(tiles)=0.00 log10(pixels)=0.00
0	829	2665	log2(tiles)=0.00 log10(pixels)=0.00
0	830	2666	log2(tiles)=0.00 log10(pixels)=0.00
0	831	2667	log2(tiles)=0.00 log10(pixels)=0.00
0	832	2668	log2(tiles)=0.00 log10(pixels)=0.00
0	833	2669	log2(tiles)=0.00 log10(pixels)=0.00
0	834	2670	log2(tiles)=0.00 log10(pixels)=0.00
0	835	2671	log2(tiles)=0.00 log10(pixels)=0.00
0	836	2672	log2(tiles)=0.00 log10(pixels)=0.00
0	837	2673	log2(tiles)=0.00 log10(pixels)=0.00
0	838	2674	log2(tiles)=0.00 log10(pixels)=0.00
0	839	2675	log2(tiles)=0.00 log10(pixels)=0.00
0	840	2676	log2(tiles)=0.00 log10(pixels)=0.00
0	841	2677	log2(tiles)=0.00 log10(pixels)=0.00
0	842	2678	log2(tiles)=0.00 log10(pixels)=0.00
0	843	2679	log2(tiles)=0.00 log10(pixels)=0.00
0.102059991327962	135	2680	log2(tiles)=0.00 log10(pixels)=0.50
-0.0457574905606751	44	2681	log2(tiles)=0.00 log10(pixels)=1.00
0.0281512503836436	74	2682	log2(tiles)=0.00 log10(pixels)=0.75
-0.0739087409443187	23	2683	log2(tiles)=0.00 log10(pixels)=1.25
0	844	2684	log2(tiles)=0.00 log10(pixels)=0.00
0	845	2685	log2(tiles)=0.00 log10(pixels)=0.00
0.0510299956639812	284	2686	log2(tiles)=0.00 log10(pixels)=0.25
0	846	2687	log2(tiles)=0.00 log10(pixels)=0.00
0	847	2688	log2(tiles)=0.00 log10(pixels)=0.00
0	848	2689	log2(tiles)=0.00 log10(pixels)=0.00
0	849	2690	log2(tiles)=0.00 log10(pixels)=0.00
0.0791812460476249	32	2691	log2(tiles)=0.00 log10(pixels)=1.00
0.0281512503836436	75	2692	log2(tiles)=0.00 log10(pixels)=0.75
0	850	2693	log2(tiles)=0.00 log10(pixels)=0.00
0	851	2694	log2(tiles)=0.00 log10(pixels)=0.00
0	852	2695	log2(tiles)=0.00 log10(pixels)=0.00
0	853	2696	log2(tiles)=0.00 log10(pixels)=0.00
0	854	2697	log2(tiles)=0.00 log10(pixels)=0.00
0	855	2698	log2(tiles)=0.00 log10(pixels)=0.00
0	856	2699	log2(tiles)=0.00 log10(pixels)=0.00
0	857	2700	log2(tiles)=0.00 log10(pixels)=0.00
0	858	2701	log2(tiles)=0.00 log10(pixels)=0.00
0	859	2702	log2(tiles)=0.00 log10(pixels)=0.00
0	860	2703	log2(tiles)=0.00 log10(pixels)=0.00
0	861	2704	log2(tiles)=0.00 log10(pixels)=0.00
0	862	2705	log2(tiles)=0.00 log10(pixels)=0.00
0	863	2706	log2(tiles)=0.00 log10(pixels)=0.00
0	864	2707	log2(tiles)=0.00 log10(pixels)=0.00
-0.0510299956639812	100	2708	log2(tiles)=0.00 log10(pixels)=0.75
0	865	2709	log2(tiles)=0.00 log10(pixels)=0.00
0.0950980400142568	63	2710	log2(tiles)=0.00 log10(pixels)=0.75
-0.0457574905606751	45	2711	log2(tiles)=0.00 log10(pixels)=1.00
0	866	2712	log2(tiles)=0.00 log10(pixels)=0.00
0	867	2713	log2(tiles)=0.00 log10(pixels)=0.00
-0.00863830616572736	10	2714	log2(tiles)=0.00 log10(pixels)=1.50
-0.0228787452803376	192	2715	log2(tiles)=0.00 log10(pixels)=0.50
0	868	2716	log2(tiles)=0.00 log10(pixels)=0.00
0	869	2717	log2(tiles)=0.00 log10(pixels)=0.00
0	870	2718	log2(tiles)=0.00 log10(pixels)=0.00
0	871	2719	log2(tiles)=0.00 log10(pixels)=0.00
0	872	2720	log2(tiles)=0.00 log10(pixels)=0.00
0.0510299956639812	285	2721	log2(tiles)=0.00 log10(pixels)=0.25
0.0281512503836436	76	2722	log2(tiles)=0.00 log10(pixels)=0.75
0	30	2723	log2(tiles)=0.00 log10(pixels)=1.00
0.0281512503836436	77	2724	log2(tiles)=0.00 log10(pixels)=0.75
0.0510299956639812	286	2725	log2(tiles)=0.00 log10(pixels)=0.25
0	873	2726	log2(tiles)=0.00 log10(pixels)=0.00
0	874	2727	log2(tiles)=0.00 log10(pixels)=0.00
-0.0228787452803376	193	2728	log2(tiles)=0.00 log10(pixels)=0.50
0.0510299956639812	287	2729	log2(tiles)=0.00 log10(pixels)=0.25
0	31	2730	log2(tiles)=0.00 log10(pixels)=1.00
-0.103871964321762	17	2731	log2(tiles)=0.00 log10(pixels)=1.25
-0.0228787452803376	194	2732	log2(tiles)=0.00 log10(pixels)=0.50
0.102059991327962	136	2733	log2(tiles)=0.00 log10(pixels)=0.50
0	875	2734	log2(tiles)=0.00 log10(pixels)=0.00
0	876	2735	log2(tiles)=0.00 log10(pixels)=0.00
0.102059991327962	5	2736	log2(tiles)=1.00 log10(pixels)=0.50
0.0510299956639812	288	2737	log2(tiles)=0.00 log10(pixels)=0.25
-0.0228787452803376	195	2738	log2(tiles)=0.00 log10(pixels)=0.50
0	877	2739	log2(tiles)=0.00 log10(pixels)=0.00
0	878	2740	log2(tiles)=0.00 log10(pixels)=0.00
0	879	2741	log2(tiles)=0.00 log10(pixels)=0.00
0	880	2742	log2(tiles)=0.00 log10(pixels)=0.00
0	881	2743	log2(tiles)=0.00 log10(pixels)=0.00
0	882	2744	log2(tiles)=0.00 log10(pixels)=0.00
0.0510299956639812	289	2745	log2(tiles)=0.00 log10(pixels)=0.25
0.0510299956639812	290	2746	log2(tiles)=0.00 log10(pixels)=0.25
-0.119788758288394	11	2747	log2(tiles)=0.00 log10(pixels)=1.50
0.0510299956639812	291	2748	log2(tiles)=0.00 log10(pixels)=0.25
-0.0969100130080565	41	2749	log2(tiles)=0.00 log10(pixels)=1.00
0	883	2750	log2(tiles)=0.00 log10(pixels)=0.00
0.0510299956639812	292	2751	log2(tiles)=0.00 log10(pixels)=0.25
0	884	2752	log2(tiles)=0.00 log10(pixels)=0.00
0	885	2753	log2(tiles)=0.00 log10(pixels)=0.00
0	886	2754	log2(tiles)=0.00 log10(pixels)=0.00
0.0510299956639812	293	2755	log2(tiles)=0.00 log10(pixels)=0.25
0	887	2756	log2(tiles)=0.00 log10(pixels)=0.00
0	888	2757	log2(tiles)=0.00 log10(pixels)=0.00
0	889	2758	log2(tiles)=0.00 log10(pixels)=0.00
-0.0228787452803376	5	2759	log2(tiles)=1.00 log10(pixels)=0.50
0	890	2760	log2(tiles)=0.00 log10(pixels)=0.00
0	891	2761	log2(tiles)=0.00 log10(pixels)=0.00
0.0510299956639812	294	2762	log2(tiles)=0.00 log10(pixels)=0.25
0.0510299956639812	295	2763	log2(tiles)=0.00 log10(pixels)=0.25
0	892	2764	log2(tiles)=0.00 log10(pixels)=0.00
-0.0458800173440752	22	2765	log2(tiles)=0.00 log10(pixels)=1.25
-0.0457574905606751	46	2766	log2(tiles)=0.00 log10(pixels)=1.00
0.102059991327962	137	2767	log2(tiles)=0.00 log10(pixels)=0.50
0	893	2768	log2(tiles)=0.00 log10(pixels)=0.00
0	894	2769	log2(tiles)=0.00 log10(pixels)=0.00
0.0510299956639812	296	2770	log2(tiles)=0.00 log10(pixels)=0.25
0	895	2771	log2(tiles)=0.00 log10(pixels)=0.00
0.0510299956639812	297	2772	log2(tiles)=0.00 log10(pixels)=0.25
0	896	2773	log2(tiles)=0.00 log10(pixels)=0.00
0	897	2774	log2(tiles)=0.00 log10(pixels)=0.00
0	898	2775	log2(tiles)=0.00 log10(pixels)=0.00
0	899	2776	log2(tiles)=0.00 log10(pixels)=0.00
0	900	2777	log2(tiles)=0.00 log10(pixels)=0.00
0	901	2778	log2(tiles)=0.00 log10(pixels)=0.00
0.0510299956639812	298	2779	log2(tiles)=0.00 log10(pixels)=0.25
0	902	2780	log2(tiles)=0.00 log10(pixels)=0.00
-0.0915149811213503	3	2781	log2(tiles)=0.00 log10(pixels)=2.00
0.102059991327962	138	2782	log2(tiles)=0.00 log10(pixels)=0.50
0	903	2783	log2(tiles)=0.00 log10(pixels)=0.00
0	904	2784	log2(tiles)=0.00 log10(pixels)=0.00
-0.0228787452803376	196	2785	log2(tiles)=0.00 log10(pixels)=0.50
0.0510299956639812	299	2786	log2(tiles)=0.00 log10(pixels)=0.25
0.0950980400142568	64	2787	log2(tiles)=0.00 log10(pixels)=0.75
-0.0510299956639812	101	2788	log2(tiles)=0.00 log10(pixels)=0.75
0	905	2789	log2(tiles)=0.00 log10(pixels)=0.00
0	906	2790	log2(tiles)=0.00 log10(pixels)=0.00
0	907	2791	log2(tiles)=0.00 log10(pixels)=0.00
0	908	2792	log2(tiles)=0.00 log10(pixels)=0.00
0	909	2793	log2(tiles)=0.00 log10(pixels)=0.00
0	910	2794	log2(tiles)=0.00 log10(pixels)=0.00
-0.0228787452803376	197	2795	log2(tiles)=0.00 log10(pixels)=0.50
0	911	2796	log2(tiles)=0.00 log10(pixels)=0.00
0.0281512503836436	78	2797	log2(tiles)=0.00 log10(pixels)=0.75
-0.0510299956639812	102	2798	log2(tiles)=0.00 log10(pixels)=0.75
-0.119788758288394	12	2799	log2(tiles)=0.00 log10(pixels)=1.50
0	912	2800	log2(tiles)=0.00 log10(pixels)=0.00
0	913	2801	log2(tiles)=0.00 log10(pixels)=0.00
0	914	2802	log2(tiles)=0.00 log10(pixels)=0.00
0	915	2803	log2(tiles)=0.00 log10(pixels)=0.00
0	916	2804	log2(tiles)=0.00 log10(pixels)=0.00
0	917	2805	log2(tiles)=0.00 log10(pixels)=0.00
0	918	2806	log2(tiles)=0.00 log10(pixels)=0.00
0	919	2807	log2(tiles)=0.00 log10(pixels)=0.00
0	920	2808	log2(tiles)=0.00 log10(pixels)=0.00
0	921	2809	log2(tiles)=0.00 log10(pixels)=0.00
0	922	2810	log2(tiles)=0.00 log10(pixels)=0.00
-0.0228787452803376	198	2811	log2(tiles)=0.00 log10(pixels)=0.50
0	923	2812	log2(tiles)=0.00 log10(pixels)=0.00
0	924	2813	log2(tiles)=0.00 log10(pixels)=0.00
0	925	2814	log2(tiles)=0.00 log10(pixels)=0.00
0	926	2815	log2(tiles)=0.00 log10(pixels)=0.00
0	927	2816	log2(tiles)=0.00 log10(pixels)=0.00
0	928	2817	log2(tiles)=0.00 log10(pixels)=0.00
0	929	2818	log2(tiles)=0.00 log10(pixels)=0.00
0.102059991327962	139	2819	log2(tiles)=0.00 log10(pixels)=0.50
0	930	2820	log2(tiles)=0.00 log10(pixels)=0.00
0	931	2821	log2(tiles)=0.00 log10(pixels)=0.00
0	932	2822	log2(tiles)=0.00 log10(pixels)=0.00
0.102059991327962	140	2823	log2(tiles)=0.00 log10(pixels)=0.50
0	933	2824	log2(tiles)=0.00 log10(pixels)=0.00
0	934	2825	log2(tiles)=0.00 log10(pixels)=0.00
0	935	2826	log2(tiles)=0.00 log10(pixels)=0.00
0	936	2827	log2(tiles)=0.00 log10(pixels)=0.00
-0.0228787452803376	199	2828	log2(tiles)=0.00 log10(pixels)=0.50
0.00514997831990605	8	2829	log2(tiles)=0.00 log10(pixels)=1.50
-0.00863830616572736	11	2830	log2(tiles)=0.00 log10(pixels)=1.50
0.0510299956639812	7	2831	log2(tiles)=1.00 log10(pixels)=0.25
-0.0228787452803376	200	2832	log2(tiles)=0.00 log10(pixels)=0.50
0.113943352306837	29	2833	log2(tiles)=0.00 log10(pixels)=1.00
0	937	2834	log2(tiles)=0.00 log10(pixels)=0.00
-0.0686362358410126	9	2835	log2(tiles)=0.00 log10(pixels)=1.50
0	938	2836	log2(tiles)=0.00 log10(pixels)=0.00
0.102059991327962	141	2837	log2(tiles)=0.00 log10(pixels)=0.50
0	939	2838	log2(tiles)=0.00 log10(pixels)=0.00
0.102059991327962	142	2839	log2(tiles)=0.00 log10(pixels)=0.50
0	940	2840	log2(tiles)=0.00 log10(pixels)=0.00
0	941	2841	log2(tiles)=0.00 log10(pixels)=0.00
0	942	2842	log2(tiles)=0.00 log10(pixels)=0.00
0.102059991327962	143	2843	log2(tiles)=0.00 log10(pixels)=0.50
0	943	2844	log2(tiles)=0.00 log10(pixels)=0.00
0	944	2845	log2(tiles)=0.00 log10(pixels)=0.00
-0.0969100130080565	42	2846	log2(tiles)=0.00 log10(pixels)=1.00
-0.103871964321762	18	2847	log2(tiles)=0.00 log10(pixels)=1.25
0.0510299956639812	300	2848	log2(tiles)=0.00 log10(pixels)=0.25
0.0510299956639812	301	2849	log2(tiles)=0.00 log10(pixels)=0.25
0.0510299956639812	302	2850	log2(tiles)=0.00 log10(pixels)=0.25
0.0791812460476249	33	2851	log2(tiles)=0.00 log10(pixels)=1.00
0	945	2852	log2(tiles)=0.00 log10(pixels)=0.00
0.0510299956639812	303	2853	log2(tiles)=0.00 log10(pixels)=0.25
0.0510299956639812	304	2854	log2(tiles)=0.00 log10(pixels)=0.25
0.102059991327962	144	2855	log2(tiles)=0.00 log10(pixels)=0.50
-0.0510299956639812	103	2856	log2(tiles)=0.00 log10(pixels)=0.75
0.0510299956639812	305	2857	log2(tiles)=0.00 log10(pixels)=0.25
0	946	2858	log2(tiles)=0.00 log10(pixels)=0.00
-0.0228787452803376	201	2859	log2(tiles)=0.00 log10(pixels)=0.50
0	947	2860	log2(tiles)=0.00 log10(pixels)=0.00
0.0510299956639812	306	2861	log2(tiles)=0.00 log10(pixels)=0.25
0	948	2862	log2(tiles)=0.00 log10(pixels)=0.00
-0.113509274827518	1	2863	log2(tiles)=0.00 log10(pixels)=2.00
0	949	2864	log2(tiles)=0.00 log10(pixels)=0.00
0	950	2865	log2(tiles)=0.00 log10(pixels)=0.00
0	951	2866	log2(tiles)=0.00 log10(pixels)=0.00
0.0510299956639812	307	2867	log2(tiles)=0.00 log10(pixels)=0.25
