x	y
-0.862512738919761	1.24891918082723
-0.58482205411024	0.618265699027993
-0.215074358887491	0.204366277600413
-0.0511788573923834	0.0406557034992422
-0.580123496601567	0.740890194513499
-0.437497294897779	0.455616341588574
-0.175790358408066	0.142023850673255
-0.112336004771219	0.0942969238519111
1.31971662847226	1.92391934425602
-1.34150479460769	1.80984825581843
-0.583226331232705	0.236733326240663
-2.41143407265637	2.06790784490975
-0.542840541349738	0.295939670088879
0.239782512299401	0.215580228351906
0.514809321568585	0.490391883931231
-0.272395523094963	0.264594802805297
-0.258585271639416	0.276219618370688
-0.154532312288124	0.0643465553557801
-0.663282797222034	0.323782401567804
0.0638168341787158	0.0444573756857319
0.0107851344126996	0.00637664617631941
-0.670776361133519	1.09284350143233
-0.154232989338159	0.138495159333708
-0.313775505586311	0.269673732045229
-1.41534056849458	1.11263458355542
-0.962294923970298	0.784958363605574
1.71226105291069	1.32257717657858
-0.0984026667758899	0.0437444564429184
-0.2134606732964	0.0807704799169824
0.331929739232322	0.148479481257662
0.426189642349328	0.397146227953322
-0.454474815239183	0.425830201291107
0.757683960040228	1.23737215133715
0.590337821284779	0.680682207894588
-0.157670758250073	0.116866834109782
-2.34147953472211	2.83467098685705
-0.287267894210669	0.264969634139593
-1.04907996275323	1.27085785183808
-1.21866116977231	1.04872081347639
-0.708070106269941	0.441841825681416
-0.36319546487238	0.171082208897974
-0.393621163963244	0.119864422038082
0.101569685131412	0.0307149682701934
0.0993041786735932	0.0288483929861978
0.161855806547183	0.143859765637875
-0.121086505418248	0.0889624323388238
-0.32823313661165	0.400354498245191
0.787187167614813	1.16705509970573
-0.347876597621709	0.261678947007074
-0.0585768679544638	0.045393904592481
-0.390618649412421	0.354921698515074
-0.254429349015185	0.302502005299493
-1.15050741178154	1.04595829758555
-0.780245506188676	0.277934862087594
-0.306515807059109	0.235122081807496
-1.34540458158048	0.625608272604495
-1.54982901290173	0.809975272656176
-1.17593414403549	0.3709145036914
1.50929279500908	0.773713752063397
1.40284757656063	0.887456069793821
-0.387599956837531	0.379640598798942
-0.20902004102342	0.148597138659708
0.225664855336685	0.255073844995949
-0.272617166909747	0.350967053670653
-0.0813720925734111	0.0534636448654354
0.0134243523098363	0.00840156853666484
-0.00513522609323721	0.00423510227151998
2.30034792500319	1.09177495599547
0.613656498860624	0.194210317184637
-0.834365187554925	0.378111150882301
-0.19951369249267	0.114112304374076
-0.544045280785816	0.654460187859475
-0.165567829905238	0.100367881878537
-1.17427580477756	0.358809802628489
0.0486664120603314	0.0333962741682268
-0.395540500255089	0.114333917092572
0.618849939816202	0.201943652777816
0.0894959239584534	0.0307270486502312
-1.00288042277297	0.612298152008926
-0.452044795527414	0.194300753242314
-0.44318242122753	0.558839229655269
-0.491801248208816	0.491257945911323
0.0991756978465207	0.106469022330966
0.687690533211381	1.22501508604933
-0.423101213996274	0.371072568518548
-0.215402895142896	0.155337015620212
-0.25533182063125	0.334516539645179
-1.41151590497696	1.43316219617606
-0.0861385853809298	0.0863597353700968
-0.59542721672031	0.514727512065228
0.0795658840121442	0.0606679270508147
-0.116624386151235	0.0756573417316703
-1.03769295173336	1.05332559411418
-0.453809787721642	0.321813524430104
-0.754020976451587	0.628630775917628
-0.811962299176318	0.975926935203197
-0.609955090505751	0.734540247111741
-0.121175453829988	0.0548161106016537
-0.715467597105671	0.414686331579545
-1.07185387819957	0.987513981198819
0.125095415220707	0.0867660522421651
0.166249326405324	0.143323014533563
0.0889362701360717	0.0409159917776426
0.283445489554039	0.150901607159114
-0.4014658966277	0.295592229497868
2.0833182847919	1.27103434513165
0.167106512938792	0.14420444887751
0.181638357355901	0.171394824988285
-0.0639490419488242	0.0503394965584158
0.176503325402121	0.183377780938864
0.688228023165682	1.07085955289748
-0.52805982204899	0.599508077671733
-0.0900501616057794	0.081397476109251
0.0897571312815317	0.0448945889489767
-0.685311062771664	0.627144959806885
-0.751706990692173	0.629205561957894
-0.354548999892269	0.294672695834232
-1.16187862040578	1.05549287953852
-0.0314553548801777	0.0165388271746243
0.0848567532789383	0.086167778103131
0.249179065698064	0.250418355965388
-0.375582599917479	0.166529408989362
0.124020319687371	0.0752849606718513
0.510661279048992	0.38717763908892
-1.52598006961758	1.08414482193875
-0.272395523094963	0.264594802805297
-0.0222877567633173	0.0157131641041361
1.03027861033036	0.638314218702634
0.278927305604562	0.146283143012377
-1.00887614384823	0.61701934213083
-0.301436066774505	0.152791466835167
0.58917086473354	0.403501214472405
0.724491608927969	0.535226728026643
-0.861759118568942	0.660988880212139
-0.547009295932673	0.301321060929197
0.727092693010201	0.549108558500399
1.3347305951614	0.993962942789435
-0.192220700500735	0.205631386035863
0.447900970495289	0.661235480149684
-0.320329524001868	0.375874484940994
-0.234879002918546	0.283171535222087
-0.358951804050812	0.481751995714841
-0.604729519927767	0.874539589115722
-0.589463660469696	0.978294610775018
-0.313496570695614	0.379238432670852
0.0457712746436031	0.0490120835141604
-0.0331281304773596	0.032134801195732
-0.303357592243023	0.38616991697261
0.662009221240846	0.615992920435165
0.146751866177876	0.115359614986994
0.852955804552577	0.704457277238294
-0.591352037675316	0.513249470990165
-0.172796505650221	0.140184981086732
-0.311976554469181	0.266761756820932
-0.507753467893668	0.670431862938572
-0.0710988650897076	0.0476813327882059
-0.830390789262275	0.382516600776348
-0.238352240606042	0.26239881934722
0.0105014618479616	0.00757861888190504
0.0581493015748074	0.0427305111195341
0.995812703716859	1.021420008942
-0.935773050557497	0.960978128445225
0.456982787245272	0.382777071821218
-0.404101733439279	0.331047044303245
0.231643060720967	0.217698998021764
0.0997777149514568	0.0541585961743339
1.05260366953351	0.866754769525547
0.731995342249792	0.655994691659558
-0.546841236983769	0.283268097969161
-0.0231673972662736	0.0130904463143044
-0.00229340809413131	0.00138607471142161
0.729013021751004	0.553392932171284
0.000352448229270141	0.000127460678775697
-0.0234566161371041	0.013749309680178
-0.0209203288511454	0.0121216636054881
1.0739612710705	1.078543839266
-0.663113408403445	0.558506493698778
-0.636338691631915	0.689497803393089
-0.247346119526492	0.277836480864411
-0.418414135240922	0.561251533403124
0.394442652602774	0.55793237688457
-0.508265284532535	0.779668709635522
0.11075779897938	0.095950823646991
-0.445020566001673	0.605532389286841
-0.339553836214671	0.399920699394933
-0.394905553134016	0.583253196641001
0.569917588554752	0.910194493832033
-0.0628497124959936	0.0646350162286495
-0.361964602776029	0.477572105999167
0.278849475429561	0.342406457463386
-0.568058594337527	0.727968244220854
0.13821332388873	0.142256512304398
-0.389778729740229	0.478003052479694
0.279406600247196	0.337126820846653
-0.0620947153836361	0.058519015741844
-0.258346214779668	0.296891343945718
-0.707106765669252	0.921642657420431
-0.71748129927755	0.987782174176852
0.0417048576238192	0.0350592327937673
-1.26545924188872	2.26836795144238
-0.520935401749404	0.657181299650612
-0.451127238952816	0.596807844176392
-0.0228919189994142	0.0181651774048126
-0.53884097836832	0.671624869548805
-0.216293082781407	0.225446904938774
-0.0778141571508881	0.0651243634779672
0.425234311670148	0.559872354098075
-1.05530554379694	1.61279680934056
-0.0292674964136949	0.0224335227390018
-0.121451654237178	0.112932513285355
0.378034066957383	0.474158068790359
0.110891010922157	0.0934607815158001
0.180519020774827	0.197939565311266
-0.561419173666	0.646277109067868
-0.241433508561184	0.224069307119039
-0.0971909725305499	0.0833430637453613
0.312604725856865	0.303065112167327
-0.0478752276035331	0.0370079000615996
0.966222741122504	1.45629972512066
-0.445886767389698	0.537679023315082
0.0673785288761174	0.0512500533504615
-0.910234560420164	1.30260273136546
-1.25448152289986	1.9712561989944
-0.263994877095001	0.248638958906079
-0.0660404387438477	0.0736177020586391
-0.437591794994285	0.474955910810536
0.0427812593473054	0.0363229062357187
0.100306308956892	0.0825095631973201
-0.617924037502355	0.727363509480988
0.222100486849294	0.302448809490573
-0.735237438237716	1.49408978184293
-0.156869882502211	0.129662946251897
-0.069022513881429	0.0886125811505412
-0.369750338754151	0.548439372860045
-0.0604954066005209	0.047215731261645
0.162408591460228	0.153768770770975
-1.22054040685071	2.05278515596416
-0.765236293589276	0.962597594038473
-0.276861444185873	0.277455312576126
-0.26918396635609	0.270715016621376
0.0502650214153201	0.0422569408500556
-0.0780509909247013	0.0738933902162238
-0.377784958673083	0.36890974887768
-0.381860152680829	0.430671546919043
-0.586619077703836	0.92331655261417
0.025742079068531	0.0191776939868071
-0.0815402699823647	0.070898885582884
-0.0296871639523787	0.0237573436496503
-0.478353903133452	0.402606099077551
-0.351639507021696	0.387837559398925
-0.207958897971611	0.233165394226796
-0.0571628695974849	0.050806760866571
-0.987189119501346	0.695500359506948
0.374693844951481	0.390633794584747
0.164258082919835	0.130670722376851
-0.531519121315547	0.644091974669256
0.33296557049625	0.379213437610229
-0.0247620724507852	0.0193806217755394
0.0301093299902122	0.0198170655168615
0.080247537853077	0.0617839170951862
0.863166535921938	1.48559491250343
-0.216691489169069	0.224584831901717
0.919000765563213	1.14168878222551
0.164502382284402	0.128368149191402
-0.915703620997842	1.19181428120516
-0.278132079877984	0.258309905493938
1.13474735265994	1.67682792560734
-0.534281498116669	0.580713608229286
0.0883450003076262	0.090661168974599
-0.247901701737246	0.286467228947651
-0.0363975769951001	0.0361285672595047
-0.0130274783471481	0.0107381181114816
0.173348119392968	0.156517778743318
0.043427324841092	0.0434261878778697
0.193642550804425	0.240318964681683
0.0144169487138311	0.0100935992090291
-0.569123606890794	0.691579555267601
-0.204315664046159	0.182805159152614
0.527781513036331	0.502035998740005
-0.0109253707298279	0.00638745991905985
0.118683055040365	0.107732186668924
-0.183144814124704	0.164016556760837
-0.366472259520951	0.392516456524221
-0.642622850380399	0.728784593014534
-0.498887419113072	0.480959436822659
-0.224045080105907	0.196484444313834
-0.116051180803408	0.107907728220858
-0.874416913287204	1.17710171339206
0.173248469855849	0.168196357689574
-0.477946424518197	0.585340984592681
0.410838026950015	0.271837897277247
-0.126860085744923	0.105972543125102
0.2431440127107	0.220408314259203
-0.160367067480737	0.133037512605085
-0.442441728529007	0.535330997787679
-0.673856375256117	0.860526009842362
-0.0709328969806199	0.0552450018689511
-0.21642754047413	0.15063134688913
-0.661432601538758	0.541353652521046
0.637516158376377	0.825522487046341
-0.293382804345524	0.270439284285232
-0.155846575099595	0.129620568192783
0.142636847585923	0.107626186377566
0.661798965767022	0.837404053481546
0.238026603179442	0.187484981187974
-1.14299734203613	1.33354751039332
0.988399083733033	1.43831754629931
0.515404730493951	0.6730624348877
-0.994761998180536	1.78575794186711
0.322621265676276	0.400197666346615
-0.329404595546017	0.35368430245308
0.547713212621064	0.915544220842396
-0.65692575568559	1.39095785664136
-0.998487775685919	1.36541313078643
-0.549525682272306	0.909054880308684
-0.461945550281222	0.65798063521146
-0.257033833666124	0.391707510478043
-0.355160008066173	0.508463267382102
-0.849529174649652	0.825497889470889
-0.84037626002973	0.452837453001921
0.55133130078524	0.400715348466133
-0.215566262984292	0.155205025870104
-0.749540311491623	0.49561244828099
-0.242815799268901	0.165408996874661
-0.378043540709091	0.333880637586447
0.539850441825168	0.251245367886794
0.393776851316622	0.264711375747215
0.115330597135879	0.0985844499529915
-1.0088960427784	0.640328153008853
0.623784160749557	0.629570736389273
0.673266731337578	0.920687889531582
0.0827728122142684	0.0382415121749445
0.103479920923372	0.0573377013034825
-0.117968164845314	0.053051900339437
0.0973041401459895	0.0509246197938407
-0.214111705903818	0.222474212684182
1.07316336860118	1.03719538177782
-0.396325634846469	0.242390039257221
0.929452055571729	0.646154779113634
0.600467374750966	0.522351680553796
-0.302609517621988	0.155206181344196
-0.518548859799873	0.355439343695122
0.0927534407258433	0.0393586342415975
1.52639814349226	1.58043330904508
-0.112916701721416	0.0728442312780831
-0.24933724116712	0.141038539520485
0.485400186987881	0.269086060303562
0.928792942931377	0.957263245830235
-0.512190908737158	0.79390455060011
-0.432778289836128	0.608378872774026
-0.19609512031352	0.272142673080988
0.24755174529434	0.384916670532718
-0.387250504033325	0.436010119091333
0.732233160533055	1.17750415318041
-0.275392241183218	0.46120797135829
-0.188615446027989	0.211259962632881
-0.192524530706088	0.264052041550633
-0.520492508998133	1.19121436960948
-0.257490071402372	0.274196522240001
-0.499822043187759	0.400600691667812
-0.763518681037032	0.802867624594603
0.599448379443457	0.397796222507189
0.111354023744438	0.0646707244673418
-0.675896318826334	0.55598756843807
-0.31265073607747	0.230083625951221
-0.637830538568201	0.474874394458422
-0.245368368749101	0.172455290272355
-2.04055227737654	1.43621318992953
0.0872056847190037	0.0371678224997526
-0.195386811362065	0.187181119959869
-0.456929668950928	0.3139331012804
-0.552168776905043	0.289993524430795
0.49473478274639	0.551842695327127
-0.159377133093319	0.144563370566755
-1.40113115826323	1.12024215491432
-1.80086997048275	1.99172884511036
0.243329899338171	0.155200522312622
0.119054739575911	0.0779857120424756
-0.461360756661685	0.276062265516844
0.53729589622126	0.602215542574768
0.736633262171431	0.678333697391986
0.0949831235067028	0.0438958449372965
-0.402339625681806	0.295441156825438
0.102036069662032	0.0591972580860966
0.0899221424397666	0.0417345096200274
0.107446114187907	0.0668456175981474
1.30352985106391	1.15776895808721
-0.561385491586735	0.425080772909176
1.03967345443359	0.764734614556068
-0.60475419961131	0.402634026184071
-0.0877404035463674	0.0431148857399043
0.474994566232759	0.649634603805046
-0.356295558939537	0.403885102556007
-0.0949725975672197	0.114783521327104
0.720973532335583	1.30973089358194
-0.23410489330663	0.265773708927159
-0.326144394204963	0.456756809454567
-0.27521984363181	0.42263608593533
-0.466697357860597	0.725319331136423
-0.0908758228558623	0.0677716929868755
-0.353328003719758	0.343319705627879
-0.158355630220271	0.126405640386449
-0.720434844034608	1.05801918554633
-0.760550392781528	1.0021356692202
-0.708480887469047	0.825766698819017
-0.30818773611555	0.284073413368571
-0.106176842868956	0.0898782478713752
-0.194847653933497	0.151263139836923
0.0970098488801855	0.0767610903503261
-1.05941839276617	1.47194828669866
0.245527056475885	0.207677097043983
-0.386656452207989	0.235339454893787
-0.0372803312889451	0.0298986897542915
-0.523549395076367	0.534565208972487
-0.0491913992218324	0.0388620935853709
-0.657224167645351	0.779889978797474
0.249628035954757	0.167952481670041
-0.252647878622641	0.2208964881584
-0.609369696154448	0.575736590981212
-0.0491245953224066	0.034588532810464
-0.000259946600090597	0.000348082879790416
0.124232524183778	0.0767823286222546
-0.308134279550933	0.284690176917323
1.08327732340491	1.18127356789724
-0.479141556847252	0.468792269201963
-0.207093273157879	0.166074746339927
-0.144495754385027	0.093034631505327
-0.770992650504366	0.920475951017881
-0.674608281673989	0.883489303747991
-0.203908494001579	0.165523906172351
0.0834450710579418	0.0657073649726326
-0.2674018764143	0.211599501794581
0.594656348609317	0.516830519419794
-0.14578875703203	0.125220657845456
0.667714094435671	0.837935550666599
0.565816207583691	0.922210857696306
0.243375691946277	0.252671317112796
-0.761608247853462	0.981956656984445
-0.424078412977798	0.574073778886544
-0.927673310221451	2.11867150907068
0.938132602652039	1.15627863321638
-0.449148550734781	0.900306747879821
-0.369505067191118	0.462719440650348
-0.707212967217204	1.34073917226202
-0.110353186010744	0.104136110354728
-0.691516492071383	1.28985565925306
-0.193623605446848	0.212045558459991
-0.837428753322869	1.67139321008034
-0.58798948144809	0.910009785504498
-0.344979197800312	0.481560344416843
0.523400010408767	0.79085644050938
-0.507671650151675	0.804623981978991
-0.920279705524193	1.92282924642369
-0.518006806136725	0.349134088231267
-0.177168707924728	0.139112930500347
-0.472524089194451	0.484308509906566
-0.497630702642025	0.478932406252014
0.0223720544529477	0.0134576197114131
0.0400769369256593	0.0270382253578253
-0.342893961529967	0.329190982041383
-0.00227004788870075	0.00151440861621387
0.584654490426883	0.390065394863019
-0.752856828121494	0.626097947324277
-0.27160355844713	0.233207207570358
0.243884497022251	0.16061960679897
-0.373139156925846	0.411601425294447
-0.116988213384663	0.075893534839501
0.627611605563857	0.614532772358621
0.386523946089567	0.271095536126498
-0.121231228136662	0.0771486570069746
0.259497659543043	0.153620038310937
1.08983205844523	1.1395970472338
0.344284941345496	0.285804739880736
0.952541224403672	1.04598326986927
0.0163471565997329	0.010220425238123
0.024324625485164	0.0156809612396401
0.285016501579845	0.153504058788292
-0.0898208363599654	0.0660969896080464
0.120533494874576	0.120880802354658
0.734986845062254	1.16948951678511
-0.888457499460136	1.47147358141354
-0.202565429739067	0.22024359789401
-0.493243418673317	0.719211097406618
-0.360903935420544	0.526273330022357
-0.17713684978053	0.186967874524875
-0.213061860919412	0.321432544608724
-0.271334690210233	0.346886414827213
0.0556038586149961	0.0548845108415676
-0.0773990282528919	0.077307266798102
-0.490611067659091	0.874602092031277
-0.350434277947751	0.46756142288185
-0.200946711833391	0.265285464448667
-0.367397035505031	0.578188293376719
-0.435887702185162	0.540121721936421
0.0445124519636905	0.0484299320567663
-0.480140450826822	0.793613997096589
0.373402404858062	0.476869468941835
-0.353468986316248	0.468798123399374
0.747124344587967	1.15633529300565
-0.238575991095129	0.295544562621738
-1.0287306955112	2.4020997865308
-0.93464583683298	0.970556213257347
0.968574167519109	1.0972630987278
0.238099028239069	0.162916044608202
0.639271742912097	0.745553563747307
0.792552474626324	0.879866992353979
-0.237805102910728	0.202721765938482
-0.311658950432536	0.270300179816297
-0.0852600043086646	0.0412736719427762
-0.133417064890202	0.101200759927869
0.245981848267043	0.152427133841393
0.323385868814031	0.296943657372072
0.23635749429617	0.172082520473515
-0.319163863227287	0.272083527941717
0.858576437822266	0.710330612052293
0.520752159419248	0.510901493646585
0.428432696523719	0.37363477924272
0.108916173643764	0.0679645782710815
-0.54504730878672	0.564235250494954
0.235353966502112	0.164090893191387
1.05760612454926	0.925408337872875
0.326045847903135	0.268210391647333
0.273667145949331	0.322787894909217
0.420259715831873	0.551578733446217
0.449858146369177	0.674629886791652
-0.015438439167174	0.0157346970432037
-0.249484418685262	0.336334339697622
-0.37503440003965	0.638979525425689
-0.265811057559887	0.285259679327895
-0.223459192911422	0.345531453218665
0.445138737558601	0.710134183224468
-0.203537183095228	0.235648828799563
-0.162628399113028	0.194642256627723
-0.221389611863821	0.291586785931925
-0.221686601703418	0.292057856404244
0.211507536758226	0.276883717246703
0.0424561595088905	0.0451107950295599
0.279986859216551	0.312827609889575
-0.224096649083529	0.316904563424973
0.255295260203642	0.336549853976992
0.576637209379017	0.773511671555114
-0.234081105023317	0.250014663925392
0.411154097107489	0.565158040624817
-0.432442240121726	0.616802274390251
-0.296801691033841	0.438023825767494
-0.389714881607749	0.347540409491839
-0.171797173864078	0.106905513165611
-1.53412924647335	1.08121395509689
-0.213851306281089	0.124031084267953
-0.24718787300671	0.134905808533934
-0.536397384939339	0.467125958813975
-0.366790328882873	0.175842014724534
-0.638905528532114	0.483003905627742
-0.155978055784528	0.0644958002283825
0.630596886969566	0.294041585897601
0.291374989060262	0.147058188368119
-0.248276773045072	0.140004871266274
0.122244785366182	0.0798150209185486
-0.0072154999533733	0.00430763683660518
-0.287864172709129	0.193427189309619
-0.461202405811747	0.309100103174579
-1.31830009791477	1.27464603776543
1.17584339053999	0.934523127437168
-0.52969378162745	0.471153732056972
0.149802840116937	0.151385266004321
-0.0965254534964056	0.0910889558653111
-0.0659834948142562	0.0733529316101739
0.223683421041205	0.273826693662941
0.0429928741609619	0.0407247054057024
0.0399277965519136	0.0391885226324813
-0.0385162141441437	0.0379069454348389
0.340639977238477	0.563539798302636
-0.592582753768513	1.06821748394576
0.00971426113803296	0.0103074951839516
0.0688866589952591	0.072910464510207
-0.989569645659263	2.32375586624035
-0.0269334457123746	0.0308931702692409
-0.275319309754623	0.325262802497081
-0.361398791097656	0.466076551059299
-0.555672052840072	0.807906837105845
-0.500319231394137	0.909183032369519
-0.498569296622782	0.691880510381362
-0.0871940674365893	0.0674007770228054
-0.16955721500547	0.167757411200993
-0.609826132076072	0.730475821113762
-0.683450712805196	0.918693442589601
-0.456003598556155	0.198791342936551
-0.659525434515554	0.314522794893183
0.308365208720038	0.152020789201734
0.0941499939834421	0.0393929492016949
-0.533454453427502	0.461402206253153
0.0807420472840117	0.0300078182889342
-0.120791324480954	0.0536802851517005
0.341437614630714	0.153775048376085
1.19254561985735	0.815374317066546
0.855400144839189	0.421958244343444
1.37408929585078	1.49472902484034
-0.553210135246172	0.293317898739213
-0.281712242141137	0.0947752534596695
-0.0619049534842155	0.0309098222027953
0.550148283132671	0.288176659673767
1.50685695112808	0.740973676290016
0.375609395313448	0.144218294344232
-0.773647437879153	1.46544551251617
0.00200261932580441	0.00169221703900701
0.129816664489121	0.194038989551731
-0.477522920630129	0.882052840485456
0.121825753512332	0.125923494828744
-0.465883385307141	0.652756326662167
0.154700302481726	0.217552614158429
-0.493055301820467	0.700129851436154
-0.1183079636262	0.124484611524861
-0.0661777032731535	0.079330204087616
-0.498533277759432	1.04230067727839
-0.0875740738191836	0.104846426105207
0.0689614285422792	0.0984240472655696
0.0263874921068001	0.0206429682580377
-0.148106884770151	0.165919678296492
-0.364398249041514	0.678681896119468
0.0510465246178712	0.0649379675106525
-0.717045185642854	0.994665800328769
-0.65485483327623	0.524503276512853
-0.944012036783875	0.902736023438231
0.0111028062110182	0.00698940001423412
-0.0017277575274408	0.00106137015141198
0.0517167829454419	0.036897244162375
1.17390102600398	1.12308591489062
-0.366790328882873	0.175842014724534
0.31830031440347	0.279668024544553
-0.153333452797687	0.0621075718610316
0.632241873876372	0.527183057782776
2.0660420072276	1.43107009250877
-0.112237187990381	0.0509764701777778
0.493369646235043	0.271980367181238
0.100914877238246	0.0587644478214381
0.482269889746724	0.269024840832112
-0.17233853312686	0.101982815384068
-1.0424541194217	0.550317353680954
0.894524624065274	0.58365167454388
0.142599839762813	0.160098030305807
-0.447088312366891	0.662707291407172
0.0674225129751272	0.0730850079260569
-0.184705757352618	0.245243344006818
0.762257078831163	1.32754302651814
-0.596747239396054	1.25399247161306
0.211080580638082	0.339363435638965
-0.158076381049459	0.201189487623354
-0.188653478929052	0.210742535816793
-0.373229851738219	0.548267958178157
-0.486027509667363	0.896956423986752
-0.270351299954996	0.379966401883428
0.377101939344494	0.66610019794809
-0.199153650128438	0.212288010739507
0.00724464248608553	0.00821894757701017
0.11889898407824	0.150870723408128
-0.184591404438304	0.247683167195056
0.0923445503164741	0.0908242175324229
-0.265870441515216	0.247232286241324
-0.498925041971931	0.403012743471464
-0.175751970876877	0.108269952470995
-0.143319166178136	0.0923784525608572
-0.293114492579614	0.201792455528849
-0.251967301976343	0.139798531700717
0.352168498760399	0.27307857194154
-0.638350513692611	0.483298709803218
-0.421834404424653	0.372703361044471
-0.201564610710139	0.196410537282314
0.126787551174598	0.0877194326469851
0.906462465437051	1.08394497683888
-0.211023419176164	0.125161722722077
0.344468539325636	0.27735745793402
0.246416773636896	0.21069985723771
-0.396954822284278	0.29101563397503
-0.666540152488789	0.570360034788867
-0.565390878035675	0.562046208996604
0.374510304014541	0.480367958936848
0.272453447999592	0.296947521324578
0.325265771824898	0.444020147551549
0.338655505151439	0.473959433493077
0.350812696388258	0.454190746479216
0.0150553081131376	0.0170640697862023
0.11388378398648	0.100483269626967
-0.236452152456188	0.361945630960729
-0.157038490350655	0.192518083579725
0.0266059093667661	0.0310296677537111
0.142110232332844	0.16288051730821
0.272638274736016	0.415015862394859
-0.509672449867634	0.811811529087184
-0.210476053656658	0.291356640941321
-0.426874235314957	0.705815018999238
-0.192934784025101	0.224732486882477
0.00822946695758447	0.00942067114639668
-0.381011039653293	0.578535801261325
-0.182754890698996	0.188419198219491
-0.18770611638772	0.168245117853439
-1.01045573914154	0.645207537661278
-0.00413979300442592	0.00250453229540745
-0.325843130594933	0.28608054846612
-0.450957477029884	0.311842179359288
-0.852679331477688	0.570067751131521
-0.86990104636736	1.11074782627214
-0.177606745608424	0.129928743663463
-0.115442704769615	0.0524421557666881
-0.248219399270686	0.133844562108207
-1.41026732218651	1.34225187473803
0.500923482145765	0.363492570665516
-0.743006005010428	0.529746577862308
0.89956680856559	0.575520369566846
0.0937848915916667	0.0397849406778921
0.40662581726128	0.265641384166413
0.120769186968677	0.111960114702135
0.672923684369519	0.930496756114972
0.279621996268037	0.423210940435111
0.185259244193382	0.212009077300872
-0.114438618913559	0.13279465044861
-0.302653818269643	0.424834777315255
0.869626251025089	1.47298152065171
-1.20324100711696	3.3208861668168
-0.499493708832095	0.643371421064007
-0.176963850331755	0.218782006381555
-0.298573432730695	0.40410619599066
-0.282042550435379	0.372105091742114
0.144395798670825	0.171673320409293
0.267342627970337	0.320359424889708
-0.0164295532033856	0.0180760430548462
-0.10941461658976	0.125938325098523
-0.182057875756309	0.249327983206508
-0.394049127631292	0.497986179034142
-2.5287647077638	1.47303764657036
0.921478282282821	0.247302516524772
0.733225897809908	0.550371294467631
0.33868742422113	0.286066229559848
-2.12464163665724	1.00848854990165
-1.17590287195246	0.367420429263891
1.00358531344444	0.477042064594709
0.46638197959005	0.171492856136262
1.72241419681162	1.00356307485791
0.137755951151155	0.0278992132091276
-0.397989979346878	0.117974320602497
-0.783949913526956	0.278891669070979
0.0783640429475552	0.0765180449262026
-1.17917135850092	1.84451483441468
0.318500641883962	0.447544988080075
0.238378457893267	0.299563405643388
-0.218469325249237	0.21085802543577
0.172628425680099	0.166343677642638
-0.114525067561301	0.152611040573333
-0.233202619565317	0.186307277251787
0.275691196815331	0.317293045241054
0.411617040487003	0.546961137356584
-0.0406008663735646	0.0559138701058302
0.253192621444266	0.331820464450802
-0.139676642979988	0.199984121658283
0.0577359198245782	0.0517738498065264
0.0613846180209009	0.074999647423424
-0.115982129640347	0.158919283171911
-0.00830661379380422	0.00585216257121972
-0.858967608613824	0.574859318602511
-1.56093869536232	0.574417313732474
1.00389778146768	0.493729528491297
0.481871474448928	0.267215360286394
0.441633065913498	0.383677847017395
2.74407958453784	0.82767920769534
-1.18512587753411	0.351681013980674
0.120588064218409	0.0297965109543033
0.12481030733302	0.0314878944324265
0.98370080350114	0.36505072145523
0.501343853484556	0.638139670478206
0.239516284968856	0.199761505584169
-0.0646579859849085	0.0705017271155767
0.345803560095511	0.509292086948442
-0.0563097967243648	0.0433378366441788
-0.544851326702523	0.581547539486212
-0.315766457730721	0.679845624492836
-0.498971283937244	0.473709275839845
-0.484185521197015	0.425908429223147
0.313228153192932	0.441884475228763
-0.629187225058719	1.74090585206994
0.805586146953665	1.36391693106416
0.208014887382865	0.361547056017068
0.0690868296866418	0.0508748152673859
-0.133473712561172	0.198541956148914
-1.17427580477756	0.358809802628489
0.384973917891482	0.157042157240657
1.39651708529505	0.835941282724945
-0.674110819433484	0.616428077353115
0.462988892542491	0.165642997229716
-0.281765732179288	0.0974136923132923
-0.834268755063528	0.38829838887464
-0.285260753813349	0.0973870046642128
0.103104579623969	0.0304309453429937
0.550315288243872	0.285510786453152
-0.658213786449221	0.169205854171519
-0.15246200590134	0.0636277568577794
-0.315738683962726	0.397257643571731
-0.210074014977367	0.186873063323841
-0.22679177379678	0.312798205041525
0.15902673053967	0.197080829654687
0.33855433840454	0.281583647489678
-0.875913900694866	1.13291453160416
-0.0914628265542975	0.119275918086825
0.232532195116907	0.208879557202281
0.178604677979949	0.158722631496299
0.107758921603354	0.118522149179328
-0.0900099383371093	0.115547529868308
-0.0988057685578498	0.0961322952514526
0.273578382594188	0.438409841716015
-0.282473159879956	0.0953723166400078
0.275480267149258	0.147863562482333
0.111944758977255	0.0653383346596598
-0.585782757934839	0.229386084697674
-0.667653538594332	0.335544068518825
-0.149350002488384	0.0930626836814537
-1.2239196092171	0.723644438443023
-0.583226331232705	0.236733326240663
-1.17512088467504	0.361405005837757
-0.28602797283023	0.0979113462793498
-0.158645563257381	0.0657137457425839
-0.829278111417758	0.386096464131832
0.105707159011335	0.0310955090395657
-0.584708831907175	0.812623042837801
0.233773652671554	0.220120243225916
-0.452238045982822	0.750634300023201
-0.258095778631703	0.332959253687372
-0.000880183982873383	0.000710756513532132
0.0739153898989066	0.057123960014969
0.0187908108353349	0.0201456350393909
0.246576760648753	0.217629612768515
0.693169102428148	1.02160128535154
-0.410304227478667	0.59904901371604
-0.293740679033807	0.435667208307506
0.192283611072257	0.209133536631429
0.43328530717361	0.794517433882883
1.27911413341624	0.512903795186998
0.11054498019984	0.0647524134568243
-0.228349182096253	0.177858002586308
-1.5625457696614	0.581574072788025
-0.282331727100919	0.0958651525702269
0.400421544520981	0.39638563541695
0.0847160239654781	0.0322959003587957
-0.393621163963244	0.119864422038082
-1.87447138525472	0.788270761016177
-0.780245506188676	0.277934862087594
0.0924489677311661	0.0317142458206075
-0.587928610885599	0.231737484543186
0.0137075649389852	0.0146597001224255
-0.253566418065594	0.223149773316579
-0.206507087233824	0.296468046384162
-0.0445914358856241	0.0485618080320459
0.0650133953156266	0.0567022119870777
0.343410379418691	0.285609407909431
0.117471298241193	0.138254018679037
0.546762902093933	0.607728149518738
-0.186565127055481	0.132871313821834
0.28953053621504	0.405224101207888
0.139382802455183	0.213291405264685
0.33907063809105	0.401907558380322
0.356515037509122	0.275069146444215
0.5212739842866	0.387076492725654
-0.392841205484787	0.116190355727902
0.388281081747283	0.157288275267166
-0.659150463658708	0.318485132518788
0.0882105293693008	0.033846485037699
-1.71984811095746	1.73264149644033
0.101995059061379	0.0514105742274838
-0.778777353214164	0.27547798769337
-0.582528161751644	0.236819836271703
0.627375935170323	0.293244123835198
0.851332930071853	0.710896361882764
1.21857776576698	0.669015742292157
0.407486085180002	0.254505499853639
0.354479939313062	0.405205616317145
0.402652253754917	0.39838397498447
-0.0013443701784311	0.00110865622535369
0.475413743230181	0.725504208185932
0.230402652792333	0.211086777156654
0.450027884409713	0.505250725294108
0.044737163789533	0.0420915089940372
0.939991945454263	1.49352774900671
1.26263514352685	1.83402140206575
0.341603390463505	0.411412163819469
0.486171242965481	0.791963978635071
1.13262594642742	2.19535381753369
0.843765058072663	0.451770895521546
0.88845584942419	0.811267791930821
-0.942385425923376	1.1354668942671
0.507300732330036	0.384575544897711
-0.0761534654816173	0.0373386958094567
0.239350942013673	0.175047465680784
-0.641511810021311	0.482968004399613
-0.666219614372921	0.558382754980981
-0.0628802950601529	0.0325980298845577
0.189225858987447	0.223693939307012
-0.0360651033119406	0.0196657671760345
-0.0586050505146693	0.0291289029237004
-0.856328396060325	0.523985893113368
-0.293431400819363	0.191948568822534
-0.336192248338596	0.213031798928985
-0.859185120932873	0.572146810444326
0.54635087148192	0.270750086943026
0.594590676640806	0.412386000697097
-0.398801054681384	0.298913767572838
1.16865570884946	1.2141045346646
0.661460472259017	0.756687513722767
0.241826303207501	0.212477577294513
-0.0470848240904976	0.0369450700537695
0.71305870926152	0.769855498842141
-0.532844423629191	0.474307497245391
0.148934908564679	0.112721731799234
-0.112127930796144	0.104222229835447
-0.400174547814864	0.245464715563106
-0.760911067747799	1.08112084278742
-0.128047744149415	0.117697613344161
0.92302304348339	1.06383771539212
0.0467658112294355	0.0318110223874302
0.304787552796722	0.437558006677638
-0.310508800043719	0.416866159639643
0.0639219386614181	0.0462023204407552
-0.25903789622037	0.218013870414439
-0.160675885473303	0.142180729154078
-0.300228419941168	0.303657768373792
-0.384246710633853	0.364232601345911
-0.291386720439138	0.351761146885881
-0.14914513172882	0.129506533293292
0.31511667290771	0.292342821437937
-0.228818042777	0.211966249908793
-0.19693664166073	0.172989513521601
0.244956372700828	0.231557980502852
-0.104394338714824	0.0883964550685354
-0.237750885522883	0.224577674320865
0.605792724220062	0.705466212141441
0.0526199838761195	0.0377787535671933
0.584469330934533	0.699715708320834
-0.517661709494915	0.505210714261847
-0.0369348410043407	0.0324993979706003
-0.320657900197009	0.486689111867649
0.344759460747063	0.555263932216328
0.624475127017942	1.24025765873149
0.613401796732282	0.948649674360263
-0.570457880352605	1.09438418941314
-0.616978007045549	1.14601169594017
-0.215676018188856	0.255435909725152
-0.0576350058018573	0.0694648747858251
0.221075260846825	0.322435454915313
0.339854911098004	0.453397351655227
0.242604948708115	0.367034139416588
0.366538217283389	0.26921881496791
-0.154807715821037	0.115621926680497
-0.149213024751451	0.116277900237614
0.0439730525722359	0.0351543292275771
-0.663201323489156	0.801179108587154
-0.129044580985295	0.0796396789890386
-0.237826418221525	0.186236463482344
0.153808906534636	0.129174701580259
0.153792185638603	0.122178314284305
0.0827275415096252	0.066143911146748
-0.0310639958304635	0.0247373336078737
-0.552154340516648	0.634090703887452
0.655954947712183	0.611902418687695
-0.0200359728195538	0.0136667194491391
-0.157070120866012	0.125548288302407
-0.497384437633958	0.468554642179505
0.396676613697443	0.403756171739198
-0.532223133549953	0.460308482385324
0.367419126957883	0.270183000389653
0.146524206513968	0.111387551377275
0.235505179518602	0.161436329317697
-0.120900300360062	0.0864680746690278
0.446434190235576	0.498338657206919
0.395007602056566	0.48126733340026
-0.106047062817564	0.0979562512889441
-0.458348279116809	0.500764496220172
-0.0491010767902889	0.0391051620658989
0.408132582109996	0.483882778293056
0.536858087056687	0.66462373026557
0.975866822597514	1.14779797028581
0.182518941489535	0.200541494751606
0.105034736036666	0.0913951213205438
0.0102769994558987	0.00889653431053887
0.457717891849596	0.362548892093045
0.484141486250534	0.579586889908411
0.0497128471573336	0.032982750548005
0.0317470616783457	0.0208945119772146
-0.505380883432986	0.478908926225517
-0.218369203795588	0.206845566047451
0.209533607681662	0.265732522810628
-0.0432029067003274	0.0468875421258575
-1.02301585312418	1.26416589686194
0.130027151485327	0.0935527877369412
-0.0225529106519267	0.0183877413138609
0.162570348777607	0.132545891531672
0.519030361362365	0.505629733063359
0.147638951769729	0.188154427676913
-0.249573043339779	0.227272264106863
0.767597441421949	0.953668219920948
-0.102729511809565	0.076289235755302
0.324425138839652	0.281961192569571
0.312153175111073	0.281838360157681
0.566908240767614	0.60644809962017
0.0631958933904423	0.0449484164599944
0.584174749877308	0.610231793759254
0.094351073970052	0.0747859543890424
-0.215671089541373	0.18942761263671
-0.755919463068895	0.6772263237613
-0.933681564838995	1.58239621556999
0.444297752164351	0.858679126703721
0.119386379374851	0.14501973984064
0.122179978172137	0.160545202659108
0.0128785082135456	0.0126881273819151
0.143730443939483	0.175302608971516
0.440710471217815	0.637502690948816
0.0117759386423435	0.0124814715726724
-0.177589217584485	0.233656485093822
-0.00960048906894846	0.00960089901715658
-0.221334569108553	0.267740562835921
0.274784279212469	0.371297070885445
0.097849141793587	0.106057463034166
-0.498465793420313	0.753487682426774
0.221111552981997	0.271688986564218
0.12658031419131	0.167252262227052
0.374155876659871	0.487183475889114
0.0748573686954247	0.0735668818812875
-0.0190496135650231	0.0186484419669723
-0.299632165518978	0.390632336606362
-0.438514674128546	0.59784301782161
0.730568948347463	1.16420293141191
0.227633977120475	0.254991946719349
0.378713368700841	0.49552334306833
-0.320271599810606	0.402548500849839
0.0731504193300849	0.0729089671685188
-0.645440931588491	0.864529915467362
0.28205163997853	0.341869282108331
-0.177117811066499	0.187672005388542
0.0956746644677139	0.101431164140394
-0.295744420231241	0.355816326770675
-1.12854928954538	1.93140054887727
-0.321892216787522	0.378781192508321
-0.648851971561423	0.788233328564349
0.480380031930503	0.576539391351898
0.189544074068316	0.234257744144947
0.135329731763076	0.148999394392475
0.957656411007682	1.67443500687196
-0.248013623729874	0.348790822797987
-0.620899000284462	0.891978071585126
0.09383258620394	0.100135570308366
0.109018459938373	0.097689459323976
-0.234061937466772	0.303074359399711
0.595969492604516	0.668720861748456
0.237043203785731	0.367408186330177
0.361163837693759	0.479493216952001
-0.656397185341909	0.764566204752343
-0.014146863057909	0.0101563762041514
-0.180086525244485	0.225800496480205
0.306741497396927	0.305451697074406
-0.503805918413107	0.760390262744738
-0.316132679934202	0.381967687833213
0.415425916024541	0.385690827340342
0.22444211559468	0.27804696202608
0.31961391157917	0.40644696554983
-0.739193296007084	1.36816435562113
-0.529107326099843	0.853932558472827
-0.195925063897811	0.213542958658018
-0.440590970149715	0.519655291336085
0.191577751140021	0.229924901873616
-0.0828615646011936	0.0919149110277802
0.291402243763854	0.407576782294866
0.161564611192443	0.15732984426102
0.0274416494837331	0.0257262907677611
-0.14330735354859	0.164388440876128
0.170981148546774	0.167532180590607
0.456354519165132	0.622171629840183
0.14060679861384	0.155134725246372
0.532831105868536	0.847864475554861
0.614367311940777	1.16448071694726
0.694127414928098	1.00088273194768
0.136949965955371	0.134968395383575
0.342153968423555	0.467078096327128
0.000619991956612731	0.000625843904893422
0.28693689777023	0.409320395031451
-0.66442765560158	1.27179892409956
-0.517900135887034	0.661780201803871
0.0182009724212012	0.0178736930214277
0.515909298760505	0.577589964143321
0.330662252308713	0.385822640837389
0.121498366464036	0.152399425904448
0.232212668976126	0.278311212930258
-1.00433759924832	1.30841107610907
-0.413353564757301	0.400130127222396
-1.14863975340447	1.91589120123668
-0.191437618688748	0.181215358658935
0.304309543645321	0.304224366879409
-0.713125389034227	0.983234713627542
0.824642717557984	0.894975566082396
0.548300993095218	0.958990506988887
0.492180344585806	0.733925490897136
-0.857899723630982	1.6333726431855
0.073554624237617	0.0834636430486721
0.2966472075811	0.405494997157007
-0.207322867104922	0.272113892126949
-0.0852411084071257	0.079002959856843
0.818078186472572	1.61244555583153
-0.26267703089403	0.36817998430702
0.101664174652223	0.113217479289886
0.243473575414586	0.288596996793451
0.449970054339964	0.656245070667016
-0.146414811002577	0.17355021431424
-0.698259214283481	1.09438598198443
0.513368434258838	0.879104024569883
-0.49505474706196	0.91998820977765
-0.167974455267992	0.194019479011518
0.158254235566691	0.194014079471461
-0.457803686837383	0.652941726145863
-0.236108378642954	0.315931561686812
-0.128544226141985	0.130013828347357
-0.116972634782439	0.127193807841587
0.227206901971212	0.254698925555051
-0.586803516362621	1.05384714114966
0.182933084131161	0.192366763652097
0.609574995967586	0.853998215807035
0.298384783109428	0.306591918518307
0.229849232806598	0.238021913805118
0.335365165654051	0.410856587921211
0.235434476600805	0.244674478190751
-0.550966368584239	0.704657867666397
-0.993117212007938	1.55595616336168
-1.50034238644109	3.0236031686506
0.448169112380743	0.487835089248256
0.290195506170672	0.313954340451865
0.294495109323919	0.300892870172773
0.277904784246964	0.343911225714696
-0.103059101497019	0.11301617868091
-0.0472024633420339	0.0503413685468734
-0.106372426640193	0.116076133332907
-0.417905084804082	0.598161618530039
0.237454242689836	0.230911427323491
-0.078448751570649	0.0729472523182262
-0.224904949487319	0.294088340607069
0.0359132975061451	0.0338776813643181
-0.398593399180078	0.545755379448529
0.391090133250764	0.389618883746709
-0.403145344738695	0.589737891265834
-0.390922780970974	0.530429931255714
0.299873761173039	0.406542385133511
0.142948157752712	0.165047702933659
-0.233387963046205	0.297130080909693
0.29851040495172	0.421491141870055
-0.588023141961829	0.742176998944247
0.091053996291616	0.0912293425191311
0.442152747078064	0.651164781735957
0.715691352946762	1.35516263939051
0.151362521734621	0.175473561519997
-0.203855012090514	0.280081380045938
0.096422511936659	0.0813791016805778
-0.0678491431720856	0.0596606393912501
-0.152395148659804	0.150956356154848
1.26726900930569	1.70371517955388
0.221431467906792	0.274531915512375
0.00924786425602029	0.00809712689225986
0.167519234316579	0.148330631945255
-0.573187523407708	0.543851165128069
-0.484731417911468	0.553353082310027
0.786073407291013	0.891144033194448
0.363357696758516	0.45590376422532
0.148570167256481	0.116796300354725
0.456248312619414	0.381318813400549
0.67015547997989	0.953135641280802
-0.133665374072451	0.110016988096469
-0.862543454812025	1.11760796465014
-0.31084343055011	0.374692964276605
-0.138411511828978	0.184454588328202
0.291177666035147	0.435011413646031
-0.525154357645846	0.593899036021703
0.458616998368672	0.566662738760303
0.328722357656177	0.396833757215365
-0.279664707095976	0.260364011471621
0.498677316504961	0.653245164431989
-0.107965414211515	0.142418063556545
-0.0462538493850034	0.0514142016313591
-0.0372391346839443	0.0330960279177961
0.0460252115199259	0.0377732768773448
-0.46628475549126	0.655871346578432
0.16263886913868	0.137445413130856
-0.266821201503701	0.291165158880503
0.226477711927388	0.254542930208499
0.0149535143320532	0.0130809801404451
0.224161176450401	0.238500816874661
0.441563258690866	0.481171972095753
-0.623637222184792	0.900888545192633
0.372783947932321	0.61827111791623
-0.137010514214804	0.187593412565202
0.573580222946676	1.2456283807637
0.0280051651917674	0.0285655124433638
0.372585208544163	0.571539604017545
-0.592246608382325	1.04791188049389
0.035848320246126	0.0312466473593645
0.0148277935580537	0.0155648055250796
0.494917122857944	0.740909470091239
0.348476450458996	0.469533242151672
0.219067394555376	0.30259048030836
0.599232005336514	0.928209156697199
0.175516592916904	0.213497983001131
-0.716728944437853	1.34281620816963
-0.223399689030507	0.337588181050024
-0.509961637769933	0.750745676307955
0.00586405258973134	0.00416288965308041
-0.0144967745216954	0.0130310635783019
0.171488488859303	0.177776270593008
0.144154299415252	0.162733877500284
0.502295598359161	0.822132737120989
0.394209713777301	0.627481985622803
-0.109613112300647	0.117962890182821
-0.366499103461241	0.452083111107478
0.153562768240426	0.175392395956311
-0.842367497390201	1.67081359455809
-0.914885172655198	1.70225838320133
-0.377139536859827	0.449868523559573
0.220024945182474	0.257161319529934
-0.187015343779093	0.195932630820018
-0.544088096269099	0.837370138195069
0.381722457673598	0.552929344209934
-0.165935008812147	0.1742057548014
-0.0578991267408906	0.0704477261057034
0.134109100469522	0.150643429224881
0.141991901098908	0.168437636217356
-0.213392428097291	0.205392667326895
-0.12382079768679	0.112085683545948
0.294439146514408	0.393838352552465
0.507924200977068	0.672851124338503
-0.437336479020464	0.456175680442558
0.323314660549919	0.497285696229234
0.495054155632822	0.50057634588925
0.308019413161035	0.396900020567803
0.154899940597133	0.121757219097061
0.18517837439277	0.180834449918165
0.633281577146085	0.899961846060536
-1.13760042423934	2.03790185374452
0.43592240876648	0.572989783438728
-0.00426580065855405	0.0034747663635497
0.0112166573960983	0.0121078994969833
0.108341892496229	0.11750119068636
-0.104251111658574	0.0878501500603628
0.484121330501809	0.498681912931459
0.626222059665592	0.890502200833958
-0.318015158700815	0.323789980590563
-0.613200631360469	0.798148780233107
0.128420394541509	0.175830815043998
-0.346836568802254	0.444140629900336
-0.340500107038637	0.404039025950748
-0.0300019522748982	0.0229322784117086
-0.0210565295008644	0.0185315821518607
0.239764031732556	0.234514183358755
0.172344798538998	0.168288167745808
-0.0541082032369195	0.0477905019814331
-0.100978572603788	0.0845602012761374
0.0202986458629381	0.0172321985867953
-0.319730128906466	0.309517055320751
-0.138841361195121	0.123377670086807
0.0543548191561954	0.0580840543344044
0.130001268805877	0.168840131073097
0.0296246649179764	0.0350949859584203
0.118743339013011	0.129031870493549
0.556771973372867	0.778769782050949
0.148934124339669	0.179815690190592
0.225999312962459	0.314459947306488
0.409426790547045	0.631156310676123
0.129312757938959	0.159986873641512
-0.049441069397466	0.0381636992834582
0.162821585176834	0.146596937260724
0.215642363598624	0.236872292519113
0.183680960677196	0.18454318059826
0.0545782137752679	0.0487138767427743
0.383382040705753	0.473501055157478
-0.713261893250185	1.28759275088731
-0.586257169616639	1.1302321914019
0.0960349096805237	0.0783488138425511
-0.495672424089642	0.570106666441688
-0.462126838840764	0.600339719218161
0.445102964334897	0.575237843964867
-0.22243875614804	0.237277102745794
-0.608477878786109	0.958686725618516
-0.451519543834522	0.642047651462804
0.130567821954187	0.132415880635799
-0.155215707447592	0.142615502713015
0.109664614242395	0.0991343519033886
0.444371269557657	0.582041281236154
-0.648181920856468	0.906880221020383
0.00898089329338439	0.0075778877103727
-0.481564150896032	0.549125053469526
0.333401204787712	0.404841020547221
-0.173221511155285	0.181538479156063
0.476363700634877	0.647376152178597
0.385035371003394	0.529807099905575
0.796488299516309	0.895064880452815
-0.000907986015527746	0.000715498871443255
0.858649021909049	1.28997420877853
0.203300678101983	0.261923484178961
0.37795240184271	0.371795519738032
0.10801255758316	0.0968956350912365
-0.315898247965857	0.281578782834722
-0.254801331734429	0.223555622687575
-0.829164227675778	0.967362095171922
0.392541242817759	0.397427073496153
-0.222953806732584	0.270664236217984
0.0953384835926009	0.0959499192286792
-0.664045067485805	0.553290068399949
-0.35017777533149	0.324621414752992
0.411809110477241	0.395242935596603
-0.0178478644258919	0.0125880146838874
-0.550896578607878	0.633441060647887
-0.0807063902134236	0.0884910919247565
-0.0488992537178926	0.0386382718084448
0.453725694766233	0.264791981322679
0.3343537719029	0.391937404016178
0.435672952475078	0.476303630304159
-0.313191415667826	0.266143328418023
0.515657106400391	0.591960703218213
-0.496365345239543	0.562724833625325
0.321684325325956	0.271355596345016
0.458702195625838	0.70846795143998
0.253994579277644	0.354316546627849
0.274611576191381	0.342627793001395
0.130802174027009	0.162312236939741
0.586996768298761	0.927076501404791
1.17949758845774	0.965554016728231
0.280297934282331	0.151317117033388
0.373506322143493	0.267910008631939
0.235624410786436	0.208268922206619
0.758354950804645	0.324178134181371
0.551320581876897	0.281439770567415
0.129493641187128	0.175690715085654
0.734582525196294	0.438337718361753
-0.153848352128186	0.063375650277379
0.0134386420761212	0.00827238959589059
-0.452804996280794	0.192720522274414
-0.171465962036305	0.149571540795926
-0.315663075834305	0.517473862844909
1.00826011966175	0.503239495375577
-0.0623348688890293	0.0317782214787958
-0.209333371638721	0.123663313894308
0.104363067421168	0.0471459026507152
-0.601309485151508	0.383829956254088
0.0223772948819286	0.0147917273892018
0.740292928338022	0.428900528590122
2.06920200082058	1.46925054251444
0.020325334397561	0.0133715788761306
-0.395916844554683	0.331714084497436
-1.32455261247883	1.67757940112179
-0.754600453290289	0.687634341436504
0.676368775725201	0.735857976523784
0.236463283141049	0.176412777290116
1.08424033431995	1.63270296631958
-0.186619979966814	0.104454705638612
0.790114872987105	0.81775630169866
0.0835866648579859	0.0844233751505242
0.430746704799279	0.390877579303647
-0.951653013550171	0.898625693320188
-0.0888364554580827	0.0598695502946508
0.00824420540256649	0.0052419179578477
-0.19770454409092	0.189056406212642
0.137682909203648	0.1392762847106
0.130354614223952	0.0930150733564188
0.44062035535826	0.38132817443503
-0.839268454008443	0.923117504629043
1.06260394518297	0.995157638128919
-0.456877934509864	0.31665286808477
0.110502654995891	0.134514402380788
0.938346706417599	0.740746423521849
0.118950643411859	0.0674177700475398
0.338900275548385	0.271208409038009
-1.66045230428272	1.26996156038975
0.54500402073197	0.404055167034668
-0.144300730686582	0.0904021032201312
0.341375815177969	0.274801842251862
-1.33294347174733	1.42581934307839
0.132452912165954	0.0917253194920724
-0.853000844869267	0.750617569650943
0.631578608930756	0.641925812520696
-0.428654481175524	0.49567739335321
0.339066277424528	0.27180933238159
-0.852898079654815	0.55722013640552
0.0754651086245692	0.0870498099015468
-0.0838132306839521	0.0914834887850195
0.510914441274086	0.399870400628865
-0.17906922222354	0.127833742255771
0.121662150161111	0.0809813534956025
-0.215762149266398	0.170005135055477
0.149660745385086	0.171878511230008
-0.29020426483827	0.442709210683174
0.794910081595144	0.670782750426009
0.739349005616168	0.417695117457693
0.14593531902181	0.114201247206013
0.00756668839241148	0.00448262320761393
-0.665564915506042	0.574661832715301
-0.487962297993996	0.870873699121073
1.01192837995265	1.12575701444288
1.01697794080169	1.29127399854704
0.343952257643629	0.274299655431237
-0.769034875503339	0.758232500384971
0.857370960165399	0.713317379842019
-0.407253684237158	0.452925012891432
0.408515466167053	0.496986251020821
-0.268139018116788	0.298543886166883
-0.647966776147827	0.88853077978497
-0.0804207829788712	0.0688193536130685
-0.804399870303029	1.23571233003076
0.561966097803418	0.986265168588392
-0.347291738481844	0.407465227263945
-0.606015604342135	0.826779492690981
-0.430971626257396	0.582376965482899
-0.612235492990808	0.997561121683889
-0.296273369344448	0.358296000424176
-0.325477771828347	0.455600514356274
-0.127839498918319	0.0964412997199507
-0.376420770417677	0.439603559827289
-0.484324460838742	0.810132486645103
0.416675044725351	0.568244415438328
-0.397084841593202	0.432942486125291
-0.0879631818028058	0.0814058244715417
-0.269622433417121	0.266077434764871
-0.470890411977571	0.59799265200031
0.0769837414904861	0.0725122771852537
0.334707094695291	0.397327448154135
0.339977812395987	0.394704282307976
-0.71746499327436	0.821602685951015
0.176110524025121	0.169172025032894
0.555680959712273	0.772287255663725
-0.0691094464419053	0.0774693783617719
-0.277133841662659	0.482136264183787
-0.196104269091025	0.263426582405984
-0.244297153903755	0.312123631822742
-0.201601796739758	0.239139836843708
-0.405048161551484	0.686998063727514
-0.00255914657525671	0.00277867844320817
-0.530703132397597	0.790722834116478
-0.121411601925991	0.161348004867688
-0.0642558531365053	0.0677896020072594
-0.00838877869848974	0.00914143633810652
0.0343134548964874	0.0403975993271961
0.0857830531007139	0.0995648869867952
0.0275863693892113	0.0281399166121757
0.0170744243127087	0.0163373459792327
-0.0905230766241154	0.100039860843286
0.548375762148149	0.917998624902156
-0.0383442499601147	0.040580450035658
-0.322373823625227	0.493669558864263
0.146662801517524	0.201301561404044
0.0623864459121289	0.0642054301331396
-0.0171130182912479	0.0151311885278512
0.393287862096965	0.62319203907222
-0.0356481127685615	0.0401867649927771
-0.247198732919059	0.30220554791564
0.386710153210109	0.480368743100807
0.711077394565674	1.2092291101894
0.0821665985502189	0.0860309915518691
-0.3022511117431	0.418836618814047
0.121325845159641	0.150588966492528
0.192171444162506	0.236486043622643
0.0428461831937497	0.0453118243070175
0.109665305482079	0.130073782522749
0.392480016455883	0.617584924397204
-0.135611745222455	0.162642170683192
0.0683369131673337	0.0918688139902498
-0.176881461663863	0.273837917121304
0.0114609843900321	0.0145656165126217
-0.0928281640661348	0.129466240631115
0.16211921757676	0.272317246740372
0.0884632065567917	0.127341803905837
-0.347706079034604	0.704248725919905
0.163288535668409	0.232660825827909
-0.27168767114256	0.467190956626776
-0.0615896908910628	0.0815192727973009
0.00339047193916643	0.0043584685083131
-0.493101974899108	0.715443644925224
-0.20048589900016	0.274369989484759
-0.056814276477034	0.0767847589089635
0.290663364186053	0.458316473173872
-0.116465933321198	0.146075115883475
-0.443891250476942	0.889482301472478
0.26619443273349	0.433782556420259
0.21676646862252	0.292373662627775
-0.133167986222736	0.166582157938092
-0.220834537300881	0.34928344775805
0.0154253097076142	0.0195028958865445
-0.301071754728859	0.499757297694229
0.188496700771895	0.266831789266047
-0.442441478565581	0.643455745614005
0.626914521909373	1.23496748134647
-0.474931763205887	0.88385698611165
0.0350946587428297	0.0429534343406491
0.201289119342598	0.286777042116631
0.042003038518305	0.0501651454015034
-0.146653770970282	0.160025935305943
-0.014687496828138	0.0156457041559697
-0.375240928223949	0.631391012657245
0.263515791648163	0.366345170272752
-0.0807116443500793	0.11454072769405
0.119829856930509	0.167682330240786
0.135720204668335	0.201967450043042
-0.218005363515011	0.37239408109992
-0.0641472937320377	0.0853715584858605
-0.379691540188842	0.674154913163284
0.111139011978315	0.158165191221994
0.161218406400796	0.220731135850929
-0.520626687226842	1.09787630214757
-0.0539583932563212	0.0618103679323591
-0.106266349020864	0.130548267414667
-0.118727005712547	0.165702080777854
0.187478119962878	0.278558979988997
0.0146264010102727	0.0166797576985352
-0.191382038062863	0.303736028168752
0.211537269228379	0.286327956910381
-0.32773586389745	0.51983506792281
-0.268907611694601	0.348283755015454
-0.310609434103201	0.521854639708307
-0.0952573474402904	0.141097058328639
0.266209111354708	0.401637646973489
0.302330898204827	0.397335056452211
0.361082277771271	0.464225208123689
0.282961735445452	0.430794447956563
-0.131799331587546	0.167073605835419
0.576317225815766	1.13711485699374
-0.392327492038262	0.713595899824362
0.107972178813438	0.145797007406446
0.246399656901426	0.368597130489715
-0.171672362671487	0.254330614531708
0.62376650142492	1.2619352943548
-0.174221056765129	0.200681254410447
0.338394270558137	0.569713239902039
-0.0749371036936513	0.0996040657026662
-0.418651002231433	0.798211432437619
-0.0426494007465753	0.0568898197287632
0.15885735101171	0.229281409797186
-0.118622050076899	0.17813030365519
0.290152016020557	0.5691952311203
0.489688440326506	1.06883829584833
0.0561224220942191	0.0766692018379212
-0.191318383662362	0.296682254714187
0.141759726458937	0.195123514749272
-0.165119876256494	0.232117479779351
-0.0149823055289841	0.0151542814226326
-0.293025794672151	0.404893804063562
-0.515748936744281	1.07555541303765
-0.111036630800935	0.154856619869639
0.290591278271806	0.483634809981064
-0.217961825519649	0.387970496379155
-0.134239568472927	0.189647264690613
-0.553096510936466	1.00881648236642
-0.33639517035424	0.521436220067612
-0.461697306450708	0.891474007086269
-0.181572122864547	0.284310915672361
-0.229450561706439	0.387592501438808
0.167382618257013	0.226347344777012
-0.191065026773466	0.221252487808645
-0.192552444063836	0.256407340581422
0.121285512592513	0.165877671241736
0.16201531382648	0.257739963891103
0.385057142498848	0.797886334275951
0.179196698913679	0.279685863130722
-0.219005782507931	0.354831043252659
-0.230933124216574	0.392203106796178
0.203670476195885	0.323517072875527
-0.081402437602593	0.10179676049003
0.439100415076027	0.918885460364656
-0.0689053529842745	0.0882116196929708
0.214673777380731	0.328865010038676
0.195455430438991	0.331100596156969
0.293459968528893	0.495945830157927
0.0690470336800713	0.0977377632632671
0.198039899173699	0.353659145538476
-0.290408565814316	0.528319541689088
0.0983372090312309	0.160415156809435
0.492766982308245	1.1657909331129
0.158008532348838	0.240895232995982
0.0453333623796364	0.0605041706026464
-0.0605149635065129	0.0781026352783209
0.00940369593063276	0.0101718508751774
0.21250405370076	0.287896276702679
-0.409637335601143	0.821760744899789
0.0765933201321633	0.110759139462159
0.0955010904837083	0.133684437603637
0.204082570244919	0.35585502911068
0.137752151102303	0.189586463892339
0.0232536914236548	0.0282737720140227
0.136269981845915	0.165093883588485
-0.00203798315198306	0.00246394679539041
0.177047497230337	0.294024376458336
0.256006390265896	0.448291914349034
0.673185872432767	1.42804548503011
0.729875291009996	1.24536029741981
0.240835172785258	0.391210767778059
0.125863703485595	0.176049780607408
-0.0907229883060899	0.11848149864152
0.333243863745385	0.695838536152973
0.115361528020762	0.161416329428968
-0.646198072409006	1.51846563577624
-0.0443612271244961	0.0550427873316129
0.022808503064797	0.0241925322158701
-0.528992829430621	0.999756020575796
0.124903153307605	0.182443086428195
-0.221465016682326	0.263233132129613
-0.259651739737892	0.397745878122488
0.188257068019694	0.260736826421843
-0.931562641337043	2.07142015046353
0.666125323491792	1.51468443993285
-0.0931534487292735	0.123952152954152
-0.0940113230062595	0.131160409815434
0.00940082982363792	0.0106945524937282
-0.23974354875174	0.450579006575647
0.298177234951361	0.507636390495582
-0.1839411208019	0.2849987620515
-0.190546891461126	0.302843199594681
-0.0160304360016681	0.0199359576461956
-0.0831359252854221	0.095823028125088
-0.261478170659765	0.371094038364874
-0.127297796261488	0.193234916248803
-0.105913690226592	0.13515724425093
0.0465055437539186	0.0571116945588232
-0.0107805007285235	0.0130209458134374
-0.479049672545425	0.866845893723329
0.155686584079353	0.196715794752138
-0.308356933833603	0.502187167680601
0.296583464698451	0.516957072325076
-0.0515583119966125	0.0660629283435552
-0.314034412854385	0.499086181775908
0.193722145937445	0.268099968670678
-0.285296641465539	0.36385862369228
0.389552347672976	0.646934120289381
-0.164393937526892	0.217576857544876
-0.0865682257627138	0.10698353672279
0.12914099426303	0.180505512160958
0.385685631966599	0.614589247136085
0.0836947156380645	0.117031742116781
0.479112144682075	0.881480114101985
-0.253501373891015	0.417557088926016
0.656124691021636	1.64399728974988
0.421347304193156	0.779208907630296
0.424406213006714	0.606974164679532
-0.192695910539749	0.293340561270927
-0.160614720640359	0.222929864413293
0.650527726577801	1.23515731685645
-0.0569228551305455	0.0732892569315302
0.696862225462331	1.77537804964025
0.35920429563273	0.676557198302975
0.0546118898065249	0.0741435104977353
-0.237481115930218	0.384309586134059
0.249427932283885	0.386915322303562
-0.118105377915714	0.164524383499298
-0.296982807967573	0.504603811829363
-0.525424050314403	1.07808004304977
0.131731216473862	0.183478241764579
-0.155006707785682	0.197057203012563
-0.144576028263937	0.20916123194297
-0.138274451018887	0.188595320453842
-0.506692023823661	0.893787708938002
0.00224286390400061	0.00280377250427883
-0.5018284447043	1.03942726590546
-0.386269924015646	0.607154325618766
-0.16721769797212	0.210332232582976
0.465624680132251	0.887471004143114
0.609797096108776	1.53282739866775
-0.0573788210993702	0.0654110464546802
-0.07367073400361	0.0823861152307347
-0.317272493482904	0.360419120270403
0.122071983712038	0.159029775301777
-0.0480839876013864	0.0569995730572847
0.159832992395753	0.225025873282936
-0.0244990654091379	0.0308412221405445
-0.0404069833849348	0.0491192520898826
-0.135779837065926	0.200561898765616
-0.166308269837744	0.221503373450338
-0.363043352068751	0.610755326564795
-0.469070435258165	0.892364095812332
0.066241681605995	0.083289680670057
-0.402056077973464	0.50402649689526
-0.33315482535189	0.478064694882854
0.482574427974448	0.928000733767512
-0.295389048591837	0.412077409584232
-0.445624516885043	0.828781904950399
0.182517073616447	0.278128178245921
0.182459425025332	0.262817016403909
0.0893857464756656	0.121050541797601
0.368392991460641	0.721394578069104
0.399456548052779	0.719905994932691
-0.286302171106255	0.48553809465369
-0.510462564924291	0.928212760820782
-0.137922194444269	0.181711767299408
0.546940157607686	0.999774098392311
-0.155188370758969	0.188062550843932
-0.124446260544849	0.162970571355754
-0.195064800656968	0.284264289249638
0.047849219587592	0.0607228991973686
-0.30832816154954	0.539807738719543
0.0503143594926611	0.057227852496246
0.297244895413012	0.416204359212945
0.701578534612138	1.26710387220391
-0.560071966360159	1.18823921618182
-0.148072372855144	0.215504774326961
0.0498787537656042	0.06341854600581
0.190658750970364	0.235455117280442
0.0324378435504228	0.0280745237994447
-0.0321015329287892	0.0369871856005126
-0.0880233762685656	0.0992399473470856
0.0834442437911274	0.109189460197221
-0.0837467520556432	0.115979214635842
-0.147065539948485	0.192806659635889
-0.284613603088108	0.469764067060905
0.15667168165446	0.210498198986104
0.00203242344002219	0.00215064886518355
0.230181696146752	0.359334324729064
0.283151876498912	0.441417659184557
-0.0985143577202997	0.104070709918814
0.581740973031513	0.361882834091999
-0.323476246171797	0.402376369396736
-0.313224366141047	0.466278970904573
-0.144373260448354	0.197261430998149
0.103935666477099	0.139456373149596
0.62174439589974	1.30178219475326
-0.584239563957147	1.21843883054451
-0.180835165557662	0.283316762458
-0.190933361462276	0.284594992964192
0.0790864967293173	0.104240843137955
-0.291139047601847	0.446356094531633
0.327962651841768	0.488371503208903
0.167640082634256	0.239286392131994
-0.389397723620039	0.733095121720212
-0.044470605381102	0.0438547817015216
-0.0319955827293501	0.0320340150757619
0.309733143655629	0.49098392002353
0.415650216856921	0.715058170199542
-0.436349107096067	0.867026513846844
-0.190482091171541	0.270483731142844
0.440622637875578	0.709474899556764
0.104349922954537	0.112612167916678
-0.277940951867498	0.376455231594551
0.437117961669086	0.785713013281135
0.214701106461464	0.359161067931691
0.103995105596404	0.129027204579782
-0.196803895965131	0.246936390733417
0.238116650369041	0.248829095871162
0.280367637659799	0.436355878578778
0.57089027016172	1.08697565008398
0.148768294169711	0.215012166802019
0.268751510957948	0.442717030523894
-0.187468844165308	0.235083015983815
-0.465142598365038	0.8611050244646
-0.0490767845145937	0.0592219248606418
-0.26226118345902	0.398379014058286
0.0213286861932535	0.0249726470158381
-0.022099180900018	0.0256751977666985
-0.208236320545076	0.240865139374861
-0.447939286295102	0.361644547401582
0.779387532130175	0.675280944297724
-0.251029787476481	0.309052660749428
0.250559883921702	0.301767064511355
-0.475529766594676	0.842571262972679
0.47397149513439	0.790476022983879
0.237817402676614	0.355846705215307
-0.177243228222768	0.244240419820326
-0.285118826329849	0.442855115878877
0.410963378765066	0.730984570331999
0.581988102468078	1.1662687993621
-0.000600977319119628	0.000665438544159244
0.5685116292449	1.21624761318298
-0.330922101538489	0.492914620871273
-0.213331775460868	0.337813209281088
-0.0246303757982364	0.026200349175561
0.318655657539795	0.487845346279506
-0.757745496548173	1.70547824604337
-0.186967707480023	0.243045470690509
0.232920582744902	0.329329516355435
-0.285514294296846	0.478414491196272
0.029499752664606	0.0302538192756459
0.241577600246188	0.329198583911675
-0.126805915987845	0.151323879079333
-0.27681081392256	0.447695112213722
-0.546266516057598	1.24247635799093
-0.0549425336562359	0.0629243157698776
-0.427323968921373	0.627215616226091
-0.104675196401426	0.103721045910021
0.461181695107572	0.801171567852471
0.541350189729386	1.05108073066674
0.28996437444015	0.412508498003208
0.163676536704781	0.227365099096444
-0.254426604027872	0.376371430457366
-0.493545068365461	0.92739658851622
-0.199529477094038	0.284898161123464
0.19475045836739	0.265891153673001
0.171528730991548	0.247607485612534
-0.168717730339297	0.216112931024791
0.179402299107205	0.182779792729193
0.481847479051063	0.644531494653872
-0.473129089802935	0.702287564323502
-0.131183970275842	0.142833739600336
-0.0583240836481835	0.0589802068435616
-0.109279673065581	0.0835442209677249
-0.213736680835726	0.268044685718973
-0.150342318687681	0.178276220509892
-0.0472612381939057	0.0569014681063355
0.175496202661511	0.231859443194773
-0.0559434702974023	0.0761197578328944
-0.0365523446164206	0.0492658686407012
-0.464700044809923	0.945618075813249
-0.118867409286837	0.171947163979042
-0.29101094155278	0.494947047400546
0.996864537197417	2.59482678921329
-0.377287692924127	0.745299447948349
0.388201593927567	0.706329331791958
-0.117837924237331	0.147976515059191
0.040178129494131	0.0452959992450128
-0.117289203584071	0.131488617667174
-0.289493200175106	0.481344282123241
-0.327597717038134	0.577030889290628
0.163058299882488	0.228031521067153
-0.695091009722559	1.84321814487899
-0.667296836216275	1.38951549519644
-0.0597070637152996	0.0702413967454804
-0.0283598507192406	0.0304934463003083
0.387387791511986	0.642813092509413
-0.0210566245830478	0.0275892616998465
-0.361724721297808	0.653628451957299
0.00759350620873267	0.00839159719425296
-0.0141663700774962	0.0141122847072026
-0.221041121462748	0.330876105613004
0.0711868080410205	0.0886407440332092
0.105658843707478	0.137499880895883
0.714144713949375	1.37184384068706
-0.712819890362364	1.64886788614
-0.199167912640892	0.324451204921173
-0.200053404501748	0.282499037172606
-0.165948428989195	0.239631831503769
0.135254739084269	0.181176768693598
0.0517759736636387	0.0644397075212995
0.24924205452203	0.374424661939716
0.300620834731818	0.323601108244937
0.234029259672298	0.271103585320703
-0.149042253192769	0.169528075311359
-0.133097361881931	0.171712322389534
-0.618903808811961	0.904813965798902
-0.156500262048383	0.0649394601145205
-0.206430400834929	0.145276713518457
-0.383466072900533	0.549975004815205
0.542349386391913	1.18032698602701
-0.294133208990013	0.471958479311894
-0.342820314303248	0.528260918070458
-0.284934760981035	0.492833014976732
-0.0793622799667007	0.111080656632262
-0.303103498651893	0.537818347330779
0.000685201803640136	0.000818465080486736
-0.163549838305588	0.2410700050956
-0.328640739995288	0.507917665971792
-0.0350984921761863	0.0457472245780977
-0.0597431142220688	0.0723379737154773
0.767905152289386	1.82264291731089
-0.0174617190462322	0.018496240775324
-0.525629764575319	0.878922233353483
-0.124971802212007	0.169775955889415
-0.459552945634412	0.883292782048491
0.0543869622021657	0.0554117475740466
-0.249613472609924	0.443287824002277
-0.131088162618264	0.174580783904541
0.383011386148449	0.572227223312119
0.0803230731825805	0.106351019020404
-0.336366387038633	0.558695609243148
-0.224186264568163	0.342097847388121
-0.329086792922192	0.537399824646391
0.155600622401821	0.188954946814094
0.269576909332584	0.355179676400784
0.357559687610432	0.501809446059455
-0.0639261449099203	0.0697642743846033
-0.248770492142829	0.374004284272738
0.565854152028717	1.2647126129937
0.283957790938224	0.456994876846231
0.201558199018076	0.298534063436775
0.000646021643652162	0.0007016536704385
0.361524982295883	0.667960513122973
0.0272251699945112	0.0326599564006545
0.468262008801544	0.467772868193144
0.182654103397093	0.19573696719118
-0.25959508567361	0.302681076881363
-0.0168215011999796	0.0161946755107583
1.14572766361729	2.71750378840579
0.166573802132752	0.144121493059049
-0.360622247637385	0.166329338550542
-0.608781942615907	0.39823717144782
-0.980038501694512	1.04628990824863
-0.45123571382426	0.685357382645154
-0.605466315744902	1.22375128811026
-0.467491868808287	0.972674979002022
-0.302676269405911	0.443096157729149
-1.00939068932299	2.70746074124705
-0.0309856469986464	0.0379592098219445
-0.43914649703754	0.870776555875582
0.0713213698009183	0.0872992179790165
0.320566758686373	0.588430002521817
-0.0729141000773413	0.0867264540973739
0.265404364478531	0.374566992965467
-0.471607871501908	0.814418722758376
0.125043064906664	0.165460873457577
0.0538849454266262	0.0619802664376452
0.530332017550059	0.925260220760938
0.119294390539251	0.138200426386456
0.0305364577730825	0.0319111854620025
-0.519048782669404	0.975278843814687
0.126537615848318	0.164603964681762
0.0259076562111693	0.026875369719583
-0.0906637312675772	0.106821284267675
-0.564696793290824	0.912783835949547
-0.153876357651695	0.203464577229533
-0.141636899601474	0.188277648175135
0.338680362786882	0.510464668585638
-0.149230502571565	0.192449587613751
-0.0581365057043279	0.0553513583302803
-0.442725080908486	0.719491062724272
-0.0501170976622591	0.05985244957757
-0.0964163778011906	0.128788259862951
-0.0240721042750211	0.025860943756624
0.126199680172962	0.14903350192252
0.177516113913414	0.232637906379162
0.468643516651842	0.837845704779175
-0.101032541024872	0.110566929591316
0.440181881001472	0.732835063257212
0.31375686145232	0.428971570988729
-0.408784690882175	0.47931706391246
-0.308064735933184	0.418876002970546
0.276764720277871	0.352250358929109
-0.243920256477292	0.349971593923323
-0.065760476245749	0.0672033160683314
-0.0947296124718163	0.0761696175354
1.41386367877426	0.473155121604025
-0.657392185827201	0.165268089701776
0.102457133923715	0.0304597904879839
-1.17593414403549	0.3709145036914
2.74407958453784	0.82767920769534
0.388102100018128	0.158234870560768
0.621255761839474	0.19539411213957
0.918275442591791	0.247308948421495
-0.364264703102148	0.618608016449113
-0.370105194991549	0.484510534581582
-0.00938776109819483	0.00931424315321888
-0.2351082584948	0.355688642276796
0.0479005815338893	0.0478690010936198
-0.136944387841168	0.155163515798382
0.594775329091869	1.01439689343756
0.223978021361143	0.333779826282969
0.399170597410575	0.638174283311311
-0.194217262769795	0.237955242281417
-0.288135965575912	0.388895669610356
-0.0920920732019276	0.100241329993097
0.0190702052524542	0.0210163267942978
-0.337130338862284	0.449023090564331
-0.461362774428606	0.715067361009434
0.0660141743075178	0.0702848439693353
-0.38533236989782	0.616773860474016
0.0185595165102672	0.0174669220258475
-0.227464570093442	0.230556365748322
0.00179977488121521	0.0018987382416546
-0.138692663102204	0.172371056925081
-0.0932325168515814	0.0951139240692723
-0.214073612541309	0.23423566385844
0.941582265935782	1.65817073668021
0.543365548200344	0.996318882255697
-0.241034128310655	0.255117204648331
0.122242681870968	0.147040163698492
0.223639943885885	0.280132528924562
-0.504358881753602	0.783351765725681
-0.067007907850729	0.0751399105045641
-0.521734092088901	0.877650719232959
0.27122950183733	0.37661621283926
0.070441677791164	0.0732993654486586
0.00139103031821156	0.00120452974838847
0.181784231135306	0.191524962805259
0.0914593917941426	0.0742423169796424
0.294559622438708	0.325842862947875
0.218887010195514	0.295520338633235
0.224850539631462	0.298444912956346
-0.146986680621355	0.185160581787138
-0.157293443301483	0.189039136186605
0.0116137773393647	0.0103637197118296
0.100643924527648	0.0541314170819064
0.761391261254977	0.321094987246915
0.467203797027238	0.167465311350541
1.90344439379307	1.16494693090231
-0.780245506188676	0.277934862087594
0.0885600823677317	0.029660827823086
0.623672687720165	0.193374580198933
0.629977543331343	0.295071200113915
-2.34029733087391	1.24572126915907
-0.779440710635908	0.271138879366855
0.706266726809678	0.851117392962174
0.59028234208781	0.52268722271277
-0.0952983712496133	0.0893808998891262
0.00154072881003414	0.00129026522597215
-0.305624518898045	0.34546841110167
0.175368951699598	0.161699706600899
-0.116122420786439	0.117630939782931
0.0813179791069284	0.0817121012427236
-0.181206646472402	0.188716056741294
-0.0776082244715166	0.0718942456556956
0.391239397980002	0.629968854632566
0.129245862588026	0.140081627224281
-0.540805249350352	0.677156472027194
-0.266837296348328	0.290742032953144
-0.216874084520278	0.209309458820552
-0.0450180311809638	0.0391140532292598
0.0803966856798712	0.0896366625900847
0.182417716277621	0.205231163608511
-0.238968543884298	0.257081695566772
0.302882323297698	0.318925714974851
-0.143362573016228	0.15243919855379
-0.146427907395459	0.152685627803918
-0.0103411216399477	0.0083389600480237
-0.0541686305936851	0.0590662373491034
0.278643165444976	0.342759689110394
0.215555447632074	0.237787765118896
-0.189227891629384	0.193752523122813
-0.0442578478286907	0.0470102519032892
-0.0749176908193785	0.0648543962687992
0.211820924810423	0.235250753050226
-0.610992055235969	0.949114545968519
-0.315573087324519	0.312739187693109
-0.130480168217409	0.131864493383672
0.758278749807824	1.04473347103455
0.172542319504141	0.171981866145653
0.233204274517572	0.277178360139315
0.454964813567891	0.575280942978257
-0.0431629555469779	0.0420065344454742
-0.238333573883087	0.345050060380065
-0.391810998439018	0.556894535165075
-0.719662451883639	1.02980763249625
-0.304072361235939	0.442180104700447
-0.106775373840764	0.118530502263915
-0.19038421481544	0.231401859208596
0.364824642420529	0.267092914825933
0.0886849117590579	0.0318927726045909
-0.112825972907953	0.0514543730457524
-0.449438468821979	0.195919862703638
-0.205331189301212	0.0782414697189114
-0.0885302878111291	0.0431152469668188
0.303232333513846	0.148950294399319
-1.06279183622516	0.972075401294638
-0.0697222071695833	0.0478981999502754
0.23617847133282	0.236956418429614
0.236951869993682	0.231625066535798
-0.210490143351656	0.12353118573374
0.458631492325445	0.388128688259215
0.0753641522456485	0.0583934673237565
0.0139391551126661	0.00877628462487745
0.960725889199202	0.862272647173257
0.0618046614006971	0.0449087746139645
0.044006538758054	0.03619939531761
0.93401882719659	0.953454861115302
-0.832642825554316	0.912522253926708
0.250682246132603	0.383278777473007
-0.486144862605557	0.865570485111452
-0.0469306217333323	0.0259592970005783
0.593799664604021	0.408651534043389
0.250823421783983	0.151610367674729
0.231512754824795	0.158844442553498
0.304875402007966	0.401560124175259
-0.4592461842547	0.803519680707082
0.488325009534405	0.270072679727193
-0.342752449443429	0.219975050925174
-0.238387490773093	0.192720786067613
-0.641384207184614	0.681578534896099
0.0253360149758399	0.0161696699596898
0.47854861947361	0.951599425897303
-0.387460437735894	0.337362236855416
-0.0641618425044992	0.033866726051224
0.347584918366713	0.263152635552343
-0.0769815660769527	0.0500945647171472
-0.441657715889906	0.366195640140433
0.036828807261786	0.023429069754754
0.394699187617837	0.26996637897481
-0.561314478360337	0.434387341891551
-0.138599959130666	0.100271915910707
0.233628391314046	0.186192452243715
-0.0384558038677023	0.0208521055004139
0.132891718255819	0.0963267963023647
0.281388673756604	0.312003363270144
-0.0740764434963947	0.0498372372114442
-0.0221975316501181	0.0201738178972303
-0.43812245194436	0.359134573984059
-0.635316169874455	0.685388366156994
0.22019328010235	0.308024851128421
-0.339983156776599	0.522472962930209
-0.210987332374804	0.231228473755225
0.158254901914159	0.172657135942505
0.146725675870786	0.16713255907139
0.0463483554060627	0.0425362730421487
0.44096807299028	0.478964032000286
0.17833689794368	0.174890955771809
-0.281842490059162	0.383190291671942
-0.118776899046352	0.130527501174179
-0.910587109366298	1.43798736039611
-0.873541530657421	1.71410910919107
-0.857422560116712	1.85976037383733
-0.107835117640658	0.135253387059729
0.19099619966236	0.29488703624609
-0.22478199061876	0.301959708404235
0.217489464783963	0.291857476902325
-0.640953136852079	1.0534976845732
0.320091594239465	0.285009584441271
-0.927390362492548	1.48125383087066
-0.130516209653609	0.0969906855775259
-0.176474601022137	0.170304263333213
-0.395478812897009	0.466337152923841
0.0323308233094138	0.0297773193244126
-0.26363249457552	0.283169016381109
-0.260125198427597	0.31883726290962
0.0923810523640509	0.0759743333429719
-0.451929891224981	0.483192692978823
0.0353217459355442	0.038362231471359
-0.411002454305122	0.647395798237977
-0.265172057663208	0.282542831783618
-0.319609545982203	0.341052093624232
-0.0254919059817092	0.020231029828802
0.105939740092884	0.0908388210893541
-0.315329907043577	0.46300396013262
-0.486280776409372	0.77757938802843
-0.384849239809763	0.378406622330095
0.298337150936502	0.326390522844115
0.0126695184300599	0.0095698968609027
-0.247909248111536	0.262815646669607
-0.148094364423161	0.118542691102134
-0.0949483840846762	0.109472961646485
-0.479176398916954	0.659886414917725
0.90027238636547	1.41840281848814
-0.423365877264585	0.457788970578435
0.137198230813815	0.15105397596746
-0.00053828926501932	0.000523239984517194
0.0269655720011285	0.0247294844912151
-0.041542352367886	0.0360907532384726
-0.322894384409381	0.29420902580732
-0.062250737750822	0.0598195929843385
-0.378196525216581	0.369302102612351
0.317887584760016	0.283319893804738
0.394043587298695	0.623068893756896
0.418518241100088	0.569032495654391
0.587461876989926	0.845333770996351
0.594935256464051	0.775326632519229
0.0454840945836558	0.0488790753738063
-0.159235178647616	0.180380371051307
0.178649060764256	0.193624014145402
-0.136362184708157	0.147346187828515
0.173003261127417	0.17944634881484
0.100391418839331	0.109135756914843
0.18715375428446	0.229037295091431
0.123582122027118	0.0794675801472639
0.0910997847332819	0.0420473167073283
-0.852845156967919	0.75976032876264
1.03163510523465	0.6345583266362
0.724315710753139	0.531130501745256
-1.39819834606768	1.07886096326879
-0.526162103614605	0.353923124974031
0.234559066781501	0.144287481671689
-0.302439463369417	0.224205615374146
-0.692868596949101	0.700305996393593
-0.343039340387197	0.313925906177138
-0.0806395248662218	0.0704225805664602
-0.665364888982924	0.873157817077689
0.445964963957382	0.5836103460894
-0.130330674356135	0.125072398921501
0.238454485563069	0.237512046357622
-0.164424664930897	0.196891550473431
0.105316074579658	0.125107104361721
-0.409130270282809	0.613499772129786
-0.873493765683122	2.12599252353904
-0.839077078672493	1.63133523389002
-0.406680323923433	0.534062344807259
-0.606553611583704	1.01866585497305
-0.189354775012229	0.223634862010379
0.124748007420878	0.124019012753702
0.191449602967048	0.235337262699239
0.42642552122979	0.596705619047726
-0.102332620391116	0.113050461776386
-0.619472805766246	1.24103840883973
-0.0385302884221782	0.0378023409762093
0.141007114278444	0.156074805928334
-0.638078945486126	1.03470056670516
-0.230819703426632	0.297537197836991
-0.165937816699843	0.171505705952936
0.268561269131222	0.355032968678391
-0.360933298331458	0.52009991948828
0.174164899229282	0.208562244254277
0.0750864123143425	0.0717109016023502
-0.55578106225709	0.971657013710922
-0.288747232173379	0.375549671527016
0.303158913992931	0.41386256603897
-0.268246907835284	0.373524990739225
0.0836017857577159	0.0956907875529421
0.351467032123693	0.485017008338737
0.217454846585738	0.254379811846943
-0.0470023785070251	0.045879972461397
-0.459497756892286	0.589585730534755
0.319974903995332	0.508982800039836
0.423364487170167	0.639059759202834
0.387535307989192	0.387548664547622
0.245443301059546	0.232619275430272
0.5826102199845	0.496322829601809
0.164802398160122	0.130543309244857
-0.0664971847467851	0.0720846186371459
-0.288645157160417	0.413035575917383
0.170232055404014	0.190737689496501
-0.175524803633261	0.199423719122197
0.898218502270654	0.57325933829142
0.0918177543221177	0.0390226957378552
0.0932751221941915	0.033977175153888
-1.79771985651342	0.446675792418859
0.769809493408249	0.303738933843965
-0.156577902007377	0.0648595186504267
-0.783028614615325	0.275575912013017
0.136920705038257	0.0276544244584546
-0.302404785230918	0.152792490130831
-0.106313128654606	0.0807655541409248
0.101649572542974	0.0309006320571505
-0.25165734331843	0.136198068619081
0.507025015004639	0.390701878979791
-0.498247661875028	0.393845885625815
0.0308797184607338	0.0268154397498089
-0.130973450079715	0.139341991740336
0.177192323718226	0.184514121645634
-0.797814476774589	1.51059976876209
-0.0326904779561578	0.0320291869856693
-0.0287124057366681	0.0285120591009733
-0.377081543471985	0.615211545670187
0.254029287558191	0.35539178039105
-0.327300658980201	0.439569499314753
-0.0450736640448308	0.048497472365733
0.0150994457216166	0.0161495901725792
-0.240262803968703	0.279093338431646
-0.147682698839205	0.145043011840861
-0.343123044576689	0.434934894305627
-0.353854154040249	0.465959001198984
-0.439805875954978	0.739979418000659
-0.220329641968155	0.29817028010769
-0.328205056698168	0.371452221645695
0.125356092308027	0.130428290012745
-0.162061686845547	0.187940276410419
0.223146790622787	0.276999618560812
-0.0336860868361122	0.0302385634585567
0.0697205384229122	0.0849827235978618
-0.257506250258674	0.317577087271235
-0.298188478836788	0.378879055924889
0.19614745566292	0.242383266530654
-0.739134653686833	1.28557262266519
-0.224078105255054	0.265442118878886
-0.0559523281904527	0.0594404616180331
0.278218701311879	0.336457569849387
0.123499459130631	0.115016257629517
-0.202693526565705	0.221267068711394
0.063211297924379	0.0664293903832421
-0.255469075152075	0.289931321093394
0.07988872439395	0.0880536957068982
-0.333916543218005	0.456347984419838
0.125365781725792	0.164326734106816
0.00373119103414185	0.00322136373502106
0.231826728663074	0.25160732458556
1.20048419257564	2.25889310525245
0.625760383304222	0.625406633869362
-0.104764944260277	0.102841104667994
0.0377783007361619	0.033900485470545
0.514254009250684	0.862619397815256
0.198132618889941	0.243173507302284
-0.73997817592332	1.30480508590138
0.43692861181889	0.363761127733397
-0.204529925729879	0.0731146811626305
-1.54464851938918	0.80958907518411
-1.08742811582886	0.451484255457576
0.125627183001861	0.0310455014134657
0.0877841436248937	0.0397522936846869
-0.11359904369822	0.0518900452345428
-1.01162022827639	0.564727978031163
0.738931604014358	0.434096005296691
-0.704726706512965	0.390138271425071
-0.585063489894678	0.477544548934501
0.175567634007106	0.170152223618471
-0.567007075739848	0.679414033375698
-1.10556845108493	1.37665535531242
-1.33155967113466	1.36629060360176
-0.114174585510349	0.0758321546361186
-0.927785856537438	0.955368143933699
-0.210230301538407	0.148665755882563
0.0475009092867472	0.0373229286767083
-0.198195647451659	0.192017031175015
-0.570530872766751	0.664505733142623
-0.52898688886387	0.638221192520482
-0.221366875102202	0.270233258888765
-0.700341796864508	0.866579300003833
0.327481143024002	0.267534715316115
-0.0682503870483351	0.0900336075358897
-0.204395606574689	0.305496798663763
-0.458781585613583	0.507685707080346
-0.477615813210602	0.576327222808875
-0.163549232750282	0.230812104272281
0.234838156454095	0.196531784942712
-0.0517151734125875	0.0459693939900377
0.465378603477744	0.472046724839261
0.409376174613285	0.401489017458019
-0.422851158420909	0.462527518545065
-0.392855253317378	0.695368191597973
-0.910140951773428	1.33489897606452
0.38753734519778	0.478141050783108
0.325585524431259	0.389976827630055
0.0261758158530814	0.0227556900714319
-0.431717785866587	0.509659598389385
-0.243724616443917	0.244125514012091
-0.0444580443242122	0.0355982248820157
-0.76383130846611	1.04644079365372
0.170257257852168	0.151572067973078
-0.401670748845905	0.449290637857683
-0.124841447493249	0.105461474586146
0.0784377968253888	0.0760686220457126
-0.0853718460638823	0.11944179389604
0.361593330912069	0.587477641658726
0.359019284421354	0.407872123318744
-0.307899334632844	0.402075664363037
-0.0630404203714202	0.0651312973078381
-0.100214468926744	0.0926061937977378
0.0528068074046943	0.0676640432054772
-0.0925136331513718	0.102357279791923
-1.0411418441402	1.62790383746876
0.471794475030132	0.489559359682946
1.25602966870308	1.80458149620797
0.0996269193225988	0.08489869979404
-0.181462701389422	0.143594469126793
0.964929026105846	1.52174828955106
-0.218938798404376	0.164473776789789
-0.338919809823955	0.354036422115585
-0.200909361443629	0.173386626926734
-0.0724953050055278	0.0523023799808373
-0.470574986861343	0.550269000387085
-0.183122825835722	0.165584809147333
-0.0414267867668846	0.04244845510215
-0.109863390876273	0.109551832574579
0.289648650391231	0.32962159929444
-0.0887800482861433	0.0824081663944632
-0.0808278779438164	0.0821101820314024
-0.132179794997379	0.141893757519189
-0.957153347782189	1.74936731580514
0.0347554209412286	0.0281534907937278
-0.404567108998824	0.449112452452204
-0.0258913329492854	0.0208110591393341
-0.259421836237862	0.277660563895231
0.108455217512901	0.0884431042790864
-0.0995823705029939	0.0831077800824784
0.0808314676689263	0.0933118477001918
-0.296476737104141	0.458625151303503
-0.137877751739825	0.167668659647875
-0.178560769721941	0.13055450025098
-0.961311373074497	1.16187183448241
0.670837592918741	0.781921467314639
0.0341124931452386	0.0308621331187167
-0.214217545334811	0.186652022532373
0.370402818566436	0.551153322581096
0.584222717700587	0.695924802376241
0.238991466812887	0.256582017583846
1.01811640444416	1.65485495343101
-0.181973762942267	0.190772412698719
0.310456537851577	0.30540154569283
0.459026861584172	0.495559009422852
0.242553826356183	0.275590442157393
0.173753483584015	0.165754934305014
-0.326691236892015	0.35183580743211
-0.503706653089258	0.5590875081354
0.0559142093633941	0.0486025574303352
0.494862278562105	0.553903112430389
-0.288501574340386	0.443320674351429
-0.275321410884983	0.375995814150973
0.183039305137049	0.244458711749148
-0.0689415956832205	0.0718228884409104
-0.0703380931015716	0.0672563920180907
-0.0531342794715638	0.0454652198029313
-0.889615087876142	0.949443014791537
-0.321429157363732	0.297002879334004
1.11244728573973	1.40107748443924
-0.0715924015521598	0.0492797297953711
0.553862796420667	0.462565987974955
-0.856156814208579	0.659004914405567
-0.755792077715324	0.765490336624464
-0.0238537054436656	0.016957470666188
-0.855540920074493	0.739373943948096
-0.477929566103365	0.40755245066998
-0.735570293329046	1.25551111723503
0.0398641977010325	0.0306142700275741
0.513078414993974	0.661492948570372
-0.198468537010084	0.189675957228726
-0.946443624251209	1.82521693469393
0.15350323419412	0.164167500944026
-0.279301028542065	0.339314127554195
-0.502108941514519	0.769381657406208
0.22774517506973	0.233296972522799
-0.0461526078742177	0.0355869449840818
-0.0473002718864247	0.0259135711262666
0.130394395235255	0.0922682599681326
-0.199738697663673	0.161208828821741
0.749966791771791	0.992377324091089
0.956058248224784	1.44853953510157
-0.135240375915397	0.169408761037994
-0.00386084843820413	0.00272331777454727
0.587833000468333	0.62583201268251
-0.949078094943581	1.20330704783809
-0.052094937674443	0.0414016970928829
0.459101363726064	0.487923315471741
0.024939068450239	0.0195019944229427
-0.386564010834116	0.354261833059809
0.543507243146271	0.50151005419944
0.485826880302649	0.395112629853101
-0.00361148448195409	0.00219003422375133
-0.110823466169067	0.0830156509710133
0.633948588210284	0.738976002442301
0.107231351358894	0.144738197549225
0.369165256108451	0.531685079565166
0.158720500533578	0.211590880155914
-0.116409882088008	0.0990436677824389
-0.349807530154508	0.364961662091916
0.229963298141353	0.169167022361036
-0.428390714752557	0.473754876719335
-1.11984773239778	1.21327481920999
0.226234381164566	0.177521345452395
-0.243550238927894	0.220713126705467
-0.0252314452123468	0.0202480278077141
0.739238166281187	1.03637634860108
-0.0968210904459831	0.0897036743734403
0.0719637727701491	0.0665504432362171
0.105586318621	0.0976361723699752
0.221837987495451	0.258985210588792
0.0350407608646186	0.0316439289463011
-0.362146802726464	0.476524328599851
-0.169241115708767	0.185229236990438
0.0650547115227112	0.0689145893388839
-0.162766343214715	0.185854889401713
0.1674916568711	0.145225560444456
0.159782742055146	0.130190183541721
0.00981679756979902	0.0060364914471846
-0.00550376295292788	0.0050521045599239
-0.0605040421236277	0.0512050639727113
0.671710934577263	1.10854110458869
0.700909044238921	1.00798920605815
0.526894456234992	0.82261052505453
0.318758673299565	0.384996626949788
-0.305649414756922	0.329110813863751
-0.343271967139457	0.437587579181849
0.678097328610635	0.909372093265916
0.927516556388745	1.55687843008186
-0.29989046630798	0.376459766987042
0.186658673302054	0.186781162795696
0.432745206109901	0.490514954707318
-0.424094491732368	0.547667563848881
0.471549515322761	0.569416981961054
-0.444242127320678	0.50886793539033
-0.250820398420771	0.288841885984672
0.817848972720452	1.27664420669141
0.100075014745776	0.110539262536881
0.17736657025463	0.167648001878869
0.603431463375581	0.615894559882276
0.89901731364531	1.54105715391886
-0.427661143454703	0.568290979848012
-0.754610479546451	0.882170190239168
-1.12576353746151	1.94591004789062
-0.275682969687212	0.293654543190383
-0.312459580114386	0.226999429863932
-0.60845273189429	0.396423738867473
0.721844186678567	0.216805925810558
-0.359679041413749	0.172186206789872
-0.286210234248082	0.194507084509957
-1.00346550321576	0.614873236617284
0.101180329873957	0.0517175866761136
0.443041119388408	0.268312609283998
0.298897547462893	0.290043919126535
0.299715446370624	0.320972862599724
-0.209628415956591	0.124410037167957
-0.118131672431214	0.0766000725011317
-1.61608849787149	2.19022641334321
-0.187838896867892	0.149342191377471
0.165735855903785	0.138539069565253
-0.0994845218735506	0.0988672743681055
0.0623054568796358	0.053209904388062
0.301231071814194	0.288781412358935
0.667570443047162	1.01002317603116
0.0545122702126381	0.0560177265413844
-0.0596161974653625	0.062282963071175
0.0787386319337811	0.0779317352022353
0.332557948037788	0.404631496942844
0.242292685182789	0.262761529250301
-0.395433927061854	0.629222917139368
1.25084819613777	3.15058446246852
-0.375038523966352	0.468137270395492
-0.419559019085684	0.522301231891752
-0.0981297092209344	0.0824226352943267
-0.472006044634282	0.620119071794317
0.307248487381521	0.319786122979232
0.472660382264695	0.64591613636364
0.624791218556774	0.874531715678468
0.728629287423962	1.07706168591516
0.0611781027943013	0.0532868833321527
-0.11093152636838	0.112783816721778
-0.674283777365424	1.02728388326278
-0.288189400608901	0.391600301530221
-0.144226421347325	0.187107479205604
0.821346718679629	1.4576162624815
0.551672204205732	0.820858468343645
-0.451754550176091	0.632304672182428
0.141745891462593	0.178770446734691
-0.0430288710368205	0.0385973059476088
-0.235226886600401	0.259872838794931
-0.310239859430884	0.303062626618584
-0.563744362816356	0.895581755579975
-0.601923956119451	0.673667934112018
-0.329768853774471	0.392546967485778
-0.406560153972926	0.508105524514435
-0.85659526735004	1.69421829757917
-0.398342960009182	0.289690888459131
0.280806177207001	0.152872924530413
-0.02287399820005	0.0132687853627717
2.0796431093244	1.95354227016428
-0.0689253306118995	0.03578830247727
0.520372501741212	0.385078172815363
-0.290266129766267	0.189438249069438
-0.152825909025011	0.149455329366618
0.335358527828324	0.381275956746366
0.475719572292254	0.508362431066257
0.515647226607361	0.393185868177897
-0.629114419561537	0.640440430183716
-0.0879457729663214	0.0757859171065852
-0.0854806901941256	0.0736152379300939
0.114859704951313	0.105544473736333
-0.231223579398202	0.312551724498852
-0.485369199152015	0.595818862549186
-0.31832913663614	0.402195025151925
-0.0157212852309881	0.0125174212420157
0.0463276913104009	0.0433792700007278
-0.25470524799226	0.261596691837361
0.178920435301303	0.183838196308372
-0.17833970955355	0.168089329826685
-0.0738626691564551	0.0699140959008256
0.683776195552323	0.993755719172455
-0.0750135291204853	0.0667815740285391
0.449563318790895	0.665436429038866
0.0169967205586206	0.015251800925019
0.543598600441122	0.768975273957761
-0.39865013300582	0.522351160645639
-0.0337214292590631	0.0337322596517706
0.0229141638923593	0.0205398607410806
-0.503655309004993	0.723318217426424
0.350567808661482	0.408244021696937
0.573254402263116	0.870154274528183
0.0452034116507023	0.0455049088629889
-0.0991041884724368	0.115344152025963
0.611810856618592	1.18816305842861
-0.0906039457508656	0.0772508627393442
0.34498614260229	0.396764239841477
-0.499037163871015	0.773652991203805
-0.229509633871623	0.325844005595926
0.11673649766555	0.0765762116421507
-0.195090674978891	0.182897927200527
0.0588712731355827	0.0417775792229736
-0.325876971637902	0.427125429854407
-0.411262148884343	0.576092261036265
-1.0868247566138	2.68107501686364
0.173593963747053	0.220720375020927
-0.561041223185007	0.804589830847487
-0.0827923662621301	0.0398412107522451
-0.155213151912879	0.064612279797391
0.648295033974775	0.417191739958366
-0.655973006668705	0.295753233444595
0.339909799543734	0.154831528440666
1.20712050756888	0.624346392894567
-0.719989848145918	0.400429354559786
0.0952911528972231	0.0479381583123747
-0.762903421231955	1.08906673021443
0.282637152969605	0.328693889358006
0.107101270772273	0.0904161712874884
0.994888844464971	1.01182561395887
-0.982092361794423	0.710547445680769
-0.755086659019918	0.940397889044328
0.0348496003065039	0.0279436671326027
-0.0678505171112264	0.0692337793402969
-0.0481601229811228	0.0494085418947987
0.179782231191737	0.188488409133219
-0.319333872656753	0.320265216288545
-0.162271922260709	0.152588855858531
-0.123145616424276	0.0928002599562597
0.0901228987018842	0.0979207098245317
-0.11500188225898	0.0754174116315785
0.0922773944238547	0.0470218992945691
-0.678963052321716	0.62539035213244
-0.45870898451659	0.74798376492617
0.58632587434053	1.1300888276941
0.792714281398559	0.543759232628516
0.109629658779579	0.0639197224344499
-0.0240180758324188	0.0138492540786969
0.787135820322995	0.707026457390832
-0.756461415364199	0.909902143346126
0.246278391542597	0.363995823274012
-0.16341358213515	0.134651454139121
-1.04684834138025	1.27276193422522
-0.134215662469518	0.0986510644803954
0.0400769369256593	0.0270382253578253
0.790485350942199	0.914430396416818
0.0859153091247251	0.0644504045835104
0.704540146684958	0.635888165274438
-0.852222947845603	0.771518707521369
0.116457736516964	0.0775969603170136
0.0341234503199569	0.0223394091807767
0.889004438442999	0.849949027136768
-0.117433499809052	0.076235338830489
0.122096324989677	0.192354464549852
-0.372106636644223	0.573588296876153
-0.256153567977513	0.452358853315125
0.288230783311408	0.509598332782409
0.304086247093821	0.411479133655491
0.125649195630377	0.16314581133344
0.0215047334512601	0.0285572384556938
-0.437944058754345	0.674277841101221
0.1526247338349	0.169324156623246
-0.189451437697226	0.284704546175725
0.374735403393151	0.565365060219277
-0.243729278522791	0.358776244854934
-0.533367351242533	0.604238915919832
-0.92447137187947	2.89870990038539
-0.328133564802943	0.391453258071035
-0.0052403423099704	0.0043715532947228
-0.142376775129271	0.139725228854038
-1.52003025805095	2.12883630589004
0.0744042338811774	0.0824163917926164
-0.0943837401843752	0.094202695063657
0.449770055463075	0.609337723537599
-0.223239939430918	0.275247661533571
-0.471587466414025	0.679933974181803
0.888166414304429	1.82160521665769
-0.133682727159053	0.144076968264014
0.170525252356272	0.155482856699925
-0.186078774121118	0.210635150666543
0.134144497169035	0.127216929723636
-0.540142826543239	0.996030978575174
-0.350893528208049	0.51149067160911
-0.342785724407217	0.576871175736077
0.178057477834201	0.20721054044983
0.108855655416696	0.112686421727794
0.233813688308991	0.160802854552935
-1.2874294186738	0.962534847746132
-0.0110716267375833	0.00621548715900342
-0.00476507812747141	0.00338262556673493
-0.962023204312117	0.769201650921238
-0.209024249413151	0.146975683211431
-0.443397456879673	0.364830553564005
-0.140295415241334	0.12742493453247
-0.365079102922828	0.597270792215972
-0.00868862263197351	0.00798341140544938
-1.40730236526731	1.66375188515896
-0.0489701898442802	0.0265661204566591
-0.0955733169893529	0.0632265362674632
0.96384426279903	0.892484449474163
-0.465557281137898	0.641210392780232
-0.329405952468523	0.483291038399881
0.354448535447886	0.276204566872376
-0.0279073018922299	0.014738400783844
0.628056635018573	0.53595406756253
0.932638667402927	0.98304333591105
0.112728727874866	0.0672335051825042
0.289878549510711	0.398126190938661
0.407162870243618	0.393276265941484
0.455872270108291	0.370124158831832
0.235751622423367	0.164051439350023
-0.685341640789276	0.631266109886361
0.242436674889512	0.200543000055668
0.783839907774697	0.661407759613963
-0.394851205878563	0.320381687214059
0.238316002940694	0.159745956185056
0.249421332298198	0.163417368080986
0.245876821040324	0.224051297409204
0.237031749507399	0.202556991029888
-0.482141485823186	0.425220478761921
-0.00909900714812837	0.0112521568894727
-0.248865688359627	0.355917435694375
0.247098578908779	0.477390189844159
0.243996253175962	0.416870937992596
-0.00808408827433178	0.00893755215510275
-0.155202670349538	0.165997178720681
0.172882776580812	0.265219682273505
-0.65117913346614	0.942886061378834
0.398530022753203	0.58015396506275
0.701725426434367	1.46020449441194
-0.573282604948767	1.48294754983419
1.0748377263806	2.29267305512925
0.213492318388231	0.319860997411173
-0.291131852068127	0.274041278902309
-0.238600738203865	0.443714883339382
-0.0358622319608983	0.0346833501220147
-0.695319352508187	1.1862240194687
-0.239709580980462	0.267656365293725
-0.0522263270754206	0.0526301130240126
0.0207997436409454	0.0184860686738884
0.191735116563512	0.24281991394027
-0.563878496240269	0.81090941386827
-0.0620362058232714	0.0542196286498561
-0.385093562532286	0.481834739559824
-0.121786660360996	0.102457626463318
0.62219161218075	1.02379499659841
-0.284540902619433	0.405857785547066
0.167633731440733	0.236885691267881
-0.473213858736875	0.679215925070652
0.541182225798437	0.893849413953861
-0.143015077793947	0.0896966897963641
-0.251632038095705	0.138784885234954
-0.253027028417092	0.139958269859648
-0.249582470034616	0.251962483471474
0.315227069718111	0.288731459082769
-0.558790652547251	0.640832290871556
-0.264933627445216	0.268207871808273
-0.64455005931304	0.755523316445289
-0.109469187453924	0.0975613757226067
-0.582462207299998	0.633046638889159
-0.227362008224688	0.324069091862476
-0.0541231030017678	0.0565206899331313
0.425178140386706	0.376548434716829
-0.0678763665245475	0.0467566167919816
0.0376957107928214	0.0304221914773829
-0.011341154269693	0.00907293082688775
0.141384837067382	0.16938264498566
-0.115689339717885	0.121719919960149
0.0552350140141508	0.0385042288466973
0.422292777960683	0.391630943617345
-0.400518734120471	0.372857407021818
-0.363750861328233	0.366626708228451
0.238848575908284	0.214232622337442
0.438232996934708	0.709692749506934
-0.0644270219841785	0.049563932729106
-0.287903745517506	0.244623556491439
-0.519682051941411	0.489995446761771
0.354257132078189	0.388669833948465
0.528640149848615	0.577049548626145
0.662524501844401	0.755564488289447
-0.171261344611046	0.137728805366915
0.0981037994806674	0.0810179769405284
-0.409618284914603	0.427302596994126
0.494940224265277	0.480773578161848
0.610071854365745	0.639832841806523
-0.38730085809803	0.374324773118116
-0.546288506622804	1.1329060383497
-0.039368325111174	0.0439881039530688
0.414929949297041	0.704255039449129
-0.173879642337182	0.220834058424309
0.147274104150997	0.173800059607198
0.0616315700209182	0.0633194548003748
-0.577852785457796	0.874675872766939
0.306895134127499	0.42054051262412
-0.252879514169181	0.270073986431505
-0.411112692996454	0.546999432357365
-0.124042179719828	0.13547274595908
0.267630982063777	0.347637565683137
-0.12811668563094	0.127441465713864
0.0628641221092015	0.0641104073986279
0.183329171978064	0.212062914129617
-0.248672705110034	0.272116394492301
-0.162218766953424	0.182894541124191
-0.155820769006495	0.121652926304217
0.0186665741831791	0.0134212489423978
-0.320292916800552	0.338602913802227
0.43290263675166	0.493994129174326
-0.850523746536871	0.806737881343394
-0.887626650397853	1.08880106671564
0.0610001347258359	0.0534785547540066
-0.0277820151756741	0.0221656436811517
-0.409618284914603	0.427302596994126
-0.470207719244742	0.658707203002585
0.238270619449647	0.221818996082568
-0.622830524519653	0.901931147550067
-0.168263059232889	0.174070410923168
0.140175763632308	0.153578753795444
0.305079298385742	0.285056853315497
0.0455596186641709	0.0381150474699681
-0.0285587035551723	0.0223366064306235
-0.632187337655121	0.8307952582913
0.0550139199617518	0.0486240821839203
-0.083652389379117	0.0717835405682026
0.105997450133931	0.0580575806815717
-0.0506658871422217	0.0401869443067393
-0.805122411790662	1.24519856585312
0.180198258649627	0.181448567791966
-0.0768736495308699	0.0732931461210917
-0.185245788273519	0.179221915495664
-0.177384621300088	0.187295520975488
-0.0332772418507568	0.025490523511012
0.0808573579922769	0.0753256624956728
-0.127877776656659	0.154114259409176
-0.137141551091214	0.148500093508208
-0.288493658052115	0.302503849605446
-0.376725065281028	0.613898246185827
-0.375784612548948	0.565847430789323
0.182746678202703	0.185972984590439
0.18407922246624	0.173493592682292
-0.279128832856084	0.239111172151645
-0.243806048723164	0.283724614396895
0.420509599987623	0.715237809542077
0.443187948266563	0.70965220487002
0.029341872161068	0.0214597055698055
-0.459405586120028	0.585607143509149
0.532264353253322	0.688298858554273
0.221371556279754	0.229290329975687
-0.193546668603857	0.19967484056769
0.332102018352243	0.482405585690514
0.699103440328017	1.33951365926652
-0.314121651834956	0.370795842176095
0.12754188640452	0.121884703232865
0.429556235846045	0.571075981931069
0.181278575310164	0.185690079869842
-0.200241624061287	0.22387866489718
0.121024131570629	0.106805776402673
-0.408509820152637	0.509769288394813
0.067259134497376	0.0603364136587577
0.221488082732052	0.238435037008341
-0.0671022214444851	0.0521622718918819
-0.265576037267847	0.378480189075767
0.189205480633426	0.218325844365353
0.370268366428339	0.462558296560176
0.0546519386655411	0.0634448954339831
-0.322853049484355	0.501946581038246
-0.15329892637419	0.164228034187332
0.0770101104773979	0.09031113122435
0.140367919607583	0.152709984061912
-0.0503454380331232	0.0483438793695883
0.189501060191255	0.179180830164655
-0.173818901220472	0.192918097300741
0.11594816141185	0.104823753520645
0.294714794161083	0.317885969748918
0.226803988601619	0.253509044460904
0.117328599138308	0.13753213448375
-0.0264458120646559	0.0239909150679859
0.217845335233952	0.26320333947903
0.310267311983702	0.400949807043954
0.012843376102992	0.0127730273425742
-0.274742234706568	0.363842369594428
0.329517023252472	0.284877245644973
-0.0686837683942554	0.0357371055951153
-0.857311883401143	0.582666057105702
-1.79438945575889	1.71461062252683
0.141050334629526	0.10185863579294
0.260906525320337	0.154785137066774
0.328188667482689	0.263469898421517
-0.289926515913783	0.142882990570978
-0.403949168410457	0.297450142359282
-0.5901156411172	0.776354766638006
0.296279529894259	0.307354441991037
-0.025893990077308	0.0211091030728455
-0.0039215364740424	0.00277793988983682
-0.535661478612101	0.580760184523752
0.0761705121575322	0.0709756997803953
0.177326318353651	0.182118461270043
0.345051203003995	0.396152776886799
0.00651720794266549	0.0055618143387406
-0.120016255650317	0.11005227878246
0.130754774464842	0.133254809209021
0.903856814156114	1.40948532242603
0.876240969403771	1.16054018080155
0.0382248271473752	0.0317718062333329
0.299683308415645	0.290761680776616
-0.0732019643321125	0.0489834021765043
-0.186078357552535	0.205092380870712
-0.527863789072777	0.98025889571911
-0.1375201935667	0.195570942507629
-0.154834637848699	0.177824084673931
-0.188987445444635	0.212881426575972
0.160770702593205	0.154163856512952
0.0406000214492326	0.0334057840677258
-0.591193285712675	0.894996823184359
-0.403203964864236	0.530321712744436
0.351165824355081	0.555041888422421
0.1669818842619	0.141009567624971
-1.11602358014687	2.06510312066132
-0.178116018487603	0.222271036546615
-0.0552945404772673	0.0658010689266932
0.398131633488455	0.44377032997655
-0.558626870433291	0.635092865660789
0.514945361060393	0.650009824029465
0.510765624680247	0.686632734845975
0.149607439747585	0.191567850982305
0.551524235181033	0.919819838790671
0.112878629907135	0.0994276498348745
0.549000810912069	0.814967479317368
-0.42308354139366	0.488919509865741
0.369126738595213	0.467439926001605
0.231987956942656	0.243426179891158
-0.084863225794091	0.109389329680999
0.532577017462554	0.840646398604034
-0.818574579682309	1.13245740080485
-0.121439373463857	0.107678709840079
-0.405103827291412	0.46881466372324
-0.418365927890503	0.482916010515689
0.171537402003815	0.159716392890174
-0.647367228873418	0.765263417104387
0.169933894061383	0.172735080395745
0.291595391808775	0.311028888812087
-0.1302830361309	0.124416760546012
-0.121920604841247	0.118825043275092
-0.244460145661532	0.330937408118205
0.262269069148761	0.340511975298132
0.493669024960005	0.829799973034842
0.0436332501921359	0.0421650494824485
-0.177731738298853	0.179647504526581
0.352136830409836	0.568876620424988
-0.0718658495891316	0.0732139481749618
0.109402888885882	0.0999503935867722
-0.320090785078466	0.335374810593372
0.128549931945109	0.134084545967188
-0.130718371047169	0.108524367638744
0.243034646450498	0.285033211595552
0.273453851250889	0.34700815242321
0.254757112596967	0.31913754104344
-0.598536914714121	0.911429113528589
0.063398790078456	0.065245370781627
-1.05656186389926	2.24484459941733
0.0465740922532469	0.0510379552674316
0.233379721657521	0.192428634366834
-0.519111412995148	0.357968230293394
-1.00190481029401	0.549467856161864
0.0924387933744612	0.0425540904022554
0.0147248338776894	0.00899001623128742
-1.19975920724181	1.33903006606954
0.0161660179260824	0.0100555608572112
0.439435534410787	0.566115741072816
0.00525303923324267	0.00439554004477706
-0.459130545185857	0.488709087452706
-0.397210207623653	0.327397251219627
-0.0953346530690037	0.0802160739087348
0.729560387034584	0.850233519946227
-0.467197872457167	0.599837162797449
-0.00917558441701217	0.00851251410389159
-0.0218703807359558	0.0199364752897253
0.693738783727077	0.919130099277425
0.583605717751189	0.903100255213205
0.398801137189201	0.482157538276382
1.06175845966749	2.07078995999539
0.170130327562576	0.166218513503671
-0.0632914776119066	0.0554199083190632
0.183742231562655	0.170909442072721
-0.338690119129998	0.374644391003275
0.773569209857109	1.21313649478757
0.0194777178832684	0.014642055903293
-0.45210287122355	0.360848123386403
-0.53468553966366	0.640644137237398
-1.1789684453387	1.57333844801884
-0.861889875280607	1.21117375604125
-0.426267231021646	0.490392323689278
0.131500756597609	0.179922588734968
-0.0468973505697634	0.0458296490969578
-0.358321789607422	0.464240832086783
-0.35805742722001	0.562756320122116
-0.0145936295062679	0.0160609253984233
0.590907796245765	1.13777253953583
-0.260978788923344	0.344805496071705
0.331512318468651	0.495622627484424
0.0900896775373986	0.107246010949483
-0.11826105657285	0.144948793367134
-0.256797650261816	0.347086851158949
0.184419202248371	0.224683615641578
0.912338979072368	1.85944755708267
-0.0671232212968194	0.081293993707437
0.137675079552887	0.180148329545708
-0.167568490097744	0.206502026364447
-0.224075561498684	0.290068539334833
-0.146483062412185	0.199262572695597
0.36957612553266	0.683540826126964
0.0260671860051163	0.0296861237378648
-0.770307358868431	1.3795255589671
0.494532121129555	0.821076897878179
-0.476428861327801	0.862224124116162
-0.383621390883248	0.64737903389951
0.0240281798764337	0.023942121421364
-0.123532715935564	0.141533089505909
0.130190717776681	0.172510135104944
-0.387733253401356	0.526455483487241
0.227041871209042	0.348759382375323
0.0815641776086982	0.100835143833083
-0.0672786972751387	0.0676689953261504
-0.552741727297344	1.03287533076751
0.22237762950638	0.28120672746622
0.0363521546147469	0.040197423300427
-0.0636028360202253	0.0762758488441157
-0.234364381038664	0.282830234894551
-0.233181967105984	0.21899704113994
0.101881043915397	0.0885323639119817
0.0346623609646683	0.03413325120417
0.782800180530597	1.44532354165414
-0.765827507599521	0.741419482905222
-0.0875830730083653	0.101935026379032
-0.395559472755146	0.423053314222584
-0.39819321075367	0.439521717878318
-0.130052454037906	0.0978986645786136
-0.367063186902334	0.458985789642168
-0.722532281236874	0.886188880738658
0.230501175032671	0.286390584192874
-0.250295394486765	0.292469095718581
0.609065185848161	1.19369121862762
0.177123863465061	0.19419082537938
-0.563303745503744	0.913598605211151
-0.0965264419065828	0.091353955717775
-0.971506939456589	0.826173688804407
-0.586496695415749	0.236515767420064
-0.460566822138939	0.274928902485854
0.257498996139983	0.149896639451739
-0.155732021099093	0.0641992659635537
0.335527675797034	0.149319574145152
0.553826719488222	0.282089543803239
-0.393879930747506	0.419050465607803
0.535882611394906	0.662509024371906
-0.766956773219926	0.836586813740013
0.00703113802127193	0.00389836098413871
0.0920028597906609	0.0389097965160538
0.350327594742279	0.25344060633721
-0.503085592016072	0.551098928148696
0.169866013860218	0.150513234457038
0.115538355155734	0.113463490062798
0.27136866468003	0.307476225635825
0.104093988987553	0.0629175461087713
0.439569149662628	0.493303947950588
0.318503670910979	0.294104776403509
0.0068643493952892	0.0049895897245556
0.270752949386914	0.290891144444621
0.774993102193092	1.17522824474842
-0.586422076945796	0.829280901847189
-0.0999895048967862	0.082524760588843
-0.177446618170848	0.161644718051598
0.0130179011098508	0.0112117721711653
-0.733710189711087	1.13578374375028
-0.197018475567633	0.288425696306104
0.0354907514031686	0.0435078160434155
-0.0635451252780386	0.0757520049934042
-0.0729880491029074	0.0982477254719044
0.164785982963096	0.231016493854706
-0.0177155706568621	0.0207996425340355
-0.11339206200976	0.148994885047529
-0.160915836566256	0.215867188018635
0.208733373822625	0.327098241577497
-0.393519808829691	0.747957304571483
-0.388858123386938	0.709459203519254
-0.35513212866553	0.646889091286025
0.149243523864933	0.177029975272093
-0.270675862284225	0.402916849921719
-0.38596713330736	0.710584746519658
-0.132752320344611	0.168728032898766
0.35060823831785	0.574114924612493
-0.177704737219532	0.225367277476069
-0.452947468080821	0.792850167528772
-0.109798657022613	0.136283773821138
-0.711359219378366	1.54918581628292
-0.0951686146089104	0.117488528792538
0.182414618270951	0.258490721247136
-0.10231340481298	0.142827454542701
-0.11399077821196	0.140887818175391
0.0191378978379601	0.019068914145915
-0.121348323043943	0.157720141410778
0.169382231447048	0.22622821656436
-0.197664236557287	0.315140794273145
-0.0419189720274178	0.0487931912519082
0.331883476860765	0.55761946130321
-0.0932496000056674	0.120053642820173
-0.0174803026474409	0.0196262609011342
-0.0673523636445246	0.080689263383567
-0.231602593127178	0.341980280222165
-0.408180195372937	0.659697912847617
-0.10603736755526	0.138510205545808
-0.315507593552485	0.544354730200623
-0.452405789519503	0.327920477052671
0.152737327878774	0.119359871553149
0.728316913810823	1.03249197338793
-0.812839202264202	1.01338271736598
-0.395642059968103	0.325801826229039
0.0267175209818833	0.0240894219691482
-0.712129452174277	0.862905458623614
-0.295902984931227	0.198463502402849
-1.28682155460237	0.999518490906753
-0.55862600060843	0.530270028686669
-0.345104649481373	0.314134884278962
-0.150807104393702	0.160997344141805
-0.503982454411681	0.857659975388175
-0.242123286473646	0.328972617783958
-0.28304735630298	0.413921427753288
0.326373719033932	0.479551555305396
0.0960548810615464	0.0801167651712001
1.00687989163707	0.5020608920957
-0.844978385225497	0.469028078101134
-0.454183047591829	0.19330541733694
-0.391170722573965	0.1160160294706
-1.17593414403549	0.3709145036914
0.98370080350114	0.36505072145523
-0.121754150321859	0.0539028899517186
0.380136778248916	0.148635867981594
0.391326712151616	0.154850400054201
-0.141057773642565	0.0902856991347134
0.162719790286542	0.130746116083187
-0.0173805477407904	0.0142839641511234
-0.754567626728373	0.631251962095162
-1.5625457696614	0.581574072788025
0.547058526598254	0.281926179496885
0.898228043726584	0.60165747434106
0.928677957376389	0.963181377026178
-0.0436936841129838	0.0245198811579397
-0.317132617359003	0.411669330943614
0.0980524726796722	0.109398681933298
0.454131349683263	0.663398086540807
-0.28954252953989	0.333814435417234
0.337181079113036	0.147298112294845
0.127788920192316	0.0895700037226553
0.816647468106264	1.43358489642036
-0.836065744114156	0.927961636244623
0.237855857376622	0.199459280171854
-0.215661464471521	0.184595639631693
-0.0360188458923761	0.0377948826900832
-0.144528499658496	0.186790215364774
0.0273847249659913	0.0322153820493256
-0.637414176353082	1.43183336837273
0.151489045717574	0.220207103561199
-0.27160549944967	0.485319785698193
0.135050328204869	0.18050194788941
0.143401580194711	0.209590572998231
-0.704871795447549	1.42620984119201
0.039654276264822	0.0503437771837539
-0.539633445037493	1.17135664854967
0.184792222872021	0.277533963593289
0.208321088075626	0.242939722251277
-0.368700067639337	0.505283406900529
0.230706094407333	0.38213939947527
-0.123049814207714	0.175338256329411
0.262633654041274	0.374867002396354
0.273643419596843	0.414273888370537
-0.27570860992169	0.438306848291943
0.17386559848959	0.234785968945073
-0.234024568470709	0.323011513698208
0.257065592809585	0.425728602629958
-0.0716826990495486	0.0928900915055385
0.0126761106986826	0.0150304107641812
0.152651120536224	0.189734639136095
0.128133520806051	0.140336066024585
-0.456962891976225	0.815332881667645
-0.347254226812661	0.571591563243671
-0.361246189376382	0.584199015319754
-0.119740186426636	0.156923842000198
-0.0589909992994704	0.0744848702168527
0.251671811111345	0.404043692060288
0.0971192038646027	0.128993574865906
0.440927570508551	0.792755461822435
-0.123762085469974	0.153157090637482
0.294512760664941	0.455550209533116
-0.381764714626354	0.648807657126355
0.104040742736292	0.0607355279543625
-0.00425224816884659	0.00253409471385198
-0.183962556885293	0.151525387234427
-0.0800304867525638	0.0619472733927952
1.0469690522354	0.842689130523316
0.162403350747055	0.151610507388625
0.0562403328772323	0.0396451096881374
-0.758973168736573	0.698035735914894
-0.389910146732975	0.324344807550069
-0.228654932306449	0.252871569770125
0.140648470783617	0.162396559096016
-0.0381545733046011	0.0399642812298271
-0.217992084110289	0.301160340068027
-0.00794439790402032	0.00735804411095845
0.0213940589662043	0.0168827692552277
-1.34156884242418	0.600974203038057
-0.658213786449221	0.169205854171519
-2.34424638922208	1.25008944378275
-0.210042419436337	0.0740302768196274
-0.659068154597198	0.161931270968355
0.468101792643594	0.161108405311014
-0.396919535586843	0.32585865374201
-0.127238176810409	0.115258364632338
-0.930493575664367	0.955892134054764
-0.665941007244253	0.321597662916849
-1.17593414403549	0.3709145036914
-0.285260753813349	0.0973870046642128
-0.561854681454278	0.43419097853558
0.323138997071472	0.261639882958815
0.173715450215521	0.183852138882041
-0.267260290336146	0.284121970582656
-0.0835531300852547	0.0770706248043651
-0.710782973583105	0.862711732906876
0.483051376078188	0.2712616366163
-0.401825987201292	0.294770598266502
0.150749709666672	0.11644823981875
0.304014764636082	0.315706557984588
0.84562027011765	1.3277040982074
0.0221343176996627	0.0142671226691853
0.230508859134724	0.166472743293801
-0.278956252417228	0.260386148286986
-0.399074086377881	0.525430602264186
-0.204472347104044	0.236197267626159
0.00388534025085655	0.004435978289851
-0.0407528767398769	0.0537486726859429
-0.631530251026995	1.48954268498338
-0.154786761279115	0.225535839356524
-0.0187409949873661	0.0247409424486157
-0.344639653051827	0.685769189596385
0.165701630256688	0.250598363145284
-0.433603232302241	0.969020466805094
0.118133459016037	0.159038081712502
-0.211843512687327	0.358527227024864
-0.315629010555521	0.583141217956227
-0.132707308134396	0.196793478224344
-0.284770040288521	0.456711406031577
-0.12314231177603	0.151842238403864
-0.0929004434808836	0.125230734244112
0.185019766208713	0.295657496509531
-0.154530098373732	0.222884428120872
-0.0887646798795588	0.124398784432171
-0.28066788075902	0.491484862185944
0.604924831266716	1.28470339510697
0.0954241588176207	0.113091391409849
0.232647309814542	0.396985253889955
0.396413736765846	0.899104386660796
0.0331938769903108	0.0415285768742312
-0.335389478753615	0.604103615114942
-0.0702674977810128	0.072582086763615
-0.360239060626579	0.626587050834933
0.0532358046434703	0.0761184324156625
0.00832979994700895	0.0107308587483236
-0.205140363452137	0.30450697942502
-0.261112589827603	0.45926987011989
-0.28357095198634	0.47244709517549
-0.176245457677372	0.292306162781672
-0.280279368094636	0.472557766131578
-0.310258082644266	0.264632036636669
0.00345651193655089	0.00187731264340942
0.16149573190847	0.133313525046753
0.0911094975118932	0.0740268018770687
0.279946927675191	0.150676832019136
-0.0178566677061994	0.0144784222297544
0.173970059406653	0.150018690168467
0.024572545757948	0.0161641963544037
0.587776423113766	0.395137238745676
-0.247240117365784	0.229914024550351
-1.40759692168435	1.4348465656884
-0.314134764845452	0.31113256422797
-0.0438592169601575	0.0298844284857187
-0.844023945205613	0.481786239238927
-0.205116493328466	0.25590526231723
-0.156562456614909	0.176743865818355
-0.873309268257966	1.61331063751903
0.289568032987024	0.434419114559557
-0.460146936076853	0.509251154990535
-1.90067820484742	1.18570251039263
0.76581264114456	0.305179243590976
-1.08742811582886	0.451484255457576
0.0894959239584534	0.0307270486502312
-0.848401195731109	0.452379207427624
-0.208555149753553	0.0789780098782792
0.977698859870243	0.360016002720283
0.962841480332667	1.26141336028733
-0.285385002758836	0.245249220908675
-1.03504016807441	1.0715683071475
0.634705763559604	0.30409465501509
0.0917535496696232	0.0312725166345631
-0.515428445585722	0.325812178455834
-0.0689253306118995	0.03578830247727
0.508696313931196	0.37698564689738
-0.00825773657791692	0.00750332616629266
0.192690427412406	0.258246422855043
-0.141067488132872	0.165725357427485
0.164548205268183	0.142995937342682
-0.538866253555641	0.274710918309874
-0.846951994613799	0.538235796547773
-0.0749842879357193	0.0624122464893371
0.0262953378876668	0.0241453577990154
0.159913183376266	0.12419511523905
0.146999288421122	0.114333406316618
-0.347235889060372	0.390198570551044
-0.560378196769085	0.868900473957825
-0.199016447974244	0.222360293911528
-0.298738707118568	0.399650487746809
-0.605175341292848	0.541807107947917
-0.68672293791224	0.679990301393651
-0.289626875492142	0.364362848907671
-0.197807709037288	0.277793553749814
-0.16138955980362	0.238863457070512
-0.121219210690912	0.155479669769381
0.40965479811151	0.830842849993558
0.141850672784147	0.220185928620512
0.730031562543027	1.98319681599037
0.492942627974036	1.134648033745
-0.156855773401887	0.239214818573206
0.384375661217272	0.693157149588903
0.436032817892678	0.751232450608293
-0.12624314959231	0.171374536329182
-0.165357060830878	0.239352897210407
-0.00983045853848105	0.00969377220062309
0.314119237678333	0.475396256237727
-0.00641224055363721	0.00763561871905239
0.238457295176256	0.347845758693651
-0.233778064708216	0.380558552868647
0.236149555773218	0.354057866323782
-0.0869495766036274	0.109583381103422
0.0293890419864636	0.0343413415483278
-0.270362805163866	0.431557944013346
-0.278075402896956	0.457704531047028
0.150543687722289	0.246302259587771
-0.468463385320586	0.90331401945005
0.267209302462283	0.416685263048205
-0.365096300043118	0.534470446486452
-0.123513359099938	0.174611628265781
-0.0400831618013612	0.0530371379309783
-0.427855454121773	0.375864231192648
-0.112840506068828	0.10526195622382
1.17664840208107	0.961611288979783
-0.0788189166242759	0.0677527883819943
-0.253540656307289	0.258621187225481
-0.100386793572484	0.0641675675915056
-0.00615761425270202	0.00368335263849644
-0.104862161068954	0.0676619175774172
0.0964659334835909	0.0533037112334891
-0.593334702577213	0.51452397475112
0.334089562113791	0.278731669503549
0.482859560749435	0.267272460253289
-0.189504207893599	0.149057921179977
-0.271902352830305	0.294564677404151
0.332663645037361	0.506267416482916
0.562010430508874	0.982776894286433
0.0346737267067375	0.0360944822792057
-0.254763506515925	0.326583227452249
0.0230863245276155	0.0174520529020994
0.0854810106465792	0.0288176932390503
0.297885377419703	0.146052762385212
0.13395984259197	0.0266654712001409
-0.299505658006342	0.158270724344946
0.101569685131412	0.0307149682701934
-0.209682826040443	0.0794901611504617
0.388748960392003	0.154765629006571
0.102457133923715	0.0304597904879839
1.25652889280319	1.99642655087708
-0.205726218989764	0.164896999308653
0.849444488614332	0.721349547265188
0.622076172115503	0.201430407091027
0.469121440715567	0.171666856078845
-0.52222573727169	0.358136028109373
-0.336627430798234	0.223589040908694
-0.260248376885743	0.199622998787188
-0.18591250497242	0.203991528728127
-0.944810376716702	1.97900079498205
0.0890750198911423	0.0914739655251199
-0.257039835865751	0.27637127442868
0.0939104517227146	0.0510412565251447
-0.252653021125219	0.304814512975275
-0.320327709550476	0.423294671266285
0.0244602769032803	0.0157219625608699
0.294873568752716	0.322094080975491
0.620778716673705	0.859941543808097
0.231748620458307	0.19141532798332
-0.262864522708116	0.249114582039762
-0.227840537281997	0.225454231591568
-0.678550148528731	0.619573040056856
-0.47647410615813	0.487103569035946
-0.348556940003767	0.265813515434325
0.33155595667601	0.286095684525475
-0.243475149532038	0.163757030722867
0.239983524756801	0.160701481094913
0.885319845374517	1.78864406698881
0.238200569663985	0.319645681460152
0.358601702927959	0.641019229941936
0.100913541796109	0.12505991515443
0.266378748767596	0.415638344188146
0.400708499025223	0.844906726080214
-0.134597030605614	0.209143451101792
-0.0467061637929893	0.0608092122915118
-0.0140386726895585	0.0189782149969207
0.506974335575767	0.99457025221224
0.319822103355157	0.518984457393802
0.120098412606184	0.171541620009954
-0.179627711190221	0.253585188442852
0.07411854047427	0.0806728234846327
-0.0479001944174075	0.0537884668992487
0.122570342371477	0.172950204276981
-0.394033878849136	0.774247431136773
0.0268834744425448	0.0339906954915169
0.173198444748972	0.285627975120641
0.111986531285886	0.138531731339654
-0.135465036355229	0.171640909764904
0.120212886543015	0.140453818223165
0.102602259742769	0.137545607571031
0.0202048856906256	0.0249537039411199
-0.0300928452981847	0.0382971203913478
0.291427126863301	0.445240605451055
0.370903044851961	0.587283532325712
-0.193142899289509	0.236182469828668
-0.148549435817406	0.190174222315064
-0.0952118214010971	0.114289532257566
-0.196026147790169	0.287755030649366
-0.0232008156666618	0.0300834394389123
-0.0711034556729308	0.0840551770121682
-0.0404603917291286	0.0510032259946315
-0.463793616896696	0.555995094704367
-0.261889589542193	0.132110954069957
0.237734911963359	0.238386780148158
-0.401315054985477	0.415881610662184
-0.0894851911149905	0.0426434232702743
0.235744024934384	0.188954493970943
0.108733650093276	0.0674609721404694
0.459917125778	0.490553215553694
-1.04732947854317	1.2731433074326
-0.391448753850631	0.234905064810742
0.0516320555178502	0.035393878957153
-0.870566479213276	1.1816150631361
-0.459279705265911	0.550986954681079
0.152404460946465	0.174674257763039
-0.141076954265738	0.159395624416183
-0.459104693320395	0.691734405955838
-0.482931883170405	0.504305215358781
-0.281583090206632	0.0938537601919425
0.100841618220157	0.0306037225182791
0.387544872274826	0.158055588629721
-0.665857728739068	0.332052354918517
1.77860769655035	0.703302697501616
0.759151709455524	0.328075522385039
-0.209295304134696	0.0774863737836897
-0.5851078312608	0.229920655062311
0.34359527701308	0.285635613168058
-0.0441433290570822	0.0346232410523784
0.0998243722602924	0.0540076665386847
-0.216621474013396	0.0778865781977122
0.335426623877351	0.144207984042914
-0.853269507769732	0.468147025298702
-0.736398176358186	0.520918274946058
-0.102569162621931	0.0871016298306143
0.0149005251581549	0.0131791955818572
-0.618173660341437	1.06593100456642
-0.403547813573915	0.531870908709159
-0.230314673482703	0.216785175848711
-1.67036057875296	1.23001709519157
-0.365379229930206	0.504907979068472
0.489143598507575	0.739009351336711
-0.572448120673824	0.866827724783676
0.973710294634165	1.31800371259384
-0.267454698797072	0.19897951091879
0.105680601293759	0.0920708562784544
-0.386708210779824	0.492897820855279
0.0696051299466851	0.0511874455991764
-0.104722544512147	0.0780660461868456
-0.260236954556698	0.277440177526643
-0.157773276173146	0.115480677433822
-1.21333046626045	1.07375322393233
0.277372451969691	0.146589908731903
-0.144084595897426	0.0912354013624855
-0.135078988999246	0.15140645959581
-0.26999824225867	0.440346863997953
0.122457015023426	0.147085025274075
-0.0278872998470143	0.0307737162439992
-0.0310434321186201	0.0385895373612671
-0.134520821027823	0.206825220444699
-0.28631932064908	0.532312574772823
0.202892846639411	0.280997278758386
-0.268293462480141	0.450388208533536
0.215114113702799	0.337344549267344
0.00258030590905701	0.00290360188257518
-0.116224328422076	0.163220227234791
-0.408926394333286	0.76711784585281
-0.436651739877499	0.743452049740541
0.276197438504493	0.376579391113742
-0.161901945049969	0.236430748878204
-0.0525203282956493	0.0684605434056632
-0.202141933678284	0.302828287873594
-0.160110852711465	0.24307774493485
-0.0812980253857527	0.108278392497855
0.0291373509271416	0.0363388299364009
0.451419871350383	0.818419416953619
-0.30400739888511	0.520236002660838
0.130690975054511	0.168243428624556
0.274979228831088	0.466350063923784
-0.0285629269174501	0.0329890808081052
0.544700254189457	0.768796996682427
0.492262801976678	0.979865036316239
0.172272710487266	0.277630483704894
-0.244110881564169	0.383900111949231
-0.159354517599611	0.238836068274284
-0.363712521071956	0.649453812212704
-0.0810173974804448	0.100040589606794
-0.391397149566871	0.610776378575386
-0.304517973003469	0.470543760621859
0.0147269788602087	0.0110748521249433
-0.607137841470245	0.388126631060544
0.467490491899431	0.382579075968212
-0.0172355663752467	0.00975483089705639
0.130841622240127	0.0917008201479595
0.577411681237829	0.602408383448034
0.271445265968785	0.154571644353497
0.932064268560966	0.732840940081149
0.443334789841675	0.499035029748374
-0.219782244410772	0.235295890226727
-0.535605674382453	0.711251583333425
0.0833994614751945	0.0864605646981921
0.106072347229078	0.113530467668919
0.106434248255034	0.0307452470667954
0.137755951151155	0.0278992132091276
0.466441594983451	0.171307702237758
-1.34085560598486	0.627874446752861
-0.458758727431256	0.202110747549662
0.389572467920816	0.158366184621759
0.551746758012508	0.274380916326419
0.338927780631985	0.280750008351133
0.162765280779794	0.139575299589967
0.0985041841204697	0.0500039130048487
0.0847705405237538	0.0285001565007774
0.103920532058961	0.0291347591327969
-0.39074574077293	0.235248948754388
0.334079953151777	0.288522731513569
0.0547840674555791	0.0391532955444381
-0.588338333124144	0.84334654163643
-0.395751976080024	0.479490149441684
-0.433049458524066	0.620431896514164
0.0437722817070065	0.0343731058090599
-0.0833876200733916	0.0991293981057805
0.166013971812031	0.206675481299992
0.161649237981085	0.137897313251541
0.407288237752912	0.385540821656144
-0.450476421328312	0.481135235581738
-0.263014787098444	0.202652113555002
-0.172212891298511	0.163129003688027
-0.119575927958383	0.0759253651250395
-0.0641906797452327	0.0333067936156154
-0.0782386818737476	0.0874878024182138
-0.0864441393209489	0.0921205730082433
-0.158370066363955	0.192206775263769
0.112916820808845	0.14464780738384
0.00999833566317518	0.0131953976546529
-0.231132504640614	0.406296535939272
-0.151220298929536	0.2125774720511
-0.00319278896923046	0.00403392278647302
0.487136858037127	0.939385467569675
-0.242210401264655	0.400580989057206
0.00758914669034945	0.00974242906645184
0.506812026930538	1.01816875133621
-0.0414872160181797	0.0439821499559134
0.460141040371235	0.897764684876978
-0.0409621254627645	0.0510093617278218
-0.0889143262913393	0.121110361988632
0.298929915406503	0.509977631828329
0.402722837030159	0.809290764920407
0.203793442188201	0.292603944718635
0.229062822709534	0.3156340656485
0.183033219262582	0.243622362451316
0.237352101591277	0.398218124586649
0.0461598428351289	0.0591790281556724
0.366752594937835	0.614988386975714
0.631004363338904	1.18549988584783
-0.146085957699494	0.173287645598496
0.0941661422392376	0.113848600156904
-0.145722071265671	0.208771320503743
-0.342357635957322	0.603225867813333
-0.498551399142741	1.13616174839333
-0.519080435683921	0.602571207588405
-0.803541505947915	1.31115191846996
0.0486591673750398	0.0340253812610634
-0.255841890739927	0.174498843196777
-0.0158623374360114	0.011363674241036
0.0591003496979442	0.042513753677272
-0.0637226318131123	0.0327073833476355
-0.670510926718854	0.547599539726133
0.573777044575075	0.782850524366776
0.819142460589043	1.52516581638769
0.186774952838498	0.190434582911283
-0.0845393222588563	0.100083589241737
-0.00654938891039892	0.00516284370233996
0.0759894068261135	0.0590410527021748
0.136110097731913	0.0266721468082222
0.469889066600882	0.171638071817207
-0.667182062450399	0.160063589285139
-0.712935343911174	0.41967929703458
-0.50802896120572	0.382159504334299
0.632160919662591	0.526007166467395
-0.444313947253197	0.354088445268828
0.0964744394161687	0.0280925811648142
0.761391261254977	0.321094987246915
0.430430853993272	0.239304824249265
-0.52080683857791	0.35655663291457
-0.681365461997896	0.626838490862637
0.244372165607777	0.236658739372583
-0.364752441015715	0.477658602861205
-1.2653908421483	2.33043772230754
0.459059672388274	0.492686863850395
-0.113193682489161	0.0506197693878912
-0.475577591536448	0.420485531624929
0.0630061829000997	0.0658156316970801
0.103496196592463	0.110783172764061
-0.153425844820855	0.183886339619239
0.240256732595172	0.224590883672635
-0.263893283066046	0.20652754852306
0.948929643555009	1.37793676730099
-0.495508359006265	0.5318505379644
-0.274607644792552	0.210355455114078
-0.0868803829871654	0.0845554114241183
0.0113526220924024	0.0109966311164641
-0.380078855232118	0.37615699818551
-0.476246913336598	0.429122415657003
-0.0893274954475268	0.0579544625798902
-0.217285580647284	0.152940454099298
0.0556659312034243	0.0702283324496209
0.387233965687581	0.633353869584386
-0.194904849354411	0.304985349904569
-0.321883393481699	0.674983392310279
-0.0572912826702545	0.0730697536220975
0.0982381946859283	0.128594032294721
0.0480063265834195	0.0660562164172345
-0.136189624905423	0.193361889385192
-0.0396913262003459	0.0483066747996156
-0.221221404586532	0.302217358517857
-0.360984111575538	0.515006408280985
0.122014110796305	0.155749189593185
0.556848021772093	1.14287234383577
0.244705878073958	0.411730071698879
-0.199968678651595	0.317326348876688
-0.264764304862814	0.368019018038855
-0.0579780179565864	0.0655283778297106
-0.12780796433744	0.164649871877688
0.450092006381982	0.929455524807925
-0.00429393563537752	0.00505671023045156
-0.162388166289972	0.239551607061698
-0.0591431221742681	0.0700241158051113
-0.134456025637011	0.149023203054331
0.0299197310319864	0.0340001445909045
-0.137410814698585	0.189592331640203
-0.296818761418469	0.547043435693968
-0.230827831030519	0.310942447307358
-0.0493335132354836	0.0614801613861155
-0.259738958017695	0.441459320997673
-0.443653262971306	0.765088227993075
-0.200749511469899	0.16112405249545
-0.53103629958186	0.321462690530338
-0.567710340642305	0.452959158569839
-0.142445466122282	0.0910920357998956
0.235710398147919	0.243123836510751
0.394835218720242	0.55842135419762
0.237489968811041	0.285397031635943
-1.08742811582886	0.451484255457576
-0.561089163068794	0.649127554823831
0.0828182217017089	0.0660649095605205
0.121828800199946	0.0811541316032079
0.380618156859926	0.154135697628218
0.6272371749002	0.293097721202786
-0.967541559134682	0.826970431354313
-0.7389499696863	0.527984348767155
-0.0684980130186871	0.0469418590455867
-0.269341696028767	0.303096118724036
-0.314517868060815	0.339861459844327
-0.147323370991846	0.142346860019641
-0.487484620815468	0.484424992161569
-0.15437856103581	0.176078340914184
-0.441072836065106	0.594801437327546
-0.0323177273199358	0.0295968888834651
1.07343618752698	1.50139214759254
-0.272538648214405	0.212700378399185
1.26026169881066	1.82420582611833
0.0356369551282126	0.0283968964663269
-0.695199524162707	0.788541632898199
-0.57016012953641	0.53898266964936
0.0763321561106108	0.0587149224847499
0.895669475107917	1.52851823987143
0.336635284748363	0.40197022706218
-0.408083526478596	0.537063584198526
-0.011785834796715	0.0108423653765455
-0.245960228062476	0.268896311193774
-0.596643764424458	0.510217616175994
-0.0489125558516129	0.0263391976205431
-0.148956155235144	0.0885323713638423
-0.0244832952368561	0.0304511355172556
-0.222306739573136	0.377626054785501
0.00880516964259137	0.010991977069422
-0.0787004677436046	0.109333767700507
0.212907950678292	0.34210140590804
0.15087850686533	0.203897368221734
-0.147894978419668	0.195013135363891
-0.154400783435863	0.231243845959634
-0.0656969693031118	0.0807879559881935
-0.308798507762108	0.423221367768889
0.106530331076425	0.12855149040438
0.104037922341189	0.131904419545071
0.25560868837536	0.383025008224342
0.495718823867676	1.0252876079238
-0.430508761236021	0.806277316977428
-0.161867248242267	0.220796277570081
-0.095762604959723	0.11499011531945
-0.00264690055635816	0.00259672253564511
0.131135218662594	0.1991854879563
-0.043075832192336	0.0569458392670914
-0.0367673297821745	0.0362500155767444
-0.315442117985478	0.561036215275599
0.0891684004524167	0.114834730686627
0.0257746096855621	0.0332915842358745
-0.240608328383587	0.373718852463853
0.280353573936537	0.460464737996864
-0.071539499811521	0.0668082897970795
-0.330551203166688	0.430567992082633
-0.637711498688068	0.66474206586105
-0.214020753731411	0.177722054122363
1.03044140138172	0.631050565200105
0.343086996049566	0.280648857538429
0.579718970423641	0.77785159788759
0.482384764525968	0.795112854364365
0.0350666420878572	0.0359888994149583
-1.33246882241607	0.623814192542301
0.137884050032568	0.0276312070347514
-1.00404883081439	0.60424364384049
0.745272362940726	0.778198100162877
-0.00417651183061885	0.0023932055035234
-0.207384626418304	0.118230334638839
-1.08519815874479	0.460286451421787
-0.843893543962031	0.476943645269401
0.0944388366450044	0.0482641363042292
0.0946639175093654	0.0401090495603001
0.102626173638529	0.0610224575775506
-0.229054399104298	0.201973730625844
-0.386788445913452	0.579673095503987
-0.552775126253205	0.844441182887975
-0.681839355708403	0.985899507471327
-0.119269257343745	0.139590947519842
-0.678089308835983	1.30662194985281
0.102734425971952	0.0842746534747149
-0.88729491157192	1.00833507829324
0.171912903106795	0.160365994050917
-0.0620775819032226	0.0485119700888514
0.0837606861568235	0.0643455458051621
0.328608370789029	0.277787979598454
0.292178488609063	0.296040086889314
-0.423172614159001	0.618490037506345
-0.0404351264033404	0.0354179286196046
-0.10647745876623	0.113220941148889
-0.0183743381555062	0.0164724978564046
-0.179756922786817	0.172891202985324
-0.319101232691299	0.273130727635048
-0.471454414173159	0.410274857517848
0.547789884787225	0.614005760301996
-0.0380239498892529	0.0344568726082579
-0.0610257546898947	0.0417516691478934
-0.329252782111323	0.427719503356886
0.00665783993396808	0.0067982995602531
-0.263977032704275	0.440184763852827
0.0310704657948456	0.040090870246991
-0.0135734594464841	0.0175172783818504
0.347081449947054	0.692087865048554
0.697399386962311	1.61227772263524
0.469786423769547	0.965531581357247
0.393497161013635	0.653060728922014
0.109589795111382	0.143135661976306
-0.162858885405146	0.213943552008375
-0.150088482343396	0.179438867393358
-0.801541464798816	1.61293467411611
0.237593509053657	0.386575284690067
0.517468277949052	0.961771609839403
-0.289601559714859	0.396238072100308
0.104255768000378	0.135116200289997
-0.401596812664475	0.598377482919949
-0.108443042790093	0.115516576537473
-0.27921118501997	0.356551942814262
-0.359913657386435	0.617492954312086
0.042791071727343	0.053988123555181
0.125479083025809	0.150997163388219
-0.31716309782773	0.467019554372423
-0.229309691872961	0.323201877008348
0.279878776969457	0.415408977535378
0.130141058764076	0.182873030419601
-0.236039011043789	0.317019409849356
0.394150780659395	0.5905027161045
0.125461143575911	0.155465790682112
0.232137331069021	0.201774066833393
0.1692875085041	0.134401663126951
-0.402648751297739	0.291433927473744
-0.594709698093094	0.675353231479876
0.227796560608115	0.202999981366743
-0.151695110361611	0.0628905755919284
-0.221396684454683	0.195309808623152
0.38011599322183	0.40177016143358
-0.28100536854856	0.0967870177370662
-0.4540360310443	0.199945608558077
-0.761402998700521	0.753475746228669
0.655374549881716	0.741947017922814
0.782939778258267	0.796331504609303
0.138719287628381	0.0278738142929699
-0.587928610885599	0.231737484543186
0.0954055927268256	0.0350697438138082
-0.212719992166055	0.122356480948206
0.0277403727548092	0.0181204036888925
0.109994174015297	0.0953971546996105
-0.673040242120068	1.07793013962409
-0.36438840793397	0.430976440196573
0.232460651202528	0.176040540785032
-0.611362126160614	0.572754991837394
0.121240863316677	0.122023838060854
-0.717649383773348	1.37078795879428
-0.474385125218944	0.657406555480695
0.102801387293192	0.08785217810017
-0.347609955252272	0.25159796907365
0.769050951732878	0.964429282997777
0.945478661264568	1.56434499342297
0.0289407941849826	0.0224493427281239
0.108303774727792	0.0637149043547686
0.0518603986720434	0.0372383518632713
0.0870679577354288	0.0851103244604306
0.232037719401122	0.240169999129487
0.370199929899902	0.449706140099177
0.464397836355516	0.801992317547101
0.0727865076818302	0.0544171335045993
-0.445340484588371	0.366171874179741
-0.047588849727094	0.033101745569468
-0.286399119124092	0.283122841716366
-0.0760786422193826	0.0572964392634529
-0.283333817020121	0.369635112446835
-0.0584276835280707	0.0726019566844222
-0.230181817458082	0.360163542813928
-0.682381882386133	1.73187812723285
-0.47993694553524	1.16135593699838
-0.487781788362683	1.00071712416744
-0.247002697499452	0.437910418477981
-0.30165180368841	0.512854084089593
0.52389805951718	1.0898679440338
-0.347397293809429	0.587150143284332
0.125640983505873	0.171200694477695
-0.349811289020283	0.56435478237192
-0.0929141991174333	0.115782473306658
-0.555906840509479	1.24005790040976
-0.0169768181434367	0.0211696564431436
-0.116261620356921	0.166124369291484
-0.268034710610801	0.445595586461361
-0.483393189640007	0.874196078375591
0.279688705888491	0.414566678632588
0.179807652530336	0.210631386067255
0.192822677286392	0.247185073632135
-0.360376461543498	0.68453039311217
-0.472408103226151	0.88714490943923
-0.254913683348221	0.380988156266345
0.0839899972340718	0.109762218668981
0.0913248836606937	0.114609704978262
0.00565235040446728	0.00663568025869002
-0.18432874185502	0.268045394905864
0.0154260454430872	0.0166256595097962
0.145877103483135	0.20141925708163
-0.320393167964721	0.349345908869481
0.0375098445837369	0.0351928683866521
-0.101311527610411	0.0950902831248669
-0.364108221594719	0.17435566196259
-0.523341389534224	0.368850598519941
-0.0873980680892654	0.0662041390228901
-1.15955615183323	1.81350070630898
0.877199447147034	0.97097323081267
-0.117584053247857	0.0541336365377053
-0.208852682276601	0.0769370977635424
-0.210513150515366	0.119525465145952
0.0972687881566717	0.0556951286186853
-0.199356143965256	0.192041652981622
0.0105067608815982	0.00851196732819062
0.265011521423813	0.340341027484727
0.0490915482886206	0.048414678610302
0.0350440894900613	0.0262323949226
-0.481039676364375	0.502026192373625
0.459702047102489	0.793050567397274
-0.035528219648909	0.040231242512749
-0.64792505284504	1.11708415693305
-0.402277978016151	0.49231434303802
0.401643426208585	0.354904309451211
0.287738139729341	0.314767089339791
0.47425211422907	0.593710971998335
0.961635150033517	1.28031566029724
0.387396153119685	0.398666651548632
0.962195869663092	1.29270926816869
-0.612658781432896	0.820372234064918
-0.0428609089750178	0.0409202827008953
-0.366361044267376	0.525367350988215
0.111428682810617	0.101729517003599
0.125771824163489	0.11353766304172
-0.260360185746145	0.198713903091292
-0.277257684005113	0.266580625075766
-0.00127256129024017	0.000822310508783763
-0.204301966044329	0.191284377785358
-0.124970180407044	0.153191713474399
-0.226400774005142	0.367195448042868
-0.142449197286834	0.151549352942695
-0.374632490850034	0.576537132037323
0.102943594311492	0.116791641729822
-0.107887833658722	0.125552494022702
0.360889779175792	0.670893451302397
-0.230034452533479	0.264801191042977
-0.345387045273192	0.456192298870371
0.10824217203313	0.150817904818433
-0.622395911335342	1.46943381147355
-0.693172809938274	1.26839349841035
-0.0592594671633024	0.055324919157305
-0.501882783050951	0.710690972097052
-0.348438391055812	0.538129731637996
-0.240141024082546	0.457655266520852
-0.229362167335931	0.42012181843337
0.00411083725479469	0.0042124643060913
-0.136944102401274	0.140433488573369
-0.155587610466833	0.179523215092811
0.192930008138003	0.240546597130015
-0.020452103224775	0.0203149029559075
0.509200549371573	0.828428345437869
-0.00623835598685554	0.00578529545026323
-0.144279753843802	0.19968066806786
-0.138903735055876	0.208233318204447
0.162009584431247	0.260503314917451
-0.0272496193071478	0.0313903037410325
-0.243310292675361	0.344324637703867
0.241912587024839	0.162597415336835
0.0182396475045462	0.0110831793462168
-0.291343585151929	0.190619633958523
0.708899794559575	0.770509130305549
0.237777777397369	0.255951206137703
-0.0521624234574409	0.0459713796823866
0.390134286241983	0.517642467551659
-1.08127635757813	1.24958788390036
-0.23759605652655	0.225733615909425
0.464013950755071	0.489372915758203
-0.513156889957932	0.653299686011197
-0.735198224788673	1.09943372180553
0.0480822471142325	0.0478832067455154
0.0925197226328687	0.0975886115737994
0.0262656144639621	0.0240966623103364
-0.179437040764388	0.213903621352734
-0.214116791969445	0.238888738306987
-0.574451640110089	0.856058267517305
-0.303563020324702	0.429234707108627
-0.6505876695284	1.2603791265181
-0.408493444465282	0.508395458867788
0.571823242722433	0.858321528724266
-0.647785261270692	1.12054779622449
-0.160544126575474	0.190777415063746
0.0629653218696296	0.0665890621975308
0.113088131375476	0.129694938200528
-0.181051371005486	0.193609691995294
-0.0883435172306301	0.0893837558477411
-0.0280637496299253	0.0298376162383611
0.171188306462949	0.19385011922206
0.516256194025056	0.681822551975263
0.281440172069828	0.31711637564032
-0.777985884491525	1.19377461128354
-0.569264940802517	0.733084591467244
0.0785679658034477	0.089738284731692
-0.225530892869051	0.275772804069217
-0.223739994217015	0.261964013106489
-0.32986015552018	0.437023859042783
-0.00310429584832854	0.00250375419696989
-0.323793504525222	0.579756022251877
-0.173473277147235	0.24410556463633
-0.161857437353937	0.212859437730708
-0.428594532830627	0.654433372019569
0.00933489670061376	0.00958921161147478
0.361620895303964	0.641468679601803
-0.200318056783007	0.322157126274532
-0.488894610476518	0.842749165435438
0.215563581299271	0.306448481295475
0.521644015883126	1.09748349369919
0.266461966573011	0.472434108614364
0.108440794099365	0.13676070620852
0.217214284586606	0.299819856200518
-0.137692411579953	0.156110542910137
-0.283898783898962	0.415633673553784
-0.425182589692201	0.90265443756999
-0.373392293586771	0.66128688179926
0.36805545282828	0.476189905133348
-0.0550296870677266	0.0633753497703952
-0.0349324854781641	0.0406751052438282
-0.151494710419981	0.201902829804046
-0.0454886220252129	0.0482343456803412
-0.118312477230807	0.154316322272054
0.0240413181099762	0.0239557545674185
-0.513853980498835	0.909631219798124
-0.00459950163825529	0.00465789300684333
-0.328120241933669	0.491948640472358
0.0134392692876743	0.0129551183760466
-0.338097672154783	0.597023155015219
-0.289937853961279	0.400027556624907
-0.546812441930556	0.82254963418531
0.573346560027566	0.915101496314513
-0.262930032711925	0.287710106299355
-0.220549935663709	0.288737884553792
-0.852679331477688	0.570067751131521
0.0960922308185398	0.0370130697196338
0.0893184361053094	0.0419300258848299
0.554987145508212	0.272118282101631
0.276587013689729	0.146045894987181
-0.83131726616745	0.375352333144437
0.845417948162523	0.455739768989181
-0.393571609509699	0.242388065875004
0.24175157731006	0.250924262405525
-0.969374115361835	1.60866202747878
-0.628713289429439	0.658332888021197
-0.210185433336177	0.124380083848594
-0.304405004835165	0.156912595931227
0.31573495132029	0.281776601310521
0.164198974358232	0.13671418657673
0.00215847251035975	0.00188493849263703
0.182407860715054	0.195546611445306
-0.657689879227758	1.15829524338962
-0.253685761530789	0.323035826803562
0.388856138859593	0.528472986017144
-0.346999465940235	0.342680667289805
0.0401461087798278	0.0383739936135404
-0.465415702348903	0.495017591230283
-0.464612651406247	0.859500919625626
-0.418169594776794	0.625216562374575
0.234761487575042	0.276300692597082
-0.567607121289141	0.931585830609487
-0.147380538807153	0.134930408248399
0.336795012662636	0.452058747733117
0.0485174574569483	0.0537094610622775
-0.0873756845959774	0.0855210068897821
-0.555353860166518	0.693797648223201
0.658993935846398	0.900115088420907
0.218986645877475	0.248806086828578
-0.30718231586319	0.346101782598938
0.369553062024225	0.49308019910648
0.0154770468009081	0.0148443627871972
-0.235874937153104	0.274077453919285
0.185257990870317	0.20136154563295
-0.0227070424229575	0.0205765002051061
-0.0284566458344088	0.0257772882479507
-0.367395878062603	0.395236952857927
-0.260393545153307	0.518565781930051
-0.0998965703000713	0.1053853181403
-0.555203623243812	1.13818598756263
-0.436778101398095	0.592910376866094
-1.00631082563984	1.51543778517019
0.108899399040293	0.173634689483248
-0.154762641123618	0.233203218029931
0.026545752306149	0.0229922714599582
-0.508966057578464	0.612700328544118
0.466706514501238	0.65808632580011
-0.251269458809321	0.260057538680814
-0.0664892831840788	0.0994009613359696
0.051821280810044	0.0444463687823473
-0.189928771117898	0.185576258017834
-0.431367081969251	0.561903878547473
-0.771673574936855	1.46324823086281
0.0950042107708746	0.173905696864586
-0.301326664114324	0.603417759349442
0.300455587682082	0.577853019520277
-0.00727209426630105	0.00876805681448534
-0.428835388382286	0.872514350099316
-0.358426797732118	0.595262637189279
-0.652227870199875	1.2701646659834
-0.441122345762081	0.762151516335586
-0.31729419238972	0.312036979910506
0.027701736765197	0.0175397873983899
-0.517520207771994	0.490882748319296
-0.107697405823588	0.0677394779663942
0.318745376359662	0.290996643540953
0.158915568627993	0.118410550927916
0.0219059311313009	0.0137832844459764
-0.50069508817878	0.452743505235549
0.0940864950029881	0.100998076495593
-0.663461784096876	0.870062122940125
-0.45467226548198	0.606073392722985
-0.546117036599422	0.660835049900254
-0.15839183751044	0.179466228847526
0.107902530028506	0.116888069371124
0.314360897056495	0.409149164239681
0.15685474892614	0.192341614608064
-0.261248591433966	0.304003474040983
-0.411383236620467	0.422308682038579
-0.0954966779362332	0.0890195282862876
-0.0728091001147089	0.0858806357255814
-0.240319900482917	0.333703411629154
-0.17897618880909	0.232118752060556
-0.635704805489022	1.41018647503635
-0.236269490433396	0.273830219879164
-0.0241602357301625	0.01956246857411
0.497532472812956	0.486956379752791
0.2787420445819	0.404644413170871
0.188916577388308	0.25576871280793
-0.126951641916303	0.123200504388475
0.265190805374188	0.307392906834131
-0.210235752850026	0.259563909993391
0.411180519763496	0.711706920254715
0.3751792801156	0.611057288282051
0.734154094339584	1.14018008951545
-0.383284369962448	0.350963737939014
0.643568587065038	0.818408337780357
0.756368961294873	0.885083484824285
-0.183909835829249	0.189561565037376
-0.0207799557676128	0.0247314485851155
-0.135853115045625	0.183000113027384
-0.11573066426548	0.166983056212702
-0.309876967476399	0.564356420041561
-0.0201446704143899	0.0232243325375379
-0.367064859084478	0.722747132128625
0.64632287215732	1.22182076140533
-0.447931897977764	0.787064389825369
-0.0258385003934127	0.0301426758139843
0.0124828736716508	0.0145158403953658
-0.360809742457477	0.624279175473956
0.151748801000651	0.192686721966032
-0.202717079106065	0.261018242366518
0.269947913867588	0.434803906159226
-0.182622045104149	0.273150553386656
-0.134496846042187	0.169480156787218
-0.0736698242346038	0.0986123383666039
-0.220933234083026	0.260613496982614
-0.911203298815447	1.78658604787034
0.885195134592463	1.28363570000161
-0.59540885109802	0.630506098104029
-0.145298901125806	0.153832264900472
-1.38547308302717	2.82682720049035
0.0364578725276591	0.0275854296959307
-0.279058466876466	0.094072559363689
0.0925970974541875	0.0395034246350709
0.0893035069609575	0.0335477898146192
-0.399585349034207	0.117760480470411
0.096388793268559	0.0291006075115741
0.0993604252810163	0.0411035150375506
0.0931442284249561	0.0318235508351483
0.0882105293693008	0.033846485037699
0.260245010976491	0.14688853321712
-0.301675733991141	0.318642508906528
-0.900647103253609	1.01501119675511
0.687187468562345	0.613784664749832
-0.550989482161853	0.294223517765584
0.589168051892788	0.370379895483863
-1.16332774979244	1.16249409207891
0.628365464784503	0.539712033695407
0.701131864500051	0.85930670132485
0.23539281319048	0.279416646387884
0.0624556680508011	0.0704331307249206
-0.110245754769153	0.123095233621472
-0.862181346095156	1.58783795001306
0.648099684129412	0.411501817455051
-0.157137654334935	0.123909959619409
0.500676694536749	0.588582131860363
-0.356024972228162	0.483762758804235
-0.0993317975529845	0.119933764786295
-0.176752443911933	0.211261573322715
0.285616716877701	0.299116969398959
-0.353316868085763	0.459822332431932
0.546078273493261	0.884558860071204
-0.0544128410156075	0.0483920775872905
1.08947006875294	1.63136465307244
0.989892527320413	1.43124237692285
0.382025220599965	0.445408437461038
-0.535829411931744	0.798672833555845
0.213614678963909	0.283240854238808
-0.56371933006742	0.825042760993653
-0.202515483746704	0.25598792647813
-0.0963113692665476	0.0967993092240528
-0.617695123706007	1.28280577810815
0.116023696464995	0.159460288055614
0.133575376063411	0.187166881313226
-0.377436491861333	0.654852240332357
0.174092341687421	0.258315774056944
0.0209563070038013	0.024847169487224
0.12079853781463	0.162206598607357
0.017329833447103	0.0196137679655771
-0.030656507521314	0.0318527274693944
-0.221456275629762	0.272341626573926
-0.734748666410944	1.60307255051138
0.46802717822136	0.914056350732356
0.166220857991342	0.226381425814381
-0.430315748200612	0.740666343561164
0.401535190104617	0.721589835309586
-0.344904731802622	0.543182882924845
-0.38055651611328	0.643292554196659
-0.135948025152257	0.170928391104053
-0.120103554267727	0.146092461704742
-0.0734514797633714	0.0885724794055764
-0.0828583627327365	0.0827352444323374
1.08344536178364	2.02655284044755
-0.0903986750817052	0.0683023956453472
-0.0485515847245207	0.0334734274513668
-0.807406425044051	1.04775332119622
-0.20324135177058	0.206960530453009
-0.222739549812087	0.154713906051154
-0.100850698046911	0.0849990767645113
-0.475607171392374	0.53586185750539
-0.285517655116161	0.324256147885233
-0.931562176394011	1.2738592044595
-0.449438468821979	0.195919862703638
-0.665687012567896	0.336827199426861
-0.212169381418122	0.0804801791991472
0.379884028692276	0.152766065486777
0.629977543331343	0.295071200113915
0.0831934473186253	0.0303295617325782
-0.0933363079021317	0.0451337291097584
0.333843015870512	0.144908529217082
0.0237444004500799	0.0185948825166498
-0.22942325535109	0.201873646193086
-0.184659554161762	0.131922456737377
0.0959585771896363	0.0440644774154138
-0.15537842257305	0.0636936995603567
0.969214537702507	0.883094874985328
0.24734884423163	0.149852374526972
-0.272425563959427	0.304109875775294
-0.334132339372818	0.396047479773843
0.284091049266734	0.333299368707539
0.352438930069795	0.379519054383919
0.24199727197817	0.147522678841731
-0.213859758723876	0.15452358222773
-0.17647188131987	0.140846787094562
-0.394340089560205	0.515936484377848
-0.526677659596872	0.821266851613825
-0.0191688396818346	0.0172072230053032
-0.100938513770017	0.0799817464385867
0.657932132535063	0.720686947681663
0.870980339301688	1.31487954613548
0.282556951252836	0.338119388483144
0.645206353423669	0.725995801600456
0.386163570649049	0.398193046347108
0.454106657327178	0.49911693073216
-0.126174596703029	0.125867730865188
0.0700711665471891	0.0639683090855381
-0.142977344677148	0.162445992587751
-0.0496803815820771	0.0612902412734918
-0.134897336150732	0.184308823896225
0.274993020881782	0.435375693569832
0.166980497638895	0.210979977992308
0.0759912644814416	0.0995029996647363
-0.242112261722697	0.336366393694145
-0.0284670812082375	0.0330307928951341
-0.025051289058523	0.028721833264463
0.565690871862011	0.996662332680866
-0.444181932606494	0.66480790153559
-0.135525161993853	0.178671455560432
-0.0886979279289679	0.103686564674585
0.248620691322511	0.370613740765973
0.421674489504492	0.826201691867633
0.0829272846834775	0.110867228505448
-0.153110411040513	0.195243973448991
-0.337643992875673	0.512063131335079
0.351932404649239	0.563395168367409
-0.0629415961753053	0.0689034292132092
0.153929300075066	0.162861391157785
-0.413682832341244	0.504856936282874
-0.19425526361718	0.170394436146811
-0.275809090370457	0.271588123862677
-0.132265143205545	0.0940524727444974
-0.578848535996291	0.912397378564116
-0.011311486124744	0.00999736439699319
-0.722001091049667	1.04722195594343
-0.212719992166055	0.122356480948206
0.305464889384794	0.151070771861479
-0.395878567354357	0.247757605835433
-0.583948546103782	0.23094954385842
-0.246137393828563	0.130156897490723
-0.11863037447501	0.0530617517232199
0.232705435212448	0.178312418036592
0.657689143737957	0.746512936465959
0.900477382100128	1.17562455837576
-0.147389538607487	0.120575035517998
0.239283092884482	0.166509569890483
-0.181114026173405	0.107176937961592
0.226302608397481	0.250254611990334
-0.118948503226799	0.114610911636159
0.0792324921889817	0.0728224127313967
0.283015901001981	0.331030712714318
-0.696279126074515	0.768614265782539
-0.803362635353206	0.954791394410121
0.387864991136996	0.381531260907901
-0.376350657093734	0.423105261099678
0.0147706854765823	0.014250452658976
-0.312380866767802	0.368784315103075
0.17456456695357	0.156201706840191
-0.92507439727545	1.25422729696986
0.631138845722439	0.957007980462492
-0.0332923429878823	0.0329269261444759
-0.823808831740833	0.883025562269633
0.285077463027802	0.324534233545116
0.493244115119973	0.655822426583268
0.1440183094689	0.143719704965017
0.225206283191697	0.221579870743266
0.368387836782139	0.483086983335769
-0.164322620983602	0.174093486009704
-0.0307700158076002	0.0388932421012384
0.196500332921302	0.310740489934292
0.00172598643343792	0.00197435656787673
0.531590683879761	1.03429467242616
-0.0650092637335709	0.0743984987221539
-0.259905215058191	0.400307928384977
-0.605721498251345	1.10313923411504
-0.0262392626729592	0.0301120257205671
0.094367730058347	0.119955707566516
0.0277992326248285	0.0319853974448852
0.1516229648207	0.203483932387475
0.120826394489156	0.133319363687196
-0.392847061946578	0.658939731863642
-0.337363295193508	0.464847857778165
-0.0156178557107857	0.0183573935555204
0.00285761825844874	0.00307999308865637
-0.451642380863463	0.669179714796243
0.00682300320031658	0.00576310777114893
0.167797591343429	0.142713655289167
-1.03483766510935	1.87096280032547
-0.315156711970512	0.44144376059693
-0.356329261903185	0.54652818989852
-0.462753419621319	0.24541294864057
-0.554956498951537	0.284566461752271
-0.664051782045306	0.327073049329403
-0.550792712667334	0.299580049189376
-0.209132456638137	0.0760202556563843
0.096159654066634	0.0451783113234835
-0.111370622984601	0.0484798172120263
0.731861350362145	0.673256160132422
0.0680605697087521	0.063726253379296
-0.0177830168412722	0.012495003782351
-0.290378279335121	0.19995154455372
-0.0226685928031716	0.0130600646808314
0.448238983722486	0.392002189779985
0.00303217445919853	0.00260356380528937
0.672452729924789	1.14674119985382
0.215253377990566	0.243783202101477
0.414003695431737	0.398551377324885
0.432929236502945	0.499206587102426
-0.0656073044772987	0.0513982468828829
0.0722897722433485	0.0697370750794036
0.273289928963655	0.332485621554415
0.219815521221788	0.241617988594305
0.556428389697968	0.773200251002013
-0.473452638251311	0.4755851421893
0.235465521637462	0.252547156754683
0.714818983532036	1.12218582052041
-0.104694854612355	0.0899560353360852
-0.215933566402649	0.219925214107249
-0.0256552084931326	0.0226829963982807
-0.423914744210858	0.497150057357353
0.0496909091354644	0.0433446904649692
-0.259558279029042	0.328548026326736
-0.231008488803463	0.25247866925531
0.0958490856887411	0.0799374509528473
-0.122364673050509	0.0913836266160542
0.328209053555084	0.565119310262211
0.185755618014826	0.273153825887978
0.25941038792229	0.437610633075087
-0.159011190501784	0.231609446673132
-0.185468461165562	0.258636976793509
-0.0580389613271388	0.0743816390016529
-0.0491549210939082	0.0635668041545393
0.223085865483391	0.32994164153593
-0.132311014253153	0.170009943156234
-0.26899157549737	0.461623719524718
-0.095761783545702	0.090072091213403
0.913642250505325	1.58642289551181
0.734206947024746	0.867123158559032
-0.341627614135387	0.283095558810181
-0.265941028699005	0.34501885070598
0.447259048522023	0.64046943960482
-0.693903266727002	0.676494249770185
-1.08666926068694	0.451957124311983
0.469146754855579	0.16865764734221
-0.277542403878331	0.0912625630245346
0.101649572542974	0.0309006320571505
-0.777784910101698	0.276721483443641
0.387455096500783	0.158631103032102
-0.114774850170122	0.0502399580695788
0.779890330001478	0.751789889424417
0.251809724213974	0.160666675653329
0.668901363156469	0.539026407883124
0.326299727045419	0.412435196841163
1.04499100671146	0.774362793580707
0.443507347143881	0.376782520473531
-0.312804139147717	0.237575094199622
-0.375710303638537	0.542469353151009
0.0628888208291293	0.0730611121196851
0.00927369223177032	0.0101638469909581
0.245531490598269	0.257764764991863
0.408455024598624	0.399131296538316
-0.0705934807979002	0.0607355175423338
-0.0283975130275847	0.0245442284127424
0.445039955614364	0.489730505833345
-0.130917338352911	0.0977237397841774
-0.279598149681445	0.242020613728411
0.127102733046492	0.147429706444792
0.18965882052527	0.175928292645031
-0.0809286096507524	0.0913906502888813
0.765399594945003	1.41450180667357
0.0788940374215536	0.0761627686311375
-0.191192267473679	0.16418260721563
-0.850884590553001	0.798970719200178
-0.955645149070052	1.17337933588582
0.240058288739741	0.210563018103559
-0.127405445568135	0.124197250734419
-0.842787925849418	1.41722427818681
-0.419892343021286	0.517172172640284
-0.259675349872316	0.326351520754445
-0.456260560825802	0.6157718482977
-0.646718181523468	1.24335755103313
-0.181532494994219	0.258916074681259
0.0539389884481866	0.0654483013789046
-0.0470841966061536	0.0524476459880172
-0.444095741553991	0.678137826938829
0.0473417462634361	0.0585938585015405
-0.246341340034818	0.271521976148515
-0.263319115254331	0.203581263523954
-0.0910367814865134	0.0591517916053912
-0.0353844923983094	0.0234030157874737
-0.930943089874229	1.48610722721992
-0.65813719984399	0.16358739594207
-1.17926888214769	0.359283326343532
0.123976331196576	0.0321704885802751
1.00578360923222	0.481254444539394
0.962264629555823	1.13128767083408
0.0916554739032277	0.039581692872804
0.591413155544331	0.403014496242949
0.326754196017696	0.286682928479452
0.0523831592126027	0.0431640990040734
0.487099290662368	0.74727170573398
-0.0295660224481994	0.031920644723847
-0.27998628678182	0.360208723448854
0.326339508696498	0.285318330642812
0.430378779272871	0.380963061138933
-0.0651732855633216	0.0567879257729101
0.291491478097555	0.327354995422251
-0.309496726768548	0.257623623794534
-0.569867234655336	0.569262982778285
-0.293974273279327	0.280201994444177
0.00438606740528747	0.00391903855473479
0.460545628887241	0.654426695256996
0.26239506105937	0.337181380232002
0.219676773791479	0.260157479591059
-0.142361187802713	0.124799163394755
1.01205189403239	1.11055298715161
-0.764147884238116	0.669760047878358
-0.0686241966526632	0.0602287570180014
-0.338613395682512	0.213427169234062
0.0465509597441201	0.0379434110582128
-0.596525769073709	0.499601579982508
-0.386228374146001	0.432421059933908
-0.246147527295799	0.168704114972836
-0.626900193435032	1.18107961079377
-0.177984339257409	0.253700629662341
-0.321011651784716	0.610871194893208
-0.0901650097873243	0.119878101566748
-0.00771771435423417	0.00965921509113446
-0.497393194510216	0.72644839699957
-0.457752384517886	0.44166158017803
-0.349073553561721	0.294444718761442
-0.273472226977008	0.21678085075935
0.977698859870243	0.360016002720283
-0.581852184814292	0.223531664015982
0.462235391280685	0.168297810515123
-0.582505441533262	0.235735959618136
1.2173396362309	0.687561376526335
-0.156667628725133	0.0653539445676703
1.51636736357845	0.689535853038626
1.40284757656063	0.887456069793821
0.550381447461205	0.399016896755133
0.830962902404085	0.906373743448962
-0.306263575076212	0.362842439480842
0.258055465871313	0.336398795270477
-0.249071867987447	0.324630496062317
0.370150405453107	0.401489967703166
-0.17413404430402	0.141580941816404
0.426365378590282	0.562963816271257
0.228227505664685	0.224617454103183
0.163301775975587	0.150637920454298
0.00930746797275766	0.00709372373983549
0.299621096931182	0.309204257906441
-0.347617633324371	0.310247860562192
0.421417749352603	0.539849662818536
0.820590024003688	1.7382279503843
0.436773004998839	0.642287121574422
-0.452190395620317	0.476609459440164
0.892940705902197	1.40378930289986
0.629473069572905	0.53498565573202
-0.16134182125309	0.131016667294215
0.942253510523518	1.21724432615731
0.119654035406377	0.112647381239314
-0.594407538656579	0.778283588654986
-0.546835842637335	0.60501580205684
-0.240159509396769	0.187091636074622
-0.215045287483976	0.152505778228722
-0.369712274641504	0.398958299645371
-0.160921096086867	0.11899203945516
-0.0793141391828676	0.0857826251327148
0.0305797408063228	0.0375710385198068
0.0655499987012939	0.0890052152245122
-0.0534712242722595	0.0691867777354182
-0.0791521225747866	0.115786955053113
0.0178628217742127	0.0196861822139052
-0.346983194914725	0.590957102153271
-0.16536471100326	0.232731746155934
-0.320117788781242	0.284634857892012
-1.18092506917026	0.368773047437297
0.0989138446100265	0.0353012778620699
0.379236093901479	0.152283902967799
0.297707480929904	0.144552600226225
-0.280299952976662	0.0962838321108
1.50858045403691	0.764975951686878
0.304084644002196	0.311970555121946
0.0384913887070502	0.0313164923713209
0.632249967604511	0.298128631090027
-0.0542513690052087	0.0552775295878066
-0.0196908087179666	0.0213096084211909
-0.737334581658458	1.19640013126789
1.16873391181227	2.20044908939716
0.462171811597263	0.496747992602778
-0.613180043662708	0.721670793130165
0.00443956091238004	0.00408581870452367
1.06676034354331	1.46051769447795
-0.0734017906170561	0.0495139421665773
0.396387552009323	0.405855579640501
0.178981369826457	0.16871260332921
0.124339982525864	0.119429003967471
-0.254767880373706	0.315544572211044
-0.417079262324359	0.530760864759484
0.104935455448279	0.0895351502138999
0.317733385547811	0.299038313626636
-0.495522792387591	0.454563506618032
-0.0131563604482356	0.00940161993425609
0.866750722954343	1.16605315544391
-0.245123624613368	0.280787220270778
-0.389217783519586	0.314779727872611
-0.376717989483614	0.586570346691056
-0.0876777593565479	0.0967696659470316
0.393785908861955	0.269631543662747
1.41138162807261	1.36627026215629
0.103869855421296	0.118875672356159
-0.10335417956533	0.135313176608734
0.0577790251129773	0.0786062614971246
-0.0230633789499755	0.0286764832406708
-0.0651365928133843	0.0937919832139922
0.0479425624697666	0.0678461621933635
0.0132134248469426	0.0166463668352037
-0.193896474145802	0.313749989766536
-0.0603957921640918	0.0815670709006232
-0.10445860962247	0.136807844777014
-0.270576710003244	0.440829723091655
-0.159577692394429	0.216345334254368
-0.245095247857268	0.324351839551446
-0.248108401335546	0.400301121280102
-0.0827689555388865	0.106846419614425
-0.0915958159368212	0.12578533380971
-0.472968135179398	0.944774170049937
-0.147769859943932	0.200623633970572
-0.262869942852758	0.406804536741172
-0.666111722565712	1.45196606242103
-0.47474152192002	0.574782956612978
-0.15097430971785	0.110894775094126
0.137755951151155	0.0278992132091276
1.41300915646821	0.464933497345061
0.55209998195322	0.287926108969597
1.22267597805737	0.671607313317384
-0.211903040374117	0.0757436804778051
0.138719287628381	0.0278738142929699
0.56935354501222	0.611177386744287
0.315692255198764	0.280386989289059
1.77691026280748	0.69792980988039
0.323149718352436	0.275105206331775
-0.0834132497604982	0.104302580024439
0.547931539184612	0.929275275592498
0.0661166781557593	0.0483841793129711
-0.632138810664277	0.628731687708296
0.166770873298696	0.164546642403908
-0.607803321638412	0.740434426744818
-0.208488303574989	0.168492420771823
1.0161929564512	1.64393284833551
0.469361230139586	0.503438185934396
0.233899905879269	0.26169968665055
-0.0164423765685416	0.0150970682609281
-0.535652043560335	0.90673598544429
-0.0936659154640911	0.106437830500837
0.280179670870882	0.335782330867516
-0.431572115299622	0.391473707011151
-0.568495796336662	0.423822823484803
0.804020239062119	1.01907509203409
1.37463060714562	1.44939552105665
-0.678723599530735	0.963207016455805
-0.402682090758617	0.296191866581612
-0.274797985012469	0.231501026411339
-0.533179978134214	0.783917885327477
0.0961699884013129	0.105908543936205
0.374421447736206	0.57453530927152
-0.276569056556576	0.357898182231207
-0.532507702660944	0.788241823037164
0.00506389625152961	0.00385975787658985
0.246675328103604	0.154673180747365
-0.208932648322548	0.143991630484118
-0.00930605729587094	0.00946024246874832
-0.174594191329296	0.256914196004176
0.264332447617851	0.474122930497164
-0.0728826825733282	0.10258830556712
-0.0519476989782838	0.0762204752824458
-0.420677749539113	1.02067971288052
-0.292953817696176	0.603233311958775
-0.105268222491387	0.161279472578869
-0.357247202437913	0.771780515768474
-0.521343431623142	1.23517262544543
-0.105828628085179	0.144656487827399
-0.355669788270433	0.510167241353231
0.0294509311039821	0.0385331720904616
-0.369664327776498	0.748072649597718
-0.370309720826659	0.724804930887341
-0.111403301412708	0.169729608056365
-0.0350466114489259	0.0517632323724893
-0.367999783174772	0.691697985513812
-0.355220166920909	0.567676697550115
-0.169552321379704	0.271735770526893
-0.508123309663345	0.639483951773074
-0.213014017231953	0.251818623627033
-0.482479549707323	0.503033848996664
0.144488614945356	0.10798151104863
-0.216722411144318	0.225798626644438
-0.359740384720621	0.458367938257776
-1.9910593089646	1.96662241866807
0.137755951151155	0.0278992132091276
0.104172183965817	0.0308550491060492
1.26752082076007	0.539639541921768
0.096388793268559	0.0291006075115741
2.30133298560387	1.17414678866318
0.241504524767739	0.159155111088757
-0.0236066934330857	0.0167778150347234
-0.214018387228733	0.154653088867533
0.456449724653331	0.149808340249511
-0.121568853552842	0.0541075267678789
0.960106126102739	1.09446194578055
0.77668527987853	0.738812920376355
0.242206841331248	0.163446825336303
0.00210556114108707	0.00228945772445969
0.736014458643925	0.548435746084399
1.18534787575078	1.46734315168856
-0.240971984925345	0.184728766466685
-0.0763909999005541	0.0823084878800325
-0.48760976248333	1.05317390327567
-0.0348120160906299	0.0393528397744981
-0.0858388259382763	0.0711640472805748
0.0319919403687009	0.025764774448898
0.0998169856900719	0.101499213321152
0.699100096633349	1.48986291210271
-0.644605520155887	0.72274637729245
-0.109989302646639	0.0896095958537465
-0.194268257482312	0.18779337178601
-0.238848652907658	0.309352348661263
-0.0113442928603026	0.0113402001591425
0.519069525767243	0.997509370474675
0.55648400831858	1.08378018647259
-0.576948194222924	0.869201502470131
-0.158169713135792	0.130145080195882
-0.347336168133007	0.29014257435998
-0.095027075330227	0.0805882563054581
-0.755086659019918	0.940397889044328
0.175698214296543	0.162995717268037
-0.0858309639034338	0.0819901011721274
-0.173930558128947	0.192501101829367
0.421134386929565	0.709876412388764
-0.0786765246244766	0.08849473755301
0.318048184862919	0.27274942377554
-0.113919509968607	0.0711172686101726
0.0127475583708151	0.00773810711261991
-0.126453589545757	0.161011930051641
0.426336459108733	0.856691119702419
-0.38452545731339	0.713803998101028
-0.161255081483519	0.233220790864485
-0.290184856297265	0.545945499357086
-0.140894589236077	0.227975807171396
-0.0542795927466178	0.0755969906657902
-0.10333036813455	0.148243832596817
-0.345095556785404	0.738107277903223
0.000278774967945345	0.000321551767875983
-0.130209087854155	0.185589114299485
-0.153422192445525	0.231344134345101
-0.516701076929032	1.07925840204004
-0.611426098003388	1.33431544765592
0.278358069589685	0.507431932308927
-0.205047914623714	0.323188316699173
-0.315803554300339	0.559014367973726
-0.221302887177373	0.373899071959492
-0.38967249624612	0.62616645982981
-0.318141915882308	0.570854325175004
-0.223590437720578	0.347659138185552
-0.149636515157425	0.197137927719114
-0.396446879588625	0.574427629875987
0.158340632554142	0.212817546647879
-0.324909603536499	0.531100116601322
0.0621135775521535	0.085685296224554
0.432135179171673	0.851254887510758
0.492295966941438	0.983906533342169
-0.344917047256369	0.558473597225044
-0.000791714621122092	0.000782993778920282
-0.405273672550354	0.769696619586404
-0.233345941041046	0.346673329335894
0.753749676151635	0.318868432860987
0.684084326094797	0.767403686298214
0.148131770073338	0.118688388051856
-0.859483731685364	0.680469349556285
1.03147198520397	0.616290505867248
-1.21670277608422	0.705346228585062
-0.385268491684891	0.23272343017188
1.1702284905844	1.06165468115056
0.0638586445196973	0.0448544258052434
0.155065980746108	0.168569525146675
0.146946331018823	0.190004197066527
0.507057857445641	0.356129123132226
0.629847721001927	0.638181925260533
0.885904937416866	0.828558779654175
0.107153224040301	0.114195696386157
-0.358033719361488	0.575446577732299
0.0746121164563802	0.086619009507526
-0.0697539344238121	0.0545696269050292
-0.152465812052441	0.122011925213835
-0.127766076261319	0.138862839410645
-0.0999347129925702	0.106738953317886
-0.347728035885292	0.293693570255526
-0.259325888291082	0.244241058672458
-0.140416823105863	0.12655440481127
0.0295947856243154	0.0260527935939451
0.148230839240062	0.181286324372133
-0.0390107424819862	0.04015276425792
0.176632871746603	0.235851448934115
0.160781451096701	0.148082277092606
-0.763952719715208	0.944392986531689
-0.0112812968271586	0.00652170445546654
0.076300489204555	0.0587648773215912
-0.218253358876559	0.192186184276339
-0.675233490466129	0.896263384159926
-0.00117456079081063	0.00115469082460927
0.441241179681591	0.633030578765201
-0.207449589283857	0.267248425621031
-0.110404442699822	0.0822087470762888
0.166545747825535	0.15804224213425
-0.54051258755059	0.59304677704134
0.327196754547583	0.290304343673449
-0.270605269185398	0.21452059328202
0.0748221791198203	0.0997848529711908
-0.0438871741019108	0.0604575686865194
-0.519275494981655	1.25386074188505
-0.0614318299829847	0.080529432995693
-0.0896166777009141	0.130990786868833
-0.0435702305821726	0.063203749033645
-0.421067474996366	0.823947384124176
-0.235481884609628	0.418662377593159
0.0759302134981672	0.11175839885289
0.0578322183688825	0.0823209320417039
-0.579847936396629	1.4415971579587
0.017339965797212	0.0229933561003649
-0.382474219225258	0.693618714059886
-0.333767772803237	0.474248227842963
-0.420539361021125	0.837479864598544
-0.304234105931643	0.554391161372779
0.253923571818624	0.406378576190251
-0.266780200170723	0.46732707036776
-0.0933305817797036	0.129839587337081
-0.0695474377265977	0.0870993375607575
0.0114999238342734	0.0154352705786686
-0.270994684375137	0.521486755235276
-0.127282797060728	0.167119162191236
-0.0970286651066925	0.113380467562397
-0.63273397738806	1.22156997741513
-0.0661575125924358	0.0818157285079572
0.150950506709429	0.210283215125641
-0.16405473211408	0.274629909913128
-0.383721678261179	0.769114795962431
0.218598062714403	0.33222667460456
-0.234534877500861	0.395550938144473
-0.281878365431695	0.436881670721937
-0.639076460619352	1.45250718244807
-0.191169034783262	0.314433319976574
-0.2172461562834	0.249544765001145
0.642836810918333	0.375616922966382
0.0992225688210466	0.0843947689934526
0.246085101692799	0.245225657166511
-0.288165161554562	0.191538366643952
-0.0449596392874724	0.0249575995334401
0.264919442228426	0.154554232829123
-0.396645674003606	0.318255840946263
0.840686790053694	0.921572169148329
-0.130994462255883	0.108937578588537
0.665356664633786	0.653939557484429
-0.174680908308561	0.142342373975669
0.107928431978132	0.0909240009623208
-0.538513562982794	0.894406817988701
0.0573615523650719	0.0696929263541826
0.245733763380063	0.391482505974148
0.0561963339620828	0.0555369460324646
0.0378752247087487	0.0288402747659363
0.151260036616938	0.190380457460898
0.300352704458792	0.425691020241271
-0.56830906886749	0.578360190776482
-0.476424607126454	0.545990744645069
-0.4499032846139	0.550472698467327
-0.324750017674193	0.434969135722486
0.264588193748382	0.322928414421875
0.26852051951753	0.373639037988548
0.0129526994900274	0.013582556444996
0.430808351078153	0.528794909602678
-0.0209624352802924	0.0171269947043791
0.031119703872459	0.0204298557619449
-0.316287265096306	0.335812745950489
-0.586280643419099	0.740450380742197
-0.521361585142159	0.728976533046557
-0.443965215013942	0.607749553722837
-0.00794838251991553	0.00822012766400684
-0.464039503314784	0.783852470546623
0.320389583758499	0.310938422865775
0.153324497409381	0.121609617559905
0.0653323584319394	0.0585091116090653
0.319817818275459	0.461007285820763
0.0320091734508176	0.0411233046939316
-0.194205078560972	0.348035721289317
-0.182677544142816	0.319086226405936
0.174552886523198	0.254058197839667
-0.38018609037719	0.541622925914693
-0.257657483586754	0.404658425519839
-0.284964506960601	0.41054040225652
0.106815963081791	0.137026293117959
-0.0433382285541227	0.0589007380796658
0.182719339340181	0.259368723163218
-0.347392763634954	0.536603943944313
0.0331790312088909	0.0436660879366056
-0.902097612567998	2.86250789720559
0.191717092379995	0.270349515948312
0.313114166344664	0.386608249144664
0.0405481259581405	0.0385836330539176
0.1218092905878	0.147589336499092
-0.137748680909288	0.226047529373441
-0.0192841160428378	0.0255973851609356
0.292131110432936	0.316010223591065
-0.300238613264839	0.445151447716552
0.781083591616894	1.6918498419392
-0.167823252092858	0.196282956985339
0.13244684525153	0.138735034110824
0.086311787268275	0.128224654990722
0.193872020420184	0.269736715413687
0.192902752188162	0.239658680876306
0.548420970734457	0.978810226066179
0.234454050946667	0.323242115064521
0.383602032985715	0.569053854870797
0.213034945622802	0.278977045400708
-0.25621263200678	0.32969226729916
-0.332122078042908	0.49836227428094
-0.190266150889627	0.282694510966665
-0.311710292222674	0.600499953888743
0.59118759722458	0.386050024857243
0.727606347227567	0.5657336160891
-0.119350851645507	0.0883825671824086
-0.510544528724664	0.756627373993879
0.337320002991508	0.381484294215715
-0.0962692475090843	0.0887623911484625
0.435021074860046	0.38522764182004
-0.0905883247200271	0.0762121540651629
0.349399161090017	0.395936271233354
-0.380387731315108	0.482228555439663
0.488778162943105	0.839546327073648
0.227788944971244	0.21124891300475
0.776027458998612	1.25590544556842
0.0462656454207413	0.0491942838253834
0.156417495591234	0.207164523240544
-0.146549007096977	0.157773116387599
-0.627981146379579	0.964188867774575
-0.166610496843222	0.223059029129258
0.0216464569199047	0.024556824309824
0.917157853933106	2.00664846507537
0.051924068364021	0.0583152617484945
0.113245197813792	0.1318620656432
-0.347968236796933	0.440578188264452
0.0765943179637459	0.084626748288059
-0.442224135220499	0.62303985949387
0.597851158858054	0.734444992829392
-0.102737264109994	0.11323191019568
-0.750012324506822	1.51254326877742
-0.45064014461782	0.678062871891008
0.124657932027648	0.143468806680518
-0.547479464654159	0.927734064592431
-0.0378349424848758	0.0375125137510594
-0.143492375705464	0.16150373132778
-0.50002145113886	0.771850672166482
-0.501581299051351	0.71852269422119
-0.068977408243308	0.0590162468646254
0.445383368994547	0.379749560913226
0.360860891614731	0.273539577431096
-0.175041062614941	0.166757359208449
0.857122473205965	1.63100605608229
0.00291782081900336	0.003530829260752
-0.0595178672441623	0.0933973861310471
-0.135510255637696	0.154968382571115
-0.201145394425461	0.258998811066509
0.041596104918825	0.0507456265182852
0.039071130541609	0.0418927457866676
0.0759175974859652	0.0889972391917098
0.331819798908791	0.404613494851265
0.563002641795497	0.782633745145695
0.181683741200827	0.308424464734804
0.322009787715392	0.512264985824809
-0.019587620043511	0.0221793844877893
0.114273108923167	0.10935932147854
0.266409347997631	0.33012932871666
-0.28201838394262	0.304160625977386
-0.16238693735589	0.256091774953399
-0.310951022103065	0.533635865824722
0.114555745279637	0.1017094209123
0.191390022791918	0.198660659036509
0.288876885104743	0.31208489737914
-0.202794859401885	0.235304244379536
0.981488194613868	1.78778892343372
0.371930968308307	0.694054886614148
0.598040400909525	1.04306902500586
-0.191576557767461	0.211674087967276
0.18662002001187	0.185632871058761
0.226892094800485	0.270927359349333
0.264861034797717	0.307565678740798
-0.615063251607223	0.908687235511431
0.592312952249739	0.847930976521731
-0.223928739059348	0.245221295117008
1.10576972155093	1.24135260599537
0.820039340687235	0.875958976897873
0.242464882640892	0.159162240310999
-0.563825642709825	0.448966487952536
0.369949905802617	0.477489915504319
0.420967509932503	0.487029299943016
0.0320746266390483	0.0246227335981041
-0.761053610284851	0.84639044426477
-0.59130607944467	0.669139248604584
-0.150416292978403	0.149601359437109
-0.578263577373086	0.829008197602678
0.237240625804291	0.317327568001006
0.310909114604156	0.378320321344062
0.118301083992811	0.115212309871469
-0.0279472714486034	0.0246832515712488
0.0978528876301326	0.0976951362180891
0.514941182780802	0.601788135003029
-0.184303997577956	0.231738000225174
0.189034346284353	0.249912752565125
0.718836873334747	1.35764539712793
0.349597755946857	0.471398176302883
-0.0969733113627739	0.107593878367894
-0.143666457911883	0.166915237597635
0.182729118227559	0.207656438698259
0.725580344026867	1.11571516924317
1.0663161927478	1.80245829871226
0.330624418680053	0.401045562073169
0.222569888464651	0.263370728369112
-0.428523907137077	0.610864952095451
-0.357218612040825	0.482093465495427
0.485411775712766	0.65105324667327
-0.352019697299101	0.454465368334317
-0.0170851904888084	0.0170427707399435
-0.0488096215173844	0.0340428103488045
-0.627832171143764	0.626286852698415
-0.375740802125428	0.393099371540864
-0.108079443335566	0.100066362754494
-0.264860147014296	0.28968539495056
-0.518655972390279	0.662440475319285
0.0320686143231779	0.0449294901971467
0.0130214391393118	0.0157888052185211
-0.534350585595892	1.09327981928095
-0.0986705134945514	0.123150859402062
-0.169797450055615	0.246554728202146
-0.0181464986031547	0.0214835997108603
0.134489925862045	0.186076983568505
-0.451503648176762	0.809777043959448
-0.0388170140297801	0.0472935091310236
-0.116106795262531	0.146711052177898
-0.23429988173472	0.379719386877738
-0.825773270157291	1.83451125140188
0.378200604450245	0.546883111523556
-0.088387259704771	0.0964935757021213
0.159717687609577	0.215193062925091
0.137714972811229	0.208776344776649
-0.124581941996698	0.169306138326401
0.365617897402671	0.498547309667787
0.0911305012095284	0.104629179415884
0.782027851324362	1.59140713483871
-0.00743902457686014	0.00683699419334658
0.318500897427525	0.43043251175169
-0.208145186128692	0.322234128332627
-0.0824475163884209	0.0902304875544631
-0.0760584957070098	0.0832474523894029
0.527285685486324	0.969163133157469
0.263496353366966	0.372257790811053
0.111831216631249	0.129684247294494
-0.210680815670704	0.292789262487754
0.273713176396891	0.36313043556403
0.00877208609646789	0.00841521989886292
0.306002922581919	0.150564366081843
0.543630756510246	0.279373153766967
1.03103836951995	0.637669048481874
-0.535519697432883	0.583436688878411
-0.337916123845085	0.384462624974546
0.174474248504478	0.156744255734217
-1.87758687177263	2.11439605436663
-1.1244684962704	1.17455452827747
0.166599260529942	0.148287554647236
0.712464872090285	0.767498739591728
0.128029461868482	0.130040291985842
0.355851177236625	0.497410663644998
0.160457099772599	0.203287791513191
0.357791726628311	0.534213375301641
0.16102542367328	0.199526570145669
0.0527341964153155	0.0573539876610704
0.315818219515065	0.409075439348814
-0.192597960081399	0.177400733721225
0.458906927471293	0.696365898002745
0.683072158290948	1.2956516614216
-0.530232318006456	0.702364072785124
-0.688932527168215	1.00903732858438
0.109073658798824	0.102281020955858
-0.159066017968757	0.169370290890558
0.00122836436604487	0.00113487462754237
0.207549174653742	0.264968679431438
0.310605650392877	0.356544385616526
-0.179418862600746	0.203793901986028
0.184006283672444	0.229884835076811
-0.809772876562948	1.13961688820766
-0.110307207459021	0.122928076307453
0.11018919594297	0.101680647691095
-0.297488428992407	0.294210687832476
0.0333798741882585	0.0215164137500348
-0.54590477192448	0.605238950059913
0.46930061910358	0.958262823443531
-0.563156367853601	1.42218279671868
-0.0917744438785894	0.125818534353898
0.0844680653615869	0.113582521620195
0.144994637840244	0.204368967800075
0.543953647667879	1.02775498976512
-0.238631932413361	0.350556399351985
-0.139983066296906	0.189271934666025
0.167422021697614	0.240249327386813
-0.353241042025866	0.619941875006807
-0.61462130725756	1.29850294277673
0.190934414009418	0.277266697501166
0.0849446714851782	0.113569301131116
0.153469171219569	0.212645322025962
0.20437608490103	0.289035651883986
0.354958396284364	0.600093467495693
0.269452559169096	0.470976530999708
0.281961167549539	0.451546138553266
0.17043916806102	0.214330023770013
-0.528753655714131	0.757366451927783
0.0609001527666192	0.0701402463819624
0.0830398394029414	0.0844625413362216
-0.0227939172450462	0.0244429140699608
0.166163116944069	0.247711638333036
0.00180591149003131	0.00184071191214333
0.0133590569113857	0.0158557080475648
0.261675853735069	0.380180461398911
0.0426898517841849	0.045795715913547
0.383012509852482	0.151775234168517
1.51365824835642	0.761400706808177
0.331929739232322	0.148479481257662
-0.16268088175697	0.0652399425341343
-0.526564537925711	0.54240854427693
-0.0740885807722384	0.0646700091369492
-0.85065257225462	0.835699790117518
-0.784679002346375	0.272511739339325
-0.46157165740969	0.273585041705093
-0.390923432533583	0.265931601955359
-0.347600853059112	0.262453496522479
0.315832815678188	0.309892693412703
-0.0129287370587634	0.0129855239367999
0.154764679511692	0.124438011173305
0.0946976007942845	0.076264413541452
-0.12511175575635	0.144938184386377
0.0562766483878613	0.0674111439625749
0.380404352585157	0.555850374907436
-0.0693998889980112	0.065199966076977
0.315165709732022	0.313704164536027
-0.228927101616284	0.232818577707233
-0.0748780146416379	0.0778752498907032
0.0104720865210896	0.00851601093856763
-0.111423784160553	0.0992694084948197
-0.398191350815639	0.472030979330228
0.0204990601119912	0.0203563545162646
-0.33927395303401	0.396874808740733
0.523052822867124	0.813410323347534
-0.229073001496875	0.320863075571743
0.0704891696128418	0.0679758529329092
-0.23917079174662	0.241529961972685
-0.457012430073144	0.495811240276365
0.0695647208263546	0.0516402299242285
-0.500060723668452	0.408348114761294
0.0284267970921493	0.0185864373523028
0.0319540522072739	0.0373879557964482
-0.0690752891648537	0.0864455988790629
-0.142248389085566	0.199737455127587
0.54455510187559	1.14521177438077
-0.242686904219797	0.389244305124246
-0.0692210515346283	0.072035839281832
0.284147806913299	0.452130229088129
-0.472807199762126	0.947710372168086
0.104030092912274	0.1303072452138
0.0164944529518132	0.0183462800869751
0.21261729969471	0.35359119286317
-0.585708044978009	1.16280789597987
-0.0741365038721156	0.086712354354442
0.195100980984052	0.274577586746513
0.110646987604934	0.152883663456341
0.229612858205164	0.333392385857071
0.0710911244189898	0.0893755599863328
-0.554713420109112	0.987816062842517
-0.139690683736571	0.146413140164138
0.0555373934975537	0.0668095323777549
0.0667595458171371	0.0800920806860462
0.600555822396546	1.22478108831315
0.335274297272877	0.561238734535165
0.139305899055639	0.186909563625115
-0.73596837605035	1.5581263369815
0.00759649943447475	0.00929582805833375
-0.267719688350007	0.429774760630121
-0.0779014452604255	0.102745323360851
0.999959602637411	0.476983981874915
-0.34219330017179	0.22173624664706
0.299246726068391	0.291027969523805
0.350287654268523	0.272543127481973
-0.151354192368995	0.11173502906541
0.472827357432236	0.166462099744829
0.33450050786969	0.149536118113917
0.0962911182505424	0.0486140364372485
0.358357531695468	0.254802053391484
0.601861377238026	1.00852750422981
-0.00277180521937856	0.00268094834233098
0.700590046175695	0.659839134042861
-0.177606745608424	0.129928743663463
0.0552182460512747	0.0641736146685938
0.0702357250213187	0.0777902283177831
-0.0920080087145351	0.105834873302953
0.361145355744215	0.398746377334743
-0.436397065662424	0.451831240254901
0.50810844826598	0.626292169893348
-0.0770418535432812	0.0662160208243722
0.418203474096238	0.386338369629321
0.159767458371268	0.134911454445491
-0.440682434805348	0.440778635215761
-0.257495898090051	0.310807646882671
-0.0881390160750968	0.0832646167512706
0.135763849080401	0.133758529087426
0.041824595241461	0.0347294304232764
-0.12697089958266	0.116693377505128
-0.693579426855121	0.695561160157607
-0.225551284955871	0.330482556419718
-0.10236220029344	0.157427003303313
-0.0491808605843638	0.0749612286572263
-0.0537279611451959	0.0707371414377748
0.0687023637542305	0.0967705658923474
0.135324208162123	0.19229718570158
0.0443744262691742	0.0570643891148154
0.217663754770801	0.309895819348932
0.121020597912049	0.160750583859277
0.663527551112079	1.83770594756754
0.0628119715456124	0.0782184661013025
0.181241230302478	0.274268978642607
0.0182183389294863	0.0231604473434781
-0.22118404056122	0.300224030059851
-0.105168815027181	0.127263935677543
0.167871265230604	0.234760734586976
0.241914423492817	0.372463546940794
-0.0715481015929237	0.0995964273244797
-0.0656217607470578	0.086344742345245
-0.0550370687979516	0.0639368350035192
-0.0548584446683532	0.0643562996512703
-0.0781453904158148	0.10400448728327
0.48588362084245	0.979333804891343
-0.114277187465072	0.146063963419856
0.324639774507402	0.55661102969237
-0.23648552377655	0.355737253329838
0.304579666261059	0.499257725055446
0.0733640111078501	0.0941972739660129
-0.157878881197982	0.0652829626344553
0.0910185204364768	0.0307314505798884
-0.423174114221579	0.382852819374385
-0.376335920875362	0.42191756592843
0.2328349929079	0.189918737279565
0.740634688827162	0.403924106993982
-0.608376488223651	0.399094992525505
-0.297527137130972	0.200128437671495
0.4161501639308	0.388227690835719
0.522535771415037	0.980260975903613
-0.26099420553557	0.338325594967565
0.122855033469844	0.152364637022975
0.535375176850183	0.670962937434836
0.238313030029507	0.152640590843926
0.547186513486421	0.398697755493054
0.543883163845007	0.506984736333835
-0.494646892228162	0.799322160844401
0.448260220319323	0.797797260976255
-0.193124765769234	0.242940798423721
0.390581998751826	0.386885670513498
-0.317609357241551	0.277346291154427
-0.186182140603858	0.189923830632734
0.226570543328827	0.307506395803937
0.88363846260262	1.34024932734648
0.165636743873963	0.145148937161824
-0.348042009854186	0.371001185041907
0.100265022793724	0.105879537249545
-0.0145916300692125	0.0133360812927912
-0.666929569300671	0.794159385388685
-0.084651440939155	0.114693728472182
-0.032951298883128	0.0460020275243464
-0.383721678261179	0.769114795962431
-0.216389758407346	0.339255020979572
-0.00625657075838875	0.00762843780310774
-0.0661235683915929	0.0879921995355178
-0.230939368330903	0.296650463893213
0.238480351536555	0.333400831792781
-0.0642862739142358	0.0766890212258033
0.186735161865231	0.274389122468213
0.386178021676208	0.616101163781645
-0.0522320077516007	0.0640156232930911
-0.113935134814384	0.156281565990533
-0.0914085500077988	0.107577260887312
0.0820174451215031	0.0889301909910897
0.197936674717428	0.282374733176645
0.429379595253541	0.813471101318792
0.650245654734739	1.69143683502649
-0.16189966683127	0.207746526575869
-0.0432699333656632	0.045283624893801
-0.102396763769216	0.142030913125527
-0.0380908602943707	0.0479481848402055
-0.148667495722342	0.189442845861861
0.0976889023361249	0.146334305321329
-0.638857607720444	1.21793898313989
0.0708259981022799	0.0923069449527725
-0.0531755621428375	0.0644066170731074
-0.146717170287112	0.0587314839248336
-1.28067423441446	1.96508274169786
0.0209011659836427	0.015978067559213
-0.273792672132074	0.21225330174286
-0.207906812894368	0.0770103163146509
0.619263766806978	0.514746474817361
-0.301715250334718	0.232104501212608
0.803468530034985	1.09093534385652
0.324515624476358	0.378929979857428
-0.27239469882439	0.367406233617712
-0.47002834620184	0.737340978842156
-0.305628522803197	0.327617983793981
-0.611250513764248	0.393056238954811
0.126646996823975	0.0884525256312247
-0.0113791789787304	0.00785710635860334
-0.132262022879951	0.141436117263218
-0.18325406138053	0.238204688942583
0.223915337022149	0.295099071941186
-0.0221490833040276	0.0172671043284111
0.566955654323534	0.602792666594621
0.222580357081305	0.245200100127544
0.857437318185328	1.86460008211214
0.9044945821957	1.16056312284609
0.585237427360239	0.61545404590264
-0.266998404587938	0.252040368260181
0.28923384349872	0.316184079190922
-0.292271994864375	0.332861563661229
-0.178424602694836	0.300307867039918
-0.181825380428693	0.309201565019293
-0.361011498092489	0.805386571136872
0.0615314469536599	0.0752578342404098
-0.315607228088445	0.569621875277485
0.102970230704774	0.13696180497734
0.187402735790119	0.260587440486377
0.357849661757801	0.631652982084748
0.582591795725077	1.37013296032831
-0.0794860499908122	0.108527812107137
-0.137446564901703	0.198533885009983
0.644045871545726	1.52089357638939
-0.0202281321221405	0.02239981791317
0.0693597899591256	0.0826529842849149
0.361531987165271	0.688459648840792
-0.00515510050731108	0.00596932782585737
-0.216454457748669	0.298518924419989
0.0322092979564451	0.039361164331022
-0.172912789662334	0.227473137851257
0.396006425759006	0.728107177372273
0.0709960970243626	0.0924490558953579
0.329449833999072	0.571146182944659
0.0268613928289867	0.0319357131176957
-0.0770589981523292	0.0996862796677821
-0.0333548095925937	0.0414987504889634
0.0491814449538341	0.0628850068592499
-0.26881677237016	0.272861645605333
-0.65197026583109	0.779933015265416
0.691661424072808	0.768538055958629
-0.118557521098944	0.0529758805802736
-0.185844576249198	0.10735922362666
0.740600732573729	0.668556847177847
-0.0893274954475268	0.0579544625798902
0.717096276888943	0.81422065933723
-0.192305678317053	0.240325877138449
0.215165465618835	0.314901037422892
0.184731482802654	0.220730926871246
0.187050023342159	0.201058449788202
0.0215043485685891	0.014119330163792
-0.399903596119957	0.289456178108383
0.014505247285357	0.0104440406874293
0.441973379266698	0.715579649629129
-0.431209777588611	0.737308675566205
-0.185835223136888	0.259486791995506
0.49099888560936	0.580636772321922
0.547224946790346	0.679649873521426
0.795073236198795	1.08992435687767
0.230718314337908	0.218231390920384
0.26960731641805	0.336277494746619
0.0836596387674564	0.0825229806418862
-0.160577447918013	0.270491748098453
-0.296042626729946	0.627185923192331
0.000644589847402262	0.000961106838059195
-0.180715083179638	0.313588429728564
-0.192324769498541	0.309078005438822
0.471740132045842	0.942144736791228
-0.0418468298711375	0.051600594644423
0.450095017277328	0.847569114600424
0.182978849923256	0.271049499062799
-0.199037932922171	0.314816057870713
-0.199522422794837	0.319314118858046
-0.245872649499318	0.395691693443046
0.47162785730986	0.891639514068402
0.311146058314488	0.515557627041115
0.626205120562341	1.44607973251716
0.241441108226598	0.405645799735578
0.0552587985861703	0.07323988327551
-0.157626295813829	0.220580941853675
-0.363487401035438	0.655747532738527
-0.0886977853629547	0.119618272430908
-0.109862937631061	0.151329012638615
-0.280358432234782	0.473641886083272
-0.200615101507895	0.318814411064446
-0.16627602329078	0.27054619271881
-0.406312057153969	0.448328529103158
0.44599610773878	0.380347360004934
0.0799823377282441	0.0295612073716565
-0.585802186030424	0.235276241265227
0.242214325129051	0.160269409331039
0.507419966628686	0.511345096233709
-0.169069566926423	0.160555527638841
0.219438704657595	0.31994282348572
-0.490238806138724	0.875269024617581
0.00243766265336646	0.00277755645778096
0.0776879238316619	0.0713794343240566
0.706573053370563	0.760570013677262
-0.117242624727981	0.0875195245208101
-0.479440136690017	0.426859954062414
0.153062979013141	0.208662852761832
0.754488318154573	2.03984503493059
0.449403961711479	0.835359150038062
0.58551049614336	0.783907076516438
0.446601638621695	0.481885305558889
0.362414089988188	0.398854039291592
-0.0541622210058994	0.0608118622186897
-0.071116704459149	0.104711122409374
0.0247923395124358	0.0339496908749402
-0.115264194078815	0.153559329161408
0.126820717624541	0.18095721470707
-0.0296028930100192	0.0355837000272226
-0.589924017813233	1.16439678844
-0.682189003775445	1.38411558282476
-0.0293647114591087	0.034532602255232
0.161201634054925	0.226856800942503
0.212183918189152	0.306386698847757
0.126110880238326	0.173372942359416
-0.0324085312567231	0.0375048112556983
-0.501612188696287	0.964033494585033
-0.497504371230716	0.822327351327281
-0.0301497996156837	0.0320471969392205
-0.06255639741808	0.0734710116581223
0.0729332991791472	0.0930165622435041
0.186639547052227	0.267425164854381
-0.213778603321945	0.288437020163686
-0.113407699618051	0.132940177546495
-0.151616250188725	0.183852919604235
-0.272199225744515	0.383273425828954
-0.184406005912631	0.206256485237952
-0.25345394147803	0.361335169196468
-0.275531007010264	0.484673215381732
-0.272399372797352	0.306623347412058
-0.757563131739707	1.03939058197997
0.0840990847923158	0.0321852837786214
0.901549256801434	0.589597041513306
-0.318614188433669	0.258595919273047
0.32150474781947	0.308660161396349
-0.326134805772593	0.325973736084891
-0.353929406575286	0.592161733273565
-0.11653757168523	0.144799971681421
-0.263924575715563	0.406923280175831
0.00376472320970402	0.00343327001388077
0.65659064868478	0.630502812789818
0.164227257671867	0.136169808999793
0.327039305117964	0.300160689859488
-0.167402035188448	0.223503086193821
0.112059897887225	0.129515794616737
0.264991186895007	0.421135890537758
0.491003239466442	0.573077316870968
0.549551021324676	0.764246011030931
-0.870223741176437	1.98685215705295
-0.166095040710544	0.220497221179742
-0.290887908119582	0.438563554146013
0.206082735508092	0.314435490003556
-0.999904847365095	2.32441873701448
-0.392328167550291	0.562518383801181
-0.145671678455082	0.183222465127092
-0.29288751517781	0.453642483897921
0.0973550294152328	0.107084306458847
-0.195463646325827	0.227496308142757
-0.841095381042284	1.32171788475597
0.560004945288365	1.01201751361999
-0.532874063151237	1.23398320103377
0.0800469497229994	0.0968870024009601
-0.379641791976529	0.412338767338028
-0.073970255394248	0.0663499338245025
-0.272716028066469	0.362273081332195
-0.590917088052917	0.996340171491367
-0.299874436786032	0.380966625417107
0.0656166221897152	0.0697141928261553
-0.0427656406591814	0.0382331782327689
-0.066829392201853	0.069369780685964
-0.176729824813719	0.171670478212558
-0.814405269815304	1.33442744286237
-0.217950136407837	0.188391575421145
0.384047753071189	0.25711379678245
-0.167297120077752	0.0968971755910555
0.594404951380883	0.701497371408262
-0.418188818279625	0.408627441646713
0.381510822729797	0.49789448650633
-0.241841702934227	0.405348126558016
0.130690655056534	0.177025237729241
0.270060929062278	0.350539369084561
0.453784821139239	0.577311446032014
0.102450146656966	0.107361376743381
0.103443380002971	0.128899495047953
0.143576755657652	0.172093066921461
-0.0885978842652243	0.0680929974966761
-0.301971339486863	0.345702617055406
-0.982269403582369	1.112293459251
-0.16813423838231	0.255413713703777
-1.26557669467394	1.50449378426062
-0.7477407604478	0.604109349740378
-0.552035991500988	0.528600015879673
-0.687919339774078	0.623317532320931
-0.48749480121412	0.76108391102005
0.49230494003548	0.972634708554387
-0.211861132966901	0.125144790769451
0.000300659244170001	0.000115998078026103
0.0113470880050473	0.00689084367347613
0.000962301532919423	0.00074750893569762
-0.287556485148383	0.244544550850588
-0.894708015880847	1.09236052296201
-0.0932256577981782	0.102586347855613
0.0346604613629663	0.0376085112163212
-0.130904882416185	0.195103068549928
-0.00586037026782804	0.00753451397979703
0.0250549608018714	0.030266229106292
-0.271917187711103	0.441226011801113
0.0471825479160179	0.0622372681754024
-0.349976092614338	0.39595047573728
0.497865386638243	0.591200314827668
0.0864395756656776	0.0680206199045899
-0.0441477491781135	0.0343258064646411
-0.701798089325849	0.80045012147519
0.00541124987740826	0.00342966681123822
0.726183360777122	0.865875475524771
0.67678720075609	0.988339358211911
0.513856477917256	0.902124188172909
-0.0215188191052823	0.012516721641288
-0.254101020664484	0.178183367269599
0.993294524949644	1.04083358902224
-0.139074760583534	0.0877401892760911
-0.599267244982856	0.51110716765063
-0.669045195412742	0.582193104975809
-0.396193174523587	0.297023286139175
-0.243656702720587	0.212222893740674
-0.665816046437198	1.11865378557975
-0.328531648373749	0.450822994293132
-0.715648412254561	1.40242411319567
-0.400901496955254	0.821855785193565
0.10079258566312	0.130673200317823
-0.179411053346169	0.251086358329369
-0.336041617767993	0.497760436943017
-0.209460494328199	0.218330341601757
0.0132709434128364	0.0101009188938129
0.871491364632308	0.957955095330309
0.61993239579233	0.961621209408494
0.558776977859236	0.6723411719378
0.877527307397583	1.06037289252954
-0.548118845915201	0.508326885426555
-0.341538359536556	0.254751730043967
-0.044723204902304	0.0402293753615742
0.431812957939431	0.578092593794973
0.0379538304232089	0.0258299997026942
-0.0162381900641001	0.00936487121986422
0.111904750981488	0.0644556457355443
-0.524576464872268	0.4506738609353
-0.410893094592096	0.40417943696625
-1.61248404274895	1.50195463432946
-0.293706362248388	0.198183842910619
-0.562160496287558	0.436254747011665
0.0284882301880534	0.0180838721871726
-0.296235298341439	0.302215250467744
0.256391523645746	0.362924531968488
0.0552430128746764	0.0604747179918791
-0.0967935760398352	0.113385305226792
-0.238521002737369	0.334409683495189
0.0266908606470649	0.0238736414467267
0.166973564092258	0.147740862756348
0.422073246185195	0.486876914934309
0.304509983131197	0.308859480108003
-0.258388085836612	0.137388822889675
-0.040941061466817	0.021911549328403
0.360053861000974	0.376718334914501
-0.131253408868254	0.130757333726164
0.648295033974775	0.417191739958366
0.0967678886239231	0.0485882954932474
-0.710789715535932	0.429810454263611
-1.10652628488442	1.11528402823549
0.838841422587351	0.834974726518442
-0.526412571444194	0.365291137858233
-0.600875918293342	0.39017883621525
-0.402450062519811	0.238939959898822
-0.00813804814656468	0.00946880331716988
-0.0565262151312344	0.0693342331690092
-0.321670428230379	0.633114672904597
-0.427678315018079	0.912076107004873
-0.485396753738603	1.01284442245429
-0.481334439676765	0.709590603812168
0.424931064138594	0.373938431968262
1.46930512480117	2.13201524493293
0.472176354055247	0.845040171285051
0.488443982618751	0.385893125460724
0.695720949619703	0.652177389906523
0.0370300340124867	0.0339588306442283
0.640050392875669	0.293420069610486
-0.396418402651171	0.23759090820371
-0.464571202976855	0.271677155492563
-0.0288014611586685	0.0262811753136941
0.84003156085179	0.752544981609143
0.243009475600856	0.159000282953028
0.0967159543415504	0.0520216686003465
-0.742735494805827	0.581791134012409
-0.44157946326291	0.879181295817785
-0.132558671543655	0.141884143464454
0.0880635441758291	0.0303830587493939
0.256631080241446	0.147860359859362
0.095579307098817	0.0283759808348263
-0.147484051046672	0.0591054742471415
0.636221045762256	0.301173135071298
0.0540168530125732	0.0511176726966953
0.256908553483746	0.142349622348903
0.383835023262217	0.155730893895936
0.0943205651387505	0.0403893931577479
0.631959957482954	0.298607007805695
0.554589229580168	0.284575320247645
-2.34029733087391	1.24572126915907
-0.297181590844186	0.150395006562509
-0.285275586931952	0.0958290123214358
0.0434439363890371	0.0352010625120841
-0.209944467508675	0.078233431212157
0.443337349214501	0.273607014163422
-0.062207184742947	0.0320297378159062
0.555015981791859	0.273443439163484
-0.452936415913243	0.193775541175688
0.383762323054609	0.497687103959718
0.336631962495699	0.152377168178396
-0.451430116050531	0.194887253736162
-0.830572144801129	0.385608535071513
-0.0613238702114818	0.0311655645156666
-0.849259646872568	0.483995122795388
-0.190161283454337	0.20380875038349
-0.445278258991797	0.415433678453416
-0.154844864843488	0.126774072087523
-0.283380656599009	0.298264050097619
-0.0203091235049236	0.0213874781876785
-0.246980260648959	0.300821894055585
1.81487080175716	2.46406614611576
-0.122574538266264	0.0909654939938322
0.183113442340512	0.163769591230536
-0.352526272934223	0.301021040213527
-0.00771920931982771	0.00615951518183667
0.264712094082536	0.340297694594812
0.751969443390241	1.09640297659582
-0.420280738738048	0.414330159056664
0.644836248555591	0.855553497249192
0.0819246183829771	0.0965328727145708
-1.74112570307635	2.44030689310468
-0.120397295399118	0.086781009305551
-0.427220995113915	0.47639573583907
0.0176862261559713	0.0172362075429933
0.179587531794235	0.206535695196081
-0.0969968653095071	0.0736404208740159
0.960392651229667	1.12521936668241
-0.231268368286433	0.185669460708076
-0.0426984646833356	0.0291660911533476
-0.618824776394563	0.598272044471795
0.519897495928976	0.910447114865318
0.176418176579752	0.171352297415449
-0.0625989879771663	0.0422649320779846
-0.197314438756424	0.174867969113788
0.726758946097792	0.868769536944616
-0.766784347871361	1.08262829704903
-0.0581847003758966	0.0708280180113689
0.0927437397672172	0.114297081066408
-0.0780004953643686	0.0870959122768126
-0.152897591702695	0.126674388637683
0.0274781702755705	0.0209240261423522
-0.147814126607199	0.174762515534214
-0.0172141368021446	0.0122906743551864
-0.0465804356900907	0.0327034154081315
0.147796684060179	0.113010119371731
-1.19299806679697	1.68608101857337
0.151863157501693	0.154918076417099
0.26985504337123	0.358262492040364
-0.981104474798484	0.720558124434269
0.0192129731656892	0.0144677438603967
-0.916813765560173	0.971959107244407
-0.355760461213921	0.271771051994681
0.947048545139126	1.18305703058661
-0.21500549808864	0.254280123657201
0.930962752295352	1.43718331787582
-0.227085983467219	0.1990349567324
0.408339735467564	0.388828139438966
-0.45103905815548	0.438294726137626
-0.247700002193763	0.139482944704855
-0.21118861182807	0.152119009563391
0.555462564172887	0.486446874721954
0.239881818222765	0.163571636389862
-0.0550562904990857	0.04345631574701
0.113204932669229	0.133172651938876
0.358279534445527	0.576089602563427
0.0626832689960268	0.0748228998654321
-0.405704334603478	0.470425311110901
-0.403274571672982	0.528337692591611
-0.386008903142448	0.349246094954008
-0.433962317917118	0.731889780557843
-0.370827823503092	0.542850257697505
-0.6968943003025	0.793056309626214
0.111227603020661	0.069783329891182
-0.532371367909072	0.535263131975338
0.320860196302952	0.28199711545371
0.423269855708448	0.647291760157767
0.38320952132866	0.455451687612884
0.236916100046102	0.167535847800479
0.33134861795512	0.280659641995064
0.145062307783527	0.107488264964482
0.53723834424525	0.506665803210965
0.0964766334948536	0.075944202708289
0.340212217742073	0.496604913512211
-0.26486833265006	0.251440837613605
-1.02656765793619	1.27477390919464
0.421919593976712	0.382487780301469
0.248107503064786	0.169109919597213
-0.309691586717857	0.260191254170941
0.0413330156489661	0.028452970203321
0.232913726027619	0.170736259821892
-0.162725602227774	0.118298079100896
-0.241926387099869	0.189081273329604
0.930358470272326	0.718704190452047
0.409735387495015	0.63312598292086
0.109756234372556	0.151434166163657
0.264106396287891	0.446452075949448
-0.31337607928372	0.359546674689376
-0.065625359085423	0.0417822905004786
-0.399359504809679	0.589540283853132
0.508038066240316	0.672104388178494
0.467723957727543	0.386340616533486
-0.56885124725548	0.442098792558741
-0.250650841132689	0.175795538779823
-0.527466561852415	0.447504946807841
0.379526887558099	0.489301490091829
-1.08343022405137	1.98964103047114
-0.211596711181022	0.122964636752841
0.234546538784437	0.17898673283075
0.123945216651415	0.0840272572763484
-0.857827725053853	0.755390916903599
0.378391015901959	0.255309970598862
0.0174025060669199	0.0149399475142651
0.23788242078814	0.162661601297157
-2.17463495118753	1.58072033694467
-0.141358520915114	0.0909738283981601
0.744235913505369	0.76143485379186
-1.03422543596829	0.990813128104818
1.17352642458311	0.999415638914503
0.112371449338123	0.0730943836558515
0.463870778717343	0.388343732053962
0.237033320991617	0.189044251468928
0.118544224815869	0.0740670361288475
1.60035493465669	1.44724797925633
0.0804311030138771	0.0620417721392093
0.188638299039068	0.22879506271357
0.643535587682593	1.05699367791113
-0.171436951595509	0.134611727694471
-1.47528473330359	1.79246578092003
0.244467361940385	0.151025820629237
-0.822839342780464	0.925092681587937
0.144111967656888	0.150174005090058
0.521949844926166	0.739854622365728
-0.988511524077106	0.738183729317338
-0.315131075010131	0.232625290929526
0.146711233911778	0.111400541441961
0.664371276210496	0.504658812623893
0.134989338181202	0.0973878366998745
0.152816072875277	0.174041353359302
0.152692536725072	0.124262877176036
-0.147484219299548	0.0911399411201266
0.00902971469660471	0.00550771672798442
-0.393273181277512	0.248765684164468
1.1912447426083	1.31729532017607
0.896413502768043	0.840438721285208
0.37384470238693	0.274424014596595
-0.346138861296708	0.219634340778741
0.47739162525926	0.367078926422665
0.493371269828769	0.823937155468152
-0.294852469133351	0.196252550899869
-0.406424859933245	0.234275866593871
0.13149613473596	0.144214872412259
0.658734147256078	1.06265567944394
-0.461756275951195	0.325912448213813
0.390477137124661	0.269576051129924
1.41417116691581	1.32093266865117
-0.209898776917903	0.123844425789396
-1.07176549932384	1.7943455534361
-0.0796151526015468	0.0753506484204955
1.04784321155944	0.741048465933505
-0.467718658727099	0.25739463094436
0.552178411266679	0.385395692047881
-0.302813611937883	0.155273146681809
0.0874590973375216	0.0361562449787363
-0.555068275394247	0.621997877969804
-0.400087776505126	0.285137672762468
0.0949123247837632	0.0398483974971294
-0.66636668361156	0.323163274772275
-0.303434250411386	0.155461439045549
1.00614621920852	0.497723153844463
0.340673418066856	0.154955276143455
-0.120179141239869	0.0539347378396735
0.0929482856739525	0.0359666501068592
0.27870570824537	0.151843231187284
0.757429864891264	0.304712628265483
2.0651462886344	0.904350301026001
0.148782546504798	0.161371211317491
-0.0339206173613842	0.038442157253963
0.145800072079498	0.231305815176269
0.570152106637923	0.979954024449915
-0.584132151083112	0.232409523311296
0.276652100303356	0.146780626526474
-0.207904330789092	0.275761613795642
0.755138823639318	1.17731978290756
-0.116018301027623	0.0521049152262973
0.0924489677311661	0.0317142458206075
-0.65731518627677	0.167926311118685
1.7223336552348	0.969614564978455
-0.170922426259951	0.137442096883677
0.374358861123158	0.40698028260375
0.123976331196576	0.0321704885802751
0.379056329190259	0.401052878951632
0.0901941132362445	0.0308407942379423
0.0819738573293367	0.0300069757625887
0.0903478165146986	0.0345751529399884
-0.837240055663636	0.373335654573643
-0.153004410472108	0.0567863165748169
1.51070508787369	0.752996705440341
0.104979128228455	0.0304386465725484
0.328490626051639	0.141005323956505
0.464211548359431	0.16178842853178
0.851910869091114	0.424997512885052
0.761391261254977	0.321094987246915
0.23032911000895	0.232381839145633
0.388794820262361	0.57477705641863
0.0114756490632616	0.0100789660221315
0.0510987551051397	0.0750102083525853
0.0485900493703888	0.0406752033846927
-0.0761154196982544	0.0926146458372149
0.798038677189021	1.44093641824548
1.19671703152773	0.807451725185584
-0.395218992202507	0.117352559140598
0.388837641170098	0.159147929071506
0.103397659411559	0.046987946582471
0.235626742718279	0.21820744402889
0.145941874153658	0.169872651127705
-1.87083506392157	0.799330750712119
0.33630623289471	0.147531539005224
-0.1550471859295	0.0645459715976882
-0.1998444153514	0.222943019568543
0.302965698732124	0.14122780170011
-0.0912840600507633	0.0443999522690034
-0.169227387414016	0.103145809987581
-1.04260589692092	0.528673935514298
0.551151002038463	0.280526443322686
-0.117213149110587	0.0509908369887432
1.5175334559193	0.735060383393188
0.635784520261636	0.285200600868948
-0.45565943468287	0.241946943490029
-0.454799041442354	0.195348375479326
-0.28100536854856	0.0967870177370662
1.4674139745966	1.12426605624421
0.451347653054513	0.756065426310706
0.369979107617459	0.488029683745193
0.343583932637059	0.678483180460795
-0.244480595078131	0.334998993221197
-0.20296751958087	0.281557558661397
-0.211045989478673	0.407204527313681
0.308016463632914	0.403054385620673
0.0976618076302577	0.115902181685875
0.242206864763067	0.390758921663487
-0.190883867201668	0.201343445339181
-0.850069444470583	0.753652744342081
0.264309231334587	0.366778094760707
0.0994590864878337	0.103565798055426
-0.0448734753219701	0.0307973309230864
-0.984382588625772	0.714657139812764
-0.550016370283174	0.301552015218659
0.0870346463908968	0.0368247930905864
-0.475466026028202	0.638380731510178
0.265347993059512	0.312338500926393
0.0933462140456815	0.0395352713627891
2.09367585754241	2.62266161191292
-0.169480240685144	0.103485128721128
-0.654182600115942	0.161467673167478
-1.50175269866899	1.57940392587469
0.2230829512211	0.246704829283015
-0.663871520747154	0.327753495445542
0.103183965562644	0.0578485354572085
0.0981199341194041	0.0460144076543864
-0.661489012778326	0.330240966294842
-0.0642960034811726	0.0329583723867534
-0.249040630877747	0.135720838696305
-0.397697961154699	0.297105458193667
2.59454183812164	2.45050937214112
0.554421465153446	0.280197716203125
0.0924228742985507	0.0398479224992087
0.232994489107982	0.160199484896762
0.431661900931047	0.864550594110451
0.219504073827931	0.278909932296378
0.0422519653315121	0.0510735302560142
0.635117438790284	1.1043245345458
0.41370188770479	0.636744549407224
0.594752734979742	1.383716326871
0.409626084066249	0.805981139993229
0.0154180307730393	0.0161662414119952
-0.562087258118368	0.521383793074344
0.414050494107387	0.377163576602374
-0.626514298042317	1.35916106671979
-0.300803195786055	0.441554526662767
0.114005258411848	0.0722136194014456
-0.111005157942306	0.0737369321801235
0.0920162834784255	0.0934133986371602
0.736488148219711	1.37889247628763
-1.28624292593743	1.00328287369985
-0.603182538002796	0.380561052193674
-0.85393464548137	0.80947851674492
-0.788335136716084	1.30165621873389
0.43708229969552	0.255486073216451
-0.20401613850388	0.119323524479484
0.39076606305131	0.27164584882094
-0.159508427977001	0.0640742777145341
0.111119027300535	0.0675186618303863
0.306233996133803	0.152910773509278
-0.0181209946803149	0.0100336208878322
-0.460008200967348	0.325941898308988
0.0953724671141894	0.0443986016486481
-0.389103238599872	0.358863543705999
0.203204694070478	0.322606318125828
-0.0757968892396877	0.0815911277251628
0.168560688171985	0.266077363196652
-0.0620019119925128	0.0913584976570117
-0.0643675317058504	0.0805556289951142
-0.23374330568861	0.416941132944918
-0.260050163137138	0.319481660073023
0.47893541550473	0.89306348201191
-0.209894179621608	0.197836820258994
0.385379768404517	0.268799041762557
-0.664319242511555	0.329663463290644
0.00800004645003366	0.00680675578038761
-0.307560228805831	0.352885353481397
-1.51167848829758	1.32257425486975
-0.254677914640216	0.136665093140306
-0.505617895005478	0.395041493504201
-0.402484987265081	0.406007697976315
-0.216208025811936	0.23459710738801
-0.648875468716614	0.485898171679994
0.12232468216973	0.0303923795932781
-0.0490011445742249	0.0251120249949021
-0.250732186776325	0.14062951481335
-0.831500587652364	0.371469548814274
-0.368919875408047	0.176327496864307
-0.454503948587715	0.200448601242469
0.0880787878153119	0.0277929067497041
-0.548186124528399	0.299365908055102
0.157424851205785	0.18430705517073
0.101234960153864	0.0854402670187414
0.181422896602406	0.220781366355348
-0.522997276983465	0.758191634067567
0.0966074844220062	0.0986038440861543
0.591006345978512	1.16037486875355
-0.11359904369822	0.0518900452345428
1.00671039328945	0.47330303624599
-2.34359598211912	1.12910593885698
1.72379153739073	0.967074067630351
-0.64270505427996	0.480370798868287
-1.54778907076511	0.842176137067824
0.103285442253107	0.0302841025552511
-0.497591715605088	0.395609319926079
-0.78548531344185	0.278311238230706
-1.17593414403549	0.3709145036914
-1.2239196092171	0.723644438443023
0.651574674309162	0.414806496753385
-1.04334552600027	0.513881329073286
-0.119220178928786	0.0537947124255696
0.376985169491346	0.146703210527532
-0.365056233714507	0.176242143041049
0.303232333513846	0.148950294399319
-0.154447662675977	0.0641808670056271
0.0854756234850317	0.0327830048433171
-0.117153877386206	0.0493122849049862
-0.855312904600371	0.654553198481807
0.833809226062391	0.924839747000785
-0.0173233127873484	0.00997814254540452
-0.141677452803267	0.115909119504507
0.444162795726545	0.499366611183964
-0.124156663488869	0.0542008977289104
-0.151430417536553	0.0625750122800197
0.271230785653158	0.140292322126043
-0.106986417912472	0.0821910344835542
-0.00399511998165065	0.00239289864617818
-1.17756196347236	0.360030201558138
0.543912703181599	0.394982299772323
0.02904631700797	0.0181889262401112
-1.08524461302572	0.448144265405579
-1.03174696898283	0.504550651213994
-0.367735756586034	0.173727298234492
1.9123003105037	1.08213886145298
0.103185006930197	0.0305707752832542
0.111313191244536	0.0628408801150853
-1.27975579988019	0.943705830228242
0.835677913178783	0.424339693201862
2.50303648437863	1.38736016098901
-1.34080199637654	0.627381745115181
0.0966939036744736	0.0395548700128271
0.807255206743647	0.560101465140889
0.465679133382833	0.170598864403623
-0.457380704019731	0.202555844051342
0.391326712151616	0.154850400054201
0.54972870742344	0.3709843700287
0.229412771997795	0.248840293338506
0.0412109952461563	0.0343576010724735
-0.0047058397309251	0.00387923942958923
-0.160921096086867	0.11899203945516
-0.526412571444194	0.365291137858233
0.0956347470351567	0.0479649452580563
0.615250614627185	0.194235280357882
-0.657702314345271	0.327924776727781
-0.210593775670832	0.0783678375381497
-2.34029733087391	1.24572126915907
0.0959585771896363	0.0440644774154138
0.790220745200053	0.52816787625617
-0.285260753813349	0.0973870046642128
0.46638197959005	0.171492856136262
1.21049511869255	0.647847850716796
-0.394438559044978	0.119807256282002
-0.276852399294566	0.0927923372020062
0.0901941132362445	0.0308407942379423
1.0036677986495	0.49582267843029
0.113870604999086	0.0274750255169487
0.416911302878254	0.464387383370442
0.515101096502627	0.676550498850351
0.118418667223627	0.106793154644149
0.5238633313414	0.5919432144479
0.1059936428957	0.0637274585257848
1.0036677986495	0.49582267843029
-0.661379432949713	0.164520081151173
2.74611066738531	0.81994201914086
-0.657392185827201	0.165268089701776
0.467905527797582	0.168316179247348
-0.857235673729041	0.682972318283481
0.123976331196576	0.0321704885802751
0.919169589288512	0.253262641873265
0.104900312130082	0.0315424460194993
-0.392804209152594	0.116893234785917
0.433741444293909	0.378388197780161
0.0997458999507606	0.0288935832198207
0.0889362701360717	0.0409159917776426
-0.0297627733883467	0.0159207058906419
-2.58558390776956	0.743326333733362
0.339146758505969	0.153380923211097
0.100920675016912	0.0300396418178653
1.78516602975978	0.631094144052424
0.08411452832653	0.0281029800068727
0.101728333238819	0.0296388416125892
-0.279058466876466	0.094072559363689
-1.22812215029491	0.69972310738668
-0.043523171508475	0.0239827119381277
1.96048854087427	0.506380448177604
-1.18010938144518	0.361863679322192
0.980362245326679	0.381549299599289
-0.65731518627677	0.167926311118685
-1.34156884242418	0.600974203038057
0.0908921417745456	0.0304172511742669
-0.780316056609353	0.286242209067478
0.09105371886668	0.0383779251319336
-0.658213786449221	0.169205854171519
-0.581830152059278	0.234765102071671
-0.209111432031922	0.0799154240759525
0.119758667615109	0.0303981902496583
0.0840886830532353	0.028853322386182
0.734027625075941	0.552551842661242
-0.452509870613015	0.198370265595746
0.469906742889061	0.165022192894233
0.133001746506622	0.0266815972730519
-0.207815693615207	0.0789923894510562
-0.20772405248942	0.0788926191852518
0.32846796025721	0.272729166719852
-0.778589768775892	0.274860975765651
-0.457380704019731	0.202555844051342
-1.04230168925147	0.549712780146479
0.0209945107600368	0.0127576569974582
0.757736629309274	0.324144509539724
1.41626550166476	0.466149804352209
-0.586536604574653	0.225506044046811
-0.112986138065551	0.0747269983956424
0.274691924176376	0.148047332452198
1.4750093593099	1.21427767452051
0.234825072805225	0.185055717335567
-0.542840541349738	0.295939670088879
-1.52815211086487	1.08054488378335
0.0967253605059596	0.0505517732056246
-0.468082094368933	0.519711491576431
0.304001895351458	0.149098987780002
-0.202887202679086	0.117945898671497
-0.461636318813381	0.261804657665564
0.483014747079747	0.246327701941798
-0.149898182670416	0.0617608693590093
0.529076755896635	0.606863178314457
0.88808107468162	0.54893961377625
-0.158478971143183	0.0659657454524356
-0.457166708962104	0.322127282757995
-0.393907405542181	0.288185654598259
0.306002922581919	0.150564366081843
-0.307328337495356	0.236749932165685
0.585768719289991	0.683107341237682
0.250296794959039	0.157286819807466
-0.0604896394540647	0.03169769077491
-0.851117215981693	0.717962813501014
-0.0384648087479993	0.0206496552654976
0.127520941798566	0.0880147015493872
-0.14016129658039	0.116003336169593
0.460733682447645	0.491239849139532
-0.520853552700847	0.540949568063575
0.295546178565081	0.291158814816162
-0.154405730794468	0.139416443921693
0.577168726348741	0.704557258009964
0.11206641019588	0.100125857344183
0.104821676596721	0.0940698299170066
-0.382602691515181	0.469729432357838
-0.805574641693249	1.21060558963269
0.616451241811631	0.736503835717406
0.0725726406380899	0.0551907790924616
0.399952160458028	0.477901155370508
0.483780629871786	0.657731167117956
-0.321570531658911	0.360090043357923
-0.133537194477857	0.111656984793846
-0.357368658777902	0.423222825163344
0.102879621327906	0.0930757316231316
-0.282888971806496	0.277600420115921
-0.0209003116768896	0.0147750540102055
-0.650140617899661	0.745554379308282
-0.233352532763915	0.238962548274435
-0.671133229673761	0.835779054659646
-0.0346521696448334	0.0273633011131569
-0.0583715546852537	0.0517530182219081
-0.311427672990915	0.266585806070547
0.706329478184101	0.728702078507388
-0.353641762725144	0.374244832071938
0.0992394026156084	0.0852047636405887
-0.228969302779756	0.196697632335388
-0.0551978405403033	0.0437942728871742
-0.200457718751006	0.161602978596191
-0.0740554402055511	0.0535584134723588
0.00545175493672603	0.00400277420782635
-0.102911692533949	0.0964903683530683
